  0
SECTION
  2
HEADER
  9
$ACADVER
  1
AC1014
  9
$ACADMAINTVER
 70
     9
  9
$DWGCODEPAGE
  3
ANSI_1252
  9
$INSBASE
 10
0.0
 20
0.0
 30
0.0
  9
$EXTMIN
 10
0.0999772222222323
 20
0.1000477777777778
 30
0.0
  9
$EXTMAX
 10
200.09993
 20
300.1001533333334
 30
0.0
  9
$LIMMIN
 10
0.0
 20
0.0
  9
$LIMMAX
 10
12.0
 20
9.0
  9
$ORTHOMODE
 70
     0
  9
$REGENMODE
 70
     1
  9
$FILLMODE
 70
     1
  9
$QTEXTMODE
 70
     0
  9
$MIRRTEXT
 70
     1
  9
$DRAGMODE
 70
     2
  9
$LTSCALE
 40
1.0
  9
$OSMODE
 70
    37
  9
$ATTMODE
 70
     1
  9
$TEXTSIZE
 40
0.2
  9
$TRACEWID
 40
0.05
  9
$TEXTSTYLE
  7
STANDARD
  9
$CLAYER
  8
DEFAULT
  9
$CELTYPE
  6
BYLAYER
  9
$CECOLOR
 62
   256
  9
$CELTSCALE
 40
1.0
  9
$DELOBJ
 70
     1
  9
$DISPSILH
 70
     0
  9
$DIMSCALE
 40
1.0
  9
$DIMASZ
 40
0.18
  9
$DIMEXO
 40
0.0625
  9
$DIMDLI
 40
0.38
  9
$DIMRND
 40
0.0
  9
$DIMDLE
 40
0.0
  9
$DIMEXE
 40
0.18
  9
$DIMTP
 40
0.0
  9
$DIMTM
 40
0.0
  9
$DIMTXT
 40
0.18
  9
$DIMCEN
 40
0.09
  9
$DIMTSZ
 40
0.0
  9
$DIMTOL
 70
     0
  9
$DIMLIM
 70
     0
  9
$DIMTIH
 70
     1
  9
$DIMTOH
 70
     1
  9
$DIMSE1
 70
     0
  9
$DIMSE2
 70
     0
  9
$DIMTAD
 70
     0
  9
$DIMZIN
 70
     0
  9
$DIMBLK
  1

  9
$DIMASO
 70
     1
  9
$DIMSHO
 70
     1
  9
$DIMPOST
  1

  9
$DIMAPOST
  1

  9
$DIMALT
 70
     0
  9
$DIMALTD
 70
     2
  9
$DIMALTF
 40
25.4
  9
$DIMLFAC
 40
1.0
  9
$DIMTOFL
 70
     0
  9
$DIMTVP
 40
0.0
  9
$DIMTIX
 70
     0
  9
$DIMSOXD
 70
     0
  9
$DIMSAH
 70
     0
  9
$DIMBLK1
  1

  9
$DIMBLK2
  1

  9
$DIMSTYLE
  2
STANDARD
  9
$DIMCLRD
 70
     0
  9
$DIMCLRE
 70
     0
  9
$DIMCLRT
 70
     0
  9
$DIMTFAC
 40
1.0
  9
$DIMGAP
 40
0.09
  9
$DIMJUST
 70
     0
  9
$DIMSD1
 70
     0
  9
$DIMSD2
 70
     0
  9
$DIMTOLJ
 70
     1
  9
$DIMTZIN
 70
     0
  9
$DIMALTZ
 70
     0
  9
$DIMALTTZ
 70
     0
  9
$DIMFIT
 70
     5
  9
$DIMUPT
 70
     0
  9
$DIMUNIT
 70
     2
  9
$DIMDEC
 70
     4
  9
$DIMTDEC
 70
     4
  9
$DIMALTU
 70
     2
  9
$DIMALTTD
 70
     2
  9
$DIMTXSTY
  7
STANDARD
  9
$DIMAUNIT
 70
     0
  9
$LUNITS
 70
     2
  9
$LUPREC
 70
     3
  9
$SKETCHINC
 40
0.1
  9
$FILLETRAD
 40
0.5
  9
$AUNITS
 70
     0
  9
$AUPREC
 70
     0
  9
$MENU
  1
.
  9
$ELEVATION
 40
0.0
  9
$PELEVATION
 40
0.0
  9
$THICKNESS
 40
0.0
  9
$LIMCHECK
 70
     0
  9
$CHAMFERA
 40
0.0
  9
$CHAMFERB
 40
0.0
  9
$CHAMFERC
 40
0.0
  9
$CHAMFERD
 40
0.0
  9
$SKPOLY
 70
     0
  9
$TDCREATE
 40
2459351.672691227
  9
$TDUPDATE
 40
2459351.672711597
  9
$TDINDWG
 40
0.0000000116
  9
$TDUSRTIMER
 40
0.0000000116
  9
$USRTIMER
 70
     1
  9
$ANGBASE
 50
0.0
  9
$ANGDIR
 70
     0
  9
$PDMODE
 70
     0
  9
$PDSIZE
 40
0.0
  9
$PLINEWID
 40
0.0
  9
$COORDS
 70
     1
  9
$SPLFRAME
 70
     0
  9
$SPLINETYPE
 70
     6
  9
$SPLINESEGS
 70
     8
  9
$ATTDIA
 70
     0
  9
$ATTREQ
 70
     1
  9
$HANDLING
 70
     1
  9
$HANDSEED
  5
2CE
  9
$SURFTAB1
 70
     6
  9
$SURFTAB2
 70
     6
  9
$SURFTYPE
 70
     6
  9
$SURFU
 70
     6
  9
$SURFV
 70
     6
  9
$UCSNAME
  2

  9
$UCSORG
 10
0.0
 20
0.0
 30
0.0
  9
$UCSXDIR
 10
1.0
 20
0.0
 30
0.0
  9
$UCSYDIR
 10
0.0
 20
1.0
 30
0.0
  9
$PUCSNAME
  2

  9
$PUCSORG
 10
0.0
 20
0.0
 30
0.0
  9
$PUCSXDIR
 10
1.0
 20
0.0
 30
0.0
  9
$PUCSYDIR
 10
0.0
 20
1.0
 30
0.0
  9
$USERI1
 70
     0
  9
$USERI2
 70
     0
  9
$USERI3
 70
     0
  9
$USERI4
 70
     0
  9
$USERI5
 70
     0
  9
$USERR1
 40
0.0
  9
$USERR2
 40
0.0
  9
$USERR3
 40
0.0
  9
$USERR4
 40
0.0
  9
$USERR5
 40
0.0
  9
$WORLDVIEW
 70
     1
  9
$SHADEDGE
 70
     3
  9
$SHADEDIF
 70
    70
  9
$TILEMODE
 70
     1
  9
$MAXACTVP
 70
    64
  9
$PINSBASE
 10
0.0
 20
0.0
 30
0.0
  9
$PLIMCHECK
 70
     0
  9
$PEXTMIN
 10
1.000000000000000E+20
 20
1.000000000000000E+20
 30
1.000000000000000E+20
  9
$PEXTMAX
 10
-1.000000000000000E+20
 20
-1.000000000000000E+20
 30
-1.000000000000000E+20
  9
$PLIMMIN
 10
0.0
 20
0.0
  9
$PLIMMAX
 10
12.0
 20
9.0
  9
$UNITMODE
 70
     0
  9
$VISRETAIN
 70
     1
  9
$PLINEGEN
 70
     0
  9
$PSLTSCALE
 70
     1
  9
$TREEDEPTH
 70
  3020
  9
$PICKSTYLE
 70
     1
  9
$CMLSTYLE
  2
STANDARD
  9
$CMLJUST
 70
     0
  9
$CMLSCALE
 40
1.0
  9
$PROXYGRAPHICS
 70
     1
  9
$MEASUREMENT
 70
     0
  0
ENDSEC
  0
SECTION
  2
CLASSES
  0
CLASS
  1
ACDBDICTIONARYWDFLT
  2
AcDbDictionaryWithDefault
  3
ObjectDBX Classes
 90
        0
280
     0
281
     0
  0
CLASS
  1
VISUALSTYLE
  2
AcDbVisualStyle
  3
ObjectDBX Classes
 90
     4095
280
     0
281
     0
  0
CLASS
  1
MATERIAL
  2
AcDbMaterial
  3
ObjectDBX Classes
 90
     1153
280
     0
281
     0
  0
CLASS
  1
SCALE
  2
AcDbScale
  3
ObjectDBX Classes
 90
     1153
280
     0
281
     0
  0
CLASS
  1
SUN
  2
AcDbSun
  3
SCENEOE
 90
     1153
280
     0
281
     0
  0
CLASS
  1
DICTIONARYVAR
  2
AcDbDictionaryVar
  3
ObjectDBX Classes
 90
        0
280
     0
281
     0
  0
CLASS
  1
XRECORD
  2
AcDbXrecord
  3
ObjectDBX Classes
 90
        0
280
     0
281
     0
  0
CLASS
  1
LWPOLYLINE
  2
AcDbPolyline
  3
ObjectDBX Classes
 90
        0
280
     0
281
     1
  0
CLASS
  1
HATCH
  2
AcDbHatch
  3
ObjectDBX Classes
 90
        0
280
     0
281
     1
  0
CLASS
  1
ACDBPLACEHOLDER
  2
AcDbPlaceHolder
  3
ObjectDBX Classes
 90
        0
280
     0
281
     0
  0
CLASS
  1
LAYOUT
  2
AcDbLayout
  3
ObjectDBX Classes
 90
        0
280
     0
281
     0
  0
ENDSEC
  0
SECTION
  2
TABLES
  0
TABLE
  2
VPORT
  5
8
330
0
100
AcDbSymbolTable
 70
     1
  0
VPORT
  5
29
330
8
100
AcDbSymbolTableRecord
100
AcDbViewportTableRecord
  2
*ACTIVE
 70
     0
 10
0.0
 20
0.0
 11
1.0
 21
1.0
 12
100.0999536111111
 22
150.1001005555556
 13
0.0
 23
0.0
 14
0.5
 24
0.5
 15
0.5
 25
0.5
 16
0.0
 26
0.0
 36
1.0
 17
0.0
 27
0.0
 37
0.0
 40
306.0001076666667
 41
0.6666662746914958
 42
50.0
 43
0.0
 44
0.0
 50
0.0
 51
0.0
 71
     0
 72
   100
 73
     1
 74
     3
 75
     0
 76
     0
 77
     0
 78
     0
  0
ENDTAB
  0
TABLE
  2
LTYPE
  5
5
330
0
100
AcDbSymbolTable
 70
     1
  0
LTYPE
  5
14
330
5
100
AcDbSymbolTableRecord
100
AcDbLinetypeTableRecord
  2
BYBLOCK
 70
     0
  3

 72
    65
 73
     0
 40
0.0
  0
LTYPE
  5
15
330
5
100
AcDbSymbolTableRecord
100
AcDbLinetypeTableRecord
  2
BYLAYER
 70
     0
  3

 72
    65
 73
     0
 40
0.0
  0
LTYPE
  5
16
330
5
100
AcDbSymbolTableRecord
100
AcDbLinetypeTableRecord
  2
CONTINUOUS
 70
     0
  3
Solid line
 72
    65
 73
     0
 40
0.0
  0
ENDTAB
  0
TABLE
  2
LAYER
  5
2
330
0
100
AcDbSymbolTable
 70
     2
  0
LAYER
  5
10
330
2
100
AcDbSymbolTableRecord
100
AcDbLayerTableRecord
  2
0
 70
     0
 62
     7
  6
CONTINUOUS
  0
LAYER
  5
6A
330
2
100
AcDbSymbolTableRecord
100
AcDbLayerTableRecord
  2
DEFAULT
 70
     0
 62
     7
  6
CONTINUOUS
  0
ENDTAB
  0
TABLE
  2
STYLE
  5
3
330
0
100
AcDbSymbolTable
 70
     1
  0
STYLE
  5
11
330
3
100
AcDbSymbolTableRecord
100
AcDbTextStyleTableRecord
  2
STANDARD
 70
     0
 40
0.0
 41
1.0
 50
0.0
 71
     0
 42
0.2
  3
txt
  4

  0
ENDTAB
  0
TABLE
  2
VIEW
  5
6
330
0
100
AcDbSymbolTable
 70
     0
  0
ENDTAB
  0
TABLE
  2
UCS
  5
7
330
0
100
AcDbSymbolTable
 70
     0
  0
ENDTAB
  0
TABLE
  2
APPID
  5
9
330
0
100
AcDbSymbolTable
 70
     1
  0
APPID
  5
12
330
9
100
AcDbSymbolTableRecord
100
AcDbRegAppTableRecord
  2
ACAD
 70
     0
  0
ENDTAB
  0
TABLE
  2
DIMSTYLE
  5
A
330
0
100
AcDbSymbolTable
 70
     1
  0
DIMSTYLE
105
27
330
A
100
AcDbSymbolTableRecord
100
AcDbDimStyleTableRecord
  2
STANDARD
 70
     0
  3

  4

  5

  6

  7

 40
1.0
 41
0.18
 42
0.0625
 43
0.38
 44
0.18
 45
0.0
 46
0.0
 47
0.0
 48
0.0
140
0.18
141
0.09
142
0.0
143
25.4
144
1.0
145
0.0
146
1.0
147
0.09
 71
     0
 72
     0
 73
     1
 74
     1
 75
     0
 76
     0
 77
     0
 78
     0
170
     0
171
     2
172
     0
173
     0
174
     0
175
     0
176
     0
177
     0
178
     0
270
     2
271
     4
272
     4
273
     2
274
     2
340
11
275
     0
280
     0
281
     0
282
     0
283
     1
284
     0
285
     0
286
     0
287
     3
288
     0
  0
ENDTAB
  0
TABLE
  2
BLOCK_RECORD
  5
1
330
0
100
AcDbSymbolTable
 70
     1
  0
BLOCK_RECORD
  5
1F
330
1
100
AcDbSymbolTableRecord
100
AcDbBlockTableRecord
  2
*MODEL_SPACE
  0
BLOCK_RECORD
  5
1B
330
1
100
AcDbSymbolTableRecord
100
AcDbBlockTableRecord
  2
*PAPER_SPACE
  0
ENDTAB
  0
ENDSEC
  0
SECTION
  2
BLOCKS
  0
BLOCK
  5
20
330
1F
100
AcDbEntity
  8
0
100
AcDbBlockBegin
  2
*MODEL_SPACE
 70
     0
 10
0.0
 20
0.0
 30
0.0
  3
*MODEL_SPACE
  1

  0
ENDBLK
  5
21
330
1F
100
AcDbEntity
  8
0
100
AcDbBlockEnd
  0
BLOCK
  5
1C
330
1B
100
AcDbEntity
 67
     1
  8
0
100
AcDbBlockBegin
  2
*PAPER_SPACE
 70
     0
 10
0.0
 20
0.0
 30
0.0
  3
*PAPER_SPACE
  1

  0
ENDBLK
  5
1D
330
1B
100
AcDbEntity
 67
     1
  8
0
100
AcDbBlockEnd
  0
ENDSEC
  0
SECTION
  2
ENTITIES
  0
SPLINE
  5
6B
330
1F
100
AcDbEntity
  8
DEFAULT
 62
     1
100
AcDbSpline
210
0.0
220
0.0
230
1.0
 70
    11
 71
     3
 72
    29
 73
    25
 74
     0
 42
0.000000001
 43
0.0000000001
 40
0.0
 40
0.0
 40
0.0
 40
0.0
 40
538.583
 40
538.583
 40
538.583
 40
539.583
 40
539.583
 40
539.583
 40
1361.63
 40
1361.63
 40
1361.63
 40
1362.63
 40
1362.63
 40
1362.63
 40
1901.213
 40
1901.213
 40
1901.213
 40
1902.213
 40
1902.213
 40
1902.213
 40
2724.26
 40
2724.26
 40
2724.26
 40
2725.26
 40
2725.26
 40
2725.26
 40
2725.26
 10
195.1000105555555
 20
0.1000477777777778
 30
0.0
 10
131.7666392592593
 20
0.1000477777777778
 30
0.0
 10
68.43326796296297
 20
0.1000477777777778
 30
0.0
 10
5.099896666666677
 20
0.1000477777777778
 30
0.0
 10
2.338705000000011
 20
0.1000477777777778
 30
0.0
 10
0.0999772222222323
 20
2.338775555555555
 30
0.0
 10
0.0999772222222323
 20
5.099967222222221
 30
0.0
 10
0.0999772222222323
 20
101.7666051851852
 30
0.0
 10
0.0999772222222323
 20
198.4332431481481
 30
0.0
 10
0.0999772222222323
 20
295.0998811111111
 30
0.0
 10
0.0999772222222323
 20
297.8614255555555
 30
0.0
 10
2.338705000000011
 20
300.1001533333333
 30
0.0
 10
5.099896666666677
 20
300.1001533333333
 30
0.0
 10
68.43326796296296
 20
300.1001533333333
 30
0.0
 10
131.7666392592593
 20
300.1001533333333
 30
0.0
 10
195.1000105555555
 20
300.1001533333333
 30
0.0
 10
197.861555
 20
300.1001533333333
 30
0.0
 10
200.09993
 20
297.8614255555555
 30
0.0
 10
200.09993
 20
295.0998811111111
 30
0.0
 10
200.09993
 20
198.4332431481481
 30
0.0
 10
200.09993
 20
101.7666051851852
 30
0.0
 10
200.09993
 20
5.099967222222221
 30
0.0
 10
200.09993
 20
2.338775555555555
 30
0.0
 10
197.861555
 20
0.1000477777777778
 30
0.0
 10
195.1000105555555
 20
0.1000477777777778
 30
0.0
  0
SPLINE
  5
6C
330
1F
100
AcDbEntity
  8
DEFAULT
 62
     7
100
AcDbSpline
210
0.0
220
0.0
230
1.0
 70
     8
 71
     3
 72
    23
 73
    19
 74
     0
 42
0.000000001
 43
0.0000000001
 40
0.0
 40
0.0
 40
0.0
 40
0.0
 40
1.0
 40
1.0
 40
1.0
 40
2.0
 40
2.0
 40
2.0
 40
3.021000000000001
 40
3.021000000000001
 40
3.021000000000001
 40
4.021000000000001
 40
4.021000000000001
 40
4.021000000000001
 40
5.021000000000001
 40
5.021000000000001
 40
5.021000000000001
 40
6.021000000000001
 40
6.021000000000001
 40
6.021000000000001
 40
6.021000000000001
 10
25.05491277777778
 20
23.03441333333333
 30
0.0
 10
25.17027111111111
 20
23.13178
 30
0.0
 10
25.39393222222222
 20
23.22949944444444
 30
0.0
 10
25.63135166666666
 20
23.22949944444444
 30
0.0
 10
26.06562111111111
 20
23.22949944444444
 30
0.0
 10
26.26247111111111
 20
22.93316611111111
 30
0.0
 10
26.26247111111111
 20
22.62519111111111
 30
0.0
 10
26.26247111111111
 20
22.36413555555555
 30
0.0
 10
26.12665166666666
 20
22.14188555555555
 30
0.0
 10
25.85536555555555
 20
22.02123555555555
 30
0.0
 10
26.12665166666666
 20
21.95844111111111
 30
0.0
 10
26.34713777777777
 20
21.72490222222222
 30
0.0
 10
26.34713777777777
 20
21.37000777777777
 30
0.0
 10
26.34713777777777
 20
20.96501888888888
 30
0.0
 10
26.07232388888889
 20
20.61012444444444
 30
0.0
 10
25.54351
 20
20.61012444444444
 30
0.0
 10
25.29586
 20
20.61012444444444
 30
0.0
 10
25.07854888888888
 20
20.69973
 30
0.0
 10
24.97024611111111
 20
20.78122166666666
 30
0.0
  0
POLYLINE
  5
6D
330
1F
100
AcDbEntity
  8
DEFAULT
 62
     7
100
AcDb2dPolyline
 66
     1
 10
0.0
 20
0.0
 30
0.0
  0
VERTEX
  5
6E
330
6D
100
AcDbEntity
  8
DEFAULT
 62
     7
100
AcDbVertex
100
AcDb2dVertex
 10
26.4029825
 20
19.78705861111111
 30
0.0
  0
VERTEX
  5
6F
330
6D
100
AcDbEntity
  8
DEFAULT
 62
     7
100
AcDbVertex
100
AcDb2dVertex
 10
23.40296027777778
 20
19.78705861111111
 30
0.0
  0
SEQEND
  5
70
330
6D
100
AcDbEntity
  8
DEFAULT
 62
     7
  0
SPLINE
  5
71
330
1F
100
AcDbEntity
  8
DEFAULT
 62
     7
100
AcDbSpline
210
0.0
220
0.0
230
1.0
 70
     8
 71
     3
 72
    17
 73
    13
 74
     0
 42
0.000000001
 43
0.0000000001
 40
0.0
 40
0.0
 40
0.0
 40
0.0
 40
3.072000000000003
 40
3.072000000000003
 40
3.072000000000003
 40
4.072000000000003
 40
4.072000000000003
 40
4.072000000000003
 40
5.072000000000003
 40
5.072000000000003
 40
5.072000000000003
 40
6.072000000000003
 40
6.072000000000003
 40
6.072000000000003
 40
6.072000000000003
 10
24.40999972222222
 20
20.61252333333333
 30
0.0
 10
24.40999972222222
 20
20.97376777777778
 30
0.0
 10
24.40999972222222
 20
21.33501222222222
 30
0.0
 10
24.40999972222222
 20
21.69625666666667
 30
0.0
 10
24.40999972222222
 20
22.00035111111111
 30
0.0
 10
24.2928775
 20
22.25717333333333
 30
0.0
 10
23.95738583333333
 20
22.25717333333333
 30
0.0
 10
23.72666916666667
 20
22.25717333333333
 30
0.0
 10
23.54463583333333
 20
22.10159833333333
 30
0.0
 10
23.4800775
 20
21.91427333333333
 30
0.0
 10
23.45996916666667
 20
21.86770666666667
 30
0.0
 10
23.45573583333334
 20
21.81725944444444
 30
0.0
 10
23.45573583333334
 20
21.75093722222222
 30
0.0
  0
POLYLINE
  5
72
330
1F
100
AcDbEntity
  8
DEFAULT
 62
     7
100
AcDb2dPolyline
 66
     1
 10
0.0
 20
0.0
 30
0.0
  0
VERTEX
  5
73
330
72
100
AcDbEntity
  8
DEFAULT
 62
     7
100
AcDbVertex
100
AcDb2dVertex
 10
23.45587694444444
 20
20.61252333333333
 30
0.0
  0
VERTEX
  5
74
330
72
100
AcDbEntity
  8
DEFAULT
 62
     7
100
AcDbVertex
100
AcDb2dVertex
 10
23.45587694444444
 20
23.380065
 30
0.0
  0
SEQEND
  5
75
330
72
100
AcDbEntity
  8
DEFAULT
 62
     7
  0
SPLINE
  5
76
330
1F
100
AcDbEntity
  8
DEFAULT
 62
     7
100
AcDbSpline
210
0.0
220
0.0
230
1.0
 70
     8
 71
     3
 72
    23
 73
    19
 74
     0
 42
0.000000001
 43
0.0000000001
 40
0.0
 40
0.0
 40
0.0
 40
0.0
 40
1.0
 40
1.0
 40
1.0
 40
2.0
 40
2.0
 40
2.0
 40
3.021000000000001
 40
3.021000000000001
 40
3.021000000000001
 40
4.021000000000001
 40
4.021000000000001
 40
4.021000000000001
 40
5.021000000000001
 40
5.021000000000001
 40
5.021000000000001
 40
6.021000000000001
 40
6.021000000000001
 40
6.021000000000001
 40
6.021000000000001
 10
41.95102805555555
 20
23.03441333333333
 30
0.0
 10
42.06638638888889
 20
23.13178
 30
0.0
 10
42.2900475
 20
23.22949944444444
 30
0.0
 10
42.52746694444444
 20
23.22949944444444
 30
0.0
 10
42.96173638888889
 20
23.22949944444444
 30
0.0
 10
43.15858638888889
 20
22.93316611111111
 30
0.0
 10
43.15858638888889
 20
22.62519111111111
 30
0.0
 10
43.15858638888889
 20
22.36413555555555
 30
0.0
 10
43.02276694444444
 20
22.14188555555555
 30
0.0
 10
42.75148083333333
 20
22.02123555555555
 30
0.0
 10
43.02276694444444
 20
21.95844111111111
 30
0.0
 10
43.24325305555556
 20
21.72490222222222
 30
0.0
 10
43.24325305555556
 20
21.37000777777777
 30
0.0
 10
43.24325305555556
 20
20.96501888888888
 30
0.0
 10
42.96843916666666
 20
20.61012444444444
 30
0.0
 10
42.4392725
 20
20.61012444444444
 30
0.0
 10
42.19197527777778
 20
20.61012444444444
 30
0.0
 10
41.97466416666666
 20
20.69973
 30
0.0
 10
41.86600861111111
 20
20.78122166666666
 30
0.0
  0
POLYLINE
  5
77
330
1F
100
AcDbEntity
  8
DEFAULT
 62
     7
100
AcDb2dPolyline
 66
     1
 10
0.0
 20
0.0
 30
0.0
  0
VERTEX
  5
78
330
77
100
AcDbEntity
  8
DEFAULT
 62
     7
100
AcDbVertex
100
AcDb2dVertex
 10
43.29909777777777
 20
19.78705861111111
 30
0.0
  0
VERTEX
  5
79
330
77
100
AcDbEntity
  8
DEFAULT
 62
     7
100
AcDbVertex
100
AcDb2dVertex
 10
40.29907555555555
 20
19.78705861111111
 30
0.0
  0
SEQEND
  5
7A
330
77
100
AcDbEntity
  8
DEFAULT
 62
     7
  0
SPLINE
  5
7B
330
1F
100
AcDbEntity
  8
DEFAULT
 62
     7
100
AcDbSpline
210
0.0
220
0.0
230
1.0
 70
     8
 71
     3
 72
    17
 73
    13
 74
     0
 42
0.000000001
 43
0.0000000001
 40
0.0
 40
0.0
 40
0.0
 40
0.0
 40
3.072000000000003
 40
3.072000000000003
 40
3.072000000000003
 40
4.072000000000003
 40
4.072000000000003
 40
4.072000000000003
 40
5.072000000000003
 40
5.072000000000003
 40
5.072000000000003
 40
6.072000000000003
 40
6.072000000000003
 40
6.072000000000003
 40
6.072000000000003
 10
41.306115
 20
20.61252333333333
 30
0.0
 10
41.306115
 20
20.97376777777778
 30
0.0
 10
41.306115
 20
21.33501222222222
 30
0.0
 10
41.306115
 20
21.69625666666667
 30
0.0
 10
41.306115
 20
22.00035111111111
 30
0.0
 10
41.18899277777778
 20
22.25717333333333
 30
0.0
 10
40.85350111111111
 20
22.25717333333333
 30
0.0
 10
40.62278444444444
 20
22.25717333333333
 30
0.0
 10
40.4407511111111
 20
22.10159833333333
 30
0.0
 10
40.37619277777777
 20
21.91427333333333
 30
0.0
 10
40.35608444444444
 20
21.86770666666667
 30
0.0
 10
40.35185111111111
 20
21.81725944444444
 30
0.0
 10
40.35185111111111
 20
21.75093722222222
 30
0.0
  0
POLYLINE
  5
7C
330
1F
100
AcDbEntity
  8
DEFAULT
 62
     7
100
AcDb2dPolyline
 66
     1
 10
0.0
 20
0.0
 30
0.0
  0
VERTEX
  5
7D
330
7C
100
AcDbEntity
  8
DEFAULT
 62
     7
100
AcDbVertex
100
AcDb2dVertex
 10
40.35181583333333
 20
20.61252333333333
 30
0.0
  0
VERTEX
  5
7E
330
7C
100
AcDbEntity
  8
DEFAULT
 62
     7
100
AcDbVertex
100
AcDb2dVertex
 10
40.35181583333333
 20
23.380065
 30
0.0
  0
SEQEND
  5
7F
330
7C
100
AcDbEntity
  8
DEFAULT
 62
     7
  0
POLYLINE
  5
80
330
1F
100
AcDbEntity
  8
DEFAULT
 62
     7
100
AcDb2dPolyline
 66
     1
 10
0.0
 20
0.0
 30
0.0
  0
VERTEX
  5
81
330
80
100
AcDbEntity
  8
DEFAULT
 62
     7
100
AcDbVertex
100
AcDb2dVertex
 10
17.41970805555555
 20
33.23635861111109
 30
0.0
  0
VERTEX
  5
82
330
80
100
AcDbEntity
  8
DEFAULT
 62
     7
100
AcDbVertex
100
AcDb2dVertex
 10
14.8613636111111
 20
34.8030447222222
 30
0.0
  0
SEQEND
  5
83
330
80
100
AcDbEntity
  8
DEFAULT
 62
     7
  0
SPLINE
  5
84
330
1F
100
AcDbEntity
  8
DEFAULT
 62
     7
100
AcDbSpline
210
0.0
220
0.0
230
1.0
 70
     8
 71
     3
 72
    17
 73
    13
 74
     0
 42
0.000000001
 43
0.0000000001
 40
0.0
 40
0.0
 40
0.0
 40
0.0
 40
3.07115238957626
 40
3.07115238957626
 40
3.07115238957626
 40
4.071152389576261
 40
4.071152389576261
 40
4.071152389576261
 40
5.071152389576261
 40
5.071152389576261
 40
5.071152389576261
 40
6.071152389576261
 40
6.071152389576261
 40
6.071152389576261
 40
6.071152389576261
 10
16.43164805555556
 20
34.8097475
 30
0.0
 10
16.62026657407408
 20
35.1177225
 30
0.0
 10
16.80888509259259
 20
35.4256975
 30
0.0
 10
16.99750361111111
 20
35.7336725
 30
0.0
 10
17.15625361111111
 20
35.99296416666666
 30
0.0
 10
17.17953694444444
 20
36.28047805555555
 30
0.0
 10
16.86097861111111
 20
36.47556416666666
 30
0.0
 10
16.64260916666666
 20
36.60926694444444
 30
0.0
 10
16.38825638888889
 20
36.58210305555555
 30
0.0
 10
16.22950638888889
 20
36.46039472222222
 30
0.0
 10
16.18576194444444
 20
36.4321725
 30
0.0
 10
16.15542305555555
 20
36.39125027777777
 30
0.0
 10
16.12085083333333
 20
36.33480583333333
 30
0.0
  0
POLYLINE
  5
85
330
1F
100
AcDbEntity
  8
DEFAULT
 62
     7
100
AcDb2dPolyline
 66
     1
 10
0.0
 20
0.0
 30
0.0
  0
VERTEX
  5
86
330
85
100
AcDbEntity
  8
DEFAULT
 62
     7
100
AcDbVertex
100
AcDb2dVertex
 10
15.52645555555556
 20
35.36406722222222
 30
0.0
  0
VERTEX
  5
87
330
85
100
AcDbEntity
  8
DEFAULT
 62
     7
100
AcDbVertex
100
AcDb2dVertex
 10
16.97178611111111
 20
37.72379777777778
 30
0.0
  0
SEQEND
  5
88
330
85
100
AcDbEntity
  8
DEFAULT
 62
     7
  0
POLYLINE
  5
89
330
1F
100
AcDbEntity
  8
DEFAULT
 62
     7
100
AcDb2dPolyline
 66
     1
 10
0.0
 20
0.0
 30
0.0
  0
VERTEX
  5
8A
330
89
100
AcDbEntity
  8
DEFAULT
 62
     7
100
AcDbVertex
100
AcDb2dVertex
 10
17.61729888888889
 20
34.08351916666667
 30
0.0
  0
VERTEX
  5
8B
330
89
100
AcDbEntity
  8
DEFAULT
 62
     7
100
AcDbVertex
100
AcDb2dVertex
 10
18.94021555555555
 20
36.24428305555556
 30
0.0
  0
VERTEX
  5
8C
330
89
100
AcDbEntity
  8
DEFAULT
 62
     7
100
AcDbVertex
100
AcDb2dVertex
 10
17.86071555555555
 20
36.1007025
 30
0.0
  0
SEQEND
  5
8D
330
89
100
AcDbEntity
  8
DEFAULT
 62
     7
  0
POLYLINE
  5
8E
330
1F
100
AcDbEntity
  8
DEFAULT
 62
     7
100
AcDb2dPolyline
 66
     1
 10
0.0
 20
0.0
 30
0.0
  0
VERTEX
  5
8F
330
8E
100
AcDbEntity
  8
DEFAULT
 62
     7
100
AcDbVertex
100
AcDb2dVertex
 10
51.83328611111111
 20
34.80318583333334
 30
0.0
  0
VERTEX
  5
90
330
8E
100
AcDbEntity
  8
DEFAULT
 62
     7
100
AcDbVertex
100
AcDb2dVertex
 10
49.27494166666666
 20
33.23649972222222
 30
0.0
  0
SEQEND
  5
91
330
8E
100
AcDbEntity
  8
DEFAULT
 62
     7
  0
SPLINE
  5
92
330
1F
100
AcDbEntity
  8
DEFAULT
 62
     7
100
AcDbSpline
210
0.0
220
0.0
230
1.0
 70
     8
 71
     3
 72
    17
 73
    13
 74
     0
 42
0.000000001
 43
0.0000000001
 40
0.0
 40
0.0
 40
0.0
 40
0.0
 40
3.071152389576271
 40
3.071152389576271
 40
3.071152389576271
 40
4.071152389576271
 40
4.071152389576271
 40
4.071152389576271
 40
5.071152389576271
 40
5.071152389576271
 40
5.071152389576271
 40
6.071152389576271
 40
6.071152389576271
 40
6.071152389576271
 40
6.071152389576271
 10
49.98293138888888
 20
34.63819166666666
 30
0.0
 10
49.79431287037036
 20
34.94616666666666
 30
0.0
 10
49.60569435185184
 20
35.25414166666666
 30
0.0
 10
49.41707583333332
 20
35.56211666666666
 30
0.0
 10
49.25797305555555
 20
35.82140833333333
 30
0.0
 10
49.0127925
 20
35.97275
 30
0.0
 10
48.69423416666666
 20
35.77766388888889
 30
0.0
 10
48.47586472222222
 20
35.6439611111111
 30
0.0
 10
48.38449527777777
 20
35.40513055555555
 30
0.0
 10
48.42083138888889
 20
35.20828055555555
 30
0.0
 10
48.42612305555554
 20
35.156775
 30
0.0
 10
48.44834805555555
 20
35.11126666666666
 30
0.0
 10
48.48327305555555
 20
35.05446944444444
 30
0.0
  0
POLYLINE
  5
93
330
1F
100
AcDbEntity
  8
DEFAULT
 62
     7
100
AcDb2dPolyline
 66
     1
 10
0.0
 20
0.0
 30
0.0
  0
VERTEX
  5
94
330
93
100
AcDbEntity
  8
DEFAULT
 62
     7
100
AcDbVertex
100
AcDb2dVertex
 10
49.07756249999998
 20
34.08387194444444
 30
0.0
  0
VERTEX
  5
95
330
93
100
AcDbEntity
  8
DEFAULT
 62
     7
100
AcDbVertex
100
AcDb2dVertex
 10
47.63223194444443
 20
36.44360249999999
 30
0.0
  0
SEQEND
  5
96
330
93
100
AcDbEntity
  8
DEFAULT
 62
     7
  0
POLYLINE
  5
97
330
1F
100
AcDbEntity
  8
DEFAULT
 62
     7
100
AcDb2dPolyline
 66
     1
 10
0.0
 20
0.0
 30
0.0
  0
VERTEX
  5
98
330
97
100
AcDbEntity
  8
DEFAULT
 62
     7
100
AcDbVertex
100
AcDb2dVertex
 10
51.16854694444444
 20
35.36442
 30
0.0
  0
VERTEX
  5
99
330
97
100
AcDbEntity
  8
DEFAULT
 62
     7
100
AcDbVertex
100
AcDb2dVertex
 10
49.84527749999999
 20
37.52483111111111
 30
0.0
  0
VERTEX
  5
9A
330
97
100
AcDbEntity
  8
DEFAULT
 62
     7
100
AcDbVertex
100
AcDb2dVertex
 10
49.48262194444445
 20
36.49789499999999
 30
0.0
  0
SEQEND
  5
9B
330
97
100
AcDbEntity
  8
DEFAULT
 62
     7
  0
POLYLINE
  5
9C
330
1F
100
AcDbEntity
  8
DEFAULT
 62
     7
100
AcDb2dPolyline
 66
     1
 10
0.0
 20
0.0
 30
0.0
  0
VERTEX
  5
9D
330
9C
100
AcDbEntity
  8
DEFAULT
 62
     7
100
AcDbVertex
100
AcDb2dVertex
 10
15.87873944444444
 20
16.4239575
 30
0.0
  0
VERTEX
  5
9E
330
9C
100
AcDbEntity
  8
DEFAULT
 62
     7
100
AcDbVertex
100
AcDb2dVertex
 10
13.44139777777777
 20
14.6745325
 30
0.0
  0
SEQEND
  5
9F
330
9C
100
AcDbEntity
  8
DEFAULT
 62
     7
  0
SPLINE
  5
A0
330
1F
100
AcDbEntity
  8
DEFAULT
 62
     7
100
AcDbSpline
210
0.0
220
0.0
230
1.0
 70
     8
 71
     3
 72
    17
 73
    13
 74
     0
 42
0.000000001
 43
0.0000000001
 40
0.0
 40
0.0
 40
0.0
 40
0.0
 40
3.071271072373782
 40
3.071271072373782
 40
3.071271072373782
 40
4.071271072373782
 40
4.071271072373782
 40
4.071271072373782
 40
5.071271072373782
 40
5.071271072373782
 40
5.071271072373782
 40
6.071271072373782
 40
6.071271072373782
 40
6.071271072373782
 40
6.071271072373782
 10
13.77826527777778
 20
15.93236166666667
 30
0.0
 10
13.56765694444444
 20
16.22575518518518
 30
0.0
 10
13.35704861111111
 20
16.5191487037037
 30
0.0
 10
13.14644027777778
 20
16.81254222222222
 30
0.0
 10
12.96899305555556
 20
17.05948666666666
 30
0.0
 10
12.72416527777778
 20
17.20059777777778
 30
0.0
 10
12.45146805555555
 20
17.00445333333333
 30
0.0
 10
12.26414305555555
 20
16.870045
 30
0.0
 10
12.20699305555555
 20
16.63756444444444
 30
0.0
 10
12.26379027777778
 20
16.44777
 30
0.0
 10
12.27437361111111
 20
16.39802833333333
 30
0.0
 10
12.30083194444444
 20
16.35428388888889
 30
0.0
 10
12.33928472222222
 20
16.30066166666666
 30
0.0
  0
POLYLINE
  5
A1
330
1F
100
AcDbEntity
  8
DEFAULT
 62
     7
100
AcDb2dPolyline
 66
     1
 10
0.0
 20
0.0
 30
0.0
  0
VERTEX
  5
A2
330
A1
100
AcDbEntity
  8
DEFAULT
 62
     7
100
AcDbVertex
100
AcDb2dVertex
 10
13.00310666666666
 20
15.37596055555555
 30
0.0
  0
VERTEX
  5
A3
330
A1
100
AcDbEntity
  8
DEFAULT
 62
     7
100
AcDbVertex
100
AcDb2dVertex
 10
11.38950111111111
 20
17.62421333333333
 30
0.0
  0
SEQEND
  5
A4
330
A1
100
AcDbEntity
  8
DEFAULT
 62
     7
  0
SPLINE
  5
A5
330
1F
100
AcDbEntity
  8
DEFAULT
 62
     7
100
AcDbSpline
210
0.0
220
0.0
230
1.0
 70
     8
 71
     3
 72
    17
 73
    13
 74
     0
 42
0.000000001
 43
0.0000000001
 40
0.0
 40
0.0
 40
0.0
 40
0.0
 40
3.770036206722692
 40
3.770036206722692
 40
3.770036206722692
 40
4.770036206722692
 40
4.770036206722692
 40
4.770036206722692
 40
5.770036206722692
 40
5.770036206722692
 40
5.770036206722692
 40
6.770036206722692
 40
6.770036206722692
 40
6.770036206722692
 40
6.770036206722692
 10
15.2765125
 20
17.00791055555555
 30
0.0
 10
14.91632638888889
 20
16.74944203703704
 30
0.0
 10
14.55614027777778
 20
16.49097351851852
 30
0.0
 10
14.19595416666666
 20
16.232505
 30
0.0
 10
14.19595416666666
 20
16.232505
 30
0.0
 10
14.48946527777778
 20
18.26379944444444
 30
0.0
 10
14.21676805555555
 20
18.64374111111111
 30
0.0
 10
14.00510138888889
 20
18.93831055555555
 30
0.0
 10
13.67842916666667
 20
19.03250222222222
 30
0.0
 10
13.2730875
 20
18.74146055555555
 30
0.0
 10
13.05577638888889
 20
18.58553277777778
 30
0.0
 10
12.82929305555555
 20
18.23487166666666
 30
0.0
 10
13.10763472222222
 20
17.84681611111111
 30
0.0
  0
POLYLINE
  5
A6
330
1F
100
AcDbEntity
  8
DEFAULT
 62
     7
100
AcDb2dPolyline
 66
     1
 10
0.0
 20
0.0
 30
0.0
  0
VERTEX
  5
A7
330
A6
100
AcDbEntity
  8
DEFAULT
 62
     7
100
AcDbVertex
100
AcDb2dVertex
 10
53.2531813888889
 20
14.67453249999999
 30
0.0
  0
VERTEX
  5
A8
330
A6
100
AcDbEntity
  8
DEFAULT
 62
     7
100
AcDbVertex
100
AcDb2dVertex
 10
50.81583972222222
 20
16.4239575
 30
0.0
  0
SEQEND
  5
A9
330
A6
100
AcDbEntity
  8
DEFAULT
 62
     7
  0
SPLINE
  5
AA
330
1F
100
AcDbEntity
  8
DEFAULT
 62
     7
100
AcDbSpline
210
0.0
220
0.0
230
1.0
 70
     8
 71
     3
 72
    17
 73
    13
 74
     0
 42
0.000000001
 43
0.0000000001
 40
0.0
 40
0.0
 40
0.0
 40
0.0
 40
3.071854325973162
 40
3.071854325973162
 40
3.071854325973162
 40
4.071854325973161
 40
4.071854325973161
 40
4.071854325973161
 40
5.071854325973161
 40
5.071854325973161
 40
5.071854325973161
 40
6.071854325973161
 40
6.071854325973161
 40
6.071854325973161
 40
6.071854325973161
 10
52.11543777777779
 20
16.50731888888889
 30
0.0
 10
52.32616370370371
 20
16.80071240740741
 30
0.0
 10
52.53688962962963
 20
17.09410592592593
 30
0.0
 10
52.74761555555556
 20
17.38749944444445
 30
0.0
 10
52.92471
 20
17.63444388888889
 30
0.0
 10
52.97939055555555
 20
17.91172722222222
 30
0.0
 10
52.70669333333333
 20
18.10751888888889
 30
0.0
 10
52.5197211111111
 20
18.24192722222222
 30
0.0
 10
52.28089055555555
 20
18.22146611111111
 30
0.0
 10
52.11931833333333
 20
18.10716611111111
 30
0.0
 10
52.07557388888889
 20
18.08106055555555
 30
0.0
 10
52.04276555555555
 20
18.042255
 30
0.0
 10
52.00396
 20
17.98828
 30
0.0
  0
POLYLINE
  5
AB
330
1F
100
AcDbEntity
  8
DEFAULT
 62
     7
100
AcDb2dPolyline
 66
     1
 10
0.0
 20
0.0
 30
0.0
  0
VERTEX
  5
AC
330
AB
100
AcDbEntity
  8
DEFAULT
 62
     7
100
AcDbVertex
100
AcDb2dVertex
 10
51.34027916666666
 20
17.06372
 30
0.0
  0
VERTEX
  5
AD
330
AB
100
AcDbEntity
  8
DEFAULT
 62
     7
100
AcDbVertex
100
AcDb2dVertex
 10
52.95388472222222
 20
19.31197277777778
 30
0.0
  0
SEQEND
  5
AE
330
AB
100
AcDbEntity
  8
DEFAULT
 62
     7
  0
SPLINE
  5
AF
330
1F
100
AcDbEntity
  8
DEFAULT
 62
     7
100
AcDbSpline
210
0.0
220
0.0
230
1.0
 70
     8
 71
     3
 72
    17
 73
    13
 74
     0
 42
0.000000001
 43
0.0000000001
 40
0.0
 40
0.0
 40
0.0
 40
0.0
 40
3.770036206722679
 40
3.770036206722679
 40
3.770036206722679
 40
4.770036206722679
 40
4.770036206722679
 40
4.770036206722679
 40
5.770036206722679
 40
5.770036206722679
 40
5.770036206722679
 40
6.770036206722679
 40
6.770036206722679
 40
6.770036206722679
 40
6.770036206722679
 10
53.61389666666667
 20
15.43177
 30
0.0
 10
53.25371055555556
 20
15.69023851851852
 30
0.0
 10
52.89352444444445
 20
15.94870703703703
 30
0.0
 10
52.53333833333334
 20
16.20717555555555
 30
0.0
 10
52.53333833333334
 20
16.20717555555555
 30
0.0
 10
54.55157999999999
 20
16.57935611111111
 30
0.0
 10
54.82462999999999
 20
16.95929777777778
 30
0.0
 10
55.03594388888889
 20
17.25386722222222
 30
0.0
 10
55.02077444444444
 20
17.59359222222222
 30
0.0
 10
54.61543277777778
 20
17.88463388888889
 30
0.0
 10
54.39812166666667
 20
18.04091444444444
 30
0.0
 10
53.99313277777777
 20
18.14357277777778
 30
0.0
 10
53.71479111111111
 20
17.75516444444444
 30
0.0
  0
POLYLINE
  5
B0
330
1F
100
AcDbEntity
  8
DEFAULT
 62
     7
100
AcDb2dPolyline
 66
     1
 10
0.0
 20
0.0
 30
0.0
  0
VERTEX
  5
B1
330
B0
100
AcDbEntity
  8
DEFAULT
 62
     7
100
AcDbVertex
100
AcDb2dVertex
 10
32.09822694444444
 20
29.38201444444444
 30
0.0
  0
VERTEX
  5
B2
330
B0
100
AcDbEntity
  8
DEFAULT
 62
     7
100
AcDbVertex
100
AcDb2dVertex
 10
34.59801027777777
 20
29.38201444444444
 30
0.0
  0
SEQEND
  5
B3
330
B0
100
AcDbEntity
  8
DEFAULT
 62
     7
  0
POLYLINE
  5
B4
330
1F
100
AcDbEntity
  8
DEFAULT
 62
     7
100
AcDb2dPolyline
 66
     1
 10
0.0
 20
0.0
 30
0.0
  0
VERTEX
  5
B5
330
B4
100
AcDbEntity
  8
DEFAULT
 62
     7
100
AcDbVertex
100
AcDb2dVertex
 10
34.32376083333333
 20
33.00899333333333
 30
0.0
  0
VERTEX
  5
B6
330
B4
100
AcDbEntity
  8
DEFAULT
 62
     7
100
AcDbVertex
100
AcDb2dVertex
 10
34.32376083333333
 20
30.38221
 30
0.0
  0
SEQEND
  5
B7
330
B4
100
AcDbEntity
  8
DEFAULT
 62
     7
  0
POLYLINE
  5
B8
330
1F
100
AcDbEntity
  8
DEFAULT
 62
     7
100
AcDb2dPolyline
 66
     1
 10
0.0
 20
0.0
 30
0.0
  0
VERTEX
  5
B9
330
B8
100
AcDbEntity
  8
DEFAULT
 62
     7
100
AcDbVertex
100
AcDb2dVertex
 10
34.32376083333333
 20
31.61372194444444
 30
0.0
  0
VERTEX
  5
BA
330
B8
100
AcDbEntity
  8
DEFAULT
 62
     7
100
AcDbVertex
100
AcDb2dVertex
 10
32.37113583333333
 20
31.61372194444444
 30
0.0
  0
SEQEND
  5
BB
330
B8
100
AcDbEntity
  8
DEFAULT
 62
     7
  0
POLYLINE
  5
BC
330
1F
100
AcDbEntity
  8
DEFAULT
 62
     7
100
AcDb2dPolyline
 66
     1
 10
0.0
 20
0.0
 30
0.0
  0
VERTEX
  5
BD
330
BC
100
AcDbEntity
  8
DEFAULT
 62
     7
100
AcDbVertex
100
AcDb2dVertex
 10
32.37124166666666
 20
30.38210416666666
 30
0.0
  0
VERTEX
  5
BE
330
BC
100
AcDbEntity
  8
DEFAULT
 62
     7
100
AcDbVertex
100
AcDb2dVertex
 10
32.37124166666666
 20
33.0088875
 30
0.0
  0
SEQEND
  5
BF
330
BC
100
AcDbEntity
  8
DEFAULT
 62
     7
  0
SPLINE
  5
C0
330
1F
100
AcDbEntity
  8
DEFAULT
 62
     1
100
AcDbSpline
210
0.0
220
0.0
230
1.0
 70
    11
 71
     3
 72
   209
 73
   205
 74
     0
 42
0.000000001
 43
0.0000000001
 40
1.0
 40
1.0
 40
1.0
 40
1.0
 40
2.0
 40
2.0
 40
2.0
 40
5.688547817231066
 40
5.688547817231066
 40
5.688547817231066
 40
6.688547817231066
 40
6.688547817231066
 40
6.688547817231066
 40
7.688547817231066
 40
7.688547817231066
 40
7.688547817231066
 40
20.58491277019359
 40
20.58491277019359
 40
20.58491277019359
 40
29.089006431484
 40
29.089006431484
 40
29.089006431484
 40
30.089006431484
 40
30.089006431484
 40
30.089006431484
 40
31.089006431484
 40
31.089006431484
 40
31.089006431484
 40
32.08900643148399
 40
32.08900643148399
 40
32.08900643148399
 40
33.08900643148399
 40
33.08900643148399
 40
33.08900643148399
 40
99.051006431484
 40
99.051006431484
 40
99.051006431484
 40
100.051006431484
 40
100.051006431484
 40
100.051006431484
 40
101.051006431484
 40
101.051006431484
 40
101.051006431484
 40
102.051006431484
 40
102.051006431484
 40
102.051006431484
 40
103.051006431484
 40
103.051006431484
 40
103.051006431484
 40
111.5542472254401
 40
111.5542472254401
 40
111.5542472254401
 40
124.4500899664168
 40
124.4500899664168
 40
124.4500899664168
 40
125.4500899664168
 40
125.4500899664168
 40
125.4500899664168
 40
126.4500899664168
 40
126.4500899664168
 40
126.4500899664168
 40
130.1386377836478
 40
130.1386377836478
 40
130.1386377836478
 40
131.1386377836478
 40
131.1386377836478
 40
131.1386377836478
 40
132.1386377836478
 40
132.1386377836478
 40
132.1386377836478
 40
133.1386377836478
 40
133.1386377836478
 40
133.1386377836478
 40
134.1386377836478
 40
134.1386377836478
 40
134.1386377836478
 40
142.642292586143
 40
142.642292586143
 40
142.642292586143
 40
155.5360383568646
 40
155.5360383568646
 40
155.5360383568646
 40
156.5360383568646
 40
156.5360383568646
 40
156.5360383568646
 40
157.5360383568646
 40
157.5360383568646
 40
157.5360383568646
 40
158.5360383568646
 40
158.5360383568646
 40
158.5360383568646
 40
159.5360383568646
 40
159.5360383568646
 40
159.5360383568646
 40
160.5360383568646
 40
160.5360383568646
 40
160.5360383568646
 40
173.4350383568646
 40
173.4350383568646
 40
173.4350383568646
 40
181.9390383568646
 40
181.9390383568646
 40
181.9390383568646
 40
194.8380383568646
 40
194.8380383568646
 40
194.8380383568646
 40
195.8380383568646
 40
195.8380383568646
 40
195.8380383568646
 40
196.8380383568646
 40
196.8380383568646
 40
196.8380383568646
 40
212.2810386482588
 40
212.2810386482588
 40
212.2810386482588
 40
213.2810386482588
 40
213.2810386482588
 40
213.2810386482588
 40
214.2810386482588
 40
214.2810386482588
 40
214.2810386482588
 40
215.2810386482588
 40
215.2810386482588
 40
215.2810386482588
 40
216.2810386482588
 40
216.2810386482588
 40
216.2810386482588
 40
217.2810386482588
 40
217.2810386482588
 40
217.2810386482588
 40
218.2810386482588
 40
218.2810386482588
 40
218.2810386482588
 40
231.1770386482588
 40
231.1770386482588
 40
231.1770386482588
 40
239.6810386482587
 40
239.6810386482587
 40
239.6810386482587
 40
252.5770386482587
 40
252.5770386482587
 40
252.5770386482587
 40
253.5770386482587
 40
253.5770386482587
 40
253.5770386482587
 40
254.5770386482587
 40
254.5770386482587
 40
254.5770386482587
 40
255.5770386482587
 40
255.5770386482587
 40
255.5770386482587
 40
256.5770386482587
 40
256.5770386482587
 40
256.5770386482587
 40
257.5770386482587
 40
257.5770386482587
 40
257.5770386482587
 40
258.5770386482587
 40
258.5770386482587
 40
258.5770386482587
 40
274.0200389396529
 40
274.0200389396529
 40
274.0200389396529
 40
275.0200389396529
 40
275.0200389396529
 40
275.0200389396529
 40
276.0200389396529
 40
276.0200389396529
 40
276.0200389396529
 40
288.9190389396529
 40
288.9190389396529
 40
288.9190389396529
 40
297.4230389396529
 40
297.4230389396529
 40
297.4230389396529
 40
310.3220389396529
 40
310.3220389396529
 40
310.3220389396529
 40
311.3220389396529
 40
311.3220389396529
 40
311.3220389396529
 40
312.3220389396529
 40
312.3220389396529
 40
312.3220389396529
 40
313.3220389396529
 40
313.3220389396529
 40
313.3220389396529
 40
314.3220389396529
 40
314.3220389396529
 40
314.3220389396529
 40
315.3220389396529
 40
315.3220389396529
 40
315.3220389396529
 40
328.2157847103745
 40
328.2157847103745
 40
328.2157847103745
 40
336.7194395128697
 40
336.7194395128697
 40
336.7194395128697
 40
337.7194395128697
 40
337.7194395128697
 40
337.7194395128697
 40
338.7194395128697
 40
338.7194395128697
 40
338.7194395128697
 40
339.7194395128697
 40
339.7194395128697
 40
339.7194395128697
 40
339.7194395128697
 10
56.14655888888888
 20
11.24355694444444
 30
0.0
 10
60.69598111111111
 20
17.5815625
 30
0.0
 10
58.55073944444444
 20
22.74693472222222
 30
0.0
 10
55.2794311111111
 20
23.42885416666666
 30
0.0
 10
55.05318296296295
 20
23.79891805555556
 30
0.0
 10
54.8269348148148
 20
24.16898194444444
 30
0.0
 10
54.60068666666665
 20
24.53904583333333
 30
0.0
 10
54.00449222222221
 20
25.5063625
 30
0.0
 10
54.12831722222221
 20
25.43298472222222
 30
0.0
 10
53.46791722222222
 20
26.51072083333333
 30
0.0
 10
52.80751722222222
 20
27.58845694444445
 30
0.0
 10
52.81668944444444
 20
27.4462875
 30
0.0
 10
52.22508111111111
 20
28.41889583333333
 30
0.0
 10
51.433095
 20
29.71217916666667
 30
0.0
 10
50.64110888888888
 20
31.0054625
 30
0.0
 10
49.84912277777777
 20
32.29874583333333
 30
0.0
 10
50.70202185185185
 20
32.82085694444444
 30
0.0
 10
51.55492092592592
 20
33.34296805555555
 30
0.0
 10
52.40781999999999
 20
33.86507916666666
 30
0.0
 10
53.00401444444444
 20
32.89282361111111
 30
0.0
 10
52.88477555555554
 20
32.96620138888889
 30
0.0
 10
53.54482277777777
 20
31.89305138888889
 30
0.0
 10
54.20557555555555
 20
30.81072916666666
 30
0.0
 10
54.76049499999999
 20
29.97147083333333
 30
0.0
 10
54.89807833333333
 20
30.05402083333333
 30
0.0
 10
58.22300888888888
 20
32.09060694444445
 30
0.0
 10
56.98193666666666
 20
34.72762083333333
 30
0.0
 10
56.11974777777777
 20
36.13590972222222
 30
0.0
 10
52.0472811111111
 20
42.79000416666666
 30
0.0
 10
45.34238666666666
 20
46.38551527777778
 30
0.0
 10
44.98466999999999
 20
40.13464583333333
 30
0.0
 10
37.2280274074074
 20
40.13464583333333
 30
0.0
 10
29.47138481481481
 20
40.13464583333333
 30
0.0
 10
21.71474222222222
 20
40.13464583333333
 30
0.0
 10
21.35243944444444
 20
46.38551527777778
 30
0.0
 10
14.64754499999999
 20
42.79000416666666
 30
0.0
 10
10.57507833333333
 20
36.13590972222222
 30
0.0
 10
9.712889444444444
 20
34.72338749999999
 30
0.0
 10
8.471817222222223
 20
32.08566805555555
 30
0.0
 10
11.80133388888888
 20
30.05402083333333
 30
0.0
 10
11.93433111111111
 20
29.97147083333333
 30
0.0
 10
12.49383666666666
 20
30.81072916666666
 30
0.0
 10
13.15423666666666
 20
31.88846527777778
 30
0.0
 10
13.81005055555555
 20
32.96620138888889
 30
0.0
 10
13.69539777777777
 20
32.89282361111111
 30
0.0
 10
14.28700611111111
 20
33.86507916666666
 30
0.0
 10
15.13978759259259
 20
33.34296805555555
 30
0.0
 10
15.99256907407407
 20
32.82085694444444
 30
0.0
 10
16.84535055555555
 20
32.29874583333333
 30
0.0
 10
16.05348203703703
 20
31.0054625
 30
0.0
 10
15.26161351851852
 20
29.71217916666667
 30
0.0
 10
14.469745
 20
28.41889583333333
 30
0.0
 10
13.87813666666666
 20
27.4462875
 30
0.0
 10
13.88730888888888
 20
27.58845694444445
 30
0.0
 10
13.231495
 20
26.51072083333333
 30
0.0
 10
12.571095
 20
25.43298472222222
 30
0.0
 10
12.69033388888888
 20
25.5063625
 30
0.0
 10
12.09872555555555
 20
24.53904583333333
 30
0.0
 10
11.8724774074074
 20
24.16898194444444
 30
0.0
 10
11.64622925925926
 20
23.79891805555555
 30
0.0
 10
11.41998111111111
 20
23.42885416666666
 30
0.0
 10
8.14867277777778
 20
22.74693472222222
 30
0.0
 10
5.998492222222223
 20
17.5815625
 30
0.0
 10
10.54791444444444
 20
11.24355694444444
 30
0.0
 10
11.51099777777778
 20
9.89947361111111
 30
0.0
 10
13.46397555555555
 20
7.736240277777777
 30
0.0
 10
16.62839222222222
 20
10.00671805555555
 30
0.0
 10
16.75680333333333
 20
10.09844027777778
 30
0.0
 10
16.196945
 20
10.94228472222222
 30
0.0
 10
15.46316722222222
 20
11.96922083333333
 30
0.0
 10
14.72480333333333
 20
12.99192361111111
 30
0.0
 10
14.74808666666666
 20
12.85892638888889
 30
0.0
 10
14.08310055555555
 20
13.78073472222222
 30
0.0
 10
14.89543018518518
 20
14.36387638888889
 30
0.0
 10
15.70775981481481
 20
14.94701805555555
 30
0.0
 10
16.52008944444444
 20
15.53015972222222
 30
0.0
 10
17.40368018518518
 20
14.29802453703704
 30
0.0
 10
18.28727092592592
 20
13.06588935185185
 30
0.0
 10
19.17086166666666
 20
11.83375416666667
 30
0.0
 10
19.83584777777778
 20
10.9077125
 30
0.0
 10
19.71202277777778
 20
10.97156527777778
 30
0.0
 10
20.44580055555555
 20
9.949215277777776
 30
0.0
 10
21.18416444444444
 20
8.917340277777777
 30
0.0
 10
21.16123388888888
 20
9.059509722222222
 30
0.0
 10
21.82622
 20
8.137348611111111
 30
0.0
 10
22.44746166666666
 20
8.574440277777779
 30
0.0
 10
22.64148944444444
 20
9.587618055555556
 30
0.0
 10
23.40313666666666
 20
9.587618055555556
 30
0.0
 10
23.40313666666666
 20
10.72462083333333
 30
0.0
 10
23.46663666666666
 20
10.59620972222222
 30
0.0
 10
23.46663666666666
 20
11.86268194444444
 30
0.0
 10
23.46663666666666
 20
13.1238625
 30
0.0
 10
23.40313666666666
 20
12.99968472222222
 30
0.0
 10
23.40313666666666
 20
14.1366875
 30
0.0
 10
23.40313666666666
 20
15.65351435185185
 30
0.0
 10
23.40313666666666
 20
17.1703412037037
 30
0.0
 10
23.40313666666666
 20
18.68716805555556
 30
0.0
 10
24.40314407407407
 20
18.68716805555556
 30
0.0
 10
25.40315148148148
 20
18.68716805555556
 30
0.0
 10
26.40315888888889
 20
18.68716805555556
 30
0.0
 10
26.40315888888889
 20
17.1703412037037
 30
0.0
 10
26.40315888888889
 20
15.65351435185185
 30
0.0
 10
26.40315888888889
 20
14.1366875
 30
0.0
 10
26.40315888888889
 20
12.99968472222222
 30
0.0
 10
26.33930611111111
 20
13.1238625
 30
0.0
 10
26.33930611111111
 20
11.86268194444444
 30
0.0
 10
26.33930611111111
 20
10.59620972222222
 30
0.0
 10
26.40315888888889
 20
10.72462083333333
 30
0.0
 10
26.40315888888889
 20
9.587618055555556
 30
0.0
 10
28.21914129629629
 20
9.587265277777778
 30
0.0
 10
30.03512370370369
 20
9.5869125
 30
0.0
 10
31.8511061111111
 20
9.586559722222223
 30
0.0
 10
31.88744222222222
 20
9.586559722222223
 30
0.0
 10
31.91072555555555
 20
10.33903472222222
 30
0.0
 10
31.91072555555555
 20
10.55916805555555
 30
0.0
 10
31.91072555555555
 20
11.81999583333333
 30
0.0
 10
31.8511061111111
 20
11.69617083333333
 30
0.0
 10
31.8511061111111
 20
12.83352638888889
 30
0.0
 10
31.8511061111111
 20
13.97088194444444
 30
0.0
 10
31.91072555555555
 20
13.84247083333333
 30
0.0
 10
31.91072555555555
 20
15.1082375
 30
0.0
 10
31.91072555555555
 20
16.36941805555555
 30
0.0
 10
31.8511061111111
 20
16.24594583333333
 30
0.0
 10
31.8511061111111
 20
17.38294861111111
 30
0.0
 10
31.8511061111111
 20
18.52065694444444
 30
0.0
 10
31.91072555555555
 20
18.39224583333333
 30
0.0
 10
31.91072555555555
 20
19.65765972222222
 30
0.0
 10
31.91072555555555
 20
20.91884027777778
 30
0.0
 10
31.8511061111111
 20
20.79501527777778
 30
0.0
 10
31.8511061111111
 20
21.93237083333333
 30
0.0
 10
31.8511061111111
 20
23.44884490740741
 30
0.0
 10
31.8511061111111
 20
24.96531898148148
 30
0.0
 10
31.8511061111111
 20
26.48179305555556
 30
0.0
 10
32.85111351851851
 20
26.48179305555556
 30
0.0
 10
33.85112092592592
 20
26.48179305555556
 30
0.0
 10
34.85112833333332
 20
26.48179305555556
 30
0.0
 10
34.85112833333332
 20
24.96531898148148
 30
0.0
 10
34.85112833333332
 20
23.44884490740741
 30
0.0
 10
34.85112833333332
 20
21.93237083333333
 30
0.0
 10
34.85112833333332
 20
20.79501527777778
 30
0.0
 10
34.78692277777778
 20
20.91884027777778
 30
0.0
 10
34.78692277777778
 20
19.65765972222222
 30
0.0
 10
34.78692277777778
 20
18.39224583333333
 30
0.0
 10
34.84654222222222
 20
18.52065694444444
 30
0.0
 10
34.84654222222222
 20
17.38294861111111
 30
0.0
 10
34.84654222222222
 20
16.24594583333333
 30
0.0
 10
34.78692277777778
 20
16.36941805555555
 30
0.0
 10
34.78692277777778
 20
15.1082375
 30
0.0
 10
34.78692277777778
 20
13.84247083333333
 30
0.0
 10
34.85112833333332
 20
13.97088194444444
 30
0.0
 10
34.85112833333332
 20
12.83352638888889
 30
0.0
 10
34.85112833333332
 20
11.69617083333333
 30
0.0
 10
34.78692277777778
 20
11.81999583333333
 30
0.0
 10
34.78692277777778
 20
10.55916805555555
 30
0.0
 10
34.78692277777778
 20
10.33903472222222
 30
0.0
 10
34.80985333333333
 20
9.586559722222223
 30
0.0
 10
34.85112833333332
 20
9.586559722222223
 30
0.0
 10
36.66711074074073
 20
9.5869125
 30
0.0
 10
38.48309314814815
 20
9.587265277777778
 30
0.0
 10
40.29907555555555
 20
9.587618055555556
 30
0.0
 10
40.29907555555555
 20
10.72462083333333
 30
0.0
 10
40.36257555555555
 20
10.59620972222222
 30
0.0
 10
40.36257555555555
 20
11.86268194444444
 30
0.0
 10
40.36257555555555
 20
13.1238625
 30
0.0
 10
40.29907555555555
 20
12.99968472222222
 30
0.0
 10
40.29907555555555
 20
14.1366875
 30
0.0
 10
40.29907555555555
 20
15.65351435185185
 30
0.0
 10
40.29907555555555
 20
17.1703412037037
 30
0.0
 10
40.29907555555555
 20
18.68716805555556
 30
0.0
 10
41.29908296296296
 20
18.68716805555556
 30
0.0
 10
42.29909037037036
 20
18.68716805555556
 30
0.0
 10
43.29909777777777
 20
18.68716805555556
 30
0.0
 10
43.29909777777777
 20
17.1703412037037
 30
0.0
 10
43.29909777777777
 20
15.65351435185185
 30
0.0
 10
43.29909777777777
 20
14.1366875
 30
0.0
 10
43.29909777777777
 20
12.99968472222222
 30
0.0
 10
43.23559777777777
 20
13.1238625
 30
0.0
 10
43.23559777777777
 20
11.86268194444444
 30
0.0
 10
43.23559777777777
 20
10.59620972222222
 30
0.0
 10
43.29909777777777
 20
10.72462083333333
 30
0.0
 10
43.29909777777777
 20
9.587618055555556
 30
0.0
 10
44.06039222222222
 20
9.587618055555556
 30
0.0
 10
44.24736444444444
 20
8.574440277777779
 30
0.0
 10
44.86860611111111
 20
8.137348611111111
 30
0.0
 10
45.53359222222221
 20
9.059509722222222
 30
0.0
 10
45.51066166666666
 20
8.92157361111111
 30
0.0
 10
46.24902555555555
 20
9.949215277777776
 30
0.0
 10
46.98280333333333
 20
10.97156527777778
 30
0.0
 10
46.85897833333333
 20
10.9077125
 30
0.0
 10
47.52396444444444
 20
11.83375416666667
 30
0.0
 10
48.40755518518517
 20
13.06588935185185
 30
0.0
 10
49.29114592592592
 20
14.29802453703704
 30
0.0
 10
50.17473666666666
 20
15.53015972222222
 30
0.0
 10
50.98706629629629
 20
14.94701805555555
 30
0.0
 10
51.79939592592592
 20
14.36387638888889
 30
0.0
 10
52.61172555555554
 20
13.78073472222222
 30
0.0
 10
51.94673944444444
 20
12.85892638888889
 30
0.0
 10
51.96966999999999
 20
12.99192361111111
 30
0.0
 10
51.23589222222222
 20
11.96957361111111
 30
0.0
 10
50.49752833333332
 20
10.94228472222222
 30
0.0
 10
49.93802277777777
 20
10.10302638888889
 30
0.0
 10
50.06643388888887
 20
10.00671805555555
 30
0.0
 10
53.23543666666666
 20
7.736593055555556
 30
0.0
 10
55.18382833333332
 20
9.9044125
 30
0.0
 10
56.14655888888888
 20
11.24355694444444
 30
0.0
  0
POLYLINE
  5
C1
330
1F
100
AcDbEntity
  8
DEFAULT
 62
     7
100
AcDb2dPolyline
 66
     1
 10
0.0
 20
0.0
 30
0.0
  0
VERTEX
  5
C2
330
C1
100
AcDbEntity
  8
DEFAULT
 62
     7
100
AcDbVertex
100
AcDb2dVertex
 10
14.06694333333333
 20
58.84065222222223
 30
0.0
  0
VERTEX
  5
C3
330
C1
100
AcDbEntity
  8
DEFAULT
 62
     7
100
AcDbVertex
100
AcDb2dVertex
 10
11.49342944444444
 20
57.29936611111111
 30
0.0
  0
SEQEND
  5
C4
330
C1
100
AcDbEntity
  8
DEFAULT
 62
     7
  0
SPLINE
  5
C5
330
1F
100
AcDbEntity
  8
DEFAULT
 62
     7
100
AcDbSpline
210
0.0
220
0.0
230
1.0
 70
     8
 71
     3
 72
    17
 73
    13
 74
     0
 42
0.000000001
 43
0.0000000001
 40
0.0
 40
0.0
 40
0.0
 40
0.0
 40
3.643660247608165
 40
3.643660247608165
 40
3.643660247608165
 40
4.643660247608166
 40
4.643660247608166
 40
4.643660247608166
 40
5.643660247608166
 40
5.643660247608166
 40
5.643660247608166
 40
6.643660247608166
 40
6.643660247608166
 40
6.643660247608166
 40
6.643660247608166
 10
13.18602194444444
 20
60.23662916666667
 30
0.0
 10
12.8184275
 20
60.01649583333333
 30
0.0
 10
12.45083305555556
 20
59.79636249999999
 30
0.0
 10
12.08323861111112
 20
59.57622916666666
 30
0.0
 10
12.08323861111111
 20
59.57622916666666
 30
0.0
 10
12.45894694444444
 20
61.52532638888889
 30
0.0
 10
12.21870527777778
 20
61.92643472222222
 30
0.0
 10
12.03243861111111
 20
62.23758472222222
 30
0.0
 10
11.72728583333333
 20
62.36634861111111
 30
0.0
 10
11.32899972222222
 20
62.12751805555556
 30
0.0
 10
11.11521638888889
 20
61.9998125
 30
0.0
 10
10.88344138888889
 20
61.68301805555555
 30
0.0
 10
11.12897472222222
 20
61.27309027777778
 30
0.0
  0
SPLINE
  5
C6
330
1F
100
AcDbEntity
  8
DEFAULT
 62
     7
100
AcDbSpline
210
0.0
220
0.0
230
1.0
 70
     8
 71
     3
 72
    29
 73
    25
 74
     0
 42
0.000000001
 43
0.0000000001
 40
0.0
 40
0.0
 40
0.0
 40
0.0
 40
1.0
 40
1.0
 40
1.0
 40
2.0
 40
2.0
 40
2.0
 40
3.0
 40
3.0
 40
3.0
 40
4.0
 40
4.0
 40
4.0
 40
5.0
 40
5.0
 40
5.0
 40
6.0
 40
6.0
 40
6.0
 40
7.0
 40
7.0
 40
7.0
 40
8.0
 40
8.0
 40
8.0
 40
8.0
 10
11.63401138888889
 20
59.61408222222222
 30
0.0
 10
11.6322475
 20
59.44263222222222
 30
0.0
 10
11.46467805555555
 20
59.20556555555556
 30
0.0
 10
11.2512475
 20
59.07750722222222
 30
0.0
 10
10.90940583333333
 20
58.87289611111111
 30
0.0
 10
10.49453916666666
 20
59.01012666666666
 30
0.0
 10
10.27123083333333
 20
59.38336555555556
 30
0.0
 10
9.997828055555555
 20
59.83985999999999
 30
0.0
 10
10.14740583333333
 20
60.28118499999999
 30
0.0
 10
10.46349472222222
 20
60.47027388888888
 30
0.0
 10
10.70267805555555
 20
60.61350166666666
 30
0.0
 10
10.96726138888889
 20
60.60574055555556
 30
0.0
 10
11.09355583333333
 20
60.53024611111111
 30
0.0
 10
11.15846694444444
 20
60.40994888888888
 30
0.0
 10
11.85555583333333
 20
59.24401833333333
 30
0.0
 10
11.85555583333333
 20
59.24401833333333
 30
0.0
 10
12.07780583333333
 20
58.87254333333333
 30
0.0
 10
12.04676138888889
 20
58.79422666666666
 30
0.0
 10
12.00795583333333
 20
58.58009055555555
 30
0.0
 10
11.97303083333333
 20
58.35925166666667
 30
0.0
 10
11.82380583333333
 20
58.2061461111111
 30
0.0
 10
11.6639975
 20
58.11054333333333
 30
0.0
 10
11.51230305555555
 20
58.01952666666666
 30
0.0
 10
11.31686416666667
 20
57.96625722222223
 30
0.0
 10
11.16305305555555
 20
57.99200999999999
 30
0.0
  0
POLYLINE
  5
C7
330
1F
100
AcDbEntity
  8
DEFAULT
 62
     7
100
AcDb2dPolyline
 66
     1
 10
0.0
 20
0.0
 30
0.0
  0
VERTEX
  5
C8
330
C7
100
AcDbEntity
  8
DEFAULT
 62
     7
100
AcDbVertex
100
AcDb2dVertex
 10
55.20637083333332
 20
57.30000111111109
 30
0.0
  0
VERTEX
  5
C9
330
C7
100
AcDbEntity
  8
DEFAULT
 62
     7
100
AcDbVertex
100
AcDb2dVertex
 10
52.63250416666666
 20
58.84163999999998
 30
0.0
  0
SEQEND
  5
CA
330
C7
100
AcDbEntity
  8
DEFAULT
 62
     7
  0
SPLINE
  5
CB
330
1F
100
AcDbEntity
  8
DEFAULT
 62
     7
100
AcDbSpline
210
0.0
220
0.0
230
1.0
 70
     8
 71
     3
 72
    17
 73
    13
 74
     0
 42
0.000000001
 43
0.0000000001
 40
0.0
 40
0.0
 40
0.0
 40
0.0
 40
3.643660247608202
 40
3.643660247608202
 40
3.643660247608202
 40
4.643660247608201
 40
4.643660247608201
 40
4.643660247608201
 40
5.643660247608201
 40
5.643660247608201
 40
5.643660247608201
 40
6.643660247608201
 40
6.643660247608201
 40
6.643660247608201
 40
6.643660247608201
 10
56.02114638888888
 20
58.73559499999999
 30
0.0
 10
55.65355194444444
 20
58.95572833333333
 30
0.0
 10
55.28595749999997
 20
59.17586166666666
 30
0.0
 10
54.91836305555553
 20
59.395995
 30
0.0
 10
54.91836305555555
 20
59.395995
 30
0.0
 10
56.81419083333332
 20
59.98442833333332
 30
0.0
 10
57.05443249999999
 20
60.38588944444444
 30
0.0
 10
57.24069916666665
 20
60.69703944444444
 30
0.0
 10
57.21000749999999
 20
61.02653388888888
 30
0.0
 10
56.81172138888888
 20
61.26536444444443
 30
0.0
 10
56.59793805555555
 20
61.39306999999999
 30
0.0
 10
56.20952972222221
 20
61.44810333333332
 30
0.0
 10
55.96399638888888
 20
61.03817555555554
 30
0.0
  0
SPLINE
  5
CC
330
1F
100
AcDbEntity
  8
DEFAULT
 62
     7
100
AcDbSpline
210
0.0
220
0.0
230
1.0
 70
     8
 71
     3
 72
    29
 73
    25
 74
     0
 42
0.000000001
 43
0.0000000001
 40
0.0
 40
0.0
 40
0.0
 40
0.0
 40
1.0
 40
1.0
 40
1.0
 40
2.0
 40
2.0
 40
2.0
 40
3.0
 40
3.0
 40
3.0
 40
4.0
 40
4.0
 40
4.0
 40
5.0
 40
5.0
 40
5.0
 40
6.0
 40
6.0
 40
6.0
 40
7.0
 40
7.0
 40
7.0
 40
8.0
 40
8.0
 40
8.0
 40
8.0
 10
54.73957527777777
 20
59.81012083333333
 30
0.0
 10
54.58752805555555
 20
59.73074583333333
 30
0.0
 10
54.29966138888889
 20
59.76637638888889
 30
0.0
 10
54.08587805555555
 20
59.89443472222222
 30
0.0
 10
53.74438916666666
 20
60.09904583333333
 30
0.0
 10
53.66960027777778
 20
60.52943472222221
 30
0.0
 10
53.89290861111111
 20
60.90267361111111
 30
0.0
 10
54.16631138888889
 20
61.35916805555555
 30
0.0
 10
54.62598083333333
 20
61.43501527777777
 30
0.0
 10
54.94206972222223
 20
61.24592638888888
 30
0.0
 10
55.18125305555556
 20
61.1026986111111
 30
0.0
 10
55.29908083333333
 20
60.86563194444444
 30
0.0
 10
55.29237805555556
 20
60.7185236111111
 30
0.0
 10
55.21688361111111
 20
60.60457638888889
 30
0.0
 10
54.51803083333333
 20
59.44005694444444
 30
0.0
 10
54.51803083333333
 20
59.44005694444444
 30
0.0
 10
54.29578083333333
 20
59.06858194444444
 30
0.0
 10
54.21181972222222
 20
59.05905694444444
 30
0.0
 10
54.00473916666667
 20
58.99238194444444
 30
0.0
 10
53.79377805555555
 20
58.91900416666666
 30
0.0
 10
53.58810861111111
 20
58.97862361111111
 30
0.0
 10
53.42830027777777
 20
59.07387361111111
 30
0.0
 10
53.27660583333333
 20
59.16489027777777
 30
0.0
 10
53.13725861111111
 20
59.31199861111111
 30
0.0
 10
53.08751694444445
 20
59.4598125
 30
0.0
  0
POLYLINE
  5
CD
330
1F
100
AcDbEntity
  8
DEFAULT
 62
     7
100
AcDb2dPolyline
 66
     1
 10
0.0
 20
0.0
 30
0.0
  0
VERTEX
  5
CE
330
CD
100
AcDbEntity
  8
DEFAULT
 62
     7
100
AcDbVertex
100
AcDb2dVertex
 10
16.05837388888888
 20
76.91328138888885
 30
0.0
  0
VERTEX
  5
CF
330
CD
100
AcDbEntity
  8
DEFAULT
 62
     7
100
AcDbVertex
100
AcDb2dVertex
 10
13.50002944444444
 20
78.47996749999996
 30
0.0
  0
SEQEND
  5
D0
330
CD
100
AcDbEntity
  8
DEFAULT
 62
     7
  0
POLYLINE
  5
D1
330
1F
100
AcDbEntity
  8
DEFAULT
 62
     7
100
AcDb2dPolyline
 66
     1
 10
0.0
 20
0.0
 30
0.0
  0
VERTEX
  5
D2
330
D1
100
AcDbEntity
  8
DEFAULT
 62
     7
100
AcDbVertex
100
AcDb2dVertex
 10
16.85473444444445
 20
78.3604111111111
 30
0.0
  0
VERTEX
  5
D3
330
D1
100
AcDbEntity
  8
DEFAULT
 62
     7
100
AcDbVertex
100
AcDb2dVertex
 10
18.17765111111111
 20
80.521175
 30
0.0
  0
VERTEX
  5
D4
330
D1
100
AcDbEntity
  8
DEFAULT
 62
     7
100
AcDbVertex
100
AcDb2dVertex
 10
17.09815111111111
 20
80.37759444444443
 30
0.0
  0
SEQEND
  5
D5
330
D1
100
AcDbEntity
  8
DEFAULT
 62
     7
  0
SPLINE
  5
D6
330
1F
100
AcDbEntity
  8
DEFAULT
 62
     7
100
AcDbSpline
210
0.0
220
0.0
230
1.0
 70
     8
 71
     3
 72
    29
 73
    25
 74
     0
 42
0.000000001
 43
0.0000000001
 40
0.0
 40
0.0
 40
0.0
 40
0.0
 40
1.0
 40
1.0
 40
1.0
 40
2.0
 40
2.0
 40
2.0
 40
3.0
 40
3.0
 40
3.0
 40
4.0
 40
4.0
 40
4.0
 40
5.0
 40
5.0
 40
5.0
 40
6.0
 40
6.0
 40
6.0
 40
7.0
 40
7.0
 40
7.0
 40
8.0
 40
8.0
 40
8.0
 40
8.0
 10
15.80447972222222
 20
79.31245249999999
 30
0.0
 10
15.64220194444444
 20
79.24048583333332
 30
0.0
 10
15.32611305555555
 20
79.2965775
 30
0.0
 10
15.0872825
 20
79.44262749999999
 30
0.0
 10
14.70487138888889
 20
79.67687194444443
 30
0.0
 10
14.60397694444444
 20
80.1266636111111
 30
0.0
 10
14.83116583333333
 20
80.49743305555555
 30
0.0
 10
15.10880194444444
 20
80.95110527777777
 30
0.0
 10
15.60727694444444
 20
80.9997886111111
 30
0.0
 10
15.96076027777778
 20
80.78318305555555
 30
0.0
 10
16.22816583333333
 20
80.61949416666667
 30
0.0
 10
16.36751305555556
 20
80.3665525
 30
0.0
 10
16.3668075
 20
80.21521083333333
 30
0.0
 10
16.28954916666666
 20
80.10232194444444
 30
0.0
 10
15.57905472222222
 20
78.94450527777776
 30
0.0
 10
15.57905472222222
 20
78.94450527777776
 30
0.0
 10
15.35327694444444
 20
78.5758525
 30
0.0
 10
15.2619075
 20
78.57126638888889
 30
0.0
 10
15.03930472222222
 20
78.51588027777777
 30
0.0
 10
14.81211583333333
 20
78.45379138888889
 30
0.0
 10
14.58457416666667
 20
78.52858027777776
 30
0.0
 10
14.40642138888889
 20
78.63794138888888
 30
0.0
 10
14.23673527777778
 20
78.74201083333332
 30
0.0
 10
14.07798527777778
 20
78.90323027777777
 30
0.0
 10
14.01660194444444
 20
79.05951083333332
 30
0.0
  0
POLYLINE
  5
D7
330
1F
100
AcDbEntity
  8
DEFAULT
 62
     7
100
AcDb2dPolyline
 66
     1
 10
0.0
 20
0.0
 30
0.0
  0
VERTEX
  5
D8
330
D7
100
AcDbEntity
  8
DEFAULT
 62
     7
100
AcDbVertex
100
AcDb2dVertex
 10
53.19652527777778
 20
78.47531083333332
 30
0.0
  0
VERTEX
  5
D9
330
D7
100
AcDbEntity
  8
DEFAULT
 62
     7
100
AcDbVertex
100
AcDb2dVertex
 10
50.63818083333332
 20
76.90897749999999
 30
0.0
  0
SEQEND
  5
DA
330
D7
100
AcDbEntity
  8
DEFAULT
 62
     7
  0
POLYLINE
  5
DB
330
1F
100
AcDbEntity
  8
DEFAULT
 62
     7
100
AcDb2dPolyline
 66
     1
 10
0.0
 20
0.0
 30
0.0
  0
VERTEX
  5
DC
330
DB
100
AcDbEntity
  8
DEFAULT
 62
     7
100
AcDbVertex
100
AcDb2dVertex
 10
52.26960166666666
 20
79.84246583333334
 30
0.0
  0
VERTEX
  5
DD
330
DB
100
AcDbEntity
  8
DEFAULT
 62
     7
100
AcDbVertex
100
AcDb2dVertex
 10
50.946685
 20
82.00322972222222
 30
0.0
  0
VERTEX
  5
DE
330
DB
100
AcDbEntity
  8
DEFAULT
 62
     7
100
AcDbVertex
100
AcDb2dVertex
 10
50.58367666666666
 20
80.9762936111111
 30
0.0
  0
SEQEND
  5
DF
330
DB
100
AcDbEntity
  8
DEFAULT
 62
     7
  0
SPLINE
  5
E0
330
1F
100
AcDbEntity
  8
DEFAULT
 62
     7
100
AcDbSpline
210
0.0
220
0.0
230
1.0
 70
     8
 71
     3
 72
    29
 73
    25
 74
     0
 42
0.000000001
 43
0.0000000001
 40
0.0
 40
0.0
 40
0.0
 40
0.0
 40
1.0
 40
1.0
 40
1.0
 40
2.0
 40
2.0
 40
2.0
 40
3.0
 40
3.0
 40
3.0
 40
4.0
 40
4.0
 40
4.0
 40
5.0
 40
5.0
 40
5.0
 40
6.0
 40
6.0
 40
6.0
 40
7.0
 40
7.0
 40
7.0
 40
8.0
 40
8.0
 40
8.0
 40
8.0
 10
50.9442861111111
 20
79.33982805555554
 30
0.0
 10
50.93440833333333
 20
79.1627336111111
 30
0.0
 10
50.74108611111111
 20
78.90661694444442
 30
0.0
 10
50.50225555555555
 20
78.76021416666666
 30
0.0
 10
50.11984444444444
 20
78.52632249999998
 30
0.0
 10
49.67322777777777
 20
78.64062249999999
 30
0.0
 10
49.44603888888888
 20
79.01139194444443
 30
0.0
 10
49.16840277777777
 20
79.46506416666665
 30
0.0
 10
49.35149444444444
 20
79.93143638888887
 30
0.0
 10
49.70497777777777
 20
80.14768916666665
 30
0.0
 10
49.9727361111111
 20
80.31137805555554
 30
0.0
 10
50.26130833333333
 20
80.32090305555555
 30
0.0
 10
50.39571666666666
 20
80.25105305555554
 30
0.0
 10
50.46133333333333
 20
80.1311086111111
 30
0.0
 10
51.16935833333333
 20
78.9722336111111
 30
0.0
 10
51.16935833333333
 20
78.9722336111111
 30
0.0
 10
51.39548888888888
 20
78.60322805555555
 30
0.0
 10
51.35774166666666
 20
78.51961972222222
 30
0.0
 10
51.30588333333333
 20
78.2959586111111
 30
0.0
 10
51.25790555555555
 20
78.06559472222222
 30
0.0
 10
51.08786666666666
 20
77.8973197222222
 30
0.0
 10
50.90936111111111
 20
77.7879586111111
 30
0.0
 10
50.73932222222222
 20
77.68424194444442
 30
0.0
 10
50.52377499999999
 20
77.61615583333332
 30
0.0
 10
50.35655833333333
 20
77.63273638888887
 30
0.0
  0
POLYLINE
  5
E1
330
1F
100
AcDbEntity
  8
DEFAULT
 62
     7
100
AcDb2dPolyline
 66
     1
 10
0.0
 20
0.0
 30
0.0
  0
VERTEX
  5
E2
330
E1
100
AcDbEntity
  8
DEFAULT
 62
     7
100
AcDbVertex
100
AcDb2dVertex
 10
52.06738944444443
 20
57.89774777777776
 30
0.0
  0
VERTEX
  5
E3
330
E1
100
AcDbEntity
  8
DEFAULT
 62
     7
100
AcDbVertex
100
AcDb2dVertex
 10
54.64090333333331
 20
56.35646166666665
 30
0.0
  0
SEQEND
  5
E4
330
E1
100
AcDbEntity
  8
DEFAULT
 62
     7
  0
POLYLINE
  5
E5
330
1F
100
AcDbEntity
  8
DEFAULT
 62
     7
100
AcDb2dPolyline
 66
     1
 10
0.0
 20
0.0
 30
0.0
  0
VERTEX
  5
E6
330
E5
100
AcDbEntity
  8
DEFAULT
 62
     7
100
AcDbVertex
100
AcDb2dVertex
 10
32.09822694444444
 20
68.5093386111111
 30
0.0
  0
VERTEX
  5
E7
330
E5
100
AcDbEntity
  8
DEFAULT
 62
     7
100
AcDbVertex
100
AcDb2dVertex
 10
34.59801027777777
 20
68.5093386111111
 30
0.0
  0
SEQEND
  5
E8
330
E5
100
AcDbEntity
  8
DEFAULT
 62
     7
  0
SPLINE
  5
E9
330
1F
100
AcDbEntity
  8
DEFAULT
 62
     7
100
AcDbSpline
210
0.0
220
0.0
230
1.0
 70
     8
 71
     3
 72
    26
 73
    22
 74
     0
 42
0.000000001
 43
0.0000000001
 40
0.0
 40
0.0
 40
0.0
 40
0.0
 40
2.453000000000003
 40
2.453000000000003
 40
2.453000000000003
 40
6.033000000000015
 40
6.033000000000015
 40
6.033000000000015
 40
7.033000000000015
 40
7.033000000000015
 40
7.033000000000015
 40
8.033000000000015
 40
8.033000000000015
 40
8.033000000000015
 40
9.033000000000015
 40
9.033000000000015
 40
9.033000000000015
 40
10.03300000000002
 40
10.03300000000002
 40
10.03300000000002
 40
11.03300000000002
 40
11.03300000000002
 40
11.03300000000002
 40
11.03300000000002
 10
33.56119638888889
 20
70.91641194444443
 30
0.0
 10
33.84965101851851
 20
70.91641194444443
 30
0.0
 10
34.13810564814815
 20
70.91641194444443
 30
0.0
 10
34.42656027777777
 20
70.91641194444443
 30
0.0
 10
34.42656027777777
 20
70.49543046296296
 30
0.0
 10
34.42656027777777
 20
70.07444898148148
 30
0.0
 10
34.42656027777777
 20
69.65346749999999
 30
0.0
 10
34.27416027777777
 20
69.5991397222222
 30
0.0
 10
33.97429916666667
 20
69.50953416666665
 30
0.0
 10
33.6197575
 20
69.50953416666665
 30
0.0
 10
33.22217694444444
 20
69.50953416666665
 30
0.0
 10
32.89479916666667
 20
69.61078138888888
 30
0.0
 10
32.63727138888888
 20
69.85631472222221
 30
0.0
 10
32.41114083333333
 20
70.07433138888888
 30
0.0
 10
32.27108805555555
 20
70.42534527777777
 30
0.0
 10
32.27108805555555
 20
70.83456749999999
 30
0.0
 10
32.27496861111111
 20
71.61808694444444
 30
0.0
 10
32.81260194444445
 20
72.19099805555554
 30
0.0
 10
33.69348805555556
 20
72.19099805555554
 30
0.0
 10
33.99793527777778
 20
72.19099805555554
 30
0.0
 10
34.23535472222222
 20
72.12467583333333
 30
0.0
 10
34.34824361111111
 20
72.07034805555554
 30
0.0
  0
SPLINE
  5
EA
330
1F
100
AcDbEntity
  8
DEFAULT
 62
     1
100
AcDbSpline
210
0.0
220
0.0
230
1.0
 70
    11
 71
     3
 72
   191
 73
   187
 74
     0
 42
0.000000001
 43
0.0000000001
 40
1.0
 40
1.0
 40
1.0
 40
1.0
 40
2.0
 40
2.0
 40
2.0
 40
5.698457651508257
 40
5.698457651508257
 40
5.698457651508257
 40
6.698457651508257
 40
6.698457651508257
 40
6.698457651508257
 40
7.698457651508257
 40
7.698457651508257
 40
7.698457651508257
 40
20.59548401420133
 40
20.59548401420133
 40
20.59548401420133
 40
29.09957767549174
 40
29.09957767549174
 40
29.09957767549174
 40
30.09957767549174
 40
30.09957767549174
 40
30.09957767549174
 40
31.09957767549174
 40
31.09957767549174
 40
31.09957767549174
 40
32.09957767549174
 40
32.09957767549174
 40
32.09957767549174
 40
33.09957767549174
 40
33.09957767549174
 40
33.09957767549174
 40
106.7955776754918
 40
106.7955776754918
 40
106.7955776754918
 40
107.7955776754918
 40
107.7955776754918
 40
107.7955776754918
 40
108.7955776754918
 40
108.7955776754918
 40
108.7955776754918
 40
109.7955776754918
 40
109.7955776754918
 40
109.7955776754918
 40
110.7955776754918
 40
110.7955776754918
 40
110.7955776754918
 40
119.2993406660742
 40
119.2993406660742
 40
119.2993406660742
 40
132.1955141295478
 40
132.1955141295478
 40
132.1955141295478
 40
133.1955141295478
 40
133.1955141295478
 40
133.1955141295478
 40
134.1955141295478
 40
134.1955141295478
 40
134.1955141295478
 40
137.8818339745965
 40
137.8818339745965
 40
137.8818339745965
 40
138.8818339745965
 40
138.8818339745965
 40
138.8818339745965
 40
139.8818339745965
 40
139.8818339745965
 40
139.8818339745965
 40
140.8818339745965
 40
140.8818339745965
 40
140.8818339745965
 40
141.8818339745965
 40
141.8818339745965
 40
141.8818339745965
 40
150.385937513477
 40
150.385937513477
 40
150.385937513477
 40
163.2701443187096
 40
163.2701443187096
 40
163.2701443187096
 40
164.2701443187096
 40
164.2701443187096
 40
164.2701443187096
 40
165.2701443187096
 40
165.2701443187096
 40
165.2701443187096
 40
184.9645393843114
 40
184.9645393843114
 40
184.9645393843114
 40
185.9645393843114
 40
185.9645393843114
 40
185.9645393843114
 40
186.9645393843114
 40
186.9645393843114
 40
186.9645393843114
 40
187.9645393843114
 40
187.9645393843114
 40
187.9645393843114
 40
188.9645393843114
 40
188.9645393843114
 40
188.9645393843114
 40
189.9645393843114
 40
189.9645393843114
 40
189.9645393843114
 40
190.9645393843114
 40
190.9645393843114
 40
190.9645393843114
 40
191.9645393843114
 40
191.9645393843114
 40
191.9645393843114
 40
192.9645393843114
 40
192.9645393843114
 40
192.9645393843114
 40
193.9645393843114
 40
193.9645393843114
 40
193.9645393843114
 40
194.9645393843114
 40
194.9645393843114
 40
194.9645393843114
 40
195.9645393843114
 40
195.9645393843114
 40
195.9645393843114
 40
208.8595393843113
 40
208.8595393843113
 40
208.8595393843113
 40
217.3635393843113
 40
217.3635393843113
 40
217.3635393843113
 40
230.2585393843113
 40
230.2585393843113
 40
230.2585393843113
 40
231.2585393843113
 40
231.2585393843113
 40
231.2585393843113
 40
232.2585393843113
 40
232.2585393843113
 40
232.2585393843113
 40
233.2585393843113
 40
233.2585393843113
 40
233.2585393843113
 40
234.2585393843113
 40
234.2585393843113
 40
234.2585393843113
 40
235.2585393843113
 40
235.2585393843113
 40
235.2585393843113
 40
236.2585393843113
 40
236.2585393843113
 40
236.2585393843113
 40
237.2585393843113
 40
237.2585393843113
 40
237.2585393843113
 40
238.2585393843113
 40
238.2585393843113
 40
238.2585393843113
 40
239.2585393843113
 40
239.2585393843113
 40
239.2585393843113
 40
240.2585393843113
 40
240.2585393843113
 40
240.2585393843113
 40
241.2585393843113
 40
241.2585393843113
 40
241.2585393843113
 40
260.9462614973441
 40
260.9462614973441
 40
260.9462614973441
 40
261.9462614973441
 40
261.9462614973441
 40
261.9462614973441
 40
262.9462614973441
 40
262.9462614973441
 40
262.9462614973441
 40
275.8357649788596
 40
275.8357649788596
 40
275.8357649788596
 40
284.3398685177401
 40
284.3398685177401
 40
284.3398685177401
 40
285.3398685177401
 40
285.3398685177401
 40
285.3398685177401
 40
286.3398685177401
 40
286.3398685177401
 40
286.3398685177401
 40
287.3398685177401
 40
287.3398685177401
 40
287.3398685177401
 40
287.3398685177401
 10
58.37241027777777
 20
54.12087361111111
 30
0.0
 10
62.38031861111111
 20
60.81165694444444
 30
0.0
 10
60.11724916666666
 20
65.07885694444444
 30
0.0
 10
56.64238805555556
 20
67.10133194444444
 30
0.0
 10
56.41602231481482
 20
67.47268935185184
 30
0.0
 10
56.18965657407407
 20
67.84404675925926
 30
0.0
 10
55.96329083333332
 20
68.21540416666666
 30
0.0
 10
55.36709638888888
 20
69.17848749999999
 30
0.0
 10
55.49127416666666
 20
69.10510972222221
 30
0.0
 10
54.83052138888889
 20
70.18249305555555
 30
0.0
 10
54.17012138888889
 20
71.25987638888888
 30
0.0
 10
54.17929361111111
 20
71.1184125
 30
0.0
 10
53.58768527777778
 20
72.09031527777778
 30
0.0
 10
52.79593435185186
 20
73.3838337962963
 30
0.0
 10
52.00418342592593
 20
74.67735231481483
 30
0.0
 10
51.2124325
 20
75.97087083333334
 30
0.0
 10
52.06533157407407
 20
76.49298194444445
 30
0.0
 10
52.91823064814815
 20
77.01509305555557
 30
0.0
 10
53.77112972222222
 20
77.53720416666667
 30
0.0
 10
54.36697138888889
 20
76.56424305555555
 30
0.0
 10
54.24808527777778
 20
76.63797361111111
 30
0.0
 10
54.9081325
 20
75.56905694444444
 30
0.0
 10
55.5685325
 20
74.48285416666666
 30
0.0
 10
56.12345194444444
 20
73.64324305555554
 30
0.0
 10
56.26103527777777
 20
73.72614583333333
 30
0.0
 10
59.58596583333333
 20
75.7616736111111
 30
0.0
 10
58.34454083333333
 20
78.39939305555555
 30
0.0
 10
57.48270472222222
 20
79.80768194444444
 30
0.0
 10
53.41023805555555
 20
86.46636249999999
 30
0.0
 10
46.70534361111111
 20
90.0572875
 30
0.0
 10
46.34727416666667
 20
83.81135694444444
 30
0.0
 10
37.68117046296297
 20
83.81135694444444
 30
0.0
 10
29.01506675925926
 20
83.81135694444444
 30
0.0
 10
20.34896305555555
 20
83.81135694444444
 30
0.0
 10
19.99124638888889
 20
90.06152083333333
 30
0.0
 10
13.28599916666667
 20
86.46636249999999
 30
0.0
 10
9.213532499999998
 20
79.81191527777777
 30
0.0
 10
8.351696388888891
 20
78.40362638888888
 30
0.0
 10
7.11027138888889
 20
75.76731805555555
 30
0.0
 10
10.43520194444445
 20
73.73037916666667
 30
0.0
 10
10.57278527777778
 20
73.64818194444445
 30
0.0
 10
11.12770472222222
 20
74.48708749999999
 30
0.0
 10
11.7884575
 20
75.56940972222222
 30
0.0
 10
12.44850472222222
 20
76.64255972222222
 30
0.0
 10
12.32926583333334
 20
76.5698875
 30
0.0
 10
12.92546027777778
 20
77.54179027777776
 30
0.0
 10
13.77824175925926
 20
77.01956157407407
 30
0.0
 10
14.63102324074074
 20
76.49733287037037
 30
0.0
 10
15.48380472222222
 20
75.97510416666667
 30
0.0
 10
14.6920537962963
 20
74.68170324074073
 30
0.0
 10
13.90030287037037
 20
73.38830231481481
 30
0.0
 10
13.10855194444445
 20
72.09490138888887
 30
0.0
 10
12.51694361111111
 20
71.1229986111111
 30
0.0
 10
12.52576305555556
 20
71.2644625
 30
0.0
 10
11.86571583333333
 20
70.18707916666666
 30
0.0
 10
11.20496305555556
 20
69.10934305555554
 30
0.0
 10
11.32914083333334
 20
69.18272083333332
 30
0.0
 10
10.73259361111111
 20
68.21540416666666
 30
0.0
 10
10.50646305555556
 20
67.84557546296294
 30
0.0
 10
10.2803325
 20
67.47574675925925
 30
0.0
 10
10.05420194444445
 20
67.10591805555555
 30
0.0
 10
6.579340833333336
 20
65.08379583333333
 30
0.0
 10
4.315918611111115
 20
60.81624305555555
 30
0.0
 10
8.323826944444445
 20
54.12545972222222
 30
0.0
 10
9.17261027777778
 20
52.70799861111111
 30
0.0
 10
10.92979638888889
 20
50.38495694444444
 30
0.0
 10
14.27801027777778
 20
52.38520694444444
 30
0.0
 10
14.41559361111111
 20
52.47199027777777
 30
0.0
 10
13.92452694444445
 20
53.35252361111111
 30
0.0
 10
13.27788527777778
 20
54.43872638888889
 30
0.0
 10
12.63159638888889
 20
55.51787361111111
 30
0.0
 10
12.64076861111111
 20
55.38417083333332
 30
0.0
 10
12.0583325
 20
56.35572083333333
 30
0.0
 10
12.91628805555556
 20
56.86948287037037
 30
0.0
 10
13.77424361111111
 20
57.3832449074074
 30
0.0
 10
14.63219916666667
 20
57.89700694444444
 30
0.0
 10
15.40878064814815
 20
56.59608009259259
 30
0.0
 10
16.18536212962963
 20
55.29515324074074
 30
0.0
 10
16.96194361111111
 20
53.99422638888888
 30
0.0
 10
17.54861305555556
 20
53.01244583333333
 30
0.0
 10
17.42937416666667
 20
53.0907625
 30
0.0
 10
18.07601583333333
 20
52.00844027777777
 30
0.0
 10
18.72759638888889
 20
50.92117916666666
 30
0.0
 10
18.71842416666667
 20
51.0633486111111
 30
0.0
 10
19.30086027777778
 20
50.08685972222221
 30
0.0
 10
20.49019175925926
 20
48.09966249999999
 30
0.0
 10
21.67952324074074
 20
46.11246527777777
 30
0.0
 10
22.86885472222222
 20
44.12526805555555
 30
0.0
 10
22.86885472222222
 20
44.12526805555555
 30
0.0
 10
24.50927138888889
 20
42.14512638888888
 30
0.0
 10
26.19696027777778
 20
42.14512638888888
 30
0.0
 10
28.33867416666666
 20
42.14512638888888
 30
0.0
 10
28.57821027777778
 20
42.57304583333332
 30
0.0
 10
31.42195194444444
 20
42.57304583333332
 30
0.0
 10
31.65549083333333
 20
42.57304583333332
 30
0.0
 10
31.8481075
 20
42.70110416666666
 30
0.0
 10
31.8481075
 20
42.86126527777778
 30
0.0
 10
31.8481075
 20
43.99932638888888
 30
0.0
 10
31.91231305555556
 20
43.87091527777777
 30
0.0
 10
31.91231305555556
 20
45.13668194444444
 30
0.0
 10
31.91231305555556
 20
46.3978625
 30
0.0
 10
31.8481075
 20
46.27439027777778
 30
0.0
 10
31.8481075
 20
47.41068749999999
 30
0.0
 10
31.8481075
 20
48.54839583333333
 30
0.0
 10
31.91231305555556
 20
48.4203375
 30
0.0
 10
31.91231305555556
 20
49.68610416666666
 30
0.0
 10
31.91231305555556
 20
50.94728472222221
 30
0.0
 10
31.8481075
 20
50.82345972222222
 30
0.0
 10
31.8481075
 20
51.96152083333332
 30
0.0
 10
31.8481075
 20
53.09781805555555
 30
0.0
 10
31.91231305555556
 20
52.96975972222221
 30
0.0
 10
31.91231305555556
 20
54.23517361111111
 30
0.0
 10
31.91231305555556
 20
55.49635416666666
 30
0.0
 10
31.8481075
 20
55.37288194444444
 30
0.0
 10
31.8481075
 20
56.5102375
 30
0.0
 10
31.8481075
 20
57.64724027777778
 30
0.0
 10
31.91231305555556
 20
57.51918194444444
 30
0.0
 10
31.91231305555556
 20
58.7849486111111
 30
0.0
 10
31.91231305555556
 20
60.04577638888889
 30
0.0
 10
31.8481075
 20
59.92230416666666
 30
0.0
 10
31.8481075
 20
61.0600125
 30
0.0
 10
31.8481075
 20
62.57636898148147
 30
0.0
 10
31.8481075
 20
64.09272546296296
 30
0.0
 10
31.8481075
 20
65.60908194444444
 30
0.0
 10
32.84811490740741
 20
65.60908194444444
 30
0.0
 10
33.84812231481482
 20
65.60908194444444
 30
0.0
 10
34.84812972222222
 20
65.60908194444444
 30
0.0
 10
34.84812972222222
 20
64.09272546296296
 30
0.0
 10
34.84812972222222
 20
62.57636898148149
 30
0.0
 10
34.84812972222222
 20
61.0600125
 30
0.0
 10
34.84812972222222
 20
59.92230416666666
 30
0.0
 10
34.78427694444444
 20
60.04577638888889
 30
0.0
 10
34.78427694444444
 20
58.7849486111111
 30
0.0
 10
34.78427694444444
 20
57.51918194444444
 30
0.0
 10
34.84812972222222
 20
57.64724027777778
 30
0.0
 10
34.84812972222222
 20
56.5102375
 30
0.0
 10
34.84812972222222
 20
55.37288194444444
 30
0.0
 10
34.78427694444444
 20
55.49635416666666
 30
0.0
 10
34.78427694444444
 20
54.23517361111111
 30
0.0
 10
34.78427694444444
 20
52.96975972222221
 30
0.0
 10
34.84812972222222
 20
53.09781805555555
 30
0.0
 10
34.84812972222222
 20
51.96152083333332
 30
0.0
 10
34.84812972222222
 20
50.82345972222222
 30
0.0
 10
34.78427694444444
 20
50.94728472222221
 30
0.0
 10
34.78427694444444
 20
49.68610416666666
 30
0.0
 10
34.78427694444444
 20
48.4203375
 30
0.0
 10
34.84812972222222
 20
48.54839583333333
 30
0.0
 10
34.84812972222222
 20
47.41068749999999
 30
0.0
 10
34.84812972222222
 20
46.27439027777778
 30
0.0
 10
34.78427694444444
 20
46.3978625
 30
0.0
 10
34.78427694444444
 20
45.13668194444444
 30
0.0
 10
34.78427694444444
 20
43.87091527777777
 30
0.0
 10
34.84812972222222
 20
43.99932638888888
 30
0.0
 10
34.84812972222222
 20
42.86126527777778
 30
0.0
 10
34.84812972222222
 20
42.70110416666666
 30
0.0
 10
35.04074638888889
 20
42.57304583333332
 30
0.0
 10
35.27463805555556
 20
42.57304583333332
 30
0.0
 10
38.11802694444444
 20
42.57304583333332
 30
0.0
 10
38.36214916666666
 20
42.14512638888888
 30
0.0
 10
40.50386305555555
 20
42.14512638888888
 30
0.0
 10
42.19119916666666
 20
42.14512638888888
 30
0.0
 10
43.83091027777778
 20
44.12597361111111
 30
0.0
 10
43.83091027777778
 20
44.12597361111111
 30
0.0
 10
45.01871305555556
 20
46.11317083333333
 30
0.0
 10
46.20651583333333
 20
48.10036805555555
 30
0.0
 10
47.39431861111111
 20
50.08756527777778
 30
0.0
 10
47.98098805555556
 20
51.06405416666666
 30
0.0
 10
47.97216861111111
 20
50.92188472222221
 30
0.0
 10
48.61881027777778
 20
52.00914583333333
 30
0.0
 10
49.26580472222222
 20
53.09146805555554
 30
0.0
 10
49.14586027777778
 20
53.01315138888889
 30
0.0
 10
49.73323527777777
 20
53.99528472222222
 30
0.0
 10
50.51122787037036
 20
55.29609398148148
 30
0.0
 10
51.28922046296296
 20
56.59690324074074
 30
0.0
 10
52.06721305555556
 20
57.89771249999999
 30
0.0
 10
52.92516861111111
 20
57.38395046296295
 30
0.0
 10
53.78312416666667
 20
56.87018842592591
 30
0.0
 10
54.64107972222222
 20
56.35642638888888
 30
0.0
 10
54.05441027777777
 20
55.38487638888888
 30
0.0
 10
54.06781583333333
 20
55.51857916666665
 30
0.0
 10
53.42152694444444
 20
54.43978472222221
 30
0.0
 10
52.77029916666667
 20
53.35322916666667
 30
0.0
 10
52.28417138888889
 20
52.47269583333333
 30
0.0
 10
52.41716861111111
 20
52.38591249999999
 30
0.0
 10
55.76467694444445
 20
50.3856625
 30
0.0
 10
57.52362694444444
 20
52.70341249999999
 30
0.0
 10
58.37241027777777
 20
54.12087361111111
 30
0.0
  0
POLYLINE
  5
EB
330
1F
100
AcDbEntity
  8
DEFAULT
 62
     7
100
AcDb2dPolyline
 66
     1
 10
0.0
 20
0.0
 30
0.0
  0
VERTEX
  5
EC
330
EB
100
AcDbEntity
  8
DEFAULT
 62
     7
100
AcDbVertex
100
AcDb2dVertex
 10
16.04976611111109
 20
120.2200344444444
 30
0.0
  0
VERTEX
  5
ED
330
EB
100
AcDbEntity
  8
DEFAULT
 62
     7
100
AcDbVertex
100
AcDb2dVertex
 10
13.49142166666664
 20
121.7870733333333
 30
0.0
  0
SEQEND
  5
EE
330
EB
100
AcDbEntity
  8
DEFAULT
 62
     7
  0
POLYLINE
  5
EF
330
1F
100
AcDbEntity
  8
DEFAULT
 62
     7
100
AcDb2dPolyline
 66
     1
 10
0.0
 20
0.0
 30
0.0
  0
VERTEX
  5
F0
330
EF
100
AcDbEntity
  8
DEFAULT
 62
     7
100
AcDbVertex
100
AcDb2dVertex
 10
16.46389194444444
 20
121.1390205555556
 30
0.0
  0
VERTEX
  5
F1
330
EF
100
AcDbEntity
  8
DEFAULT
 62
     7
100
AcDbVertex
100
AcDb2dVertex
 10
17.78716138888889
 20
123.2994316666667
 30
0.0
  0
VERTEX
  5
F2
330
EF
100
AcDbEntity
  8
DEFAULT
 62
     7
100
AcDbVertex
100
AcDb2dVertex
 10
16.70766138888889
 20
123.1558511111111
 30
0.0
  0
SEQEND
  5
F3
330
EF
100
AcDbEntity
  8
DEFAULT
 62
     7
  0
SPLINE
  5
F4
330
1F
100
AcDbEntity
  8
DEFAULT
 62
     7
100
AcDbSpline
210
0.0
220
0.0
230
1.0
 70
     8
 71
     3
 72
    11
 73
     7
 74
     0
 42
0.000000001
 43
0.0000000001
 40
0.0
 40
0.0
 40
0.0
 40
0.0
 40
5.347377768588954
 40
5.347377768588954
 40
5.347377768588954
 40
6.347377768588954
 40
6.347377768588954
 40
6.347377768588954
 40
6.347377768588954
 10
14.57579000000001
 20
122.2957083333333
 30
0.0
 10
14.90422611111112
 20
122.8319305555555
 30
0.0
 10
15.23266222222223
 20
123.3681527777778
 30
0.0
 10
15.56109833333333
 20
123.904375
 30
0.0
 10
15.98478444444444
 20
124.5954666666667
 30
0.0
 10
16.50830666666667
 20
124.6547333333333
 30
0.0
 10
16.84238722222222
 20
124.1386194444444
 30
0.0
  0
POLYLINE
  5
F5
330
1F
100
AcDbEntity
  8
DEFAULT
 62
     7
100
AcDb2dPolyline
 66
     1
 10
0.0
 20
0.0
 30
0.0
  0
VERTEX
  5
F6
330
F5
100
AcDbEntity
  8
DEFAULT
 62
     7
100
AcDbVertex
100
AcDb2dVertex
 10
15.10890777777778
 20
124.1811997222222
 30
0.0
  0
VERTEX
  5
F7
330
F5
100
AcDbEntity
  8
DEFAULT
 62
     7
100
AcDbVertex
100
AcDb2dVertex
 10
16.23885499999999
 20
123.4894025
 30
0.0
  0
SEQEND
  5
F8
330
F5
100
AcDbEntity
  8
DEFAULT
 62
     7
  0
POLYLINE
  5
F9
330
1F
100
AcDbEntity
  8
DEFAULT
 62
     7
100
AcDb2dPolyline
 66
     1
 10
0.0
 20
0.0
 30
0.0
  0
VERTEX
  5
FA
330
F9
100
AcDbEntity
  8
DEFAULT
 62
     7
100
AcDbVertex
100
AcDb2dVertex
 10
53.19514944444445
 20
121.7784302777778
 30
0.0
  0
VERTEX
  5
FB
330
F9
100
AcDbEntity
  8
DEFAULT
 62
     7
100
AcDbVertex
100
AcDb2dVertex
 10
50.63645222222223
 20
120.2120969444444
 30
0.0
  0
SEQEND
  5
FC
330
F9
100
AcDbEntity
  8
DEFAULT
 62
     7
  0
POLYLINE
  5
FD
330
1F
100
AcDbEntity
  8
DEFAULT
 62
     7
100
AcDb2dPolyline
 66
     1
 10
0.0
 20
0.0
 30
0.0
  0
VERTEX
  5
FE
330
FD
100
AcDbEntity
  8
DEFAULT
 62
     7
100
AcDbVertex
100
AcDb2dVertex
 10
52.56466500000001
 20
122.5649483333333
 30
0.0
  0
VERTEX
  5
FF
330
FD
100
AcDbEntity
  8
DEFAULT
 62
     7
100
AcDbVertex
100
AcDb2dVertex
 10
51.24174833333333
 20
124.7257122222222
 30
0.0
  0
VERTEX
  5
100
330
FD
100
AcDbEntity
  8
DEFAULT
 62
     7
100
AcDbVertex
100
AcDb2dVertex
 10
50.87873999999999
 20
123.6987761111111
 30
0.0
  0
SEQEND
  5
101
330
FD
100
AcDbEntity
  8
DEFAULT
 62
     7
  0
SPLINE
  5
102
330
1F
100
AcDbEntity
  8
DEFAULT
 62
     7
100
AcDbSpline
210
0.0
220
0.0
230
1.0
 70
     8
 71
     3
 72
    11
 73
     7
 74
     0
 42
0.000000001
 43
0.0000000001
 40
0.0
 40
0.0
 40
0.0
 40
0.0
 40
5.346855524511646
 40
5.346855524511646
 40
5.346855524511646
 40
6.346855524511646
 40
6.346855524511646
 40
6.346855524511646
 40
6.346855524511646
 10
50.67624555555555
 20
121.4089308333333
 30
0.0
 10
50.34792703703704
 20
121.9451530555555
 30
0.0
 10
50.01960851851851
 20
122.4813752777778
 30
0.0
 10
49.69128999999999
 20
123.0175975
 30
0.0
 10
49.26795666666667
 20
123.7090419444444
 30
0.0
 10
49.45351777777778
 20
124.2022252777778
 30
0.0
 10
50.06488166666666
 20
124.2657252777778
 30
0.0
  0
POLYLINE
  5
103
330
1F
100
AcDbEntity
  8
DEFAULT
 62
     7
100
AcDb2dPolyline
 66
     1
 10
0.0
 20
0.0
 30
0.0
  0
VERTEX
  5
104
330
103
100
AcDbEntity
  8
DEFAULT
 62
     7
100
AcDbVertex
100
AcDb2dVertex
 10
49.23895833333331
 20
122.7408080555555
 30
0.0
  0
VERTEX
  5
105
330
103
100
AcDbEntity
  8
DEFAULT
 62
     7
100
AcDbVertex
100
AcDb2dVertex
 10
50.36890555555555
 20
123.4326052777778
 30
0.0
  0
SEQEND
  5
106
330
103
100
AcDbEntity
  8
DEFAULT
 62
     7
  0
POLYLINE
  5
107
330
1F
100
AcDbEntity
  8
DEFAULT
 62
     7
100
AcDb2dPolyline
 66
     1
 10
0.0
 20
0.0
 30
0.0
  0
VERTEX
  5
108
330
107
100
AcDbEntity
  8
DEFAULT
 62
     7
100
AcDbVertex
100
AcDb2dVertex
 10
55.20637083333334
 20
100.6024502777778
 30
0.0
  0
VERTEX
  5
109
330
107
100
AcDbEntity
  8
DEFAULT
 62
     7
100
AcDbVertex
100
AcDb2dVertex
 10
52.63250416666667
 20
102.1437363888889
 30
0.0
  0
SEQEND
  5
10A
330
107
100
AcDbEntity
  8
DEFAULT
 62
     7
  0
SPLINE
  5
10B
330
1F
100
AcDbEntity
  8
DEFAULT
 62
     7
100
AcDbSpline
210
0.0
220
0.0
230
1.0
 70
     8
 71
     3
 72
    17
 73
    13
 74
     0
 42
0.000000001
 43
0.0000000001
 40
0.0
 40
0.0
 40
0.0
 40
0.0
 40
3.462900807126882
 40
3.462900807126882
 40
3.462900807126882
 40
4.462900807126882
 40
4.462900807126882
 40
4.462900807126882
 40
5.462900807126882
 40
5.462900807126882
 40
5.462900807126882
 40
6.462900807126882
 40
6.462900807126882
 40
6.462900807126882
 40
6.462900807126882
 10
55.68509027777777
 20
101.4814666666666
 30
0.0
 10
55.33572268518518
 20
101.6906638888889
 30
0.0
 10
54.98635509259259
 20
101.8998611111111
 30
0.0
 10
54.63698749999999
 20
102.1090583333333
 30
0.0
 10
54.63698749999999
 20
102.1090583333333
 30
0.0
 10
56.4640236111111
 20
102.7387666666667
 30
0.0
 10
56.70461805555554
 20
103.1402277777778
 30
0.0
 10
56.89088472222222
 20
103.451025
 30
0.0
 10
56.87007083333333
 20
103.774875
 30
0.0
 10
56.4957736111111
 20
103.9992416666666
 30
0.0
 10
56.29504305555555
 20
104.1195388888889
 30
0.0
 10
55.92497916666666
 20
104.1632833333333
 30
0.0
 10
55.67944583333333
 20
103.7530027777778
 30
0.0
  0
SPLINE
  5
10C
330
1F
100
AcDbEntity
  8
DEFAULT
 62
     7
100
AcDbSpline
210
0.0
220
0.0
230
1.0
 70
     8
 71
     3
 72
    11
 73
     7
 74
     0
 42
0.000000001
 43
0.0000000001
 40
0.0
 40
0.0
 40
0.0
 40
0.0
 40
5.347499696119715
 40
5.347499696119715
 40
5.347499696119715
 40
6.347499696119715
 40
6.347499696119715
 40
6.347499696119715
 40
6.347499696119715
 10
53.41492999999999
 20
102.8405430555556
 30
0.0
 10
53.73795685185186
 20
103.3800578703704
 30
0.0
 10
54.06098370370371
 20
103.9195726851852
 30
0.0
 10
54.38401055555556
 20
104.4590875
 30
0.0
 10
54.80028833333332
 20
105.1547652777778
 30
0.0
 10
55.32310499999999
 20
105.2189708333333
 30
0.0
 10
55.66283
 20
104.7067375
 30
0.0
  0
POLYLINE
  5
10D
330
1F
100
AcDbEntity
  8
DEFAULT
 62
     7
100
AcDb2dPolyline
 66
     1
 10
0.0
 20
0.0
 30
0.0
  0
VERTEX
  5
10E
330
10D
100
AcDbEntity
  8
DEFAULT
 62
     7
100
AcDbVertex
100
AcDb2dVertex
 10
54.17922305555556
 20
104.5815366666667
 30
0.0
  0
VERTEX
  5
10F
330
10D
100
AcDbEntity
  8
DEFAULT
 62
     7
100
AcDbVertex
100
AcDb2dVertex
 10
54.94263416666666
 20
104.1243366666667
 30
0.0
  0
SEQEND
  5
110
330
10D
100
AcDbEntity
  8
DEFAULT
 62
     7
  0
POLYLINE
  5
111
330
1F
100
AcDbEntity
  8
DEFAULT
 62
     7
100
AcDb2dPolyline
 66
     1
 10
0.0
 20
0.0
 30
0.0
  0
VERTEX
  5
112
330
111
100
AcDbEntity
  8
DEFAULT
 62
     7
100
AcDbVertex
100
AcDb2dVertex
 10
14.06676694444445
 20
102.1443008333333
 30
0.0
  0
VERTEX
  5
113
330
111
100
AcDbEntity
  8
DEFAULT
 62
     7
100
AcDbVertex
100
AcDb2dVertex
 10
11.49325305555556
 20
100.6030147222222
 30
0.0
  0
SEQEND
  5
114
330
111
100
AcDbEntity
  8
DEFAULT
 62
     7
  0
SPLINE
  5
115
330
1F
100
AcDbEntity
  8
DEFAULT
 62
     7
100
AcDbSpline
210
0.0
220
0.0
230
1.0
 70
     8
 71
     3
 72
    17
 73
    13
 74
     0
 42
0.000000001
 43
0.0000000001
 40
0.0
 40
0.0
 40
0.0
 40
0.0
 40
3.462900807126857
 40
3.462900807126857
 40
3.462900807126857
 40
4.462900807126857
 40
4.462900807126857
 40
4.462900807126857
 40
5.462900807126857
 40
5.462900807126857
 40
5.462900807126857
 40
6.462900807126857
 40
6.462900807126857
 40
6.462900807126857
 40
6.462900807126857
 10
13.51798583333333
 20
102.9813013888889
 30
0.0
 10
13.16861824074074
 20
102.7721041666667
 30
0.0
 10
12.81925064814815
 20
102.5629069444445
 30
0.0
 10
12.46988305555556
 20
102.3537097222222
 30
0.0
 10
12.46988305555556
 20
102.3537097222222
 30
0.0
 10
12.77750527777778
 20
104.2618847222222
 30
0.0
 10
12.53726361111111
 20
104.6633458333333
 30
0.0
 10
12.35099694444444
 20
104.9741430555555
 30
0.0
 10
12.05572194444444
 20
105.1089041666667
 30
0.0
 10
11.68142472222222
 20
104.8848902777778
 30
0.0
 10
11.48069416666667
 20
104.7645930555556
 30
0.0
 10
11.26761638888889
 20
104.4587347222222
 30
0.0
 10
11.51279694444444
 20
104.0491597222222
 30
0.0
  0
SPLINE
  5
116
330
1F
100
AcDbEntity
  8
DEFAULT
 62
     7
100
AcDbSpline
210
0.0
220
0.0
230
1.0
 70
     8
 71
     3
 72
    11
 73
     7
 74
     0
 42
0.000000001
 43
0.0000000001
 40
0.0
 40
0.0
 40
0.0
 40
0.0
 40
5.347155599007757
 40
5.347155599007757
 40
5.347155599007757
 40
6.347155599007757
 40
6.347155599007757
 40
6.347155599007757
 40
6.347155599007757
 10
11.24817833333333
 20
101.6218722222222
 30
0.0
 10
10.92503388888889
 20
102.1612694444445
 30
0.0
 10
10.60188944444444
 20
102.7006666666667
 30
0.0
 10
10.278745
 20
103.2400638888889
 30
0.0
 10
9.86246722222222
 20
103.9357416666667
 30
0.0
 10
10.05261444444444
 20
104.4271611111111
 30
0.0
 10
10.66468388888889
 20
104.4843111111111
 30
0.0
  0
POLYLINE
  5
117
330
1F
100
AcDbEntity
  8
DEFAULT
 62
     7
100
AcDb2dPolyline
 66
     1
 10
0.0
 20
0.0
 30
0.0
  0
VERTEX
  5
118
330
117
100
AcDbEntity
  8
DEFAULT
 62
     7
100
AcDbVertex
100
AcDb2dVertex
 10
10.07423972222222
 20
103.1175441666666
 30
0.0
  0
VERTEX
  5
119
330
117
100
AcDbEntity
  8
DEFAULT
 62
     7
100
AcDbVertex
100
AcDb2dVertex
 10
10.83765083333333
 20
103.5747441666666
 30
0.0
  0
SEQEND
  5
11A
330
117
100
AcDbEntity
  8
DEFAULT
 62
     7
  0
POLYLINE
  5
11B
330
1F
100
AcDbEntity
  8
DEFAULT
 62
     7
100
AcDb2dPolyline
 66
     1
 10
0.0
 20
0.0
 30
0.0
  0
VERTEX
  5
11C
330
11B
100
AcDbEntity
  8
DEFAULT
 62
     7
100
AcDbVertex
100
AcDb2dVertex
 10
32.09822694444444
 20
111.8122816666666
 30
0.0
  0
VERTEX
  5
11D
330
11B
100
AcDbEntity
  8
DEFAULT
 62
     7
100
AcDbVertex
100
AcDb2dVertex
 10
34.59801027777777
 20
111.8122816666666
 30
0.0
  0
SEQEND
  5
11E
330
11B
100
AcDbEntity
  8
DEFAULT
 62
     7
  0
POLYLINE
  5
11F
330
1F
100
AcDbEntity
  8
DEFAULT
 62
     7
100
AcDb2dPolyline
 66
     1
 10
0.0
 20
0.0
 30
0.0
  0
VERTEX
  5
120
330
11F
100
AcDbEntity
  8
DEFAULT
 62
     7
100
AcDbVertex
100
AcDb2dVertex
 10
32.63998777777778
 20
114.2817261111111
 30
0.0
  0
VERTEX
  5
121
330
11F
100
AcDbEntity
  8
DEFAULT
 62
     7
100
AcDbVertex
100
AcDb2dVertex
 10
33.973135
 20
114.2817261111111
 30
0.0
  0
SEQEND
  5
122
330
11F
100
AcDbEntity
  8
DEFAULT
 62
     7
  0
POLYLINE
  5
123
330
1F
100
AcDbEntity
  8
DEFAULT
 62
     7
100
AcDb2dPolyline
 66
     1
 10
0.0
 20
0.0
 30
0.0
  0
VERTEX
  5
124
330
123
100
AcDbEntity
  8
DEFAULT
 62
     7
100
AcDbVertex
100
AcDb2dVertex
 10
32.63998777777778
 20
112.8122302777778
 30
0.0
  0
VERTEX
  5
125
330
123
100
AcDbEntity
  8
DEFAULT
 62
     7
100
AcDbVertex
100
AcDb2dVertex
 10
32.63998777777778
 20
115.4393663888889
 30
0.0
  0
VERTEX
  5
126
330
123
100
AcDbEntity
  8
DEFAULT
 62
     7
100
AcDbVertex
100
AcDb2dVertex
 10
34.05497944444444
 20
115.4393663888889
 30
0.0
  0
SEQEND
  5
127
330
123
100
AcDbEntity
  8
DEFAULT
 62
     7
  0
SPLINE
  5
128
330
1F
100
AcDbEntity
  8
DEFAULT
 62
     1
100
AcDbSpline
210
0.0
220
0.0
230
1.0
 70
    11
 71
     3
 72
   191
 73
   187
 74
     0
 42
0.000000001
 43
0.0000000001
 40
3.696067640073716
 40
3.696067640073716
 40
3.696067640073716
 40
3.696067640073716
 40
4.696067640073716
 40
4.696067640073716
 40
4.696067640073716
 40
5.696067640073716
 40
5.696067640073716
 40
5.696067640073716
 40
6.696067640073716
 40
6.696067640073716
 40
6.696067640073716
 40
7.696067640073716
 40
7.696067640073716
 40
7.696067640073716
 40
16.19965747025719
 40
16.19965747025719
 40
16.19965747025719
 40
29.08967426621214
 40
29.08967426621214
 40
29.08967426621214
 40
30.08967426621214
 40
30.08967426621214
 40
30.08967426621214
 40
31.08967426621214
 40
31.08967426621214
 40
31.08967426621214
 40
50.77825473815066
 40
50.77825473815066
 40
50.77825473815066
 40
51.77825473815066
 40
51.77825473815066
 40
51.77825473815066
 40
52.77825473815066
 40
52.77825473815066
 40
52.77825473815066
 40
53.77825473815066
 40
53.77825473815066
 40
53.77825473815066
 40
54.77825473815066
 40
54.77825473815066
 40
54.77825473815066
 40
55.77825473815066
 40
55.77825473815066
 40
55.77825473815066
 40
56.77825473815066
 40
56.77825473815066
 40
56.77825473815066
 40
57.77825473815066
 40
57.77825473815066
 40
57.77825473815066
 40
58.77825473815066
 40
58.77825473815066
 40
58.77825473815066
 40
59.77825473815066
 40
59.77825473815066
 40
59.77825473815066
 40
60.77825473815066
 40
60.77825473815066
 40
60.77825473815066
 40
61.77825473815066
 40
61.77825473815066
 40
61.77825473815066
 40
74.67325473815065
 40
74.67325473815065
 40
74.67325473815065
 40
83.17725473815065
 40
83.17725473815065
 40
83.17725473815065
 40
96.07225473815063
 40
96.07225473815063
 40
96.07225473815063
 40
97.07225473815063
 40
97.07225473815063
 40
97.07225473815063
 40
98.07225473815063
 40
98.07225473815063
 40
98.07225473815063
 40
99.07225473815063
 40
99.07225473815063
 40
99.07225473815063
 40
100.0722547381506
 40
100.0722547381506
 40
100.0722547381506
 40
101.0722547381506
 40
101.0722547381506
 40
101.0722547381506
 40
102.0722547381506
 40
102.0722547381506
 40
102.0722547381506
 40
103.0722547381506
 40
103.0722547381506
 40
103.0722547381506
 40
104.0722547381506
 40
104.0722547381506
 40
104.0722547381506
 40
105.0722547381506
 40
105.0722547381506
 40
105.0722547381506
 40
106.0722547381506
 40
106.0722547381506
 40
106.0722547381506
 40
107.0722547381506
 40
107.0722547381506
 40
107.0722547381506
 40
126.768879474384
 40
126.768879474384
 40
126.768879474384
 40
127.768879474384
 40
127.768879474384
 40
127.768879474384
 40
128.768879474384
 40
128.768879474384
 40
128.768879474384
 40
141.652227641689
 40
141.652227641689
 40
141.652227641689
 40
150.1563311805695
 40
150.1563311805695
 40
150.1563311805695
 40
151.1563311805695
 40
151.1563311805695
 40
151.1563311805695
 40
152.1563311805695
 40
152.1563311805695
 40
152.1563311805695
 40
153.1563311805695
 40
153.1563311805695
 40
153.1563311805695
 40
154.1563311805695
 40
154.1563311805695
 40
154.1563311805695
 40
157.8445476872296
 40
157.8445476872296
 40
157.8445476872296
 40
158.8445476872296
 40
158.8445476872296
 40
158.8445476872296
 40
159.8445476872296
 40
159.8445476872296
 40
159.8445476872296
 40
172.7407211507031
 40
172.7407211507031
 40
172.7407211507031
 40
181.2441536929181
 40
181.2441536929181
 40
181.2441536929181
 40
182.2441536929181
 40
182.2441536929181
 40
182.2441536929181
 40
183.2441536929181
 40
183.2441536929181
 40
183.2441536929181
 40
184.2441536929181
 40
184.2441536929181
 40
184.2441536929181
 40
185.2441536929181
 40
185.2441536929181
 40
185.2441536929181
 40
258.9401536929181
 40
258.9401536929181
 40
258.9401536929181
 40
259.9401536929181
 40
259.9401536929181
 40
259.9401536929181
 40
260.9401536929181
 40
260.9401536929181
 40
260.9401536929181
 40
261.9401536929181
 40
261.9401536929181
 40
261.9401536929181
 40
262.9401536929181
 40
262.9401536929181
 40
262.9401536929181
 40
271.4433944868742
 40
271.4433944868742
 40
271.4433944868742
 40
284.3404208495673
 40
284.3404208495673
 40
284.3404208495673
 40
285.3404208495673
 40
285.3404208495673
 40
285.3404208495673
 40
286.3404208495673
 40
286.3404208495673
 40
286.3404208495673
 40
290.036488489641
 40
290.036488489641
 40
290.036488489641
 40
290.036488489641
 10
56.64626861111111
 20
110.4085788888889
 30
0.0
 10
60.45203527777778
 20
108.1705566666667
 30
0.0
 10
62.38455194444444
 20
104.1192566666667
 30
0.0
 10
58.37593805555555
 20
97.42812055555554
 30
0.0
 10
57.52680194444444
 20
96.0110122222222
 30
0.0
 10
55.76432416666666
 20
93.68797055555555
 30
0.0
 10
52.41716861111111
 20
95.68786777777777
 30
0.0
 10
52.2838186111111
 20
95.77500388888888
 30
0.0
 10
52.76994638888888
 20
96.65553722222221
 30
0.0
 10
53.42117416666667
 20
97.74209277777778
 30
0.0
 10
54.06781583333333
 20
98.82018166666666
 30
0.0
 10
54.05441027777777
 20
98.68683166666666
 30
0.0
 10
54.64107972222222
 20
99.65873444444445
 30
0.0
 10
53.78312416666667
 20
100.1723788888889
 30
0.0
 10
52.92516861111111
 20
100.6860233333333
 30
0.0
 10
52.06721305555556
 20
101.1996677777778
 30
0.0
 10
51.28910287037036
 20
99.89885851851852
 30
0.0
 10
50.51099268518518
 20
98.59804925925926
 30
0.0
 10
49.7328825
 20
97.29723999999999
 30
0.0
 10
49.14621305555556
 20
96.31545944444443
 30
0.0
 10
49.26545194444444
 20
96.39342333333332
 30
0.0
 10
48.61881027777778
 20
95.31145388888888
 30
0.0
 10
47.97216861111111
 20
94.22419277777776
 30
0.0
 10
47.98098805555556
 20
94.36636222222222
 30
0.0
 10
47.39431861111111
 20
93.38987333333331
 30
0.0
 10
46.20651583333333
 20
91.4025585185185
 30
0.0
 10
45.01871305555556
 20
89.41524370370371
 30
0.0
 10
43.83091027777778
 20
87.42792888888889
 30
0.0
 10
43.83091027777778
 20
87.42792888888889
 30
0.0
 10
42.53409916666666
 20
85.8813511111111
 30
0.0
 10
40.84641027777777
 20
85.8813511111111
 30
0.0
 10
38.70469638888888
 20
85.8813511111111
 30
0.0
 10
38.11837972222222
 20
85.87605944444444
 30
0.0
 10
35.27428527777778
 20
85.87605944444444
 30
0.0
 10
35.04074638888889
 20
85.87605944444444
 30
0.0
 10
34.84812972222223
 20
86.00411777777776
 30
0.0
 10
34.84812972222223
 20
86.16427888888889
 30
0.0
 10
34.84812972222223
 20
87.30198722222222
 30
0.0
 10
34.78357138888889
 20
87.17392888888888
 30
0.0
 10
34.78357138888889
 20
88.43969555555555
 30
0.0
 10
34.78357138888889
 20
89.7008761111111
 30
0.0
 10
34.84812972222223
 20
89.5770511111111
 30
0.0
 10
34.84812972222223
 20
90.7137011111111
 30
0.0
 10
34.84812972222223
 20
91.85140944444443
 30
0.0
 10
34.78357138888889
 20
91.7233511111111
 30
0.0
 10
34.78357138888889
 20
92.98911777777778
 30
0.0
 10
34.78357138888889
 20
94.25029833333332
 30
0.0
 10
34.84812972222223
 20
94.12647333333332
 30
0.0
 10
34.84812972222223
 20
95.26418166666667
 30
0.0
 10
34.84812972222223
 20
96.40047888888888
 30
0.0
 10
34.78357138888889
 20
96.27277333333333
 30
0.0
 10
34.78357138888889
 20
97.53854
 30
0.0
 10
34.78357138888889
 20
98.79936777777776
 30
0.0
 10
34.84812972222223
 20
98.67624833333332
 30
0.0
 10
34.84812972222223
 20
99.8132511111111
 30
0.0
 10
34.84812972222223
 20
100.9499011111111
 30
0.0
 10
34.78357138888889
 20
100.8221955555556
 30
0.0
 10
34.78357138888889
 20
102.0876094444444
 30
0.0
 10
34.78357138888889
 20
103.34879
 30
0.0
 10
34.84812972222223
 20
103.2253177777778
 30
0.0
 10
34.84812972222223
 20
104.3630261111111
 30
0.0
 10
34.84812972222223
 20
105.8793825925926
 30
0.0
 10
34.84812972222223
 20
107.3957390740741
 30
0.0
 10
34.84812972222223
 20
108.9120955555555
 30
0.0
 10
33.84812231481482
 20
108.9120955555555
 30
0.0
 10
32.84811490740741
 20
108.9120955555555
 30
0.0
 10
31.8481075
 20
108.9120955555555
 30
0.0
 10
31.8481075
 20
107.3957390740741
 30
0.0
 10
31.8481075
 20
105.8793825925926
 30
0.0
 10
31.8481075
 20
104.3630261111111
 30
0.0
 10
31.8481075
 20
103.2253177777778
 30
0.0
 10
31.9116075
 20
103.34879
 30
0.0
 10
31.9116075
 20
102.0876094444444
 30
0.0
 10
31.9116075
 20
100.8221955555556
 30
0.0
 10
31.8481075
 20
100.9499011111111
 30
0.0
 10
31.8481075
 20
99.8132511111111
 30
0.0
 10
31.8481075
 20
98.67624833333332
 30
0.0
 10
31.9116075
 20
98.79936777777776
 30
0.0
 10
31.9116075
 20
97.53854
 30
0.0
 10
31.9116075
 20
96.27277333333333
 30
0.0
 10
31.8481075
 20
96.40047888888888
 30
0.0
 10
31.8481075
 20
95.26418166666667
 30
0.0
 10
31.8481075
 20
94.12647333333332
 30
0.0
 10
31.9116075
 20
94.25029833333332
 30
0.0
 10
31.9116075
 20
92.98911777777778
 30
0.0
 10
31.9116075
 20
91.7233511111111
 30
0.0
 10
31.8481075
 20
91.85140944444443
 30
0.0
 10
31.8481075
 20
90.7137011111111
 30
0.0
 10
31.8481075
 20
89.5770511111111
 30
0.0
 10
31.9116075
 20
89.7008761111111
 30
0.0
 10
31.9116075
 20
88.43969555555555
 30
0.0
 10
31.9116075
 20
87.17392888888888
 30
0.0
 10
31.8481075
 20
87.30198722222222
 30
0.0
 10
31.8481075
 20
86.16427888888889
 30
0.0
 10
31.8481075
 20
86.00411777777776
 30
0.0
 10
31.65549083333333
 20
85.87605944444444
 30
0.0
 10
31.42195194444444
 20
85.87605944444444
 30
0.0
 10
28.5778575
 20
85.87605944444444
 30
0.0
 10
27.99401027777778
 20
85.8813511111111
 30
0.0
 10
25.85229638888889
 20
85.8813511111111
 30
0.0
 10
24.1646075
 20
85.8813511111111
 30
0.0
 10
22.86885472222222
 20
87.42863444444444
 30
0.0
 10
22.86885472222222
 20
87.42863444444444
 30
0.0
 10
21.67940564814815
 20
89.41606685185184
 30
0.0
 10
20.48995657407407
 20
91.40349925925925
 30
0.0
 10
19.3005075
 20
93.39093166666667
 30
0.0
 10
18.71807138888889
 20
94.36706777777778
 30
0.0
 10
18.72724361111111
 20
94.22489833333333
 30
0.0
 10
18.07601583333333
 20
95.31215944444443
 30
0.0
 10
17.42937416666667
 20
96.39412888888889
 30
0.0
 10
17.54826027777778
 20
96.31616499999998
 30
0.0
 10
16.96159083333333
 20
97.29794555555556
 30
0.0
 10
16.18500935185185
 20
98.59875481481481
 30
0.0
 10
15.40842787037037
 20
99.89956407407408
 30
0.0
 10
14.63184638888889
 20
101.2003733333333
 30
0.0
 10
13.77389083333333
 20
100.6866112962963
 30
0.0
 10
12.91593527777778
 20
100.1728492592592
 30
0.0
 10
12.05797972222222
 20
99.65908722222221
 30
0.0
 10
12.64041583333333
 20
98.68718444444444
 30
0.0
 10
12.63124361111111
 20
98.82088722222223
 30
0.0
 10
13.27717972222222
 20
97.74244555555555
 30
0.0
 10
13.92382138888889
 20
96.65589
 30
0.0
 10
14.41488805555556
 20
95.77535666666665
 30
0.0
 10
14.2776575
 20
95.68857333333332
 30
0.0
 10
10.92979638888889
 20
93.68832333333332
 30
0.0
 10
9.171199166666671
 20
96.0110122222222
 30
0.0
 10
8.322768611111115
 20
97.42812055555554
 30
0.0
 10
4.314507499999997
 20
104.1192566666667
 30
0.0
 10
6.239263055555559
 20
108.1744372222222
 30
0.0
 10
10.04502972222222
 20
110.4124594444444
 30
0.0
 10
10.27139546296296
 20
110.7824057407407
 30
0.0
 10
10.4977612037037
 20
111.152352037037
 30
0.0
 10
10.72412694444444
 20
111.5222983333333
 30
0.0
 10
11.32067416666667
 20
112.4899677777778
 30
0.0
 10
11.19614361111111
 20
112.4162372222222
 30
0.0
 10
11.85724916666667
 20
113.4946788888889
 30
0.0
 10
12.51729638888889
 20
114.5720622222222
 30
0.0
 10
12.50847694444445
 20
114.4298927777778
 30
0.0
 10
13.0997325
 20
115.4017955555555
 30
0.0
 10
13.89148342592593
 20
116.6951964814815
 30
0.0
 10
14.68323435185185
 20
117.9885974074074
 30
0.0
 10
15.47498527777778
 20
119.2819983333333
 30
0.0
 10
14.62232138888889
 20
119.8043446296296
 30
0.0
 10
13.7696575
 20
120.3266909259259
 30
0.0
 10
12.91699361111111
 20
120.8490372222222
 30
0.0
 10
12.32150472222222
 20
119.8771344444444
 30
0.0
 10
12.44039083333333
 20
119.9501594444444
 30
0.0
 10
11.78034361111111
 20
118.8770094444444
 30
0.0
 10
11.11923805555556
 20
117.7946872222222
 30
0.0
 10
10.56502416666667
 20
116.9554288888889
 30
0.0
 10
10.42673527777778
 20
117.0383316666667
 30
0.0
 10
7.101804722222223
 20
119.074565
 30
0.0
 10
8.350638055555553
 20
121.7073455555555
 30
0.0
 10
9.212474166666668
 20
123.1156344444444
 30
0.0
 10
13.28494083333333
 20
129.7697288888889
 30
0.0
 10
19.9894825
 20
133.36524
 30
0.0
 10
20.34790472222222
 20
127.1140177777778
 30
0.0
 10
29.01400842592593
 20
127.1140177777778
 30
0.0
 10
37.68011212962963
 20
127.1140177777778
 30
0.0
 10
46.34621583333333
 20
127.1140177777778
 30
0.0
 10
46.70357972222222
 20
133.3606538888889
 30
0.0
 10
53.40917972222223
 20
129.7697288888889
 30
0.0
 10
57.48094083333334
 20
123.1103427777778
 30
0.0
 10
58.34383527777778
 20
121.7027594444444
 30
0.0
 10
59.58455472222222
 20
119.0653927777778
 30
0.0
 10
56.25962416666666
 20
117.0291594444444
 30
0.0
 10
56.1223936111111
 20
116.9469622222222
 30
0.0
 10
55.56712138888889
 20
117.7858677777778
 30
0.0
 10
54.90707416666666
 20
118.8727761111111
 30
0.0
 10
54.24702694444444
 20
119.94134
 30
0.0
 10
54.36591305555555
 20
119.8679622222222
 30
0.0
 10
53.76936583333333
 20
120.8402177777778
 30
0.0
 10
52.91658435185185
 20
120.3181066666667
 30
0.0
 10
52.06380287037037
 20
119.7959955555555
 30
0.0
 10
51.21102138888888
 20
119.2738844444444
 30
0.0
 10
52.0027723148148
 20
117.9803659259259
 30
0.0
 10
52.79452324074074
 20
116.6868474074074
 30
0.0
 10
53.58627416666666
 20
115.3933288888889
 30
0.0
 10
54.17858805555555
 20
114.4214261111111
 30
0.0
 10
54.16871027777778
 20
114.5635955555556
 30
0.0
 10
54.82981583333333
 20
113.4855066666667
 30
0.0
 10
55.48986305555555
 20
112.4077705555555
 30
0.0
 10
55.36639083333333
 20
112.4811483333333
 30
0.0
 10
55.96187972222222
 20
111.5184177777778
 30
0.0
 10
56.19000935185185
 20
111.1484714814815
 30
0.0
 10
56.41813898148148
 20
110.7785251851852
 30
0.0
 10
56.64626861111111
 20
110.4085788888889
 30
0.0
  0
POLYLINE
  5
129
330
1F
100
AcDbEntity
  8
DEFAULT
 62
     7
100
AcDb2dPolyline
 66
     1
 10
0.0
 20
0.0
 30
0.0
  0
VERTEX
  5
12A
330
129
100
AcDbEntity
  8
DEFAULT
 62
     7
100
AcDbVertex
100
AcDb2dVertex
 10
15.48856722222222
 20
142.6579358333333
 30
0.0
  0
VERTEX
  5
12B
330
129
100
AcDbEntity
  8
DEFAULT
 62
     7
100
AcDbVertex
100
AcDb2dVertex
 10
13.05122555555555
 20
140.9088636111111
 30
0.0
  0
SEQEND
  5
12C
330
129
100
AcDbEntity
  8
DEFAULT
 62
     7
  0
SPLINE
  5
12D
330
1F
100
AcDbEntity
  8
DEFAULT
 62
     7
100
AcDbSpline
210
0.0
220
0.0
230
1.0
 70
     8
 71
     3
 72
    17
 73
    13
 74
     0
 42
0.000000001
 43
0.0000000001
 40
0.0
 40
0.0
 40
0.0
 40
0.0
 40
3.146713364766508
 40
3.146713364766508
 40
3.146713364766508
 40
4.146713364766509
 40
4.146713364766509
 40
4.146713364766509
 40
5.146713364766509
 40
5.146713364766509
 40
5.146713364766509
 40
6.146713364766509
 40
6.146713364766509
 40
6.146713364766509
 40
6.146713364766509
 10
14.85000416666666
 20
143.4306602777778
 30
0.0
 10
14.5493199074074
 20
143.2149954629629
 30
0.0
 10
14.24863564814814
 20
142.9993306481481
 30
0.0
 10
13.94795138888889
 20
142.7836658333333
 30
0.0
 10
13.94795138888889
 20
142.7836658333333
 30
0.0
 10
14.03367638888889
 20
144.6653825
 30
0.0
 10
13.76097916666666
 20
145.0453241666667
 30
0.0
 10
13.5493125
 20
145.3398936111111
 30
0.0
 10
13.23710416666666
 20
145.4446686111111
 30
0.0
 10
12.86598194444444
 20
145.1783213888889
 30
0.0
 10
12.66701527777778
 20
145.0354463888889
 30
0.0
 10
12.4666375
 20
144.7038352777778
 30
0.0
 10
12.74533194444444
 20
144.3157797222222
 30
0.0
  0
SPLINE
  5
12E
330
1F
100
AcDbEntity
  8
DEFAULT
 62
     7
100
AcDbSpline
210
0.0
220
0.0
230
1.0
 70
     8
 71
     3
 72
    23
 73
    19
 74
     0
 42
0.000000001
 43
0.0000000001
 40
0.0
 40
0.0
 40
0.0
 40
0.0
 40
1.0
 40
1.0
 40
1.0
 40
2.0
 40
2.0
 40
2.0
 40
3.0
 40
3.0
 40
3.0
 40
6.916661843968642
 40
6.916661843968642
 40
6.916661843968642
 40
7.916661843968642
 40
7.916661843968642
 40
7.916661843968642
 40
8.916661843968642
 40
8.916661843968642
 40
8.916661843968642
 40
8.916661843968642
 10
11.9751475
 20
142.5382030555555
 30
0.0
 10
11.64318361111111
 20
143.0006947222222
 30
0.0
 10
11.60896416666666
 20
143.5277447222222
 30
0.0
 10
11.9814975
 20
143.7951502777778
 30
0.0
 10
12.39883361111111
 20
144.0946586111111
 30
0.0
 10
12.82569472222222
 20
143.7341197222222
 30
0.0
 10
13.02818916666667
 20
143.4518975
 30
0.0
 10
13.06875861111111
 20
143.3951002777777
 30
0.0
 10
13.07757805555556
 20
143.3771086111111
 30
0.0
 10
13.09556972222222
 20
143.3467697222222
 30
0.0
 10
12.72209564814815
 20
143.0772475
 30
0.0
 10
12.34862157407407
 20
142.8077252777778
 30
0.0
 10
11.9751475
 20
142.5382030555555
 30
0.0
 10
12.30675861111111
 20
142.0757113888889
 30
0.0
 10
12.76466416666667
 20
141.9342475
 30
0.0
 10
13.15801138888889
 20
142.2164697222222
 30
0.0
 10
13.36156416666667
 20
142.3625197222222
 30
0.0
 10
13.44305583333333
 20
142.4725863888889
 30
0.0
 10
13.43494194444444
 20
142.6263975
 30
0.0
  0
POLYLINE
  5
12F
330
1F
100
AcDbEntity
  8
DEFAULT
 62
     7
100
AcDb2dPolyline
 66
     1
 10
0.0
 20
0.0
 30
0.0
  0
VERTEX
  5
130
330
12F
100
AcDbEntity
  8
DEFAULT
 62
     7
100
AcDbVertex
100
AcDb2dVertex
 10
53.6436711111111
 20
140.9086872222222
 30
0.0
  0
VERTEX
  5
131
330
12F
100
AcDbEntity
  8
DEFAULT
 62
     7
100
AcDbVertex
100
AcDb2dVertex
 10
51.20632944444444
 20
142.6577594444444
 30
0.0
  0
SEQEND
  5
132
330
12F
100
AcDbEntity
  8
DEFAULT
 62
     7
  0
SPLINE
  5
133
330
1F
100
AcDbEntity
  8
DEFAULT
 62
     7
100
AcDbSpline
210
0.0
220
0.0
230
1.0
 70
     8
 71
     3
 72
    17
 73
    13
 74
     0
 42
0.000000001
 43
0.0000000001
 40
0.0
 40
0.0
 40
0.0
 40
0.0
 40
3.146713364766475
 40
3.146713364766475
 40
3.146713364766475
 40
4.146713364766475
 40
4.146713364766475
 40
4.146713364766475
 40
5.146713364766475
 40
5.146713364766475
 40
5.146713364766475
 40
6.146713364766475
 40
6.146713364766475
 40
6.146713364766475
 40
6.146713364766475
 10
54.17128555555555
 20
141.7611747222222
 30
0.0
 10
53.87060129629629
 20
141.976839537037
 30
0.0
 10
53.56991703703704
 20
142.1925043518519
 30
0.0
 10
53.26923277777777
 20
142.4081691666667
 30
0.0
 10
53.26923277777777
 20
142.4081691666667
 30
0.0
 10
55.07968833333332
 20
142.9299275
 30
0.0
 10
55.35238555555556
 20
143.3098691666666
 30
0.0
 10
55.56369944444444
 20
143.6044386111111
 30
0.0
 10
55.56299388888888
 20
143.9339330555555
 30
0.0
 10
55.19187166666666
 20
144.2002802777778
 30
0.0
 10
54.99255222222222
 20
144.3431552777778
 30
0.0
 10
54.61472722222222
 20
144.4264108333333
 30
0.0
 10
54.33603277777777
 20
144.0383552777778
 30
0.0
  0
SPLINE
  5
134
330
1F
100
AcDbEntity
  8
DEFAULT
 62
     7
100
AcDbSpline
210
0.0
220
0.0
230
1.0
 70
     8
 71
     3
 72
    23
 73
    19
 74
     0
 42
0.000000001
 43
0.0000000001
 40
0.0
 40
0.0
 40
0.0
 40
0.0
 40
1.0
 40
1.0
 40
1.0
 40
2.0
 40
2.0
 40
2.0
 40
3.0
 40
3.0
 40
3.0
 40
6.916499585088705
 40
6.916499585088705
 40
6.916499585088705
 40
7.916499585088705
 40
7.916499585088705
 40
7.916499585088705
 40
8.916499585088705
 40
8.916499585088705
 40
8.916499585088705
 40
8.916499585088705
 10
52.40535055555554
 20
144.1987986111111
 30
0.0
 10
52.73731444444443
 20
144.6612902777778
 30
0.0
 10
53.22591166666666
 20
144.8623736111111
 30
0.0
 10
53.59809222222221
 20
144.5949680555556
 30
0.0
 10
54.01542833333333
 20
144.2958125
 30
0.0
 10
53.81046444444443
 20
143.7761708333333
 30
0.0
 10
53.60832277777777
 20
143.4939486111111
 30
0.0
 10
53.56740055555554
 20
143.4371513888889
 30
0.0
 10
53.55293666666666
 20
143.4230402777778
 30
0.0
 10
53.53000611111111
 20
143.3962291666667
 30
0.0
 10
53.15512092592592
 20
143.6637523148148
 30
0.0
 10
52.78023574074073
 20
143.931275462963
 30
0.0
 10
52.40535055555554
 20
144.1987986111111
 30
0.0
 10
52.07373944444443
 20
143.7366597222222
 30
0.0
 10
52.08608666666665
 20
143.2575875
 30
0.0
 10
52.47943388888888
 20
142.9753652777778
 30
0.0
 10
52.68298666666666
 20
142.8293152777778
 30
0.0
 10
52.81351444444444
 20
142.7869819444444
 30
0.0
 10
52.95638944444443
 20
142.8441319444444
 30
0.0
  0
POLYLINE
  5
135
330
1F
100
AcDbEntity
  8
DEFAULT
 62
     7
100
AcDb2dPolyline
 66
     1
 10
0.0
 20
0.0
 30
0.0
  0
VERTEX
  5
136
330
135
100
AcDbEntity
  8
DEFAULT
 62
     7
100
AcDbVertex
100
AcDb2dVertex
 10
17.03697944444446
 20
159.44469
 30
0.0
  0
VERTEX
  5
137
330
135
100
AcDbEntity
  8
DEFAULT
 62
     7
100
AcDbVertex
100
AcDb2dVertex
 10
14.47898777777779
 20
161.0117288888889
 30
0.0
  0
SEQEND
  5
138
330
135
100
AcDbEntity
  8
DEFAULT
 62
     7
  0
POLYLINE
  5
139
330
1F
100
AcDbEntity
  8
DEFAULT
 62
     7
100
AcDb2dPolyline
 66
     1
 10
0.0
 20
0.0
 30
0.0
  0
VERTEX
  5
13A
330
139
100
AcDbEntity
  8
DEFAULT
 62
     7
100
AcDbVertex
100
AcDb2dVertex
 10
17.50772611111111
 20
160.3290333333334
 30
0.0
  0
VERTEX
  5
13B
330
139
100
AcDbEntity
  8
DEFAULT
 62
     7
100
AcDbVertex
100
AcDb2dVertex
 10
18.83099555555555
 20
162.4894444444445
 30
0.0
  0
VERTEX
  5
13C
330
139
100
AcDbEntity
  8
DEFAULT
 62
     7
100
AcDbVertex
100
AcDb2dVertex
 10
17.75149555555555
 20
162.3462166666667
 30
0.0
  0
SEQEND
  5
13D
330
139
100
AcDbEntity
  8
DEFAULT
 62
     7
  0
SPLINE
  5
13E
330
1F
100
AcDbEntity
  8
DEFAULT
 62
     7
100
AcDbSpline
210
0.0
220
0.0
230
1.0
 70
     8
 71
     3
 72
    23
 73
    19
 74
     0
 42
0.000000001
 43
0.0000000001
 40
0.0
 40
0.0
 40
0.0
 40
0.0
 40
1.0
 40
1.0
 40
1.0
 40
2.0
 40
2.0
 40
2.0
 40
3.0
 40
3.0
 40
3.0
 40
7.69608730753593
 40
7.69608730753593
 40
7.69608730753593
 40
8.69608730753593
 40
8.69608730753593
 40
8.69608730753593
 40
9.69608730753593
 40
9.69608730753593
 40
9.69608730753593
 40
9.69608730753593
 10
15.53795611111111
 20
162.6510872222222
 30
0.0
 10
15.83534777777778
 20
163.1361566666667
 30
0.0
 10
16.35534222222222
 20
163.3432372222222
 30
0.0
 10
16.82418388888889
 20
163.0560761111111
 30
0.0
 10
17.34911722222222
 20
162.7343427777778
 30
0.0
 10
17.20588944444444
 20
162.1868316666666
 30
0.0
 10
17.02456166666667
 20
161.8912038888889
 30
0.0
 10
16.98787277777778
 20
161.8312316666666
 30
0.0
 10
16.97411444444444
 20
161.8167677777778
 30
0.0
 10
16.952595
 20
161.7888983333333
 30
0.0
 10
16.4810487037037
 20
162.0762946296296
 30
0.0
 10
16.00950240740741
 20
162.3636909259259
 30
0.0
 10
15.53795611111111
 20
162.6510872222222
 30
0.0
 10
15.24091722222222
 20
162.165665
 30
0.0
 10
15.33722555555555
 20
161.6587233333333
 30
0.0
 10
15.83252555555556
 20
161.3553344444444
 30
0.0
 10
16.08828944444444
 20
161.1987011111111
 30
0.0
 10
16.29678111111111
 20
161.1436677777778
 30
0.0
 10
16.42872
 20
161.1270872222222
 30
0.0
  0
POLYLINE
  5
13F
330
1F
100
AcDbEntity
  8
DEFAULT
 62
     7
100
AcDb2dPolyline
 66
     1
 10
0.0
 20
0.0
 30
0.0
  0
VERTEX
  5
140
330
13F
100
AcDbEntity
  8
DEFAULT
 62
     7
100
AcDbVertex
100
AcDb2dVertex
 10
52.21569722222223
 20
161.01187
 30
0.0
  0
VERTEX
  5
141
330
13F
100
AcDbEntity
  8
DEFAULT
 62
     7
100
AcDbVertex
100
AcDb2dVertex
 10
49.65770555555555
 20
159.4448311111111
 30
0.0
  0
SEQEND
  5
142
330
13F
100
AcDbEntity
  8
DEFAULT
 62
     7
  0
POLYLINE
  5
143
330
1F
100
AcDbEntity
  8
DEFAULT
 62
     7
100
AcDb2dPolyline
 66
     1
 10
0.0
 20
0.0
 30
0.0
  0
VERTEX
  5
144
330
143
100
AcDbEntity
  8
DEFAULT
 62
     7
100
AcDbVertex
100
AcDb2dVertex
 10
51.6415513888889
 20
161.8328191666667
 30
0.0
  0
VERTEX
  5
145
330
143
100
AcDbEntity
  8
DEFAULT
 62
     7
100
AcDbVertex
100
AcDb2dVertex
 10
50.31828194444444
 20
163.9932302777778
 30
0.0
  0
VERTEX
  5
146
330
143
100
AcDbEntity
  8
DEFAULT
 62
     7
100
AcDbVertex
100
AcDb2dVertex
 10
49.95527361111111
 20
162.9662941666667
 30
0.0
  0
SEQEND
  5
147
330
143
100
AcDbEntity
  8
DEFAULT
 62
     7
  0
SPLINE
  5
148
330
1F
100
AcDbEntity
  8
DEFAULT
 62
     7
100
AcDbSpline
210
0.0
220
0.0
230
1.0
 70
     8
 71
     3
 72
    23
 73
    19
 74
     0
 42
0.000000001
 43
0.0000000001
 40
0.0
 40
0.0
 40
0.0
 40
0.0
 40
1.0
 40
1.0
 40
1.0
 40
2.0
 40
2.0
 40
2.0
 40
3.0
 40
3.0
 40
3.0
 40
7.695258033377917
 40
7.695258033377917
 40
7.695258033377917
 40
8.695258033377918
 40
8.695258033377918
 40
8.695258033377918
 40
9.695258033377918
 40
9.695258033377918
 40
9.695258033377918
 40
9.695258033377918
 10
48.678465
 20
161.1328022222222
 30
0.0
 10
48.38107333333333
 20
161.6178716666667
 30
0.0
 10
48.43293166666666
 20
162.1752605555556
 30
0.0
 10
48.90177333333333
 20
162.4624216666667
 30
0.0
 10
49.42670666666666
 20
162.7845077777777
 30
0.0
 10
49.84933444444444
 20
162.4080938888889
 30
0.0
 10
50.03066222222222
 20
162.1121133333333
 30
0.0
 10
50.06699833333333
 20
162.0521411111111
 30
0.0
 10
50.07405388888889
 20
162.0334438888889
 30
0.0
 10
50.08887055555554
 20
162.0013411111111
 30
0.0
 10
49.61873537037036
 20
161.7118281481482
 30
0.0
 10
49.14860018518518
 20
161.4223151851852
 30
0.0
 10
48.678465
 20
161.1328022222222
 30
0.0
 10
48.97585666666667
 20
160.6477327777778
 30
0.0
 10
49.47115666666667
 20
160.5030938888889
 30
0.0
 10
49.96645666666667
 20
160.8064827777778
 30
0.0
 10
50.22222055555555
 20
160.9631161111111
 30
0.0
 10
50.36580111111111
 20
161.1243355555555
 30
0.0
 10
50.44058999999999
 20
161.2340494444444
 30
0.0
  0
POLYLINE
  5
149
330
1F
100
AcDbEntity
  8
DEFAULT
 62
     7
100
AcDb2dPolyline
 66
     1
 10
0.0
 20
0.0
 30
0.0
  0
VERTEX
  5
14A
330
149
100
AcDbEntity
  8
DEFAULT
 62
     7
100
AcDbVertex
100
AcDb2dVertex
 10
32.09822694444444
 20
150.8107713888889
 30
0.0
  0
VERTEX
  5
14B
330
149
100
AcDbEntity
  8
DEFAULT
 62
     7
100
AcDbVertex
100
AcDb2dVertex
 10
34.59801027777777
 20
150.8107713888889
 30
0.0
  0
SEQEND
  5
14C
330
149
100
AcDbEntity
  8
DEFAULT
 62
     7
  0
POLYLINE
  5
14D
330
1F
100
AcDbEntity
  8
DEFAULT
 62
     7
100
AcDb2dPolyline
 66
     1
 10
0.0
 20
0.0
 30
0.0
  0
VERTEX
  5
14E
330
14D
100
AcDbEntity
  8
DEFAULT
 62
     7
100
AcDbVertex
100
AcDb2dVertex
 10
33.96907805555556
 20
153.0424788888889
 30
0.0
  0
VERTEX
  5
14F
330
14D
100
AcDbEntity
  8
DEFAULT
 62
     7
100
AcDbVertex
100
AcDb2dVertex
 10
32.60876694444445
 20
153.0424788888889
 30
0.0
  0
SEQEND
  5
150
330
14D
100
AcDbEntity
  8
DEFAULT
 62
     7
  0
POLYLINE
  5
151
330
1F
100
AcDbEntity
  8
DEFAULT
 62
     7
100
AcDb2dPolyline
 66
     1
 10
0.0
 20
0.0
 30
0.0
  0
VERTEX
  5
152
330
151
100
AcDbEntity
  8
DEFAULT
 62
     7
100
AcDbVertex
100
AcDb2dVertex
 10
34.08605916666667
 20
151.8108611111111
 30
0.0
  0
VERTEX
  5
153
330
151
100
AcDbEntity
  8
DEFAULT
 62
     7
100
AcDbVertex
100
AcDb2dVertex
 10
32.60862583333333
 20
151.8108611111111
 30
0.0
  0
VERTEX
  5
154
330
151
100
AcDbEntity
  8
DEFAULT
 62
     7
100
AcDbVertex
100
AcDb2dVertex
 10
32.60862583333333
 20
154.4379972222222
 30
0.0
  0
VERTEX
  5
155
330
151
100
AcDbEntity
  8
DEFAULT
 62
     7
100
AcDbVertex
100
AcDb2dVertex
 10
34.02749805555555
 20
154.4379972222222
 30
0.0
  0
SEQEND
  5
156
330
151
100
AcDbEntity
  8
DEFAULT
 62
     7
  0
SPLINE
  5
157
330
1F
100
AcDbEntity
  8
DEFAULT
 62
     1
100
AcDbSpline
210
0.0
220
0.0
230
1.0
 70
    11
 71
     3
 72
   173
 73
   169
 74
     0
 42
0.000000001
 43
0.0000000001
 40
11.05039786614036
 40
11.05039786614036
 40
11.05039786614036
 40
11.05039786614036
 40
12.05039786614036
 40
12.05039786614036
 40
12.05039786614036
 40
13.05039786614036
 40
13.05039786614036
 40
13.05039786614036
 40
14.05039786614036
 40
14.05039786614036
 40
14.05039786614036
 40
15.05039786614036
 40
15.05039786614036
 40
15.05039786614036
 40
16.05039786614036
 40
16.05039786614036
 40
16.05039786614036
 40
17.05039786614036
 40
17.05039786614036
 40
17.05039786614036
 40
18.05039786614036
 40
18.05039786614036
 40
18.05039786614036
 40
19.05039786614036
 40
19.05039786614036
 40
19.05039786614036
 40
31.94639786614032
 40
31.94639786614032
 40
31.94639786614032
 40
40.45039786614032
 40
40.45039786614032
 40
40.45039786614032
 40
53.34639786614028
 40
53.34639786614028
 40
53.34639786614028
 40
54.34639786614028
 40
54.34639786614028
 40
54.34639786614028
 40
55.34639786614028
 40
55.34639786614028
 40
55.34639786614028
 40
56.34639786614028
 40
56.34639786614028
 40
56.34639786614028
 40
57.34639786614028
 40
57.34639786614028
 40
57.34639786614028
 40
58.34639786614028
 40
58.34639786614028
 40
58.34639786614028
 40
59.34639786614028
 40
59.34639786614028
 40
59.34639786614028
 40
60.34639786614028
 40
60.34639786614028
 40
60.34639786614028
 40
61.34639786614028
 40
61.34639786614028
 40
61.34639786614028
 40
72.40262384972073
 40
72.40262384972073
 40
72.40262384972073
 40
73.40262384972073
 40
73.40262384972073
 40
73.40262384972073
 40
74.40262384972073
 40
74.40262384972073
 40
74.40262384972073
 40
87.2935788182248
 40
87.2935788182248
 40
87.2935788182248
 40
95.79746293079359
 40
95.79746293079359
 40
95.79746293079359
 40
96.79746293079359
 40
96.79746293079359
 40
96.79746293079359
 40
97.79746293079359
 40
97.79746293079359
 40
97.79746293079359
 40
98.79746293079359
 40
98.79746293079359
 40
98.79746293079359
 40
99.79746293079359
 40
99.79746293079359
 40
99.79746293079359
 40
103.4848264875913
 40
103.4848264875913
 40
103.4848264875913
 40
104.4848264875913
 40
104.4848264875913
 40
104.4848264875913
 40
105.4848264875913
 40
105.4848264875913
 40
105.4848264875913
 40
118.3798164061605
 40
118.3798164061605
 40
118.3798164061605
 40
126.8841016788921
 40
126.8841016788921
 40
126.8841016788921
 40
127.8841016788921
 40
127.8841016788921
 40
127.8841016788921
 40
128.8841016788921
 40
128.8841016788921
 40
128.8841016788921
 40
129.8841016788921
 40
129.8841016788921
 40
129.8841016788921
 40
130.8841016788921
 40
130.8841016788921
 40
130.8841016788921
 40
196.8461016788921
 40
196.8461016788921
 40
196.8461016788921
 40
197.8461016788921
 40
197.8461016788921
 40
197.8461016788921
 40
198.8461016788921
 40
198.8461016788921
 40
198.8461016788921
 40
199.8461016788921
 40
199.8461016788921
 40
199.8461016788921
 40
200.8461016788921
 40
200.8461016788921
 40
200.8461016788921
 40
209.349534221107
 40
209.349534221107
 40
209.349534221107
 40
222.2507948184285
 40
222.2507948184285
 40
222.2507948184285
 40
223.2507948184285
 40
223.2507948184285
 40
223.2507948184285
 40
224.2507948184285
 40
224.2507948184285
 40
224.2507948184285
 40
227.9381583752263
 40
227.9381583752263
 40
227.9381583752263
 40
228.9381583752263
 40
228.9381583752263
 40
228.9381583752263
 40
229.9381583752263
 40
229.9381583752263
 40
229.9381583752263
 40
230.9381583752263
 40
230.9381583752263
 40
230.9381583752263
 40
231.9381583752263
 40
231.9381583752263
 40
231.9381583752263
 40
240.4426255543034
 40
240.4426255543034
 40
240.4426255543034
 40
253.3367243983483
 40
253.3367243983483
 40
253.3367243983483
 40
254.3367243983483
 40
254.3367243983483
 40
254.3367243983483
 40
255.3367243983483
 40
255.3367243983483
 40
255.3367243983483
 40
266.3871222644887
 40
266.3871222644887
 40
266.3871222644887
 40
266.3871222644887
 10
42.98801833333333
 20
131.2028180555556
 30
0.0
 10
42.98801833333333
 20
131.2028180555556
 30
0.0
 10
41.42697666666666
 20
129.1461236111111
 30
0.0
 10
40.20777666666666
 20
129.3500291666666
 30
0.0
 10
38.38250444444444
 20
129.6551819444444
 30
0.0
 10
37.69388222222221
 20
131.0112597222222
 30
0.0
 10
34.85543222222222
 20
131.0112597222222
 30
0.0
 10
34.79087388888888
 20
131.0112597222222
 30
0.0
 10
34.79087388888888
 20
131.4236569444444
 30
0.0
 10
34.79087388888888
 20
131.9884541666667
 30
0.0
 10
34.79087388888888
 20
133.2496347222222
 30
0.0
 10
34.85543222222222
 20
133.1247513888889
 30
0.0
 10
34.85543222222222
 20
134.2628125
 30
0.0
 10
34.85543222222222
 20
135.4001680555556
 30
0.0
 10
34.79087388888888
 20
135.2714041666667
 30
0.0
 10
34.79087388888888
 20
136.5378763888889
 30
0.0
 10
34.79087388888888
 20
137.7990569444444
 30
0.0
 10
34.85543222222222
 20
137.6745263888889
 30
0.0
 10
34.85543222222222
 20
138.8118819444445
 30
0.0
 10
34.85543222222222
 20
139.9495902777778
 30
0.0
 10
34.79087388888888
 20
139.8215319444444
 30
0.0
 10
34.79087388888888
 20
141.0872986111111
 30
0.0
 10
34.79087388888888
 20
142.3484791666667
 30
0.0
 10
34.85543222222222
 20
142.2239486111111
 30
0.0
 10
34.85543222222222
 20
143.3613041666667
 30
0.0
 10
34.85543222222222
 20
144.8777782407407
 30
0.0
 10
34.85543222222222
 20
146.3942523148148
 30
0.0
 10
34.85543222222222
 20
147.9107263888889
 30
0.0
 10
33.85542481481481
 20
147.9107263888889
 30
0.0
 10
32.8554174074074
 20
147.9107263888889
 30
0.0
 10
31.85541
 20
147.9107263888889
 30
0.0
 10
31.85541
 20
146.3942523148148
 30
0.0
 10
31.85541
 20
144.8777782407407
 30
0.0
 10
31.85541
 20
143.3613041666667
 30
0.0
 10
31.85541
 20
142.2239486111111
 30
0.0
 10
31.91996833333333
 20
142.3484791666667
 30
0.0
 10
31.91996833333333
 20
141.0872986111111
 30
0.0
 10
31.91996833333333
 20
139.8215319444444
 30
0.0
 10
31.85541
 20
139.9495902777778
 30
0.0
 10
31.85541
 20
138.8118819444445
 30
0.0
 10
31.85541
 20
137.6745263888889
 30
0.0
 10
31.91996833333333
 20
137.7990569444444
 30
0.0
 10
31.91996833333333
 20
136.5378763888889
 30
0.0
 10
31.91996833333333
 20
135.2714041666667
 30
0.0
 10
31.85541
 20
135.4001680555556
 30
0.0
 10
31.85541
 20
134.2628125
 30
0.0
 10
31.85541
 20
133.1247513888889
 30
0.0
 10
31.91996833333333
 20
133.2496347222222
 30
0.0
 10
31.91996833333333
 20
131.9884541666667
 30
0.0
 10
31.91996833333333
 20
131.4236569444444
 30
0.0
 10
31.91996833333333
 20
131.0112597222222
 30
0.0
 10
31.85541
 20
131.0112597222222
 30
0.0
 10
29.01696
 20
131.0112597222222
 30
0.0
 10
28.32833777777778
 20
129.6551819444444
 30
0.0
 10
26.50306555555555
 20
129.3500291666666
 30
0.0
 10
25.28386555555555
 20
129.1461236111111
 30
0.0
 10
23.71929611111111
 20
131.2028180555556
 30
0.0
 10
23.71929611111111
 20
131.2028180555556
 30
0.0
 10
22.96117666666667
 20
132.2590347222222
 30
0.0
 10
22.20305722222222
 20
133.3152513888889
 30
0.0
 10
21.44493777777778
 20
134.3714680555555
 30
0.0
 10
20.77501277777777
 20
135.2936291666666
 30
0.0
 10
20.79371
 20
135.1511069444444
 30
0.0
 10
20.05569888888889
 20
136.1829819444444
 30
0.0
 10
19.32121555555555
 20
137.2060375
 30
0.0
 10
19.44574611111111
 20
137.1414791666666
 30
0.0
 10
18.78005444444445
 20
138.0685791666666
 30
0.0
 10
17.89669888888889
 20
139.3004791666666
 30
0.0
 10
17.01334333333334
 20
140.5323791666667
 30
0.0
 10
16.12998777777778
 20
141.7642791666667
 30
0.0
 10
15.31754055555555
 20
141.1812550925926
 30
0.0
 10
14.50509333333333
 20
140.5982310185185
 30
0.0
 10
13.69264611111111
 20
140.0152069444444
 30
0.0
 10
14.35692666666666
 20
139.0933986111111
 30
0.0
 10
14.33470166666667
 20
139.2263958333333
 30
0.0
 10
15.07271277777778
 20
138.2029875
 30
0.0
 10
15.80649055555556
 20
137.1756986111111
 30
0.0
 10
16.36634888888889
 20
136.3318541666667
 30
0.0
 10
16.23829055555556
 20
136.2404847222222
 30
0.0
 10
13.07352111111111
 20
133.9707125
 30
0.0
 10
11.12054333333333
 20
136.1339458333333
 30
0.0
 10
10.15746
 20
137.4773236111111
 30
0.0
 10
5.608037777777777
 20
143.8153291666667
 30
0.0
 10
7.604054444444444
 20
150.3452458333333
 30
0.0
 10
11.036935
 20
149.6375736111111
 30
0.0
 10
11.26330074074074
 20
150.0074023148148
 30
0.0
 10
11.48966648148148
 20
150.3772310185185
 30
0.0
 10
11.71603222222222
 20
150.7470597222222
 30
0.0
 10
12.30728777777778
 20
151.7143763888889
 30
0.0
 10
12.18804888888889
 20
151.6420569444444
 30
0.0
 10
12.84809611111111
 20
152.7194402777778
 30
0.0
 10
13.50461555555555
 20
153.7968236111111
 30
0.0
 10
13.49473777777778
 20
153.6546541666667
 30
0.0
 10
14.08705166666666
 20
154.6272625
 30
0.0
 10
14.87892018518519
 20
155.9204282407407
 30
0.0
 10
15.6707887037037
 20
157.2135939814814
 30
0.0
 10
16.46265722222222
 20
158.5067597222222
 30
0.0
 10
15.60987574074074
 20
159.0291060185185
 30
0.0
 10
14.75709425925926
 20
159.5514523148148
 30
0.0
 10
13.90431277777778
 20
160.0737986111111
 30
0.0
 10
13.31305722222222
 20
159.1011902777778
 30
0.0
 10
13.42771
 20
159.1745680555555
 30
0.0
 10
12.77119055555556
 20
158.0968319444444
 30
0.0
 10
12.11114333333333
 20
157.0194486111111
 30
0.0
 10
11.551285
 20
156.1801902777778
 30
0.0
 10
11.41864055555556
 20
156.2623875
 30
0.0
 10
8.089123888888889
 20
158.2940347222222
 30
0.0
 10
9.712254444444444
 20
160.6971569444444
 30
0.0
 10
10.57479611111111
 20
162.1096791666667
 30
0.0
 10
14.64691
 20
168.7641263888889
 30
0.0
 10
21.35215722222222
 20
172.3596375
 30
0.0
 10
21.71410722222222
 20
166.1084152777778
 30
0.0
 10
29.47074981481481
 20
166.1084152777778
 30
0.0
 10
37.2273924074074
 20
166.1084152777778
 30
0.0
 10
44.984035
 20
166.1084152777778
 30
0.0
 10
45.34245722222222
 20
172.3596375
 30
0.0
 10
52.04699888888888
 20
168.7641263888889
 30
0.0
 10
56.11981833333333
 20
162.1096791666667
 30
0.0
 10
56.98130166666665
 20
160.7020958333333
 30
0.0
 10
58.60972388888888
 20
158.2986208333333
 30
0.0
 10
55.28479333333333
 20
156.2627402777778
 30
0.0
 10
55.14262388888888
 20
156.1801902777778
 30
0.0
 10
54.58805722222221
 20
157.0194486111111
 30
0.0
 10
53.92695166666666
 20
158.1014180555555
 30
0.0
 10
53.26690444444444
 20
159.1745680555555
 30
0.0
 10
53.38614333333333
 20
159.1011902777778
 30
0.0
 10
52.79030166666666
 20
160.0737986111111
 30
0.0
 10
51.93763777777777
 20
159.5514523148148
 30
0.0
 10
51.08497388888888
 20
159.0291060185185
 30
0.0
 10
50.23231
 20
158.5067597222222
 30
0.0
 10
51.02558962962962
 20
157.2135939814815
 30
0.0
 10
51.81886925925926
 20
155.9204282407407
 30
0.0
 10
52.61214888888888
 20
154.6272625
 30
0.0
 10
53.19881833333333
 20
153.6546541666667
 30
0.0
 10
53.18999888888889
 20
153.7968236111111
 30
0.0
 10
53.85004611111111
 20
152.7194402777778
 30
0.0
 10
54.51009333333332
 20
151.6420569444444
 30
0.0
 10
54.3866211111111
 20
151.7143763888889
 30
0.0
 10
54.98316833333332
 20
150.7470597222222
 30
0.0
 10
55.20953407407406
 20
150.3772310185185
 30
0.0
 10
55.43589981481481
 20
150.0074023148148
 30
0.0
 10
55.66226555555556
 20
149.6375736111111
 30
0.0
 10
59.09514611111111
 20
150.3455986111111
 30
0.0
 10
61.08657666666666
 20
143.8156819444444
 30
0.0
 10
56.53715444444444
 20
137.4773236111111
 30
0.0
 10
55.57336555555555
 20
136.1381791666666
 30
0.0
 10
53.62567944444444
 20
133.9707125
 30
0.0
 10
50.45667666666667
 20
136.2404847222222
 30
0.0
 10
50.33285166666666
 20
136.3364402777778
 30
0.0
 10
50.88741833333334
 20
137.1756986111111
 30
0.0
 10
51.62648777777778
 20
138.2026347222222
 30
0.0
 10
52.35991277777777
 20
139.2260430555556
 30
0.0
 10
52.33662944444443
 20
139.0933986111111
 30
0.0
 10
53.0023211111111
 20
140.0148541666667
 30
0.0
 10
52.18987388888888
 20
140.5979958333333
 30
0.0
 10
51.37742666666666
 20
141.1811375
 30
0.0
 10
50.56497944444444
 20
141.7642791666667
 30
0.0
 10
49.68115351851852
 20
140.5322615740741
 30
0.0
 10
48.79732759259259
 20
139.3002439814815
 30
0.0
 10
47.91350166666666
 20
138.0682263888889
 30
0.0
 10
47.2492211111111
 20
137.1414791666666
 30
0.0
 10
47.37692666666666
 20
137.2056847222222
 30
0.0
 10
46.63926833333333
 20
136.1829819444444
 30
0.0
 10
45.90549055555555
 20
135.1553402777778
 30
0.0
 10
45.92348222222223
 20
135.2936291666666
 30
0.0
 10
45.25884888888888
 20
134.3714680555555
 30
0.0
 10
44.50190537037037
 20
133.3152513888889
 30
0.0
 10
43.74496185185185
 20
132.2590347222222
 30
0.0
 10
42.98801833333333
 20
131.2028180555556
 30
0.0
  0
POLYLINE
  5
158
330
1F
100
AcDbEntity
  8
DEFAULT
 62
     7
100
AcDb2dPolyline
 66
     1
 10
0.0
 20
0.0
 30
0.0
  0
VERTEX
  5
159
330
158
100
AcDbEntity
  8
DEFAULT
 62
     7
100
AcDbVertex
100
AcDb2dVertex
 10
17.74098277777777
 20
190.4713897222222
 30
0.0
  0
VERTEX
  5
15A
330
158
100
AcDbEntity
  8
DEFAULT
 62
     7
100
AcDbVertex
100
AcDb2dVertex
 10
19.06425222222221
 20
192.6321536111111
 30
0.0
  0
VERTEX
  5
15B
330
158
100
AcDbEntity
  8
DEFAULT
 62
     7
100
AcDbVertex
100
AcDb2dVertex
 10
18.16608
 20
192.3774480555556
 30
0.0
  0
SEQEND
  5
15C
330
158
100
AcDbEntity
  8
DEFAULT
 62
     7
  0
SPLINE
  5
15D
330
1F
100
AcDbEntity
  8
DEFAULT
 62
     7
100
AcDbSpline
210
0.0
220
0.0
230
1.0
 70
     8
 71
     3
 72
    20
 73
    16
 74
     0
 42
0.000000001
 43
0.0000000001
 40
0.0
 40
0.0
 40
0.0
 40
0.0
 40
1.003328663395419
 40
1.003328663395419
 40
1.003328663395419
 40
2.006657326790839
 40
2.006657326790839
 40
2.006657326790839
 40
3.009985990186258
 40
3.009985990186258
 40
3.009985990186258
 40
4.013314653581678
 40
4.013314653581678
 40
4.013314653581678
 40
5.016643316977097
 40
5.016643316977097
 40
5.016643316977097
 40
5.016643316977097
 10
18.05068638888889
 20
193.4401911111111
 30
0.0
 10
18.05068638888889
 20
193.4401911111111
 30
0.0
 10
16.80185305555555
 20
191.4138355555555
 30
0.0
 10
16.74046972222222
 20
191.3009466666666
 30
0.0
 10
16.53903361111111
 20
191.1753577777777
 30
0.0
 10
16.37146416666667
 20
191.1732411111111
 30
0.0
 10
16.19507527777778
 20
191.2811911111111
 30
0.0
 10
15.92343638888889
 20
191.4477022222222
 30
0.0
 10
15.79749472222222
 20
191.8586883333333
 30
0.0
 10
16.09700305555555
 20
192.3476383333333
 30
0.0
 10
16.34888638888889
 20
192.7642688888888
 30
0.0
 10
16.73588361111111
 20
192.9159633333333
 30
0.0
 10
17.03821416666667
 20
192.7311077777777
 30
0.0
 10
17.23471138888889
 20
192.6104577777778
 30
0.0
 10
17.31514472222222
 20
192.4256022222222
 30
0.0
 10
17.30456138888889
 20
192.2220494444444
 30
0.0
  0
POLYLINE
  5
15E
330
1F
100
AcDbEntity
  8
DEFAULT
 62
     7
100
AcDb2dPolyline
 66
     1
 10
0.0
 20
0.0
 30
0.0
  0
VERTEX
  5
15F
330
15E
100
AcDbEntity
  8
DEFAULT
 62
     7
100
AcDbVertex
100
AcDb2dVertex
 10
17.42126027777777
 20
189.3575997222222
 30
0.0
  0
VERTEX
  5
160
330
15E
100
AcDbEntity
  8
DEFAULT
 62
     7
100
AcDbVertex
100
AcDb2dVertex
 10
14.86291583333333
 20
190.9242858333333
 30
0.0
  0
SEQEND
  5
161
330
15E
100
AcDbEntity
  8
DEFAULT
 62
     7
  0
POLYLINE
  5
162
330
1F
100
AcDbEntity
  8
DEFAULT
 62
     7
100
AcDb2dPolyline
 66
     1
 10
0.0
 20
0.0
 30
0.0
  0
VERTEX
  5
163
330
162
100
AcDbEntity
  8
DEFAULT
 62
     7
100
AcDbVertex
100
AcDb2dVertex
 10
50.98580805555557
 20
191.7154252777777
 30
0.0
  0
VERTEX
  5
164
330
162
100
AcDbEntity
  8
DEFAULT
 62
     7
100
AcDbVertex
100
AcDb2dVertex
 10
49.66253861111112
 20
193.8761891666667
 30
0.0
  0
VERTEX
  5
165
330
162
100
AcDbEntity
  8
DEFAULT
 62
     7
100
AcDbVertex
100
AcDb2dVertex
 10
49.48121083333334
 20
192.9600252777778
 30
0.0
  0
SEQEND
  5
166
330
162
100
AcDbEntity
  8
DEFAULT
 62
     7
  0
SPLINE
  5
167
330
1F
100
AcDbEntity
  8
DEFAULT
 62
     7
100
AcDbSpline
210
0.0
220
0.0
230
1.0
 70
     8
 71
     3
 72
    20
 73
    16
 74
     0
 42
0.000000001
 43
0.0000000001
 40
0.0
 40
0.0
 40
0.0
 40
0.0
 40
1.003224903099325
 40
1.003224903099325
 40
1.003224903099325
 40
2.00644980619865
 40
2.00644980619865
 40
2.00644980619865
 40
3.009674709297975
 40
3.009674709297975
 40
3.009674709297975
 40
4.0128996123973
 40
4.0128996123973
 40
4.0128996123973
 40
5.016124515496625
 40
5.016124515496625
 40
5.016124515496625
 40
5.016124515496625
 10
48.4820736111111
 20
193.3402844444444
 30
0.0
 10
48.4820736111111
 20
193.3402844444444
 30
0.0
 10
49.71961805555555
 20
191.3072261111111
 30
0.0
 10
49.79229027777777
 20
191.20104
 30
0.0
 10
49.8123986111111
 20
190.9646788888889
 30
0.0
 10
49.73866805555555
 20
190.8143955555555
 30
0.0
 10
49.56227916666666
 20
190.7064455555555
 30
0.0
 10
49.29028749999999
 20
190.5399344444444
 30
0.0
 10
48.86695416666666
 20
190.6147233333333
 30
0.0
 10
48.56744583333332
 20
191.1036733333333
 30
0.0
 10
48.3106236111111
 20
191.5174816666666
 30
0.0
 10
48.35154583333333
 20
191.9309372222222
 30
0.0
 10
48.6535236111111
 20
192.1161455555555
 30
0.0
 10
48.85002083333332
 20
192.2364427777777
 30
0.0
 10
49.05180972222222
 20
192.2237427777778
 30
0.0
 10
49.2281986111111
 20
192.1221427777778
 30
0.0
  0
POLYLINE
  5
168
330
1F
100
AcDbEntity
  8
DEFAULT
 62
     7
100
AcDb2dPolyline
 66
     1
 10
0.0
 20
0.0
 30
0.0
  0
VERTEX
  5
169
330
168
100
AcDbEntity
  8
DEFAULT
 62
     7
100
AcDbVertex
100
AcDb2dVertex
 10
51.83275694444442
 20
190.9244269444444
 30
0.0
  0
VERTEX
  5
16A
330
168
100
AcDbEntity
  8
DEFAULT
 62
     7
100
AcDbVertex
100
AcDb2dVertex
 10
49.2744125
 20
189.3577408333333
 30
0.0
  0
SEQEND
  5
16B
330
168
100
AcDbEntity
  8
DEFAULT
 62
     7
  0
POLYLINE
  5
16C
330
1F
100
AcDbEntity
  8
DEFAULT
 62
     7
100
AcDb2dPolyline
 66
     1
 10
0.0
 20
0.0
 30
0.0
  0
VERTEX
  5
16D
330
16C
100
AcDbEntity
  8
DEFAULT
 62
     7
100
AcDbVertex
100
AcDb2dVertex
 10
32.09822694444444
 20
185.5035730555555
 30
0.0
  0
VERTEX
  5
16E
330
16C
100
AcDbEntity
  8
DEFAULT
 62
     7
100
AcDbVertex
100
AcDb2dVertex
 10
34.59801027777777
 20
185.5035730555555
 30
0.0
  0
SEQEND
  5
16F
330
16C
100
AcDbEntity
  8
DEFAULT
 62
     7
  0
SPLINE
  5
170
330
1F
100
AcDbEntity
  8
DEFAULT
 62
     7
100
AcDbSpline
210
0.0
220
0.0
230
1.0
 70
    11
 71
     3
 72
    26
 73
    22
 74
     0
 42
0.000000001
 43
0.0000000001
 40
0.0
 40
0.0
 40
0.0
 40
0.0
 40
1.0
 40
1.0
 40
1.0
 40
2.0
 40
2.0
 40
2.0
 40
3.0
 40
3.0
 40
3.0
 40
4.0
 40
4.0
 40
4.0
 40
5.0
 40
5.0
 40
5.0
 40
6.0
 40
6.0
 40
6.0
 40
13.32500000000005
 40
13.32500000000005
 40
13.32500000000005
 40
13.32500000000005
 10
32.26773666666666
 20
189.1188397222222
 30
0.0
 10
32.47411166666667
 20
189.1498841666666
 30
0.0
 10
32.71999777777778
 20
189.1735202777777
 30
0.0
 10
32.98881444444444
 20
189.1735202777777
 30
0.0
 10
33.47600055555555
 20
189.1735202777777
 30
0.0
 10
33.82278111111111
 20
189.060278611111
 30
0.0
 10
34.05279222222222
 20
188.8461425
 30
0.0
 10
34.28668388888889
 20
188.6316536111111
 30
0.0
 10
34.42320888888889
 20
188.3275591666666
 30
0.0
 10
34.42320888888889
 20
187.9024619444444
 30
0.0
 10
34.42320888888889
 20
187.4738369444444
 30
0.0
 10
34.29056444444444
 20
187.1231758333333
 30
0.0
 10
34.04503111111111
 20
186.8815230555555
 30
0.0
 10
33.79949777777777
 20
186.6356369444444
 30
0.0
 10
33.39415611111111
 20
186.5033452777778
 30
0.0
 10
32.88368666666666
 20
186.5033452777778
 30
0.0
 10
32.64203388888889
 20
186.5033452777778
 30
0.0
 10
32.43918666666666
 20
186.5153397222222
 30
0.0
 10
32.26773666666666
 20
186.5347424999999
 30
0.0
 10
32.26773666666666
 20
187.3961082407407
 30
0.0
 10
32.26773666666666
 20
188.2574739814814
 30
0.0
 10
32.26773666666666
 20
189.1188397222222
 30
0.0
  0
SPLINE
  5
171
330
1F
100
AcDbEntity
  8
DEFAULT
 62
     1
100
AcDbSpline
210
0.0
220
0.0
230
1.0
 70
    11
 71
     3
 72
   119
 73
   115
 74
     0
 42
0.000000001
 43
0.0000000001
 40
3.676281953278301
 40
3.676281953278301
 40
3.676281953278301
 40
3.676281953278301
 40
4.676281953278301
 40
4.676281953278301
 40
4.676281953278301
 40
26.91058742927648
 40
26.91058742927648
 40
26.91058742927648
 40
27.91058742927648
 40
27.91058742927648
 40
27.91058742927648
 40
28.91058742927648
 40
28.91058742927648
 40
28.91058742927648
 40
29.91058742927648
 40
29.91058742927648
 40
29.91058742927648
 40
30.91058742927648
 40
30.91058742927648
 40
30.91058742927648
 40
31.91058742927648
 40
31.91058742927648
 40
31.91058742927648
 40
32.91058742927648
 40
32.91058742927648
 40
32.91058742927648
 40
45.80558742927652
 40
45.80558742927652
 40
45.80558742927652
 40
54.30958742927653
 40
54.30958742927653
 40
54.30958742927653
 40
67.20458742927656
 40
67.20458742927656
 40
67.20458742927656
 40
68.20458742927656
 40
68.20458742927656
 40
68.20458742927656
 40
69.20458742927656
 40
69.20458742927656
 40
69.20458742927656
 40
70.20458742927656
 40
70.20458742927656
 40
70.20458742927656
 40
71.20458742927656
 40
71.20458742927656
 40
71.20458742927656
 40
72.20458742927656
 40
72.20458742927656
 40
72.20458742927656
 40
73.20458742927656
 40
73.20458742927656
 40
73.20458742927656
 40
95.43889290527473
 40
95.43889290527473
 40
95.43889290527473
 40
96.43889290527473
 40
96.43889290527473
 40
96.43889290527473
 40
100.1257345075136
 40
100.1257345075136
 40
100.1257345075136
 40
101.1257345075136
 40
101.1257345075136
 40
101.1257345075136
 40
102.1257345075136
 40
102.1257345075136
 40
102.1257345075136
 40
115.0215772484903
 40
115.0215772484903
 40
115.0215772484903
 40
123.5258625212219
 40
123.5258625212219
 40
123.5258625212219
 40
124.5258625212219
 40
124.5258625212219
 40
124.5258625212219
 40
125.5258625212219
 40
125.5258625212219
 40
125.5258625212219
 40
126.5258625212219
 40
126.5258625212219
 40
126.5258625212219
 40
127.5258625212219
 40
127.5258625212219
 40
127.5258625212219
 40
193.4888625212219
 40
193.4888625212219
 40
193.4888625212219
 40
194.4888625212219
 40
194.4888625212219
 40
194.4888625212219
 40
195.4888625212219
 40
195.4888625212219
 40
195.4888625212219
 40
196.4888625212219
 40
196.4888625212219
 40
196.4888625212219
 40
197.4888625212219
 40
197.4888625212219
 40
197.4888625212219
 40
205.9931477939535
 40
205.9931477939535
 40
205.9931477939535
 40
218.8889905349302
 40
218.8889905349302
 40
218.8889905349302
 40
219.8889905349302
 40
219.8889905349302
 40
219.8889905349302
 40
220.8889905349302
 40
220.8889905349302
 40
220.8889905349302
 40
224.5652724882085
 40
224.5652724882085
 40
224.5652724882085
 40
224.5652724882085
 10
55.27890194444444
 20
179.5547519444444
 30
0.0
 10
58.18826027777778
 20
174.9217213888889
 30
0.0
 10
46.35644638888888
 20
177.5132269444445
 30
0.0
 10
45.69569361111111
 20
175.9722936111111
 30
0.0
 10
44.49201583333333
 20
173.6512510185185
 30
0.0
 10
43.28833805555556
 20
171.3302084259259
 30
0.0
 10
42.08466027777777
 20
169.0091658333333
 30
0.0
 10
41.92449916666666
 20
168.6376908333333
 30
0.0
 10
41.31454638888889
 20
168.1423908333333
 30
0.0
 10
41.02985472222223
 20
168.3900408333333
 30
0.0
 10
39.94753249999999
 20
169.2614019444444
 30
0.0
 10
38.39989638888888
 20
169.6021852777778
 30
0.0
 10
34.84566027777777
 20
169.6021852777778
 30
0.0
 10
34.78110194444444
 20
169.6251158333333
 30
0.0
 10
34.78568805555555
 20
170.0011769444444
 30
0.0
 10
34.78568805555555
 20
171.2302547222222
 30
0.0
 10
34.78568805555555
 20
172.4914352777778
 30
0.0
 10
34.84566027777777
 20
172.3672575
 30
0.0
 10
34.84566027777777
 20
173.5046130555556
 30
0.0
 10
34.84566027777777
 20
174.6419686111111
 30
0.0
 10
34.78568805555555
 20
174.5139102777778
 30
0.0
 10
34.78568805555555
 20
175.7793241666667
 30
0.0
 10
34.78568805555555
 20
177.0405047222222
 30
0.0
 10
34.85024638888888
 20
176.9166797222222
 30
0.0
 10
34.85024638888888
 20
178.0543880555556
 30
0.0
 10
34.85024638888888
 20
179.5707445370371
 30
0.0
 10
34.85024638888888
 20
181.0871010185185
 30
0.0
 10
34.85024638888888
 20
182.6034575
 30
0.0
 10
33.85023898148147
 20
182.6034575
 30
0.0
 10
32.85023157407407
 20
182.6034575
 30
0.0
 10
31.85022416666666
 20
182.6034575
 30
0.0
 10
31.85022416666666
 20
181.0871010185185
 30
0.0
 10
31.85022416666666
 20
179.570744537037
 30
0.0
 10
31.85022416666666
 20
178.0543880555556
 30
0.0
 10
31.85022416666666
 20
176.9166797222222
 30
0.0
 10
31.90984361111111
 20
177.0405047222222
 30
0.0
 10
31.90984361111111
 20
175.7793241666667
 30
0.0
 10
31.90984361111111
 20
174.5139102777778
 30
0.0
 10
31.85022416666666
 20
174.6419686111111
 30
0.0
 10
31.85022416666666
 20
173.5046130555556
 30
0.0
 10
31.85022416666666
 20
172.3672575
 30
0.0
 10
31.90984361111111
 20
172.4914352777778
 30
0.0
 10
31.90984361111111
 20
171.2302547222222
 30
0.0
 10
31.90984361111111
 20
169.9644880555555
 30
0.0
 10
31.9147825
 20
169.6021852777778
 30
0.0
 10
31.84563805555555
 20
169.6021852777778
 30
0.0
 10
28.29140194444444
 20
169.6021852777778
 30
0.0
 10
26.74341305555555
 20
169.2614019444444
 30
0.0
 10
25.66073805555556
 20
168.3900408333333
 30
0.0
 10
25.37675194444444
 20
168.1423908333333
 30
0.0
 10
24.76679916666667
 20
168.6376908333333
 30
0.0
 10
24.60628527777778
 20
169.0091658333333
 30
0.0
 10
23.4026075
 20
171.3302084259259
 30
0.0
 10
22.19892972222222
 20
173.6512510185185
 30
0.0
 10
20.99525194444444
 20
175.9722936111111
 30
0.0
 10
20.33485194444444
 20
177.5132269444445
 30
0.0
 10
8.512210277777776
 20
174.9171352777778
 30
0.0
 10
11.42156861111111
 20
179.5501658333333
 30
0.0
 10
11.64781675925926
 20
179.919994537037
 30
0.0
 10
11.87406490740741
 20
180.2898232407407
 30
0.0
 10
12.10031305555555
 20
180.6596519444444
 30
0.0
 10
12.69192138888889
 20
181.6276741666667
 30
0.0
 10
12.57232972222222
 20
181.5542963888889
 30
0.0
 10
13.2330825
 20
182.6316797222222
 30
0.0
 10
13.88924916666666
 20
183.7097686111111
 30
0.0
 10
13.87972416666666
 20
183.5675991666667
 30
0.0
 10
14.4713325
 20
184.5395019444444
 30
0.0
 10
15.26320101851852
 20
185.8327852777778
 30
0.0
 10
16.05506953703704
 20
187.1260686111111
 30
0.0
 10
16.84693805555555
 20
188.4193519444445
 30
0.0
 10
15.99415657407407
 20
188.9416982407407
 30
0.0
 10
15.14137509259259
 20
189.464044537037
 30
0.0
 10
14.28859361111111
 20
189.9863908333333
 30
0.0
 10
13.69733805555556
 20
189.0141352777778
 30
0.0
 10
13.81199083333333
 20
189.0875130555556
 30
0.0
 10
13.15582416666667
 20
188.0094241666667
 30
0.0
 10
12.49542416666667
 20
186.9320408333333
 30
0.0
 10
11.93591861111111
 20
186.0924297222222
 30
0.0
 10
11.80292138888889
 20
186.1749797222222
 30
0.0
 10
8.473404722222224
 20
188.2066269444444
 30
0.0
 10
10.09688805555556
 20
190.6097491666667
 30
0.0
 10
10.95907694444444
 20
192.0222713888889
 30
0.0
 10
15.03154361111111
 20
198.6770713888889
 30
0.0
 10
21.35296861111111
 20
202.5075325
 30
0.0
 10
21.71491861111111
 20
196.2566630555555
 30
0.0
 10
29.4716787962963
 20
196.2566630555555
 30
0.0
 10
37.22843898148148
 20
196.2566630555555
 30
0.0
 10
44.98519916666666
 20
196.2566630555555
 30
0.0
 10
45.34291583333333
 20
202.5075325
 30
0.0
 10
51.66363527777778
 20
198.6770713888889
 30
0.0
 10
55.7368075
 20
192.0222713888889
 30
0.0
 10
56.59829083333333
 20
190.6146880555555
 30
0.0
 10
58.22247972222222
 20
188.2119186111111
 30
0.0
 10
54.89719638888889
 20
186.1749797222222
 30
0.0
 10
54.75926027777777
 20
186.0924297222222
 30
0.0
 10
54.20504638888888
 20
186.9320408333333
 30
0.0
 10
53.54429361111111
 20
188.0140102777778
 30
0.0
 10
52.88389361111111
 20
189.0875130555556
 30
0.0
 10
53.00277972222222
 20
189.0141352777778
 30
0.0
 10
52.40729083333333
 20
189.9863908333333
 30
0.0
 10
51.55450935185186
 20
189.464044537037
 30
0.0
 10
50.70172787037037
 20
188.9416982407407
 30
0.0
 10
49.84894638888888
 20
188.4193519444445
 30
0.0
 10
50.64081490740741
 20
187.1260686111111
 30
0.0
 10
51.43268342592592
 20
185.8327852777778
 30
0.0
 10
52.22455194444444
 20
184.5395019444444
 30
0.0
 10
52.8158075
 20
183.5675991666667
 30
0.0
 10
52.80663527777777
 20
183.7097686111111
 30
0.0
 10
53.4666825
 20
182.6316797222222
 30
0.0
 10
54.12743527777777
 20
181.5542963888889
 30
0.0
 10
54.00325749999999
 20
181.6276741666667
 30
0.0
 10
54.59980472222222
 20
180.6596519444444
 30
0.0
 10
54.82617046296296
 20
180.2913519444444
 30
0.0
 10
55.0525362037037
 20
179.9230519444444
 30
0.0
 10
55.27890194444444
 20
179.5547519444444
 30
0.0
  0
POLYLINE
  5
172
330
1F
100
AcDbEntity
  8
DEFAULT
 62
     7
100
AcDb2dPolyline
 66
     1
 10
0.0
 20
0.0
 30
0.0
  0
VERTEX
  5
173
330
172
100
AcDbEntity
  8
DEFAULT
 62
     7
100
AcDbVertex
100
AcDb2dVertex
 10
17.42058999999999
 20
226.6495269444444
 30
0.0
  0
VERTEX
  5
174
330
172
100
AcDbEntity
  8
DEFAULT
 62
     7
100
AcDbVertex
100
AcDb2dVertex
 10
14.86224555555554
 20
228.2162130555555
 30
0.0
  0
SEQEND
  5
175
330
172
100
AcDbEntity
  8
DEFAULT
 62
     7
  0
SPLINE
  5
176
330
1F
100
AcDbEntity
  8
DEFAULT
 62
     7
100
AcDbSpline
210
0.0
220
0.0
230
1.0
 70
     8
 71
     3
 72
    17
 73
    13
 74
     0
 42
0.000000001
 43
0.0000000001
 40
0.0
 40
0.0
 40
0.0
 40
0.0
 40
1.0
 40
1.0
 40
1.0
 40
2.0
 40
2.0
 40
2.0
 40
3.0
 40
3.0
 40
3.0
 40
4.0
 40
4.0
 40
4.0
 40
4.0
 10
16.69538472222222
 20
228.3941188888888
 30
0.0
 10
16.60436805555555
 20
228.3948244444444
 30
0.0
 10
16.42409861111111
 20
228.4322188888888
 30
0.0
 10
16.23606805555555
 20
228.5475772222222
 30
0.0
 10
15.81344027777778
 20
228.8061633333333
 30
0.0
 10
15.7400625
 20
229.30358
 30
0.0
 10
16.04133472222222
 20
229.7957049999999
 30
0.0
 10
16.34472361111111
 20
230.2906522222222
 30
0.0
 10
16.85977916666667
 20
230.4691577777777
 30
0.0
 10
17.31697916666667
 20
230.1890522222222
 30
0.0
 10
17.46761527777777
 20
230.0969772222222
 30
0.0
 10
17.57415416666666
 20
229.9720938888888
 30
0.0
 10
17.61930972222222
 20
229.8898966666666
 30
0.0
  0
POLYLINE
  5
177
330
1F
100
AcDbEntity
  8
DEFAULT
 62
     7
100
AcDb2dPolyline
 66
     1
 10
0.0
 20
0.0
 30
0.0
  0
VERTEX
  5
178
330
177
100
AcDbEntity
  8
DEFAULT
 62
     7
100
AcDbVertex
100
AcDb2dVertex
 10
17.75957416666667
 20
227.6145152777777
 30
0.0
  0
VERTEX
  5
179
330
177
100
AcDbEntity
  8
DEFAULT
 62
     7
100
AcDbVertex
100
AcDb2dVertex
 10
19.08284361111111
 20
229.7752791666666
 30
0.0
  0
VERTEX
  5
17A
330
177
100
AcDbEntity
  8
DEFAULT
 62
     7
100
AcDbVertex
100
AcDb2dVertex
 10
18.18467138888889
 20
229.5202208333333
 30
0.0
  0
SEQEND
  5
17B
330
177
100
AcDbEntity
  8
DEFAULT
 62
     7
  0
POLYLINE
  5
17C
330
1F
100
AcDbEntity
  8
DEFAULT
 62
     7
100
AcDb2dPolyline
 66
     1
 10
0.0
 20
0.0
 30
0.0
  0
VERTEX
  5
17D
330
17C
100
AcDbEntity
  8
DEFAULT
 62
     7
100
AcDbVertex
100
AcDb2dVertex
 10
51.83691972222222
 20
228.2161777777778
 30
0.0
  0
VERTEX
  5
17E
330
17C
100
AcDbEntity
  8
DEFAULT
 62
     7
100
AcDbVertex
100
AcDb2dVertex
 10
49.27857527777777
 20
226.6494916666666
 30
0.0
  0
SEQEND
  5
17F
330
17C
100
AcDbEntity
  8
DEFAULT
 62
     7
  0
SPLINE
  5
180
330
1F
100
AcDbEntity
  8
DEFAULT
 62
     7
100
AcDbSpline
210
0.0
220
0.0
230
1.0
 70
     8
 71
     3
 72
    17
 73
    13
 74
     0
 42
0.000000001
 43
0.0000000001
 40
0.0
 40
0.0
 40
0.0
 40
0.0
 40
1.0
 40
1.0
 40
1.0
 40
2.0
 40
2.0
 40
2.0
 40
3.0
 40
3.0
 40
3.0
 40
4.0
 40
4.0
 40
4.0
 40
4.0
 10
49.95329805555555
 20
228.3632861111111
 30
0.0
 10
49.91096472222221
 20
228.2824999999999
 30
0.0
 10
49.79631194444444
 20
228.1389194444444
 30
0.0
 10
49.6079286111111
 20
228.0239138888888
 30
0.0
 10
49.18565361111111
 20
227.7653277777777
 30
0.0
 10
48.70905083333333
 20
227.9258416666666
 30
0.0
 10
48.40777861111111
 20
228.4176138888888
 30
0.0
 10
48.10438972222222
 20
228.9132666666666
 30
0.0
 10
48.17988416666666
 20
229.4530166666667
 30
0.0
 10
48.63708416666666
 20
229.7327694444444
 30
0.0
 10
48.78736749999999
 20
229.8251972222222
 30
0.0
 10
48.94717583333333
 20
229.8632972222222
 30
0.0
 10
49.04101472222221
 20
229.8661194444444
 30
0.0
  0
POLYLINE
  5
181
330
1F
100
AcDbEntity
  8
DEFAULT
 62
     7
100
AcDb2dPolyline
 66
     1
 10
0.0
 20
0.0
 30
0.0
  0
VERTEX
  5
182
330
181
100
AcDbEntity
  8
DEFAULT
 62
     7
100
AcDbVertex
100
AcDb2dVertex
 10
51.13136416666666
 20
228.9569052777778
 30
0.0
  0
VERTEX
  5
183
330
181
100
AcDbEntity
  8
DEFAULT
 62
     7
100
AcDbVertex
100
AcDb2dVertex
 10
49.8084475
 20
231.1176691666666
 30
0.0
  0
VERTEX
  5
184
330
181
100
AcDbEntity
  8
DEFAULT
 62
     7
100
AcDbVertex
100
AcDb2dVertex
 10
49.62676694444445
 20
230.2018580555555
 30
0.0
  0
SEQEND
  5
185
330
181
100
AcDbEntity
  8
DEFAULT
 62
     7
  0
POLYLINE
  5
186
330
1F
100
AcDbEntity
  8
DEFAULT
 62
     7
100
AcDb2dPolyline
 66
     1
 10
0.0
 20
0.0
 30
0.0
  0
VERTEX
  5
187
330
186
100
AcDbEntity
  8
DEFAULT
 62
     7
100
AcDbVertex
100
AcDb2dVertex
 10
13.05168416666666
 20
208.3485094444444
 30
0.0
  0
VERTEX
  5
188
330
186
100
AcDbEntity
  8
DEFAULT
 62
     7
100
AcDbVertex
100
AcDb2dVertex
 10
15.4876147222222
 20
210.0972288888888
 30
0.0
  0
SEQEND
  5
189
330
186
100
AcDbEntity
  8
DEFAULT
 62
     7
  0
SPLINE
  5
18A
330
1F
100
AcDbEntity
  8
DEFAULT
 62
     7
100
AcDbSpline
210
0.0
220
0.0
230
1.0
 70
     8
 71
     3
 72
    17
 73
    13
 74
     0
 42
0.000000001
 43
0.0000000001
 40
0.0
 40
0.0
 40
0.0
 40
0.0
 40
2.91224312171904
 40
2.91224312171904
 40
2.91224312171904
 40
3.91224312171904
 40
3.91224312171904
 40
3.91224312171904
 40
4.91224312171904
 40
4.91224312171904
 40
4.91224312171904
 40
5.91224312171904
 40
5.91224312171904
 40
5.91224312171904
 40
5.91224312171904
 10
14.80523666666667
 20
210.8382738888888
 30
0.0
 10
14.5270125925926
 20
210.6386016666666
 30
0.0
 10
14.24878851851852
 20
210.4389294444444
 30
0.0
 10
13.97056444444445
 20
210.2392572222222
 30
0.0
 10
13.97056444444444
 20
210.2392572222222
 30
0.0
 10
14.01960055555555
 20
212.0952211111111
 30
0.0
 10
13.74690333333333
 20
212.4751627777777
 30
0.0
 10
13.53558944444444
 20
212.7697322222222
 30
0.0
 10
13.23502277777778
 20
212.8826211111111
 30
0.0
 10
12.89177
 20
212.6363822222222
 30
0.0
 10
12.70762
 20
212.5040905555555
 30
0.0
 10
12.52911444444444
 20
212.1883544444444
 30
0.0
 10
12.80780888888889
 20
211.8002988888888
 30
0.0
  0
SPLINE
  5
18B
330
1F
100
AcDbEntity
  8
DEFAULT
 62
     7
100
AcDbSpline
210
0.0
220
0.0
230
1.0
 70
     8
 71
     3
 72
    17
 73
    13
 74
     0
 42
0.000000001
 43
0.0000000001
 40
0.0
 40
0.0
 40
0.0
 40
0.0
 40
1.0
 40
1.0
 40
1.0
 40
2.0
 40
2.0
 40
2.0
 40
3.0
 40
3.0
 40
3.0
 40
4.0
 40
4.0
 40
4.0
 40
4.0
 10
13.40206305555555
 20
209.9651136111111
 30
0.0
 10
13.36537416666667
 20
209.8815052777778
 30
0.0
 10
13.33891583333333
 20
209.7855497222222
 30
0.0
 10
13.15899916666666
 20
209.6564330555555
 30
0.0
 10
12.75471583333333
 20
209.3664497222222
 30
0.0
 10
12.26682416666666
 20
209.4909802777777
 30
0.0
 10
11.93027416666667
 20
209.9594691666667
 30
0.0
 10
11.5916075
 20
210.4314858333333
 30
0.0
 10
11.62864916666666
 20
210.9761747222222
 30
0.0
 10
12.06574083333333
 20
211.2901469444444
 30
0.0
 10
12.21002694444444
 20
211.3935108333333
 30
0.0
 10
12.28869638888889
 20
211.3875136111111
 30
0.0
 10
12.3821825
 20
211.3973913888888
 30
0.0
  0
POLYLINE
  5
18C
330
1F
100
AcDbEntity
  8
DEFAULT
 62
     7
100
AcDb2dPolyline
 66
     1
 10
0.0
 20
0.0
 30
0.0
  0
VERTEX
  5
18D
330
18C
100
AcDbEntity
  8
DEFAULT
 62
     7
100
AcDbVertex
100
AcDb2dVertex
 10
51.21144472222221
 20
210.0970524999999
 30
0.0
  0
VERTEX
  5
18E
330
18C
100
AcDbEntity
  8
DEFAULT
 62
     7
100
AcDbVertex
100
AcDb2dVertex
 10
53.64737527777778
 20
208.3483330555555
 30
0.0
  0
SEQEND
  5
18F
330
18C
100
AcDbEntity
  8
DEFAULT
 62
     7
  0
SPLINE
  5
190
330
1F
100
AcDbEntity
  8
DEFAULT
 62
     7
100
AcDbSpline
210
0.0
220
0.0
230
1.0
 70
     8
 71
     3
 72
    17
 73
    13
 74
     0
 42
0.000000001
 43
0.0000000001
 40
0.0
 40
0.0
 40
0.0
 40
0.0
 40
2.912243121719063
 40
2.912243121719063
 40
2.912243121719063
 40
3.912243121719063
 40
3.912243121719063
 40
3.912243121719063
 40
4.912243121719063
 40
4.912243121719063
 40
4.912243121719063
 40
5.912243121719063
 40
5.912243121719063
 40
5.912243121719063
 40
5.912243121719063
 10
54.13135111111109
 20
209.2321824999999
 30
0.0
 10
53.85312703703701
 20
209.4318547222222
 30
0.0
 10
53.57490296296294
 20
209.6315269444444
 30
0.0
 10
53.29667888888886
 20
209.8311991666666
 30
0.0
 10
53.29667888888888
 20
209.8311991666666
 30
0.0
 10
55.07079833333333
 20
210.3783575
 30
0.0
 10
55.34384833333333
 20
210.7582991666667
 30
0.0
 10
55.55516222222222
 20
211.0528686111111
 30
0.0
 10
55.56609833333333
 20
211.3738963888889
 30
0.0
 10
55.22284555555554
 20
211.6204880555555
 30
0.0
 10
55.03869555555555
 20
211.7527797222222
 30
0.0
 10
54.68239
 20
211.8205130555556
 30
0.0
 10
54.40369555555554
 20
211.4324575
 30
0.0
  0
SPLINE
  5
191
330
1F
100
AcDbEntity
  8
DEFAULT
 62
     7
100
AcDbSpline
210
0.0
220
0.0
230
1.0
 70
     8
 71
     3
 72
    17
 73
    13
 74
     0
 42
0.000000001
 43
0.0000000001
 40
0.0
 40
0.0
 40
0.0
 40
0.0
 40
1.0
 40
1.0
 40
1.0
 40
2.0
 40
2.0
 40
2.0
 40
3.0
 40
3.0
 40
3.0
 40
4.0
 40
4.0
 40
4.0
 40
4.0
 10
52.85528333333333
 20
210.2824019444444
 30
0.0
 10
52.76426666666666
 20
210.2901630555556
 30
0.0
 10
52.66478333333333
 20
210.2845186111111
 30
0.0
 10
52.48486666666665
 20
210.4139880555556
 30
0.0
 10
52.08093611111111
 20
210.7039713888889
 30
0.0
 10
52.04248333333332
 20
211.2063269444444
 30
0.0
 10
52.37903333333333
 20
211.6748158333333
 30
0.0
 10
52.7177
 20
212.1468325
 30
0.0
 10
53.24580833333333
 20
212.2861797222222
 30
0.0
 10
53.68325277777777
 20
211.9722075
 30
0.0
 10
53.8271861111111
 20
211.8688436111111
 30
0.0
 10
53.84694166666666
 20
211.7919380555555
 30
0.0
 10
53.88609999999999
 20
211.7065658333333
 30
0.0
  0
POLYLINE
  5
192
330
1F
100
AcDbEntity
  8
DEFAULT
 62
     7
100
AcDb2dPolyline
 66
     1
 10
0.0
 20
0.0
 30
0.0
  0
VERTEX
  5
193
330
192
100
AcDbEntity
  8
DEFAULT
 62
     7
100
AcDbVertex
100
AcDb2dVertex
 10
32.09960277777778
 20
222.8161730555555
 30
0.0
  0
VERTEX
  5
194
330
192
100
AcDbEntity
  8
DEFAULT
 62
     7
100
AcDbVertex
100
AcDb2dVertex
 10
34.59938611111111
 20
222.8161730555555
 30
0.0
  0
SEQEND
  5
195
330
192
100
AcDbEntity
  8
DEFAULT
 62
     7
  0
SPLINE
  5
196
330
1F
100
AcDbEntity
  8
DEFAULT
 62
     7
100
AcDbSpline
210
0.0
220
0.0
230
1.0
 70
     8
 71
     3
 72
    17
 73
    13
 74
     0
 42
0.000000001
 43
0.0000000001
 40
0.0
 40
0.0
 40
0.0
 40
0.0
 40
1.0
 40
1.0
 40
1.0
 40
2.0
 40
2.0
 40
2.0
 40
3.0
 40
3.0
 40
3.0
 40
4.0
 40
4.0
 40
4.0
 40
4.0
 10
34.34341055555555
 20
223.9201558333333
 30
0.0
 10
34.21852722222222
 20
223.8577141666666
 30
0.0
 10
33.96911333333333
 20
223.7952725
 30
0.0
 10
33.64949666666666
 20
223.7952725
 30
0.0
 10
32.90936888888888
 20
223.7952725
 30
0.0
 10
32.35162722222222
 20
224.2634086111111
 30
0.0
 10
32.35162722222222
 20
225.1245391666666
 30
0.0
 10
32.35162722222222
 20
225.9468641666666
 30
0.0
 10
32.90936888888888
 20
226.5042530555556
 30
0.0
 10
33.72393277777778
 20
226.5042530555556
 30
0.0
 10
34.05095777777777
 20
226.5042530555556
 30
0.0
 10
34.25768555555555
 20
226.4340502777777
 30
0.0
 10
34.3472911111111
 20
226.3874836111111
 30
0.0
  0
SPLINE
  5
197
330
1F
100
AcDbEntity
  8
DEFAULT
 62
     1
100
AcDbSpline
210
0.0
220
0.0
230
1.0
 70
    11
 71
     3
 72
   179
 73
   175
 74
     0
 42
0.000000001
 43
0.0000000001
 40
1.0
 40
1.0
 40
1.0
 40
1.0
 40
2.0
 40
2.0
 40
2.0
 40
7.413885111451807
 40
7.413885111451807
 40
7.413885111451807
 40
8.413885111451808
 40
8.413885111451808
 40
8.413885111451808
 40
9.413885111451808
 40
9.413885111451808
 40
9.413885111451808
 40
22.30844353739252
 40
22.30844353739252
 40
22.30844353739252
 40
30.81291071646961
 40
30.81291071646961
 40
30.81291071646961
 40
31.81291071646961
 40
31.81291071646961
 40
31.81291071646961
 40
32.8129107164696
 40
32.8129107164696
 40
32.8129107164696
 40
33.8129107164696
 40
33.8129107164696
 40
33.8129107164696
 40
34.8129107164696
 40
34.8129107164696
 40
34.8129107164696
 40
38.5019802468525
 40
38.5019802468525
 40
38.5019802468525
 40
39.5019802468525
 40
39.5019802468525
 40
39.5019802468525
 40
40.5019802468525
 40
40.5019802468525
 40
40.5019802468525
 40
53.39782298782909
 40
53.39782298782909
 40
53.39782298782909
 40
61.90158597841158
 40
61.90158597841158
 40
61.90158597841158
 40
62.90158597841158
 40
62.90158597841158
 40
62.90158597841158
 40
63.90158597841158
 40
63.90158597841158
 40
63.90158597841158
 40
64.90158597841159
 40
64.90158597841159
 40
64.90158597841159
 40
65.90158597841159
 40
65.90158597841159
 40
65.90158597841159
 40
131.8635859784116
 40
131.8635859784116
 40
131.8635859784116
 40
132.8635859784116
 40
132.8635859784116
 40
132.8635859784116
 40
133.8635859784116
 40
133.8635859784116
 40
133.8635859784116
 40
134.8635859784116
 40
134.8635859784116
 40
134.8635859784116
 40
135.8635859784116
 40
135.8635859784116
 40
135.8635859784116
 40
144.368201783961
 40
144.368201783961
 40
144.368201783961
 40
157.2645667369234
 40
157.2645667369234
 40
157.2645667369234
 40
158.2645667369234
 40
158.2645667369234
 40
158.2645667369234
 40
159.2645667369234
 40
159.2645667369234
 40
159.2645667369234
 40
162.9531145541544
 40
162.9531145541544
 40
162.9531145541544
 40
163.9531145541544
 40
163.9531145541544
 40
163.9531145541544
 40
164.9531145541544
 40
164.9531145541544
 40
164.9531145541544
 40
165.9531145541544
 40
165.9531145541544
 40
165.9531145541544
 40
166.9531145541544
 40
166.9531145541544
 40
166.9531145541544
 40
175.4575817332315
 40
175.4575817332315
 40
175.4575817332315
 40
188.3521401591723
 40
188.3521401591723
 40
188.3521401591723
 40
189.3521401591723
 40
189.3521401591723
 40
189.3521401591723
 40
190.3521401591723
 40
190.3521401591723
 40
190.3521401591723
 40
195.7660252706241
 40
195.7660252706241
 40
195.7660252706241
 40
196.7660252706241
 40
196.7660252706241
 40
196.7660252706241
 40
197.7660252706241
 40
197.7660252706241
 40
197.7660252706241
 40
198.7660252706241
 40
198.7660252706241
 40
198.7660252706241
 40
199.7660252706241
 40
199.7660252706241
 40
199.7660252706241
 40
200.7660252706241
 40
200.7660252706241
 40
200.7660252706241
 40
201.7660252706241
 40
201.7660252706241
 40
201.7660252706241
 40
202.7660252706241
 40
202.7660252706241
 40
202.7660252706241
 40
203.7660252706241
 40
203.7660252706241
 40
203.7660252706241
 40
204.7660252706241
 40
204.7660252706241
 40
204.7660252706241
 40
217.662025270624
 40
217.662025270624
 40
217.662025270624
 40
226.166025270624
 40
226.166025270624
 40
226.166025270624
 40
239.062025270624
 40
239.062025270624
 40
239.062025270624
 40
240.062025270624
 40
240.062025270624
 40
240.062025270624
 40
241.076025270624
 40
241.076025270624
 40
241.076025270624
 40
242.076025270624
 40
242.076025270624
 40
242.076025270624
 40
243.076025270624
 40
243.076025270624
 40
243.076025270624
 40
244.076025270624
 40
244.076025270624
 40
244.076025270624
 40
245.076025270624
 40
245.076025270624
 40
245.076025270624
 40
246.076025270624
 40
246.076025270624
 40
246.076025270624
 40
247.076025270624
 40
247.076025270624
 40
247.076025270624
 40
247.076025270624
 10
40.008175
 20
198.8881030555555
 30
0.0
 10
42.42823055555555
 20
198.4792336111111
 30
0.0
 10
44.14449444444444
 20
200.2565280555555
 30
0.0
 10
44.14449444444444
 20
200.2565280555555
 30
0.0
 10
44.51444074074073
 20
200.7746410185185
 30
0.0
 10
44.88438703703704
 20
201.2927539814815
 30
0.0
 10
45.25433333333333
 20
201.8108669444444
 30
0.0
 10
45.92390555555555
 20
202.7326752777778
 30
0.0
 10
45.90520833333333
 20
202.5908586111111
 30
0.0
 10
46.643925
 20
203.6223808333333
 30
0.0
 10
47.37770277777778
 20
204.6454363888889
 30
0.0
 10
47.25387777777777
 20
204.5808780555555
 30
0.0
 10
47.9185111111111
 20
205.5072725
 30
0.0
 10
48.80210185185185
 20
206.7395252777777
 30
0.0
 10
49.68569259259258
 20
207.9717780555555
 30
0.0
 10
50.56928333333333
 20
209.2040308333333
 30
0.0
 10
51.38173055555556
 20
208.6208891666666
 30
0.0
 10
52.19417777777778
 20
208.0377475
 30
0.0
 10
53.00662499999999
 20
207.4546058333333
 30
0.0
 10
52.34163888888889
 20
206.5327975
 30
0.0
 10
52.36456944444444
 20
206.6654419444444
 30
0.0
 10
51.62620555555556
 20
205.6427391666666
 30
0.0
 10
50.89242777777778
 20
204.6158030555555
 30
0.0
 10
50.33292222222222
 20
203.7716058333333
 30
0.0
 10
50.46133333333334
 20
203.6798836111111
 30
0.0
 10
53.62574999999999
 20
201.4097586111111
 30
0.0
 10
55.578375
 20
203.5733447222222
 30
0.0
 10
56.54145833333333
 20
204.9170752777778
 30
0.0
 10
61.09088055555555
 20
211.2550808333333
 30
0.0
 10
58.14483333333332
 20
217.3073363888888
 30
0.0
 10
55.27851388888888
 20
216.8416697222222
 30
0.0
 10
55.05214814814814
 20
217.2117336111111
 30
0.0
 10
54.8257824074074
 20
217.5817975
 30
0.0
 10
54.59941666666666
 20
217.9518613888889
 30
0.0
 10
54.00816111111111
 20
218.9195308333333
 30
0.0
 10
54.12704722222222
 20
218.8458002777777
 30
0.0
 10
53.46664722222221
 20
219.9235363888889
 30
0.0
 10
52.81083333333333
 20
221.0016252777777
 30
0.0
 10
52.82000555555555
 20
220.8591030555555
 30
0.0
 10
52.22875
 20
221.8317113888889
 30
0.0
 10
51.43688148148147
 20
223.1249947222222
 30
0.0
 10
50.64501296296296
 20
224.4182780555555
 30
0.0
 10
49.85314444444444
 20
225.7115613888888
 30
0.0
 10
50.70592592592592
 20
226.2337900925926
 30
0.0
 10
51.55870740740741
 20
226.7560187962962
 30
0.0
 10
52.41148888888889
 20
227.2782475
 30
0.0
 10
53.00274444444444
 20
226.3059919444444
 30
0.0
 10
52.88844444444445
 20
226.3793697222222
 30
0.0
 10
53.54425833333332
 20
225.3016336111111
 30
0.0
 10
54.20465833333333
 20
224.2235447222222
 30
0.0
 10
54.76416388888889
 20
223.3842863888889
 30
0.0
 10
54.89716111111111
 20
223.4671891666666
 30
0.0
 10
58.22667777777778
 20
225.4984836111111
 30
0.0
 10
56.98631111111111
 20
228.1365558333333
 30
0.0
 10
56.12412222222222
 20
229.5490780555555
 30
0.0
 10
52.05165555555555
 20
236.2035252777777
 30
0.0
 10
45.34676111111111
 20
239.7990363888889
 30
0.0
 10
44.98445833333333
 20
233.5481669444444
 30
0.0
 10
37.22781574074074
 20
233.5481669444444
 30
0.0
 10
29.47117314814815
 20
233.5481669444444
 30
0.0
 10
21.71453055555556
 20
233.5481669444444
 30
0.0
 10
21.35222777777778
 20
239.7990363888889
 30
0.0
 10
14.64733333333334
 20
236.2035252777777
 30
0.0
 10
10.57486666666667
 20
229.5490780555555
 30
0.0
 10
9.712677777777781
 20
228.1365558333333
 30
0.0
 10
8.472311111111113
 20
225.4984836111111
 30
0.0
 10
11.80182777777778
 20
223.4671891666666
 30
0.0
 10
11.934825
 20
223.3842863888889
 30
0.0
 10
12.49433055555556
 20
224.2235447222222
 30
0.0
 10
13.15473055555555
 20
225.3016336111111
 30
0.0
 10
13.81089722222222
 20
226.3793697222222
 30
0.0
 10
13.69624444444445
 20
226.3059919444444
 30
0.0
 10
14.2875
 20
227.2782475
 30
0.0
 10
15.14039907407407
 20
226.7560187962962
 30
0.0
 10
15.99329814814815
 20
226.2337900925926
 30
0.0
 10
16.84619722222222
 20
225.7115613888888
 30
0.0
 10
16.05421111111111
 20
224.4182780555555
 30
0.0
 10
15.262225
 20
223.1249947222222
 30
0.0
 10
14.47023888888889
 20
221.8317113888889
 30
0.0
 10
13.87898333333334
 20
220.8591030555555
 30
0.0
 10
13.88780277777778
 20
221.0016252777777
 30
0.0
 10
13.23234166666666
 20
219.9235363888889
 30
0.0
 10
12.57194166666667
 20
218.8458002777777
 30
0.0
 10
12.69082777777778
 20
218.9195308333333
 30
0.0
 10
12.09957222222222
 20
217.9518613888889
 30
0.0
 10
11.87332407407408
 20
217.5817975
 30
0.0
 10
11.64707592592593
 20
217.2117336111111
 30
0.0
 10
11.42082777777778
 20
216.8416697222222
 30
0.0
 10
8.554155555555557
 20
217.3073363888888
 30
0.0
 10
5.608108333333335
 20
211.2550808333333
 30
0.0
 10
10.15753055555556
 20
204.9170752777778
 30
0.0
 10
11.12061388888889
 20
203.5733447222222
 30
0.0
 10
13.07323888888889
 20
201.4097586111111
 30
0.0
 10
16.23800833333334
 20
203.6798836111111
 30
0.0
 10
16.36606666666667
 20
203.7716058333333
 30
0.0
 10
15.80656111111111
 20
204.6158030555555
 30
0.0
 10
15.07278333333333
 20
205.6427391666666
 30
0.0
 10
14.33477222222222
 20
206.6654419444444
 30
0.0
 10
14.35770277777778
 20
206.5327975
 30
0.0
 10
13.69236388888889
 20
207.4546058333333
 30
0.0
 10
14.50481111111111
 20
208.0377475
 30
0.0
 10
15.31725833333333
 20
208.6208891666666
 30
0.0
 10
16.12970555555556
 20
209.2040308333333
 30
0.0
 10
17.0132962962963
 20
207.9717780555555
 30
0.0
 10
17.89688703703704
 20
206.7395252777777
 30
0.0
 10
18.78047777777778
 20
205.5072725
 30
0.0
 10
19.44546388888889
 20
204.5808780555555
 30
0.0
 10
19.32163888888889
 20
204.6454363888889
 30
0.0
 10
20.05541666666667
 20
203.6223808333333
 30
0.0
 10
20.79378055555556
 20
202.5908586111111
 30
0.0
 10
20.77543611111111
 20
202.7326752777778
 30
0.0
 10
21.44500833333333
 20
201.8108669444444
 30
0.0
 10
21.81495462962963
 20
201.2927539814815
 30
0.0
 10
22.18490092592593
 20
200.7746410185185
 30
0.0
 10
22.55484722222223
 20
200.2565280555555
 30
0.0
 10
22.55484722222223
 20
200.2565280555555
 30
0.0
 10
24.27111111111111
 20
198.4792336111111
 30
0.0
 10
26.69081388888889
 20
198.8881030555555
 30
0.0
 10
27.90225277777778
 20
199.0927141666666
 30
0.0
 10
28.67518888888889
 20
200.0649697222222
 30
0.0
 10
30.68461111111111
 20
200.0649697222222
 30
0.0
 10
31.33125277777778
 20
200.0649697222222
 30
0.0
 10
31.84948333333334
 20
200.0649697222222
 30
0.0
 10
31.84948333333334
 20
201.7022113888889
 30
0.0
 10
31.84948333333334
 20
202.8395669444444
 30
0.0
 10
31.91368888888888
 20
202.7111558333333
 30
0.0
 10
31.91368888888888
 20
203.9769224999999
 30
0.0
 10
31.91368888888888
 20
205.2381030555555
 30
0.0
 10
31.84948333333334
 20
205.1142780555555
 30
0.0
 10
31.84948333333334
 20
206.2519863888889
 30
0.0
 10
31.84948333333334
 20
207.3844030555555
 30
0.0
 10
31.91368888888888
 20
207.2605780555555
 30
0.0
 10
31.91368888888888
 20
208.5217586111111
 30
0.0
 10
31.91368888888888
 20
209.7829391666666
 30
0.0
 10
31.84948333333334
 20
209.6637002777777
 30
0.0
 10
31.84948333333334
 20
210.7964697222222
 30
0.0
 10
31.84948333333334
 20
211.9338252777777
 30
0.0
 10
31.91368888888888
 20
211.8054141666666
 30
0.0
 10
31.91368888888888
 20
213.0711808333333
 30
0.0
 10
31.91368888888888
 20
214.3323613888889
 30
0.0
 10
31.84948333333334
 20
214.2085363888889
 30
0.0
 10
31.84948333333334
 20
215.3458919444444
 30
0.0
 10
31.84948333333334
 20
216.8623660185185
 30
0.0
 10
31.84948333333334
 20
218.3788400925926
 30
0.0
 10
31.84948333333334
 20
219.8953141666666
 30
0.0
 10
32.84949074074074
 20
219.8953141666666
 30
0.0
 10
33.84949814814815
 20
219.8953141666666
 30
0.0
 10
34.84950555555555
 20
219.8953141666666
 30
0.0
 10
34.84950555555555
 20
218.3788400925926
 30
0.0
 10
34.84950555555555
 20
216.8623660185185
 30
0.0
 10
34.84950555555555
 20
215.3458919444444
 30
0.0
 10
34.84950555555555
 20
214.2085363888889
 30
0.0
 10
34.7853
 20
214.3323613888889
 30
0.0
 10
34.7853
 20
213.0711808333333
 30
0.0
 10
34.7853
 20
211.8054141666666
 30
0.0
 10
34.84950555555555
 20
211.9338252777777
 30
0.0
 10
34.84950555555555
 20
210.7964697222222
 30
0.0
 10
34.84950555555555
 20
209.6637002777777
 30
0.0
 10
34.7853
 20
209.7829391666666
 30
0.0
 10
34.7853
 20
208.5217586111111
 30
0.0
 10
34.7853
 20
207.2605780555555
 30
0.0
 10
34.84950555555555
 20
207.3844030555555
 30
0.0
 10
34.84950555555555
 20
206.2519863888889
 30
0.0
 10
34.84950555555555
 20
205.1142780555555
 30
0.0
 10
34.7853
 20
205.2381030555555
 30
0.0
 10
34.7853
 20
203.9769224999999
 30
0.0
 10
34.7853
 20
202.7111558333333
 30
0.0
 10
34.84950555555555
 20
202.8395669444444
 30
0.0
 10
34.84950555555555
 20
201.7022113888889
 30
0.0
 10
34.84950555555555
 20
200.0649697222222
 30
0.0
 10
35.36773611111111
 20
200.0649697222222
 30
0.0
 10
36.00979166666666
 20
200.0649697222222
 30
0.0
 10
38.01921388888888
 20
200.0649697222222
 30
0.0
 10
38.79673611111111
 20
199.0927141666666
 30
0.0
 10
40.008175
 20
198.8881030555555
 30
0.0
  0
POLYLINE
  5
198
330
1F
100
AcDbEntity
  8
DEFAULT
 62
     7
100
AcDb2dPolyline
 66
     1
 10
0.0
 20
0.0
 30
0.0
  0
VERTEX
  5
199
330
198
100
AcDbEntity
  8
DEFAULT
 62
     7
100
AcDbVertex
100
AcDb2dVertex
 10
86.90539444444441
 20
282.8293880555555
 30
0.0
  0
VERTEX
  5
19A
330
198
100
AcDbEntity
  8
DEFAULT
 62
     7
100
AcDbVertex
100
AcDb2dVertex
 10
89.55404999999999
 20
284.2376769444444
 30
0.0
  0
SEQEND
  5
19B
330
198
100
AcDbEntity
  8
DEFAULT
 62
     7
  0
POLYLINE
  5
19C
330
1F
100
AcDbEntity
  8
DEFAULT
 62
     7
100
AcDb2dPolyline
 66
     1
 10
0.0
 20
0.0
 30
0.0
  0
VERTEX
  5
19D
330
19C
100
AcDbEntity
  8
DEFAULT
 62
     7
100
AcDbVertex
100
AcDb2dVertex
 10
87.5928525
 20
282.2597577777778
 30
0.0
  0
VERTEX
  5
19E
330
19C
100
AcDbEntity
  8
DEFAULT
 62
     7
100
AcDbVertex
100
AcDb2dVertex
 10
88.78241916666667
 20
280.0227938888889
 30
0.0
  0
VERTEX
  5
19F
330
19C
100
AcDbEntity
  8
DEFAULT
 62
     7
100
AcDbVertex
100
AcDb2dVertex
 10
89.20681083333332
 20
281.0257411111111
 30
0.0
  0
SEQEND
  5
1A0
330
19C
100
AcDbEntity
  8
DEFAULT
 62
     7
  0
SPLINE
  5
1A1
330
1F
100
AcDbEntity
  8
DEFAULT
 62
     7
100
AcDbSpline
210
0.0
220
0.0
230
1.0
 70
     8
 71
     3
 72
    20
 73
    16
 74
     0
 42
0.000000001
 43
0.0000000001
 40
0.0
 40
0.0
 40
0.0
 40
0.0
 40
1.003847076812356
 40
1.003847076812356
 40
1.003847076812356
 40
2.007694153624711
 40
2.007694153624711
 40
2.007694153624711
 40
3.011541230437067
 40
3.011541230437067
 40
3.011541230437067
 40
4.015388307249422
 40
4.015388307249422
 40
4.015388307249422
 40
5.019235384061778
 40
5.019235384061778
 40
5.019235384061778
 40
5.019235384061778
 10
90.55752638888887
 20
282.271293611111
 30
0.0
 10
90.54094583333332
 20
282.0596269444444
 30
0.0
 10
90.42488194444445
 20
281.8666575
 30
0.0
 10
90.18675694444445
 20
281.7403630555555
 30
0.0
 10
89.82127916666667
 20
281.5456297222222
 30
0.0
 10
89.4064125
 20
281.7004991666666
 30
0.0
 10
89.1809875
 20
282.1319463888889
 30
0.0
 10
88.91146527777778
 20
282.6385352777777
 30
0.0
 10
89.11043194444444
 20
283.0664547222222
 30
0.0
 10
89.4395736111111
 20
283.2414325
 30
0.0
 10
89.65300416666668
 20
283.3550269444444
 30
0.0
 10
89.8413875
 20
283.353968611111
 30
0.0
 10
90.05058472222221
 20
283.2248519444444
 30
0.0
 10
90.10385416666666
 20
283.1077297222222
 30
0.0
 10
91.22815694444445
 20
281.0101130555555
 30
0.0
 10
91.22815694444445
 20
281.0101130555555
 30
0.0
  0
SPLINE
  5
1A2
330
1F
100
AcDbEntity
  8
DEFAULT
 62
     1
100
AcDbSpline
210
0.0
220
0.0
230
1.0
 70
    11
 71
     3
 72
    71
 73
    67
 74
     0
 42
0.000000001
 43
0.0000000001
 40
1.0
 40
1.0
 40
1.0
 40
1.0
 40
2.0
 40
2.0
 40
2.0
 40
3.0
 40
3.0
 40
3.0
 40
15.90295551414481
 40
15.90295551414481
 40
15.90295551414481
 40
24.40625652022471
 40
24.40625652022471
 40
24.40625652022471
 40
37.30008298873268
 40
37.30008298873268
 40
37.30008298873268
 40
38.30008298873268
 40
38.30008298873268
 40
38.30008298873268
 40
39.30008298873268
 40
39.30008298873268
 40
39.30008298873268
 40
40.30008298873268
 40
40.30008298873268
 40
40.30008298873268
 40
41.30008298873268
 40
41.30008298873268
 40
41.30008298873268
 40
42.30008298873268
 40
42.30008298873268
 40
42.30008298873268
 40
43.30008298873268
 40
43.30008298873268
 40
43.30008298873268
 40
44.30008298873268
 40
44.30008298873268
 40
44.30008298873268
 40
45.30008298873268
 40
45.30008298873268
 40
45.30008298873268
 40
46.30008298873268
 40
46.30008298873268
 40
46.30008298873268
 40
47.30008298873268
 40
47.30008298873268
 40
47.30008298873268
 40
48.30008298873268
 40
48.30008298873268
 40
48.30008298873268
 40
49.30008298873268
 40
49.30008298873268
 40
49.30008298873268
 40
50.30008298873268
 40
50.30008298873268
 40
50.30008298873268
 40
51.30008298873268
 40
51.30008298873268
 40
51.30008298873268
 40
52.30008298873268
 40
52.30008298873268
 40
52.30008298873268
 40
53.30008298873268
 40
53.30008298873268
 40
53.30008298873268
 40
54.30008298873268
 40
54.30008298873268
 40
54.30008298873268
 40
54.30008298873268
 10
84.76385694444444
 20
293.2434586111111
 30
0.0
 10
85.29443472222222
 20
292.2398058333333
 30
0.0
 10
85.18189861111111
 20
292.3216502777778
 30
0.0
 10
85.77597638888889
 20
291.2044030555555
 30
0.0
 10
86.37146527777777
 20
290.0913891666666
 30
0.0
 10
86.3693486111111
 20
290.2279141666667
 30
0.0
 10
86.90169027777777
 20
289.2284947222222
 30
0.0
 10
87.61371342592592
 20
287.8886447222222
 30
0.0
 10
88.32573657407407
 20
286.5487947222222
 30
0.0
 10
89.03775972222222
 20
285.2089447222222
 30
0.0
 10
88.15487453703703
 20
284.7395150925926
 30
0.0
 10
87.27198935185186
 20
284.270085462963
 30
0.0
 10
86.38910416666667
 20
283.8006558333333
 30
0.0
 10
85.67649305555555
 20
285.1389771296296
 30
0.0
 10
84.96388194444445
 20
286.4772984259259
 30
0.0
 10
84.25127083333334
 20
287.8156197222222
 30
0.0
 10
83.71610694444445
 20
288.8210363888889
 30
0.0
 10
83.83005416666666
 20
288.7434252777778
 30
0.0
 10
83.23915138888889
 20
289.8546752777777
 30
0.0
 10
82.64507361111112
 20
290.9719225
 30
0.0
 10
82.65001249999999
 20
290.8301058333333
 30
0.0
 10
82.1148486111111
 20
291.8351697222222
 30
0.0
 10
79.57379027777777
 20
290.4850891666666
 30
0.0
 10
77.9460736111111
 20
287.6434641666667
 30
0.0
 10
78.96030972222222
 20
285.7391697222222
 30
0.0
 10
80.49454027777777
 20
282.8541530555556
 30
0.0
 10
81.85732083333333
 20
279.8241447222222
 30
0.0
 10
83.0169013888889
 20
276.9500641666667
 30
0.0
 10
84.81606805555555
 20
272.5223502777778
 30
0.0
 10
87.41321805555555
 20
269.9735308333333
 30
0.0
 10
86.92074027777777
 20
268.3246475
 30
0.0
 10
85.14027083333333
 20
262.3422419444444
 30
0.0
 10
82.04958472222222
 20
258.820108611111
 30
0.0
 10
78.58213194444444
 20
254.8446558333333
 30
0.0
 10
75.10903472222222
 20
250.8660280555555
 30
0.0
 10
75.88161805555556
 20
249.8189836111111
 30
0.0
 10
68.8306486111111
 20
242.0381169444444
 30
0.0
 10
61.77932638888888
 20
234.2576030555555
 30
0.0
 10
64.30133472222222
 20
229.7339336111111
 30
0.0
 10
64.79028472222222
 20
225.9839058333333
 30
0.0
 10
65.2732375
 20
222.2303502777777
 30
0.0
 10
67.22198194444444
 20
222.6632086111111
 30
0.0
 10
65.81192916666667
 20
216.0754363888889
 30
0.0
 10
64.39799583333333
 20
209.4890752777778
 30
0.0
 10
64.06567916666665
 20
198.1758447222222
 30
0.0
 10
65.76606805555555
 20
186.2159725
 30
0.0
 10
67.46328194444445
 20
174.2469280555555
 30
0.0
 10
70.72047916666666
 20
169.4495030555555
 30
0.0
 10
73.42804861111111
 20
162.1798113888889
 30
0.0
 10
76.13738194444444
 20
154.8995363888889
 30
0.0
 10
82.26372083333332
 20
144.1482808333333
 30
0.0
 10
87.8488986111111
 20
147.1860502777778
 30
0.0
 10
93.42984305555555
 20
150.2255836111111
 30
0.0
 10
95.95749583333333
 20
178.6365419444444
 30
0.0
 10
98.51760416666666
 20
204.3335808333333
 30
0.0
 10
100.8886236111111
 20
228.1337336111111
 30
0.0
 10
100.7058847222222
 20
252.9996280555555
 30
0.0
 10
99.81935416666666
 20
266.7854780555555
 30
0.0
 10
99.42247916666665
 20
272.9164030555555
 30
0.0
 10
100.7894930555555
 20
273.8470308333333
 30
0.0
 10
99.32123194444443
 20
276.7387502777778
 30
0.0
 10
98.24137916666668
 20
278.8638836111111
 30
0.0
 10
93.36246249999999
 20
289.1092558333333
 30
0.0
 10
91.58340416666665
 20
292.4550002777777
 30
0.0
 10
90.5734013888889
 20
294.3578836111111
 30
0.0
 10
87.30103472222221
 20
294.5949502777777
 30
0.0
 10
84.76385694444444
 20
293.2434586111111
 30
0.0
  0
SPLINE
  5
1A3
330
1F
100
AcDbEntity
  8
DEFAULT
 62
     1
100
AcDbSpline
210
0.0
220
0.0
230
1.0
 70
    11
 71
     3
 72
    29
 73
    25
 74
     0
 42
0.000000001
 43
0.0000000001
 40
1.0
 40
1.0
 40
1.0
 40
1.0
 40
2.0
 40
2.0
 40
2.0
 40
3.0
 40
3.0
 40
3.0
 40
4.0
 40
4.0
 40
4.0
 40
4.078108898340673
 40
4.078108898340673
 40
4.078108898340673
 40
5.078108898340673
 40
5.078108898340673
 40
5.078108898340673
 40
6.078108898340673
 40
6.078108898340673
 40
6.078108898340673
 40
7.078108898340673
 40
7.078108898340673
 40
7.078108898340673
 40
8.078108898340673
 40
8.078108898340673
 40
8.078108898340673
 40
8.078108898340673
 10
93.99605138888889
 20
207.8899336111111
 30
0.0
 10
93.34094305555556
 20
202.6825808333333
 30
0.0
 10
95.1259986111111
 20
197.6586725
 30
0.0
 10
94.63069861111111
 20
193.9908419444444
 30
0.0
 10
93.94877916666667
 20
188.1633058333333
 30
0.0
 10
91.48004027777777
 20
166.4406613888889
 30
0.0
 10
90.20580694444443
 20
160.2815141666667
 30
0.0
 10
89.73132083333333
 20
157.9725836111111
 30
0.0
 10
89.27412083333333
 20
155.6576558333333
 30
0.0
 10
88.65182083333333
 20
153.8687197222222
 30
0.0
 10
88.64888101851851
 20
153.8600178703704
 30
0.0
 10
88.64594120370369
 20
153.8513160185185
 30
0.0
 10
88.64300138888888
 20
153.8426141666667
 30
0.0
 10
85.46694305555556
 20
146.8329197222222
 30
0.0
 10
87.89617083333333
 20
166.1570280555555
 30
0.0
 10
88.2316625
 20
172.0053780555555
 30
0.0
 10
88.55974583333332
 20
177.8611363888889
 30
0.0
 10
88.82644583333332
 20
188.9253058333333
 30
0.0
 10
88.94956527777777
 20
193.1505252777778
 30
0.0
 10
89.06809861111111
 20
197.3775086111111
 30
0.0
 10
89.39618194444445
 20
196.1763002777778
 30
0.0
 10
90.62173194444443
 20
200.9522058333334
 30
0.0
 10
91.71675416666666
 20
205.2155252777778
 30
0.0
 10
94.28074305555555
 20
210.2098002777778
 30
0.0
 10
93.99605138888889
 20
207.8899336111111
 30
0.0
  0
SPLINE
  5
1A4
330
1F
100
AcDbEntity
  8
DEFAULT
 62
     1
100
AcDbSpline
210
0.0
220
0.0
230
1.0
 70
    11
 71
     3
 72
    20
 73
    16
 74
     0
 42
0.000000001
 43
0.0000000001
 40
1.0
 40
1.0
 40
1.0
 40
1.0
 40
2.0
 40
2.0
 40
2.0
 40
3.0
 40
3.0
 40
3.0
 40
4.0
 40
4.0
 40
4.0
 40
5.0
 40
5.0
 40
5.0
 40
6.0
 40
6.0
 40
6.0
 40
6.0
 10
76.06294583333333
 20
192.2735197222222
 30
0.0
 10
73.64394861111111
 20
192.7659975
 30
0.0
 10
76.53108194444444
 20
195.4908530555555
 30
0.0
 10
77.71712083333333
 20
198.1680836111111
 30
0.0
 10
78.8985736111111
 20
200.8474308333333
 30
0.0
 10
80.7005625
 20
204.5261975
 30
0.0
 10
82.08733194444444
 20
206.3267752777778
 30
0.0
 10
83.47410138888888
 20
208.1273530555555
 30
0.0
 10
83.55065416666666
 20
200.7684086111111
 30
0.0
 10
83.7817236111111
 20
198.4132641666666
 30
0.0
 10
83.99550694444443
 20
196.2045225
 30
0.0
 10
82.9371736111111
 20
193.5174141666667
 30
0.0
 10
81.7514875
 20
191.5810169444444
 30
0.0
 10
80.56121527777778
 20
189.6460308333333
 30
0.0
 10
78.47488750000001
 20
191.7739863888889
 30
0.0
 10
76.06294583333333
 20
192.2735197222222
 30
0.0
  0
SPLINE
  5
1A5
330
1F
100
AcDbEntity
  8
DEFAULT
 62
     1
100
AcDbSpline
210
0.0
220
0.0
230
1.0
 70
    11
 71
     3
 72
    29
 73
    25
 74
     0
 42
0.000000001
 43
0.0000000001
 40
1.0
 40
1.0
 40
1.0
 40
1.0
 40
2.0
 40
2.0
 40
2.0
 40
3.0
 40
3.0
 40
3.0
 40
4.0
 40
4.0
 40
4.0
 40
5.0
 40
5.0
 40
5.0
 40
6.0
 40
6.0
 40
6.0
 40
7.0
 40
7.0
 40
7.0
 40
8.0
 40
8.0
 40
8.0
 40
9.0
 40
9.0
 40
9.0
 40
9.0
 10
96.43057083333332
 20
248.5429863888889
 30
0.0
 10
96.63165416666668
 20
246.7258280555556
 30
0.0
 10
96.61401527777778
 20
244.4070197222222
 30
0.0
 10
96.2481847222222
 20
240.3225586111111
 30
0.0
 10
95.54157083333332
 20
232.4542030555555
 30
0.0
 10
94.21442083333332
 20
221.8909780555555
 30
0.0
 10
93.96747638888888
 20
215.2763947222222
 30
0.0
 10
93.22875972222222
 20
213.1586697222222
 30
0.0
 10
92.08364305555554
 20
210.5011947222222
 30
0.0
 10
91.0401263888889
 20
208.8840613888889
 30
0.0
 10
89.3224513888889
 20
206.2227058333333
 30
0.0
 10
89.28364583333332
 20
204.2983030555555
 30
0.0
 10
88.16357638888888
 20
200.9881891666667
 30
0.0
 10
87.04385972222222
 20
197.6777225
 30
0.0
 10
86.25328472222222
 20
200.9105780555556
 30
0.0
 10
85.66661527777778
 20
207.3099669444444
 30
0.0
 10
85.0771236111111
 20
213.7146475
 30
0.0
 10
86.61523472222221
 20
213.8945641666666
 30
0.0
 10
88.04962916666666
 20
218.9435197222222
 30
0.0
 10
89.48437638888889
 20
223.9921225
 30
0.0
 10
92.76626805555554
 20
233.7944058333333
 30
0.0
 10
94.23805694444444
 20
239.2808058333333
 30
0.0
 10
95.71866527777777
 20
244.7647363888889
 30
0.0
 10
96.03934027777777
 20
250.8120530555555
 30
0.0
 10
96.43057083333332
 20
248.5429863888889
 30
0.0
  0
SPLINE
  5
1A6
330
1F
100
AcDbEntity
  8
DEFAULT
 62
     1
100
AcDbSpline
210
0.0
220
0.0
230
1.0
 70
    11
 71
     3
 72
    26
 73
    22
 74
     0
 42
0.000000001
 43
0.0000000001
 40
1.0
 40
1.0
 40
1.0
 40
1.0
 40
1.076843997813751
 40
1.076843997813751
 40
1.076843997813751
 40
2.076843997813751
 40
2.076843997813751
 40
2.076843997813751
 40
3.076843997813751
 40
3.076843997813751
 40
3.076843997813751
 40
4.076843997813752
 40
4.076843997813752
 40
4.076843997813752
 40
5.076843997813752
 40
5.076843997813752
 40
5.076843997813752
 40
6.076843997813752
 40
6.076843997813752
 40
6.076843997813752
 40
7.076843997813752
 40
7.076843997813752
 40
7.076843997813752
 40
7.076843997813752
 10
91.86809583333333
 20
261.3301225
 30
0.0
 10
91.8766800925926
 20
261.3273002777778
 30
0.0
 10
91.88526435185186
 20
261.3244780555556
 30
0.0
 10
91.89384861111111
 20
261.3216558333334
 30
0.0
 10
92.50556527777778
 20
260.9829891666666
 30
0.0
 10
88.51317916666666
 20
252.2549141666667
 30
0.0
 10
87.41004305555555
 20
248.0236975
 30
0.0
 10
86.30055694444444
 20
243.7748419444444
 30
0.0
 10
83.09380694444444
 20
233.6804586111111
 30
0.0
 10
80.81098194444444
 20
229.6563225
 30
0.0
 10
78.51651527777777
 20
225.6406530555555
 30
0.0
 10
78.75675694444443
 20
223.2678697222222
 30
0.0
 10
77.93231527777778
 20
223.9646058333333
 30
0.0
 10
77.10999027777777
 20
224.6652225
 30
0.0
 10
72.38805972222222
 20
222.4434280555556
 30
0.0
 10
76.19135694444444
 20
230.3297752777778
 30
0.0
 10
81.76771527777777
 20
241.8955947222222
 30
0.0
 10
81.35425972222221
 20
240.3504280555555
 30
0.0
 10
84.62909583333334
 20
246.9389058333333
 30
0.0
 10
88.40593472222221
 20
254.5338586111111
 30
0.0
 10
91.29095138888889
 20
261.3713975
 30
0.0
 10
91.86809583333333
 20
261.3301225
 30
0.0
  0
SPLINE
  5
1A7
330
1F
100
AcDbEntity
  8
DEFAULT
 62
     1
100
AcDbSpline
210
0.0
220
0.0
230
1.0
 70
    11
 71
     3
 72
    32
 73
    28
 74
     0
 42
0.000000001
 43
0.0000000001
 40
1.0
 40
1.0
 40
1.0
 40
1.0
 40
2.0
 40
2.0
 40
2.0
 40
3.0
 40
3.0
 40
3.0
 40
4.0
 40
4.0
 40
4.0
 40
5.0
 40
5.0
 40
5.0
 40
6.018788294228068
 40
6.018788294228068
 40
6.018788294228068
 40
7.018788294228068
 40
7.018788294228068
 40
7.018788294228068
 40
8.018788294228068
 40
8.018788294228068
 40
8.018788294228068
 40
9.018788294228068
 40
9.018788294228068
 40
9.018788294228068
 40
10.01878829422807
 40
10.01878829422807
 40
10.01878829422807
 40
10.01878829422807
 10
69.32947638888889
 20
225.7154419444444
 30
0.0
 10
69.29666805555556
 20
225.7750613888889
 30
0.0
 10
69.26915138888889
 20
225.8519669444444
 30
0.0
 10
69.23951805555555
 20
225.9348697222222
 30
0.0
 10
67.99668194444445
 20
228.9920419444444
 30
0.0
 10
67.35639027777778
 20
233.6363613888889
 30
0.0
 10
69.84241527777777
 20
236.9330697222222
 30
0.0
 10
73.3980625
 20
241.6680530555556
 30
0.0
 10
75.6142125
 20
244.3978475
 30
0.0
 10
78.47418194444444
 20
248.6378836111111
 30
0.0
 10
80.8448486111111
 20
252.1526086111111
 30
0.0
 10
86.36899583333333
 20
257.1345363888889
 30
0.0
 10
87.98683472222223
 20
260.5275530555556
 30
0.0
 10
88.2316625
 20
261.0352002777778
 30
0.0
 10
88.58761527777777
 20
261.3985613888889
 30
0.0
 10
89.02576527777778
 20
261.6324530555555
 30
0.0
 10
89.60149861111111
 20
261.8437669444444
 30
0.0
 10
88.61407361111111
 20
260.4210141666666
 30
0.0
 10
86.25575416666666
 20
256.1026613888889
 30
0.0
 10
83.8882625
 20
251.7726669444444
 30
0.0
 10
82.04147083333334
 20
248.3461363888889
 30
0.0
 10
79.81791249999999
 20
244.0256669444444
 30
0.0
 10
77.59400138888888
 20
239.7048447222222
 30
0.0
 10
72.9662625
 20
231.1443391666667
 30
0.0
 10
71.40486805555555
 20
229.2580363888889
 30
0.0
 10
69.92990416666666
 20
227.4680419444444
 30
0.0
 10
69.90944305555554
 20
224.6705141666667
 30
0.0
 10
69.32947638888889
 20
225.7154419444444
 30
0.0
  0
SPLINE
  5
1A8
330
1F
100
AcDbEntity
  8
DEFAULT
 62
     1
100
AcDbSpline
210
0.0
220
0.0
230
1.0
 70
    11
 71
     3
 72
    32
 73
    28
 74
     0
 42
0.000000001
 43
0.0000000001
 40
1.0
 40
1.0
 40
1.0
 40
1.0
 40
2.0
 40
2.0
 40
2.0
 40
3.0
 40
3.0
 40
3.0
 40
4.0
 40
4.0
 40
4.0
 40
5.0
 40
5.0
 40
5.0
 40
6.0
 40
6.0
 40
6.0
 40
7.0
 40
7.0
 40
7.0
 40
8.0
 40
8.0
 40
8.0
 40
9.0
 40
9.0
 40
9.0
 40
10.0
 40
10.0
 40
10.0
 40
10.0
 10
69.24269305555555
 20
213.3985586111111
 30
0.0
 10
69.23951805555555
 20
213.4190197222222
 30
0.0
 10
69.24551527777778
 20
213.4363058333333
 30
0.0
 10
69.24727916666666
 20
213.4550030555555
 30
0.0
 10
69.40426527777777
 20
215.0290975
 30
0.0
 10
69.53267638888889
 20
216.2204280555555
 30
0.0
 10
69.78702916666667
 20
217.7232613888889
 30
0.0
 10
69.79267361111111
 20
217.7550113888888
 30
0.0
 10
69.80008194444444
 20
217.7909947222222
 30
0.0
 10
69.80607916666666
 20
217.8230975
 30
0.0
 10
69.92743472222222
 20
218.5374725
 30
0.0
 10
69.99481527777778
 20
219.6480169444444
 30
0.0
 10
70.05655138888889
 20
220.0145530555556
 30
0.0
 10
70.39592361111112
 20
221.9964586111111
 30
0.0
 10
72.40710972222222
 20
225.7355502777778
 30
0.0
 10
72.40287638888888
 20
222.7432891666667
 30
0.0
 10
72.4042875
 20
219.7542030555555
 30
0.0
 10
74.43205416666666
 20
220.2473863888889
 30
0.0
 10
75.26566805555555
 20
219.9641058333333
 30
0.0
 10
76.68842083333332
 20
219.4758613888889
 30
0.0
 10
73.01812083333333
 20
216.9983030555555
 30
0.0
 10
71.7262486111111
 20
214.3080197222222
 30
0.0
 10
70.43155416666667
 20
211.6240863888889
 30
0.0
 10
70.49329027777777
 20
211.9613419444444
 30
0.0
 10
69.3213625
 20
210.9643919444445
 30
0.0
 10
68.84158472222222
 20
210.5512891666666
 30
0.0
 10
69.07618194444444
 20
211.7405030555555
 30
0.0
 10
69.24269305555555
 20
213.3985586111111
 30
0.0
  0
SPLINE
  5
1A9
330
1F
100
AcDbEntity
  8
DEFAULT
 62
     1
100
AcDbSpline
210
0.0
220
0.0
230
1.0
 70
    11
 71
     3
 72
    29
 73
    25
 74
     0
 42
0.000000001
 43
0.0000000001
 40
1.0
 40
1.0
 40
1.0
 40
1.0
 40
2.0
 40
2.0
 40
2.0
 40
3.0
 40
3.0
 40
3.0
 40
4.0
 40
4.0
 40
4.0
 40
5.0
 40
5.0
 40
5.0
 40
6.0
 40
6.0
 40
6.0
 40
7.0
 40
7.0
 40
7.0
 40
8.0
 40
8.0
 40
8.0
 40
9.0
 40
9.0
 40
9.0
 40
9.0
 10
77.5795375
 20
206.7882086111111
 30
0.0
 10
76.41219583333333
 20
207.7706947222222
 30
0.0
 10
73.68134305555554
 20
209.9967225
 30
0.0
 10
74.18757916666667
 20
211.3453919444444
 30
0.0
 10
74.69134583333333
 20
212.6855947222222
 30
0.0
 10
83.6451986111111
 20
225.4674391666667
 30
0.0
 10
85.73575972222223
 20
232.0760252777777
 30
0.0
 10
87.61006805555554
 20
237.9779975
 30
0.0
 10
90.79282916666666
 20
247.6882058333333
 30
0.0
 10
91.89490694444444
 20
252.6997669444444
 30
0.0
 10
92.10057638888888
 20
253.6325113888889
 30
0.0
 10
95.05262083333332
 20
261.3527002777778
 30
0.0
 10
95.0942486111111
 20
257.9819086111111
 30
0.0
 10
95.09142638888888
 20
257.9441613888889
 30
0.0
 10
95.10835972222222
 20
257.9092363888889
 30
0.0
 10
95.11541527777779
 20
257.8729002777778
 30
0.0
 10
94.02815416666665
 20
251.9070752777778
 30
0.0
 10
88.29763194444445
 20
228.9821641666666
 30
0.0
 10
84.49821527777777
 20
219.2246836111111
 30
0.0
 10
83.0232513888889
 20
215.4393780555555
 30
0.0
 10
81.9007125
 20
212.1783002777777
 30
0.0
 10
80.04862916666666
 20
209.4220475
 30
0.0
 10
78.18807916666667
 20
206.6686169444444
 30
0.0
 10
78.31437361111111
 20
206.1704947222222
 30
0.0
 10
77.5795375
 20
206.7882086111111
 30
0.0
  0
SPLINE
  5
1AA
330
1F
100
AcDbEntity
  8
DEFAULT
 62
     1
100
AcDbSpline
210
0.0
220
0.0
230
1.0
 70
    11
 71
     3
 72
    29
 73
    25
 74
     0
 42
0.000000001
 43
0.0000000001
 40
1.0
 40
1.0
 40
1.0
 40
1.0
 40
2.0
 40
2.0
 40
2.0
 40
3.0
 40
3.0
 40
3.0
 40
4.0
 40
4.0
 40
4.0
 40
5.0
 40
5.0
 40
5.0
 40
6.0
 40
6.0
 40
6.0
 40
7.0
 40
7.0
 40
7.0
 40
8.0
 40
8.0
 40
8.0
 40
9.0
 40
9.0
 40
9.0
 40
9.0
 10
68.63132916666666
 20
192.4252141666666
 30
0.0
 10
68.62815416666666
 20
192.4312113888889
 30
0.0
 10
68.62568472222222
 20
192.4368558333333
 30
0.0
 10
68.62709583333333
 20
192.4414419444444
 30
0.0
 10
68.41119583333332
 20
194.7718919444445
 30
0.0
 10
68.36427638888888
 20
196.1731252777778
 30
0.0
 10
68.31100694444444
 20
199.0101641666666
 30
0.0
 10
68.2591486111111
 20
201.5367586111111
 30
0.0
 10
68.32159027777777
 20
203.8305197222222
 30
0.0
 10
68.44682638888888
 20
205.9242558333333
 30
0.0
 10
68.55301250000001
 20
207.2926808333333
 30
0.0
 10
70.10382361111111
 20
207.3664113888889
 30
0.0
 10
70.73282638888888
 20
208.0197558333333
 30
0.0
 10
71.3660625
 20
208.6858002777778
 30
0.0
 10
74.1618263888889
 20
205.3820363888889
 30
0.0
 10
74.85150694444444
 20
204.5180836111111
 30
0.0
 10
75.53554305555555
 20
203.6513086111111
 30
0.0
 10
76.24039305555556
 20
203.4018947222222
 30
0.0
 10
74.99014861111111
 20
200.8481363888889
 30
0.0
 10
73.7455486111111
 20
198.2968475
 30
0.0
 10
71.85995138888889
 20
194.9708586111111
 30
0.0
 10
71.13534583333333
 20
193.6087836111111
 30
0.0
 10
70.42873194444444
 20
192.2699919444444
 30
0.0
 10
68.81265694444444
 20
191.2060141666666
 30
0.0
 10
68.63132916666666
 20
192.4252141666666
 30
0.0
  0
SPLINE
  5
1AB
330
1F
100
AcDbEntity
  8
DEFAULT
 62
     1
100
AcDbSpline
210
0.0
220
0.0
230
1.0
 70
    11
 71
     3
 72
    26
 73
    22
 74
     0
 42
0.000000001
 43
0.0000000001
 40
0.0
 40
0.0
 40
0.0
 40
0.0
 40
0.0832165848853905
 40
0.0832165848853905
 40
0.0832165848853905
 40
1.083216584885391
 40
1.083216584885391
 40
1.083216584885391
 40
2.083216584885391
 40
2.083216584885391
 40
2.083216584885391
 40
3.083216584885391
 40
3.083216584885391
 40
3.083216584885391
 40
4.08321658488539
 40
4.08321658488539
 40
4.08321658488539
 40
5.08321658488539
 40
5.08321658488539
 40
5.08321658488539
 40
6.08321658488539
 40
6.08321658488539
 40
6.08321658488539
 40
6.08321658488539
 10
73.33879583333331
 20
172.5655891666666
 30
0.0
 10
73.33350416666664
 20
172.5738206481481
 30
0.0
 10
73.32821249999998
 20
172.5820521296296
 30
0.0
 10
73.32292083333331
 20
172.5902836111111
 30
0.0
 10
71.7121375
 20
176.1455780555555
 30
0.0
 10
70.19095972222222
 20
180.4646363888889
 30
0.0
 10
69.2501013888889
 20
186.8047586111111
 30
0.0
 10
69.2501013888889
 20
186.8340391666667
 30
0.0
 10
69.24445694444444
 20
186.8597919444444
 30
0.0
 10
69.24339861111112
 20
186.8844863888889
 30
0.0
 10
69.13650694444445
 20
188.2818391666667
 30
0.0
 10
72.17180694444444
 20
189.5028030555555
 30
0.0
 10
73.74484305555555
 20
189.6273336111111
 30
0.0
 10
75.34363194444444
 20
189.7571558333333
 30
0.0
 10
77.87869305555556
 20
188.7362169444444
 30
0.0
 10
79.32860972222223
 20
187.7008141666666
 30
0.0
 10
80.77887916666666
 20
186.6657641666667
 30
0.0
 10
77.1255125
 20
178.0939697222222
 30
0.0
 10
76.01390972222222
 20
175.7060169444444
 30
0.0
 10
74.90830443026357
 20
173.3353508429888
 30
0.0
 10
73.92193797033629
 20
171.3597956642406
 30
0.0
 10
73.33879583333331
 20
172.5655891666666
 30
0.0
  0
SPLINE
  5
1AC
330
1F
100
AcDbEntity
  8
DEFAULT
 62
     1
100
AcDbSpline
210
0.0
220
0.0
230
1.0
 70
    11
 71
     3
 72
    29
 73
    25
 74
     0
 42
0.000000001
 43
0.0000000001
 40
1.0
 40
1.0
 40
1.0
 40
1.0
 40
2.0
 40
2.0
 40
2.0
 40
3.0
 40
3.0
 40
3.0
 40
4.0
 40
4.0
 40
4.0
 40
5.0
 40
5.0
 40
5.0
 40
6.0
 40
6.0
 40
6.0
 40
7.0
 40
7.0
 40
7.0
 40
8.0
 40
8.0
 40
8.0
 40
9.0
 40
9.0
 40
9.0
 40
9.0
 10
83.5975736111111
 20
152.3503641666667
 30
0.0
 10
80.28075694444445
 20
154.3781308333333
 30
0.0
 10
77.23310972222222
 20
162.8148113888889
 30
0.0
 10
76.00650138888888
 20
166.6459780555556
 30
0.0
 10
75.99803472222222
 20
166.6636169444444
 30
0.0
 10
75.99097916666666
 20
166.6851363888889
 30
0.0
 10
75.98674583333333
 20
166.7013641666667
 30
0.0
 10
75.21380972222221
 20
169.2452447222222
 30
0.0
 10
76.20652638888889
 20
168.8885863888889
 30
0.0
 10
78.67985138888889
 20
174.2578641666667
 30
0.0
 10
81.17504861111111
 20
179.6772363888889
 30
0.0
 10
82.03723749999999
 20
184.7949836111111
 30
0.0
 10
83.5644125
 20
186.8382725
 30
0.0
 10
85.08453194444444
 20
188.8741530555556
 30
0.0
 10
85.5311486111111
 20
193.1692225
 30
0.0
 10
86.31995972222222
 20
192.8527808333333
 30
0.0
 10
87.10559583333333
 20
192.5275197222222
 30
0.0
 10
85.90474027777778
 20
185.4716113888889
 30
0.0
 10
85.6454486111111
 20
177.7807030555556
 30
0.0
 10
85.39674027777777
 20
170.0915586111111
 30
0.0
 10
84.83899861111111
 20
164.9431197222222
 30
0.0
 10
84.4883375
 20
161.0032975
 30
0.0
 10
84.13944027777778
 20
157.0680613888889
 30
0.0
 10
84.89509027777777
 20
151.5654336111111
 30
0.0
 10
83.5975736111111
 20
152.3503641666667
 30
0.0
  0
POLYLINE
  5
1AD
330
1F
100
AcDbEntity
  8
DEFAULT
 62
     7
100
AcDb2dPolyline
 66
     1
 10
0.0
 20
0.0
 30
0.0
  0
VERTEX
  5
1AE
330
1AD
100
AcDbEntity
  8
DEFAULT
 62
     7
100
AcDbVertex
100
AcDb2dVertex
 10
161.4179877777778
 20
284.2377475000001
 30
0.0
  0
VERTEX
  5
1AF
330
1AD
100
AcDbEntity
  8
DEFAULT
 62
     7
100
AcDbVertex
100
AcDb2dVertex
 10
164.0666433333333
 20
282.8294586111112
 30
0.0
  0
SEQEND
  5
1B0
330
1AD
100
AcDbEntity
  8
DEFAULT
 62
     7
  0
POLYLINE
  5
1B1
330
1F
100
AcDbEntity
  8
DEFAULT
 62
     7
100
AcDb2dPolyline
 66
     1
 10
0.0
 20
0.0
 30
0.0
  0
VERTEX
  5
1B2
330
1B1
100
AcDbEntity
  8
DEFAULT
 62
     7
100
AcDbVertex
100
AcDb2dVertex
 10
161.3301461111111
 20
283.3492766666667
 30
0.0
  0
VERTEX
  5
1B3
330
1B1
100
AcDbEntity
  8
DEFAULT
 62
     7
100
AcDbVertex
100
AcDb2dVertex
 10
160.1405794444445
 20
281.1123127777778
 30
0.0
  0
VERTEX
  5
1B4
330
1B1
100
AcDbEntity
  8
DEFAULT
 62
     7
100
AcDbVertex
100
AcDb2dVertex
 10
161.2094961111111
 20
281.3211572222222
 30
0.0
  0
SEQEND
  5
1B5
330
1B1
100
AcDbEntity
  8
DEFAULT
 62
     7
  0
SPLINE
  5
1B6
330
1F
100
AcDbEntity
  8
DEFAULT
 62
     7
100
AcDbSpline
210
0.0
220
0.0
230
1.0
 70
     8
 71
     3
 72
    20
 73
    16
 74
     0
 42
0.000000001
 43
0.0000000001
 40
0.0
 40
0.0
 40
0.0
 40
0.0
 40
1.004024922359496
 40
1.004024922359496
 40
1.004024922359496
 40
2.008049844718992
 40
2.008049844718992
 40
2.008049844718992
 40
3.012074767078488
 40
3.012074767078488
 40
3.012074767078488
 40
4.016099689437984
 40
4.016099689437984
 40
4.016099689437984
 40
5.020124611797479
 40
5.020124611797479
 40
5.020124611797479
 40
5.020124611797479
 10
162.9975502777778
 20
280.8978944444444
 30
0.0
 10
162.8130475
 20
280.7934722222222
 30
0.0
 10
162.5876225
 20
280.7814777777778
 30
0.0
 10
162.3502030555555
 20
280.908125
 30
0.0
 10
161.9840197222222
 20
281.1028583333333
 30
0.0
 10
161.8806558333333
 20
281.5328944444444
 30
0.0
 10
162.1124308333333
 20
281.9615194444444
 30
0.0
 10
162.3816002777778
 20
282.4677555555555
 30
0.0
 10
162.8476197222222
 20
282.5425444444444
 30
0.0
 10
163.1767613888889
 20
282.3675666666667
 30
0.0
 10
163.3901919444444
 20
282.2539722222222
 30
0.0
 10
163.4946141666667
 20
282.0969861111111
 30
0.0
 10
163.5044919444444
 20
281.8514527777778
 30
0.0
 10
163.4374641666666
 20
281.7417388888888
 30
0.0
 10
162.3269197222222
 20
279.6367138888888
 30
0.0
 10
162.3269197222222
 20
279.6367138888888
 30
0.0
  0
SPLINE
  5
1B7
330
1F
100
AcDbEntity
  8
DEFAULT
 62
     1
100
AcDbSpline
210
0.0
220
0.0
230
1.0
 70
    11
 71
     3
 72
    71
 73
    67
 74
     0
 42
0.000000001
 43
0.0000000001
 40
1.0
 40
1.0
 40
1.0
 40
1.0
 40
2.0
 40
2.0
 40
2.0
 40
3.0
 40
3.0
 40
3.0
 40
4.0
 40
4.0
 40
4.0
 40
5.0
 40
5.0
 40
5.0
 40
6.0
 40
6.0
 40
6.0
 40
7.0
 40
7.0
 40
7.0
 40
8.0
 40
8.0
 40
8.0
 40
9.0
 40
9.0
 40
9.0
 40
10.0
 40
10.0
 40
10.0
 40
11.0
 40
11.0
 40
11.0
 40
12.0
 40
12.0
 40
12.0
 40
13.0
 40
13.0
 40
13.0
 40
14.0
 40
14.0
 40
14.0
 40
15.0
 40
15.0
 40
15.0
 40
16.0
 40
16.0
 40
16.0
 40
17.0
 40
17.0
 40
17.0
 40
29.89470914755356
 40
29.89470914755356
 40
29.89470914755356
 40
38.39847966421258
 40
38.39847966421258
 40
38.39847966421258
 40
51.30143517835739
 40
51.30143517835739
 40
51.30143517835739
 40
52.30143517835739
 40
52.30143517835739
 40
52.30143517835739
 40
53.30143517835739
 40
53.30143517835739
 40
53.30143517835739
 40
54.30143517835739
 40
54.30143517835739
 40
54.30143517835739
 40
54.30143517835739
 10
159.3887747222222
 20
292.4551061111111
 30
0.0
 10
157.6097163888889
 20
289.1090088888889
 30
0.0
 10
152.7304469444444
 20
278.8636366666667
 30
0.0
 10
151.6509469444444
 20
276.7385033333333
 30
0.0
 10
150.1823330555555
 20
273.8471366666667
 30
0.0
 10
151.5493469444444
 20
272.9165088888889
 30
0.0
 10
151.1524719444444
 20
266.7852311111111
 30
0.0
 10
150.2662941666666
 20
252.9997338888889
 30
0.0
 10
150.0835552777777
 20
228.1338394444444
 30
0.0
 10
152.4542219444444
 20
204.3336866666667
 30
0.0
 10
155.0146830555555
 20
178.636295
 30
0.0
 10
157.5423358333333
 20
150.2256894444444
 30
0.0
 10
163.1232802777778
 20
147.1861561111111
 30
0.0
 10
168.7084580555556
 20
144.1480338888889
 30
0.0
 10
174.8347969444444
 20
154.8996422222222
 30
0.0
 10
177.5441302777778
 20
162.1795644444445
 30
0.0
 10
180.2516997222222
 20
169.4496088888889
 30
0.0
 10
183.5088969444444
 20
174.2470338888889
 30
0.0
 10
185.2061108333333
 20
186.2157255555555
 30
0.0
 10
186.9064997222222
 20
198.1759505555555
 30
0.0
 10
186.5741830555556
 20
209.4888283333333
 30
0.0
 10
185.1598969444444
 20
216.0751894444444
 30
0.0
 10
183.7501969444444
 20
222.6629616666667
 30
0.0
 10
185.6989413888889
 20
222.2304561111111
 30
0.0
 10
186.1818941666666
 20
225.9836588888889
 30
0.0
 10
186.6704913888888
 20
229.7340394444444
 30
0.0
 10
189.1928525
 20
234.2573561111111
 30
0.0
 10
182.1415302777777
 20
242.0382227777778
 30
0.0
 10
175.0902080555555
 20
249.8187366666666
 30
0.0
 10
175.8631441666666
 20
250.8661338888889
 30
0.0
 10
172.3900469444444
 20
254.8444088888889
 30
0.0
 10
168.9225941666666
 20
258.8198616666667
 30
0.0
 10
165.8319080555555
 20
262.3423477777778
 30
0.0
 10
164.0510858333333
 20
268.3247533333333
 30
0.0
 10
163.5589608333333
 20
269.9736366666667
 30
0.0
 10
166.1561108333333
 20
272.5221033333333
 30
0.0
 10
167.9549247222222
 20
276.95017
 30
0.0
 10
169.1145052777778
 20
279.8238977777778
 30
0.0
 10
170.4776386111111
 20
282.8542588888889
 30
0.0
 10
172.0115163888889
 20
285.7392755555555
 30
0.0
 10
173.0257525
 20
287.6432172222222
 30
0.0
 10
171.3983886111111
 20
290.485195
 30
0.0
 10
168.8573302777777
 20
291.8349227777778
 30
0.0
 10
168.3218136111111
 20
290.8298588888889
 30
0.0
 10
168.3271052777777
 20
290.9720283333333
 30
0.0
 10
167.7330275
 20
289.8547811111111
 30
0.0
 10
167.1421247222222
 20
288.7435311111111
 30
0.0
 10
167.2560719444444
 20
288.8207894444444
 30
0.0
 10
166.7209080555555
 20
287.8157255555556
 30
0.0
 10
166.0082969444444
 20
286.4772866666667
 30
0.0
 10
165.2956858333333
 20
285.1388477777778
 30
0.0
 10
164.5830747222222
 20
283.8004088888889
 30
0.0
 10
163.700189537037
 20
284.2699561111111
 30
0.0
 10
162.8173043518518
 20
284.7395033333333
 30
0.0
 10
161.9344191666667
 20
285.2090505555555
 30
0.0
 10
162.6464423148148
 20
286.5489005555555
 30
0.0
 10
163.358465462963
 20
287.8887505555555
 30
0.0
 10
164.0704886111111
 20
289.2286005555555
 30
0.0
 10
164.6028302777777
 20
290.22802
 30
0.0
 10
164.6007136111111
 20
290.091495
 30
0.0
 10
165.1962025
 20
291.2045088888889
 30
0.0
 10
165.7902802777778
 20
292.3217561111111
 30
0.0
 10
165.6777441666667
 20
292.2399116666667
 30
0.0
 10
166.2083219444444
 20
293.2435644444444
 30
0.0
 10
163.6711441666667
 20
294.5950561111111
 30
0.0
 10
160.3987775
 20
294.3576366666666
 30
0.0
 10
159.3887747222222
 20
292.4551061111111
 30
0.0
  0
SPLINE
  5
1B8
330
1F
100
AcDbEntity
  8
DEFAULT
 62
     1
100
AcDbSpline
210
0.0
220
0.0
230
1.0
 70
    11
 71
     3
 72
    29
 73
    25
 74
     0
 42
0.000000001
 43
0.0000000001
 40
1.0
 40
1.0
 40
1.0
 40
1.0
 40
2.0
 40
2.0
 40
2.0
 40
3.0
 40
3.0
 40
3.0
 40
4.0
 40
4.0
 40
4.0
 40
4.077162166895414
 40
4.077162166895414
 40
4.077162166895414
 40
5.077162166895414
 40
5.077162166895414
 40
5.077162166895414
 40
6.077162166895414
 40
6.077162166895414
 40
6.077162166895414
 40
7.077162166895414
 40
7.077162166895414
 40
7.077162166895414
 40
8.077162166895414
 40
8.077162166895414
 40
8.077162166895414
 40
8.077162166895414
 10
160.3504469444444
 20
200.9523116666666
 30
0.0
 10
161.5759969444444
 20
196.1764061111111
 30
0.0
 10
161.9040802777778
 20
197.3776144444444
 30
0.0
 10
162.0226136111111
 20
193.1506311111111
 30
0.0
 10
162.1457330555556
 20
188.9250588888889
 30
0.0
 10
162.4124330555555
 20
177.8612422222222
 30
0.0
 10
162.7405163888889
 20
172.0054838888889
 30
0.0
 10
163.0760080555555
 20
166.1567811111111
 30
0.0
 10
165.5052358333333
 20
146.8330255555555
 30
0.0
 10
162.3291775
 20
153.84272
 30
0.0
 10
162.3262376851852
 20
153.8513042592593
 30
0.0
 10
162.3232978703703
 20
153.8598885185185
 30
0.0
 10
162.3203580555555
 20
153.8684727777778
 30
0.0
 10
161.6980580555555
 20
155.6577616666667
 30
0.0
 10
161.2408580555555
 20
157.9726894444444
 30
0.0
 10
160.7663719444444
 20
160.28162
 30
0.0
 10
159.4921386111111
 20
166.4407672222222
 30
0.0
 10
157.0233997222222
 20
188.1634116666667
 30
0.0
 10
156.3414802777777
 20
193.9909477777778
 30
0.0
 10
155.8458275
 20
197.6587783333333
 30
0.0
 10
157.6312358333333
 20
202.6826866666667
 30
0.0
 10
156.9761275
 20
207.8896866666666
 30
0.0
 10
156.6914358333333
 20
210.2099061111111
 30
0.0
 10
159.2554247222222
 20
205.2156311111111
 30
0.0
 10
160.3504469444444
 20
200.9523116666666
 30
0.0
  0
SPLINE
  5
1B9
330
1F
100
AcDbEntity
  8
DEFAULT
 62
     1
100
AcDbSpline
210
0.0
220
0.0
230
1.0
 70
    11
 71
     3
 72
    20
 73
    16
 74
     0
 42
0.000000001
 43
0.0000000001
 40
1.0
 40
1.0
 40
1.0
 40
1.0
 40
2.0
 40
2.0
 40
2.0
 40
3.0
 40
3.0
 40
3.0
 40
4.0
 40
4.0
 40
4.0
 40
5.0
 40
5.0
 40
5.0
 40
6.0
 40
6.0
 40
6.0
 40
6.0
 10
169.2206913888889
 20
191.58077
 30
0.0
 10
168.0346525
 20
193.51752
 30
0.0
 10
166.9763191666667
 20
196.2046283333333
 30
0.0
 10
167.1901025
 20
198.4130172222222
 30
0.0
 10
167.4215247222222
 20
200.7681616666667
 30
0.0
 10
167.4977247222222
 20
208.1274588888889
 30
0.0
 10
168.8848469444444
 20
206.3268811111111
 30
0.0
 10
170.2716163888889
 20
204.5263033333333
 30
0.0
 10
172.0736052777778
 20
200.8471838888889
 30
0.0
 10
173.2550580555555
 20
198.1681894444444
 30
0.0
 10
174.4410969444444
 20
195.4906061111111
 30
0.0
 10
177.3282302777777
 20
192.7661033333333
 30
0.0
 10
174.9092330555555
 20
192.2736255555556
 30
0.0
 10
172.4972913888889
 20
191.7740922222222
 30
0.0
 10
170.4109636111111
 20
189.6457838888889
 30
0.0
 10
169.2206913888889
 20
191.58077
 30
0.0
  0
SPLINE
  5
1BA
330
1F
100
AcDbEntity
  8
DEFAULT
 62
     1
100
AcDbSpline
210
0.0
220
0.0
230
1.0
 70
    11
 71
     3
 72
    29
 73
    25
 74
     0
 42
0.000000001
 43
0.0000000001
 40
1.0
 40
1.0
 40
1.0
 40
1.0
 40
2.0
 40
2.0
 40
2.0
 40
3.0
 40
3.0
 40
3.0
 40
4.0
 40
4.0
 40
4.0
 40
5.0
 40
5.0
 40
5.0
 40
6.0
 40
6.0
 40
6.0
 40
7.0
 40
7.0
 40
7.0
 40
8.0
 40
8.0
 40
8.0
 40
9.0
 40
9.0
 40
9.0
 40
9.0
 10
156.7341219444444
 20
239.2809116666667
 30
0.0
 10
158.2059108333333
 20
233.7945116666666
 30
0.0
 10
161.4878025
 20
223.9922283333333
 30
0.0
 10
162.9221969444444
 20
218.9432727777778
 30
0.0
 10
164.3569441666666
 20
213.8943172222222
 30
0.0
 10
165.8950552777777
 20
213.7147533333333
 30
0.0
 10
165.3055636111111
 20
207.30972
 30
0.0
 10
164.7188941666666
 20
200.9106838888889
 30
0.0
 10
163.9283191666667
 20
197.6778283333333
 30
0.0
 10
162.8086025
 20
200.988295
 30
0.0
 10
161.6885330555556
 20
204.2984088888889
 30
0.0
 10
161.6497275
 20
206.2228116666667
 30
0.0
 10
159.9320525
 20
208.8841672222222
 30
0.0
 10
158.8885358333333
 20
210.5013005555555
 30
0.0
 10
157.7434191666667
 20
213.1587755555555
 30
0.0
 10
157.0047025
 20
215.2761477777778
 30
0.0
 10
156.7574052777778
 20
221.8910838888889
 30
0.0
 10
155.4302552777778
 20
232.4543088888889
 30
0.0
 10
154.7239941666666
 20
240.3223116666666
 30
0.0
 10
154.3578108333333
 20
244.4071255555555
 30
0.0
 10
154.3401719444444
 20
246.7259338888888
 30
0.0
 10
154.5412552777778
 20
248.5430922222222
 30
0.0
 10
154.9328386111111
 20
250.8121588888889
 30
0.0
 10
155.2535136111111
 20
244.7648422222222
 30
0.0
 10
156.7341219444444
 20
239.2809116666667
 30
0.0
  0
SPLINE
  5
1BB
330
1F
100
AcDbEntity
  8
DEFAULT
 62
     1
100
AcDbSpline
210
0.0
220
0.0
230
1.0
 70
    11
 71
     3
 72
    26
 73
    22
 74
     0
 42
0.000000001
 43
0.0000000001
 40
1.0
 40
1.0
 40
1.0
 40
1.0
 40
2.0
 40
2.0
 40
2.0
 40
3.0
 40
3.0
 40
3.0
 40
4.0
 40
4.0
 40
4.0
 40
5.0
 40
5.0
 40
5.0
 40
6.0
 40
6.0
 40
6.0
 40
6.077162166895452
 40
6.077162166895452
 40
6.077162166895452
 40
7.077162166895452
 40
7.077162166895452
 40
7.077162166895452
 40
7.077162166895452
 10
166.3430830555555
 20
246.9390116666666
 30
0.0
 10
169.6179191666666
 20
240.3501811111111
 30
0.0
 10
169.2044636111111
 20
241.8953477777777
 30
0.0
 10
174.7808219444444
 20
230.3298811111111
 30
0.0
 10
178.5841191666667
 20
222.4435338888889
 30
0.0
 10
173.8621886111111
 20
224.6653283333333
 30
0.0
 10
173.0395108333333
 20
223.9647116666666
 30
0.0
 10
172.2154219444444
 20
223.2679755555556
 30
0.0
 10
172.4556636111111
 20
225.6407588888889
 30
0.0
 10
170.1611969444444
 20
229.6560755555555
 30
0.0
 10
167.8783719444444
 20
233.6805644444444
 30
0.0
 10
164.6716219444444
 20
243.7749477777777
 30
0.0
 10
163.5621358333333
 20
248.0234505555556
 30
0.0
 10
162.4589997222222
 20
252.25502
 30
0.0
 10
158.4666136111111
 20
260.9830949999999
 30
0.0
 10
159.0783302777778
 20
261.3214088888889
 30
0.0
 10
159.086914537037
 20
261.3243487037037
 30
0.0
 10
159.0954987962963
 20
261.3272885185185
 30
0.0
 10
159.1040830555555
 20
261.3302283333334
 30
0.0
 10
159.6812275
 20
261.3711505555556
 30
0.0
 10
162.5662441666666
 20
254.5339644444444
 30
0.0
 10
166.3430830555555
 20
246.9390116666666
 30
0.0
  0
SPLINE
  5
1BC
330
1F
100
AcDbEntity
  8
DEFAULT
 62
     1
100
AcDbSpline
210
0.0
220
0.0
230
1.0
 70
    11
 71
     3
 72
    32
 73
    28
 74
     0
 42
0.000000001
 43
0.0000000001
 40
1.0
 40
1.0
 40
1.0
 40
1.0
 40
2.0
 40
2.0
 40
2.0
 40
3.0
 40
3.0
 40
3.0
 40
4.018788294228068
 40
4.018788294228068
 40
4.018788294228068
 40
5.018788294228068
 40
5.018788294228068
 40
5.018788294228068
 40
6.018788294228068
 40
6.018788294228068
 40
6.018788294228068
 40
7.018788294228068
 40
7.018788294228068
 40
7.018788294228068
 40
8.018788294228068
 40
8.018788294228068
 40
8.018788294228068
 40
9.018788294228068
 40
9.018788294228068
 40
9.018788294228068
 40
10.01878829422807
 40
10.01878829422807
 40
10.01878829422807
 40
10.01878829422807
 10
179.5669580555555
 20
229.2581422222222
 30
0.0
 10
178.0059163888889
 20
231.144445
 30
0.0
 10
173.3778247222222
 20
239.7049505555555
 30
0.0
 10
171.1542663888889
 20
244.02542
 30
0.0
 10
168.9307080555555
 20
248.3462422222222
 30
0.0
 10
167.0839163888889
 20
251.7727727777778
 30
0.0
 10
164.7164247222222
 20
256.1027672222222
 30
0.0
 10
162.3581052777778
 20
260.4207672222222
 30
0.0
 10
161.3706802777778
 20
261.8438727777777
 30
0.0
 10
161.9524108333333
 20
261.6297366666666
 30
0.0
 10
162.3842108333333
 20
261.3986672222222
 30
0.0
 10
162.7405163888889
 20
261.0353061111111
 30
0.0
 10
162.9853441666666
 20
260.5276588888889
 30
0.0
 10
164.6031830555555
 20
257.1346422222222
 30
0.0
 10
170.1273302777778
 20
252.1527144444444
 30
0.0
 10
172.4979969444444
 20
248.6379894444444
 30
0.0
 10
175.3579663888889
 20
244.3979533333333
 30
0.0
 10
177.5737636111111
 20
241.6681588888889
 30
0.0
 10
181.1297636111111
 20
236.9331755555556
 30
0.0
 10
183.6154358333333
 20
233.6364672222222
 30
0.0
 10
182.9754969444444
 20
228.9921477777777
 30
0.0
 10
181.7326608333333
 20
225.9349755555556
 30
0.0
 10
181.7030275
 20
225.8520727777777
 30
0.0
 10
181.6755108333333
 20
225.7748144444444
 30
0.0
 10
181.6427025
 20
225.7155477777778
 30
0.0
 10
181.0627358333333
 20
224.67062
 30
0.0
 10
181.0422747222222
 20
227.4681477777778
 30
0.0
 10
179.5669580555555
 20
229.2581422222222
 30
0.0
  0
SPLINE
  5
1BD
330
1F
100
AcDbEntity
  8
DEFAULT
 62
     1
100
AcDbSpline
210
0.0
220
0.0
230
1.0
 70
    11
 71
     3
 72
    32
 73
    28
 74
     0
 42
0.000000001
 43
0.0000000001
 40
1.0
 40
1.0
 40
1.0
 40
1.0
 40
2.0
 40
2.0
 40
2.0
 40
3.0
 40
3.0
 40
3.0
 40
4.0
 40
4.0
 40
4.0
 40
5.0
 40
5.0
 40
5.0
 40
6.0
 40
6.0
 40
6.0
 40
7.0
 40
7.0
 40
7.0
 40
8.0
 40
8.0
 40
8.0
 40
9.0
 40
9.0
 40
9.0
 40
10.0
 40
10.0
 40
10.0
 40
10.0
 10
181.6508163888889
 20
210.9644977777778
 30
0.0
 10
180.4788886111111
 20
211.9614477777777
 30
0.0
 10
180.5402719444444
 20
211.6238394444444
 30
0.0
 10
179.2455775
 20
214.3081255555556
 30
0.0
 10
177.9540580555555
 20
216.9984088888889
 30
0.0
 10
174.2837580555555
 20
219.4759672222222
 30
0.0
 10
175.7065108333333
 20
219.9642116666667
 30
0.0
 10
176.5401247222222
 20
220.2474922222222
 30
0.0
 10
178.5675386111111
 20
219.7543088888889
 30
0.0
 10
178.5693025
 20
222.743395
 30
0.0
 10
178.5650691666667
 20
225.7353033333333
 30
0.0
 10
180.5762552777778
 20
221.9965644444444
 30
0.0
 10
180.9156275
 20
220.0143061111111
 30
0.0
 10
180.9770108333333
 20
219.64777
 30
0.0
 10
181.0443913888889
 20
218.5372255555555
 30
0.0
 10
181.1660997222222
 20
217.8228505555555
 30
0.0
 10
181.1720969444444
 20
217.7911005555555
 30
0.0
 10
181.1795052777778
 20
217.7551172222222
 30
0.0
 10
181.1851497222222
 20
217.7230144444444
 30
0.0
 10
181.4395025
 20
216.2205338888889
 30
0.0
 10
181.5679136111111
 20
215.0292033333333
 30
0.0
 10
181.7248997222222
 20
213.4551088888889
 30
0.0
 10
181.7263108333333
 20
213.4364116666667
 30
0.0
 10
181.7323080555555
 20
213.4191255555556
 30
0.0
 10
181.7294858333333
 20
213.3986644444444
 30
0.0
 10
181.8959969444444
 20
211.7402561111111
 30
0.0
 10
182.1305941666667
 20
210.5510422222222
 30
0.0
 10
181.6508163888889
 20
210.9644977777778
 30
0.0
  0
SPLINE
  5
1BE
330
1F
100
AcDbEntity
  8
DEFAULT
 62
     1
100
AcDbSpline
210
0.0
220
0.0
230
1.0
 70
    11
 71
     3
 72
    29
 73
    25
 74
     0
 42
0.000000001
 43
0.0000000001
 40
1.0
 40
1.0
 40
1.0
 40
1.0
 40
2.0
 40
2.0
 40
2.0
 40
3.0
 40
3.0
 40
3.0
 40
4.0
 40
4.0
 40
4.0
 40
5.0
 40
5.0
 40
5.0
 40
6.0
 40
6.0
 40
6.0
 40
7.0
 40
7.0
 40
7.0
 40
8.0
 40
8.0
 40
8.0
 40
9.0
 40
9.0
 40
9.0
 40
9.0
 10
170.9231969444444
 20
209.4221533333333
 30
0.0
 10
169.0711136111111
 20
212.1784061111111
 30
0.0
 10
167.9489275
 20
215.4394838888889
 30
0.0
 10
166.4739636111111
 20
219.2247894444444
 30
0.0
 10
162.6745469444444
 20
228.9819172222222
 30
0.0
 10
156.9440247222222
 20
251.9071811111111
 30
0.0
 10
155.8564108333333
 20
257.8730061111111
 30
0.0
 10
155.8634663888889
 20
257.9093422222222
 30
0.0
 10
155.8807525
 20
257.9442672222222
 30
0.0
 10
155.8779302777778
 20
257.9816616666666
 30
0.0
 10
155.9195580555555
 20
261.3528061111111
 30
0.0
 10
158.8716025
 20
253.6322644444444
 30
0.0
 10
159.0769191666666
 20
252.6995199999999
 30
0.0
 10
160.1793497222222
 20
247.6879588888889
 30
0.0
 10
163.3621108333333
 20
237.9777505555555
 30
0.0
 10
165.2364191666666
 20
232.0757783333333
 30
0.0
 10
167.3269802777778
 20
225.4671922222222
 30
0.0
 10
176.2808330555555
 20
212.6853477777778
 30
0.0
 10
176.7845997222222
 20
211.3454977777778
 30
0.0
 10
177.2908358333333
 20
209.9964755555555
 30
0.0
 10
174.5599830555555
 20
207.7708005555555
 30
0.0
 10
173.3922886111111
 20
206.7879616666667
 30
0.0
 10
172.6574525
 20
206.1702477777778
 30
0.0
 10
172.7840997222222
 20
206.66837
 30
0.0
 10
170.9231969444444
 20
209.4221533333333
 30
0.0
  0
SPLINE
  5
1BF
330
1F
100
AcDbEntity
  8
DEFAULT
 62
     1
100
AcDbSpline
210
0.0
220
0.0
230
1.0
 70
    11
 71
     3
 72
    29
 73
    25
 74
     0
 42
0.000000001
 43
0.0000000001
 40
1.0
 40
1.0
 40
1.0
 40
1.0
 40
2.0
 40
2.0
 40
2.0
 40
3.0
 40
3.0
 40
3.0
 40
4.0
 40
4.0
 40
4.0
 40
5.0
 40
5.0
 40
5.0
 40
6.0
 40
6.0
 40
6.0
 40
7.0
 40
7.0
 40
7.0
 40
8.0
 40
8.0
 40
8.0
 40
9.0
 40
9.0
 40
9.0
 40
9.0
 10
179.8368330555555
 20
193.6085366666667
 30
0.0
 10
179.1122275
 20
194.9709644444445
 30
0.0
 10
177.2266302777778
 20
198.2969533333333
 30
0.0
 10
175.9820302777778
 20
200.8478894444444
 30
0.0
 10
174.7317858333333
 20
203.4020005555555
 30
0.0
 10
175.4366358333333
 20
203.6514144444444
 30
0.0
 10
176.1203191666667
 20
204.5181894444445
 30
0.0
 10
176.8103525
 20
205.3821422222222
 30
0.0
 10
179.6061163888889
 20
208.6859061111111
 30
0.0
 10
180.2393525
 20
208.0195088888889
 30
0.0
 10
180.8680025
 20
207.3661644444445
 30
0.0
 10
182.4188136111111
 20
207.2924338888889
 30
0.0
 10
182.5253525
 20
205.9240088888889
 30
0.0
 10
182.6505886111111
 20
203.8306255555555
 30
0.0
 10
182.7130302777778
 20
201.5365116666667
 30
0.0
 10
182.6611719444444
 20
199.0099172222222
 30
0.0
 10
182.6079025
 20
196.1728783333333
 30
0.0
 10
182.5609830555555
 20
194.771645
 30
0.0
 10
182.3450830555555
 20
192.441195
 30
0.0
 10
182.3464941666666
 20
192.4369616666666
 30
0.0
 10
182.3436719444444
 20
192.4309644444444
 30
0.0
 10
182.3408497222222
 20
192.42532
 30
0.0
 10
182.1595219444444
 20
191.20612
 30
0.0
 10
180.5434469444444
 20
192.269745
 30
0.0
 10
179.8368330555555
 20
193.6085366666667
 30
0.0
  0
SPLINE
  5
1C0
330
1F
100
AcDbEntity
  8
DEFAULT
 62
     1
100
AcDbSpline
210
0.0
220
0.0
230
1.0
 70
    11
 71
     3
 72
    26
 73
    22
 74
     0
 42
0.000000001
 43
0.0000000001
 40
1.0
 40
1.0
 40
1.0
 40
1.0
 40
2.0
 40
2.0
 40
2.0
 40
3.0
 40
3.0
 40
3.0
 40
4.0
 40
4.0
 40
4.0
 40
5.0
 40
5.0
 40
5.0
 40
6.0
 40
6.0
 40
6.0
 40
6.084059502734671
 40
6.084059502734671
 40
6.084059502734671
 40
7.084059502734671
 40
7.084059502734671
 40
7.084059502734671
 40
7.084059502734671
 10
174.9582691666667
 20
175.70577
 30
0.0
 10
173.8466663888889
 20
178.0940755555555
 30
0.0
 10
170.1932997222222
 20
186.66587
 30
0.0
 10
171.6432163888889
 20
187.70092
 30
0.0
 10
173.0934858333333
 20
188.73597
 30
0.0
 10
175.6281941666666
 20
189.7572616666667
 30
0.0
 10
177.2273358333333
 20
189.6270866666667
 30
0.0
 10
178.8000191666667
 20
189.5029088888889
 30
0.0
 10
181.8356719444444
 20
188.281945
 30
0.0
 10
181.7287802777778
 20
186.8845922222222
 30
0.0
 10
181.7273691666666
 20
186.8598977777778
 30
0.0
 10
181.7220775
 20
186.8337922222222
 30
0.0
 10
181.7220775
 20
186.8048644444444
 30
0.0
 10
180.7812191666666
 20
180.4647422222222
 30
0.0
 10
179.2600413888889
 20
176.1456838888889
 30
0.0
 10
177.6489052777777
 20
172.5903894444444
 30
0.0
 10
177.6436136111111
 20
172.5820403703704
 30
0.0
 10
177.6383219444444
 20
172.5736912962963
 30
0.0
 10
177.6330302777778
 20
172.5653422222222
 30
0.0
 10
177.0502413888888
 20
171.3599005555555
 30
0.0
 10
176.0638747222222
 20
173.3354561111111
 30
0.0
 10
174.9582691666667
 20
175.70577
 30
0.0
  0
SPLINE
  5
1C1
330
1F
100
AcDbEntity
  8
DEFAULT
 62
     1
100
AcDbSpline
210
0.0
220
0.0
230
1.0
 70
    11
 71
     3
 72
    29
 73
    25
 74
     0
 42
0.000000001
 43
0.0000000001
 40
1.0
 40
1.0
 40
1.0
 40
1.0
 40
2.0
 40
2.0
 40
2.0
 40
3.0
 40
3.0
 40
3.0
 40
4.0
 40
4.0
 40
4.0
 40
5.0
 40
5.0
 40
5.0
 40
6.0
 40
6.0
 40
6.0
 40
7.0
 40
7.0
 40
7.0
 40
8.0
 40
8.0
 40
8.0
 40
9.0
 40
9.0
 40
9.0
 40
9.0
 10
166.4834886111111
 20
161.0034033333333
 30
0.0
 10
166.1331802777778
 20
164.9432255555556
 30
0.0
 10
165.5754386111111
 20
170.0913116666667
 30
0.0
 10
165.3267302777778
 20
177.7808088888889
 30
0.0
 10
165.0674386111111
 20
185.4713644444444
 30
0.0
 10
163.8665830555555
 20
192.5276255555555
 30
0.0
 10
164.6522191666667
 20
192.8525338888889
 30
0.0
 10
165.4410302777778
 20
193.1689755555555
 30
0.0
 10
165.8876469444444
 20
188.8742588888889
 30
0.0
 10
167.4077663888889
 20
186.8380255555555
 30
0.0
 10
168.9349413888889
 20
184.7947366666667
 30
0.0
 10
169.7971302777778
 20
179.6773422222222
 30
0.0
 10
172.2923275
 20
174.2576172222222
 30
0.0
 10
174.7656525
 20
168.8886922222222
 30
0.0
 10
175.7583691666667
 20
169.2453505555555
 30
0.0
 10
174.9854330555555
 20
166.7011172222222
 30
0.0
 10
174.9811997222222
 20
166.6852422222222
 30
0.0
 10
174.9741441666666
 20
166.66337
 30
0.0
 10
174.9653247222222
 20
166.6460838888889
 30
0.0
 10
173.7390691666666
 20
162.8145644444444
 30
0.0
 10
170.6914219444444
 20
154.3782366666667
 30
0.0
 10
167.3746052777778
 20
152.35047
 30
0.0
 10
166.0767358333333
 20
151.5655394444445
 30
0.0
 10
166.8323858333333
 20
157.0678144444444
 30
0.0
 10
166.4834886111111
 20
161.0034033333333
 30
0.0
  0
POLYLINE
  5
1C2
330
1F
100
AcDbEntity
  8
DEFAULT
 62
     7
100
AcDb2dPolyline
 66
     1
 10
0.0
 20
0.0
 30
0.0
  0
VERTEX
  5
1C3
330
1C2
100
AcDbEntity
  8
DEFAULT
 62
     7
100
AcDbVertex
100
AcDb2dVertex
 10
107.4156122222222
 20
187.9643744444444
 30
0.0
  0
VERTEX
  5
1C4
330
1C2
100
AcDbEntity
  8
DEFAULT
 62
     7
100
AcDbVertex
100
AcDb2dVertex
 10
110.3701261111111
 20
188.4854272222222
 30
0.0
  0
SEQEND
  5
1C5
330
1C2
100
AcDbEntity
  8
DEFAULT
 62
     7
  0
SPLINE
  5
1C6
330
1F
100
AcDbEntity
  8
DEFAULT
 62
     7
100
AcDbSpline
210
0.0
220
0.0
230
1.0
 70
     8
 71
     3
 72
    17
 73
    13
 74
     0
 42
0.000000001
 43
0.0000000001
 40
0.0
 40
0.0
 40
0.0
 40
0.0
 40
3.557096147140244
 40
3.557096147140244
 40
3.557096147140244
 40
4.557096147140244
 40
4.557096147140244
 40
4.557096147140244
 40
5.557096147140244
 40
5.557096147140244
 40
5.557096147140244
 40
6.557096147140244
 40
6.557096147140244
 40
6.557096147140244
 40
6.557096147140244
 10
107.67949
 20
187.0540313888889
 30
0.0
 10
108.0914168518518
 20
187.1267036111111
 30
0.0
 10
108.5033437037037
 20
187.1993758333333
 30
0.0
 10
108.9152705555556
 20
187.2720480555556
 30
0.0
 10
108.9152705555556
 20
187.2720480555556
 30
0.0
 10
107.8770455555556
 20
185.5871813888889
 30
0.0
 10
107.9585372222222
 20
185.1264536111111
 30
0.0
 10
108.0213316666667
 20
184.7694425
 30
0.0
 10
108.2594566666667
 20
184.5401369444444
 30
0.0
 10
108.7134816666667
 20
184.6202175
 30
0.0
 10
108.9568983333333
 20
184.6629036111111
 30
0.0
 10
109.2842761111111
 20
184.8756286111111
 30
0.0
 10
109.2010205555555
 20
185.3462341666666
 30
0.0
  0
SPLINE
  5
1C7
330
1F
100
AcDbEntity
  8
DEFAULT
 62
     7
100
AcDbSpline
210
0.0
220
0.0
230
1.0
 70
     8
 71
     3
 72
    20
 73
    16
 74
     0
 42
0.000000001
 43
0.0000000001
 40
0.0
 40
0.0
 40
0.0
 40
0.0
 40
1.003649657518175
 40
1.003649657518175
 40
1.003649657518175
 40
2.00729931503635
 40
2.00729931503635
 40
2.00729931503635
 40
3.010948972554525
 40
3.010948972554525
 40
3.010948972554525
 40
4.014598630072699
 40
4.014598630072699
 40
4.014598630072699
 40
5.018248287590874
 40
5.018248287590874
 40
5.018248287590874
 40
5.018248287590874
 10
110.7209988888889
 20
186.3059308333334
 30
0.0
 10
110.649385
 20
186.1115502777778
 30
0.0
 10
110.4948683333333
 20
185.9665586111111
 30
0.0
 10
110.2514516666667
 20
185.9238725
 30
0.0
 10
109.8775072222222
 20
185.8575502777778
 30
0.0
 10
109.5550683333333
 20
186.1373030555556
 30
0.0
 10
109.4735766666667
 20
186.6174336111111
 30
0.0
 10
109.3740933333333
 20
187.1822308333333
 30
0.0
 10
109.6644294444444
 20
187.5226613888889
 30
0.0
 10
110.0009794444444
 20
187.5819280555555
 30
0.0
 10
110.2193488888889
 20
187.6203808333333
 30
0.0
 10
110.3844488888889
 20
187.5586447222222
 30
0.0
 10
110.5333211111111
 20
187.3695558333333
 30
0.0
 10
110.5488433333333
 20
187.2418502777778
 30
0.0
 10
110.9690016666667
 20
184.8990530555555
 30
0.0
 10
110.9690016666667
 20
184.8990530555555
 30
0.0
  0
SPLINE
  5
1C8
330
1F
100
AcDbEntity
  8
DEFAULT
 62
     1
100
AcDbSpline
210
0.0
220
0.0
230
1.0
 70
    11
 71
     3
 72
    71
 73
    67
 74
     0
 42
0.000000001
 43
0.0000000001
 40
1.0
 40
1.0
 40
1.0
 40
1.0
 40
2.0
 40
2.0
 40
2.0
 40
3.0
 40
3.0
 40
3.0
 40
4.0
 40
4.0
 40
4.0
 40
5.0
 40
5.0
 40
5.0
 40
6.0
 40
6.0
 40
6.0
 40
7.0
 40
7.0
 40
7.0
 40
8.0
 40
8.0
 40
8.0
 40
20.90257699066353
 40
20.90257699066353
 40
20.90257699066353
 40
29.40682028445516
 40
29.40682028445516
 40
29.40682028445516
 40
42.30939727511868
 40
42.30939727511868
 40
42.30939727511868
 40
43.30939727511868
 40
43.30939727511868
 40
43.30939727511868
 40
44.30939727511868
 40
44.30939727511868
 40
44.30939727511868
 40
45.30939727511868
 40
45.30939727511868
 40
45.30939727511868
 40
46.30939727511868
 40
46.30939727511868
 40
46.30939727511868
 40
47.30939727511868
 40
47.30939727511868
 40
47.30939727511868
 40
48.30939727511868
 40
48.30939727511868
 40
48.30939727511868
 40
49.30939727511868
 40
49.30939727511868
 40
49.30939727511868
 40
50.30939727511868
 40
50.30939727511868
 40
50.30939727511868
 40
51.30939727511868
 40
51.30939727511868
 40
51.30939727511868
 40
52.30939727511868
 40
52.30939727511868
 40
52.30939727511868
 40
53.30939727511868
 40
53.30939727511868
 40
53.30939727511868
 40
54.30939727511868
 40
54.30939727511868
 40
54.30939727511868
 40
54.30939727511868
 10
113.0110911111111
 20
17.65303527777778
 30
0.0
 10
123.1446327777778
 20
32.53461305555555
 30
0.0
 10
125.8476161111111
 20
71.04630472222222
 30
0.0
 10
123.3555938888889
 20
88.49081305555555
 30
0.0
 10
121.0533661111111
 20
104.6490936111111
 30
0.0
 10
119.0958022222222
 20
133.7052825
 30
0.0
 10
119.5117272222222
 20
172.4431047222222
 30
0.0
 10
119.5699355555555
 20
178.2903963888889
 30
0.0
 10
119.2033994444444
 20
177.5622630555555
 30
0.0
 10
116.9681994444444
 20
181.5281908333333
 30
0.0
 10
115.9613716666667
 20
183.3220658333333
 30
0.0
 10
115.5009966666667
 20
191.9386630555556
 30
0.0
 10
114.8427133333333
 20
195.6706991666667
 30
0.0
 10
114.47018
 20
197.7923047222222
 30
0.0
 10
111.4313522222222
 20
199.0291436111111
 30
0.0
 10
108.6006633333333
 20
198.5278463888889
 30
0.0
 10
108.7978661111111
 20
197.4130686111111
 30
0.0
 10
108.7160216666667
 20
197.5256047222222
 30
0.0
 10
108.9358022222222
 20
196.2792408333333
 30
0.0
 10
109.152055
 20
195.0360519444444
 30
0.0
 10
109.1947411111111
 20
195.1701075
 30
0.0
 10
109.3894744444444
 20
194.0514491666666
 30
0.0
 10
109.6526466666667
 20
192.5572000925926
 30
0.0
 10
109.9158188888889
 20
191.0629510185185
 30
0.0
 10
110.1789911111111
 20
189.5687019444444
 30
0.0
 10
109.1941531481481
 20
189.3950176851852
 30
0.0
 10
108.2093151851852
 20
189.2213334259259
 30
0.0
 10
107.2244772222222
 20
189.0476491666666
 30
0.0
 10
106.961305
 20
190.5418982407407
 30
0.0
 10
106.6981327777778
 20
192.0361473148148
 30
0.0
 10
106.4349605555555
 20
193.5303963888889
 30
0.0
 10
106.2402272222222
 20
194.6490547222222
 30
0.0
 10
106.3220716666667
 20
194.5365186111111
 30
0.0
 10
106.1022911111111
 20
195.7825297222222
 30
0.0
 10
105.8828633333333
 20
197.0288936111111
 30
0.0
 10
105.8408827777778
 20
196.8881352777778
 30
0.0
 10
105.6461494444444
 20
198.0071463888889
 30
0.0
 10
102.8119327777778
 20
197.5083186111111
 30
0.0
 10
100.38588
 20
195.3083963888889
 30
0.0
 10
100.7622938888889
 20
193.1839686111111
 30
0.0
 10
102.1342466666667
 20
185.4038075
 30
0.0
 10
99.55332444444443
 20
183.8572297222222
 30
0.0
 10
99.81931888888889
 20
180.9104769444444
 30
0.0
 10
100.1421105555556
 20
177.2973269444444
 30
0.0
 10
103.4102438888889
 20
176.8362463888889
 30
0.0
 10
102.5819216666667
 20
174.4557019444444
 30
0.0
 10
101.7514827777778
 20
172.0645741666667
 30
0.0
 10
101.3556661111111
 20
169.3206686111111
 30
0.0
 10
101.8227438888889
 20
162.7201963888889
 30
0.0
 10
102.2898216666667
 20
156.1197241666666
 30
0.0
 10
101.13518
 20
166.4282436111111
 30
0.0
 10
96.88350222222222
 20
144.6389241666666
 30
0.0
 10
93.54128555555556
 20
127.4999213888889
 30
0.0
 10
80.14490222222221
 20
93.52530472222222
 30
0.0
 10
74.82466055555555
 20
80.36598805555555
 30
0.0
 10
69.50300777777777
 20
67.21372694444443
 30
0.0
 10
68.61541888888888
 20
62.20922138888888
 30
0.0
 10
73.0124411111111
 20
48.80860472222221
 30
0.0
 10
73.78996333333333
 20
46.44711027777777
 30
0.0
 10
72.34145777777778
 20
39.99515749999999
 30
0.0
 10
81.85446333333333
 20
27.31209083333333
 30
0.0
 10
82.996405
 20
25.78350472222222
 30
0.0
 10
79.26613277777777
 20
27.24224083333333
 30
0.0
 10
87.09779944444443
 20
18.38540194444444
 30
0.0
 10
96.01602166666666
 20
8.292782499999998
 30
0.0
 10
102.8704938888889
 20
2.77110472222222
 30
0.0
 10
113.0110911111111
 20
17.65303527777778
 30
0.0
  0
SPLINE
  5
1C9
330
1F
100
AcDbEntity
  8
DEFAULT
 62
     1
100
AcDbSpline
210
0.0
220
0.0
230
1.0
 70
    11
 71
     3
 72
    23
 73
    19
 74
     0
 42
0.000000001
 43
0.0000000001
 40
1.0
 40
1.0
 40
1.0
 40
1.0
 40
2.0
 40
2.0
 40
2.0
 40
3.0
 40
3.0
 40
3.0
 40
4.0
 40
4.0
 40
4.0
 40
5.0
 40
5.0
 40
5.0
 40
6.0
 40
6.0
 40
6.0
 40
7.0
 40
7.0
 40
7.0
 40
7.0
 10
116.9396244444444
 20
39.9983325
 30
0.0
 10
115.5764911111111
 20
35.20090749999999
 30
0.0
 10
115.4491383333333
 20
28.5633936111111
 30
0.0
 10
112.32388
 20
23.12391305555555
 30
0.0
 10
109.2007383333333
 20
17.69501583333333
 30
0.0
 10
107.4082744444444
 20
14.8205825
 30
0.0
 10
107.1609772222222
 20
16.59681861111111
 30
0.0
 10
106.9154438888889
 20
18.38328527777777
 30
0.0
 10
107.8968716666667
 20
25.05219638888889
 30
0.0
 10
107.6463994444444
 20
30.90089916666666
 30
0.0
 10
107.3969855555556
 20
36.74325194444444
 30
0.0
 10
106.834305
 20
46.06540472222221
 30
0.0
 10
109.0042411111111
 20
46.74026861111111
 30
0.0
 10
113.3465827777778
 20
48.09281861111111
 30
0.0
 10
115.5101688888889
 20
53.3174575
 30
0.0
 10
117.6652883333333
 20
52.46302972222222
 30
0.0
 10
118.9860883333333
 20
51.93986027777778
 30
0.0
 10
118.3084022222222
 20
44.80351861111111
 30
0.0
 10
116.9396244444444
 20
39.9983325
 30
0.0
  0
SPLINE
  5
1CA
330
1F
100
AcDbEntity
  8
DEFAULT
 62
     1
100
AcDbSpline
210
0.0
220
0.0
230
1.0
 70
    11
 71
     3
 72
    29
 73
    25
 74
     0
 42
0.000000001
 43
0.0000000001
 40
1.0
 40
1.0
 40
1.0
 40
1.0
 40
2.0
 40
2.0
 40
2.0
 40
3.0
 40
3.0
 40
3.0
 40
4.0
 40
4.0
 40
4.0
 40
5.0
 40
5.0
 40
5.0
 40
6.0
 40
6.0
 40
6.0
 40
7.0
 40
7.0
 40
7.0
 40
8.0
 40
8.0
 40
8.0
 40
9.0
 40
9.0
 40
9.0
 40
9.0
 10
99.98865222222223
 20
62.98497972222221
 30
0.0
 10
100.6254161111111
 20
64.31248249999999
 30
0.0
 10
100.5813188888889
 20
64.93548805555555
 30
0.0
 10
101.5451077777778
 20
65.49746305555556
 30
0.0
 10
102.7124494444444
 20
66.1712686111111
 30
0.0
 10
104.72928
 20
63.00967416666666
 30
0.0
 10
105.7435161111111
 20
61.73085472222221
 30
0.0
 10
106.332655
 20
60.98684638888889
 30
0.0
 10
105.6828383333333
 20
60.00153805555555
 30
0.0
 10
105.0210272222222
 20
54.61109361111111
 30
0.0
 10
104.3567466666667
 20
49.21641583333333
 30
0.0
 10
103.9775105555555
 20
47.4673436111111
 30
0.0
 10
104.2671411111111
 20
45.55634638888888
 30
0.0
 10
104.5567716666666
 20
43.64570194444444
 30
0.0
 10
103.7718411111111
 20
43.56773805555555
 30
0.0
 10
100.4564355555555
 20
44.96897138888888
 30
0.0
 10
97.13714944444443
 20
46.37267416666666
 30
0.0
 10
96.05553277777778
 20
45.51471861111111
 30
0.0
 10
94.63983555555555
 20
45.08397694444444
 30
0.0
 10
93.2308411111111
 20
44.65394083333333
 30
0.0
 10
94.60173555555555
 20
46.84151583333333
 30
0.0
 10
96.45170222222222
 20
51.6075436111111
 30
0.0
 10
98.30449111111112
 20
56.37145472222221
 30
0.0
 10
99.34800777777777
 20
61.66029916666666
 30
0.0
 10
99.98865222222223
 20
62.98497972222221
 30
0.0
  0
SPLINE
  5
1CB
330
1F
100
AcDbEntity
  8
DEFAULT
 62
     1
100
AcDbSpline
210
0.0
220
0.0
230
1.0
 70
    11
 71
     3
 72
    29
 73
    25
 74
     0
 42
0.000000001
 43
0.0000000001
 40
1.0
 40
1.0
 40
1.0
 40
1.0
 40
2.0
 40
2.0
 40
2.0
 40
3.0
 40
3.0
 40
3.0
 40
4.0
 40
4.0
 40
4.0
 40
5.0
 40
5.0
 40
5.0
 40
6.0
 40
6.0
 40
6.0
 40
7.0
 40
7.0
 40
7.0
 40
8.0
 40
8.0
 40
8.0
 40
9.0
 40
9.0
 40
9.0
 40
9.0
 10
88.7001161111111
 20
64.86422694444444
 30
0.0
 10
87.37296611111111
 20
64.50474638888888
 30
0.0
 10
88.16459944444443
 20
67.02746027777778
 30
0.0
 10
88.64014388888889
 20
70.2846575
 30
0.0
 10
89.12098
 20
73.54926305555556
 30
0.0
 10
89.25821055555555
 20
81.15762138888887
 30
0.0
 10
88.96787444444445
 20
83.1208297222222
 30
0.0
 10
88.68353555555555
 20
85.08509638888889
 30
0.0
 10
87.43082166666666
 20
84.95633249999999
 30
0.0
 10
90.04278833333333
 20
85.74690749999999
 30
0.0
 10
92.65546055555555
 20
86.53148527777776
 30
0.0
 10
97.54143277777777
 20
90.9870686111111
 30
0.0
 10
98.29708277777777
 20
90.65757416666666
 30
0.0
 10
100.1290577777778
 20
89.83807138888889
 30
0.0
 10
100.4409133333333
 20
84.44727416666666
 30
0.0
 10
101.5080661111111
 20
82.23571027777777
 30
0.0
 10
102.5752188888889
 20
80.02449916666666
 30
0.0
 10
99.78051333333332
 20
71.84781583333333
 30
0.0
 10
98.59165222222221
 20
68.87742694444442
 30
0.0
 10
97.39749944444443
 20
65.8999825
 30
0.0
 10
97.27967166666666
 20
66.21677694444443
 30
0.0
 10
94.77353833333333
 20
66.87012138888888
 30
0.0
 10
92.26458277777776
 20
67.51958527777776
 30
0.0
 10
90.03432166666667
 20
65.22406027777777
 30
0.0
 10
88.7001161111111
 20
64.86422694444444
 30
0.0
  0
SPLINE
  5
1CC
330
1F
100
AcDbEntity
  8
DEFAULT
 62
     1
100
AcDbSpline
210
0.0
220
0.0
230
1.0
 70
    11
 71
     3
 72
    26
 73
    22
 74
     0
 42
0.000000001
 43
0.0000000001
 40
1.0
 40
1.0
 40
1.0
 40
1.0
 40
2.0
 40
2.0
 40
2.0
 40
3.0
 40
3.0
 40
3.0
 40
4.0
 40
4.0
 40
4.0
 40
5.0
 40
5.0
 40
5.0
 40
6.0
 40
6.0
 40
6.0
 40
7.0
 40
7.0
 40
7.0
 40
8.0
 40
8.0
 40
8.0
 40
8.0
 10
118.3750772222222
 20
74.6372297222222
 30
0.0
 10
116.5991938888889
 20
70.17635472222221
 30
0.0
 10
116.2277188888889
 20
68.03217138888888
 30
0.0
 10
116.7544161111111
 20
63.89444083333333
 30
0.0
 10
117.2786438888889
 20
59.75318249999999
 30
0.0
 10
116.8464911111111
 20
56.89885749999999
 30
0.0
 10
114.8568244444444
 20
54.91060194444444
 30
0.0
 10
112.8675105555555
 20
52.92199361111111
 30
0.0
 10
108.7537688888889
 20
49.4009186111111
 30
0.0
 10
108.5548022222222
 20
50.79721305555555
 30
0.0
 10
108.3558355555555
 20
52.19386027777777
 30
0.0
 10
108.08843
 20
56.01162138888888
 30
0.0
 10
109.3651327777778
 20
60.66229083333332
 30
0.0
 10
110.637955
 20
65.31613527777778
 30
0.0
 10
112.7655577777778
 20
70.96834083333333
 30
0.0
 10
113.8962105555556
 20
74.6344075
 30
0.0
 10
115.025805
 20
78.30752972222223
 30
0.0
 10
116.4143383333333
 20
79.37679916666664
 30
0.0
 10
118.4392827777778
 20
79.53519638888888
 30
0.0
 10
119.6059188888889
 20
79.6255075
 30
0.0
 10
120.1499022222222
 20
79.10480749999999
 30
0.0
 10
118.3750772222222
 20
74.6372297222222
 30
0.0
  0
SPLINE
  5
1CD
330
1F
100
AcDbEntity
  8
DEFAULT
 62
     1
100
AcDbSpline
210
0.0
220
0.0
230
1.0
 70
    11
 71
     3
 72
    32
 73
    28
 74
     0
 42
0.000000001
 43
0.0000000001
 40
1.0
 40
1.0
 40
1.0
 40
1.0
 40
2.0
 40
2.0
 40
2.0
 40
3.0
 40
3.0
 40
3.0
 40
4.0
 40
4.0
 40
4.0
 40
5.0
 40
5.0
 40
5.0
 40
6.0
 40
6.0
 40
6.0
 40
7.0
 40
7.0
 40
7.0
 40
8.0
 40
8.0
 40
8.0
 40
9.0
 40
9.0
 40
9.0
 40
10.0
 40
10.0
 40
10.0
 40
10.0
 10
118.1485938888889
 20
88.58606305555554
 30
0.0
 10
118.3503827777778
 20
86.98692138888887
 30
0.0
 10
118.9815022222222
 20
85.38742694444443
 30
0.0
 10
118.9292911111111
 20
84.7735936111111
 30
0.0
 10
118.8456827777778
 20
83.63447416666665
 30
0.0
 10
117.9281077777778
 20
83.31803249999999
 30
0.0
 10
115.8837605555556
 20
82.6128297222222
 30
0.0
 10
113.8387077777778
 20
81.91362416666666
 30
0.0
 10
113.0657716666666
 20
80.84823527777777
 30
0.0
 10
111.4352327777778
 20
76.60502416666667
 30
0.0
 10
109.8085744444444
 20
72.35899083333332
 30
0.0
 10
108.3897022222222
 20
67.80851027777777
 30
0.0
 10
107.7987994444445
 20
66.00616861111111
 30
0.0
 10
107.20578
 20
64.21652694444442
 30
0.0
 10
105.1942411111111
 20
67.15622416666666
 30
0.0
 10
103.6420188888889
 20
68.80263805555555
 30
0.0
 10
102.0915605555556
 20
70.45857694444443
 30
0.0
 10
104.2350383333333
 20
74.62241305555554
 30
0.0
 10
105.3903855555556
 20
77.7550797222222
 30
0.0
 10
106.5520827777778
 20
80.88845194444444
 30
0.0
 10
110.0548133333333
 20
82.61106583333331
 30
0.0
 10
111.8134105555556
 20
84.0909686111111
 30
0.0
 10
113.5614244444444
 20
85.57298805555554
 30
0.0
 10
116.5882577777778
 20
89.58583527777776
 30
0.0
 10
117.7069161111111
 20
90.84525194444443
 30
0.0
 10
118.2650105555556
 20
91.47002138888888
 30
0.0
 10
117.96903
 20
89.96260194444443
 30
0.0
 10
118.1485938888889
 20
88.58606305555554
 30
0.0
  0
SPLINE
  5
1CE
330
1F
100
AcDbEntity
  8
DEFAULT
 62
     1
100
AcDbSpline
210
0.0
220
0.0
230
1.0
 70
    11
 71
     3
 72
    26
 73
    22
 74
     0
 42
0.000000001
 43
0.0000000001
 40
1.0
 40
1.0
 40
1.0
 40
1.0
 40
2.0
 40
2.0
 40
2.0
 40
3.0
 40
3.0
 40
3.0
 40
4.0
 40
4.0
 40
4.0
 40
5.0
 40
5.0
 40
5.0
 40
6.0
 40
6.0
 40
6.0
 40
7.0
 40
7.0
 40
7.0
 40
8.0
 40
8.0
 40
8.0
 40
8.0
 10
116.6993827777778
 20
96.10904916666665
 30
0.0
 10
117.35308
 20
94.69335194444443
 30
0.0
 10
114.89563
 20
93.26636583333332
 30
0.0
 10
112.8862077777778
 20
90.73730194444444
 30
0.0
 10
110.8901911111111
 20
88.20400472222222
 30
0.0
 10
108.4860105555556
 20
85.8213436111111
 30
0.0
 10
106.605705
 20
84.27794083333333
 30
0.0
 10
104.7253994444444
 20
82.73453805555555
 30
0.0
 10
103.5629966666667
 20
87.93659916666665
 30
0.0
 10
102.2746522222222
 20
91.1775686111111
 30
0.0
 10
100.9831327777778
 20
94.42100749999999
 30
0.0
 10
101.6220133333333
 20
94.60198249999999
 30
0.0
 10
103.8473355555555
 20
98.49241583333333
 30
0.0
 10
106.0719522222222
 20
102.3891991666667
 30
0.0
 10
106.2349355555555
 20
109.8871380555556
 30
0.0
 10
107.5716105555556
 20
111.8136575
 30
0.0
 10
108.904405
 20
113.7433519444444
 30
0.0
 10
111.1575966666666
 20
107.4568519444444
 30
0.0
 10
113.2841411111111
 20
104.1506186111111
 30
0.0
 10
115.4071577777778
 20
100.8472075
 30
0.0
 10
116.2950994444444
 20
96.97794083333332
 30
0.0
 10
116.6993827777778
 20
96.10904916666665
 30
0.0
  0
SPLINE
  5
1CF
330
1F
100
AcDbEntity
  8
DEFAULT
 62
     1
100
AcDbSpline
210
0.0
220
0.0
230
1.0
 70
    11
 71
     3
 72
    23
 73
    19
 74
     0
 42
0.000000001
 43
0.0000000001
 40
1.0
 40
1.0
 40
1.0
 40
1.0
 40
2.0
 40
2.0
 40
2.0
 40
3.0
 40
3.0
 40
3.0
 40
4.0
 40
4.0
 40
4.0
 40
5.0
 40
5.0
 40
5.0
 40
6.0
 40
6.0
 40
6.0
 40
7.0
 40
7.0
 40
7.0
 40
7.0
 10
115.756055
 20
122.7300130555555
 30
0.0
 10
115.6960827777778
 20
118.9792797222222
 30
0.0
 10
116.9008188888889
 20
114.1864408333333
 30
0.0
 10
117.0204105555556
 20
108.4005325
 30
0.0
 10
117.140355
 20
102.6149769444444
 30
0.0
 10
117.2183188888889
 20
104.1597908333333
 30
0.0
 10
116.0820216666667
 20
107.0063547222222
 30
0.0
 10
114.9467827777778
 20
109.8469213888889
 30
0.0
 10
112.3856161111111
 20
114.0964825
 30
0.0
 10
110.2784744444444
 20
115.6360047222222
 30
0.0
 10
108.1716855555555
 20
117.1758797222222
 30
0.0
 10
109.5404633333333
 20
124.0423463888889
 30
0.0
 10
110.6718216666667
 20
127.7937852777778
 30
0.0
 10
111.8003577777778
 20
131.5416963888889
 30
0.0
 10
113.7265244444445
 20
143.0464852777777
 30
0.0
 10
114.8444772222222
 20
146.2818102777777
 30
0.0
 10
116.36248
 20
150.6890630555556
 30
0.0
 10
115.8124994444445
 20
126.4832158333333
 30
0.0
 10
115.756055
 20
122.7300130555555
 30
0.0
  0
SPLINE
  5
1D0
330
1F
100
AcDbEntity
  8
DEFAULT
 62
     1
100
AcDbSpline
210
0.0
220
0.0
230
1.0
 70
    11
 71
     3
 72
    23
 73
    19
 74
     0
 42
0.000000001
 43
0.0000000001
 40
1.0
 40
1.0
 40
1.0
 40
1.0
 40
2.0
 40
2.0
 40
2.0
 40
3.0
 40
3.0
 40
3.0
 40
4.0
 40
4.0
 40
4.0
 40
5.0
 40
5.0
 40
5.0
 40
6.0
 40
6.0
 40
6.0
 40
7.0
 40
7.0
 40
7.0
 40
7.0
 10
114.6508022222222
 20
155.3168019444444
 30
0.0
 10
113.2312244444445
 20
150.2519713888889
 30
0.0
 10
107.50423
 20
129.6451630555555
 30
0.0
 10
106.8085522222222
 20
122.7455352777778
 30
0.0
 10
106.1178133333333
 20
115.8367352777778
 30
0.0
 10
105.1113383333333
 20
113.8463630555555
 30
0.0
 10
102.7219744444444
 20
113.1072936111111
 30
0.0
 10
100.3343744444444
 20
112.3717519444444
 30
0.0
 10
96.31482444444445
 20
111.6429130555555
 30
0.0
 10
97.60634388888887
 20
116.1447102777777
 30
0.0
 10
98.8950411111111
 20
120.6433325
 30
0.0
 10
103.2070438888889
 20
134.1155630555555
 30
0.0
 10
105.7304633333333
 20
141.9676908333333
 30
0.0
 10
108.2531772222222
 20
149.8265213888889
 30
0.0
 10
113.3695133333333
 20
163.8769547222222
 30
0.0
 10
114.1914855555556
 20
167.2297547222222
 30
0.0
 10
114.57178
 20
168.7890325
 30
0.0
 10
116.0732022222222
 20
160.3855130555555
 30
0.0
 10
114.6508022222222
 20
155.3168019444444
 30
0.0
  0
SPLINE
  5
1D1
330
1F
100
AcDbEntity
  8
DEFAULT
 62
     1
100
AcDbSpline
210
0.0
220
0.0
230
1.0
 70
    11
 71
     3
 72
    17
 73
    13
 74
     0
 42
0.000000001
 43
0.0000000001
 40
1.0
 40
1.0
 40
1.0
 40
1.0
 40
2.0
 40
2.0
 40
2.0
 40
3.0
 40
3.0
 40
3.0
 40
4.0
 40
4.0
 40
4.0
 40
5.0
 40
5.0
 40
5.0
 40
5.0
 10
104.2251605555556
 20
169.5065825
 30
0.0
 10
104.2241022222222
 20
171.9802602777777
 30
0.0
 10
108.0348077777778
 20
172.3450325
 30
0.0
 10
109.6925105555556
 20
172.8011741666666
 30
0.0
 10
110.6210216666667
 20
173.0632880555555
 30
0.0
 10
108.1843855555556
 20
169.2504658333333
 30
0.0
 10
107.2950327777778
 20
167.5391408333333
 30
0.0
 10
106.4130883333333
 20
165.8225241666667
 30
0.0
 10
106.05643
 20
163.2151436111111
 30
0.0
 10
104.9730494444444
 20
162.2323047222222
 30
0.0
 10
103.8871994444444
 20
161.2462908333333
 30
0.0
 10
104.2223383333333
 20
167.0353741666666
 30
0.0
 10
104.2251605555556
 20
169.5065825
 30
0.0
  0
SPLINE
  5
1D2
330
1F
100
AcDbEntity
  8
DEFAULT
 62
     1
100
AcDbSpline
210
0.0
220
0.0
230
1.0
 70
    11
 71
     3
 72
    20
 73
    16
 74
     0
 42
0.000000001
 43
0.0000000001
 40
1.0
 40
1.0
 40
1.0
 40
1.0
 40
2.0
 40
2.0
 40
2.0
 40
3.0
 40
3.0
 40
3.0
 40
4.0
 40
4.0
 40
4.0
 40
5.0
 40
5.0
 40
5.0
 40
6.0
 40
6.0
 40
6.0
 40
6.0
 10
107.8291383333333
 20
157.9633408333333
 30
0.0
 10
107.2541105555555
 20
158.9253658333333
 30
0.0
 10
107.5892494444444
 20
159.1903019444444
 30
0.0
 10
108.1364077777778
 20
161.8615352777778
 30
0.0
 10
108.6863883333333
 20
164.5359436111111
 30
0.0
 10
110.7607216666667
 20
167.4117880555555
 30
0.0
 10
111.7989466666667
 20
169.4984686111111
 30
0.0
 10
113.9325466666667
 20
173.7949491666666
 30
0.0
 10
112.1340855555556
 20
169.6254686111111
 30
0.0
 10
111.2295633333333
 20
166.8208852777778
 30
0.0
 10
110.3246883333333
 20
164.0163019444444
 30
0.0
 10
109.3227994444444
 20
161.5874269444444
 30
0.0
 10
108.6257105555556
 20
159.1599630555556
 30
0.0
 10
107.9268577777778
 20
156.7226213888889
 30
0.0
 10
108.4013438888889
 20
156.9977880555555
 30
0.0
 10
107.8291383333333
 20
157.9633408333333
 30
0.0
  0
SPLINE
  5
1D3
330
1F
100
AcDbEntity
  8
DEFAULT
 62
     1
100
AcDbSpline
210
0.0
220
0.0
230
1.0
 70
    11
 71
     3
 72
    20
 73
    16
 74
     0
 42
0.000000001
 43
0.0000000001
 40
1.0
 40
1.0
 40
1.0
 40
1.0
 40
2.0
 40
2.0
 40
2.0
 40
3.0
 40
3.0
 40
3.0
 40
4.0
 40
4.0
 40
4.0
 40
5.0
 40
5.0
 40
5.0
 40
6.0
 40
6.0
 40
6.0
 40
6.0
 10
100.1332911111111
 20
146.5904908333333
 30
0.0
 10
100.9217494444444
 20
149.4077741666667
 30
0.0
 10
101.4752577777778
 20
155.1139547222222
 30
0.0
 10
102.4711494444444
 20
156.1331297222222
 30
0.0
 10
103.4680994444444
 20
157.1456019444444
 30
0.0
 10
104.2703161111111
 20
158.9165463888889
 30
0.0
 10
104.916605
 20
158.5020325
 30
0.0
 10
105.6285105555556
 20
158.0448325
 30
0.0
 10
104.6618994444444
 20
157.0496463888889
 30
0.0
 10
104.9892772222222
 20
155.5111825
 30
0.0
 10
105.316655
 20
153.9727186111111
 30
0.0
 10
102.0506383333333
 20
148.3981241666666
 30
0.0
 10
100.6554022222222
 20
146.0401575
 30
0.0
 10
99.25558
 20
143.6684325
 30
0.0
 10
99.34130499999999
 20
143.7760297222222
 30
0.0
 10
100.1332911111111
 20
146.5904908333333
 30
0.0
  0
SPLINE
  5
1D4
330
1F
100
AcDbEntity
  8
DEFAULT
 62
     1
100
AcDbSpline
210
0.0
220
0.0
230
1.0
 70
    11
 71
     3
 72
    23
 73
    19
 74
     0
 42
0.000000001
 43
0.0000000001
 40
1.0
 40
1.0
 40
1.0
 40
1.0
 40
2.0
 40
2.0
 40
2.0
 40
3.0
 40
3.0
 40
3.0
 40
4.0
 40
4.0
 40
4.0
 40
5.0
 40
5.0
 40
5.0
 40
6.0
 40
6.0
 40
6.0
 40
7.0
 40
7.0
 40
7.0
 40
7.0
 10
96.23509666666665
 20
131.5039491666666
 30
0.0
 10
96.35539388888888
 20
133.0286547222222
 30
0.0
 10
100.2638188888889
 20
140.4817908333333
 30
0.0
 10
102.3635522222222
 20
144.3115463888889
 30
0.0
 10
104.4608161111111
 20
148.1374213888889
 30
0.0
 10
105.6302744444444
 20
149.6339047222222
 30
0.0
 10
105.5671272222222
 20
149.0740463888889
 30
0.0
 10
105.4348355555556
 20
147.9705575
 30
0.0
 10
102.1504744444444
 20
139.9194630555555
 30
0.0
 10
101.4124633333333
 20
137.7516436111111
 30
0.0
 10
100.6709244444444
 20
135.5866463888889
 30
0.0
 10
100.2451216666667
 20
132.5957963888889
 30
0.0
 10
99.35541611111111
 20
132.2013908333333
 30
0.0
 10
98.46782722222221
 20
131.8108658333333
 30
0.0
 10
96.50179666666666
 20
128.2135908333333
 30
0.0
 10
95.24132166666666
 20
126.7795491666666
 30
0.0
 10
93.98472722222222
 20
125.3426852777778
 30
0.0
 10
96.11868
 20
129.9767741666666
 30
0.0
 10
96.23509666666665
 20
131.5039491666666
 30
0.0
  0
SPLINE
  5
1D5
330
1F
100
AcDbEntity
  8
DEFAULT
 62
     1
100
AcDbSpline
210
0.0
220
0.0
230
1.0
 70
    11
 71
     3
 72
    23
 73
    19
 74
     0
 42
0.000000001
 43
0.0000000001
 40
1.0
 40
1.0
 40
1.0
 40
1.0
 40
2.0
 40
2.0
 40
2.0
 40
3.0
 40
3.0
 40
3.0
 40
4.0
 40
4.0
 40
4.0
 40
5.0
 40
5.0
 40
5.0
 40
6.0
 40
6.0
 40
6.0
 40
7.0
 40
7.0
 40
7.0
 40
7.0
 10
88.012905
 20
105.6802630555555
 30
0.0
 10
88.77243555555556
 20
108.1525297222222
 30
0.0
 10
91.46166055555555
 20
115.1541102777778
 30
0.0
 10
92.476955
 20
118.3746186111111
 30
0.0
 10
93.48907444444444
 20
121.5912463888889
 30
0.0
 10
94.58268555555556
 20
122.8866463888889
 30
0.0
 10
95.52530777777777
 20
123.4359213888889
 30
0.0
 10
96.46898833333333
 20
123.9788463888889
 30
0.0
 10
97.88644944444445
 20
125.9138325
 30
0.0
 10
97.69383277777779
 20
125.4107713888889
 30
0.0
 10
96.44852722222221
 20
122.1507519444444
 30
0.0
 10
95.15841888888889
 20
117.4813852777778
 30
0.0
 10
93.61325222222223
 20
112.3329463888889
 30
0.0
 10
92.07161333333333
 20
107.1816852777778
 30
0.0
 10
86.54534944444444
 20
98.75064916666665
 30
0.0
 10
85.36989388888888
 20
97.43020194444443
 30
0.0
 10
84.19726055555556
 20
96.11398805555554
 30
0.0
 10
87.24984666666667
 20
103.2104658333333
 30
0.0
 10
88.012905
 20
105.6802630555555
 30
0.0
  0
SPLINE
  5
1D6
330
1F
100
AcDbEntity
  8
DEFAULT
 62
     1
100
AcDbSpline
210
0.0
220
0.0
230
1.0
 70
    11
 71
     3
 72
    23
 73
    19
 74
     0
 42
0.000000001
 43
0.0000000001
 40
1.0
 40
1.0
 40
1.0
 40
1.0
 40
2.0
 40
2.0
 40
2.0
 40
3.0
 40
3.0
 40
3.0
 40
4.0
 40
4.0
 40
4.0
 40
5.0
 40
5.0
 40
5.0
 40
6.0
 40
6.0
 40
6.0
 40
7.0
 40
7.0
 40
7.0
 40
7.0
 10
89.14426333333333
 20
97.93079361111111
 30
0.0
 10
92.11359388888887
 20
101.8434519444444
 30
0.0
 10
94.36713833333333
 20
106.2394158333333
 30
0.0
 10
95.61949944444444
 20
108.5208297222222
 30
0.0
 10
96.32364388888888
 20
109.8155241666666
 30
0.0
 10
101.5906161111111
 20
110.2600241666667
 30
0.0
 10
102.5431161111111
 20
110.0176658333333
 30
0.0
 10
104.2417411111111
 20
109.5788102777778
 30
0.0
 10
102.554405
 20
105.7956213888889
 30
0.0
 10
101.3362633333333
 20
101.8282825
 30
0.0
 10
100.1216494444444
 20
97.85812138888888
 30
0.0
 10
98.36658
 20
95.15654916666665
 30
0.0
 10
95.10267999999999
 20
92.42005194444442
 30
0.0
 10
91.83948555555556
 20
89.67685194444442
 30
0.0
 10
85.28205222222222
 20
87.42048527777777
 30
0.0
 10
82.29261333333334
 20
86.79148249999999
 30
0.0
 10
79.30387999999999
 20
86.16212694444444
 30
0.0
 10
86.16470222222222
 20
94.01989916666666
 30
0.0
 10
89.14426333333333
 20
97.93079361111111
 30
0.0
  0
SPLINE
  5
1D7
330
1F
100
AcDbEntity
  8
DEFAULT
 62
     1
100
AcDbSpline
210
0.0
220
0.0
230
1.0
 70
    11
 71
     3
 72
    26
 73
    22
 74
     0
 42
0.000000001
 43
0.0000000001
 40
1.0
 40
1.0
 40
1.0
 40
1.0
 40
2.0
 40
2.0
 40
2.0
 40
3.0
 40
3.0
 40
3.0
 40
4.0
 40
4.0
 40
4.0
 40
5.0
 40
5.0
 40
5.0
 40
6.0
 40
6.0
 40
6.0
 40
7.0
 40
7.0
 40
7.0
 40
8.0
 40
8.0
 40
8.0
 40
8.0
 10
74.78056333333333
 20
55.31312138888887
 30
0.0
 10
73.67178277777778
 20
58.83243249999999
 30
0.0
 10
74.12122166666667
 20
64.7361686111111
 30
0.0
 10
74.61123
 20
68.16587416666665
 30
0.0
 10
75.10370777777777
 20
71.59910749999999
 30
0.0
 10
77.73331333333333
 20
79.94512416666666
 30
0.0
 10
78.71438833333333
 20
82.01734083333332
 30
0.0
 10
79.69193555555555
 20
84.09167416666665
 30
0.0
 10
84.17997444444444
 20
85.04911305555554
 30
0.0
 10
85.301455
 20
84.65788249999999
 30
0.0
 10
86.42046611111111
 20
84.26277138888888
 30
0.0
 10
85.81121888888889
 20
78.32869638888889
 30
0.0
 10
85.63059666666666
 20
73.89569083333332
 30
0.0
 10
85.44221333333333
 20
69.46797694444444
 30
0.0
 10
85.51206333333333
 20
64.45817972222221
 30
0.0
 10
84.20078833333334
 20
62.26637138888888
 30
0.0
 10
83.05955222222221
 20
60.34831861111111
 30
0.0
 10
78.77047999999999
 20
55.41225194444444
 30
0.0
 10
77.23801333333333
 20
53.23102694444444
 30
0.0
 10
75.706605
 20
51.04345194444444
 30
0.0
 10
75.89251888888889
 20
51.79733805555555
 30
0.0
 10
74.78056333333333
 20
55.31312138888887
 30
0.0
  0
SPLINE
  5
1D8
330
1F
100
AcDbEntity
  8
DEFAULT
 62
     1
100
AcDbSpline
210
0.0
220
0.0
230
1.0
 70
    11
 71
     3
 72
    32
 73
    28
 74
     0
 42
0.000000001
 43
0.0000000001
 40
1.0
 40
1.0
 40
1.0
 40
1.0
 40
2.0
 40
2.0
 40
2.0
 40
3.0
 40
3.0
 40
3.0
 40
4.0
 40
4.0
 40
4.0
 40
5.0
 40
5.0
 40
5.0
 40
6.0
 40
6.0
 40
6.0
 40
7.0
 40
7.0
 40
7.0
 40
8.0
 40
8.0
 40
8.0
 40
9.0
 40
9.0
 40
9.0
 40
10.0
 40
10.0
 40
10.0
 40
10.0
 10
82.532855
 20
31.8830325
 30
0.0
 10
80.70158555555555
 20
34.25899083333333
 30
0.0
 10
77.93474944444445
 20
40.44812416666666
 30
0.0
 10
77.20379388888888
 20
43.91381305555555
 30
0.0
 10
76.47671888888888
 20
47.37667972222221
 30
0.0
 10
76.25270499999999
 20
47.4754575
 30
0.0
 10
78.35737722222223
 20
49.97841583333333
 30
0.0
 10
80.46628277777778
 20
52.4792575
 30
0.0
 10
83.90974666666666
 20
57.39451027777778
 30
0.0
 10
85.65458555555556
 20
59.71472972222222
 30
0.0
 10
87.39307444444444
 20
62.03389083333332
 30
0.0
 10
89.78032166666667
 20
61.06869083333332
 30
0.0
 10
92.10512722222221
 20
62.34892138888888
 30
0.0
 10
94.42605222222221
 20
63.63162138888888
 30
0.0
 10
95.04553
 20
63.44958805555555
 30
0.0
 10
95.96557444444444
 20
63.02554916666666
 30
0.0
 10
97.22887166666665
 20
62.44805194444444
 30
0.0
 10
94.80458277777778
 20
58.8895825
 30
0.0
 10
93.41710777777776
 20
54.68799916666666
 30
0.0
 10
92.02292999999999
 20
50.48535749999999
 30
0.0
 10
89.74081055555556
 20
43.79845472222222
 30
0.0
 10
89.43953833333333
 20
41.82466305555555
 30
0.0
 10
89.13509111111111
 20
39.85404638888888
 30
0.0
 10
86.2839411111111
 20
35.62424083333333
 30
0.0
 10
84.77899111111111
 20
32.98158249999999
 30
0.0
 10
83.27157166666666
 20
30.33539638888888
 30
0.0
 10
84.35706888888889
 20
29.5127186111111
 30
0.0
 10
82.532855
 20
31.8830325
 30
0.0
  0
SPLINE
  5
1D9
330
1F
100
AcDbEntity
  8
DEFAULT
 62
     1
100
AcDbSpline
210
0.0
220
0.0
230
1.0
 70
    11
 71
     3
 72
    26
 73
    22
 74
     0
 42
0.000000001
 43
0.0000000001
 40
1.0
 40
1.0
 40
1.0
 40
1.0
 40
2.0
 40
2.0
 40
2.0
 40
3.0
 40
3.0
 40
3.0
 40
4.0
 40
4.0
 40
4.0
 40
5.0
 40
5.0
 40
5.0
 40
6.0
 40
6.0
 40
6.0
 40
7.0
 40
7.0
 40
7.0
 40
8.0
 40
8.0
 40
8.0
 40
8.0
 10
87.44281611111111
 20
22.86179916666666
 30
0.0
 10
84.86930222222222
 20
25.81525472222222
 30
0.0
 10
87.21703833333333
 20
30.46733527777777
 30
0.0
 10
89.29595777777777
 20
33.64797972222222
 30
0.0
 10
91.37875777777778
 20
36.82686027777778
 30
0.0
 10
93.41040500000001
 20
40.26609083333332
 30
0.0
 10
95.85268555555554
 20
41.45847972222222
 30
0.0
 10
98.28861611111111
 20
42.64981027777777
 30
0.0
 10
103.1251994444444
 20
40.18142416666666
 30
0.0
 10
103.7549077777778
 20
38.88637694444444
 30
0.0
 10
105.4489466666667
 20
35.37659083333333
 30
0.0
 10
103.970455
 20
25.21482694444444
 30
0.0
 10
104.0558272222222
 20
20.30204361111111
 30
0.0
 10
104.1408466666667
 20
15.38961305555555
 30
0.0
 10
104.135555
 20
15.33669638888889
 30
0.0
 10
102.2175022222222
 20
13.25989361111111
 30
0.0
 10
100.2962744444444
 20
11.18626583333333
 30
0.0
 10
97.27332166666666
 20
13.59926583333333
 30
0.0
 10
94.75025499999998
 20
15.24956027777777
 30
0.0
 10
92.22154388888889
 20
16.89879638888889
 30
0.0
 10
90.01386055555555
 20
19.90481583333333
 30
0.0
 10
87.44281611111111
 20
22.86179916666666
 30
0.0
  0
POLYLINE
  5
1DA
330
1F
100
AcDbEntity
  8
DEFAULT
 62
     7
100
AcDb2dPolyline
 66
     1
 10
0.0
 20
0.0
 30
0.0
  0
VERTEX
  5
1DB
330
1DA
100
AcDbEntity
  8
DEFAULT
 62
     7
100
AcDbVertex
100
AcDb2dVertex
 10
140.6021938888888
 20
188.485286111111
 30
0.0
  0
VERTEX
  5
1DC
330
1DA
100
AcDbEntity
  8
DEFAULT
 62
     7
100
AcDbVertex
100
AcDb2dVertex
 10
143.5567077777777
 20
187.9642333333332
 30
0.0
  0
SEQEND
  5
1DD
330
1DA
100
AcDbEntity
  8
DEFAULT
 62
     7
  0
SPLINE
  5
1DE
330
1F
100
AcDbEntity
  8
DEFAULT
 62
     7
100
AcDbSpline
210
0.0
220
0.0
230
1.0
 70
     8
 71
     3
 72
    17
 73
    13
 74
     0
 42
0.000000001
 43
0.0000000001
 40
0.0
 40
0.0
 40
0.0
 40
0.0
 40
3.557096147140244
 40
3.557096147140244
 40
3.557096147140244
 40
4.557096147140244
 40
4.557096147140244
 40
4.557096147140244
 40
5.557096147140244
 40
5.557096147140244
 40
5.557096147140244
 40
6.557096147140244
 40
6.557096147140244
 40
6.557096147140244
 40
6.557096147140244
 10
140.5387997222222
 20
187.5395947222222
 30
0.0
 10
140.9507265740741
 20
187.4669225
 30
0.0
 10
141.3626534259259
 20
187.3942502777777
 30
0.0
 10
141.7745802777778
 20
187.3215780555555
 30
0.0
 10
141.7745802777778
 20
187.3215780555555
 30
0.0
 10
140.2227108333333
 20
186.0935586111111
 30
0.0
 10
140.1415719444445
 20
185.6328308333333
 30
0.0
 10
140.0784247222222
 20
185.2758197222222
 30
0.0
 10
140.2237691666667
 20
184.9787808333333
 30
0.0
 10
140.6781469444444
 20
184.8987002777777
 30
0.0
 10
140.9212108333333
 20
184.8560141666667
 30
0.0
 10
141.3015052777777
 20
184.9438558333333
 30
0.0
 10
141.3844080555556
 20
185.4144613888889
 30
0.0
  0
SPLINE
  5
1DF
330
1F
100
AcDbEntity
  8
DEFAULT
 62
     7
100
AcDbSpline
210
0.0
220
0.0
230
1.0
 70
     8
 71
     3
 72
    20
 73
    16
 74
     0
 42
0.000000001
 43
0.0000000001
 40
0.0
 40
0.0
 40
0.0
 40
0.0
 40
1.003649657518141
 40
1.003649657518141
 40
1.003649657518141
 40
2.007299315036282
 40
2.007299315036282
 40
2.007299315036282
 40
3.010948972554424
 40
3.010948972554424
 40
3.010948972554424
 40
4.014598630072566
 40
4.014598630072566
 40
4.014598630072566
 40
5.018248287590707
 40
5.018248287590707
 40
5.018248287590707
 40
5.018248287590707
 10
143.141065
 20
185.7963786111111
 30
0.0
 10
143.0073622222222
 20
185.6383341666667
 30
0.0
 10
142.8122761111111
 20
185.5547258333334
 30
0.0
 10
142.5692122222222
 20
185.5977647222222
 30
0.0
 10
142.194915
 20
185.6637341666667
 30
0.0
 10
141.9874816666667
 20
186.0369730555556
 30
0.0
 10
142.0753233333333
 20
186.5160452777778
 30
0.0
 10
142.1748066666667
 20
187.0804897222222
 30
0.0
 10
142.5642733333333
 20
187.3009758333333
 30
0.0
 10
142.9008233333333
 20
187.2417091666667
 30
0.0
 10
143.1191927777778
 20
187.2032563888889
 30
0.0
 10
143.2532483333333
 20
187.0889563888889
 30
0.0
 10
143.32839
 20
186.8600036111111
 30
0.0
 10
143.2991094444444
 20
186.7347675
 30
0.0
 10
142.8930622222222
 20
184.3895008333333
 30
0.0
 10
142.8930622222222
 20
184.3895008333333
 30
0.0
  0
SPLINE
  5
1E0
330
1F
100
AcDbEntity
  8
DEFAULT
 62
     1
100
AcDbSpline
210
0.0
220
0.0
230
1.0
 70
    11
 71
     3
 72
    71
 73
    67
 74
     0
 42
0.000000001
 43
0.0000000001
 40
1.0
 40
1.0
 40
1.0
 40
1.0
 40
2.0
 40
2.0
 40
2.0
 40
3.0
 40
3.0
 40
3.0
 40
4.0
 40
4.0
 40
4.0
 40
5.0
 40
5.0
 40
5.0
 40
6.0
 40
6.0
 40
6.0
 40
7.0
 40
7.0
 40
7.0
 40
8.0
 40
8.0
 40
8.0
 40
9.0
 40
9.0
 40
9.0
 40
10.0
 40
10.0
 40
10.0
 40
11.0
 40
11.0
 40
11.0
 40
12.0
 40
12.0
 40
12.0
 40
24.90257699066353
 40
24.90257699066353
 40
24.90257699066353
 40
33.40682028445516
 40
33.40682028445516
 40
33.40682028445516
 40
46.30939727511868
 40
46.30939727511868
 40
46.30939727511868
 40
47.30939727511868
 40
47.30939727511868
 40
47.30939727511868
 40
48.30939727511868
 40
48.30939727511868
 40
48.30939727511868
 40
49.30939727511868
 40
49.30939727511868
 40
49.30939727511868
 40
50.30939727511868
 40
50.30939727511868
 40
50.30939727511868
 40
51.30939727511868
 40
51.30939727511868
 40
51.30939727511868
 40
52.30939727511868
 40
52.30939727511868
 40
52.30939727511868
 40
53.30939727511868
 40
53.30939727511868
 40
53.30939727511868
 40
54.30939727511868
 40
54.30939727511868
 40
54.30939727511868
 40
54.30939727511868
 10
163.8742030555555
 20
18.38536666666667
 30
0.0
 10
171.7062225
 20
27.24220555555555
 30
0.0
 10
167.9759502777778
 20
25.78346944444444
 30
0.0
 10
169.1178919444444
 20
27.31205555555555
 30
0.0
 10
178.6305447222222
 20
39.99547499999999
 30
0.0
 10
177.1823919444444
 20
46.44742777777778
 30
0.0
 10
177.9599141666667
 20
48.80856944444444
 30
0.0
 10
182.3565836111111
 20
62.20918611111111
 30
0.0
 10
181.4689947222222
 20
67.21369166666666
 30
0.0
 10
176.1473419444444
 20
80.36630555555556
 30
0.0
 10
170.8267475
 20
93.52526944444443
 30
0.0
 10
157.4307169444444
 20
127.4998861111111
 30
0.0
 10
154.0885002777778
 20
144.6388888888889
 30
0.0
 10
149.8368225
 20
166.4282083333333
 30
0.0
 10
148.6821808333333
 20
156.1196888888889
 30
0.0
 10
149.1496113888889
 20
162.7201611111111
 30
0.0
 10
149.6163363888889
 20
169.3206333333333
 30
0.0
 10
149.2208725
 20
172.0648916666667
 30
0.0
 10
148.3904336111111
 20
174.4556666666666
 30
0.0
 10
147.5621113888889
 20
176.8365638888889
 30
0.0
 10
150.8298919444444
 20
177.2972916666666
 30
0.0
 10
151.1530363888889
 20
180.9104416666667
 30
0.0
 10
151.4190308333333
 20
183.8571944444444
 30
0.0
 10
148.8381086111111
 20
185.4037722222222
 30
0.0
 10
150.2097086111111
 20
193.1839333333333
 30
0.0
 10
150.5861225
 20
195.3083611111111
 30
0.0
 10
148.1600697222222
 20
197.5082833333333
 30
0.0
 10
145.3262058333333
 20
198.0071111111111
 30
0.0
 10
145.1314725
 20
196.8881
 30
0.0
 10
145.0894919444444
 20
197.0288583333333
 30
0.0
 10
144.8697113888889
 20
195.7824944444444
 30
0.0
 10
144.6499308333333
 20
194.5364833333333
 30
0.0
 10
144.7317752777778
 20
194.6490194444444
 30
0.0
 10
144.5370419444444
 20
193.5303611111111
 30
0.0
 10
144.2738697222222
 20
192.036112037037
 30
0.0
 10
144.0106975
 20
190.5418629629629
 30
0.0
 10
143.7475252777778
 20
189.0476138888889
 30
0.0
 10
142.7626873148148
 20
189.2212981481481
 30
0.0
 10
141.7778493518518
 20
189.3949824074074
 30
0.0
 10
140.7930113888889
 20
189.5686666666666
 30
0.0
 10
141.0561836111111
 20
191.0629157407407
 30
0.0
 10
141.3193558333333
 20
192.5571648148148
 30
0.0
 10
141.5825280555555
 20
194.0514138888889
 30
0.0
 10
141.7772613888889
 20
195.1700722222222
 30
0.0
 10
141.8203002777778
 20
195.0360166666666
 30
0.0
 10
142.0362002777778
 20
196.2792055555555
 30
0.0
 10
142.2559808333333
 20
197.5255694444444
 30
0.0
 10
142.1741363888889
 20
197.4130333333333
 30
0.0
 10
142.3713391666666
 20
198.5278111111111
 30
0.0
 10
139.5410030555555
 20
199.0291083333333
 30
0.0
 10
136.5018225
 20
197.7922694444444
 30
0.0
 10
136.1292891666667
 20
195.6706638888889
 30
0.0
 10
135.4713586111111
 20
191.9386277777778
 30
0.0
 10
135.0106308333333
 20
183.3220305555556
 30
0.0
 10
134.0041558333333
 20
181.5281555555555
 30
0.0
 10
131.7686030555555
 20
177.5625805555555
 30
0.0
 10
131.4024197222222
 20
178.2907138888889
 30
0.0
 10
131.4602752777778
 20
172.4430694444444
 30
0.0
 10
131.8762002777778
 20
133.7052472222222
 30
0.0
 10
129.9186363888889
 20
104.6490583333333
 30
0.0
 10
127.6164086111111
 20
88.49077777777777
 30
0.0
 10
125.1247391666667
 20
71.04662222222221
 30
0.0
 10
127.8277225
 20
32.53457777777777
 30
0.0
 10
137.9612641666667
 20
17.653
 30
0.0
 10
148.1011558333333
 20
2.771069444444443
 30
0.0
 10
154.9559808333333
 20
8.292747222222221
 30
0.0
 10
163.8742030555555
 20
18.38536666666667
 30
0.0
  0
SPLINE
  5
1E1
330
1F
100
AcDbEntity
  8
DEFAULT
 62
     1
100
AcDbSpline
210
0.0
220
0.0
230
1.0
 70
    11
 71
     3
 72
    23
 73
    19
 74
     0
 42
0.000000001
 43
0.0000000001
 40
1.0
 40
1.0
 40
1.0
 40
1.0
 40
2.0
 40
2.0
 40
2.0
 40
3.0
 40
3.0
 40
3.0
 40
4.0
 40
4.0
 40
4.0
 40
5.0
 40
5.0
 40
5.0
 40
6.0
 40
6.0
 40
6.0
 40
7.0
 40
7.0
 40
7.0
 40
7.0
 10
133.3067141666666
 20
52.46299444444444
 30
0.0
 10
135.4621863888889
 20
53.31742222222221
 30
0.0
 10
137.6254197222222
 20
48.09313611111111
 30
0.0
 10
141.9677613888889
 20
46.74023333333333
 30
0.0
 10
144.1376975
 20
46.06572222222221
 30
0.0
 10
143.5746641666667
 20
36.74321666666666
 30
0.0
 10
143.3256030555555
 20
30.90086388888888
 30
0.0
 10
143.0754836111111
 20
25.05216111111111
 30
0.0
 10
144.0565586111111
 20
18.38325
 30
0.0
 10
143.8110252777778
 20
16.59678333333333
 30
0.0
 10
143.5640808333333
 20
14.82054722222222
 30
0.0
 10
141.7716169444444
 20
17.69498055555555
 30
0.0
 10
138.6481225
 20
23.12387777777777
 30
0.0
 10
135.5232169444444
 20
28.56335833333333
 30
0.0
 10
135.3958641666667
 20
35.20087222222222
 30
0.0
 10
134.0323780555555
 20
39.99829722222222
 30
0.0
 10
132.6636002777778
 20
44.80348333333333
 30
0.0
 10
131.9859141666667
 20
51.93982499999999
 30
0.0
 10
133.3067141666666
 20
52.46299444444444
 30
0.0
  0
SPLINE
  5
1E2
330
1F
100
AcDbEntity
  8
DEFAULT
 62
     1
100
AcDbSpline
210
0.0
220
0.0
230
1.0
 70
    11
 71
     3
 72
    29
 73
    25
 74
     0
 42
0.000000001
 43
0.0000000001
 40
1.0
 40
1.0
 40
1.0
 40
1.0
 40
2.0
 40
2.0
 40
2.0
 40
3.0
 40
3.0
 40
3.0
 40
4.0
 40
4.0
 40
4.0
 40
5.0
 40
5.0
 40
5.0
 40
6.0
 40
6.0
 40
6.0
 40
7.0
 40
7.0
 40
7.0
 40
8.0
 40
8.0
 40
8.0
 40
9.0
 40
9.0
 40
9.0
 40
9.0
 10
154.5206530555556
 20
51.60786111111111
 30
0.0
 10
156.3702669444444
 20
46.84148055555555
 30
0.0
 10
157.7411613888889
 20
44.65425833333333
 30
0.0
 10
156.3321669444444
 20
45.08394166666666
 30
0.0
 10
154.9168225
 20
45.51468333333333
 30
0.0
 10
153.8352058333333
 20
46.37263888888888
 30
0.0
 10
150.5159197222222
 20
44.96893611111111
 30
0.0
 10
147.2001613888889
 20
43.56770277777778
 30
0.0
 10
146.4152308333333
 20
43.64566666666666
 30
0.0
 10
146.7048613888889
 20
45.55631111111111
 30
0.0
 10
146.9944919444444
 20
47.46730833333333
 30
0.0
 10
146.6156086111111
 20
49.21638055555555
 30
0.0
 10
145.9509752777778
 20
54.61105833333333
 30
0.0
 10
145.2895169444444
 20
60.00150277777777
 30
0.0
 10
144.6393475
 20
60.98681111111111
 30
0.0
 10
145.2284863888889
 20
61.73081944444444
 30
0.0
 10
146.2427225
 20
63.00963888888889
 30
0.0
 10
148.2599058333333
 20
66.17123333333333
 30
0.0
 10
149.4272475
 20
65.49778055555555
 30
0.0
 10
150.3910363888889
 20
64.93545277777778
 30
0.0
 10
150.3465863888889
 20
64.31244722222222
 30
0.0
 10
150.9837030555555
 20
62.98494444444444
 30
0.0
 10
151.6239947222222
 20
61.66061666666666
 30
0.0
 10
152.6675113888889
 20
56.37141944444444
 30
0.0
 10
154.5206530555556
 20
51.60786111111111
 30
0.0
  0
SPLINE
  5
1E3
330
1F
100
AcDbEntity
  8
DEFAULT
 62
     1
100
AcDbSpline
210
0.0
220
0.0
230
1.0
 70
    11
 71
     3
 72
    29
 73
    25
 74
     0
 42
0.000000001
 43
0.0000000001
 40
1.0
 40
1.0
 40
1.0
 40
1.0
 40
2.0
 40
2.0
 40
2.0
 40
3.0
 40
3.0
 40
3.0
 40
4.0
 40
4.0
 40
4.0
 40
5.0
 40
5.0
 40
5.0
 40
6.0
 40
6.0
 40
6.0
 40
7.0
 40
7.0
 40
7.0
 40
8.0
 40
8.0
 40
8.0
 40
9.0
 40
9.0
 40
9.0
 40
9.0
 10
156.1988169444444
 20
66.8700861111111
 30
0.0
 10
153.6926836111111
 20
66.21709444444444
 30
0.0
 10
153.5745030555555
 20
65.89994722222221
 30
0.0
 10
152.3803502777778
 20
68.87774444444443
 30
0.0
 10
151.1914891666667
 20
71.84813333333334
 30
0.0
 10
148.3971363888889
 20
80.02446388888889
 30
0.0
 10
149.4642891666667
 20
82.235675
 30
0.0
 10
150.5314419444444
 20
84.44723888888889
 30
0.0
 10
150.8429447222222
 20
89.8380361111111
 30
0.0
 10
152.6752725
 20
90.65753888888887
 30
0.0
 10
153.4305697222222
 20
90.98703333333333
 30
0.0
 10
158.3165419444444
 20
86.53144999999999
 30
0.0
 10
160.9295669444444
 20
85.74687222222222
 30
0.0
 10
163.5411808333333
 20
84.95629722222222
 30
0.0
 10
162.2884669444444
 20
85.0850611111111
 30
0.0
 10
162.0044808333333
 20
83.12079444444444
 30
0.0
 10
161.7134391666667
 20
81.1575861111111
 30
0.0
 10
161.8510225
 20
73.54922777777777
 30
0.0
 10
162.3322113888889
 20
70.28462222222221
 30
0.0
 10
162.8074030555555
 20
67.027425
 30
0.0
 10
163.5993891666667
 20
64.5047111111111
 30
0.0
 10
162.2715336111111
 20
64.86419166666666
 30
0.0
 10
160.9380336111111
 20
65.224025
 30
0.0
 10
158.7074197222222
 20
67.51955
 30
0.0
 10
156.1988169444444
 20
66.8700861111111
 30
0.0
  0
SPLINE
  5
1E4
330
1F
100
AcDbEntity
  8
DEFAULT
 62
     1
100
AcDbSpline
210
0.0
220
0.0
230
1.0
 70
    11
 71
     3
 72
    26
 73
    22
 74
     0
 42
0.000000001
 43
0.0000000001
 40
1.0
 40
1.0
 40
1.0
 40
1.0
 40
2.0
 40
2.0
 40
2.0
 40
3.0
 40
3.0
 40
3.0
 40
4.0
 40
4.0
 40
4.0
 40
5.0
 40
5.0
 40
5.0
 40
6.0
 40
6.0
 40
6.0
 40
7.0
 40
7.0
 40
7.0
 40
8.0
 40
8.0
 40
8.0
 40
8.0
 10
132.5327197222222
 20
79.53551388888889
 30
0.0
 10
134.5576641666667
 20
79.37676388888887
 30
0.0
 10
135.9461975
 20
78.30749444444444
 30
0.0
 10
137.0761447222222
 20
74.63437222222223
 30
0.0
 10
138.2067975
 20
70.96830555555556
 30
0.0
 10
140.3344002777778
 20
65.31609999999999
 30
0.0
 10
141.6072225
 20
60.66225555555555
 30
0.0
 10
142.8835725
 20
56.01158611111111
 30
0.0
 10
142.6161669444444
 20
52.19382499999999
 30
0.0
 10
142.4175530555555
 20
50.79717777777777
 30
0.0
 10
142.2185863888889
 20
49.40088333333333
 30
0.0
 10
138.1048447222222
 20
52.92195833333332
 30
0.0
 10
136.1151780555555
 20
54.91056666666665
 30
0.0
 10
134.1258641666666
 20
56.89917499999999
 30
0.0
 10
133.6933586111111
 20
59.75314722222221
 30
0.0
 10
134.2175863888889
 20
63.89475833333333
 30
0.0
 10
134.7442836111111
 20
68.03213611111111
 30
0.0
 10
134.3728086111111
 20
70.17631944444445
 30
0.0
 10
132.5972780555556
 20
74.63719444444443
 30
0.0
 10
130.8221002777778
 20
79.10477222222222
 30
0.0
 10
131.3660836111111
 20
79.62547222222221
 30
0.0
 10
132.5327197222222
 20
79.53551388888889
 30
0.0
  0
SPLINE
  5
1E5
330
1F
100
AcDbEntity
  8
DEFAULT
 62
     1
100
AcDbSpline
210
0.0
220
0.0
230
1.0
 70
    11
 71
     3
 72
    32
 73
    28
 74
     0
 42
0.000000001
 43
0.0000000001
 40
1.0
 40
1.0
 40
1.0
 40
1.0
 40
2.0
 40
2.0
 40
2.0
 40
3.0
 40
3.0
 40
3.0
 40
4.0
 40
4.0
 40
4.0
 40
5.0
 40
5.0
 40
5.0
 40
6.0
 40
6.0
 40
6.0
 40
7.0
 40
7.0
 40
7.0
 40
8.0
 40
8.0
 40
8.0
 40
9.0
 40
9.0
 40
9.0
 40
10.0
 40
10.0
 40
10.0
 40
10.0
 10
133.2650863888889
 20
90.84521666666666
 30
0.0
 10
134.3837447222222
 20
89.58579999999999
 30
0.0
 10
137.4105780555556
 20
85.57295277777777
 30
0.0
 10
139.1589447222222
 20
84.09093333333333
 30
0.0
 10
140.9171891666667
 20
82.61103055555554
 30
0.0
 10
144.4199197222222
 20
80.88841666666666
 30
0.0
 10
145.5816169444444
 20
77.75504444444444
 30
0.0
 10
146.7373169444444
 20
74.62237777777777
 30
0.0
 10
148.8800891666667
 20
70.45889444444444
 30
0.0
 10
147.3299836111111
 20
68.80260277777778
 30
0.0
 10
145.7781141666667
 20
67.15618888888888
 30
0.0
 10
143.7665752777778
 20
64.21649166666667
 30
0.0
 10
143.1735558333333
 20
66.00613333333334
 30
0.0
 10
142.5823002777778
 20
67.80847499999999
 30
0.0
 10
141.1634280555556
 20
72.35895555555555
 30
0.0
 10
139.5367697222222
 20
76.60498888888888
 30
0.0
 10
137.9065836111111
 20
80.84819999999999
 30
0.0
 10
137.1332947222222
 20
81.91358888888888
 30
0.0
 10
135.0885947222222
 20
82.61279444444443
 30
0.0
 10
133.0442475
 20
83.31799722222222
 30
0.0
 10
132.1266725
 20
83.63443888888888
 30
0.0
 10
132.0427113888889
 20
84.77355833333333
 30
0.0
 10
131.9905002777778
 20
85.38739166666666
 30
0.0
 10
132.6219725
 20
86.9868861111111
 30
0.0
 10
132.8237613888889
 20
88.58602777777777
 30
0.0
 10
133.0033252777777
 20
89.96256666666666
 30
0.0
 10
132.7069919444444
 20
91.4699861111111
 30
0.0
 10
133.2650863888889
 20
90.84521666666666
 30
0.0
  0
SPLINE
  5
1E6
330
1F
100
AcDbEntity
  8
DEFAULT
 62
     1
100
AcDbSpline
210
0.0
220
0.0
230
1.0
 70
    11
 71
     3
 72
    26
 73
    22
 74
     0
 42
0.000000001
 43
0.0000000001
 40
1.0
 40
1.0
 40
1.0
 40
1.0
 40
2.0
 40
2.0
 40
2.0
 40
3.0
 40
3.0
 40
3.0
 40
4.0
 40
4.0
 40
4.0
 40
5.0
 40
5.0
 40
5.0
 40
6.0
 40
6.0
 40
6.0
 40
7.0
 40
7.0
 40
7.0
 40
8.0
 40
8.0
 40
8.0
 40
8.0
 10
137.6878613888889
 20
104.1505833333333
 30
0.0
 10
139.8144058333333
 20
107.4568166666667
 30
0.0
 10
142.0675975
 20
113.7433166666666
 30
0.0
 10
143.4007447222222
 20
111.813975
 30
0.0
 10
144.7370669444444
 20
109.8871027777778
 30
0.0
 10
144.9004030555556
 20
102.3891638888889
 30
0.0
 10
147.1250197222222
 20
98.49238055555554
 30
0.0
 10
149.3499891666667
 20
94.60229999999999
 30
0.0
 10
149.9892225
 20
94.4209722222222
 30
0.0
 10
148.6973502777778
 20
91.17753333333333
 30
0.0
 10
147.4090058333333
 20
87.93656388888888
 30
0.0
 10
146.2466030555555
 20
82.73450277777776
 30
0.0
 10
144.3662975
 20
84.27790555555555
 30
0.0
 10
142.4859919444444
 20
85.82130833333332
 30
0.0
 10
140.0818113888889
 20
88.20396944444444
 30
0.0
 10
138.0861475
 20
90.73726666666664
 30
0.0
 10
136.0767252777778
 20
93.26633055555556
 30
0.0
 10
133.6192752777778
 20
94.69331666666665
 30
0.0
 10
134.2729725
 20
96.10901388888888
 30
0.0
 10
134.6772558333333
 20
96.97790555555554
 30
0.0
 10
135.5648447222222
 20
100.8471722222222
 30
0.0
 10
137.6878613888889
 20
104.1505833333333
 30
0.0
  0
SPLINE
  5
1E7
330
1F
100
AcDbEntity
  8
DEFAULT
 62
     1
100
AcDbSpline
210
0.0
220
0.0
230
1.0
 70
    11
 71
     3
 72
    23
 73
    19
 74
     0
 42
0.000000001
 43
0.0000000001
 40
1.0
 40
1.0
 40
1.0
 40
1.0
 40
2.0
 40
2.0
 40
2.0
 40
3.0
 40
3.0
 40
3.0
 40
4.0
 40
4.0
 40
4.0
 40
5.0
 40
5.0
 40
5.0
 40
6.0
 40
6.0
 40
6.0
 40
7.0
 40
7.0
 40
7.0
 40
7.0
 10
136.1278780555556
 20
146.281775
 30
0.0
 10
137.2454780555555
 20
143.04645
 30
0.0
 10
139.1716447222222
 20
131.5416611111111
 30
0.0
 10
140.3001808333333
 20
127.79375
 30
0.0
 10
141.4318919444444
 20
124.0423111111111
 30
0.0
 10
142.8003169444444
 20
117.1758444444444
 30
0.0
 10
140.6935280555556
 20
115.6363222222222
 30
0.0
 10
138.5863863888889
 20
114.0964472222222
 30
0.0
 10
136.0252197222222
 20
109.8468861111111
 30
0.0
 10
134.8899808333333
 20
107.0066722222222
 30
0.0
 10
133.7536836111111
 20
104.1597555555555
 30
0.0
 10
133.8316475
 20
102.6149416666667
 30
0.0
 10
133.9515919444444
 20
108.4004972222222
 30
0.0
 10
134.0711836111111
 20
114.1864055555555
 30
0.0
 10
135.2759197222222
 20
118.9792444444444
 30
0.0
 10
135.2159475
 20
122.7299777777777
 30
0.0
 10
135.1595030555555
 20
126.4835333333333
 30
0.0
 10
134.6095225
 20
150.6890277777778
 30
0.0
 10
136.1278780555556
 20
146.281775
 30
0.0
  0
SPLINE
  5
1E8
330
1F
100
AcDbEntity
  8
DEFAULT
 62
     1
100
AcDbSpline
210
0.0
220
0.0
230
1.0
 70
    11
 71
     3
 72
    23
 73
    19
 74
     0
 42
0.000000001
 43
0.0000000001
 40
1.0
 40
1.0
 40
1.0
 40
1.0
 40
2.0
 40
2.0
 40
2.0
 40
3.0
 40
3.0
 40
3.0
 40
4.0
 40
4.0
 40
4.0
 40
5.0
 40
5.0
 40
5.0
 40
6.0
 40
6.0
 40
6.0
 40
7.0
 40
7.0
 40
7.0
 40
7.0
 10
136.7805169444444
 20
167.2300722222222
 30
0.0
 10
137.6028419444444
 20
163.8769194444444
 30
0.0
 10
142.7191780555555
 20
149.8268388888889
 30
0.0
 10
145.2415391666667
 20
141.9676555555556
 30
0.0
 10
147.7653113888889
 20
134.1155277777777
 30
0.0
 10
152.0769613888889
 20
120.6432972222222
 30
0.0
 10
153.3656586111111
 20
116.144675
 30
0.0
 10
154.6571780555555
 20
111.6428777777778
 30
0.0
 10
150.6376280555556
 20
112.3720694444444
 30
0.0
 10
148.2503808333333
 20
113.1072583333333
 30
0.0
 10
145.8606641666667
 20
113.8463277777778
 30
0.0
 10
144.8545419444444
 20
115.8367
 30
0.0
 10
144.1634502777778
 20
122.7455
 30
0.0
 10
143.4681252777778
 20
129.6451277777778
 30
0.0
 10
137.7411308333333
 20
150.2522888888889
 30
0.0
 10
136.3212002777778
 20
155.3171194444444
 30
0.0
 10
134.8988002777778
 20
160.3854777777778
 30
0.0
 10
136.4002225
 20
168.7889972222222
 30
0.0
 10
136.7805169444444
 20
167.2300722222222
 30
0.0
  0
SPLINE
  5
1E9
330
1F
100
AcDbEntity
  8
DEFAULT
 62
     1
100
AcDbSpline
210
0.0
220
0.0
230
1.0
 70
    11
 71
     3
 72
    17
 73
    13
 74
     0
 42
0.000000001
 43
0.0000000001
 40
1.0
 40
1.0
 40
1.0
 40
1.0
 40
2.0
 40
2.0
 40
2.0
 40
3.0
 40
3.0
 40
3.0
 40
4.0
 40
4.0
 40
4.0
 40
5.0
 40
5.0
 40
5.0
 40
5.0
 10
145.9986002777778
 20
162.2326222222222
 30
0.0
 10
144.9155725
 20
163.2151083333333
 30
0.0
 10
144.5589141666667
 20
165.8224888888889
 30
0.0
 10
143.6769697222222
 20
167.5391055555555
 30
0.0
 10
142.7876169444444
 20
169.2504305555555
 30
0.0
 10
140.3509808333333
 20
173.0632527777778
 30
0.0
 10
141.2798447222222
 20
172.8011388888889
 30
0.0
 10
142.9375475
 20
172.3449972222222
 30
0.0
 10
146.7479002777778
 20
171.980225
 30
0.0
 10
146.7468419444444
 20
169.5065472222222
 30
0.0
 10
146.7496641666667
 20
167.0353388888889
 30
0.0
 10
147.0848030555555
 20
161.2462555555555
 30
0.0
 10
145.9986002777778
 20
162.2326222222222
 30
0.0
  0
SPLINE
  5
1EA
330
1F
100
AcDbEntity
  8
DEFAULT
 62
     1
100
AcDbSpline
210
0.0
220
0.0
230
1.0
 70
    11
 71
     3
 72
    20
 73
    16
 74
     0
 42
0.000000001
 43
0.0000000001
 40
1.0
 40
1.0
 40
1.0
 40
1.0
 40
2.0
 40
2.0
 40
2.0
 40
3.0
 40
3.0
 40
3.0
 40
4.0
 40
4.0
 40
4.0
 40
5.0
 40
5.0
 40
5.0
 40
6.0
 40
6.0
 40
6.0
 40
6.0
 10
142.3462919444444
 20
159.1599277777778
 30
0.0
 10
141.6492030555555
 20
161.5873916666666
 30
0.0
 10
140.6473141666667
 20
164.0162666666666
 30
0.0
 10
139.7427919444444
 20
166.82085
 30
0.0
 10
138.8379169444444
 20
169.6257861111111
 30
0.0
 10
137.0394558333333
 20
173.7949138888889
 30
0.0
 10
139.1734086111111
 20
169.4984333333333
 30
0.0
 10
140.2112808333333
 20
167.4117527777778
 30
0.0
 10
142.2856141666666
 20
164.5359083333333
 30
0.0
 10
142.8355947222222
 20
161.8615
 30
0.0
 10
143.3827530555556
 20
159.1902666666666
 30
0.0
 10
143.7182447222222
 20
158.9256833333333
 30
0.0
 10
143.1428641666666
 20
157.9633055555555
 30
0.0
 10
142.5706586111111
 20
156.9977527777777
 30
0.0
 10
143.0451447222222
 20
156.7225861111111
 30
0.0
 10
142.3462919444444
 20
159.1599277777778
 30
0.0
  0
SPLINE
  5
1EB
330
1F
100
AcDbEntity
  8
DEFAULT
 62
     1
100
AcDbSpline
210
0.0
220
0.0
230
1.0
 70
    11
 71
     3
 72
    20
 73
    16
 74
     0
 42
0.000000001
 43
0.0000000001
 40
1.0
 40
1.0
 40
1.0
 40
1.0
 40
2.0
 40
2.0
 40
2.0
 40
3.0
 40
3.0
 40
3.0
 40
4.0
 40
4.0
 40
4.0
 40
5.0
 40
5.0
 40
5.0
 40
6.0
 40
6.0
 40
6.0
 40
6.0
 10
150.3169530555556
 20
146.0401222222222
 30
0.0
 10
148.9213641666666
 20
148.3980888888889
 30
0.0
 10
145.6553475
 20
153.9726833333333
 30
0.0
 10
145.9830780555555
 20
155.5111472222222
 30
0.0
 10
146.3104558333333
 20
157.0496111111111
 30
0.0
 10
145.3438447222222
 20
158.0447972222222
 30
0.0
 10
146.0553975
 20
158.5019972222222
 30
0.0
 10
146.7016863888889
 20
158.9165111111111
 30
0.0
 10
147.5039030555556
 20
157.1455666666666
 30
0.0
 10
148.5008530555555
 20
156.1330944444444
 30
0.0
 10
149.4970975
 20
155.1139194444444
 30
0.0
 10
150.0502530555555
 20
149.4077388888889
 30
0.0
 10
150.8387113888889
 20
146.5904555555555
 30
0.0
 10
151.6306975
 20
143.7759944444444
 30
0.0
 10
151.7164225
 20
143.6683972222222
 30
0.0
 10
150.3169530555556
 20
146.0401222222222
 30
0.0
  0
SPLINE
  5
1EC
330
1F
100
AcDbEntity
  8
DEFAULT
 62
     1
100
AcDbSpline
210
0.0
220
0.0
230
1.0
 70
    11
 71
     3
 72
    23
 73
    19
 74
     0
 42
0.000000001
 43
0.0000000001
 40
1.0
 40
1.0
 40
1.0
 40
1.0
 40
2.0
 40
2.0
 40
2.0
 40
3.0
 40
3.0
 40
3.0
 40
4.0
 40
4.0
 40
4.0
 40
5.0
 40
5.0
 40
5.0
 40
6.0
 40
6.0
 40
6.0
 40
7.0
 40
7.0
 40
7.0
 40
7.0
 10
155.7306808333333
 20
126.7795138888889
 30
0.0
 10
154.4702058333333
 20
128.2135555555555
 30
0.0
 10
152.5038225
 20
131.8108305555556
 30
0.0
 10
151.6169391666667
 20
132.2013555555555
 30
0.0
 10
150.7268808333333
 20
132.5957611111111
 30
0.0
 10
150.3014308333333
 20
135.5866111111111
 30
0.0
 10
149.5595391666667
 20
137.7516083333333
 30
0.0
 10
148.8215280555555
 20
139.9197805555555
 30
0.0
 10
145.5371669444444
 20
147.9705222222222
 30
0.0
 10
145.4052280555555
 20
149.0740111111111
 30
0.0
 10
145.3420808333333
 20
149.6338694444444
 30
0.0
 10
146.5115391666667
 20
148.1373861111111
 30
0.0
 10
148.6084502777778
 20
144.3115111111111
 30
0.0
 10
150.7081836111111
 20
140.4817555555555
 30
0.0
 10
154.6166086111111
 20
133.0286194444444
 30
0.0
 10
154.7369058333333
 20
131.5042666666666
 30
0.0
 10
154.8533225
 20
129.9767388888889
 30
0.0
 10
156.9872752777778
 20
125.34265
 30
0.0
 10
155.7306808333333
 20
126.7795138888889
 30
0.0
  0
SPLINE
  5
1ED
330
1F
100
AcDbEntity
  8
DEFAULT
 62
     1
100
AcDbSpline
210
0.0
220
0.0
230
1.0
 70
    11
 71
     3
 72
    23
 73
    19
 74
     0
 42
0.000000001
 43
0.0000000001
 40
1.0
 40
1.0
 40
1.0
 40
1.0
 40
2.0
 40
2.0
 40
2.0
 40
3.0
 40
3.0
 40
3.0
 40
4.0
 40
4.0
 40
4.0
 40
5.0
 40
5.0
 40
5.0
 40
6.0
 40
6.0
 40
6.0
 40
7.0
 40
7.0
 40
7.0
 40
7.0
 10
165.6021086111111
 20
97.43051944444443
 30
0.0
 10
164.4266530555555
 20
98.75061388888888
 30
0.0
 10
158.9003891666667
 20
107.18165
 30
0.0
 10
157.3587502777778
 20
112.3329111111111
 30
0.0
 10
155.8135836111111
 20
117.4817027777778
 30
0.0
 10
154.5234752777777
 20
122.1507166666666
 30
0.0
 10
153.2785225
 20
125.4110888888889
 30
0.0
 10
153.0855530555556
 20
125.9137972222222
 30
0.0
 10
154.5030141666666
 20
123.9788111111111
 30
0.0
 10
155.4466947222222
 20
123.4358861111111
 30
0.0
 10
156.3893169444444
 20
122.8866111111111
 30
0.0
 10
157.4832808333333
 20
121.5912111111111
 30
0.0
 10
158.4954002777778
 20
118.3745833333333
 30
0.0
 10
159.5103419444444
 20
115.154075
 30
0.0
 10
162.1995669444444
 20
108.1524944444444
 30
0.0
 10
162.9590975
 20
105.6802277777778
 30
0.0
 10
163.7225086111111
 20
103.2104305555555
 30
0.0
 10
166.7747419444444
 20
96.11395277777777
 30
0.0
 10
165.6021086111111
 20
97.43051944444443
 30
0.0
  0
SPLINE
  5
1EE
330
1F
100
AcDbEntity
  8
DEFAULT
 62
     1
100
AcDbSpline
210
0.0
220
0.0
230
1.0
 70
    11
 71
     3
 72
    23
 73
    19
 74
     0
 42
0.000000001
 43
0.0000000001
 40
1.0
 40
1.0
 40
1.0
 40
1.0
 40
2.0
 40
2.0
 40
2.0
 40
3.0
 40
3.0
 40
3.0
 40
4.0
 40
4.0
 40
4.0
 40
5.0
 40
5.0
 40
5.0
 40
6.0
 40
6.0
 40
6.0
 40
7.0
 40
7.0
 40
7.0
 40
7.0
 10
168.6793891666667
 20
86.79144722222222
 30
0.0
 10
165.6903030555555
 20
87.42045
 30
0.0
 10
159.1325169444444
 20
89.67716944444443
 30
0.0
 10
155.8693225
 20
92.42001666666665
 30
0.0
 10
152.6057752777778
 20
95.15651388888888
 30
0.0
 10
150.8503530555556
 20
97.85808611111109
 30
0.0
 10
149.6360919444444
 20
101.8282472222222
 30
0.0
 10
148.4175975
 20
105.7959388888889
 30
0.0
 10
146.7306141666667
 20
109.578775
 30
0.0
 10
148.4292391666667
 20
110.0176305555555
 30
0.0
 10
149.3817391666666
 20
110.2599888888889
 30
0.0
 10
154.6487113888889
 20
109.8158416666667
 30
0.0
 10
155.3525030555556
 20
108.5211472222222
 30
0.0
 10
156.6048641666667
 20
106.2393805555555
 30
0.0
 10
158.8587613888889
 20
101.8434166666667
 30
0.0
 10
161.8277391666667
 20
97.93075833333332
 30
0.0
 10
164.8073002777778
 20
94.01986388888888
 30
0.0
 10
171.6684752777778
 20
86.16209166666665
 30
0.0
 10
168.6793891666667
 20
86.79144722222222
 30
0.0
  0
SPLINE
  5
1EF
330
1F
100
AcDbEntity
  8
DEFAULT
 62
     1
100
AcDbSpline
210
0.0
220
0.0
230
1.0
 70
    11
 71
     3
 72
    26
 73
    22
 74
     0
 42
0.000000001
 43
0.0000000001
 40
1.0
 40
1.0
 40
1.0
 40
1.0
 40
2.0
 40
2.0
 40
2.0
 40
3.0
 40
3.0
 40
3.0
 40
4.0
 40
4.0
 40
4.0
 40
5.0
 40
5.0
 40
5.0
 40
6.0
 40
6.0
 40
6.0
 40
7.0
 40
7.0
 40
7.0
 40
8.0
 40
8.0
 40
8.0
 40
8.0
 10
173.7339891666667
 20
53.23099166666666
 30
0.0
 10
172.2015225
 20
55.41221666666666
 30
0.0
 10
167.9128030555555
 20
60.34828333333333
 30
0.0
 10
166.7712141666667
 20
62.26633611111111
 30
0.0
 10
165.4599391666667
 20
64.45814444444444
 30
0.0
 10
165.5297891666667
 20
69.46794166666666
 30
0.0
 10
165.3417586111111
 20
73.89565555555555
 30
0.0
 10
165.1607836111111
 20
78.32901388888888
 30
0.0
 10
164.5515363888889
 20
84.2627361111111
 30
0.0
 10
165.6705475
 20
84.6582
 30
0.0
 10
166.7920280555556
 20
85.04907777777777
 30
0.0
 10
171.2804197222222
 20
84.09199166666666
 30
0.0
 10
172.2579669444444
 20
82.01730555555555
 30
0.0
 10
173.2390419444444
 20
79.94508888888889
 30
0.0
 10
175.8679419444444
 20
71.59907222222222
 30
0.0
 10
176.3607725
 20
68.16583888888889
 30
0.0
 10
176.8507808333333
 20
64.73613333333333
 30
0.0
 10
177.3002197222222
 20
58.83239722222222
 30
0.0
 10
176.1914391666666
 20
55.31308611111111
 30
0.0
 10
175.0798363888889
 20
51.79765555555555
 30
0.0
 10
175.2653975
 20
51.04341666666666
 30
0.0
 10
173.7339891666667
 20
53.23099166666666
 30
0.0
  0
SPLINE
  5
1F0
330
1F
100
AcDbEntity
  8
DEFAULT
 62
     1
100
AcDbSpline
210
0.0
220
0.0
230
1.0
 70
    11
 71
     3
 72
    32
 73
    28
 74
     0
 42
0.000000001
 43
0.0000000001
 40
1.0
 40
1.0
 40
1.0
 40
1.0
 40
2.0
 40
2.0
 40
2.0
 40
3.0
 40
3.0
 40
3.0
 40
4.0
 40
4.0
 40
4.0
 40
5.0
 40
5.0
 40
5.0
 40
6.0
 40
6.0
 40
6.0
 40
7.0
 40
7.0
 40
7.0
 40
8.0
 40
8.0
 40
8.0
 40
9.0
 40
9.0
 40
9.0
 40
10.0
 40
10.0
 40
10.0
 40
10.0
 10
166.1930113888889
 20
32.98154722222222
 30
0.0
 10
164.6884141666667
 20
35.62420555555556
 30
0.0
 10
161.8369113888889
 20
39.85401111111111
 30
0.0
 10
161.5324641666666
 20
41.82462777777777
 30
0.0
 10
161.2315447222222
 20
43.79841944444443
 30
0.0
 10
158.9487197222222
 20
50.48532222222222
 30
0.0
 10
157.5548947222222
 20
54.68796388888888
 30
0.0
 10
156.1677725
 20
58.88954722222221
 30
0.0
 10
153.7434836111111
 20
62.44801666666666
 30
0.0
 10
155.0064280555555
 20
63.02551388888888
 30
0.0
 10
155.9264725
 20
63.44955277777778
 30
0.0
 10
156.5459502777778
 20
63.6315861111111
 30
0.0
 10
158.8668752777778
 20
62.34888611111111
 30
0.0
 10
161.1913280555555
 20
61.06865555555555
 30
0.0
 10
163.5789280555555
 20
62.03385555555555
 30
0.0
 10
165.3177697222222
 20
59.71469444444444
 30
0.0
 10
167.0622558333333
 20
57.39447499999999
 30
0.0
 10
170.5057197222222
 20
52.47922222222221
 30
0.0
 10
172.6146252777778
 20
49.97838055555555
 30
0.0
 10
174.7196502777778
 20
47.47542222222221
 30
0.0
 10
174.4956363888889
 20
47.37664444444444
 30
0.0
 10
173.7682086111111
 20
43.91377777777777
 30
0.0
 10
173.0372530555555
 20
40.44808888888889
 30
0.0
 10
170.2704169444444
 20
34.25895555555555
 30
0.0
 10
168.4391475
 20
31.88299722222222
 30
0.0
 10
166.6149336111111
 20
29.51268333333332
 30
0.0
 10
167.7007836111111
 20
30.33536111111111
 30
0.0
 10
166.1930113888889
 20
32.98154722222222
 30
0.0
  0
SPLINE
  5
1F1
330
1F
100
AcDbEntity
  8
DEFAULT
 62
     1
100
AcDbSpline
210
0.0
220
0.0
230
1.0
 70
    11
 71
     3
 72
    26
 73
    22
 74
     0
 42
0.000000001
 43
0.0000000001
 40
1.0
 40
1.0
 40
1.0
 40
1.0
 40
2.0
 40
2.0
 40
2.0
 40
3.0
 40
3.0
 40
3.0
 40
4.0
 40
4.0
 40
4.0
 40
5.0
 40
5.0
 40
5.0
 40
6.0
 40
6.0
 40
6.0
 40
7.0
 40
7.0
 40
7.0
 40
8.0
 40
8.0
 40
8.0
 40
8.0
 10
156.2217475
 20
15.249525
 30
0.0
 10
153.6986808333333
 20
13.59923055555555
 30
0.0
 10
150.6757280555555
 20
11.18623055555555
 30
0.0
 10
148.7545002777778
 20
13.25985833333333
 30
0.0
 10
146.8364475
 20
15.33666111111111
 30
0.0
 10
146.8311558333333
 20
15.38957777777778
 30
0.0
 10
146.9165280555555
 20
20.30200833333333
 30
0.0
 10
147.0015475
 20
25.21479166666666
 30
0.0
 10
145.5230558333333
 20
35.37655555555556
 30
0.0
 10
147.2174475
 20
38.88634166666666
 30
0.0
 10
147.8471558333333
 20
40.18138888888889
 30
0.0
 10
152.6833863888889
 20
42.64977499999999
 30
0.0
 10
155.1193169444444
 20
41.45844444444445
 30
0.0
 10
157.5615975
 20
40.26605555555555
 30
0.0
 10
159.5935975
 20
36.82682499999999
 30
0.0
 10
161.6760447222222
 20
33.64794444444444
 30
0.0
 10
163.7549641666666
 20
30.4673
 30
0.0
 10
166.1030530555555
 20
25.81521944444444
 30
0.0
 10
163.5291863888889
 20
22.86176388888888
 30
0.0
 10
160.9584947222222
 20
19.90478055555555
 30
0.0
 10
158.7504586111111
 20
16.89876111111111
 30
0.0
 10
156.2217475
 20
15.249525
 30
0.0
  0
POLYLINE
  5
1F2
330
1F
100
AcDbEntity
  8
DEFAULT
 62
     7
100
AcDb2dPolyline
 66
     1
 10
0.0
 20
0.0
 30
0.0
  0
VERTEX
  5
1F3
330
1F2
100
AcDbEntity
  8
DEFAULT
 62
     7
100
AcDbVertex
100
AcDb2dVertex
 10
17.83312833333332
 20
285.5083119444445
 30
0.0
  0
VERTEX
  5
1F4
330
1F2
100
AcDbEntity
  8
DEFAULT
 62
     7
100
AcDbVertex
100
AcDb2dVertex
 10
18.61241444444444
 20
286.0226619444444
 30
0.0
  0
VERTEX
  5
1F5
330
1F2
100
AcDbEntity
  8
DEFAULT
 62
     7
100
AcDbVertex
100
AcDb2dVertex
 10
18.00422555555555
 20
283.5630952777777
 30
0.0
  0
SEQEND
  5
1F6
330
1F2
100
AcDbEntity
  8
DEFAULT
 62
     7
  0
SPLINE
  5
1F7
330
1F
100
AcDbEntity
  8
DEFAULT
 62
     7
100
AcDbSpline
210
0.0
220
0.0
230
1.0
 70
     8
 71
     3
 72
    23
 73
    19
 74
     0
 42
0.000000001
 43
0.0000000001
 40
0.0
 40
0.0
 40
0.0
 40
0.0
 40
1.0
 40
1.0
 40
1.0
 40
2.0
 40
2.0
 40
2.0
 40
3.0
 40
3.0
 40
3.0
 40
4.0
 40
4.0
 40
4.0
 40
5.0
 40
5.0
 40
5.0
 40
6.0
 40
6.0
 40
6.0
 40
6.0
 10
16.09474527777778
 20
285.5954833333333
 30
0.0
 10
16.13355083333333
 20
285.753175
 30
0.0
 10
16.49267861111111
 20
285.8311388888889
 30
0.0
 10
16.72374805555555
 20
285.7739888888889
 30
0.0
 10
17.2056425
 20
285.65475
 30
0.0
 10
17.25679527777778
 20
285.3739388888889
 30
0.0
 10
17.16613138888889
 20
285.00705
 30
0.0
 10
17.16613138888889
 20
285.00705
 30
0.0
 10
16.96257861111111
 20
284.2626888888889
 30
0.0
 10
16.95446472222222
 20
284.1325138888889
 30
0.0
 10
16.90860361111111
 20
283.9469527777778
 30
0.0
 10
16.41083416666667
 20
283.9568305555555
 30
0.0
 10
16.19881472222222
 20
284.0093944444444
 30
0.0
 10
15.89789527777778
 20
284.0838305555556
 30
0.0
 10
15.79664805555555
 20
284.3335972222222
 30
0.0
 10
15.8499175
 20
284.5487916666667
 30
0.0
 10
15.9388175
 20
284.9082722222222
 30
0.0
 10
16.14554527777778
 20
285.1986083333333
 30
0.0
 10
17.12027027777777
 20
284.8211361111111
 30
0.0
  0
POLYLINE
  5
1F8
330
1F
100
AcDbEntity
  8
DEFAULT
 62
     7
100
AcDb2dPolyline
 66
     1
 10
0.0
 20
0.0
 30
0.0
  0
VERTEX
  5
1F9
330
1F8
100
AcDbEntity
  8
DEFAULT
 62
     7
100
AcDbVertex
100
AcDb2dVertex
 10
18.01622
 20
282.5300208333331
 30
0.0
  0
VERTEX
  5
1FA
330
1F8
100
AcDbEntity
  8
DEFAULT
 62
     7
100
AcDbVertex
100
AcDb2dVertex
 10
15.23915333333333
 20
283.2165263888887
 30
0.0
  0
SEQEND
  5
1FB
330
1F8
100
AcDbEntity
  8
DEFAULT
 62
     7
  0
POLYLINE
  5
1FC
330
1F
100
AcDbEntity
  8
DEFAULT
 62
     7
100
AcDb2dPolyline
 66
     1
 10
0.0
 20
0.0
 30
0.0
  0
VERTEX
  5
1FD
330
1FC
100
AcDbEntity
  8
DEFAULT
 62
     7
100
AcDbVertex
100
AcDb2dVertex
 10
49.90591999999997
 20
285.7665099999999
 30
0.0
  0
VERTEX
  5
1FE
330
1FC
100
AcDbEntity
  8
DEFAULT
 62
     7
100
AcDbVertex
100
AcDb2dVertex
 10
50.35535888888887
 20
286.5846016666666
 30
0.0
  0
VERTEX
  5
1FF
330
1FC
100
AcDbEntity
  8
DEFAULT
 62
     7
100
AcDbVertex
100
AcDb2dVertex
 10
50.96390055555555
 20
284.125035
 30
0.0
  0
SEQEND
  5
200
330
1FC
100
AcDbEntity
  8
DEFAULT
 62
     7
  0
SPLINE
  5
201
330
1F
100
AcDbEntity
  8
DEFAULT
 62
     7
100
AcDbSpline
210
0.0
220
0.0
230
1.0
 70
     8
 71
     3
 72
    23
 73
    19
 74
     0
 42
0.000000001
 43
0.0000000001
 40
0.0
 40
0.0
 40
0.0
 40
0.0
 40
1.0
 40
1.0
 40
1.0
 40
2.0
 40
2.0
 40
2.0
 40
3.0
 40
3.0
 40
3.0
 40
4.0
 40
4.0
 40
4.0
 40
5.0
 40
5.0
 40
5.0
 40
6.0
 40
6.0
 40
6.0
 40
6.0
 10
48.32702777777778
 20
285.0334025
 30
0.0
 10
48.28822222222222
 20
285.1910941666666
 30
0.0
 10
48.56938611111111
 20
285.4274552777778
 30
0.0
 10
48.80010277777778
 20
285.4846052777777
 30
0.0
 10
49.28235
 20
285.6038441666666
 30
0.0
 10
49.45873888888889
 20
285.3787719444445
 30
0.0
 10
49.54940277777778
 20
285.0118830555555
 30
0.0
 10
49.54940277777778
 20
285.0118830555555
 30
0.0
 10
49.71626666666666
 20
284.2587025
 30
0.0
 10
49.76953611111111
 20
284.1394636111111
 30
0.0
 10
49.81575
 20
283.9539025
 30
0.0
 10
49.37054444444444
 20
283.7309469444444
 30
0.0
 10
49.15817222222222
 20
283.6787358333333
 30
0.0
 10
48.85725277777777
 20
283.6042997222222
 30
0.0
 10
48.65123055555556
 20
283.7782191666666
 30
0.0
 10
48.59831388888889
 20
283.9930608333333
 30
0.0
 10
48.50941388888889
 20
284.3525413888889
 30
0.0
 10
48.55703888888888
 20
284.7056719444444
 30
0.0
 10
49.59526388888889
 20
284.8263219444444
 30
0.0
  0
POLYLINE
  5
202
330
1F
100
AcDbEntity
  8
DEFAULT
 62
     7
100
AcDb2dPolyline
 66
     1
 10
0.0
 20
0.0
 30
0.0
  0
VERTEX
  5
203
330
202
100
AcDbEntity
  8
DEFAULT
 62
     7
100
AcDbVertex
100
AcDb2dVertex
 10
51.45570805555556
 20
283.2166322222222
 30
0.0
  0
VERTEX
  5
204
330
202
100
AcDbEntity
  8
DEFAULT
 62
     7
100
AcDbVertex
100
AcDb2dVertex
 10
48.67864138888887
 20
282.5301266666666
 30
0.0
  0
SEQEND
  5
205
330
202
100
AcDbEntity
  8
DEFAULT
 62
     7
  0
POLYLINE
  5
206
330
1F
100
AcDbEntity
  8
DEFAULT
 62
     7
100
AcDb2dPolyline
 66
     1
 10
0.0
 20
0.0
 30
0.0
  0
VERTEX
  5
207
330
206
100
AcDbEntity
  8
DEFAULT
 62
     7
100
AcDbVertex
100
AcDb2dVertex
 10
32.09738027777777
 20
281.0973902777778
 30
0.0
  0
VERTEX
  5
208
330
206
100
AcDbEntity
  8
DEFAULT
 62
     7
100
AcDbVertex
100
AcDb2dVertex
 10
34.59751638888889
 20
281.0973902777778
 30
0.0
  0
SEQEND
  5
209
330
206
100
AcDbEntity
  8
DEFAULT
 62
     7
  0
POLYLINE
  5
20A
330
1F
100
AcDbEntity
  8
DEFAULT
 62
     7
100
AcDb2dPolyline
 66
     1
 10
0.0
 20
0.0
 30
0.0
  0
VERTEX
  5
20B
330
20A
100
AcDbEntity
  8
DEFAULT
 62
     7
100
AcDbVertex
100
AcDb2dVertex
 10
32.24826333333335
 20
282.09748
 30
0.0
  0
VERTEX
  5
20C
330
20A
100
AcDbEntity
  8
DEFAULT
 62
     7
100
AcDbVertex
100
AcDb2dVertex
 10
33.33764111111111
 20
284.7246161111111
 30
0.0
  0
VERTEX
  5
20D
330
20A
100
AcDbEntity
  8
DEFAULT
 62
     7
100
AcDbVertex
100
AcDb2dVertex
 10
34.44642166666667
 20
282.09748
 30
0.0
  0
SEQEND
  5
20E
330
20A
100
AcDbEntity
  8
DEFAULT
 62
     7
  0
POLYLINE
  5
20F
330
1F
100
AcDbEntity
  8
DEFAULT
 62
     7
100
AcDb2dPolyline
 66
     1
 10
0.0
 20
0.0
 30
0.0
  0
VERTEX
  5
210
330
20F
100
AcDbEntity
  8
DEFAULT
 62
     7
100
AcDbVertex
100
AcDb2dVertex
 10
34.09981749999999
 20
282.9229447222222
 30
0.0
  0
VERTEX
  5
211
330
20F
100
AcDbEntity
  8
DEFAULT
 62
     7
100
AcDbVertex
100
AcDb2dVertex
 10
32.59098694444444
 20
282.9229447222222
 30
0.0
  0
SEQEND
  5
212
330
20F
100
AcDbEntity
  8
DEFAULT
 62
     7
  0
SPLINE
  5
213
330
1F
100
AcDbEntity
  8
DEFAULT
 62
     1
100
AcDbSpline
210
0.0
220
0.0
230
1.0
 70
    11
 71
     3
 72
   107
 73
   103
 74
     0
 42
0.000000001
 43
0.0000000001
 40
3.698425746179006
 40
3.698425746179006
 40
3.698425746179006
 40
3.698425746179006
 40
4.698425746179006
 40
4.698425746179006
 40
4.698425746179006
 40
5.698425746179006
 40
5.698425746179006
 40
5.698425746179006
 40
6.698425746179006
 40
6.698425746179006
 40
6.698425746179006
 40
7.698425746179006
 40
7.698425746179006
 40
7.698425746179006
 40
8.698425746179005
 40
8.698425746179005
 40
8.698425746179005
 40
21.58042574617895
 40
21.58042574617895
 40
21.58042574617895
 40
30.08442574617896
 40
30.08442574617896
 40
30.08442574617896
 40
42.97942574617894
 40
42.97942574617894
 40
42.97942574617894
 40
43.97942574617894
 40
43.97942574617894
 40
43.97942574617894
 40
44.97942574617894
 40
44.97942574617894
 40
44.97942574617894
 40
45.97942574617894
 40
45.97942574617894
 40
45.97942574617894
 40
46.97942574617894
 40
46.97942574617894
 40
46.97942574617894
 40
47.97942574617894
 40
47.97942574617894
 40
47.97942574617894
 40
51.67785149235795
 40
51.67785149235795
 40
51.67785149235795
 40
52.67785149235795
 40
52.67785149235795
 40
52.67785149235795
 40
53.67785149235795
 40
53.67785149235795
 40
53.67785149235795
 40
66.58613797817776
 40
66.58613797817776
 40
66.58613797817776
 40
75.08970816957385
 40
75.08970816957385
 40
75.08970816957385
 40
76.08970816957385
 40
76.08970816957385
 40
76.08970816957385
 40
77.08970816957385
 40
77.08970816957385
 40
77.08970816957385
 40
78.08970816957385
 40
78.08970816957385
 40
78.08970816957385
 40
79.08970816957385
 40
79.08970816957385
 40
79.08970816957385
 40
80.08970816957385
 40
80.08970816957385
 40
80.08970816957385
 40
146.0517081695738
 40
146.0517081695738
 40
146.0517081695738
 40
147.0517081695738
 40
147.0517081695738
 40
147.0517081695738
 40
148.0517081695738
 40
148.0517081695738
 40
148.0517081695738
 40
149.0517081695738
 40
149.0517081695738
 40
149.0517081695738
 40
150.0517081695738
 40
150.0517081695738
 40
150.0517081695738
 40
151.0517081695738
 40
151.0517081695738
 40
151.0517081695738
 40
159.5552783609699
 40
159.5552783609699
 40
159.5552783609699
 40
172.4635648467897
 40
172.4635648467897
 40
172.4635648467897
 40
173.4635648467897
 40
173.4635648467897
 40
173.4635648467897
 40
174.4635648467897
 40
174.4635648467897
 40
174.4635648467897
 40
178.1619905929687
 40
178.1619905929687
 40
178.1619905929687
 40
178.1619905929687
 10
51.37079444444444
 20
271.3434375
 30
0.0
 10
52.39279166666666
 20
267.7920236111111
 30
0.0
 10
46.49575833333333
 20
267.5852958333333
 30
0.0
 10
42.61132222222222
 20
266.9019652777778
 30
0.0
 10
39.69455555555555
 20
266.3883208333333
 30
0.0
 10
37.23675277777777
 20
267.7687402777777
 30
0.0
 10
36.00767499999999
 20
267.7687402777777
 30
0.0
 10
35.36561944444444
 20
267.7687402777777
 30
0.0
 10
34.84738888888889
 20
268.3649347222222
 30
0.0
 10
34.84738888888889
 20
269.1032986111111
 30
0.0
 10
34.84738888888889
 20
270.2360680555556
 30
0.0
 10
34.78318333333333
 20
270.1076569444444
 30
0.0
 10
34.78318333333333
 20
271.3730708333333
 30
0.0
 10
34.78318333333333
 20
272.6346041666666
 30
0.0
 10
34.84738888888889
 20
272.5107791666666
 30
0.0
 10
34.84738888888889
 20
273.6527208333333
 30
0.0
 10
34.84738888888889
 20
275.1675486111111
 30
0.0
 10
34.84738888888889
 20
276.6823763888889
 30
0.0
 10
34.84738888888889
 20
278.1972041666667
 30
0.0
 10
33.84738148148148
 20
278.1972041666667
 30
0.0
 10
32.84737407407408
 20
278.1972041666667
 30
0.0
 10
31.84736666666666
 20
278.1972041666667
 30
0.0
 10
31.84736666666666
 20
276.6808476851851
 30
0.0
 10
31.84736666666666
 20
275.1644912037037
 30
0.0
 10
31.84736666666666
 20
273.6481347222222
 30
0.0
 10
31.84736666666666
 20
272.5107791666666
 30
0.0
 10
31.91157222222222
 20
272.6346041666666
 30
0.0
 10
31.91157222222222
 20
271.3730708333333
 30
0.0
 10
31.91157222222222
 20
270.1076569444444
 30
0.0
 10
31.84736666666666
 20
270.2360680555556
 30
0.0
 10
31.84736666666666
 20
269.1032986111111
 30
0.0
 10
31.84736666666666
 20
268.3649347222222
 30
0.0
 10
31.3291361111111
 20
267.7687402777777
 30
0.0
 10
30.68708055555555
 20
267.7687402777777
 30
0.0
 10
29.45800277777777
 20
267.7687402777777
 30
0.0
 10
27.0002
 20
266.3883208333333
 30
0.0
 10
24.08343333333333
 20
266.9019652777778
 30
0.0
 10
20.19899722222222
 20
267.5852958333333
 30
0.0
 10
14.30196388888889
 20
267.7920236111111
 30
0.0
 10
15.3239611111111
 20
271.3434375
 30
0.0
 10
15.42944166666666
 20
271.7653597222222
 30
0.0
 10
15.53492222222222
 20
272.1872819444445
 30
0.0
 10
15.64040277777777
 20
272.6092041666666
 30
0.0
 10
15.91098333333333
 20
273.7098708333333
 30
0.0
 10
15.81926111111111
 20
273.5998041666666
 30
0.0
 10
16.12229722222222
 20
274.8288819444444
 30
0.0
 10
16.42921388888889
 20
276.0579597222222
 30
0.0
 10
16.45673055555556
 20
275.9203763888889
 30
0.0
 10
16.72731111111111
 20
277.0210430555555
 30
0.0
 10
17.09114259259259
 20
278.4947134259259
 30
0.0
 10
17.45497407407407
 20
279.9683837962962
 30
0.0
 10
17.81880555555555
 20
281.4420541666667
 30
0.0
 10
16.8480787037037
 20
281.6820606481481
 30
0.0
 10
15.87735185185185
 20
281.9220671296296
 30
0.0
 10
14.906625
 20
282.1620736111111
 30
0.0
 10
14.63145833333333
 20
281.0525875
 30
0.0
 10
14.72318055555555
 20
281.1577152777778
 30
0.0
 10
14.42049722222222
 20
279.9378097222222
 30
0.0
 10
14.11781388888888
 20
278.7087319444444
 30
0.0
 10
13.83806111111111
 20
277.7364763888888
 30
0.0
 10
13.68213333333333
 20
277.7731652777778
 30
0.0
 10
9.894005555555552
 20
278.7087319444444
 30
0.0
 10
10.283825
 20
281.6004513888889
 30
0.0
 10
10.68281666666666
 20
283.2010041666666
 30
0.0
 10
11.39825
 20
286.0673236111111
 30
0.0
 10
13.85181944444444
 20
291.5018652777778
 30
0.0
 10
16.88323888888888
 20
292.1897819444444
 30
0.0
 10
21.62986388888888
 20
293.2675180555556
 30
0.0
 10
21.46935
 20
296.0650458333333
 30
0.0
 10
21.71241388888889
 20
291.8458236111111
 30
0.0
 10
29.46905648148148
 20
291.8458236111111
 30
0.0
 10
37.22569907407407
 20
291.8458236111111
 30
0.0
 10
44.98234166666666
 20
291.8458236111111
 30
0.0
 10
45.22540555555555
 20
296.0650458333333
 30
0.0
 10
45.06489166666666
 20
293.2675180555556
 30
0.0
 10
49.81151666666666
 20
292.1897819444444
 30
0.0
 10
52.84293611111111
 20
291.5018652777778
 30
0.0
 10
55.29650555555554
 20
286.0673236111111
 30
0.0
 10
56.01193888888888
 20
283.2010041666666
 30
0.0
 10
56.41093055555555
 20
281.6004513888889
 30
0.0
 10
56.80074999999999
 20
278.7087319444444
 30
0.0
 10
53.01262222222221
 20
277.7731652777778
 30
0.0
 10
52.85669444444444
 20
277.7364763888888
 30
0.0
 10
52.57694166666666
 20
278.7087319444444
 30
0.0
 10
52.27461111111111
 20
279.9378097222222
 30
0.0
 10
51.97157499999999
 20
281.1577152777778
 30
0.0
 10
52.06329722222221
 20
281.0525875
 30
0.0
 10
51.78813055555555
 20
282.1620736111111
 30
0.0
 10
50.8174037037037
 20
281.9220671296296
 30
0.0
 10
49.84667685185185
 20
281.6820606481481
 30
0.0
 10
48.87595
 20
281.4420541666667
 30
0.0
 10
49.23978148148148
 20
279.9683837962962
 30
0.0
 10
49.60361296296296
 20
278.4947134259259
 30
0.0
 10
49.96744444444443
 20
277.0210430555555
 30
0.0
 10
50.23802499999999
 20
275.9203763888889
 30
0.0
 10
50.26554166666666
 20
276.0579597222222
 30
0.0
 10
50.57281111111111
 20
274.8288819444444
 30
0.0
 10
50.87549444444444
 20
273.5998041666666
 30
0.0
 10
50.78377222222222
 20
273.7098708333333
 30
0.0
 10
51.05435277777777
 20
272.6092041666666
 30
0.0
 10
51.15983333333332
 20
272.1872819444445
 30
0.0
 10
51.26531388888888
 20
271.7653597222222
 30
0.0
 10
51.37079444444444
 20
271.3434375
 30
0.0
  0
POLYLINE
  5
214
330
1F
100
AcDbEntity
  8
DEFAULT
 62
     7
100
AcDb2dPolyline
 66
     1
 10
0.0
 20
0.0
 30
0.0
  0
VERTEX
  5
215
330
214
100
AcDbEntity
  8
DEFAULT
 62
     7
100
AcDbVertex
100
AcDb2dVertex
 10
17.59680250000002
 20
249.8116105555556
 30
0.0
  0
VERTEX
  5
216
330
214
100
AcDbEntity
  8
DEFAULT
 62
     7
100
AcDbVertex
100
AcDb2dVertex
 10
19.40725805555557
 20
252.2037966666666
 30
0.0
  0
SEQEND
  5
217
330
214
100
AcDbEntity
  8
DEFAULT
 62
     7
  0
SPLINE
  5
218
330
1F
100
AcDbEntity
  8
DEFAULT
 62
     7
100
AcDbSpline
210
0.0
220
0.0
230
1.0
 70
     8
 71
     3
 72
    17
 73
    13
 74
     0
 42
0.000000001
 43
0.0000000001
 40
0.0
 40
0.0
 40
0.0
 40
0.0
 40
3.557035985198918
 40
3.557035985198918
 40
3.557035985198918
 40
4.557035985198918
 40
4.557035985198918
 40
4.557035985198918
 40
5.557035985198918
 40
5.557035985198918
 40
5.557035985198918
 40
6.557035985198918
 40
6.557035985198918
 40
6.557035985198918
 40
6.557035985198918
 10
18.40967305555557
 20
249.3241069444444
 30
0.0
 10
18.66214435185186
 20
249.657599537037
 30
0.0
 10
18.91461564814815
 20
249.9910921296296
 30
0.0
 10
19.16708694444445
 20
250.3245847222222
 30
0.0
 10
19.16708694444444
 20
250.3245847222222
 30
0.0
 10
19.55267305555556
 20
248.3836013888888
 30
0.0
 10
19.92591194444444
 20
248.1013791666666
 30
0.0
 10
20.21483694444444
 20
247.8826569444444
 30
0.0
 10
20.54538972222222
 20
247.8763069444444
 30
0.0
 10
20.82373138888889
 20
248.2442541666666
 30
0.0
 10
20.97295638888889
 20
248.4414569444444
 30
0.0
 10
21.06785361111111
 20
248.8199875
 30
0.0
 10
20.68720638888889
 20
249.1082069444444
 30
0.0
  0
SPLINE
  5
219
330
1F
100
AcDbEntity
  8
DEFAULT
 62
     7
100
AcDbSpline
210
0.0
220
0.0
230
1.0
 70
     8
 71
     3
 72
    20
 73
    16
 74
     0
 42
0.000000001
 43
0.0000000001
 40
0.0
 40
0.0
 40
0.0
 40
0.0
 40
1.003560898762933
 40
1.003560898762933
 40
1.003560898762933
 40
2.007121797525865
 40
2.007121797525865
 40
2.007121797525865
 40
3.010682696288798
 40
3.010682696288798
 40
3.010682696288798
 40
4.01424359505173
 40
4.01424359505173
 40
4.01424359505173
 40
5.017804493814663
 40
5.017804493814663
 40
5.017804493814663
 40
5.017804493814663
 10
21.14765194444444
 20
250.8456374999999
 30
0.0
 10
21.22737972222222
 20
250.6544319444444
 30
0.0
 10
21.21291583333333
 20
250.4431180555555
 30
0.0
 10
21.06369083333333
 20
250.2462680555555
 30
0.0
 10
20.83438527777778
 20
249.9432319444444
 30
0.0
 10
20.40787694444444
 20
249.9287680555555
 30
0.0
 10
20.02158527777778
 20
250.2251013888888
 30
0.0
 10
19.5640325
 20
250.5711763888889
 30
0.0
 10
19.54533527777778
 20
251.0181458333333
 30
0.0
 10
19.7513575
 20
251.2908430555555
 30
0.0
 10
19.88541305555555
 20
251.4675847222222
 30
0.0
 10
20.04839638888889
 20
251.5346125
 30
0.0
 10
20.28652138888889
 20
251.4975708333333
 30
0.0
 10
20.38459361111111
 20
251.4139625
 30
0.0
 10
22.28677138888889
 20
249.9834486111111
 30
0.0
 10
22.28677138888889
 20
249.9834486111111
 30
0.0
  0
POLYLINE
  5
21A
330
1F
100
AcDbEntity
  8
DEFAULT
 62
     7
100
AcDb2dPolyline
 66
     1
 10
0.0
 20
0.0
 30
0.0
  0
VERTEX
  5
21B
330
21A
100
AcDbEntity
  8
DEFAULT
 62
     7
100
AcDbVertex
100
AcDb2dVertex
 10
47.28284083333331
 20
252.2036908333333
 30
0.0
  0
VERTEX
  5
21C
330
21A
100
AcDbEntity
  8
DEFAULT
 62
     7
100
AcDbVertex
100
AcDb2dVertex
 10
49.09329638888887
 20
249.8115047222222
 30
0.0
  0
SEQEND
  5
21D
330
21A
100
AcDbEntity
  8
DEFAULT
 62
     7
  0
SPLINE
  5
21E
330
1F
100
AcDbEntity
  8
DEFAULT
 62
     7
100
AcDbSpline
210
0.0
220
0.0
230
1.0
 70
     8
 71
     3
 72
    17
 73
    13
 74
     0
 42
0.000000001
 43
0.0000000001
 40
0.0
 40
0.0
 40
0.0
 40
0.0
 40
3.557035985198918
 40
3.557035985198918
 40
3.557035985198918
 40
4.557035985198918
 40
4.557035985198918
 40
4.557035985198918
 40
5.557035985198918
 40
5.557035985198918
 40
5.557035985198918
 40
6.557035985198918
 40
6.557035985198918
 40
6.557035985198918
 40
6.557035985198918
 10
46.5929486111111
 20
251.5539447222222
 30
0.0
 10
46.8454199074074
 20
251.2204521296296
 30
0.0
 10
47.0978912037037
 20
250.886959537037
 30
0.0
 10
47.3503625
 20
250.5534669444444
 30
0.0
 10
47.3503625
 20
250.5534669444444
 30
0.0
 10
45.37727638888889
 20
250.7090419444444
 30
0.0
 10
45.00439027777777
 20
250.4268197222222
 30
0.0
 10
44.7151125
 20
250.2080975
 30
0.0
 10
44.61950972222222
 20
249.8920086111111
 30
0.0
 10
44.89785138888888
 20
249.5240613888888
 30
0.0
 10
45.04707638888888
 20
249.3268586111111
 30
0.0
 10
45.38574305555555
 20
249.1324780555555
 30
0.0
 10
45.76674305555554
 20
249.4210502777777
 30
0.0
  0
SPLINE
  5
21F
330
1F
100
AcDbEntity
  8
DEFAULT
 62
     7
100
AcDbSpline
210
0.0
220
0.0
230
1.0
 70
     8
 71
     3
 72
    20
 73
    16
 74
     0
 42
0.000000001
 43
0.0000000001
 40
0.0
 40
0.0
 40
0.0
 40
0.0
 40
1.003560898762957
 40
1.003560898762957
 40
1.003560898762957
 40
2.007121797525915
 40
2.007121797525915
 40
2.007121797525915
 40
3.010682696288873
 40
3.010682696288873
 40
3.010682696288873
 40
4.01424359505183
 40
4.01424359505183
 40
4.01424359505183
 40
5.017804493814788
 40
5.017804493814788
 40
5.017804493814788
 40
5.017804493814788
 10
47.31349722222222
 20
248.5057330555555
 30
0.0
 10
47.10782777777777
 20
248.4810386111111
 30
0.0
 10
46.90850833333333
 20
248.5522997222222
 30
0.0
 10
46.75928333333333
 20
248.7491497222222
 30
0.0
 10
46.52997777777777
 20
249.0521858333333
 30
0.0
 10
46.63193055555555
 20
249.4666997222222
 30
0.0
 10
47.02210277777777
 20
249.7580941666666
 30
0.0
 10
47.47965555555555
 20
250.1041691666666
 30
0.0
 10
47.91498333333333
 20
250.0008052777778
 30
0.0
 10
48.12100555555554
 20
249.7284608333333
 30
0.0
 10
48.25470833333333
 20
249.5513663888889
 30
0.0
 10
48.27516944444444
 20
249.3763886111111
 30
0.0
 10
48.17462777777777
 20
249.1576663888889
 30
0.0
 10
48.06808888888889
 20
249.0856997222222
 30
0.0
 10
46.17437777777776
 20
247.6435441666667
 30
0.0
 10
46.17437777777776
 20
247.6435441666667
 30
0.0
  0
POLYLINE
  5
220
330
1F
100
AcDbEntity
  8
DEFAULT
 62
     7
100
AcDb2dPolyline
 66
     1
 10
0.0
 20
0.0
 30
0.0
  0
VERTEX
  5
221
330
220
100
AcDbEntity
  8
DEFAULT
 62
     7
100
AcDbVertex
100
AcDb2dVertex
 10
22.92738055555557
 20
255.2298891666667
 30
0.0
  0
VERTEX
  5
222
330
220
100
AcDbEntity
  8
DEFAULT
 62
     7
100
AcDbVertex
100
AcDb2dVertex
 10
25.21514444444444
 20
257.1701669444445
 30
0.0
  0
SEQEND
  5
223
330
220
100
AcDbEntity
  8
DEFAULT
 62
     7
  0
POLYLINE
  5
224
330
1F
100
AcDbEntity
  8
DEFAULT
 62
     7
100
AcDb2dPolyline
 66
     1
 10
0.0
 20
0.0
 30
0.0
  0
VERTEX
  5
225
330
224
100
AcDbEntity
  8
DEFAULT
 62
     7
100
AcDbVertex
100
AcDb2dVertex
 10
23.72028388888887
 20
254.8197497222222
 30
0.0
  0
VERTEX
  5
226
330
224
100
AcDbEntity
  8
DEFAULT
 62
     7
100
AcDbVertex
100
AcDb2dVertex
 10
25.35928944444444
 20
252.8875858333333
 30
0.0
  0
VERTEX
  5
227
330
224
100
AcDbEntity
  8
DEFAULT
 62
     7
100
AcDbVertex
100
AcDb2dVertex
 10
25.56002
 20
253.9579136111111
 30
0.0
  0
SEQEND
  5
228
330
224
100
AcDbEntity
  8
DEFAULT
 62
     7
  0
SPLINE
  5
229
330
1F
100
AcDbEntity
  8
DEFAULT
 62
     7
100
AcDbSpline
210
0.0
220
0.0
230
1.0
 70
     8
 71
     3
 72
    20
 73
    16
 74
     0
 42
0.000000001
 43
0.0000000001
 40
0.0
 40
0.0
 40
0.0
 40
0.0
 40
1.003969886648267
 40
1.003969886648267
 40
1.003969886648267
 40
2.007939773296534
 40
2.007939773296534
 40
2.007939773296534
 40
3.0119096599448
 40
3.0119096599448
 40
3.0119096599448
 40
4.015879546593068
 40
4.015879546593068
 40
4.015879546593068
 40
5.019849433241334
 40
5.019849433241334
 40
5.019849433241334
 40
5.019849433241334
 10
26.61468444444444
 20
255.4627577777778
 30
0.0
 10
26.64361222222222
 20
255.2525022222222
 30
0.0
 10
26.57094
 20
255.0390716666666
 30
0.0
 10
26.36562333333333
 20
254.8647994444444
 30
0.0
 10
26.04953444444444
 20
254.5966883333333
 30
0.0
 10
25.61173722222222
 20
254.6598355555555
 30
0.0
 10
25.29917611111111
 20
255.0334272222222
 30
0.0
 10
24.92840666666666
 20
255.4708716666667
 30
0.0
 10
25.031065
 20
255.9315994444444
 30
0.0
 10
25.31540388888888
 20
256.1725466666666
 30
0.0
 10
25.49990666666667
 20
256.3288272222222
 30
0.0
 10
25.68405666666666
 20
256.3679855555555
 30
0.0
 10
25.91618444444444
 20
256.2864938888889
 30
0.0
 10
25.99309
 20
256.18313
 30
0.0
 10
27.53860944444444
 20
254.37338
 30
0.0
 10
27.53860944444444
 20
254.37338
 30
0.0
  0
POLYLINE
  5
22A
330
1F
100
AcDbEntity
  8
DEFAULT
 62
     7
100
AcDb2dPolyline
 66
     1
 10
0.0
 20
0.0
 30
0.0
  0
VERTEX
  5
22B
330
22A
100
AcDbEntity
  8
DEFAULT
 62
     7
100
AcDbVertex
100
AcDb2dVertex
 10
41.47491916666667
 20
257.1703433333333
 30
0.0
  0
VERTEX
  5
22C
330
22A
100
AcDbEntity
  8
DEFAULT
 62
     7
100
AcDbVertex
100
AcDb2dVertex
 10
43.76268305555556
 20
255.2300655555556
 30
0.0
  0
SEQEND
  5
22D
330
22A
100
AcDbEntity
  8
DEFAULT
 62
     7
  0
POLYLINE
  5
22E
330
1F
100
AcDbEntity
  8
DEFAULT
 62
     7
100
AcDb2dPolyline
 66
     1
 10
0.0
 20
0.0
 30
0.0
  0
VERTEX
  5
22F
330
22E
100
AcDbEntity
  8
DEFAULT
 62
     7
100
AcDbVertex
100
AcDb2dVertex
 10
41.19982305555556
 20
256.320925
 30
0.0
  0
VERTEX
  5
230
330
22E
100
AcDbEntity
  8
DEFAULT
 62
     7
100
AcDbVertex
100
AcDb2dVertex
 10
39.56081750000001
 20
254.3887611111111
 30
0.0
  0
VERTEX
  5
231
330
22E
100
AcDbEntity
  8
DEFAULT
 62
     7
100
AcDbVertex
100
AcDb2dVertex
 10
40.6498425
 20
254.365125
 30
0.0
  0
SEQEND
  5
232
330
22E
100
AcDbEntity
  8
DEFAULT
 62
     7
  0
SPLINE
  5
233
330
1F
100
AcDbEntity
  8
DEFAULT
 62
     7
100
AcDbSpline
210
0.0
220
0.0
230
1.0
 70
     8
 71
     3
 72
    20
 73
    16
 74
     0
 42
0.000000001
 43
0.0000000001
 40
0.0
 40
0.0
 40
0.0
 40
0.0
 40
1.003969886648243
 40
1.003969886648243
 40
1.003969886648243
 40
2.007939773296487
 40
2.007939773296487
 40
2.007939773296487
 40
3.01190965994473
 40
3.01190965994473
 40
3.01190965994473
 40
4.015879546592973
 40
4.015879546592973
 40
4.015879546592973
 40
5.019849433241216
 40
5.019849433241216
 40
5.019849433241216
 40
5.019849433241216
 10
42.30673388888889
 20
253.5705636111112
 30
0.0
 10
42.10423944444444
 20
253.5077691666666
 30
0.0
 10
41.88163666666667
 20
253.5444580555555
 30
0.0
 10
41.67632
 20
253.7183775
 30
0.0
 10
41.36023111111111
 20
253.9864886111111
 30
0.0
 10
41.35105888888889
 20
254.4292247222222
 30
0.0
 10
41.66855888888889
 20
254.7982302777777
 30
0.0
 10
42.03932833333333
 20
255.2356747222222
 30
0.0
 10
42.51063944444444
 20
255.2092163888888
 30
0.0
 10
42.79497833333333
 20
254.9682691666666
 30
0.0
 10
42.97912833333333
 20
254.8119886111111
 30
0.0
 10
43.04792
 20
254.6363052777777
 30
0.0
 10
43.00523388888889
 20
254.3942997222222
 30
0.0
 10
42.91633388888889
 20
254.3011663888889
 30
0.0
 10
41.38280888888888
 20
252.4811858333333
 30
0.0
 10
41.38280888888888
 20
252.4811858333333
 30
0.0
  0
POLYLINE
  5
234
330
1F
100
AcDbEntity
  8
DEFAULT
 62
     7
100
AcDb2dPolyline
 66
     1
 10
0.0
 20
0.0
 30
0.0
  0
VERTEX
  5
235
330
234
100
AcDbEntity
  8
DEFAULT
 62
     7
100
AcDbVertex
100
AcDb2dVertex
 10
32.0951225
 20
248.986675
 30
0.0
  0
VERTEX
  5
236
330
234
100
AcDbEntity
  8
DEFAULT
 62
     7
100
AcDbVertex
100
AcDb2dVertex
 10
34.59490583333333
 20
248.986675
 30
0.0
  0
SEQEND
  5
237
330
234
100
AcDbEntity
  8
DEFAULT
 62
     7
  0
SPLINE
  5
238
330
1F
100
AcDbEntity
  8
DEFAULT
 62
     7
100
AcDbSpline
210
0.0
220
0.0
230
1.0
 70
    11
 71
     3
 72
    32
 73
    28
 74
     0
 42
0.000000001
 43
0.0000000001
 40
7.325000000000045
 40
7.325000000000045
 40
7.325000000000045
 40
7.325000000000045
 40
8.325000000000045
 40
8.325000000000045
 40
8.325000000000045
 40
9.325000000000045
 40
9.325000000000045
 40
9.325000000000045
 40
10.32500000000005
 40
10.32500000000005
 40
10.32500000000005
 40
11.32500000000005
 40
11.32500000000005
 40
11.32500000000005
 40
12.32500000000005
 40
12.32500000000005
 40
12.32500000000005
 40
13.32500000000005
 40
13.32500000000005
 40
13.32500000000005
 40
14.32500000000005
 40
14.32500000000005
 40
14.32500000000005
 40
15.32500000000005
 40
15.32500000000005
 40
15.32500000000005
 40
22.65000000000009
 40
22.65000000000009
 40
22.65000000000009
 40
22.65000000000009
 10
32.51905555555555
 20
252.6019416666666
 30
0.0
 10
32.66686944444444
 20
252.6329861111111
 30
0.0
 10
32.90111388888889
 20
252.6566222222222
 30
0.0
 10
33.13853333333333
 20
252.6566222222222
 30
0.0
 10
33.47790555555556
 20
252.6566222222222
 30
0.0
 10
33.696275
 20
252.5980611111111
 30
0.0
 10
33.85996388888889
 20
252.4657694444444
 30
0.0
 10
33.99613611111111
 20
252.3641694444444
 30
0.0
 10
34.07798055555556
 20
252.2082416666667
 30
0.0
 10
34.07798055555556
 20
252.0018666666666
 30
0.0
 10
34.07798055555556
 20
251.7485722222222
 30
0.0
 10
33.74425277777777
 20
251.5263222222222
 30
0.0
 10
33.46732222222222
 20
251.4247222222222
 30
0.0
 10
33.46732222222222
 20
251.4247222222222
 30
0.0
 10
34.1757
 20
251.1481444444444
 30
0.0
 10
34.1757
 20
250.758325
 30
0.0
 10
34.1757
 20
250.5321944444445
 30
0.0
 10
34.08574166666666
 20
250.3607444444445
 30
0.0
 10
33.95345
 20
250.2323333333333
 30
0.0
 10
33.77000555555556
 20
250.0647638888889
 30
0.0
 10
33.474025
 20
249.9868
 30
0.0
 10
33.0454
 20
249.9868
 30
0.0
 10
32.81150833333333
 20
249.9868
 30
0.0
 10
32.63229722222222
 20
250.0019694444444
 30
0.0
 10
32.51905555555555
 20
250.0178444444444
 30
0.0
 10
32.51905555555555
 20
250.8792101851851
 30
0.0
 10
32.51905555555555
 20
251.7405759259259
 30
0.0
 10
32.51905555555555
 20
252.6019416666666
 30
0.0
  0
SPLINE
  5
239
330
1F
100
AcDbEntity
  8
DEFAULT
 62
     1
100
AcDbSpline
210
0.0
220
0.0
230
1.0
 70
    11
 71
     3
 72
   173
 73
   169
 74
     0
 42
0.000000001
 43
0.0000000001
 40
25.779
 40
25.779
 40
25.779
 40
25.779
 40
27.245
 40
27.245
 40
27.245
 40
28.245
 40
28.245
 40
28.245
 40
29.245
 40
29.245
 40
29.245
 40
30.245
 40
30.245
 40
30.245
 40
31.245
 40
31.245
 40
31.245
 40
44.14901414289364
 40
44.14901414289364
 40
44.14901414289364
 40
52.653024726142
 40
52.653024726142
 40
52.653024726142
 40
65.54519075827176
 40
65.54519075827176
 40
65.54519075827176
 40
66.54519075827176
 40
66.54519075827176
 40
66.54519075827176
 40
67.54519075827176
 40
67.54519075827176
 40
67.54519075827176
 40
68.54519075827176
 40
68.54519075827176
 40
68.54519075827176
 40
69.54519075827176
 40
69.54519075827176
 40
69.54519075827176
 40
70.54519075827176
 40
70.54519075827176
 40
70.54519075827176
 40
83.44927635160225
 40
83.44927635160225
 40
83.44927635160225
 40
91.95335684275477
 40
91.95335684275477
 40
91.95335684275477
 40
104.8392515342382
 40
104.8392515342382
 40
104.8392515342382
 40
105.8392515342382
 40
105.8392515342382
 40
105.8392515342382
 40
106.8392515342382
 40
106.8392515342382
 40
106.8392515342382
 40
107.8392515342382
 40
107.8392515342382
 40
107.8392515342382
 40
108.8392515342382
 40
108.8392515342382
 40
108.8392515342382
 40
109.8392515342382
 40
109.8392515342382
 40
109.8392515342382
 40
110.8392515342382
 40
110.8392515342382
 40
110.8392515342382
 40
111.8392515342382
 40
111.8392515342382
 40
111.8392515342382
 40
112.8392515342382
 40
112.8392515342382
 40
112.8392515342382
 40
113.8392515342382
 40
113.8392515342382
 40
113.8392515342382
 40
114.8392515342382
 40
114.8392515342382
 40
114.8392515342382
 40
127.7352515342382
 40
127.7352515342382
 40
127.7352515342382
 40
136.2392515342382
 40
136.2392515342382
 40
136.2392515342382
 40
149.1222515342382
 40
149.1222515342382
 40
149.1222515342382
 40
150.1222515342382
 40
150.1222515342382
 40
150.1222515342382
 40
151.1222515342382
 40
151.1222515342382
 40
151.1222515342382
 40
152.1222515342382
 40
152.1222515342382
 40
152.1222515342382
 40
153.1222515342382
 40
153.1222515342382
 40
153.1222515342382
 40
154.1222515342382
 40
154.1222515342382
 40
154.1222515342382
 40
155.1222515342382
 40
155.1222515342382
 40
155.1222515342382
 40
156.1222515342382
 40
156.1222515342382
 40
156.1222515342382
 40
157.1222515342382
 40
157.1222515342382
 40
157.1222515342382
 40
158.1222515342382
 40
158.1222515342382
 40
158.1222515342382
 40
159.1222515342382
 40
159.1222515342382
 40
159.1222515342382
 40
172.0065508943121
 40
172.0065508943121
 40
172.0065508943121
 40
180.5112348978481
 40
180.5112348978481
 40
180.5112348978481
 40
193.4153204911786
 40
193.4153204911786
 40
193.4153204911786
 40
194.4153204911786
 40
194.4153204911786
 40
194.4153204911786
 40
195.4153204911786
 40
195.4153204911786
 40
195.4153204911786
 40
196.4153204911786
 40
196.4153204911786
 40
196.4153204911786
 40
197.4153204911786
 40
197.4153204911786
 40
197.4153204911786
 40
198.4153204911786
 40
198.4153204911786
 40
198.4153204911786
 40
211.3068387105351
 40
211.3068387105351
 40
211.3068387105351
 40
219.8108492937835
 40
219.8108492937835
 40
219.8108492937835
 40
232.7148634366771
 40
232.7148634366771
 40
232.7148634366771
 40
233.7148634366771
 40
233.7148634366771
 40
233.7148634366771
 40
234.7148634366771
 40
234.7148634366771
 40
234.7148634366771
 40
235.7148634366771
 40
235.7148634366771
 40
235.7148634366771
 40
236.7148634366771
 40
236.7148634366771
 40
236.7148634366771
 40
238.1808634366771
 40
238.1808634366771
 40
238.1808634366771
 40
263.9598634366771
 40
263.9598634366771
 40
263.9598634366771
 40
263.9598634366771
 10
28.79799083333333
 20
259.7706683333333
 30
0.0
 10
28.79799083333333
 20
259.943059074074
 30
0.0
 10
28.79799083333333
 20
260.1154498148148
 30
0.0
 10
28.79799083333333
 20
260.2878405555555
 30
0.0
 10
28.79799083333333
 20
260.78561
 30
0.0
 10
27.59537138888888
 20
260.6303877777777
 30
0.0
 10
25.6759075
 20
262.5494988888888
 30
0.0
 10
21.96927138888888
 20
266.2564877777777
 30
0.0
 10
20.09566861111111
 20
266.2314405555555
 30
0.0
 10
18.61259083333333
 20
264.9466238888889
 30
0.0
 10
19.34813249999999
 20
264.0802016666667
 30
0.0
 10
19.21372416666666
 20
264.1391155555555
 30
0.0
 10
20.03287416666666
 20
263.1717988888889
 30
0.0
 10
20.85026027777777
 20
262.2133016666666
 30
0.0
 10
20.81886305555555
 20
262.3473572222222
 30
0.0
 10
21.55440472222222
 20
261.480935
 30
0.0
 10
22.53689083333333
 20
260.3245294444444
 30
0.0
 10
23.51937694444444
 20
259.1681238888888
 30
0.0
 10
24.50186305555555
 20
258.0117183333333
 30
0.0
 10
23.73915749999999
 20
257.3649590740741
 30
0.0
 10
22.97645194444444
 20
256.7181998148148
 30
0.0
 10
22.21374638888889
 20
256.0714405555555
 30
0.0
 10
21.23161305555555
 20
257.2263174074074
 30
0.0
 10
20.24947972222222
 20
258.3811942592592
 30
0.0
 10
19.26734638888889
 20
259.5360711111111
 30
0.0
 10
18.5321575
 20
260.4024933333333
 30
0.0
 10
18.65951027777777
 20
260.3513405555555
 30
0.0
 10
17.84247694444444
 20
261.3098377777778
 30
0.0
 10
17.02332694444444
 20
262.2771544444444
 30
0.0
 10
17.06107416666666
 20
262.1356905555555
 30
0.0
 10
16.32129916666666
 20
263.0007016666666
 30
0.0
 10
13.99719916666666
 20
261.0247933333333
 30
0.0
 10
12.58926305555555
 20
260.1019266666667
 30
0.0
 10
11.26811027777777
 20
258.3521488888889
 30
0.0
 10
12.17298527777777
 20
257.6688183333333
 30
0.0
 10
12.03363805555555
 20
257.69316
 30
0.0
 10
13.04540472222222
 20
256.9290433333333
 30
0.0
 10
14.05046861111111
 20
256.1730405555555
 30
0.0
 10
13.99367138888888
 20
256.2954544444444
 30
0.0
 10
14.89854638888889
 20
255.6121238888889
 30
0.0
 10
16.10916212962962
 20
254.6972535185185
 30
0.0
 10
17.31977787037036
 20
253.7823831481481
 30
0.0
 10
18.5303936111111
 20
252.8675127777778
 30
0.0
 10
17.92690842592592
 20
252.0701174074074
 30
0.0
 10
17.32342324074073
 20
251.272722037037
 30
0.0
 10
16.71993805555555
 20
250.4753266666666
 30
0.0
 10
15.51120379629629
 20
251.3891387037037
 30
0.0
 10
14.30246953703703
 20
252.3029507407407
 30
0.0
 10
13.09373527777777
 20
253.2167627777778
 30
0.0
 10
12.18321583333333
 20
253.9032683333333
 30
0.0
 10
12.32291583333333
 20
253.8789266666666
 30
0.0
 10
11.3122075
 20
254.6384572222222
 30
0.0
 10
10.30608527777778
 20
255.3990461111111
 30
0.0
 10
10.37276027777778
 20
255.2745155555555
 30
0.0
 10
9.461888055555553
 20
255.9613738888889
 30
0.0
 10
7.912135277777775
 20
253.5423766666667
 30
0.0
 10
8.810307499999997
 20
254.5608461111111
 30
0.0
 10
8.588057499999998
 20
250.1804044444444
 30
0.0
 10
8.517854722222218
 20
248.8656016666666
 30
0.0
 10
11.79339638888889
 20
248.7855211111111
 30
0.0
 10
12.57938527777778
 20
244.8308822222222
 30
0.0
 10
13.23131861111111
 20
241.5496961111111
 30
0.0
 10
19.01863805555555
 20
240.0768488888889
 30
0.0
 10
22.29100472222222
 20
240.2987461111111
 30
0.0
 10
24.25738805555555
 20
240.4320961111111
 30
0.0
 10
24.78902416666666
 20
235.814235
 30
0.0
 10
25.84841583333333
 20
235.7179266666666
 30
0.0
 10
28.84314638888888
 20
235.44276
 30
0.0
 10
29.23578805555555
 20
235.6889988888888
 30
0.0
 10
30.68499916666666
 20
235.6889988888888
 30
0.0
 10
31.32670194444444
 20
235.6889988888888
 30
0.0
 10
31.84528527777778
 20
236.2851933333333
 30
0.0
 10
31.84528527777778
 20
237.0235572222222
 30
0.0
 10
31.84528527777778
 20
238.1563266666666
 30
0.0
 10
31.90949083333333
 20
238.0279155555555
 30
0.0
 10
31.90949083333333
 20
239.2936822222222
 30
0.0
 10
31.90949083333333
 20
240.5548627777777
 30
0.0
 10
31.84528527777778
 20
240.4310377777777
 30
0.0
 10
31.84528527777778
 20
241.5683933333333
 30
0.0
 10
31.84528527777778
 20
243.0848674074074
 30
0.0
 10
31.84528527777778
 20
244.6013414814815
 30
0.0
 10
31.84528527777778
 20
246.1178155555555
 30
0.0
 10
32.84529268518518
 20
246.1178155555555
 30
0.0
 10
33.84530009259259
 20
246.1178155555555
 30
0.0
 10
34.84530749999999
 20
246.1178155555555
 30
0.0
 10
34.84530749999999
 20
244.6028701851851
 30
0.0
 10
34.84530749999999
 20
243.0879248148148
 30
0.0
 10
34.84530749999999
 20
241.5729794444444
 30
0.0
 10
34.84530749999999
 20
240.4310377777777
 30
0.0
 10
34.78074916666666
 20
240.5548627777777
 30
0.0
 10
34.78074916666666
 20
239.2936822222222
 30
0.0
 10
34.78074916666666
 20
238.0279155555555
 30
0.0
 10
34.84530749999999
 20
238.1563266666666
 30
0.0
 10
34.84530749999999
 20
237.0235572222222
 30
0.0
 10
34.84530749999999
 20
236.2851933333333
 30
0.0
 10
35.36353805555555
 20
235.6889988888888
 30
0.0
 10
36.0055936111111
 20
235.6889988888888
 30
0.0
 10
37.45480472222221
 20
235.6889988888888
 30
0.0
 10
37.85167972222222
 20
235.44276
 30
0.0
 10
40.84641027777777
 20
235.7179266666666
 30
0.0
 10
41.90580194444443
 20
235.814235
 30
0.0
 10
42.43708527777777
 20
240.4320961111111
 30
0.0
 10
44.40346861111111
 20
240.2987461111111
 30
0.0
 10
47.67618805555555
 20
240.0768488888889
 30
0.0
 10
53.45892138888889
 20
241.5496961111111
 30
0.0
 10
54.11085472222221
 20
244.8308822222222
 30
0.0
 10
54.89649083333332
 20
248.7855211111111
 30
0.0
 10
58.17238527777777
 20
248.8656016666666
 30
0.0
 10
58.10218249999999
 20
250.1804044444444
 30
0.0
 10
57.8799325
 20
254.5608461111111
 30
0.0
 10
58.77810472222221
 20
253.5423766666667
 30
0.0
 10
57.22799916666666
 20
255.9613738888889
 30
0.0
 10
56.31783249999999
 20
255.2745155555555
 30
0.0
 10
56.38415472222221
 20
255.3990461111111
 30
0.0
 10
55.3780325
 20
254.6384572222222
 30
0.0
 10
54.36732416666666
 20
253.8789266666666
 30
0.0
 10
54.50667138888888
 20
253.9032683333333
 30
0.0
 10
53.59615194444444
 20
253.2167627777778
 30
0.0
 10
52.38765287037037
 20
252.3029507407407
 30
0.0
 10
51.17915379629628
 20
251.3891387037037
 30
0.0
 10
49.97065472222222
 20
250.4753266666666
 30
0.0
 10
49.36705194444445
 20
251.272722037037
 30
0.0
 10
48.76344916666667
 20
252.0701174074074
 30
0.0
 10
48.15984638888888
 20
252.8675127777778
 30
0.0
 10
49.37046212962963
 20
253.7823831481481
 30
0.0
 10
50.58107787037037
 20
254.6972535185185
 30
0.0
 10
51.79169361111111
 20
255.6121238888889
 30
0.0
 10
52.69656861111111
 20
256.2954544444444
 30
0.0
 10
52.63977138888889
 20
256.1730405555555
 30
0.0
 10
53.64483527777777
 20
256.9290433333333
 30
0.0
 10
54.65660194444444
 20
257.69316
 30
0.0
 10
54.51725472222222
 20
257.6688183333333
 30
0.0
 10
55.42212972222222
 20
258.3521488888889
 30
0.0
 10
54.10097694444444
 20
260.1019266666667
 30
0.0
 10
52.69304083333333
 20
261.0247933333333
 30
0.0
 10
50.36894083333333
 20
263.0007016666666
 30
0.0
 10
49.62881305555555
 20
262.1356905555555
 30
0.0
 10
49.66691305555555
 20
262.2771544444444
 30
0.0
 10
48.84741027777778
 20
261.3098377777778
 30
0.0
 10
48.03072972222222
 20
260.3513405555555
 30
0.0
 10
48.15808249999999
 20
260.4024933333333
 30
0.0
 10
47.42254083333333
 20
259.5360711111111
 30
0.0
 10
46.44052509259259
 20
258.3811942592592
 30
0.0
 10
45.45850935185185
 20
257.2263174074074
 30
0.0
 10
44.4764936111111
 20
256.0714405555555
 30
0.0
 10
43.71378805555555
 20
256.7181998148148
 30
0.0
 10
42.95108250000001
 20
257.3649590740741
 30
0.0
 10
42.18837694444444
 20
258.0117183333333
 30
0.0
 10
43.17086305555555
 20
259.1681238888888
 30
0.0
 10
44.15334916666666
 20
260.3245294444444
 30
0.0
 10
45.13583527777777
 20
261.480935
 30
0.0
 10
45.87137694444444
 20
262.3473572222222
 30
0.0
 10
45.83997972222222
 20
262.2133016666666
 30
0.0
 10
46.65701305555555
 20
263.1717988888889
 30
0.0
 10
47.47651583333332
 20
264.1391155555555
 30
0.0
 10
47.3421075
 20
264.0802016666667
 30
0.0
 10
48.07764916666666
 20
264.9466238888889
 30
0.0
 10
46.59457138888888
 20
266.2314405555555
 30
0.0
 10
44.72096861111111
 20
266.2564877777777
 30
0.0
 10
41.01433249999999
 20
262.5494988888888
 30
0.0
 10
39.09451583333333
 20
260.6303877777777
 30
0.0
 10
37.89224916666666
 20
260.78561
 30
0.0
 10
37.89224916666666
 20
260.2878405555555
 30
0.0
 10
37.89224916666666
 20
260.1154498148148
 30
0.0
 10
37.89224916666666
 20
259.943059074074
 30
0.0
 10
37.89224916666666
 20
259.7706683333333
 30
0.0
 10
34.86082972222221
 20
259.7706683333333
 30
0.0
 10
31.82941027777777
 20
259.7706683333333
 30
0.0
 10
28.79799083333333
 20
259.7706683333333
 30
0.0
  0
POLYLINE
  5
23A
330
1F
100
AcDbEntity
  8
DEFAULT
 62
     7
100
AcDb2dPolyline
 66
     1
 10
0.0
 20
0.0
 30
0.0
  0
VERTEX
  5
23B
330
23A
100
AcDbEntity
  8
DEFAULT
 62
     7
100
AcDbVertex
100
AcDb2dVertex
 10
124.0421347222222
 20
283.1649502777777
 30
0.0
  0
VERTEX
  5
23C
330
23A
100
AcDbEntity
  8
DEFAULT
 62
     7
100
AcDbVertex
100
AcDb2dVertex
 10
126.5419180555555
 20
283.1649502777777
 30
0.0
  0
SEQEND
  5
23D
330
23A
100
AcDbEntity
  8
DEFAULT
 62
     7
  0
POLYLINE
  5
23E
330
1F
100
AcDbEntity
  8
DEFAULT
 62
     7
100
AcDb2dPolyline
 66
     1
 10
0.0
 20
0.0
 30
0.0
  0
VERTEX
  5
23F
330
23E
100
AcDbEntity
  8
DEFAULT
 62
     7
100
AcDbVertex
100
AcDb2dVertex
 10
124.2967344444444
 20
286.6401994444444
 30
0.0
  0
VERTEX
  5
240
330
23E
100
AcDbEntity
  8
DEFAULT
 62
     7
100
AcDbVertex
100
AcDb2dVertex
 10
126.2662927777778
 20
286.6401994444444
 30
0.0
  0
VERTEX
  5
241
330
23E
100
AcDbEntity
  8
DEFAULT
 62
     7
100
AcDbVertex
100
AcDb2dVertex
 10
124.2967344444444
 20
284.1651105555555
 30
0.0
  0
VERTEX
  5
242
330
23E
100
AcDbEntity
  8
DEFAULT
 62
     7
100
AcDbVertex
100
AcDb2dVertex
 10
126.2874594444444
 20
284.1651105555555
 30
0.0
  0
SEQEND
  5
243
330
23E
100
AcDbEntity
  8
DEFAULT
 62
     7
  0
POLYLINE
  5
244
330
1F
100
AcDbEntity
  8
DEFAULT
 62
     7
100
AcDb2dPolyline
 66
     1
 10
0.0
 20
0.0
 30
0.0
  0
VERTEX
  5
245
330
244
100
AcDbEntity
  8
DEFAULT
 62
     7
100
AcDbVertex
100
AcDb2dVertex
 10
115.189635
 20
286.5922922222222
 30
0.0
  0
VERTEX
  5
246
330
244
100
AcDbEntity
  8
DEFAULT
 62
     7
100
AcDbVertex
100
AcDb2dVertex
 10
116.0990961111111
 20
283.9651561111111
 30
0.0
  0
VERTEX
  5
247
330
244
100
AcDbEntity
  8
DEFAULT
 62
     7
100
AcDbVertex
100
AcDb2dVertex
 10
117.00891
 20
286.5922922222222
 30
0.0
  0
SEQEND
  5
248
330
244
100
AcDbEntity
  8
DEFAULT
 62
     7
  0
POLYLINE
  5
249
330
1F
100
AcDbEntity
  8
DEFAULT
 62
     7
100
AcDb2dPolyline
 66
     1
 10
0.0
 20
0.0
 30
0.0
  0
VERTEX
  5
24A
330
249
100
AcDbEntity
  8
DEFAULT
 62
     7
100
AcDbVertex
100
AcDb2dVertex
 10
114.8709708333333
 20
282.9623852777777
 30
0.0
  0
VERTEX
  5
24B
330
249
100
AcDbEntity
  8
DEFAULT
 62
     7
100
AcDbVertex
100
AcDb2dVertex
 10
117.3707541666667
 20
282.9623852777777
 30
0.0
  0
SEQEND
  5
24C
330
249
100
AcDbEntity
  8
DEFAULT
 62
     7
  0
POLYLINE
  5
24D
330
1F
100
AcDbEntity
  8
DEFAULT
 62
     7
100
AcDb2dPolyline
 66
     1
 10
0.0
 20
0.0
 30
0.0
  0
VERTEX
  5
24E
330
24D
100
AcDbEntity
  8
DEFAULT
 62
     7
100
AcDbVertex
100
AcDb2dVertex
 10
133.5707683333333
 20
286.5922922222222
 30
0.0
  0
VERTEX
  5
24F
330
24D
100
AcDbEntity
  8
DEFAULT
 62
     7
100
AcDbVertex
100
AcDb2dVertex
 10
134.4802294444444
 20
283.9651561111111
 30
0.0
  0
VERTEX
  5
250
330
24D
100
AcDbEntity
  8
DEFAULT
 62
     7
100
AcDbVertex
100
AcDb2dVertex
 10
135.3900433333333
 20
286.5922922222222
 30
0.0
  0
SEQEND
  5
251
330
24D
100
AcDbEntity
  8
DEFAULT
 62
     7
  0
POLYLINE
  5
252
330
1F
100
AcDbEntity
  8
DEFAULT
 62
     7
100
AcDb2dPolyline
 66
     1
 10
0.0
 20
0.0
 30
0.0
  0
VERTEX
  5
253
330
252
100
AcDbEntity
  8
DEFAULT
 62
     7
100
AcDbVertex
100
AcDb2dVertex
 10
133.2521041666667
 20
282.9623852777777
 30
0.0
  0
VERTEX
  5
254
330
252
100
AcDbEntity
  8
DEFAULT
 62
     7
100
AcDbVertex
100
AcDb2dVertex
 10
135.7522402777778
 20
282.9623852777777
 30
0.0
  0
SEQEND
  5
255
330
252
100
AcDbEntity
  8
DEFAULT
 62
     7
  0
SPLINE
  5
256
330
1F
100
AcDbEntity
  8
DEFAULT
 62
     1
100
AcDbSpline
210
0.0
220
0.0
230
1.0
 70
    11
 71
     3
 72
    92
 73
    88
 74
     0
 42
0.000000001
 43
0.0000000001
 40
17.55000071225071
 40
17.55000071225071
 40
17.55000071225071
 40
17.55000071225071
 40
18.55000071225071
 40
18.55000071225071
 40
18.55000071225071
 40
19.55000071225071
 40
19.55000071225071
 40
19.55000071225071
 40
32.44600071225078
 40
32.44600071225078
 40
32.44600071225078
 40
40.9500007122508
 40
40.9500007122508
 40
40.9500007122508
 40
53.84600071225087
 40
53.84600071225087
 40
53.84600071225087
 40
54.84600071225087
 40
54.84600071225087
 40
54.84600071225087
 40
55.84600071225087
 40
55.84600071225087
 40
55.84600071225087
 40
56.84600071225087
 40
56.84600071225087
 40
56.84600071225087
 40
57.84600071225087
 40
57.84600071225087
 40
57.84600071225087
 40
58.84600071225087
 40
58.84600071225087
 40
58.84600071225087
 40
59.84600071225087
 40
59.84600071225087
 40
59.84600071225087
 40
60.84600071225087
 40
60.84600071225087
 40
60.84600071225087
 40
61.84600071225087
 40
61.84600071225087
 40
61.84600071225087
 40
62.84600071225087
 40
62.84600071225087
 40
62.84600071225087
 40
63.84600071225087
 40
63.84600071225087
 40
63.84600071225087
 40
76.74200071225094
 40
76.74200071225094
 40
76.74200071225094
 40
85.2460007122509
 40
85.2460007122509
 40
85.2460007122509
 40
98.14200071225098
 40
98.14200071225098
 40
98.14200071225098
 40
99.14200071225098
 40
99.14200071225098
 40
99.14200071225098
 40
100.142000712251
 40
100.142000712251
 40
100.142000712251
 40
117.6870014247047
 40
117.6870014247047
 40
117.6870014247047
 40
118.6870014247047
 40
118.6870014247047
 40
118.6870014247047
 40
119.6870014247047
 40
119.6870014247047
 40
119.6870014247047
 40
132.5820014247048
 40
132.5820014247048
 40
132.5820014247048
 40
141.0870014247048
 40
141.0870014247048
 40
141.0870014247048
 40
153.9850014247048
 40
153.9850014247048
 40
153.9850014247048
 40
154.9850014247048
 40
154.9850014247048
 40
154.9850014247048
 40
155.9850014247048
 40
155.9850014247048
 40
155.9850014247048
 40
173.5350021369555
 40
173.5350021369555
 40
173.5350021369555
 40
173.5350021369555
 10
117.6210147222222
 20
271.0886966666666
 30
0.0
 10
117.6210147222222
 20
272.2264049999999
 30
0.0
 10
117.5568091666667
 20
272.0983466666666
 30
0.0
 10
117.5568091666667
 20
273.3637605555555
 30
0.0
 10
117.5568091666667
 20
274.6245883333333
 30
0.0
 10
117.6210147222222
 20
274.5014688888888
 30
0.0
 10
117.6210147222222
 20
275.6381188888888
 30
0.0
 10
117.6210147222222
 20
277.1545929629629
 30
0.0
 10
117.6210147222222
 20
278.6710670370371
 30
0.0
 10
117.6210147222222
 20
280.1875411111111
 30
0.0
 10
116.6210073148148
 20
280.1875411111111
 30
0.0
 10
115.6209999074074
 20
280.1875411111111
 30
0.0
 10
114.6209925
 20
280.1875411111111
 30
0.0
 10
114.6209925
 20
278.6710670370371
 30
0.0
 10
114.6209925
 20
277.1545929629629
 30
0.0
 10
114.6209925
 20
275.6381188888888
 30
0.0
 10
114.6209925
 20
274.5014688888888
 30
0.0
 10
114.6806119444445
 20
274.6245883333333
 30
0.0
 10
114.6806119444445
 20
273.3637605555555
 30
0.0
 10
114.6806119444445
 20
272.0983466666666
 30
0.0
 10
114.6209925
 20
272.2264049999999
 30
0.0
 10
114.6209925
 20
271.0886966666666
 30
0.0
 10
111.3144063888889
 20
271.0886966666666
 30
0.0
 10
108.9162230555555
 20
274.3032077777777
 30
0.0
 10
108.9162230555555
 20
276.4593855555555
 30
0.0
 10
108.9162230555555
 20
279.2106994444444
 30
0.0
 10
106.3938619444444
 20
284.48508
 30
0.0
 10
109.8334452777778
 20
287.8096577777778
 30
0.0
 10
113.2730286111111
 20
291.1349411111111
 30
0.0
 10
123.3441286111111
 20
289.2860327777777
 30
0.0
 10
125.3115702777778
 20
289.2860327777777
 30
0.0
 10
127.2790119444444
 20
289.2860327777777
 30
0.0
 10
137.3501119444444
 20
291.1349411111111
 30
0.0
 10
140.7896952777778
 20
287.8096577777778
 30
0.0
 10
144.2292786111111
 20
284.48508
 30
0.0
 10
141.7069175
 20
279.2106994444444
 30
0.0
 10
141.7069175
 20
276.4593855555555
 30
0.0
 10
141.7069175
 20
274.3032077777777
 30
0.0
 10
139.3087341666667
 20
271.0886966666666
 30
0.0
 10
136.0021480555556
 20
271.0886966666666
 30
0.0
 10
136.0021480555556
 20
272.2264049999999
 30
0.0
 10
135.9379425
 20
272.0983466666666
 30
0.0
 10
135.9379425
 20
273.3637605555555
 30
0.0
 10
135.9379425
 20
274.6245883333333
 30
0.0
 10
136.0021480555556
 20
274.5014688888888
 30
0.0
 10
136.0021480555556
 20
275.6381188888888
 30
0.0
 10
136.0021480555556
 20
277.1545929629629
 30
0.0
 10
136.0021480555556
 20
278.6710670370371
 30
0.0
 10
136.0021480555556
 20
280.1875411111111
 30
0.0
 10
135.0021406481481
 20
280.1875411111111
 30
0.0
 10
134.0021332407407
 20
280.1875411111111
 30
0.0
 10
133.0021258333333
 20
280.1875411111111
 30
0.0
 10
133.0021258333333
 20
278.6710670370371
 30
0.0
 10
133.0021258333333
 20
277.1545929629629
 30
0.0
 10
133.0021258333333
 20
275.6381188888888
 30
0.0
 10
133.0021258333333
 20
274.5014688888888
 30
0.0
 10
133.0659786111111
 20
274.6245883333333
 30
0.0
 10
133.0659786111111
 20
273.3637605555555
 30
0.0
 10
133.0659786111111
 20
272.0983466666666
 30
0.0
 10
133.0021258333333
 20
272.2264049999999
 30
0.0
 10
133.0021258333333
 20
271.0886966666666
 30
0.0
 10
130.9389637962963
 20
271.0892846296296
 30
0.0
 10
128.8758017592592
 20
271.0898725925925
 30
0.0
 10
126.8126397222222
 20
271.0904605555555
 30
0.0
 10
126.8126397222222
 20
272.2271105555555
 30
0.0
 10
126.7487869444444
 20
272.0990522222222
 30
0.0
 10
126.7487869444444
 20
273.3644661111111
 30
0.0
 10
126.7487869444444
 20
274.6256466666666
 30
0.0
 10
126.8126397222222
 20
274.5021744444444
 30
0.0
 10
126.8126397222222
 20
275.6398827777777
 30
0.0
 10
126.8126397222222
 20
277.1562392592592
 30
0.0
 10
126.8126397222222
 20
278.6725957407407
 30
0.0
 10
126.8126397222222
 20
280.1889522222222
 30
0.0
 10
125.8125147222222
 20
280.1889522222222
 30
0.0
 10
124.8123897222222
 20
280.1889522222222
 30
0.0
 10
123.8122647222222
 20
280.1889522222222
 30
0.0
 10
123.8122647222222
 20
278.6722429629629
 30
0.0
 10
123.8122647222222
 20
277.1555337037037
 30
0.0
 10
123.8122647222222
 20
275.6388244444444
 30
0.0
 10
123.8122647222222
 20
274.5021744444444
 30
0.0
 10
123.8757647222222
 20
274.6256466666666
 30
0.0
 10
123.8757647222222
 20
273.3644661111111
 30
0.0
 10
123.8757647222222
 20
272.0990522222222
 30
0.0
 10
123.8122647222222
 20
272.2271105555555
 30
0.0
 10
123.8122647222222
 20
271.0904605555555
 30
0.0
 10
121.7485147222222
 20
271.0898725925925
 30
0.0
 10
119.6847647222222
 20
271.0892846296296
 30
0.0
 10
117.6210147222222
 20
271.0886966666666
 30
0.0
  0
POLYLINE
  5
257
330
1F
100
AcDbEntity
  8
DEFAULT
 62
     7
100
AcDb2dPolyline
 66
     1
 10
0.0
 20
0.0
 30
0.0
  0
VERTEX
  5
258
330
257
100
AcDbEntity
  8
DEFAULT
 62
     7
100
AcDbVertex
100
AcDb2dVertex
 10
133.4086669444444
 20
225.1511033333333
 30
0.0
  0
VERTEX
  5
259
330
257
100
AcDbEntity
  8
DEFAULT
 62
     7
100
AcDbVertex
100
AcDb2dVertex
 10
135.9084502777778
 20
225.1511033333333
 30
0.0
  0
SEQEND
  5
25A
330
257
100
AcDbEntity
  8
DEFAULT
 62
     7
  0
POLYLINE
  5
25B
330
1F
100
AcDbEntity
  8
DEFAULT
 62
     7
100
AcDb2dPolyline
 66
     1
 10
0.0
 20
0.0
 30
0.0
  0
VERTEX
  5
25C
330
25B
100
AcDbEntity
  8
DEFAULT
 62
     7
100
AcDbVertex
100
AcDb2dVertex
 10
133.6331394444444
 20
228.5307144444444
 30
0.0
  0
VERTEX
  5
25D
330
25B
100
AcDbEntity
  8
DEFAULT
 62
     7
100
AcDbVertex
100
AcDb2dVertex
 10
134.0388338888888
 20
226.2270755555555
 30
0.0
  0
VERTEX
  5
25E
330
25B
100
AcDbEntity
  8
DEFAULT
 62
     7
100
AcDbVertex
100
AcDb2dVertex
 10
134.6597227777778
 20
227.378895
 30
0.0
  0
VERTEX
  5
25F
330
25B
100
AcDbEntity
  8
DEFAULT
 62
     7
100
AcDbVertex
100
AcDb2dVertex
 10
135.2770838888889
 20
226.2270755555555
 30
0.0
  0
VERTEX
  5
260
330
25B
100
AcDbEntity
  8
DEFAULT
 62
     7
100
AcDbVertex
100
AcDb2dVertex
 10
135.6863061111111
 20
228.5307144444444
 30
0.0
  0
SEQEND
  5
261
330
25B
100
AcDbEntity
  8
DEFAULT
 62
     7
  0
POLYLINE
  5
262
330
1F
100
AcDbEntity
  8
DEFAULT
 62
     7
100
AcDb2dPolyline
 66
     1
 10
0.0
 20
0.0
 30
0.0
  0
VERTEX
  5
263
330
262
100
AcDbEntity
  8
DEFAULT
 62
     7
100
AcDbVertex
100
AcDb2dVertex
 10
115.0273572222222
 20
225.1511033333333
 30
0.0
  0
VERTEX
  5
264
330
262
100
AcDbEntity
  8
DEFAULT
 62
     7
100
AcDbVertex
100
AcDb2dVertex
 10
117.5274933333333
 20
225.1511033333333
 30
0.0
  0
SEQEND
  5
265
330
262
100
AcDbEntity
  8
DEFAULT
 62
     7
  0
POLYLINE
  5
266
330
1F
100
AcDbEntity
  8
DEFAULT
 62
     7
100
AcDb2dPolyline
 66
     1
 10
0.0
 20
0.0
 30
0.0
  0
VERTEX
  5
267
330
266
100
AcDbEntity
  8
DEFAULT
 62
     7
100
AcDbVertex
100
AcDb2dVertex
 10
115.2518297222222
 20
228.5307144444444
 30
0.0
  0
VERTEX
  5
268
330
266
100
AcDbEntity
  8
DEFAULT
 62
     7
100
AcDbVertex
100
AcDb2dVertex
 10
115.6575241666666
 20
226.2270755555555
 30
0.0
  0
VERTEX
  5
269
330
266
100
AcDbEntity
  8
DEFAULT
 62
     7
100
AcDbVertex
100
AcDb2dVertex
 10
116.2784130555556
 20
227.378895
 30
0.0
  0
VERTEX
  5
26A
330
266
100
AcDbEntity
  8
DEFAULT
 62
     7
100
AcDbVertex
100
AcDb2dVertex
 10
116.8957741666667
 20
226.2270755555555
 30
0.0
  0
VERTEX
  5
26B
330
266
100
AcDbEntity
  8
DEFAULT
 62
     7
100
AcDbVertex
100
AcDb2dVertex
 10
117.3049963888889
 20
228.5307144444444
 30
0.0
  0
SEQEND
  5
26C
330
266
100
AcDbEntity
  8
DEFAULT
 62
     7
  0
POLYLINE
  5
26D
330
1F
100
AcDbEntity
  8
DEFAULT
 62
     7
100
AcDb2dPolyline
 66
     1
 10
0.0
 20
0.0
 30
0.0
  0
VERTEX
  5
26E
330
26D
100
AcDbEntity
  8
DEFAULT
 62
     7
100
AcDbVertex
100
AcDb2dVertex
 10
126.7541138888889
 20
219.3511191666666
 30
0.0
  0
VERTEX
  5
26F
330
26D
100
AcDbEntity
  8
DEFAULT
 62
     7
100
AcDbVertex
100
AcDb2dVertex
 10
124.2543305555555
 20
219.3511191666666
 30
0.0
  0
SEQEND
  5
270
330
26D
100
AcDbEntity
  8
DEFAULT
 62
     7
  0
POLYLINE
  5
271
330
1F
100
AcDbEntity
  8
DEFAULT
 62
     7
100
AcDb2dPolyline
 66
     1
 10
0.0
 20
0.0
 30
0.0
  0
VERTEX
  5
272
330
271
100
AcDbEntity
  8
DEFAULT
 62
     7
100
AcDbVertex
100
AcDb2dVertex
 10
125.5273291666667
 20
217.2363222222222
 30
0.0
  0
VERTEX
  5
273
330
271
100
AcDbEntity
  8
DEFAULT
 62
     7
100
AcDbVertex
100
AcDb2dVertex
 10
126.5313347222222
 20
215.7239638888889
 30
0.0
  0
SEQEND
  5
274
330
271
100
AcDbEntity
  8
DEFAULT
 62
     7
  0
POLYLINE
  5
275
330
1F
100
AcDbEntity
  8
DEFAULT
 62
     7
100
AcDb2dPolyline
 66
     1
 10
0.0
 20
0.0
 30
0.0
  0
VERTEX
  5
276
330
275
100
AcDbEntity
  8
DEFAULT
 62
     7
100
AcDbVertex
100
AcDb2dVertex
 10
124.4770744444444
 20
215.7239286111111
 30
0.0
  0
VERTEX
  5
277
330
275
100
AcDbEntity
  8
DEFAULT
 62
     7
100
AcDbVertex
100
AcDb2dVertex
 10
125.5272938888888
 20
217.2324063888888
 30
0.0
  0
VERTEX
  5
278
330
275
100
AcDbEntity
  8
DEFAULT
 62
     7
100
AcDbVertex
100
AcDb2dVertex
 10
125.5272938888889
 20
218.3510647222222
 30
0.0
  0
SEQEND
  5
279
330
275
100
AcDbEntity
  8
DEFAULT
 62
     7
  0
SPLINE
  5
27A
330
1F
100
AcDbEntity
  8
DEFAULT
 62
     1
100
AcDbSpline
210
0.0
220
0.0
230
1.0
 70
    11
 71
     3
 72
    89
 73
    85
 74
     0
 42
0.000000001
 43
0.0000000001
 40
1.0
 40
1.0
 40
1.0
 40
1.0
 40
2.0
 40
2.0
 40
2.0
 40
3.0
 40
3.0
 40
3.0
 40
4.0
 40
4.0
 40
4.0
 40
16.89599999999996
 40
16.89599999999996
 40
16.89599999999996
 40
25.39999999999998
 40
25.39999999999998
 40
25.39999999999998
 40
38.29599999999994
 40
38.29599999999994
 40
38.29599999999994
 40
39.29599999999994
 40
39.29599999999994
 40
39.29599999999994
 40
40.29599999999994
 40
40.29599999999994
 40
40.29599999999994
 40
83.8959999999999
 40
83.8959999999999
 40
83.8959999999999
 40
84.8959999999999
 40
84.8959999999999
 40
84.8959999999999
 40
85.8959999999999
 40
85.8959999999999
 40
85.8959999999999
 40
98.79199999999986
 40
98.79199999999986
 40
98.79199999999986
 40
107.2959999999999
 40
107.2959999999999
 40
107.2959999999999
 40
120.1919999999998
 40
120.1919999999998
 40
120.1919999999998
 40
121.1919999999998
 40
121.1919999999998
 40
121.1919999999998
 40
122.1919999999998
 40
122.1919999999998
 40
122.1919999999998
 40
123.1919999999998
 40
123.1919999999998
 40
123.1919999999998
 40
124.1919999999998
 40
124.1919999999998
 40
124.1919999999998
 40
125.1919999999998
 40
125.1919999999998
 40
125.1919999999998
 40
126.1919999999998
 40
126.1919999999998
 40
126.1919999999998
 40
127.1919999999998
 40
127.1919999999998
 40
127.1919999999998
 40
140.0879999999999
 40
140.0879999999999
 40
140.0879999999999
 40
148.5919999999999
 40
148.5919999999999
 40
148.5919999999999
 40
161.5009999999999
 40
161.5009999999999
 40
161.5009999999999
 40
162.5009999999999
 40
162.5009999999999
 40
162.5009999999999
 40
163.5009999999999
 40
163.5009999999999
 40
163.5009999999999
 40
164.5009999999999
 40
164.5009999999999
 40
164.5009999999999
 40
165.5009999999999
 40
165.5009999999999
 40
165.5009999999999
 40
165.5009999999999
 10
141.8815425
 20
218.52255
 30
0.0
 10
141.8815425
 20
216.3670777777778
 30
0.0
 10
139.4833591666666
 20
213.1522138888889
 30
0.0
 10
136.1767730555555
 20
213.1522138888889
 30
0.0
 10
136.1767730555555
 20
214.2895694444444
 30
0.0
 10
136.1122147222222
 20
214.1611583333333
 30
0.0
 10
136.1122147222222
 20
215.426925
 30
0.0
 10
136.1122147222222
 20
216.6881055555555
 30
0.0
 10
136.1767730555555
 20
216.5642805555555
 30
0.0
 10
136.1767730555555
 20
217.7016361111111
 30
0.0
 10
136.1767730555555
 20
219.2181101851851
 30
0.0
 10
136.1767730555555
 20
220.7345842592592
 30
0.0
 10
136.1767730555555
 20
222.2510583333333
 30
0.0
 10
135.1767656481481
 20
222.2510583333333
 30
0.0
 10
134.1767582407407
 20
222.2510583333333
 30
0.0
 10
133.1767508333333
 20
222.2510583333333
 30
0.0
 10
133.1767508333333
 20
220.7345842592592
 30
0.0
 10
133.1767508333333
 20
219.2181101851851
 30
0.0
 10
133.1767508333333
 20
217.7016361111111
 30
0.0
 10
133.1767508333333
 20
216.5642805555555
 30
0.0
 10
133.2409563888889
 20
216.6881055555555
 30
0.0
 10
133.2409563888889
 20
215.426925
 30
0.0
 10
133.2409563888889
 20
214.1611583333333
 30
0.0
 10
133.1767508333333
 20
214.2895694444444
 30
0.0
 10
133.1767508333333
 20
213.1522138888889
 30
0.0
 10
128.0497137962963
 20
213.1522138888889
 30
0.0
 10
122.9226767592593
 20
213.1522138888889
 30
0.0
 10
117.7956397222222
 20
213.1522138888889
 30
0.0
 10
117.7956397222222
 20
214.2895694444444
 30
0.0
 10
117.7310813888889
 20
214.1611583333333
 30
0.0
 10
117.7310813888889
 20
215.426925
 30
0.0
 10
117.7310813888889
 20
216.6881055555555
 30
0.0
 10
117.7956397222222
 20
216.5642805555555
 30
0.0
 10
117.7956397222222
 20
217.7016361111111
 30
0.0
 10
117.7956397222222
 20
219.2181101851851
 30
0.0
 10
117.7956397222222
 20
220.7345842592592
 30
0.0
 10
117.7956397222222
 20
222.2510583333333
 30
0.0
 10
116.7956323148148
 20
222.2510583333333
 30
0.0
 10
115.7956249074074
 20
222.2510583333333
 30
0.0
 10
114.7956175
 20
222.2510583333333
 30
0.0
 10
114.7956175
 20
220.7345842592592
 30
0.0
 10
114.7956175
 20
219.2181101851851
 30
0.0
 10
114.7956175
 20
217.7016361111111
 30
0.0
 10
114.7956175
 20
216.5642805555555
 30
0.0
 10
114.8548841666667
 20
216.6881055555555
 30
0.0
 10
114.8548841666667
 20
215.426925
 30
0.0
 10
114.8548841666667
 20
214.1611583333333
 30
0.0
 10
114.7956175
 20
214.2895694444444
 30
0.0
 10
114.7956175
 20
213.1522138888889
 30
0.0
 10
111.4890313888889
 20
213.1522138888889
 30
0.0
 10
109.0904952777778
 20
216.3670777777778
 30
0.0
 10
109.0904952777778
 20
218.52255
 30
0.0
 10
109.0904952777778
 20
221.2742166666666
 30
0.0
 10
106.5681341666667
 20
226.5482444444444
 30
0.0
 10
110.0077175
 20
229.8731749999999
 30
0.0
 10
113.4473008333333
 20
233.1981055555555
 30
0.0
 10
122.0187425
 20
231.3499027777777
 30
0.0
 10
123.9858313888889
 20
231.3499027777777
 30
0.0
 10
123.9858313888889
 20
230.2171333333333
 30
0.0
 10
124.0454508333333
 20
230.3409583333333
 30
0.0
 10
124.0454508333333
 20
229.0797777777778
 30
0.0
 10
124.0454508333333
 20
227.8185972222222
 30
0.0
 10
123.9858313888889
 20
227.9424222222222
 30
0.0
 10
123.9858313888889
 20
226.8004805555555
 30
0.0
 10
123.9858313888889
 20
225.2840064814814
 30
0.0
 10
123.9858313888889
 20
223.7675324074073
 30
0.0
 10
123.9858313888889
 20
222.2510583333333
 30
0.0
 10
124.9858387962963
 20
222.2510583333333
 30
0.0
 10
125.9858462037037
 20
222.2510583333333
 30
0.0
 10
126.9858536111111
 20
222.2510583333333
 30
0.0
 10
126.9858536111111
 20
223.769061111111
 30
0.0
 10
126.9858536111111
 20
225.2870638888888
 30
0.0
 10
126.9858536111111
 20
226.8050666666666
 30
0.0
 10
126.9858536111111
 20
227.9424222222222
 30
0.0
 10
126.9220008333333
 20
227.8185972222222
 30
0.0
 10
126.9220008333333
 20
229.0797777777778
 30
0.0
 10
126.9220008333333
 20
230.3409583333333
 30
0.0
 10
126.9858536111111
 20
230.2171333333333
 30
0.0
 10
126.9858536111111
 20
231.3499027777777
 30
0.0
 10
128.9536480555555
 20
231.3499027777777
 30
0.0
 10
137.5247369444444
 20
233.1981055555555
 30
0.0
 10
140.9643202777777
 20
229.8731749999999
 30
0.0
 10
144.4039036111111
 20
226.5482444444444
 30
0.0
 10
141.8815425
 20
221.2742166666666
 30
0.0
 10
141.8815425
 20
218.52255
 30
0.0
  0
POLYLINE
  5
27B
330
1F
100
AcDbEntity
  8
DEFAULT
 62
     7
100
AcDb2dPolyline
 66
     1
 10
0.0
 20
0.0
 30
0.0
  0
VERTEX
  5
27C
330
27B
100
AcDbEntity
  8
DEFAULT
 62
     7
100
AcDbVertex
100
AcDb2dVertex
 10
133.4086669444444
 20
254.1193447222222
 30
0.0
  0
VERTEX
  5
27D
330
27B
100
AcDbEntity
  8
DEFAULT
 62
     7
100
AcDbVertex
100
AcDb2dVertex
 10
135.9084502777778
 20
254.1193447222222
 30
0.0
  0
SEQEND
  5
27E
330
27B
100
AcDbEntity
  8
DEFAULT
 62
     7
  0
POLYLINE
  5
27F
330
1F
100
AcDbEntity
  8
DEFAULT
 62
     7
100
AcDb2dPolyline
 66
     1
 10
0.0
 20
0.0
 30
0.0
  0
VERTEX
  5
280
330
27F
100
AcDbEntity
  8
DEFAULT
 62
     7
100
AcDbVertex
100
AcDb2dVertex
 10
133.6331394444444
 20
257.4989911111111
 30
0.0
  0
VERTEX
  5
281
330
27F
100
AcDbEntity
  8
DEFAULT
 62
     7
100
AcDbVertex
100
AcDb2dVertex
 10
134.0388338888888
 20
255.1953522222222
 30
0.0
  0
VERTEX
  5
282
330
27F
100
AcDbEntity
  8
DEFAULT
 62
     7
100
AcDbVertex
100
AcDb2dVertex
 10
134.6597227777778
 20
256.3471716666667
 30
0.0
  0
VERTEX
  5
283
330
27F
100
AcDbEntity
  8
DEFAULT
 62
     7
100
AcDbVertex
100
AcDb2dVertex
 10
135.2770838888889
 20
255.1953522222222
 30
0.0
  0
VERTEX
  5
284
330
27F
100
AcDbEntity
  8
DEFAULT
 62
     7
100
AcDbVertex
100
AcDb2dVertex
 10
135.6863061111111
 20
257.4989911111111
 30
0.0
  0
SEQEND
  5
285
330
27F
100
AcDbEntity
  8
DEFAULT
 62
     7
  0
POLYLINE
  5
286
330
1F
100
AcDbEntity
  8
DEFAULT
 62
     7
100
AcDb2dPolyline
 66
     1
 10
0.0
 20
0.0
 30
0.0
  0
VERTEX
  5
287
330
286
100
AcDbEntity
  8
DEFAULT
 62
     7
100
AcDbVertex
100
AcDb2dVertex
 10
115.0273572222222
 20
254.1193447222222
 30
0.0
  0
VERTEX
  5
288
330
286
100
AcDbEntity
  8
DEFAULT
 62
     7
100
AcDbVertex
100
AcDb2dVertex
 10
117.5274933333333
 20
254.1193447222222
 30
0.0
  0
SEQEND
  5
289
330
286
100
AcDbEntity
  8
DEFAULT
 62
     7
  0
POLYLINE
  5
28A
330
1F
100
AcDbEntity
  8
DEFAULT
 62
     7
100
AcDb2dPolyline
 66
     1
 10
0.0
 20
0.0
 30
0.0
  0
VERTEX
  5
28B
330
28A
100
AcDbEntity
  8
DEFAULT
 62
     7
100
AcDbVertex
100
AcDb2dVertex
 10
115.2518297222222
 20
257.4989911111111
 30
0.0
  0
VERTEX
  5
28C
330
28A
100
AcDbEntity
  8
DEFAULT
 62
     7
100
AcDbVertex
100
AcDb2dVertex
 10
115.6575241666666
 20
255.1953522222222
 30
0.0
  0
VERTEX
  5
28D
330
28A
100
AcDbEntity
  8
DEFAULT
 62
     7
100
AcDbVertex
100
AcDb2dVertex
 10
116.2784130555556
 20
256.3471716666667
 30
0.0
  0
VERTEX
  5
28E
330
28A
100
AcDbEntity
  8
DEFAULT
 62
     7
100
AcDbVertex
100
AcDb2dVertex
 10
116.8957741666667
 20
255.1953522222222
 30
0.0
  0
VERTEX
  5
28F
330
28A
100
AcDbEntity
  8
DEFAULT
 62
     7
100
AcDbVertex
100
AcDb2dVertex
 10
117.3049963888889
 20
257.4989911111111
 30
0.0
  0
SEQEND
  5
290
330
28A
100
AcDbEntity
  8
DEFAULT
 62
     7
  0
POLYLINE
  5
291
330
1F
100
AcDbEntity
  8
DEFAULT
 62
     7
100
AcDb2dPolyline
 66
     1
 10
0.0
 20
0.0
 30
0.0
  0
VERTEX
  5
292
330
291
100
AcDbEntity
  8
DEFAULT
 62
     7
100
AcDbVertex
100
AcDb2dVertex
 10
126.7541138888889
 20
248.3193605555555
 30
0.0
  0
VERTEX
  5
293
330
291
100
AcDbEntity
  8
DEFAULT
 62
     7
100
AcDbVertex
100
AcDb2dVertex
 10
124.2543305555555
 20
248.3193605555555
 30
0.0
  0
SEQEND
  5
294
330
291
100
AcDbEntity
  8
DEFAULT
 62
     7
  0
POLYLINE
  5
295
330
1F
100
AcDbEntity
  8
DEFAULT
 62
     7
100
AcDb2dPolyline
 66
     1
 10
0.0
 20
0.0
 30
0.0
  0
VERTEX
  5
296
330
295
100
AcDbEntity
  8
DEFAULT
 62
     7
100
AcDbVertex
100
AcDb2dVertex
 10
125.5273291666667
 20
246.2045988888889
 30
0.0
  0
VERTEX
  5
297
330
295
100
AcDbEntity
  8
DEFAULT
 62
     7
100
AcDbVertex
100
AcDb2dVertex
 10
126.5313347222222
 20
244.6922405555555
 30
0.0
  0
SEQEND
  5
298
330
295
100
AcDbEntity
  8
DEFAULT
 62
     7
  0
POLYLINE
  5
299
330
1F
100
AcDbEntity
  8
DEFAULT
 62
     7
100
AcDb2dPolyline
 66
     1
 10
0.0
 20
0.0
 30
0.0
  0
VERTEX
  5
29A
330
299
100
AcDbEntity
  8
DEFAULT
 62
     7
100
AcDbVertex
100
AcDb2dVertex
 10
124.4770744444444
 20
244.6922052777777
 30
0.0
  0
VERTEX
  5
29B
330
299
100
AcDbEntity
  8
DEFAULT
 62
     7
100
AcDbVertex
100
AcDb2dVertex
 10
125.5272938888889
 20
246.2003302777777
 30
0.0
  0
VERTEX
  5
29C
330
299
100
AcDbEntity
  8
DEFAULT
 62
     7
100
AcDbVertex
100
AcDb2dVertex
 10
125.5272938888889
 20
247.3193413888889
 30
0.0
  0
SEQEND
  5
29D
330
299
100
AcDbEntity
  8
DEFAULT
 62
     7
  0
SPLINE
  5
29E
330
1F
100
AcDbEntity
  8
DEFAULT
 62
     1
100
AcDbSpline
210
0.0
220
0.0
230
1.0
 70
    11
 71
     3
 72
    89
 73
    85
 74
     0
 42
0.000000001
 43
0.0000000001
 40
1.0
 40
1.0
 40
1.0
 40
1.0
 40
2.0
 40
2.0
 40
2.0
 40
3.0
 40
3.0
 40
3.0
 40
4.0
 40
4.0
 40
4.0
 40
16.89599999999996
 40
16.89599999999996
 40
16.89599999999996
 40
25.39999999999998
 40
25.39999999999998
 40
25.39999999999998
 40
38.29599999999994
 40
38.29599999999994
 40
38.29599999999994
 40
39.29599999999994
 40
39.29599999999994
 40
39.29599999999994
 40
40.29599999999994
 40
40.29599999999994
 40
40.29599999999994
 40
83.8959999999999
 40
83.8959999999999
 40
83.8959999999999
 40
84.8959999999999
 40
84.8959999999999
 40
84.8959999999999
 40
85.8959999999999
 40
85.8959999999999
 40
85.8959999999999
 40
98.79199999999986
 40
98.79199999999986
 40
98.79199999999986
 40
107.2959999999999
 40
107.2959999999999
 40
107.2959999999999
 40
120.1919999999998
 40
120.1919999999998
 40
120.1919999999998
 40
121.1919999999998
 40
121.1919999999998
 40
121.1919999999998
 40
122.1919999999998
 40
122.1919999999998
 40
122.1919999999998
 40
123.1919999999998
 40
123.1919999999998
 40
123.1919999999998
 40
124.1919999999998
 40
124.1919999999998
 40
124.1919999999998
 40
125.1919999999998
 40
125.1919999999998
 40
125.1919999999998
 40
126.1919999999998
 40
126.1919999999998
 40
126.1919999999998
 40
127.1919999999998
 40
127.1919999999998
 40
127.1919999999998
 40
140.0879999999999
 40
140.0879999999999
 40
140.0879999999999
 40
148.5919999999999
 40
148.5919999999999
 40
148.5919999999999
 40
161.5009999999999
 40
161.5009999999999
 40
161.5009999999999
 40
162.5009999999999
 40
162.5009999999999
 40
162.5009999999999
 40
163.5009999999999
 40
163.5009999999999
 40
163.5009999999999
 40
164.5009999999999
 40
164.5009999999999
 40
164.5009999999999
 40
165.5009999999999
 40
165.5009999999999
 40
165.5009999999999
 40
165.5009999999999
 10
141.8815425
 20
247.4908266666667
 30
0.0
 10
141.8815425
 20
245.3353544444444
 30
0.0
 10
139.4833591666666
 20
242.1204905555556
 30
0.0
 10
136.1767730555555
 20
242.1204905555556
 30
0.0
 10
136.1767730555555
 20
243.2578461111111
 30
0.0
 10
136.1122147222222
 20
243.129435
 30
0.0
 10
136.1122147222222
 20
244.3952016666667
 30
0.0
 10
136.1122147222222
 20
245.6563822222222
 30
0.0
 10
136.1767730555555
 20
245.5325572222222
 30
0.0
 10
136.1767730555555
 20
246.6699127777778
 30
0.0
 10
136.1767730555555
 20
248.1863868518518
 30
0.0
 10
136.1767730555555
 20
249.7028609259259
 30
0.0
 10
136.1767730555555
 20
251.219335
 30
0.0
 10
135.1767656481481
 20
251.219335
 30
0.0
 10
134.1767582407407
 20
251.219335
 30
0.0
 10
133.1767508333333
 20
251.219335
 30
0.0
 10
133.1767508333333
 20
249.7028609259259
 30
0.0
 10
133.1767508333333
 20
248.1863868518518
 30
0.0
 10
133.1767508333333
 20
246.6699127777778
 30
0.0
 10
133.1767508333333
 20
245.5325572222222
 30
0.0
 10
133.2409563888889
 20
245.6563822222222
 30
0.0
 10
133.2409563888889
 20
244.3952016666667
 30
0.0
 10
133.2409563888889
 20
243.129435
 30
0.0
 10
133.1767508333333
 20
243.2578461111111
 30
0.0
 10
133.1767508333333
 20
242.1204905555556
 30
0.0
 10
128.0497137962963
 20
242.1204905555556
 30
0.0
 10
122.9226767592593
 20
242.1204905555556
 30
0.0
 10
117.7956397222222
 20
242.1204905555556
 30
0.0
 10
117.7956397222222
 20
243.2578461111111
 30
0.0
 10
117.7310813888889
 20
243.129435
 30
0.0
 10
117.7310813888889
 20
244.3952016666667
 30
0.0
 10
117.7310813888889
 20
245.6563822222222
 30
0.0
 10
117.7956397222222
 20
245.5325572222222
 30
0.0
 10
117.7956397222222
 20
246.6699127777778
 30
0.0
 10
117.7956397222222
 20
248.1863868518518
 30
0.0
 10
117.7956397222222
 20
249.7028609259259
 30
0.0
 10
117.7956397222222
 20
251.219335
 30
0.0
 10
116.7956323148148
 20
251.219335
 30
0.0
 10
115.7956249074074
 20
251.219335
 30
0.0
 10
114.7956175
 20
251.219335
 30
0.0
 10
114.7956175
 20
249.7028609259259
 30
0.0
 10
114.7956175
 20
248.1863868518518
 30
0.0
 10
114.7956175
 20
246.6699127777778
 30
0.0
 10
114.7956175
 20
245.5325572222222
 30
0.0
 10
114.8548841666667
 20
245.6563822222222
 30
0.0
 10
114.8548841666667
 20
244.3952016666667
 30
0.0
 10
114.8548841666667
 20
243.129435
 30
0.0
 10
114.7956175
 20
243.2578461111111
 30
0.0
 10
114.7956175
 20
242.1204905555556
 30
0.0
 10
111.4890313888889
 20
242.1204905555556
 30
0.0
 10
109.0904952777778
 20
245.3353544444444
 30
0.0
 10
109.0904952777778
 20
247.4908266666667
 30
0.0
 10
109.0904952777778
 20
250.2424933333333
 30
0.0
 10
106.5681341666667
 20
255.5165211111111
 30
0.0
 10
110.0077175
 20
258.8414516666666
 30
0.0
 10
113.4473008333333
 20
262.1663822222222
 30
0.0
 10
122.0187425
 20
260.3181794444444
 30
0.0
 10
123.9858313888889
 20
260.3181794444444
 30
0.0
 10
123.9858313888889
 20
259.18541
 30
0.0
 10
124.0454508333333
 20
259.309235
 30
0.0
 10
124.0454508333333
 20
258.0480544444445
 30
0.0
 10
124.0454508333333
 20
256.7868738888889
 30
0.0
 10
123.9858313888889
 20
256.9106988888889
 30
0.0
 10
123.9858313888889
 20
255.7687572222222
 30
0.0
 10
123.9858313888889
 20
254.2522831481482
 30
0.0
 10
123.9858313888889
 20
252.735809074074
 30
0.0
 10
123.9858313888889
 20
251.219335
 30
0.0
 10
124.9858387962963
 20
251.219335
 30
0.0
 10
125.9858462037037
 20
251.219335
 30
0.0
 10
126.9858536111111
 20
251.219335
 30
0.0
 10
126.9858536111111
 20
252.7373377777778
 30
0.0
 10
126.9858536111111
 20
254.2553405555555
 30
0.0
 10
126.9858536111111
 20
255.7733433333333
 30
0.0
 10
126.9858536111111
 20
256.9106988888889
 30
0.0
 10
126.9220008333333
 20
256.7868738888889
 30
0.0
 10
126.9220008333333
 20
258.0480544444445
 30
0.0
 10
126.9220008333333
 20
259.309235
 30
0.0
 10
126.9858536111111
 20
259.18541
 30
0.0
 10
126.9858536111111
 20
260.3181794444444
 30
0.0
 10
128.9536480555555
 20
260.3181794444444
 30
0.0
 10
137.5247369444444
 20
262.1663822222222
 30
0.0
 10
140.9643202777777
 20
258.8414516666666
 30
0.0
 10
144.4039036111111
 20
255.5165211111111
 30
0.0
 10
141.8815425
 20
250.2424933333333
 30
0.0
 10
141.8815425
 20
247.4908266666667
 30
0.0
  0
ENDSEC
  0
SECTION
  2
OBJECTS
  0
DICTIONARY
  5
C
330
0
100
AcDbDictionary
  3
ACAD_GROUP
350
D
  3
ACAD_LAYOUT
350
1A
  3
ACAD_MATERIAL
350
43
  3
ACAD_MLEADERSTYLE
350
2C1
  3
ACAD_MLINESTYLE
350
17
  3
ACAD_PLOTSETTINGS
350
19
  3
ACAD_SCALELIST
350
47
  3
ACAD_VISUALSTYLE
350
2A
  3
ACDBHEADERROUNDTRIPXREC
350
29F
  3
ACDBVARIABLEDICTIONARY
350
2BF
  0
DICTIONARY
  5
D
102
{ACAD_REACTORS
330
C
102
}
330
C
100
AcDbDictionary
  0
DICTIONARY
  5
1A
102
{ACAD_REACTORS
330
C
102
}
330
C
100
AcDbDictionary
  0
DICTIONARY
  5
43
102
{ACAD_REACTORS
330
C
102
}
330
C
100
AcDbDictionary
  3
BYBLOCK
350
45
  3
BYLAYER
350
44
  3
GLOBAL
350
46
  0
DICTIONARY
  5
2C1
102
{ACAD_REACTORS
330
C
102
}
330
C
100
AcDbDictionary
  0
DICTIONARY
  5
17
102
{ACAD_REACTORS
330
C
102
}
330
C
100
AcDbDictionary
  3
STANDARD
350
18
  0
DICTIONARY
  5
19
102
{ACAD_REACTORS
330
C
102
}
330
C
100
AcDbDictionary
  0
DICTIONARY
  5
47
102
{ACAD_REACTORS
330
C
102
}
330
C
100
AcDbDictionary
  3
A0
350
48
  3
A1
350
49
  3
A2
350
4A
  3
A3
350
4B
  3
A4
350
4C
  3
A5
350
4D
  3
A6
350
4E
  3
A7
350
4F
  3
A8
350
50
  3
A9
350
51
  3
B0
350
52
  3
B1
350
53
  3
B2
350
54
  3
B3
350
55
  3
B4
350
56
  3
B5
350
57
  3
B6
350
58
  3
B7
350
59
  3
B8
350
5A
  3
B9
350
5B
  3
C0
350
5C
  3
C1
350
5D
  3
C2
350
5E
  3
C3
350
5F
  3
C4
350
60
  3
C5
350
61
  3
C6
350
62
  3
C7
350
63
  3
C8
350
64
  3
C9
350
65
  3
D0
350
66
  3
D1
350
67
  3
D2
350
68
  0
DICTIONARY
  5
2A
102
{ACAD_REACTORS
330
C
102
}
330
C
100
AcDbDictionary
  3
2DWIREFRAME
350
2F
  3
BASIC
350
32
  3
BRIGHTEN
350
36
  3
COLORCHANGE
350
3A
  3
CONCEPTUAL
350
34
  3
DIM
350
35
  3
EDGECOLOROFF
350
3D
  3
FACEPATTERN
350
39
  3
FLAT
350
2B
  3
FLATWITHEDGES
350
2C
  3
GOURAUD
350
2D
  3
GOURAUDWITHEDGES
350
2E
  3
HIDDEN
350
31
  3
JITTEROFF
350
3B
  3
LINEPATTERN
350
38
  3
OVERHANGOFF
350
3C
  3
REALISTIC
350
33
  3
SHADED
350
42
  3
SHADED_WITH_EDGES
350
41
  3
SHADES_OF_GRAY
350
3E
  3
SKETCHY
350
3F
  3
THICKEN
350
37
  3
WIREFRAME
350
30
  3
X-RAY
350
40
  0
DICTIONARY
  5
29F
102
{ACAD_REACTORS
330
C
102
}
330
C
100
AcDbDictionary
  3
CEPSNTYPE
350
2A8
  3
DIMSTYLEDATA
350
2BE
  3
FINGERPRINTGUID
350
2A9
  3
HYPERLINKBASE
350
2A2
  3
INSUNITS
350
2A7
  3
LAYOUTDICT
350
2A4
  3
LWETCUNION
350
2A6
  3
PLOTSETDICT
350
2A5
  3
PSVPSCALE
350
2AB
  3
PUCSBASE
350
2AE
  3
PUCSORGBACK
350
2B4
  3
PUCSORGBOTTOM
350
2B0
  3
PUCSORGFRONT
350
2B3
  3
PUCSORGLEFT
350
2B1
  3
PUCSORGRIGHT
350
2B2
  3
PUCSORGTOP
350
2AF
  3
PUCSORTHOREF
350
2AC
  3
PUCSORTHOVIEW
350
2AD
  3
STYLESHEET
350
2A3
  3
TSTACKALIGN
350
2A0
  3
TSTACKSIZE
350
2A1
  3
UCSBASE
350
2B7
  3
UCSORGBACK
350
2BD
  3
UCSORGBOTTOM
350
2B9
  3
UCSORGFRONT
350
2BC
  3
UCSORGLEFT
350
2BA
  3
UCSORGRIGHT
350
2BB
  3
UCSORGTOP
350
2B8
  3
UCSORTHOREF
350
2B5
  3
UCSORTHOVIEW
350
2B6
  3
VERSIONGUID
350
2AA
  0
DICTIONARY
  5
2BF
102
{ACAD_REACTORS
330
C
102
}
330
C
100
AcDbDictionary
  3
CANNOSCALE
350
2C6
  3
DIMASSOC
350
2C4
  3
HIDETEXT
350
2C5
  3
MSLTSCALE
350
2C7
  0
MATERIAL
  5
45
102
{ACAD_REACTORS
330
43
102
}
102
{ACAD_XDICTIONARY
360
2CA
102
}
330
43
100
AcDbMaterial
  1
BYBLOCK
  0
MATERIAL
  5
44
102
{ACAD_REACTORS
330
43
102
}
102
{ACAD_XDICTIONARY
360
2C8
102
}
330
43
100
AcDbMaterial
  1
BYLAYER
  0
MATERIAL
  5
46
102
{ACAD_REACTORS
330
43
102
}
102
{ACAD_XDICTIONARY
360
2CC
102
}
330
43
100
AcDbMaterial
  1
GLOBAL
  0
MLINESTYLE
  5
18
102
{ACAD_REACTORS
330
17
102
}
330
17
100
AcDbMlineStyle
  2
Standard
 70
     0
  3

 62
   256
 51
90.0
 52
90.0
 71
     2
 49
0.5
 62
   256
  6
BYLAYER
 49
-0.5
 62
   256
  6
BYLAYER
  0
ACAD_PROXY_OBJECT
  5
48
102
{ACAD_REACTORS
330
47
102
}
330
47
100
AcDbProxyObject
 90
      499
 91
      503
 93
       41
310
903313A31580
  0
ACAD_PROXY_OBJECT
  5
49
102
{ACAD_REACTORS
330
47
102
}
330
47
100
AcDbProxyObject
 90
      499
 91
      503
 93
      105
310
903313A324000000000000004000
  0
ACAD_PROXY_OBJECT
  5
4A
102
{ACAD_REACTORS
330
47
102
}
330
47
100
AcDbProxyObject
 90
      499
 91
      503
 93
      105
310
903313A344000000000000104000
  0
ACAD_PROXY_OBJECT
  5
4B
102
{ACAD_REACTORS
330
47
102
}
330
47
100
AcDbProxyObject
 90
      499
 91
      503
 93
      105
310
903313A354000000000000144000
  0
ACAD_PROXY_OBJECT
  5
4C
102
{ACAD_REACTORS
330
47
102
}
330
47
100
AcDbProxyObject
 90
      499
 91
      503
 93
      105
310
903313A384000000000000204000
  0
ACAD_PROXY_OBJECT
  5
4D
102
{ACAD_REACTORS
330
47
102
}
330
47
100
AcDbProxyObject
 90
      499
 91
      503
 93
      113
310
904313A31304000000000000244000
  0
ACAD_PROXY_OBJECT
  5
4E
102
{ACAD_REACTORS
330
47
102
}
330
47
100
AcDbProxyObject
 90
      499
 91
      503
 93
      113
310
904313A31364000000000000304000
  0
ACAD_PROXY_OBJECT
  5
4F
102
{ACAD_REACTORS
330
47
102
}
330
47
100
AcDbProxyObject
 90
      499
 91
      503
 93
      113
310
904313A32304000000000000344000
  0
ACAD_PROXY_OBJECT
  5
50
102
{ACAD_REACTORS
330
47
102
}
330
47
100
AcDbProxyObject
 90
      499
 91
      503
 93
      113
310
904313A333040000000000003E4000
  0
ACAD_PROXY_OBJECT
  5
51
102
{ACAD_REACTORS
330
47
102
}
330
47
100
AcDbProxyObject
 90
      499
 91
      503
 93
      113
310
904313A34304000000000000444000
  0
ACAD_PROXY_OBJECT
  5
52
102
{ACAD_REACTORS
330
47
102
}
330
47
100
AcDbProxyObject
 90
      499
 91
      503
 93
      113
310
904313A35304000000000000494000
  0
ACAD_PROXY_OBJECT
  5
53
102
{ACAD_REACTORS
330
47
102
}
330
47
100
AcDbProxyObject
 90
      499
 91
      503
 93
      121
310
905313A3130304000000000000594000
  0
ACAD_PROXY_OBJECT
  5
54
102
{ACAD_REACTORS
330
47
102
}
330
47
100
AcDbProxyObject
 90
      499
 91
      503
 93
      105
310
903323A310000000000000010100
  0
ACAD_PROXY_OBJECT
  5
55
102
{ACAD_REACTORS
330
47
102
}
330
47
100
AcDbProxyObject
 90
      499
 91
      503
 93
      105
310
903343A310000000000000410100
  0
ACAD_PROXY_OBJECT
  5
56
102
{ACAD_REACTORS
330
47
102
}
330
47
100
AcDbProxyObject
 90
      499
 91
      503
 93
      105
310
903383A310000000000000810100
  0
ACAD_PROXY_OBJECT
  5
57
102
{ACAD_REACTORS
330
47
102
}
330
47
100
AcDbProxyObject
 90
      499
 91
      503
 93
      113
310
90431303A310000000000000910100
  0
ACAD_PROXY_OBJECT
  5
58
102
{ACAD_REACTORS
330
47
102
}
330
47
100
AcDbProxyObject
 90
      499
 91
      503
 93
      121
310
9053130303A310000000000001650100
  0
ACAD_PROXY_OBJECT
  5
59
102
{ACAD_REACTORS
330
47
102
}
330
47
100
AcDbProxyObject
 90
      499
 91
      503
 93
      257
310
90E312F31323822203D2031272D3022000000000000200FC000000000000284000
  0
ACAD_PROXY_OBJECT
  5
5A
102
{ACAD_REACTORS
330
47
102
}
330
47
100
AcDbProxyObject
 90
      499
 91
      503
 93
      249
310
90D312F363422203D2031272D3022000000000000240FC000000000000284000
  0
ACAD_PROXY_OBJECT
  5
5B
102
{ACAD_REACTORS
330
47
102
}
330
47
100
AcDbProxyObject
 90
      499
 91
      503
 93
      249
310
90D312F333222203D2031272D3022000000000000280FC000000000000284000
  0
ACAD_PROXY_OBJECT
  5
5C
102
{ACAD_REACTORS
330
47
102
}
330
47
100
AcDbProxyObject
 90
      499
 91
      503
 93
      249
310
90D312F313622203D2031272D30220000000000002C0FC000000000000284000
  0
ACAD_PROXY_OBJECT
  5
5D
102
{ACAD_REACTORS
330
47
102
}
330
47
100
AcDbProxyObject
 90
      499
 91
      503
 93
      249
310
90D332F333222203D2031272D30220000000000002E0FC000000000000284000
  0
ACAD_PROXY_OBJECT
  5
5E
102
{ACAD_REACTORS
330
47
102
}
330
47
100
AcDbProxyObject
 90
      499
 91
      503
 93
      241
310
90C312F3822203D2031272D3022000000000000300FC000000000000284000
  0
ACAD_PROXY_OBJECT
  5
5F
102
{ACAD_REACTORS
330
47
102
}
330
47
100
AcDbProxyObject
 90
      499
 91
      503
 93
      249
310
90D332F313622203D2031272D3022000000000000320FC000000000000284000
  0
ACAD_PROXY_OBJECT
  5
60
102
{ACAD_REACTORS
330
47
102
}
330
47
100
AcDbProxyObject
 90
      499
 91
      503
 93
      241
310
90C312F3422203D2031272D3022000000000000340FC000000000000284000
  0
ACAD_PROXY_OBJECT
  5
61
102
{ACAD_REACTORS
330
47
102
}
330
47
100
AcDbProxyObject
 90
      499
 91
      503
 93
      241
310
90C332F3822203D2031272D3022000000000000360FC000000000000284000
  0
ACAD_PROXY_OBJECT
  5
62
102
{ACAD_REACTORS
330
47
102
}
330
47
100
AcDbProxyObject
 90
      499
 91
      503
 93
      241
310
90C312F3222203D2031272D3022000000000000380FC000000000000284000
  0
ACAD_PROXY_OBJECT
  5
63
102
{ACAD_REACTORS
330
47
102
}
330
47
100
AcDbProxyObject
 90
      499
 91
      503
 93
      241
310
90C332F3422203D2031272D30220000000000003A0FC000000000000284000
  0
ACAD_PROXY_OBJECT
  5
64
102
{ACAD_REACTORS
330
47
102
}
330
47
100
AcDbProxyObject
 90
      499
 91
      503
 93
      161
310
90A3122203D2031272D30224000000000000284000
  0
ACAD_PROXY_OBJECT
  5
65
102
{ACAD_REACTORS
330
47
102
}
330
47
100
AcDbProxyObject
 90
      499
 91
      503
 93
      257
310
90E312D312F3222203D2031272D30220000000000003E0FC000000000000284000
  0
ACAD_PROXY_OBJECT
  5
66
102
{ACAD_REACTORS
330
47
102
}
330
47
100
AcDbProxyObject
 90
      499
 91
      503
 93
      225
310
90A3322203D2031272D302200000000000002100000000000000284000
  0
ACAD_PROXY_OBJECT
  5
67
102
{ACAD_REACTORS
330
47
102
}
330
47
100
AcDbProxyObject
 90
      499
 91
      503
 93
      225
310
90A3622203D2031272D302200000000000006100000000000000284000
  0
ACAD_PROXY_OBJECT
  5
68
102
{ACAD_REACTORS
330
47
102
}
330
47
100
AcDbProxyObject
 90
      499
 91
      503
 93
      249
310
90D31272D3022203D2031272D30220000000000000A100000000000000284000
  0
ACAD_PROXY_OBJECT
  5
2F
102
{ACAD_REACTORS
330
2A
102
}
330
2A
100
AcDbProxyObject
 90
      499
 91
      501
 93
      436
310
42CC9915DA5C99599C985B595049028333333333333E33F0000000000000F90107901411070040501600405405064090741402480A0340
1001
ACAD
1000
AcDbSavedByObjectVersion
1070
     0
  0
ACAD_PROXY_OBJECT
  5
32
102
{ACAD_REACTORS
330
2A
102
}
330
2A
100
AcDbProxyObject
 90
      499
 91
      501
 93
      388
310
4150985CDA58D07406404333333333333E33F0000000000000F90107A41107004050150841D405064090741402480A0350
1001
ACAD
1000
AcDbSavedByObjectVersion
1070
     0
  0
ACAD_PROXY_OBJECT
  5
36
102
{ACAD_REACTORS
330
2A
102
}
330
2A
100
AcDbProxyObject
 90
      499
 91
      501
 93
      428
310
42109C9A59DA1D195B90C409028333333333333E33F0000000000000F9010790141107004050150841D405064090741402480A029950
1001
ACAD
1000
AcDbSavedByObjectVersion
1070
     0
  0
ACAD_PROXY_OBJECT
  5
3A
102
{ACAD_REACTORS
330
2A
102
}
330
2A
100
AcDbProxyObject
 90
      499
 91
      501
 93
      452
310
42D0DBDB1BDC90DA185B99D95104090240C333333333333E33F0000000000000F90108901411070040501508421405064090741402480A0350
1001
ACAD
1000
AcDbSavedByObjectVersion
1070
     0
  0
ACAD_PROXY_OBJECT
  5
34
102
{ACAD_REACTORS
330
2A
102
}
330
2A
100
AcDbProxyObject
 90
      499
 91
      501
 93
      500
310
4290DBDB98D95C1D1D585B10940D028333333333333E33F0000000000000F90107902409070040501000000000018199010841D405064090740C02480A0340
1001
ACAD
1000
AcDbSavedByObjectVersion
1070
     0
  0
ACAD_PROXY_OBJECT
  5
35
102
{ACAD_REACTORS
330
2A
102
}
330
2A
100
AcDbProxyObject
 90
      499
 91
      501
 93
      412
310
40D11A5B50B409028333333333333E33F0000000000000F9010790141107004050150841D405064090741402480A02677FFFFFD0
1001
ACAD
1000
AcDbSavedByObjectVersion
1070
     0
  0
ACAD_PROXY_OBJECT
  5
3D
102
{ACAD_REACTORS
330
2A
102
}
330
2A
100
AcDbProxyObject
 90
      499
 91
      501
 93
      452
310
43115919D950DBDB1BDC93D999916409028333333333333E33F0000000000000F9010790141107004050150841D405064090741402480A0350
1001
ACAD
1000
AcDbSavedByObjectVersion
1070
     0
  0
ACAD_PROXY_OBJECT
  5
39
102
{ACAD_REACTORS
330
2A
102
}
330
2A
100
AcDbProxyObject
 90
      499
 91
      501
 93
      444
310
42D19858D95C185D1D195C9B90F409028333333333333E33F0000000000000F9010790141107004050150841D405064090741402480A0350
1001
ACAD
1000
AcDbSavedByObjectVersion
1070
     0
  0
ACAD_PROXY_OBJECT
  5
2B
102
{ACAD_REACTORS
330
2A
102
}
330
2A
100
AcDbProxyObject
 90
      499
 91
      501
 93
      380
310
41119B185D240901404333333333333E33F0000000000000F9010740A907004050150841D405064090741402480A1B50
1001
ACAD
1000
AcDbSavedByObjectVersion
1070
     0
  0
ACAD_PROXY_OBJECT
  5
2C
102
{ACAD_REACTORS
330
2A
102
}
330
2A
100
AcDbProxyObject
 90
      499
 91
      501
 93
      468
310
43519B185D15DA5D1A115919D95CD0140901404333333333333E33F0000000000000F90107409019070040501600405405064090741402480A1B50
1001
ACAD
1000
AcDbSavedByObjectVersion
1070
     0
  0
ACAD_PROXY_OBJECT
  5
2D
102
{ACAD_REACTORS
330
2A
102
}
330
2A
100
AcDbProxyObject
 90
      499
 91
      501
 93
      404
310
41D1DBDD5C985D5910240902404333333333333E33F0000000000000F9010740A9070040501641D405064090741402480A1B50
1001
ACAD
1000
AcDbSavedByObjectVersion
1070
     0
  0
ACAD_PROXY_OBJECT
  5
2E
102
{ACAD_REACTORS
330
2A
102
}
330
2A
100
AcDbProxyObject
 90
      499
 91
      501
 93
      492
310
4411DBDD5C985D5915DA5D1A115919D95CD0340902404333333333333E33F0000000000000F90107409019070040501600405405064090741402480A1B50
1001
ACAD
1000
AcDbSavedByObjectVersion
1070
     0
  0
ACAD_PROXY_OBJECT
  5
31
102
{ACAD_REACTORS
330
2A
102
}
330
2A
100
AcDbProxyObject
 90
      499
 91
      501
 93
      476
310
41921A5919195B90640502408333333333333E33F0000000000000F901079024090700405020000000000001110200405405064090740C02480A0340
1001
ACAD
1000
AcDbSavedByObjectVersion
1070
     0
  0
ACAD_PROXY_OBJECT
  5
3B
102
{ACAD_REACTORS
330
2A
102
}
330
2A
100
AcDbProxyObject
 90
      499
 91
      501
 93
      428
310
42529A5D1D195C93D999914409028333333333333E33F0000000000000F9010790141107004050150A41D405064090741402480A0350
1001
ACAD
1000
AcDbSavedByObjectVersion
1070
     0
  0
ACAD_PROXY_OBJECT
  5
38
102
{ACAD_REACTORS
330
2A
102
}
330
2A
100
AcDbProxyObject
 90
      499
 91
      501
 93
      444
310
42D31A5B995C185D1D195C9B90E409028333333333333E33F0000000000000F9010790141107004050750841D405064090741402483A0350
1001
ACAD
1000
AcDbSavedByObjectVersion
1070
     0
  0
ACAD_PROXY_OBJECT
  5
3C
102
{ACAD_REACTORS
330
2A
102
}
330
2A
100
AcDbProxyObject
 90
      499
 91
      501
 93
      444
310
42D3DD995C9A185B99D3D999915409028333333333333E33F0000000000000F9010790141107004050150941D405064090741402480A0350
1001
ACAD
1000
AcDbSavedByObjectVersion
1070
     0
  0
ACAD_PROXY_OBJECT
  5
33
102
{ACAD_REACTORS
330
2A
102
}
330
2A
100
AcDbProxyObject
 90
      499
 91
      501
 93
      428
310
425499585B1A5CDD1A58D08409038333333333333E33F0000000000000F9010740A907004050150800405405064090740C02480A1B40
1001
ACAD
1000
AcDbSavedByObjectVersion
1070
     0
  0
ACAD_PROXY_OBJECT
  5
42
102
{ACAD_REACTORS
330
2A
102
}
330
2A
100
AcDbProxyObject
 90
      499
 91
      501
 93
      420
310
4194DA1859195911B40902404333333333333E33F0000000000000F9010740A41107004050150800405405064090840C02480A0B40
1001
ACAD
1000
AcDbSavedByObjectVersion
1070
     0
  0
ACAD_PROXY_OBJECT
  5
41
102
{ACAD_REACTORS
330
2A
102
}
330
2A
100
AcDbProxyObject
 90
      499
 91
      501
 93
      516
310
4454DA18591959081DDA5D1A08195919D95CD1A40902404333333333333E33F0000000000000F901074090142907004050250800405405064090740C02480A0B40
1001
ACAD
1000
AcDbSavedByObjectVersion
1070
     0
  0
ACAD_PROXY_OBJECT
  5
3E
102
{ACAD_REACTORS
330
2A
102
}
330
2A
100
AcDbProxyObject
 90
      499
 91
      501
 93
      532
310
4394DA1859195CC81BD98811DC985E5174090240C333333333333E33F0000000000000F901079024090741D01000000000000111010841D405064090740C02480A0340
1001
ACAD
1000
AcDbSavedByObjectVersion
1070
     0
  0
ACAD_PROXY_OBJECT
  5
3F
102
{ACAD_REACTORS
330
2A
102
}
330
2A
100
AcDbProxyObject
 90
      499
 91
      501
 93
      476
310
41D4DAD95D18DA1E51840502408333333333333E33F0000000000000F901079024090741D01000000000000111010B41D405064090741802480A0340
1001
ACAD
1000
AcDbSavedByObjectVersion
1070
     0
  0
ACAD_PROXY_OBJECT
  5
37
102
{ACAD_REACTORS
330
2A
102
}
330
2A
100
AcDbProxyObject
 90
      499
 91
      501
 93
      412
310
41D51A1A58DAD95B90D409028333333333333E33F0000000000000F9010790141107004050150C41D405064090741402480A0350
1001
ACAD
1000
AcDbSavedByObjectVersion
1070
     0
  0
ACAD_PROXY_OBJECT
  5
30
102
{ACAD_REACTORS
330
2A
102
}
330
2A
100
AcDbProxyObject
 90
      499
 91
      501
 93
      420
310
4255DA5C99599C985B595059028333333333333E33F0000000000000F90107901411070040501600405405064090740C02480A0340
1001
ACAD
1000
AcDbSavedByObjectVersion
1070
     0
  0
ACAD_PROXY_OBJECT
  5
40
102
{ACAD_REACTORS
330
2A
102
}
330
2A
100
AcDbProxyObject
 90
      499
 91
      501
 93
      404
310
41560B54985E51940902404000000000000E03F0000000000000F9010740501907004050150841D405064090740C02480A1B40
1001
ACAD
1000
AcDbSavedByObjectVersion
1070
     0
  0
XRECORD
  5
2A8
102
{ACAD_REACTORS
330
29F
102
}
330
29F
100
AcDbXrecord
 90
        0
  0
XRECORD
  5
2BE
102
{ACAD_REACTORS
330
29F
102
}
330
29F
100
AcDbXrecord
1000
DSTYLE
1002
{
1070
   279
 70
     2
1070
   340
340
11
1002
}
  0
XRECORD
  5
2A9
102
{ACAD_REACTORS
330
29F
102
}
330
29F
100
AcDbXrecord
  1
{80E849D8-DB0C-48C4-B6EC-4D1392A09754}
  0
XRECORD
  5
2A2
102
{ACAD_REACTORS
330
29F
102
}
330
29F
100
AcDbXrecord
  1

  0
XRECORD
  5
2A7
102
{ACAD_REACTORS
330
29F
102
}
330
29F
100
AcDbXrecord
 90
        4
  0
XRECORD
  5
2A4
102
{ACAD_REACTORS
330
29F
102
}
330
29F
100
AcDbXrecord
340
1A
  0
XRECORD
  5
2A6
102
{ACAD_REACTORS
330
29F
102
}
330
29F
100
AcDbXrecord
 90
    10781
  0
XRECORD
  5
2A5
102
{ACAD_REACTORS
330
29F
102
}
330
29F
100
AcDbXrecord
340
19
  0
XRECORD
  5
2AB
102
{ACAD_REACTORS
330
29F
102
}
330
29F
100
AcDbXrecord
 40
0.0
  0
XRECORD
  5
2AE
102
{ACAD_REACTORS
330
29F
102
}
330
29F
100
AcDbXrecord
340
0
  0
XRECORD
  5
2B4
102
{ACAD_REACTORS
330
29F
102
}
330
29F
100
AcDbXrecord
 10
0.0
 20
0.0
 30
0.0
  0
XRECORD
  5
2B0
102
{ACAD_REACTORS
330
29F
102
}
330
29F
100
AcDbXrecord
 10
0.0
 20
0.0
 30
0.0
  0
XRECORD
  5
2B3
102
{ACAD_REACTORS
330
29F
102
}
330
29F
100
AcDbXrecord
 10
0.0
 20
0.0
 30
0.0
  0
XRECORD
  5
2B1
102
{ACAD_REACTORS
330
29F
102
}
330
29F
100
AcDbXrecord
 10
0.0
 20
0.0
 30
0.0
  0
XRECORD
  5
2B2
102
{ACAD_REACTORS
330
29F
102
}
330
29F
100
AcDbXrecord
 10
0.0
 20
0.0
 30
0.0
  0
XRECORD
  5
2AF
102
{ACAD_REACTORS
330
29F
102
}
330
29F
100
AcDbXrecord
 10
0.0
 20
0.0
 30
0.0
  0
XRECORD
  5
2AC
102
{ACAD_REACTORS
330
29F
102
}
330
29F
100
AcDbXrecord
340
0
  0
XRECORD
  5
2AD
102
{ACAD_REACTORS
330
29F
102
}
330
29F
100
AcDbXrecord
 70
     0
  0
XRECORD
  5
2A3
102
{ACAD_REACTORS
330
29F
102
}
330
29F
100
AcDbXrecord
  1

  0
XRECORD
  5
2A0
102
{ACAD_REACTORS
330
29F
102
}
330
29F
100
AcDbXrecord
 90
        1
  0
XRECORD
  5
2A1
102
{ACAD_REACTORS
330
29F
102
}
330
29F
100
AcDbXrecord
 90
       70
  0
XRECORD
  5
2B7
102
{ACAD_REACTORS
330
29F
102
}
330
29F
100
AcDbXrecord
340
0
  0
XRECORD
  5
2BD
102
{ACAD_REACTORS
330
29F
102
}
330
29F
100
AcDbXrecord
 10
0.0
 20
0.0
 30
0.0
  0
XRECORD
  5
2B9
102
{ACAD_REACTORS
330
29F
102
}
330
29F
100
AcDbXrecord
 10
0.0
 20
0.0
 30
0.0
  0
XRECORD
  5
2BC
102
{ACAD_REACTORS
330
29F
102
}
330
29F
100
AcDbXrecord
 10
0.0
 20
0.0
 30
0.0
  0
XRECORD
  5
2BA
102
{ACAD_REACTORS
330
29F
102
}
330
29F
100
AcDbXrecord
 10
0.0
 20
0.0
 30
0.0
  0
XRECORD
  5
2BB
102
{ACAD_REACTORS
330
29F
102
}
330
29F
100
AcDbXrecord
 10
0.0
 20
0.0
 30
0.0
  0
XRECORD
  5
2B8
102
{ACAD_REACTORS
330
29F
102
}
330
29F
100
AcDbXrecord
 10
0.0
 20
0.0
 30
0.0
  0
XRECORD
  5
2B5
102
{ACAD_REACTORS
330
29F
102
}
330
29F
100
AcDbXrecord
340
0
  0
XRECORD
  5
2B6
102
{ACAD_REACTORS
330
29F
102
}
330
29F
100
AcDbXrecord
 70
     0
  0
XRECORD
  5
2AA
102
{ACAD_REACTORS
330
29F
102
}
330
29F
100
AcDbXrecord
  1
{FAEB1C32-E019-11D5-929B-00C0DF256EC4}
  0
DICTIONARYVAR
  5
2C6
102
{ACAD_REACTORS
330
2BF
102
}
330
2BF
100
DictionaryVariables
280
     0
  1
1:1
  0
DICTIONARYVAR
  5
2C4
102
{ACAD_REACTORS
330
2BF
102
}
330
2BF
100
DictionaryVariables
280
     0
  1
2
  0
DICTIONARYVAR
  5
2C5
102
{ACAD_REACTORS
330
2BF
102
}
330
2BF
100
DictionaryVariables
280
     0
  1
1
  0
DICTIONARYVAR
  5
2C7
102
{ACAD_REACTORS
330
2BF
102
}
330
2BF
100
DictionaryVariables
280
     0
  1
1
  0
DICTIONARY
  5
2CA
330
45
100
AcDbDictionary
280
     1
  3
ACAD_XREC_ROUNDTRIP
360
2CB
  0
DICTIONARY
  5
2C8
330
44
100
AcDbDictionary
280
     1
  3
ACAD_XREC_ROUNDTRIP
360
2C9
  0
DICTIONARY
  5
2CC
330
46
100
AcDbDictionary
280
     1
  3
ACAD_XREC_ROUNDTRIP
360
2CD
  0
XRECORD
  5
2CB
102
{ACAD_REACTORS
330
2CA
102
}
330
2CA
100
AcDbXrecord
102
MATERIAL
148
0.0
149
0.0
149
0.0
 93
        0
 94
      127
282
     0
 72
     1
 77
     1
171
     1
175
     1
179
     1
273
     0
  0
XRECORD
  5
2C9
102
{ACAD_REACTORS
330
2C8
102
}
330
2C8
100
AcDbXrecord
102
MATERIAL
148
0.0
149
0.0
149
0.0
 93
        0
 94
      127
282
     0
 72
     1
 77
     1
171
     1
175
     1
179
     1
273
     0
  0
XRECORD
  5
2CD
102
{ACAD_REACTORS
330
2CC
102
}
330
2CC
100
AcDbXrecord
102
MATERIAL
148
0.0
149
0.0
149
0.0
 93
        0
 94
      127
282
     0
 72
     1
 77
     1
171
     1
175
     1
179
     1
273
     0
  0
ENDSEC
  0
EOF
