  0
SECTION
  2
HEADER
  9
$ACADVER
  1
AC1014
  9
$ACADMAINTVER
 70
     9
  9
$DWGCODEPAGE
  3
ANSI_1252
  9
$INSBASE
 10
0.0
 20
0.0
 30
0.0
  9
$EXTMIN
 10
0.1000125
 20
0.1014588888888889
 30
0.0
  9
$EXTMAX
 10
200.1003886111111
 20
300.1000122222222
 30
0.0
  9
$LIMMIN
 10
0.0
 20
0.0
  9
$LIMMAX
 10
12.0
 20
9.0
  9
$ORTHOMODE
 70
     0
  9
$REGENMODE
 70
     1
  9
$FILLMODE
 70
     1
  9
$QTEXTMODE
 70
     0
  9
$MIRRTEXT
 70
     1
  9
$DRAGMODE
 70
     2
  9
$LTSCALE
 40
1.0
  9
$OSMODE
 70
    37
  9
$ATTMODE
 70
     1
  9
$TEXTSIZE
 40
0.2
  9
$TRACEWID
 40
0.05
  9
$TEXTSTYLE
  7
STANDARD
  9
$CLAYER
  8
DEFAULT
  9
$CELTYPE
  6
BYLAYER
  9
$CECOLOR
 62
   256
  9
$CELTSCALE
 40
1.0
  9
$DELOBJ
 70
     1
  9
$DISPSILH
 70
     0
  9
$DIMSCALE
 40
1.0
  9
$DIMASZ
 40
0.18
  9
$DIMEXO
 40
0.0625
  9
$DIMDLI
 40
0.38
  9
$DIMRND
 40
0.0
  9
$DIMDLE
 40
0.0
  9
$DIMEXE
 40
0.18
  9
$DIMTP
 40
0.0
  9
$DIMTM
 40
0.0
  9
$DIMTXT
 40
0.18
  9
$DIMCEN
 40
0.09
  9
$DIMTSZ
 40
0.0
  9
$DIMTOL
 70
     0
  9
$DIMLIM
 70
     0
  9
$DIMTIH
 70
     1
  9
$DIMTOH
 70
     1
  9
$DIMSE1
 70
     0
  9
$DIMSE2
 70
     0
  9
$DIMTAD
 70
     0
  9
$DIMZIN
 70
     0
  9
$DIMBLK
  1

  9
$DIMASO
 70
     1
  9
$DIMSHO
 70
     1
  9
$DIMPOST
  1

  9
$DIMAPOST
  1

  9
$DIMALT
 70
     0
  9
$DIMALTD
 70
     2
  9
$DIMALTF
 40
25.4
  9
$DIMLFAC
 40
1.0
  9
$DIMTOFL
 70
     0
  9
$DIMTVP
 40
0.0
  9
$DIMTIX
 70
     0
  9
$DIMSOXD
 70
     0
  9
$DIMSAH
 70
     0
  9
$DIMBLK1
  1

  9
$DIMBLK2
  1

  9
$DIMSTYLE
  2
STANDARD
  9
$DIMCLRD
 70
     0
  9
$DIMCLRE
 70
     0
  9
$DIMCLRT
 70
     0
  9
$DIMTFAC
 40
1.0
  9
$DIMGAP
 40
0.09
  9
$DIMJUST
 70
     0
  9
$DIMSD1
 70
     0
  9
$DIMSD2
 70
     0
  9
$DIMTOLJ
 70
     1
  9
$DIMTZIN
 70
     0
  9
$DIMALTZ
 70
     0
  9
$DIMALTTZ
 70
     0
  9
$DIMFIT
 70
     5
  9
$DIMUPT
 70
     0
  9
$DIMUNIT
 70
     2
  9
$DIMDEC
 70
     4
  9
$DIMTDEC
 70
     4
  9
$DIMALTU
 70
     2
  9
$DIMALTTD
 70
     2
  9
$DIMTXSTY
  7
STANDARD
  9
$DIMAUNIT
 70
     0
  9
$LUNITS
 70
     2
  9
$LUPREC
 70
     3
  9
$SKETCHINC
 40
0.1
  9
$FILLETRAD
 40
0.5
  9
$AUNITS
 70
     0
  9
$AUPREC
 70
     0
  9
$MENU
  1
.
  9
$ELEVATION
 40
0.0
  9
$PELEVATION
 40
0.0
  9
$THICKNESS
 40
0.0
  9
$LIMCHECK
 70
     0
  9
$CHAMFERA
 40
0.0
  9
$CHAMFERB
 40
0.0
  9
$CHAMFERC
 40
0.0
  9
$CHAMFERD
 40
0.0
  9
$SKPOLY
 70
     0
  9
$TDCREATE
 40
2459351.670986481
  9
$TDUPDATE
 40
2459351.671001875
  9
$TDINDWG
 40
0.0000000116
  9
$TDUSRTIMER
 40
0.0000000116
  9
$USRTIMER
 70
     1
  9
$ANGBASE
 50
0.0
  9
$ANGDIR
 70
     0
  9
$PDMODE
 70
     0
  9
$PDSIZE
 40
0.0
  9
$PLINEWID
 40
0.0
  9
$COORDS
 70
     1
  9
$SPLFRAME
 70
     0
  9
$SPLINETYPE
 70
     6
  9
$SPLINESEGS
 70
     8
  9
$ATTDIA
 70
     0
  9
$ATTREQ
 70
     1
  9
$HANDLING
 70
     1
  9
$HANDSEED
  5
347
  9
$SURFTAB1
 70
     6
  9
$SURFTAB2
 70
     6
  9
$SURFTYPE
 70
     6
  9
$SURFU
 70
     6
  9
$SURFV
 70
     6
  9
$UCSNAME
  2

  9
$UCSORG
 10
0.0
 20
0.0
 30
0.0
  9
$UCSXDIR
 10
1.0
 20
0.0
 30
0.0
  9
$UCSYDIR
 10
0.0
 20
1.0
 30
0.0
  9
$PUCSNAME
  2

  9
$PUCSORG
 10
0.0
 20
0.0
 30
0.0
  9
$PUCSXDIR
 10
1.0
 20
0.0
 30
0.0
  9
$PUCSYDIR
 10
0.0
 20
1.0
 30
0.0
  9
$USERI1
 70
     0
  9
$USERI2
 70
     0
  9
$USERI3
 70
     0
  9
$USERI4
 70
     0
  9
$USERI5
 70
     0
  9
$USERR1
 40
0.0
  9
$USERR2
 40
0.0
  9
$USERR3
 40
0.0
  9
$USERR4
 40
0.0
  9
$USERR5
 40
0.0
  9
$WORLDVIEW
 70
     1
  9
$SHADEDGE
 70
     3
  9
$SHADEDIF
 70
    70
  9
$TILEMODE
 70
     1
  9
$MAXACTVP
 70
    64
  9
$PINSBASE
 10
0.0
 20
0.0
 30
0.0
  9
$PLIMCHECK
 70
     0
  9
$PEXTMIN
 10
1.000000000000000E+20
 20
1.000000000000000E+20
 30
1.000000000000000E+20
  9
$PEXTMAX
 10
-1.000000000000000E+20
 20
-1.000000000000000E+20
 30
-1.000000000000000E+20
  9
$PLIMMIN
 10
0.0
 20
0.0
  9
$PLIMMAX
 10
12.0
 20
9.0
  9
$UNITMODE
 70
     0
  9
$VISRETAIN
 70
     1
  9
$PLINEGEN
 70
     0
  9
$PSLTSCALE
 70
     1
  9
$TREEDEPTH
 70
  3020
  9
$PICKSTYLE
 70
     1
  9
$CMLSTYLE
  2
STANDARD
  9
$CMLJUST
 70
     0
  9
$CMLSCALE
 40
1.0
  9
$PROXYGRAPHICS
 70
     1
  9
$MEASUREMENT
 70
     0
  0
ENDSEC
  0
SECTION
  2
CLASSES
  0
CLASS
  1
ACDBDICTIONARYWDFLT
  2
AcDbDictionaryWithDefault
  3
ObjectDBX Classes
 90
        0
280
     0
281
     0
  0
CLASS
  1
VISUALSTYLE
  2
AcDbVisualStyle
  3
ObjectDBX Classes
 90
     4095
280
     0
281
     0
  0
CLASS
  1
MATERIAL
  2
AcDbMaterial
  3
ObjectDBX Classes
 90
     1153
280
     0
281
     0
  0
CLASS
  1
SCALE
  2
AcDbScale
  3
ObjectDBX Classes
 90
     1153
280
     0
281
     0
  0
CLASS
  1
SUN
  2
AcDbSun
  3
SCENEOE
 90
     1153
280
     0
281
     0
  0
CLASS
  1
DICTIONARYVAR
  2
AcDbDictionaryVar
  3
ObjectDBX Classes
 90
        0
280
     0
281
     0
  0
CLASS
  1
XRECORD
  2
AcDbXrecord
  3
ObjectDBX Classes
 90
        0
280
     0
281
     0
  0
CLASS
  1
LWPOLYLINE
  2
AcDbPolyline
  3
ObjectDBX Classes
 90
        0
280
     0
281
     1
  0
CLASS
  1
HATCH
  2
AcDbHatch
  3
ObjectDBX Classes
 90
        0
280
     0
281
     1
  0
CLASS
  1
ACDBPLACEHOLDER
  2
AcDbPlaceHolder
  3
ObjectDBX Classes
 90
        0
280
     0
281
     0
  0
CLASS
  1
LAYOUT
  2
AcDbLayout
  3
ObjectDBX Classes
 90
        0
280
     0
281
     0
  0
ENDSEC
  0
SECTION
  2
TABLES
  0
TABLE
  2
VPORT
  5
8
330
0
100
AcDbSymbolTable
 70
     1
  0
VPORT
  5
29
330
8
100
AcDbSymbolTableRecord
100
AcDbViewportTableRecord
  2
*ACTIVE
 70
     0
 10
0.0
 20
0.0
 11
1.0
 21
1.0
 12
100.1002005555556
 22
150.1007355555555
 13
0.0
 23
0.0
 14
0.5
 24
0.5
 15
0.5
 25
0.5
 16
0.0
 26
0.0
 36
1.0
 17
0.0
 27
0.0
 37
0.0
 40
305.9985244
 41
0.6666711352067336
 42
50.0
 43
0.0
 44
0.0
 50
0.0
 51
0.0
 71
     0
 72
   100
 73
     1
 74
     3
 75
     0
 76
     0
 77
     0
 78
     0
  0
ENDTAB
  0
TABLE
  2
LTYPE
  5
5
330
0
100
AcDbSymbolTable
 70
     1
  0
LTYPE
  5
14
330
5
100
AcDbSymbolTableRecord
100
AcDbLinetypeTableRecord
  2
BYBLOCK
 70
     0
  3

 72
    65
 73
     0
 40
0.0
  0
LTYPE
  5
15
330
5
100
AcDbSymbolTableRecord
100
AcDbLinetypeTableRecord
  2
BYLAYER
 70
     0
  3

 72
    65
 73
     0
 40
0.0
  0
LTYPE
  5
16
330
5
100
AcDbSymbolTableRecord
100
AcDbLinetypeTableRecord
  2
CONTINUOUS
 70
     0
  3
Solid line
 72
    65
 73
     0
 40
0.0
  0
ENDTAB
  0
TABLE
  2
LAYER
  5
2
330
0
100
AcDbSymbolTable
 70
     2
  0
LAYER
  5
10
330
2
100
AcDbSymbolTableRecord
100
AcDbLayerTableRecord
  2
0
 70
     0
 62
     7
  6
CONTINUOUS
  0
LAYER
  5
6A
330
2
100
AcDbSymbolTableRecord
100
AcDbLayerTableRecord
  2
DEFAULT
 70
     0
 62
     7
  6
CONTINUOUS
  0
ENDTAB
  0
TABLE
  2
STYLE
  5
3
330
0
100
AcDbSymbolTable
 70
     1
  0
STYLE
  5
11
330
3
100
AcDbSymbolTableRecord
100
AcDbTextStyleTableRecord
  2
STANDARD
 70
     0
 40
0.0
 41
1.0
 50
0.0
 71
     0
 42
0.2
  3
txt
  4

  0
ENDTAB
  0
TABLE
  2
VIEW
  5
6
330
0
100
AcDbSymbolTable
 70
     0
  0
ENDTAB
  0
TABLE
  2
UCS
  5
7
330
0
100
AcDbSymbolTable
 70
     0
  0
ENDTAB
  0
TABLE
  2
APPID
  5
9
330
0
100
AcDbSymbolTable
 70
     1
  0
APPID
  5
12
330
9
100
AcDbSymbolTableRecord
100
AcDbRegAppTableRecord
  2
ACAD
 70
     0
  0
ENDTAB
  0
TABLE
  2
DIMSTYLE
  5
A
330
0
100
AcDbSymbolTable
 70
     1
  0
DIMSTYLE
105
27
330
A
100
AcDbSymbolTableRecord
100
AcDbDimStyleTableRecord
  2
STANDARD
 70
     0
  3

  4

  5

  6

  7

 40
1.0
 41
0.18
 42
0.0625
 43
0.38
 44
0.18
 45
0.0
 46
0.0
 47
0.0
 48
0.0
140
0.18
141
0.09
142
0.0
143
25.4
144
1.0
145
0.0
146
1.0
147
0.09
 71
     0
 72
     0
 73
     1
 74
     1
 75
     0
 76
     0
 77
     0
 78
     0
170
     0
171
     2
172
     0
173
     0
174
     0
175
     0
176
     0
177
     0
178
     0
270
     2
271
     4
272
     4
273
     2
274
     2
340
11
275
     0
280
     0
281
     0
282
     0
283
     1
284
     0
285
     0
286
     0
287
     3
288
     0
  0
ENDTAB
  0
TABLE
  2
BLOCK_RECORD
  5
1
330
0
100
AcDbSymbolTable
 70
     1
  0
BLOCK_RECORD
  5
1F
330
1
100
AcDbSymbolTableRecord
100
AcDbBlockTableRecord
  2
*MODEL_SPACE
  0
BLOCK_RECORD
  5
1B
330
1
100
AcDbSymbolTableRecord
100
AcDbBlockTableRecord
  2
*PAPER_SPACE
  0
ENDTAB
  0
ENDSEC
  0
SECTION
  2
BLOCKS
  0
BLOCK
  5
20
330
1F
100
AcDbEntity
  8
0
100
AcDbBlockBegin
  2
*MODEL_SPACE
 70
     0
 10
0.0
 20
0.0
 30
0.0
  3
*MODEL_SPACE
  1

  0
ENDBLK
  5
21
330
1F
100
AcDbEntity
  8
0
100
AcDbBlockEnd
  0
BLOCK
  5
1C
330
1B
100
AcDbEntity
 67
     1
  8
0
100
AcDbBlockBegin
  2
*PAPER_SPACE
 70
     0
 10
0.0
 20
0.0
 30
0.0
  3
*PAPER_SPACE
  1

  0
ENDBLK
  5
1D
330
1B
100
AcDbEntity
 67
     1
  8
0
100
AcDbBlockEnd
  0
ENDSEC
  0
SECTION
  2
ENTITIES
  0
SPLINE
  5
6B
330
1F
100
AcDbEntity
  8
DEFAULT
 62
     1
100
AcDbSpline
210
0.0
220
0.0
230
1.0
 70
     8
 71
     3
 72
     8
 73
     4
 74
     0
 42
0.000000001
 43
0.0000000001
 40
0.0
 40
0.0
 40
0.0
 40
0.0
 40
1.0
 40
1.0
 40
1.0
 40
1.0
 10
0.1034697222222222
 20
295.2775752777778
 30
0.0
 10
0.1951919444444444
 20
297.8987141666666
 30
0.0
 10
2.304803055555555
 20
300.0047974999999
 30
0.0
 10
4.925941944444444
 20
300.0965197222222
 30
0.0
  0
POLYLINE
  5
6C
330
1F
100
AcDbEntity
  8
DEFAULT
 62
     1
100
AcDb2dPolyline
 66
     1
 10
0.0
 20
0.0
 30
0.0
  0
VERTEX
  5
6D
330
6C
100
AcDbEntity
  8
DEFAULT
 62
     1
100
AcDbVertex
100
AcDb2dVertex
 10
194.9249975
 20
300.1000122222222
 30
0.0
  0
VERTEX
  5
6E
330
6C
100
AcDbEntity
  8
DEFAULT
 62
     1
100
AcDbVertex
100
AcDb2dVertex
 10
5.275191944444448
 20
300.1000122222222
 30
0.0
  0
SEQEND
  5
6F
330
6C
100
AcDbEntity
  8
DEFAULT
 62
     1
  0
SPLINE
  5
70
330
1F
100
AcDbEntity
  8
DEFAULT
 62
     1
100
AcDbSpline
210
0.0
220
0.0
230
1.0
 70
     8
 71
     3
 72
     8
 73
     4
 74
     0
 42
0.000000001
 43
0.0000000001
 40
0.0
 40
0.0
 40
0.0
 40
0.0
 40
1.0
 40
1.0
 40
1.0
 40
1.0
 10
195.2743180555555
 20
0.1048808333333333
 30
0.0
 10
197.8989847222222
 20
0.1930752777777778
 30
0.0
 10
200.0085958333333
 20
2.302333611111111
 30
0.0
 10
200.0967902777778
 20
4.927353055555555
 30
0.0
  0
POLYLINE
  5
71
330
1F
100
AcDbEntity
  8
DEFAULT
 62
     1
100
AcDb2dPolyline
 66
     1
 10
0.0
 20
0.0
 30
0.0
  0
VERTEX
  5
72
330
71
100
AcDbEntity
  8
DEFAULT
 62
     1
100
AcDbVertex
100
AcDb2dVertex
 10
200.1003886111111
 20
5.276673611111111
 30
0.0
  0
VERTEX
  5
73
330
71
100
AcDbEntity
  8
DEFAULT
 62
     1
100
AcDbVertex
100
AcDb2dVertex
 10
200.1003886111111
 20
294.9248680555555
 30
0.0
  0
SEQEND
  5
74
330
71
100
AcDbEntity
  8
DEFAULT
 62
     1
  0
POLYLINE
  5
75
330
1F
100
AcDbEntity
  8
DEFAULT
 62
     1
100
AcDb2dPolyline
 66
     1
 10
0.0
 20
0.0
 30
0.0
  0
VERTEX
  5
76
330
75
100
AcDbEntity
  8
DEFAULT
 62
     1
100
AcDbVertex
100
AcDb2dVertex
 10
0.1000125
 20
5.276673611111111
 30
0.0
  0
VERTEX
  5
77
330
75
100
AcDbEntity
  8
DEFAULT
 62
     1
100
AcDbVertex
100
AcDb2dVertex
 10
0.1000125
 20
294.9248680555555
 30
0.0
  0
SEQEND
  5
78
330
75
100
AcDbEntity
  8
DEFAULT
 62
     1
  0
POLYLINE
  5
79
330
1F
100
AcDbEntity
  8
DEFAULT
 62
     1
100
AcDb2dPolyline
 66
     1
 10
0.0
 20
0.0
 30
0.0
  0
VERTEX
  5
7A
330
79
100
AcDbEntity
  8
DEFAULT
 62
     1
100
AcDbVertex
100
AcDb2dVertex
 10
194.9249975
 20
0.1014588888888889
 30
0.0
  0
VERTEX
  5
7B
330
79
100
AcDbEntity
  8
DEFAULT
 62
     1
100
AcDbVertex
100
AcDb2dVertex
 10
5.275191944444448
 20
0.1014588888888889
 30
0.0
  0
SEQEND
  5
7C
330
79
100
AcDbEntity
  8
DEFAULT
 62
     1
  0
SPLINE
  5
7D
330
1F
100
AcDbEntity
  8
DEFAULT
 62
     1
100
AcDbSpline
210
0.0
220
0.0
230
1.0
 70
     8
 71
     3
 72
     8
 73
     4
 74
     0
 42
0.000000001
 43
0.0000000001
 40
0.0
 40
0.0
 40
0.0
 40
0.0
 40
1.0
 40
1.0
 40
1.0
 40
1.0
 10
0.1034697222222222
 20
4.927317777777778
 30
0.0
 10
0.1916641666666667
 20
2.302651111111111
 30
0.0
 10
2.301275277777778
 20
0.1965677777777777
 30
0.0
 10
4.925941944444444
 20
0.1048455555555556
 30
0.0
  0
SPLINE
  5
7E
330
1F
100
AcDbEntity
  8
DEFAULT
 62
     1
100
AcDbSpline
210
0.0
220
0.0
230
1.0
 70
     8
 71
     3
 72
     8
 73
     4
 74
     0
 42
0.000000001
 43
0.0000000001
 40
0.0
 40
0.0
 40
0.0
 40
0.0
 40
1.0
 40
1.0
 40
1.0
 40
1.0
 10
195.2743180555555
 20
300.096555
 30
0.0
 10
197.8989847222222
 20
300.0083605555556
 30
0.0
 10
200.0050680555555
 20
297.9022772222222
 30
0.0
 10
200.0967902777778
 20
295.2776105555556
 30
0.0
  0
SPLINE
  5
7F
330
1F
100
AcDbEntity
  8
DEFAULT
 62
     1
100
AcDbSpline
210
0.0
220
0.0
230
1.0
 70
     8
 71
     3
 72
    14
 73
    10
 74
     0
 42
0.000000001
 43
0.0000000001
 40
0.0
 40
0.0
 40
0.0
 40
0.0
 40
1.0
 40
1.0
 40
1.0
 40
14.81999999999999
 40
14.81999999999999
 40
14.81999999999999
 40
15.81999999999999
 40
15.81999999999999
 40
15.81999999999999
 40
15.81999999999999
 10
172.4416230555555
 20
227.1509652777778
 30
0.0
 10
173.2389008333333
 20
227.2074097222222
 30
0.0
 10
173.9303452777778
 20
227.6695486111111
 30
0.0
 10
174.3007619444444
 20
228.3362986111111
 30
0.0
 10
175.9258915740741
 20
228.3362986111111
 30
0.0
 10
177.5510212037037
 20
228.3362986111111
 30
0.0
 10
179.1761508333333
 20
228.3362986111111
 30
0.0
 10
178.6434563888889
 20
225.0660486111111
 30
0.0
 10
175.8424008333333
 20
222.5613263888889
 30
0.0
 10
172.4416230555555
 20
222.4801875
 30
0.0
  0
SPLINE
  5
80
330
1F
100
AcDbEntity
  8
DEFAULT
 62
     1
100
AcDbSpline
210
0.0
220
0.0
230
1.0
 70
     8
 71
     3
 72
    23
 73
    19
 74
     0
 42
0.000000001
 43
0.0000000001
 40
0.0
 40
0.0
 40
0.0
 40
0.0
 40
1.0
 40
1.0
 40
1.0
 40
14.81
 40
14.81
 40
14.81
 40
15.81
 40
15.81
 40
15.81
 40
29.76999999999998
 40
29.76999999999998
 40
29.76999999999998
 40
43.0
 40
43.0
 40
43.0
 40
75.18
 40
75.18
 40
75.18
 40
75.18
 10
172.0924436111111
 20
227.1509652777778
 30
0.0
 10
171.2916380555556
 20
227.2109375
 30
0.0
 10
170.6037213888889
 20
227.6730763888889
 30
0.0
 10
170.2333047222222
 20
228.3362986111111
 30
0.0
 10
168.6093510185185
 20
228.3362986111111
 30
0.0
 10
166.9853973148148
 20
228.3362986111111
 30
0.0
 10
165.3614436111111
 20
228.3362986111111
 30
0.0
 10
165.4249436111111
 20
227.9270763888889
 30
0.0
 10
165.5307769444444
 20
227.5284375
 30
0.0
 10
165.6648325
 20
227.1439097222222
 30
0.0
 10
164.0232399074074
 20
227.1439097222222
 30
0.0
 10
162.3816473148148
 20
227.1439097222222
 30
0.0
 10
160.7400547222222
 20
227.1439097222222
 30
0.0
 10
160.7400547222222
 20
225.5881597222222
 30
0.0
 10
160.7400547222222
 20
224.0324097222222
 30
0.0
 10
160.7400547222222
 20
222.4766597222222
 30
0.0
 10
164.5241843518519
 20
222.4766597222223
 30
0.0
 10
168.3083139814815
 20
222.4766597222223
 30
0.0
 10
172.0924436111111
 20
222.4766597222222
 30
0.0
  0
SPLINE
  5
81
330
1F
100
AcDbEntity
  8
DEFAULT
 62
     1
100
AcDbSpline
210
0.0
220
0.0
230
1.0
 70
     8
 71
     3
 72
    14
 73
    10
 74
     0
 42
0.000000001
 43
0.0000000001
 40
0.0
 40
0.0
 40
0.0
 40
0.0
 40
1.0
 40
1.0
 40
1.0
 40
14.81999999999999
 40
14.81999999999999
 40
14.81999999999999
 40
15.81999999999999
 40
15.81999999999999
 40
15.81999999999999
 40
15.81999999999999
 10
172.4416230555555
 20
236.4749525
 30
0.0
 10
175.8424008333333
 20
236.3938136111111
 30
0.0
 10
178.6434563888889
 20
233.8890913888889
 30
0.0
 10
179.1761508333333
 20
230.6223691666667
 30
0.0
 10
177.5510212037037
 20
230.6223691666667
 30
0.0
 10
175.9258915740741
 20
230.6223691666667
 30
0.0
 10
174.3007619444444
 20
230.6223691666667
 30
0.0
 10
173.9303452777778
 20
231.2855913888889
 30
0.0
 10
173.2389008333333
 20
231.7477302777778
 30
0.0
 10
172.4416230555555
 20
231.8077025
 30
0.0
  0
SPLINE
  5
82
330
1F
100
AcDbEntity
  8
DEFAULT
 62
     1
100
AcDbSpline
210
0.0
220
0.0
230
1.0
 70
     8
 71
     3
 72
    14
 73
    10
 74
     0
 42
0.000000001
 43
0.0000000001
 40
0.0
 40
0.0
 40
0.0
 40
0.0
 40
1.0
 40
1.0
 40
1.0
 40
14.81
 40
14.81
 40
14.81
 40
15.81
 40
15.81
 40
15.81
 40
15.81
 10
172.0924436111111
 20
236.4749525
 30
0.0
 10
168.6916658333333
 20
236.3938136111111
 30
0.0
 10
165.8941380555555
 20
233.8890913888889
 30
0.0
 10
165.3614436111111
 20
230.6223691666667
 30
0.0
 10
166.9853973148148
 20
230.6223691666667
 30
0.0
 10
168.6093510185185
 20
230.6223691666667
 30
0.0
 10
170.2333047222222
 20
230.6223691666667
 30
0.0
 10
170.6037213888889
 20
231.2820636111111
 30
0.0
 10
171.2916380555556
 20
231.7477302777778
 30
0.0
 10
172.0924436111111
 20
231.8077025
 30
0.0
  0
SPLINE
  5
83
330
1F
100
AcDbEntity
  8
DEFAULT
 62
     1
100
AcDbSpline
210
0.0
220
0.0
230
1.0
 70
     8
 71
     3
 72
    23
 73
    19
 74
     0
 42
0.000000001
 43
0.0000000001
 40
0.0
 40
0.0
 40
0.0
 40
0.0
 40
1.0
 40
1.0
 40
1.0
 40
19.70999999999998
 40
19.70999999999998
 40
19.70999999999998
 40
20.70999999999998
 40
20.70999999999998
 40
20.70999999999998
 40
21.70999999999998
 40
21.70999999999998
 40
21.70999999999998
 40
40.41999999999996
 40
40.41999999999996
 40
40.41999999999996
 40
41.41999999999996
 40
41.41999999999996
 40
41.41999999999996
 40
41.41999999999996
 10
172.4416230555555
 20
251.2986747222222
 30
0.0
 10
175.4155397222222
 20
251.2281191666666
 30
0.0
 10
177.9273175
 20
249.2984247222222
 30
0.0
 10
178.8692341666666
 20
246.6314247222222
 30
0.0
 10
176.6690767592592
 20
246.6314247222222
 30
0.0
 10
174.4689193518518
 20
246.6314247222222
 30
0.0
 10
172.2687619444444
 20
246.6314247222222
 30
0.0
 10
170.9775952777778
 20
246.6314247222222
 30
0.0
 10
169.9333730555555
 20
245.5872025
 30
0.0
 10
169.9333730555555
 20
244.2995636111111
 30
0.0
 10
169.9333730555555
 20
243.0119247222222
 30
0.0
 10
170.9775952777778
 20
241.9677025
 30
0.0
 10
172.2687619444444
 20
241.9677025
 30
0.0
 10
174.4689193518518
 20
241.9677025
 30
0.0
 10
176.6690767592592
 20
241.9677025
 30
0.0
 10
178.8692341666666
 20
241.9677025
 30
0.0
 10
177.9273175
 20
239.3007025
 30
0.0
 10
175.4155397222222
 20
237.3710080555555
 30
0.0
 10
172.4416230555555
 20
237.3004525
 30
0.0
  0
SPLINE
  5
84
330
1F
100
AcDbEntity
  8
DEFAULT
 62
     1
100
AcDbSpline
210
0.0
220
0.0
230
1.0
 70
     8
 71
     3
 72
    11
 73
     7
 74
     0
 42
0.000000001
 43
0.0000000001
 40
0.0
 40
0.0
 40
0.0
 40
0.0
 40
1.0
 40
1.0
 40
1.0
 40
2.0
 40
2.0
 40
2.0
 40
2.0
 10
172.0924436111111
 20
251.2986747222222
 30
0.0
 10
168.3071380555555
 20
251.2069525
 30
0.0
 10
165.2661936111111
 20
248.1060358333334
 30
0.0
 10
165.2661936111111
 20
244.2995636111111
 30
0.0
 10
165.2661936111111
 20
240.4930913888889
 30
0.0
 10
168.3071380555555
 20
237.3921747222222
 30
0.0
 10
172.0924436111111
 20
237.3004525
 30
0.0
  0
SPLINE
  5
85
330
1F
100
AcDbEntity
  8
DEFAULT
 62
     1
100
AcDbSpline
210
0.0
220
0.0
230
1.0
 70
     8
 71
     3
 72
    14
 73
    10
 74
     0
 42
0.000000001
 43
0.0000000001
 40
0.0
 40
0.0
 40
0.0
 40
0.0
 40
1.0
 40
1.0
 40
1.0
 40
14.81999999999999
 40
14.81999999999999
 40
14.81999999999999
 40
15.81999999999999
 40
15.81999999999999
 40
15.81999999999999
 40
15.81999999999999
 10
172.4416230555555
 20
256.7913541666667
 30
0.0
 10
173.2389008333333
 20
256.8477986111111
 30
0.0
 10
173.9303452777778
 20
257.3099375
 30
0.0
 10
174.3007619444444
 20
257.9766875
 30
0.0
 10
175.9258915740741
 20
257.9766875
 30
0.0
 10
177.5510212037037
 20
257.9766875
 30
0.0
 10
179.1761508333333
 20
257.9766875
 30
0.0
 10
178.6399286111111
 20
254.7099652777778
 30
0.0
 10
175.8424008333333
 20
252.2017152777778
 30
0.0
 10
172.4416230555555
 20
252.1205763888889
 30
0.0
  0
SPLINE
  5
86
330
1F
100
AcDbEntity
  8
DEFAULT
 62
     1
100
AcDbSpline
210
0.0
220
0.0
230
1.0
 70
     8
 71
     3
 72
    14
 73
    10
 74
     0
 42
0.000000001
 43
0.0000000001
 40
0.0
 40
0.0
 40
0.0
 40
0.0
 40
1.0
 40
1.0
 40
1.0
 40
14.81
 40
14.81
 40
14.81
 40
15.81
 40
15.81
 40
15.81
 40
15.81
 10
172.0924436111111
 20
252.1205058333333
 30
0.0
 10
168.6916658333333
 20
252.2016447222222
 30
0.0
 10
165.8976658333333
 20
254.7098947222222
 30
0.0
 10
165.3614436111111
 20
257.9766169444444
 30
0.0
 10
166.9853973148148
 20
257.9766169444444
 30
0.0
 10
168.6093510185185
 20
257.9766169444444
 30
0.0
 10
170.2333047222222
 20
257.9766169444444
 30
0.0
 10
170.6037213888889
 20
257.3133947222222
 30
0.0
 10
171.2916380555556
 20
256.8512558333333
 30
0.0
 10
172.0924436111111
 20
256.7912836111111
 30
0.0
  0
SPLINE
  5
87
330
1F
100
AcDbEntity
  8
DEFAULT
 62
     1
100
AcDbSpline
210
0.0
220
0.0
230
1.0
 70
     8
 71
     3
 72
    14
 73
    10
 74
     0
 42
0.000000001
 43
0.0000000001
 40
0.0
 40
0.0
 40
0.0
 40
0.0
 40
1.0
 40
1.0
 40
1.0
 40
14.81999999999999
 40
14.81999999999999
 40
14.81999999999999
 40
15.81999999999999
 40
15.81999999999999
 40
15.81999999999999
 40
15.81999999999999
 10
172.4416230555555
 20
271.6151116666666
 30
0.0
 10
173.2389008333333
 20
271.671556111111
 30
0.0
 10
173.9303452777778
 20
272.1301672222222
 30
0.0
 10
174.3007619444444
 20
272.7969172222222
 30
0.0
 10
175.9258915740741
 20
272.7969172222222
 30
0.0
 10
177.5510212037037
 20
272.7969172222222
 30
0.0
 10
179.1761508333333
 20
272.7969172222222
 30
0.0
 10
178.6434563888889
 20
269.530195
 30
0.0
 10
175.8424008333333
 20
267.0254727777777
 30
0.0
 10
172.4416230555555
 20
266.9443338888889
 30
0.0
  0
SPLINE
  5
88
330
1F
100
AcDbEntity
  8
DEFAULT
 62
     1
100
AcDbSpline
210
0.0
220
0.0
230
1.0
 70
     8
 71
     3
 72
    14
 73
    10
 74
     0
 42
0.000000001
 43
0.0000000001
 40
0.0
 40
0.0
 40
0.0
 40
0.0
 40
1.0
 40
1.0
 40
1.0
 40
14.81
 40
14.81
 40
14.81
 40
15.81
 40
15.81
 40
15.81
 40
15.81
 10
172.0924436111111
 20
266.9442280555555
 30
0.0
 10
168.6916658333333
 20
267.0253669444444
 30
0.0
 10
165.8941380555555
 20
269.5300891666667
 30
0.0
 10
165.3614436111111
 20
272.7968113888889
 30
0.0
 10
166.9853973148148
 20
272.7968113888889
 30
0.0
 10
168.6093510185185
 20
272.7968113888889
 30
0.0
 10
170.2333047222222
 20
272.7968113888889
 30
0.0
 10
170.6037213888889
 20
272.1335891666667
 30
0.0
 10
171.2916380555556
 20
271.6749780555555
 30
0.0
 10
172.0924436111111
 20
271.6150058333333
 30
0.0
  0
SPLINE
  5
89
330
1F
100
AcDbEntity
  8
DEFAULT
 62
     1
100
AcDbSpline
210
0.0
220
0.0
230
1.0
 70
     8
 71
     3
 72
    23
 73
    19
 74
     0
 42
0.000000001
 43
0.0000000001
 40
0.0
 40
0.0
 40
0.0
 40
0.0
 40
32.18000000000001
 40
32.18000000000001
 40
32.18000000000001
 40
45.41000000000003
 40
45.41000000000003
 40
45.41000000000003
 40
59.37000000000006
 40
59.37000000000006
 40
59.37000000000006
 40
60.37000000000006
 40
60.37000000000006
 40
60.37000000000006
 40
74.19000000000005
 40
74.19000000000005
 40
74.19000000000005
 40
75.19000000000005
 40
75.19000000000005
 40
75.19000000000005
 40
75.19000000000005
 10
172.4416230555555
 20
266.1187986111111
 30
0.0
 10
176.2257526851852
 20
266.1187986111111
 30
0.0
 10
180.0098823148148
 20
266.1187986111111
 30
0.0
 10
183.7940119444444
 20
266.1187986111111
 30
0.0
 10
183.7940119444444
 20
264.5630486111111
 30
0.0
 10
183.7940119444444
 20
263.0072986111111
 30
0.0
 10
183.7940119444444
 20
261.4515486111111
 30
0.0
 10
182.1524193518518
 20
261.4515486111111
 30
0.0
 10
180.5108267592592
 20
261.4515486111111
 30
0.0
 10
178.8692341666666
 20
261.4515486111111
 30
0.0
 10
179.0068175
 20
261.0705486111111
 30
0.0
 10
179.1091230555555
 20
260.6719097222222
 30
0.0
 10
179.1761508333333
 20
260.2626875
 30
0.0
 10
177.5510212037037
 20
260.2626875
 30
0.0
 10
175.9258915740741
 20
260.2626875
 30
0.0
 10
174.3007619444444
 20
260.2626875
 30
0.0
 10
173.9303452777778
 20
260.9294374999999
 30
0.0
 10
173.2389008333333
 20
261.3880486111111
 30
0.0
 10
172.4416230555555
 20
261.4444930555555
 30
0.0
  0
SPLINE
  5
8A
330
1F
100
AcDbEntity
  8
DEFAULT
 62
     1
100
AcDbSpline
210
0.0
220
0.0
230
1.0
 70
     8
 71
     3
 72
    14
 73
    10
 74
     0
 42
0.000000001
 43
0.0000000001
 40
0.0
 40
0.0
 40
0.0
 40
0.0
 40
1.0
 40
1.0
 40
1.0
 40
14.81
 40
14.81
 40
14.81
 40
15.81
 40
15.81
 40
15.81
 40
15.81
 10
172.0924436111111
 20
266.1153413888889
 30
0.0
 10
168.6916658333333
 20
266.0342025
 30
0.0
 10
165.8976658333333
 20
263.5294802777777
 30
0.0
 10
165.3614436111111
 20
260.2627580555555
 30
0.0
 10
166.9853973148148
 20
260.2627580555555
 30
0.0
 10
168.6093510185185
 20
260.2627580555555
 30
0.0
 10
170.2333047222222
 20
260.2627580555555
 30
0.0
 10
170.6037213888889
 20
260.9259802777777
 30
0.0
 10
171.2916380555556
 20
261.3845913888889
 30
0.0
 10
172.0924436111111
 20
261.4445636111111
 30
0.0
  0
SPLINE
  5
8B
330
1F
100
AcDbEntity
  8
DEFAULT
 62
     1
100
AcDbSpline
210
0.0
220
0.0
230
1.0
 70
     8
 71
     3
 72
    14
 73
    10
 74
     0
 42
0.000000001
 43
0.0000000001
 40
0.0
 40
0.0
 40
0.0
 40
0.0
 40
1.0
 40
1.0
 40
1.0
 40
14.81999999999999
 40
14.81999999999999
 40
14.81999999999999
 40
15.81999999999999
 40
15.81999999999999
 40
15.81999999999999
 40
15.81999999999999
 10
172.4416230555555
 20
280.9388872222222
 30
0.0
 10
175.8424008333333
 20
280.8577483333333
 30
0.0
 10
178.6434563888889
 20
278.3494983333333
 30
0.0
 10
179.1761508333333
 20
275.0827761111111
 30
0.0
 10
177.5510212037037
 20
275.0827761111111
 30
0.0
 10
175.9258915740741
 20
275.0827761111111
 30
0.0
 10
174.3007619444444
 20
275.0827761111111
 30
0.0
 10
173.9303452777778
 20
275.7495261111111
 30
0.0
 10
173.2389008333333
 20
276.211665
 30
0.0
 10
172.4416230555555
 20
276.2681094444444
 30
0.0
  0
SPLINE
  5
8C
330
1F
100
AcDbEntity
  8
DEFAULT
 62
     1
100
AcDbSpline
210
0.0
220
0.0
230
1.0
 70
     8
 71
     3
 72
    14
 73
    10
 74
     0
 42
0.000000001
 43
0.0000000001
 40
0.0
 40
0.0
 40
0.0
 40
0.0
 40
1.0
 40
1.0
 40
1.0
 40
14.81
 40
14.81
 40
14.81
 40
15.81
 40
15.81
 40
15.81
 40
15.81
 10
172.0924436111111
 20
280.9388872222222
 30
0.0
 10
168.6916658333333
 20
280.8577483333333
 30
0.0
 10
165.8941380555555
 20
278.3494983333333
 30
0.0
 10
165.3614436111111
 20
275.0827761111111
 30
0.0
 10
166.9853973148148
 20
275.0827761111111
 30
0.0
 10
168.6093510185185
 20
275.0827761111111
 30
0.0
 10
170.2333047222222
 20
275.0827761111111
 30
0.0
 10
170.6037213888889
 20
275.7459983333333
 30
0.0
 10
171.2916380555556
 20
276.2081372222222
 30
0.0
 10
172.0924436111111
 20
276.2681094444444
 30
0.0
  0
SPLINE
  5
8D
330
1F
100
AcDbEntity
  8
DEFAULT
 62
     3
100
AcDbSpline
210
0.0
220
0.0
230
1.0
 70
    11
 71
     3
 72
    14
 73
    10
 74
     0
 42
0.000000001
 43
0.0000000001
 40
0.0
 40
0.0
 40
0.0
 40
0.0
 40
1.0
 40
1.0
 40
1.0
 40
2.0
 40
2.0
 40
2.0
 40
3.0
 40
3.0
 40
3.0
 40
3.0
 10
46.72471111111111
 20
255.0664119444444
 30
0.0
 10
45.72493888888889
 20
256.0411369444445
 30
0.0
 10
48.13088333333333
 20
256.5403175
 30
0.0
 10
49.85561388888889
 20
257.4741202777778
 30
0.0
 10
51.58069722222223
 20
258.4079230555556
 30
0.0
 10
50.68746388888889
 20
256.5805341666667
 30
0.0
 10
49.79564166666667
 20
255.5020925
 30
0.0
 10
48.90381944444444
 20
254.4236508333333
 30
0.0
 10
47.53398333333334
 20
254.2772480555556
 30
0.0
 10
46.72471111111111
 20
255.0664119444444
 30
0.0
  0
SPLINE
  5
8E
330
1F
100
AcDbEntity
  8
DEFAULT
 62
     7
100
AcDbSpline
210
0.0
220
0.0
230
1.0
 70
     8
 71
     3
 72
    23
 73
    19
 74
     0
 42
0.000000001
 43
0.0000000001
 40
0.0
 40
0.0
 40
0.0
 40
0.0
 40
1.0
 40
1.0
 40
1.0
 40
2.0
 40
2.0
 40
2.0
 40
3.021213203435668
 40
3.021213203435668
 40
3.021213203435668
 40
4.021213203435668
 40
4.021213203435668
 40
4.021213203435668
 40
5.021213203435668
 40
5.021213203435668
 40
5.021213203435668
 40
6.021213203435668
 40
6.021213203435668
 40
6.021213203435668
 40
6.021213203435668
 10
13.87400916666667
 20
260.3083016666666
 30
0.0
 10
13.88670916666667
 20
260.4589377777777
 30
0.0
 10
13.97596194444444
 20
260.6861266666667
 30
0.0
 10
14.14388416666667
 20
260.8540488888889
 30
0.0
 10
14.45080083333333
 20
261.1609655555555
 30
0.0
 10
14.79934527777777
 20
261.0907627777777
 30
0.0
 10
15.01700916666667
 20
260.8730988888889
 30
0.0
 10
15.20186472222222
 20
260.6882433333333
 30
0.0
 10
15.26324805555556
 20
260.4349488888889
 30
0.0
 10
15.15635638888889
 20
260.1580183333333
 30
0.0
 10
15.3927175
 20
260.3054794444444
 30
0.0
 10
15.71374527777778
 20
260.2963072222222
 30
0.0
 10
15.96457027777778
 20
260.0454822222222
 30
0.0
 10
16.25102583333333
 20
259.7586738888889
 30
0.0
 10
16.30747027777777
 20
259.3138211111111
 30
0.0
 10
15.93352583333333
 20
258.9395238888889
 30
0.0
 10
15.75854805555555
 20
258.7645461111111
 30
0.0
 10
15.54158972222222
 20
258.674235
 30
0.0
 10
15.40718138888889
 20
258.655185
 30
0.0
  0
POLYLINE
  5
8F
330
1F
100
AcDbEntity
  8
DEFAULT
 62
     7
100
AcDb2dPolyline
 66
     1
 10
0.0
 20
0.0
 30
0.0
  0
VERTEX
  5
90
330
8F
100
AcDbEntity
  8
DEFAULT
 62
     7
100
AcDbVertex
100
AcDb2dVertex
 10
17.12344527777778
 20
258.9653825000001
 30
0.0
  0
VERTEX
  5
91
330
8F
100
AcDbEntity
  8
DEFAULT
 62
     7
100
AcDbVertex
100
AcDb2dVertex
 10
15.00219250000001
 20
256.8441297222222
 30
0.0
  0
SEQEND
  5
92
330
8F
100
AcDbEntity
  8
DEFAULT
 62
     7
  0
SPLINE
  5
93
330
1F
100
AcDbEntity
  8
DEFAULT
 62
     7
100
AcDbSpline
210
0.0
220
0.0
230
1.0
 70
     8
 71
     3
 72
    17
 73
    13
 74
     0
 42
0.000000001
 43
0.0000000001
 40
0.0
 40
0.0
 40
0.0
 40
0.0
 40
3.071671857474399
 40
3.071671857474399
 40
3.071671857474399
 40
4.071671857474399
 40
4.071671857474399
 40
4.071671857474399
 40
5.071671857474399
 40
5.071671857474399
 40
5.071671857474399
 40
6.071671857474399
 40
6.071671857474399
 40
6.071671857474399
 40
6.071671857474399
 10
15.13046249999998
 20
258.1399530555556
 30
0.0
 10
14.87505138888886
 20
258.3953641666668
 30
0.0
 10
14.61964027777775
 20
258.6507752777779
 30
0.0
 10
14.36422916666664
 20
258.906186388889
 30
0.0
 10
14.14903472222222
 20
259.1213808333333
 30
0.0
 10
13.88480416666667
 20
259.2201586111111
 30
0.0
 10
13.64738472222222
 20
258.9827391666666
 30
0.0
 10
13.48440138888889
 20
258.8201086111111
 30
0.0
 10
13.46570416666667
 20
258.5809252777778
 30
0.0
 10
13.5524875
 20
258.4031252777777
 30
0.0
 10
13.57118472222222
 20
258.3555002777778
 30
0.0
 10
13.60399305555555
 20
258.3170475
 30
0.0
 10
13.6509125
 20
258.2701280555556
 30
0.0
  0
POLYLINE
  5
94
330
1F
100
AcDbEntity
  8
DEFAULT
 62
     7
100
AcDb2dPolyline
 66
     1
 10
0.0
 20
0.0
 30
0.0
  0
VERTEX
  5
95
330
94
100
AcDbEntity
  8
DEFAULT
 62
     7
100
AcDbVertex
100
AcDb2dVertex
 10
14.4557397222222
 20
257.4652302777777
 30
0.0
  0
VERTEX
  5
96
330
94
100
AcDbEntity
  8
DEFAULT
 62
     7
100
AcDbVertex
100
AcDb2dVertex
 10
12.49888138888888
 20
259.4220886111111
 30
0.0
  0
SEQEND
  5
97
330
94
100
AcDbEntity
  8
DEFAULT
 62
     7
  0
SPLINE
  5
98
330
1F
100
AcDbEntity
  8
DEFAULT
 62
     1
100
AcDbSpline
210
0.0
220
0.0
230
1.0
 70
     8
 71
     3
 72
    32
 73
    28
 74
     0
 42
0.000000001
 43
0.0000000001
 40
0.0
 40
0.0
 40
0.0
 40
0.0
 40
3.761808075912428
 40
3.761808075912428
 40
3.761808075912428
 40
16.6452936291314
 40
16.6452936291314
 40
16.6452936291314
 40
17.6452936291314
 40
17.6452936291314
 40
17.6452936291314
 40
18.6452936291314
 40
18.6452936291314
 40
18.6452936291314
 40
19.6452936291314
 40
19.6452936291314
 40
19.6452936291314
 40
20.6452936291314
 40
20.6452936291314
 40
20.6452936291314
 40
21.6452936291314
 40
21.6452936291314
 40
21.6452936291314
 40
22.6452936291314
 40
22.6452936291314
 40
22.6452936291314
 40
23.6452936291314
 40
23.6452936291314
 40
23.6452936291314
 40
23.6452936291314
 10
16.7184563888889
 20
257.0030561111111
 30
0.0
 10
16.4056600925926
 20
256.6902598148149
 30
0.0
 10
16.0928637962963
 20
256.3774635185185
 30
0.0
 10
15.78006750000001
 20
256.0646672222223
 30
0.0
 10
16.85133601851852
 20
254.9933987037037
 30
0.0
 10
17.92260453703704
 20
253.9221301851852
 30
0.0
 10
18.99387305555556
 20
252.8508616666666
 30
0.0
 10
19.79820638888889
 20
252.0430005555556
 30
0.0
 10
19.75234527777778
 20
252.1770561111111
 30
0.0
 10
20.64840083333333
 20
251.2880561111111
 30
0.0
 10
21.54092861111111
 20
250.3884727777778
 30
0.0
 10
21.40687305555555
 20
250.4378616666666
 30
0.0
 10
22.21120638888889
 20
249.6300005555555
 30
0.0
 10
20.22859527777778
 20
247.654445
 30
0.0
 10
14.4148175
 20
249.3160283333333
 30
0.0
 10
12.13587305555555
 20
252.9073061111111
 30
0.0
 10
7.814345277777778
 20
259.7159172222222
 30
0.0
 10
8.276484166666666
 20
261.8713894444444
 30
0.0
 10
10.43195638888889
 20
263.9175005555555
 30
0.0
 10
11.70548416666667
 20
265.1240005555555
 30
0.0
 10
14.07615083333333
 20
266.7079727777777
 30
0.0
 10
17.69565083333333
 20
264.6795005555555
 30
0.0
 10
22.68392861111111
 20
261.878445
 30
0.0
 10
36.24470638888889
 20
252.1876394444444
 30
0.0
 10
50.83559527777777
 20
260.3262227777777
 30
0.0
 10
57.23498416666666
 20
263.8963338888889
 30
0.0
 10
50.69801194444443
 20
248.352945
 30
0.0
 10
45.80851194444444
 20
252.5474727777778
 30
0.0
  0
SPLINE
  5
99
330
1F
100
AcDbEntity
  8
DEFAULT
 62
     1
100
AcDbSpline
210
0.0
220
0.0
230
1.0
 70
     8
 71
     3
 72
    23
 73
    19
 74
     0
 42
0.000000001
 43
0.0000000001
 40
0.0
 40
0.0
 40
0.0
 40
0.0
 40
3.761808075912307
 40
3.761808075912307
 40
3.761808075912307
 40
16.67358564524797
 40
16.67358564524797
 40
16.67358564524797
 40
17.67358564524797
 40
17.67358564524797
 40
17.67358564524797
 40
18.67358564524797
 40
18.67358564524797
 40
18.67358564524797
 40
19.67358564524797
 40
19.67358564524797
 40
19.67358564524797
 40
20.67358564524797
 40
20.67358564524797
 40
20.67358564524797
 40
20.67358564524797
 10
16.96187305555557
 20
257.2498947222222
 30
0.0
 10
17.27466935185186
 20
257.5626910185185
 30
0.0
 10
17.58746564814815
 20
257.8754873148148
 30
0.0
 10
17.90026194444444
 20
258.1882836111111
 30
0.0
 10
18.97270638888889
 20
257.1134873148148
 30
0.0
 10
20.04515083333333
 20
256.0386910185185
 30
0.0
 10
21.11759527777778
 20
254.9638947222222
 30
0.0
 10
21.91840083333333
 20
254.1630891666667
 30
0.0
 10
21.78787305555555
 20
254.2054225
 30
0.0
 10
22.67687305555555
 20
253.3128947222222
 30
0.0
 10
23.57292861111111
 20
252.4168391666666
 30
0.0
 10
23.5270675
 20
252.5544225
 30
0.0
 10
24.33140083333333
 20
251.7500891666666
 30
0.0
 10
27.08659527777777
 20
254.5052836111111
 30
0.0
 10
30.35684527777778
 20
241.5407002777778
 30
0.0
 10
35.96248416666666
 20
246.9205613888889
 30
0.0
 10
39.36326194444444
 20
250.1837558333333
 30
0.0
 10
41.96676194444444
 20
255.9446169444444
 30
0.0
 10
45.54745638888889
 20
252.7802002777778
 30
0.0
  0
SPLINE
  5
9A
330
1F
100
AcDbEntity
  8
DEFAULT
 62
     3
100
AcDbSpline
210
0.0
220
0.0
230
1.0
 70
    11
 71
     3
 72
    14
 73
    10
 74
     0
 42
0.000000001
 43
0.0000000001
 40
0.0
 40
0.0
 40
0.0
 40
0.0
 40
1.0
 40
1.0
 40
1.0
 40
2.0
 40
2.0
 40
2.0
 40
3.0
 40
3.0
 40
3.0
 40
3.0
 10
106.6258133333333
 20
255.0664119444444
 30
0.0
 10
107.6252327777778
 20
256.0411369444445
 30
0.0
 10
105.2196411111111
 20
256.5403175
 30
0.0
 10
103.4949105555555
 20
257.4741202777778
 30
0.0
 10
101.7698272222222
 20
258.4079230555556
 30
0.0
 10
102.6630605555555
 20
256.5805341666667
 30
0.0
 10
103.5548827777778
 20
255.5020925
 30
0.0
 10
104.446705
 20
254.4236508333333
 30
0.0
 10
105.8165411111111
 20
254.2772480555556
 30
0.0
 10
106.6258133333333
 20
255.0664119444444
 30
0.0
  0
SPLINE
  5
9B
330
1F
100
AcDbEntity
  8
DEFAULT
 62
     7
100
AcDbSpline
210
0.0
220
0.0
230
1.0
 70
     8
 71
     3
 72
    23
 73
    19
 74
     0
 42
0.000000001
 43
0.0000000001
 40
0.0
 40
0.0
 40
0.0
 40
0.0
 40
1.0
 40
1.0
 40
1.0
 40
2.0
 40
2.0
 40
2.0
 40
3.021931712199464
 40
3.021931712199464
 40
3.021931712199464
 40
4.021931712199464
 40
4.021931712199464
 40
4.021931712199464
 40
5.021931712199464
 40
5.021931712199464
 40
5.021931712199464
 40
6.021931712199464
 40
6.021931712199464
 40
6.021931712199464
 40
6.021931712199464
 10
139.6913216666667
 20
260.0936716666666
 30
0.0
 10
139.841605
 20
260.0809716666667
 30
0.0
 10
140.0691466666667
 20
259.9917188888889
 30
0.0
 10
140.2367161111111
 20
259.8237966666667
 30
0.0
 10
140.5439855555555
 20
259.51688
 30
0.0
 10
140.47343
 20
259.1679827777778
 30
0.0
 10
140.2557661111111
 20
258.9503188888889
 30
0.0
 10
140.0712633333333
 20
258.7658161111111
 30
0.0
 10
139.8179688888889
 20
258.7044327777778
 30
0.0
 10
139.5406855555555
 20
258.8109716666667
 30
0.0
 10
139.6884994444444
 20
258.5749633333334
 30
0.0
 10
139.6789744444444
 20
258.2539355555555
 30
0.0
 10
139.4281494444444
 20
258.0031105555555
 30
0.0
 10
139.1416938888889
 20
257.7163022222222
 30
0.0
 10
138.6964883333333
 20
257.6598577777777
 30
0.0
 10
138.3225438888889
 20
258.034155
 30
0.0
 10
138.1475661111111
 20
258.2091327777778
 30
0.0
 10
138.057255
 20
258.4257383333334
 30
0.0
 10
138.038205
 20
258.5604994444444
 30
0.0
  0
POLYLINE
  5
9C
330
1F
100
AcDbEntity
  8
DEFAULT
 62
     7
100
AcDb2dPolyline
 66
     1
 10
0.0
 20
0.0
 30
0.0
  0
VERTEX
  5
9D
330
9C
100
AcDbEntity
  8
DEFAULT
 62
     7
100
AcDbVertex
100
AcDb2dVertex
 10
138.3482613888889
 20
256.8440944444444
 30
0.0
  0
VERTEX
  5
9E
330
9C
100
AcDbEntity
  8
DEFAULT
 62
     7
100
AcDbVertex
100
AcDb2dVertex
 10
136.2270086111111
 20
258.9653472222222
 30
0.0
  0
SEQEND
  5
9F
330
9C
100
AcDbEntity
  8
DEFAULT
 62
     7
  0
SPLINE
  5
A0
330
1F
100
AcDbEntity
  8
DEFAULT
 62
     7
100
AcDbSpline
210
0.0
220
0.0
230
1.0
 70
     8
 71
     3
 72
    17
 73
    13
 74
     0
 42
0.000000001
 43
0.0000000001
 40
0.0
 40
0.0
 40
0.0
 40
0.0
 40
3.071671857474399
 40
3.071671857474399
 40
3.071671857474399
 40
4.071671857474399
 40
4.071671857474399
 40
4.071671857474399
 40
5.071671857474399
 40
5.071671857474399
 40
5.071671857474399
 40
6.071671857474399
 40
6.071671857474399
 40
6.071671857474399
 40
6.071671857474399
 10
137.5227966666667
 20
258.8370772222223
 30
0.0
 10
137.7782077777778
 20
259.0924883333334
 30
0.0
 10
138.0336188888889
 20
259.3478994444445
 30
0.0
 10
138.28903
 20
259.6033105555556
 30
0.0
 10
138.5042244444444
 20
259.818505
 30
0.0
 10
138.603355
 20
260.0830883333333
 30
0.0
 10
138.3659355555555
 20
260.3205077777778
 30
0.0
 10
138.2029522222222
 20
260.4831383333333
 30
0.0
 10
137.9637688888889
 20
260.5018355555555
 30
0.0
 10
137.7859688888889
 20
260.415405
 30
0.0
 10
137.7386966666667
 20
260.396355
 30
0.0
 10
137.6998911111111
 20
260.3635466666667
 30
0.0
 10
137.6529716666667
 20
260.3166272222222
 30
0.0
  0
POLYLINE
  5
A1
330
1F
100
AcDbEntity
  8
DEFAULT
 62
     7
100
AcDb2dPolyline
 66
     1
 10
0.0
 20
0.0
 30
0.0
  0
VERTEX
  5
A2
330
A1
100
AcDbEntity
  8
DEFAULT
 62
     7
100
AcDbVertex
100
AcDb2dVertex
 10
136.8480738888888
 20
259.5117999999999
 30
0.0
  0
VERTEX
  5
A3
330
A1
100
AcDbEntity
  8
DEFAULT
 62
     7
100
AcDbVertex
100
AcDb2dVertex
 10
138.8049322222222
 20
261.4686583333332
 30
0.0
  0
SEQEND
  5
A4
330
A1
100
AcDbEntity
  8
DEFAULT
 62
     7
  0
SPLINE
  5
A5
330
1F
100
AcDbEntity
  8
DEFAULT
 62
     1
100
AcDbSpline
210
0.0
220
0.0
230
1.0
 70
     8
 71
     3
 72
    23
 73
    19
 74
     0
 42
0.000000001
 43
0.0000000001
 40
0.0
 40
0.0
 40
0.0
 40
0.0
 40
1.0
 40
1.0
 40
1.0
 40
2.0
 40
2.0
 40
2.0
 40
3.0
 40
3.0
 40
3.0
 40
4.0
 40
4.0
 40
4.0
 40
16.91177756933568
 40
16.91177756933568
 40
16.91177756933568
 40
20.67358564524818
 40
20.67358564524818
 40
20.67358564524818
 40
20.67358564524818
 10
107.8021508333333
 20
252.7802355555555
 30
0.0
 10
111.3863730555556
 20
255.9446522222222
 30
0.0
 10
113.9863452777778
 20
250.1837911111111
 30
0.0
 10
117.3871230555555
 20
246.9205966666667
 30
0.0
 10
122.9962897222222
 20
241.5407355555556
 30
0.0
 10
126.2630119444444
 20
254.5053188888889
 30
0.0
 10
129.0182063888889
 20
251.7501244444445
 30
0.0
 10
129.8260675
 20
252.5544577777778
 30
0.0
 10
129.7766786111111
 20
252.4168744444445
 30
0.0
 10
130.6727341666667
 20
253.31293
 30
0.0
 10
131.5652619444444
 20
254.2054577777778
 30
0.0
 10
131.4312063888889
 20
254.1631244444444
 30
0.0
 10
132.2320119444444
 20
254.96393
 30
0.0
 10
133.3044563888889
 20
256.0387262962963
 30
0.0
 10
134.3769008333333
 20
257.1135225925926
 30
0.0
 10
135.4493452777778
 20
258.1883188888889
 30
0.0
 10
135.762141574074
 20
257.8755225925926
 30
0.0
 10
136.0749378703703
 20
257.5627262962963
 30
0.0
 10
136.3877341666667
 20
257.2499299999999
 30
0.0
  0
SPLINE
  5
A6
330
1F
100
AcDbEntity
  8
DEFAULT
 62
     1
100
AcDbSpline
210
0.0
220
0.0
230
1.0
 70
     8
 71
     3
 72
    32
 73
    28
 74
     0
 42
0.000000001
 43
0.0000000001
 40
0.0
 40
0.0
 40
0.0
 40
0.0
 40
1.0
 40
1.0
 40
1.0
 40
2.0
 40
2.0
 40
2.0
 40
3.0
 40
3.0
 40
3.0
 40
4.0
 40
4.0
 40
4.0
 40
5.0
 40
5.0
 40
5.0
 40
6.0
 40
6.0
 40
6.0
 40
7.0
 40
7.0
 40
7.0
 40
19.88348555321892
 40
19.88348555321892
 40
19.88348555321892
 40
23.64529362913134
 40
23.64529362913134
 40
23.64529362913134
 40
23.64529362913134
 10
107.5411658333333
 20
252.5473669444444
 30
0.0
 10
102.6516658333333
 20
248.3528391666667
 30
0.0
 10
96.11822138888887
 20
263.8962280555555
 30
0.0
 10
102.5140825
 20
260.3261169444444
 30
0.0
 10
117.1049713888889
 20
252.1875336111111
 30
0.0
 10
130.6657491666666
 20
261.8783391666666
 30
0.0
 10
135.6575547222222
 20
264.6793947222222
 30
0.0
 10
139.2735269444444
 20
266.7078669444444
 30
0.0
 10
141.6477213888889
 20
265.1238947222222
 30
0.0
 10
142.9177213888889
 20
263.9173947222222
 30
0.0
 10
145.0731936111111
 20
261.871283611111
 30
0.0
 10
145.5353325
 20
259.7158113888889
 30
0.0
 10
141.2138047222222
 20
252.9072002777777
 30
0.0
 10
138.9348602777778
 20
249.3159225
 30
0.0
 10
133.1210825
 20
247.6543391666666
 30
0.0
 10
131.1384713888889
 20
249.6298947222222
 30
0.0
 10
131.9428047222222
 20
250.4377558333333
 30
0.0
 10
131.8122769444444
 20
250.3883669444444
 30
0.0
 10
132.7012769444444
 20
251.2879502777777
 30
0.0
 10
133.5973325
 20
252.1769502777778
 30
0.0
 10
133.5514713888889
 20
252.0428947222222
 30
0.0
 10
134.3558047222222
 20
252.8507558333333
 30
0.0
 10
135.4270732407407
 20
253.9220243518519
 30
0.0
 10
136.4983417592592
 20
254.9932928703704
 30
0.0
 10
137.5696102777778
 20
256.0645613888889
 30
0.0
 10
137.2568139814815
 20
256.3773576851852
 30
0.0
 10
136.9440176851852
 20
256.6901539814814
 30
0.0
 10
136.6312213888889
 20
257.0029502777778
 30
0.0
  0
SPLINE
  5
A7
330
1F
100
AcDbEntity
  8
DEFAULT
 62
     3
100
AcDbSpline
210
0.0
220
0.0
230
1.0
 70
    11
 71
     3
 72
    14
 73
    10
 74
     0
 42
0.000000001
 43
0.0000000001
 40
0.0
 40
0.0
 40
0.0
 40
0.0
 40
1.0
 40
1.0
 40
1.0
 40
2.0
 40
2.0
 40
2.0
 40
3.0
 40
3.0
 40
3.0
 40
3.0
 10
71.93523416666666
 20
284.0256927777777
 30
0.0
 10
71.43005638888889
 20
285.0939038888889
 30
0.0
 10
71.4995536111111
 20
285.8622538888889
 30
0.0
 10
72.0964536111111
 20
287.0451177777778
 30
0.0
 10
72.4919175
 20
287.82899
 30
0.0
 10
73.60246194444444
 20
288.5204344444444
 30
0.0
 10
73.0870536111111
 20
286.9205872222222
 30
0.0
 10
72.38678972222222
 20
284.746065
 30
0.0
 10
72.94523694444443
 20
281.8906816666666
 30
0.0
 10
71.93523416666666
 20
284.0256927777777
 30
0.0
  0
SPLINE
  5
A8
330
1F
100
AcDbEntity
  8
DEFAULT
 62
     3
100
AcDbSpline
210
0.0
220
0.0
230
1.0
 70
    11
 71
     3
 72
    14
 73
    10
 74
     0
 42
0.000000001
 43
0.0000000001
 40
0.0
 40
0.0
 40
0.0
 40
0.0
 40
1.0
 40
1.0
 40
1.0
 40
2.0
 40
2.0
 40
2.0
 40
3.0
 40
3.0
 40
3.0
 40
3.0
 10
81.4125386111111
 20
284.0256927777777
 30
0.0
 10
81.91806916666665
 20
285.0939038888889
 30
0.0
 10
81.84821916666667
 20
285.8622538888889
 30
0.0
 10
81.25131916666666
 20
287.0451177777778
 30
0.0
 10
80.85585527777776
 20
287.82899
 30
0.0
 10
79.74566361111111
 20
288.5204344444444
 30
0.0
 10
80.26071916666666
 20
286.9205872222222
 30
0.0
 10
80.96098305555554
 20
284.746065
 30
0.0
 10
80.40253583333333
 20
281.8906816666666
 30
0.0
 10
81.4125386111111
 20
284.0256927777777
 30
0.0
  0
SPLINE
  5
A9
330
1F
100
AcDbEntity
  8
DEFAULT
 62
     3
100
AcDbSpline
210
0.0
220
0.0
230
1.0
 70
    11
 71
     3
 72
    23
 73
    19
 74
     0
 42
0.000000001
 43
0.0000000001
 40
0.0
 40
0.0
 40
0.0
 40
0.0
 40
1.0
 40
1.0
 40
1.0
 40
2.0
 40
2.0
 40
2.0
 40
3.0
 40
3.0
 40
3.0
 40
4.0
 40
4.0
 40
4.0
 40
5.0
 40
5.0
 40
5.0
 40
6.0
 40
6.0
 40
6.0
 40
6.0
 10
71.723885
 20
277.4133672222222
 30
0.0
 10
73.55127388888889
 20
286.4480061111111
 30
0.0
 10
71.43813499999999
 20
274.5664505555555
 30
0.0
 10
76.67335722222222
 20
274.5664505555555
 30
0.0
 10
81.91210722222222
 20
274.5664505555555
 30
0.0
 10
79.79896833333332
 20
286.4480061111111
 30
0.0
 10
81.62635722222221
 20
277.4133672222222
 30
0.0
 10
82.41657944444444
 20
273.4975338888889
 30
0.0
 10
84.87191277777778
 20
270.2978394444444
 30
0.0
 10
82.37071833333333
 20
265.4436172222222
 30
0.0
 10
80.61741277777777
 20
262.0357838888889
 30
0.0
 10
79.97888499999999
 20
267.2494866666667
 30
0.0
 10
76.67335722222222
 20
267.2494866666667
 30
0.0
 10
73.36782944444444
 20
267.2494866666667
 30
0.0
 10
72.73282944444445
 20
262.0357838888889
 30
0.0
 10
70.9759961111111
 20
265.4436172222222
 30
0.0
 10
68.47480166666666
 20
270.2978394444444
 30
0.0
 10
70.93366277777777
 20
273.4975338888889
 30
0.0
 10
71.723885
 20
277.4133672222222
 30
0.0
  0
POLYLINE
  5
AA
330
1F
100
AcDbEntity
  8
DEFAULT
 62
     7
100
AcDb2dPolyline
 66
     1
 10
0.0
 20
0.0
 30
0.0
  0
VERTEX
  5
AB
330
AA
100
AcDbEntity
  8
DEFAULT
 62
     7
100
AcDbVertex
100
AcDb2dVertex
 10
77.92384861111111
 20
281.4298127777777
 30
0.0
  0
VERTEX
  5
AC
330
AA
100
AcDbEntity
  8
DEFAULT
 62
     7
100
AcDbVertex
100
AcDb2dVertex
 10
75.42406527777777
 20
281.4298127777777
 30
0.0
  0
SEQEND
  5
AD
330
AA
100
AcDbEntity
  8
DEFAULT
 62
     7
  0
SPLINE
  5
AE
330
1F
100
AcDbEntity
  8
DEFAULT
 62
     7
100
AcDbSpline
210
0.0
220
0.0
230
1.0
 70
     8
 71
     3
 72
    17
 73
    13
 74
     0
 42
0.000000001
 43
0.0000000001
 40
0.0
 40
0.0
 40
0.0
 40
0.0
 40
3.072000000000003
 40
3.072000000000003
 40
3.072000000000003
 40
4.072000000000003
 40
4.072000000000003
 40
4.072000000000003
 40
5.072000000000003
 40
5.072000000000003
 40
5.072000000000003
 40
6.072000000000003
 40
6.072000000000003
 40
6.072000000000003
 40
6.072000000000003
 10
76.14309694444444
 20
280.4298994444444
 30
0.0
 10
76.14309694444444
 20
280.068655
 30
0.0
 10
76.14309694444444
 20
279.7074105555556
 30
0.0
 10
76.14309694444444
 20
279.3461661111111
 30
0.0
 10
76.14309694444444
 20
279.0420716666666
 30
0.0
 10
76.27327194444443
 20
278.7848966666666
 30
0.0
 10
76.6468636111111
 20
278.7848966666666
 30
0.0
 10
76.90298027777777
 20
278.7848966666666
 30
0.0
 10
77.10582749999999
 20
278.9408244444444
 30
0.0
 10
77.17744138888888
 20
279.1281494444444
 30
0.0
 10
77.20001916666666
 20
279.1747161111111
 30
0.0
 10
77.20460527777776
 20
279.2251633333333
 30
0.0
 10
77.20460527777776
 20
279.2914855555555
 30
0.0
  0
POLYLINE
  5
AF
330
1F
100
AcDbEntity
  8
DEFAULT
 62
     7
100
AcDb2dPolyline
 66
     1
 10
0.0
 20
0.0
 30
0.0
  0
VERTEX
  5
B0
330
AF
100
AcDbEntity
  8
DEFAULT
 62
     7
100
AcDbVertex
100
AcDb2dVertex
 10
77.20467583333333
 20
280.4298994444444
 30
0.0
  0
VERTEX
  5
B1
330
AF
100
AcDbEntity
  8
DEFAULT
 62
     7
100
AcDbVertex
100
AcDb2dVertex
 10
77.20467583333333
 20
277.6623577777777
 30
0.0
  0
SEQEND
  5
B2
330
AF
100
AcDbEntity
  8
DEFAULT
 62
     7
  0
SPLINE
  5
B3
330
1F
100
AcDbEntity
  8
DEFAULT
 62
     5
100
AcDbSpline
210
0.0
220
0.0
230
1.0
 70
     8
 71
     3
 72
    14
 73
    10
 74
     0
 42
0.000000001
 43
0.0000000001
 40
0.0
 40
0.0
 40
0.0
 40
0.0
 40
1.0
 40
1.0
 40
1.0
 40
2.0
 40
2.0
 40
2.0
 40
3.0
 40
3.0
 40
3.0
 40
3.0
 10
68.20644361111111
 20
260.9683841666666
 30
0.0
 10
68.84144361111112
 20
264.2153508333333
 30
0.0
 10
67.03874916666666
 20
263.9458286111111
 30
0.0
 10
67.03874916666666
 20
266.1041230555555
 30
0.0
 10
67.03874916666666
 20
273.2803286111111
 30
0.0
 10
67.88964916666667
 20
275.5511591666666
 30
0.0
 10
68.60155472222222
 20
276.9855536111111
 30
0.0
 10
70.66742138888888
 20
281.1486841666666
 30
0.0
 10
68.46185472222221
 20
283.4410341666666
 30
0.0
 10
69.9117713888889
 20
287.9117869444444
 30
0.0
  0
SPLINE
  5
B4
330
1F
100
AcDbEntity
  8
DEFAULT
 62
     5
100
AcDbSpline
210
0.0
220
0.0
230
1.0
 70
     8
 71
     3
 72
    14
 73
    10
 74
     0
 42
0.000000001
 43
0.0000000001
 40
0.0
 40
0.0
 40
0.0
 40
0.0
 40
1.0
 40
1.0
 40
1.0
 40
2.0
 40
2.0
 40
2.0
 40
3.0
 40
3.0
 40
3.0
 40
3.0
 10
83.435825
 20
287.9119633333333
 30
0.0
 10
84.88609444444444
 20
283.4412105555555
 30
0.0
 10
82.68017499999999
 20
281.1485077777778
 30
0.0
 10
84.74639444444443
 20
276.98573
 30
0.0
 10
85.45794722222222
 20
275.5513355555556
 30
0.0
 10
86.30884722222221
 20
273.280505
 30
0.0
 10
86.30884722222221
 20
266.1039466666667
 30
0.0
 10
86.30884722222221
 20
263.946005
 30
0.0
 10
84.50650555555555
 20
264.2151744444444
 30
0.0
 10
85.14115277777778
 20
260.9685605555555
 30
0.0
  0
SPLINE
  5
B5
330
1F
100
AcDbEntity
  8
DEFAULT
 62
     1
100
AcDbSpline
210
0.0
220
0.0
230
1.0
 70
     8
 71
     3
 72
    35
 73
    31
 74
     0
 42
0.000000001
 43
0.0000000001
 40
0.0
 40
0.0
 40
0.0
 40
0.0
 40
3.759999999999991
 40
3.759999999999991
 40
3.759999999999991
 40
16.65999999999997
 40
16.65999999999997
 40
16.65999999999997
 40
17.65999999999997
 40
17.65999999999997
 40
17.65999999999997
 40
18.65999999999997
 40
18.65999999999997
 40
18.65999999999997
 40
19.65999999999997
 40
19.65999999999997
 40
19.65999999999997
 40
20.65999999999997
 40
20.65999999999997
 40
20.65999999999997
 40
21.65999999999997
 40
21.65999999999997
 40
21.65999999999997
 40
22.65999999999997
 40
22.65999999999997
 40
22.65999999999997
 40
23.65999999999997
 40
23.65999999999997
 40
23.65999999999997
 40
27.78999999999996
 40
27.78999999999996
 40
27.78999999999996
 40
27.78999999999996
 10
76.84949916666666
 20
282.5899577777778
 30
0.0
 10
77.2916473148148
 20
282.5899577777778
 30
0.0
 10
77.73379546296296
 20
282.5899577777778
 30
0.0
 10
78.17594361111111
 20
282.5899577777778
 30
0.0
 10
78.17594361111111
 20
284.1069022222222
 30
0.0
 10
78.17594361111111
 20
285.6238466666667
 30
0.0
 10
78.17594361111111
 20
287.1407911111111
 30
0.0
 10
78.17594361111111
 20
288.2767355555555
 30
0.0
 10
78.10891583333333
 20
288.1532633333333
 30
0.0
 10
78.10891583333333
 20
289.4162077777778
 30
0.0
 10
78.10891583333333
 20
290.6791522222222
 30
0.0
 10
78.17594361111111
 20
290.5521522222222
 30
0.0
 10
78.17594361111111
 20
291.6880966666666
 30
0.0
 10
83.68986027777778
 20
291.6880966666666
 30
0.0
 10
82.08472138888888
 20
287.6487911111111
 30
0.0
 10
84.18727694444445
 20
287.6487911111111
 30
0.0
 10
86.83663805555555
 20
287.6487911111111
 30
0.0
 10
87.67272138888889
 20
287.4194855555556
 30
0.0
 10
86.69905472222221
 20
284.0680966666667
 30
0.0
 10
84.38836027777778
 20
276.0882633333333
 30
0.0
 10
88.30772138888888
 20
280.9107355555556
 30
0.0
 10
88.30772138888888
 20
266.1046522222222
 30
0.0
 10
88.30772138888888
 20
261.8254577777778
 30
0.0
 10
87.35169361111112
 20
260.4919577777778
 30
0.0
 10
79.40713805555555
 20
260.4919577777778
 30
0.0
 10
79.04377694444445
 20
260.4919577777778
 30
0.0
 10
78.30647138888888
 20
261.0740411111111
 30
0.0
 10
78.30647138888888
 20
263.0884022222222
 30
0.0
 10
77.82081398148148
 20
263.0884022222222
 30
0.0
 10
77.33515657407406
 20
263.0884022222222
 30
0.0
 10
76.84949916666666
 20
263.0884022222222
 30
0.0
  0
SPLINE
  5
B6
330
1F
100
AcDbEntity
  8
DEFAULT
 62
     1
100
AcDbSpline
210
0.0
220
0.0
230
1.0
 70
     8
 71
     3
 72
    35
 73
    31
 74
     0
 42
0.000000001
 43
0.0000000001
 40
0.0
 40
0.0
 40
0.0
 40
0.0
 40
4.120000000000005
 40
4.120000000000005
 40
4.120000000000005
 40
5.120000000000005
 40
5.120000000000005
 40
5.120000000000005
 40
6.120000000000005
 40
6.120000000000005
 40
6.120000000000005
 40
7.120000000000005
 40
7.120000000000005
 40
7.120000000000005
 40
8.120000000000005
 40
8.120000000000005
 40
8.120000000000005
 40
9.120000000000005
 40
9.120000000000005
 40
9.120000000000005
 40
10.12
 40
10.12
 40
10.12
 40
11.12
 40
11.12
 40
11.12
 40
24.0200000000001
 40
24.0200000000001
 40
24.0200000000001
 40
27.78000000000009
 40
27.78000000000009
 40
27.78000000000009
 40
27.78000000000009
 10
76.5001786111111
 20
263.0884727777778
 30
0.0
 10
76.01569712962961
 20
263.0884727777778
 30
0.0
 10
75.53121564814813
 20
263.0884727777778
 30
0.0
 10
75.04673416666665
 20
263.0884727777778
 30
0.0
 10
75.04673416666665
 20
261.0741116666666
 30
0.0
 10
74.30237305555555
 20
260.4920283333333
 30
0.0
 10
73.94606749999998
 20
260.4920283333333
 30
0.0
 10
66.00151194444445
 20
260.4920283333333
 30
0.0
 10
65.0384286111111
 20
261.8255283333333
 30
0.0
 10
65.0384286111111
 20
266.1047227777777
 30
0.0
 10
65.0384286111111
 20
280.9108061111111
 30
0.0
 10
68.96484527777777
 20
276.0883338888889
 30
0.0
 10
66.65062305555556
 20
284.0681672222222
 30
0.0
 10
65.68048416666666
 20
287.4195561111111
 30
0.0
 10
66.51303972222222
 20
287.6488616666667
 30
0.0
 10
69.15887305555555
 20
287.6488616666667
 30
0.0
 10
71.26495638888888
 20
287.6488616666667
 30
0.0
 10
69.66334527777776
 20
291.6881672222222
 30
0.0
 10
75.17373416666666
 20
291.6881672222222
 30
0.0
 10
75.17373416666666
 20
290.5522227777778
 30
0.0
 10
75.23723416666665
 20
290.6792227777778
 30
0.0
 10
75.23723416666665
 20
289.4162783333333
 30
0.0
 10
75.23723416666665
 20
288.1533338888889
 30
0.0
 10
75.17373416666666
 20
288.2768061111111
 30
0.0
 10
75.17373416666666
 20
287.1408616666667
 30
0.0
 10
75.17373416666666
 20
285.6239172222222
 30
0.0
 10
75.17373416666666
 20
284.1069727777778
 30
0.0
 10
75.17373416666666
 20
282.5900283333333
 30
0.0
 10
75.61588231481481
 20
282.5900283333333
 30
0.0
 10
76.05803046296296
 20
282.5900283333333
 30
0.0
 10
76.5001786111111
 20
282.5900283333333
 30
0.0
  0
SPLINE
  5
B7
330
1F
100
AcDbEntity
  8
DEFAULT
 62
     3
100
AcDbSpline
210
0.0
220
0.0
230
1.0
 70
    11
 71
     3
 72
    17
 73
    13
 74
     0
 42
0.000000001
 43
0.0000000001
 40
0.0
 40
0.0
 40
0.0
 40
0.0
 40
1.0
 40
1.0
 40
1.0
 40
2.0
 40
2.0
 40
2.0
 40
3.0
 40
3.0
 40
3.0
 40
4.0
 40
4.0
 40
4.0
 40
4.0
 10
71.8107036111111
 20
251.6636938888888
 30
0.0
 10
71.06316749999999
 20
253.0966772222222
 30
0.0
 10
69.81856749999999
 20
254.236855
 30
0.0
 10
69.65276194444444
 20
255.5650633333333
 30
0.0
 10
69.48660361111111
 20
256.8929188888889
 30
0.0
 10
71.27130638888887
 20
255.7308688888889
 30
0.0
 10
72.59916194444443
 20
256.4780522222222
 30
0.0
 10
73.92737027777777
 20
257.2252355555555
 30
0.0
 10
72.88985083333333
 20
254.1952272222222
 30
0.0
 10
72.9727536111111
 20
252.8673716666667
 30
0.0
 10
73.05600916666666
 20
251.5391633333333
 30
0.0
 10
73.3047175
 20
248.7998438888888
 30
0.0
 10
71.8107036111111
 20
251.6636938888888
 30
0.0
  0
SPLINE
  5
B8
330
1F
100
AcDbEntity
  8
DEFAULT
 62
     3
100
AcDbSpline
210
0.0
220
0.0
230
1.0
 70
    11
 71
     3
 72
    17
 73
    13
 74
     0
 42
0.000000001
 43
0.0000000001
 40
0.0
 40
0.0
 40
0.0
 40
0.0
 40
1.0
 40
1.0
 40
1.0
 40
2.0
 40
2.0
 40
2.0
 40
3.0
 40
3.0
 40
3.0
 40
4.0
 40
4.0
 40
4.0
 40
4.0
 10
81.53706916666667
 20
251.6636938888888
 30
0.0
 10
82.28460527777777
 20
253.0966772222222
 30
0.0
 10
83.52920527777778
 20
254.236855
 30
0.0
 10
83.6953636111111
 20
255.5650633333333
 30
0.0
 10
83.86116916666666
 20
256.8929188888889
 30
0.0
 10
82.07646638888889
 20
255.7308688888889
 30
0.0
 10
80.74861083333333
 20
256.4780522222222
 30
0.0
 10
79.4204025
 20
257.2252355555555
 30
0.0
 10
80.45792194444444
 20
254.1952272222222
 30
0.0
 10
80.37501916666666
 20
252.8673716666667
 30
0.0
 10
80.29176361111111
 20
251.5391633333333
 30
0.0
 10
80.04305527777777
 20
248.7998438888888
 30
0.0
 10
81.53706916666667
 20
251.6636938888888
 30
0.0
  0
SPLINE
  5
B9
330
1F
100
AcDbEntity
  8
DEFAULT
 62
     3
100
AcDbSpline
210
0.0
220
0.0
230
1.0
 70
    11
 71
     3
 72
    35
 73
    31
 74
     0
 42
0.000000001
 43
0.0000000001
 40
1.0
 40
1.0
 40
1.0
 40
1.0
 40
2.0
 40
2.0
 40
2.0
 40
3.0
 40
3.0
 40
3.0
 40
4.0
 40
4.0
 40
4.0
 40
5.0
 40
5.0
 40
5.0
 40
6.0
 40
6.0
 40
6.0
 40
7.0
 40
7.0
 40
7.0
 40
8.0
 40
8.0
 40
8.0
 40
9.0
 40
9.0
 40
9.0
 40
10.0
 40
10.0
 40
10.0
 40
11.0
 40
11.0
 40
11.0
 40
11.0
 10
76.67430972222222
 20
241.1631927777778
 30
0.0
 10
74.31528472222222
 20
241.1631927777778
 30
0.0
 10
74.86209027777778
 20
242.6572066666667
 30
0.0
 10
73.24354583333333
 20
243.7310622222222
 30
0.0
 10
71.62500138888889
 20
244.804565
 30
0.0
 10
71.43802916666667
 20
251.7465261111111
 30
0.0
 10
71.03339305555555
 20
246.7723594444444
 30
0.0
 10
70.62840416666666
 20
241.7985455555556
 30
0.0
 10
66.45786527777777
 20
238.8599066666667
 30
0.0
 10
70.06854583333333
 20
239.5989761111111
 30
0.0
 10
73.67922638888888
 20
240.3380455555555
 30
0.0
 10
71.81162083333334
 20
236.4317372222222
 30
0.0
 10
71.5311625
 20
233.2782566666667
 30
0.0
 10
71.25070416666667
 20
230.1244233333333
 30
0.0
 10
73.99072916666667
 20
233.3191788888889
 30
0.0
 10
76.67430972222222
 20
233.3191788888889
 30
0.0
 10
79.35789027777777
 20
233.3191788888889
 30
0.0
 10
82.09791527777777
 20
230.1244233333333
 30
0.0
 10
81.81745694444444
 20
233.2782566666667
 30
0.0
 10
81.5369986111111
 20
236.4317372222222
 30
0.0
 10
79.66939305555556
 20
240.3380455555555
 30
0.0
 10
83.2800736111111
 20
239.5989761111111
 30
0.0
 10
86.89075416666667
 20
238.8599066666667
 30
0.0
 10
82.72021527777778
 20
241.7985455555556
 30
0.0
 10
82.31557916666667
 20
246.7723594444444
 30
0.0
 10
81.91059027777777
 20
251.7465261111111
 30
0.0
 10
81.72361805555555
 20
244.804565
 30
0.0
 10
80.10507361111111
 20
243.7310622222222
 30
0.0
 10
78.48652916666666
 20
242.6572066666667
 30
0.0
 10
79.03333472222222
 20
241.1631927777778
 30
0.0
 10
76.67430972222222
 20
241.1631927777778
 30
0.0
  0
SPLINE
  5
BA
330
1F
100
AcDbEntity
  8
DEFAULT
 62
     5
100
AcDbSpline
210
0.0
220
0.0
230
1.0
 70
     8
 71
     3
 72
    17
 73
    13
 74
     0
 42
0.000000001
 43
0.0000000001
 40
0.0
 40
0.0
 40
0.0
 40
0.0
 40
1.0
 40
1.0
 40
1.0
 40
2.0
 40
2.0
 40
2.0
 40
3.0
 40
3.0
 40
3.0
 40
4.0
 40
4.0
 40
4.0
 40
4.0
 10
67.57737027777777
 20
258.9493663888889
 30
0.0
 10
66.26821194444443
 20
254.9185275
 30
0.0
 10
71.37290638888888
 20
250.9755302777778
 30
0.0
 10
66.95118972222221
 20
241.8392913888889
 30
0.0
 10
66.50316194444444
 20
240.9136025
 30
0.0
 10
66.01209527777776
 20
240.3107052777777
 30
0.0
 10
65.67237027777777
 20
239.9501663888889
 30
0.0
 10
65.67237027777777
 20
239.9501663888889
 30
0.0
 10
65.31112583333332
 20
237.6634608333333
 30
0.0
 10
66.34970361111111
 20
237.7283719444444
 30
0.0
 10
71.12419805555555
 20
238.0264691666667
 30
0.0
 10
69.38077027777777
 20
234.0009219444444
 30
0.0
 10
68.46213694444444
 20
228.5773163888889
 30
0.0
  0
POLYLINE
  5
BB
330
1F
100
AcDbEntity
  8
DEFAULT
 62
     7
100
AcDb2dPolyline
 66
     1
 10
0.0
 20
0.0
 30
0.0
  0
VERTEX
  5
BC
330
BB
100
AcDbEntity
  8
DEFAULT
 62
     7
100
AcDbVertex
100
AcDb2dVertex
 10
77.92384861111111
 20
248.3412327777777
 30
0.0
  0
VERTEX
  5
BD
330
BB
100
AcDbEntity
  8
DEFAULT
 62
     7
100
AcDbVertex
100
AcDb2dVertex
 10
75.42406527777777
 20
248.3412327777777
 30
0.0
  0
SEQEND
  5
BE
330
BB
100
AcDbEntity
  8
DEFAULT
 62
     7
  0
SPLINE
  5
BF
330
1F
100
AcDbEntity
  8
DEFAULT
 62
     7
100
AcDbSpline
210
0.0
220
0.0
230
1.0
 70
     8
 71
     3
 72
    29
 73
    25
 74
     0
 42
0.000000001
 43
0.0000000001
 40
0.0
 40
0.0
 40
0.0
 40
0.0
 40
1.0
 40
1.0
 40
1.0
 40
2.0
 40
2.0
 40
2.0
 40
3.0
 40
3.0
 40
3.0
 40
4.0
 40
4.0
 40
4.0
 40
5.0
 40
5.0
 40
5.0
 40
6.0
 40
6.0
 40
6.0
 40
7.0
 40
7.0
 40
7.0
 40
8.0
 40
8.0
 40
8.0
 40
8.0
 10
75.9534436111111
 20
245.8225405555555
 30
0.0
 10
76.05433805555555
 20
245.9685905555555
 30
0.0
 10
76.35278805555555
 20
246.0860655555555
 30
0.0
 10
76.63324638888888
 20
246.0860655555555
 30
0.0
 10
77.08127416666666
 20
246.0860655555555
 30
0.0
 10
77.40230194444443
 20
245.75516
 30
0.0
 10
77.40230194444443
 20
245.3205377777778
 30
0.0
 10
77.40230194444443
 20
244.7881961111111
 30
0.0
 10
77.0029575
 20
244.4865711111111
 30
0.0
 10
76.5884436111111
 20
244.4865711111111
 30
0.0
 10
76.27482416666666
 20
244.4865711111111
 30
0.0
 10
76.02364638888888
 20
244.6294461111111
 30
0.0
 10
75.94532972222221
 20
244.7589155555555
 30
0.0
 10
75.95238527777778
 20
244.8957933333333
 30
0.0
 10
75.9534436111111
 20
246.2539877777777
 30
0.0
 10
75.9534436111111
 20
246.2539877777777
 30
0.0
 10
75.9534436111111
 20
246.6864933333333
 30
0.0
 10
76.02893805555554
 20
246.9514294444444
 30
0.0
 10
76.19015749999998
 20
247.1151183333333
 30
0.0
 10
76.35137694444443
 20
247.2865683333333
 30
0.0
 10
76.58456305555553
 20
247.3412488888889
 30
0.0
 10
76.79340749999999
 20
247.3412488888889
 30
0.0
 10
76.99272694444443
 20
247.3412488888889
 30
0.0
 10
77.21215472222222
 20
247.2865683333333
 30
0.0
 10
77.3458575
 20
247.1853211111111
 30
0.0
  0
SPLINE
  5
C0
330
1F
100
AcDbEntity
  8
DEFAULT
 62
     5
100
AcDbSpline
210
0.0
220
0.0
230
1.0
 70
     8
 71
     3
 72
    17
 73
    13
 74
     0
 42
0.000000001
 43
0.0000000001
 40
0.0
 40
0.0
 40
0.0
 40
0.0
 40
1.0
 40
1.0
 40
1.0
 40
2.0
 40
2.0
 40
2.0
 40
3.0
 40
3.0
 40
3.0
 40
4.0
 40
4.0
 40
4.0
 40
4.0
 10
85.77040249999999
 20
258.9493663888889
 30
0.0
 10
87.07956083333333
 20
254.9185275
 30
0.0
 10
81.9745136111111
 20
250.9755302777778
 30
0.0
 10
86.39658305555555
 20
241.8392913888889
 30
0.0
 10
86.84461083333332
 20
240.9136025
 30
0.0
 10
87.3356775
 20
240.3107052777777
 30
0.0
 10
87.6754025
 20
239.9501663888889
 30
0.0
 10
87.6754025
 20
239.9501663888889
 30
0.0
 10
88.03629416666666
 20
237.6634608333333
 30
0.0
 10
86.99806916666665
 20
237.7283719444444
 30
0.0
 10
82.22357472222221
 20
238.0264691666667
 30
0.0
 10
83.96664972222221
 20
234.0009219444444
 30
0.0
 10
84.88563583333332
 20
228.5773163888889
 30
0.0
  0
SPLINE
  5
C1
330
1F
100
AcDbEntity
  8
DEFAULT
 62
     1
100
AcDbSpline
210
0.0
220
0.0
230
1.0
 70
     8
 71
     3
 72
    44
 73
    40
 74
     0
 42
0.000000001
 43
0.0000000001
 40
0.0
 40
0.0
 40
0.0
 40
0.0
 40
3.75
 40
3.75
 40
3.75
 40
16.63999999999999
 40
16.63999999999999
 40
16.63999999999999
 40
17.63999999999999
 40
17.63999999999999
 40
17.63999999999999
 40
18.63999999999999
 40
18.63999999999999
 40
18.63999999999999
 40
19.63999999999999
 40
19.63999999999999
 40
19.63999999999999
 40
20.63999999999999
 40
20.63999999999999
 40
20.63999999999999
 40
21.63999999999999
 40
21.63999999999999
 40
21.63999999999999
 40
22.63999999999999
 40
22.63999999999999
 40
22.63999999999999
 40
33.71000000000004
 40
33.71000000000004
 40
33.71000000000004
 40
34.71000000000004
 40
34.71000000000004
 40
34.71000000000004
 40
35.71000000000004
 40
35.71000000000004
 40
35.71000000000004
 40
36.71000000000004
 40
36.71000000000004
 40
36.71000000000004
 40
40.75000000000003
 40
40.75000000000003
 40
40.75000000000003
 40
40.75000000000003
 10
76.84949916666666
 20
249.50293
 30
0.0
 10
77.29047138888888
 20
249.50293
 30
0.0
 10
77.7314436111111
 20
249.50293
 30
0.0
 10
78.17241583333333
 20
249.50293
 30
0.0
 10
78.17241583333333
 20
251.0186985185185
 30
0.0
 10
78.17241583333333
 20
252.534467037037
 30
0.0
 10
78.17241583333333
 20
254.0502355555555
 30
0.0
 10
78.17241583333333
 20
255.1897077777778
 30
0.0
 10
78.10891583333333
 20
255.0662355555555
 30
0.0
 10
78.10891583333333
 20
256.3256522222222
 30
0.0
 10
78.10891583333333
 20
257.5921244444444
 30
0.0
 10
78.17241583333333
 20
257.4651244444444
 30
0.0
 10
78.17241583333333
 20
258.6010688888888
 30
0.0
 10
84.33191583333333
 20
258.6010688888888
 30
0.0
 10
82.73736027777777
 20
256.9571244444444
 30
0.0
 10
86.50855472222221
 20
259.4195133333333
 30
0.0
 10
87.73622138888888
 20
260.2203188888889
 30
0.0
 10
88.99211027777777
 20
257.2922633333333
 30
0.0
 10
88.06430472222222
 20
255.6694855555555
 30
0.0
 10
85.53136027777776
 20
250.9387355555555
 30
0.0
 10
86.91424916666666
 20
245.6647077777777
 30
0.0
 10
88.23011027777777
 20
242.6378744444444
 30
0.0
 10
88.80513805555556
 20
241.3114299999999
 30
0.0
 10
89.67649916666666
 20
241.0962355555555
 30
0.0
 10
89.67649916666666
 20
240.4047911111111
 30
0.0
 10
89.67649916666666
 20
239.1030411111111
 30
0.0
 10
89.67649916666666
 20
237.8012911111111
 30
0.0
 10
89.67649916666666
 20
236.4995411111111
 30
0.0
 10
89.67649916666666
 20
235.3777077777777
 30
0.0
 10
87.59863805555555
 20
237.6319577777778
 30
0.0
 10
87.59863805555555
 20
231.9839855555555
 30
0.0
 10
87.59863805555555
 20
229.4510411111111
 30
0.0
 10
83.93327694444444
 20
227.4014022222222
 30
0.0
 10
79.40361027777777
 20
227.4014022222222
 30
0.0
 10
79.04377694444445
 20
227.4014022222222
 30
0.0
 10
78.27472138888888
 20
227.9799577777777
 30
0.0
 10
78.27472138888888
 20
229.9978466666666
 30
0.0
 10
77.7996473148148
 20
229.9978466666666
 30
0.0
 10
77.32457324074073
 20
229.9978466666666
 30
0.0
 10
76.84949916666666
 20
229.9978466666666
 30
0.0
  0
SPLINE
  5
C2
330
1F
100
AcDbEntity
  8
DEFAULT
 62
     1
100
AcDbSpline
210
0.0
220
0.0
230
1.0
 70
     8
 71
     3
 72
    44
 73
    40
 74
     0
 42
0.000000001
 43
0.0000000001
 40
0.0
 40
0.0
 40
0.0
 40
0.0
 40
4.039999999999992
 40
4.039999999999992
 40
4.039999999999992
 40
5.039999999999992
 40
5.039999999999992
 40
5.039999999999992
 40
6.039999999999992
 40
6.039999999999992
 40
6.039999999999992
 40
7.039999999999992
 40
7.039999999999992
 40
7.039999999999992
 40
18.11000000000004
 40
18.11000000000004
 40
18.11000000000004
 40
19.11000000000004
 40
19.11000000000004
 40
19.11000000000004
 40
20.11000000000004
 40
20.11000000000004
 40
20.11000000000004
 40
21.11000000000004
 40
21.11000000000004
 40
21.11000000000004
 40
22.11000000000004
 40
22.11000000000004
 40
22.11000000000004
 40
23.11000000000004
 40
23.11000000000004
 40
23.11000000000004
 40
24.11000000000004
 40
24.11000000000004
 40
24.11000000000004
 40
37.00000000000003
 40
37.00000000000003
 40
37.00000000000003
 40
40.76000000000002
 40
40.76000000000002
 40
40.76000000000002
 40
40.76000000000002
 10
76.5001786111111
 20
229.9978113888889
 30
0.0
 10
76.02510453703702
 20
229.9978113888889
 30
0.0
 10
75.55003046296295
 20
229.9978113888889
 30
0.0
 10
75.07495638888888
 20
229.9978113888889
 30
0.0
 10
75.07495638888888
 20
227.9799225
 30
0.0
 10
74.30237305555555
 20
227.4013669444444
 30
0.0
 10
73.94606749999998
 20
227.4013669444444
 30
0.0
 10
69.41287305555555
 20
227.4013669444444
 30
0.0
 10
65.75103972222222
 20
229.4510058333333
 30
0.0
 10
65.75103972222222
 20
231.9839502777778
 30
0.0
 10
65.75103972222222
 20
237.6319225
 30
0.0
 10
63.67317861111111
 20
235.3776725
 30
0.0
 10
63.67317861111111
 20
236.4995058333333
 30
0.0
 10
63.67317861111112
 20
237.8012558333333
 30
0.0
 10
63.67317861111112
 20
239.1030058333333
 30
0.0
 10
63.67317861111111
 20
240.4047558333333
 30
0.0
 10
63.67317861111111
 20
241.0962002777778
 30
0.0
 10
64.54806749999999
 20
241.3113947222222
 30
0.0
 10
65.12309527777776
 20
242.6378391666667
 30
0.0
 10
66.43895638888888
 20
245.6646725
 30
0.0
 10
67.81831749999999
 20
250.9387002777778
 30
0.0
 10
65.28184527777776
 20
255.6694502777778
 30
0.0
 10
64.35403972222221
 20
257.2922280555555
 30
0.0
 10
65.61698416666665
 20
260.2873113888889
 30
0.0
 10
66.84112305555556
 20
259.4900336111111
 30
0.0
 10
70.61584527777777
 20
257.0276447222222
 30
0.0
 10
69.01423416666665
 20
258.6010336111111
 30
0.0
 10
75.17373416666666
 20
258.6010336111111
 30
0.0
 10
75.17373416666666
 20
257.4650891666666
 30
0.0
 10
75.23723416666665
 20
257.5920891666667
 30
0.0
 10
75.23723416666665
 20
256.3256169444444
 30
0.0
 10
75.23723416666665
 20
255.0662002777778
 30
0.0
 10
75.17373416666666
 20
255.1896725
 30
0.0
 10
75.17373416666666
 20
254.0502002777777
 30
0.0
 10
75.17373416666666
 20
252.5344317592593
 30
0.0
 10
75.17373416666666
 20
251.0186632407407
 30
0.0
 10
75.17373416666666
 20
249.5028947222222
 30
0.0
 10
75.61588231481481
 20
249.5028947222222
 30
0.0
 10
76.05803046296296
 20
249.5028947222222
 30
0.0
 10
76.5001786111111
 20
249.5028947222222
 30
0.0
  0
SPLINE
  5
C3
330
1F
100
AcDbEntity
  8
DEFAULT
 62
     3
100
AcDbSpline
210
0.0
220
0.0
230
1.0
 70
    11
 71
     3
 72
    14
 73
    10
 74
     0
 42
0.000000001
 43
0.0000000001
 40
0.0
 40
0.0
 40
0.0
 40
0.0
 40
1.0
 40
1.0
 40
1.0
 40
2.0
 40
2.0
 40
2.0
 40
3.0
 40
3.0
 40
3.0
 40
3.0
 10
70.27040527777777
 20
219.3740144444444
 30
0.0
 10
71.56263027777777
 20
217.9244505555556
 30
0.0
 10
73.18046916666665
 20
218.1911505555556
 30
0.0
 10
72.68234694444443
 20
219.6851644444444
 30
0.0
 10
72.18422472222223
 20
221.1795311111111
 30
0.0
 10
73.3670886111111
 20
223.4969283333333
 30
0.0
 10
72.12213583333332
 20
223.3029005555555
 30
0.0
 10
70.87683027777777
 20
223.1092255555556
 30
0.0
 10
68.60564694444444
 20
221.24162
 30
0.0
 10
70.27040527777777
 20
219.3740144444444
 30
0.0
  0
SPLINE
  5
C4
330
1F
100
AcDbEntity
  8
DEFAULT
 62
     3
100
AcDbSpline
210
0.0
220
0.0
230
1.0
 70
    11
 71
     3
 72
    14
 73
    10
 74
     0
 42
0.000000001
 43
0.0000000001
 40
0.0
 40
0.0
 40
0.0
 40
0.0
 40
1.0
 40
1.0
 40
1.0
 40
2.0
 40
2.0
 40
2.0
 40
3.0
 40
3.0
 40
3.0
 40
3.0
 10
83.0773675
 20
219.3740144444444
 30
0.0
 10
81.78478972222221
 20
217.9244505555556
 30
0.0
 10
80.16730361111111
 20
218.1911505555556
 30
0.0
 10
80.66542583333333
 20
219.6851644444444
 30
0.0
 10
81.16354805555554
 20
221.1795311111111
 30
0.0
 10
79.98068416666666
 20
223.4969283333333
 30
0.0
 10
81.22563694444445
 20
223.3029005555555
 30
0.0
 10
82.47094249999999
 20
223.1092255555556
 30
0.0
 10
84.74212583333332
 20
221.24162
 30
0.0
 10
83.0773675
 20
219.3740144444444
 30
0.0
  0
SPLINE
  5
C5
330
1F
100
AcDbEntity
  8
DEFAULT
 62
     3
100
AcDbSpline
210
0.0
220
0.0
230
1.0
 70
    11
 71
     3
 72
    23
 73
    19
 74
     0
 42
0.000000001
 43
0.0000000001
 40
0.0
 40
0.0
 40
0.0
 40
0.0
 40
1.0
 40
1.0
 40
1.0
 40
2.0
 40
2.0
 40
2.0
 40
3.0
 40
3.0
 40
3.0
 40
4.0
 40
4.0
 40
4.0
 40
5.0
 40
5.0
 40
5.0
 40
6.0
 40
6.0
 40
6.0
 40
6.0
 10
71.62517777777778
 20
208.1064686111111
 30
0.0
 10
73.67834444444443
 20
211.0944963888889
 30
0.0
 10
73.19503888888889
 20
206.8717463888889
 30
0.0
 10
76.67342777777777
 20
206.8717463888889
 30
0.0
 10
80.15181666666666
 20
206.8717463888889
 30
0.0
 10
79.66851111111112
 20
211.0944963888889
 30
0.0
 10
81.72520555555555
 20
208.1064686111111
 30
0.0
 10
83.77837222222223
 20
205.1184408333333
 30
0.0
 10
83.34092777777778
 20
202.1903852777778
 30
0.0
 10
82.50131666666667
 20
199.8796908333333
 30
0.0
 10
81.66170555555554
 20
197.5689963888889
 30
0.0
 10
80.04245555555555
 20
201.6929686111111
 30
0.0
 10
76.67342777777777
 20
201.6929686111111
 30
0.0
 10
73.30439999999999
 20
201.6929686111111
 30
0.0
 10
71.68515
 20
197.5689963888889
 30
0.0
 10
70.84553888888888
 20
199.8796908333333
 30
0.0
 10
70.00592777777777
 20
202.1903852777778
 30
0.0
 10
69.57201111111111
 20
205.1184408333333
 30
0.0
 10
71.62517777777778
 20
208.1064686111111
 30
0.0
  0
SPLINE
  5
C6
330
1F
100
AcDbEntity
  8
DEFAULT
 62
     5
100
AcDbSpline
210
0.0
220
0.0
230
1.0
 70
     8
 71
     3
 72
    14
 73
    10
 74
     0
 42
0.000000001
 43
0.0000000001
 40
0.0
 40
0.0
 40
0.0
 40
0.0
 40
1.0
 40
1.0
 40
1.0
 40
2.0
 40
2.0
 40
2.0
 40
3.0
 40
3.0
 40
3.0
 40
3.0
 10
67.45421555555555
 20
225.4570322222222
 30
0.0
 10
66.64176833333333
 20
223.3029711111111
 30
0.0
 10
66.73454888888888
 20
220.7640294444444
 30
0.0
 10
67.18681
 20
219.3694988888889
 30
0.0
 10
68.59298222222222
 20
215.024335
 30
0.0
 10
73.45073222222221
 20
217.2351933333333
 30
0.0
 10
69.54301277777776
 20
211.6718877777777
 30
0.0
 10
64.27145444444444
 20
204.1668933333333
 30
0.0
 10
69.33875444444445
 20
200.6341766666666
 30
0.0
 10
68.24055722222222
 20
195.8928433333333
 30
0.0
  0
POLYLINE
  5
C7
330
1F
100
AcDbEntity
  8
DEFAULT
 62
     7
100
AcDb2dPolyline
 66
     1
 10
0.0
 20
0.0
 30
0.0
  0
VERTEX
  5
C8
330
C7
100
AcDbEntity
  8
DEFAULT
 62
     7
100
AcDbVertex
100
AcDb2dVertex
 10
77.92384861111111
 20
216.0167694444444
 30
0.0
  0
VERTEX
  5
C9
330
C7
100
AcDbEntity
  8
DEFAULT
 62
     7
100
AcDbVertex
100
AcDb2dVertex
 10
75.42406527777777
 20
216.0167694444444
 30
0.0
  0
SEQEND
  5
CA
330
C7
100
AcDbEntity
  8
DEFAULT
 62
     7
  0
SPLINE
  5
CB
330
1F
100
AcDbEntity
  8
DEFAULT
 62
     7
100
AcDbSpline
210
0.0
220
0.0
230
1.0
 70
     8
 71
     3
 72
    11
 73
     7
 74
     0
 42
0.000000001
 43
0.0000000001
 40
0.0
 40
0.0
 40
0.0
 40
0.0
 40
5.34699999999998
 40
5.34699999999998
 40
5.34699999999998
 40
6.34699999999998
 40
6.34699999999998
 40
6.34699999999998
 40
6.34699999999998
 10
76.89359638888888
 20
215.0268044444444
 30
0.0
 10
76.89359638888888
 20
214.3980368518519
 30
0.0
 10
76.89359638888888
 20
213.7692692592592
 30
0.0
 10
76.89359638888888
 20
213.1405016666667
 30
0.0
 10
76.89359638888888
 20
212.3298183333333
 30
0.0
 10
76.47802416666667
 20
212.0059683333333
 30
0.0
 10
75.9234575
 20
212.2712572222222
 30
0.0
  0
POLYLINE
  5
CC
330
1F
100
AcDbEntity
  8
DEFAULT
 62
     7
100
AcDb2dPolyline
 66
     1
 10
0.0
 20
0.0
 30
0.0
  0
VERTEX
  5
CD
330
CC
100
AcDbEntity
  8
DEFAULT
 62
     7
100
AcDbVertex
100
AcDb2dVertex
 10
77.4239625
 20
213.1404663888889
 30
0.0
  0
VERTEX
  5
CE
330
CC
100
AcDbEntity
  8
DEFAULT
 62
     7
100
AcDbVertex
100
AcDb2dVertex
 10
76.09892916666666
 20
213.1404663888889
 30
0.0
  0
SEQEND
  5
CF
330
CC
100
AcDbEntity
  8
DEFAULT
 62
     7
  0
SPLINE
  5
D0
330
1F
100
AcDbEntity
  8
DEFAULT
 62
     5
100
AcDbSpline
210
0.0
220
0.0
230
1.0
 70
     8
 71
     3
 72
    14
 73
    10
 74
     0
 42
0.000000001
 43
0.0000000001
 40
0.0
 40
0.0
 40
0.0
 40
0.0
 40
1.0
 40
1.0
 40
1.0
 40
2.0
 40
2.0
 40
2.0
 40
3.0
 40
3.0
 40
3.0
 40
3.0
 10
85.89355722222221
 20
225.4570322222222
 30
0.0
 10
86.70600444444443
 20
223.3029711111111
 30
0.0
 10
86.61322388888888
 20
220.7640294444444
 30
0.0
 10
86.16096277777777
 20
219.3694988888889
 30
0.0
 10
84.75479055555554
 20
215.024335
 30
0.0
 10
79.89704055555555
 20
217.2351933333333
 30
0.0
 10
83.80476
 20
211.6718877777777
 30
0.0
 10
89.07631833333332
 20
204.1668933333333
 30
0.0
 10
84.00901833333332
 20
200.6341766666666
 30
0.0
 10
85.10721555555554
 20
195.8928433333333
 30
0.0
  0
SPLINE
  5
D1
330
1F
100
AcDbEntity
  8
DEFAULT
 62
     1
100
AcDbSpline
210
0.0
220
0.0
230
1.0
 70
     8
 71
     3
 72
    35
 73
    31
 74
     0
 42
0.000000001
 43
0.0000000001
 40
0.0
 40
0.0
 40
0.0
 40
0.0
 40
3.75
 40
3.75
 40
3.75
 40
16.64999999999998
 40
16.64999999999998
 40
16.64999999999998
 40
17.64999999999998
 40
17.64999999999998
 40
17.64999999999998
 40
18.64999999999998
 40
18.64999999999998
 40
18.64999999999998
 40
19.64999999999998
 40
19.64999999999998
 40
19.64999999999998
 40
20.64999999999998
 40
20.64999999999998
 40
20.64999999999998
 40
21.64999999999998
 40
21.64999999999998
 40
21.64999999999998
 40
22.64999999999998
 40
22.64999999999998
 40
22.64999999999998
 40
23.64999999999998
 40
23.64999999999998
 40
23.64999999999998
 40
27.68999999999997
 40
27.68999999999997
 40
27.68999999999997
 40
27.68999999999997
 10
76.84949916666666
 20
217.1779375
 30
0.0
 10
77.29047138888888
 20
217.1779375
 30
0.0
 10
77.7314436111111
 20
217.1779375
 30
0.0
 10
78.17241583333333
 20
217.1779375
 30
0.0
 10
78.17241583333333
 20
218.6948819444444
 30
0.0
 10
78.17241583333333
 20
220.2118263888889
 30
0.0
 10
78.17241583333333
 20
221.7287708333333
 30
0.0
 10
78.17241583333333
 20
222.8647152777777
 30
0.0
 10
78.10891583333333
 20
222.7412430555555
 30
0.0
 10
78.10891583333333
 20
224.0006597222222
 30
0.0
 10
78.10891583333333
 20
225.2671319444444
 30
0.0
 10
78.17241583333333
 20
225.1401319444444
 30
0.0
 10
78.17241583333333
 20
226.2760763888888
 30
0.0
 10
84.33191583333333
 20
226.2760763888888
 30
0.0
 10
83.2735825
 20
223.6655208333333
 30
0.0
 10
87.04830472222221
 20
226.1279097222222
 30
0.0
 10
88.2724436111111
 20
226.9251875
 30
0.0
 10
89.15086027777778
 20
222.1062430555555
 30
0.0
 10
88.06430472222222
 20
218.7513263888889
 30
0.0
 10
85.48197138888888
 20
210.7714930555555
 30
0.0
 10
88.63580472222222
 20
215.5622152777777
 30
0.0
 10
88.63580472222222
 20
200.7526041666667
 30
0.0
 10
88.63580472222222
 20
197.9303819444444
 30
0.0
 10
86.9706936111111
 20
195.0658263888889
 30
0.0
 10
79.40361027777777
 20
195.0658263888889
 30
0.0
 10
79.04730472222222
 20
195.0658263888889
 30
0.0
 10
78.27472138888888
 20
195.6443819444444
 30
0.0
 10
78.27472138888888
 20
197.6622708333333
 30
0.0
 10
77.7996473148148
 20
197.6622708333333
 30
0.0
 10
77.32457324074073
 20
197.6622708333333
 30
0.0
 10
76.84949916666666
 20
197.6622708333333
 30
0.0
  0
SPLINE
  5
D2
330
1F
100
AcDbEntity
  8
DEFAULT
 62
     1
100
AcDbSpline
210
0.0
220
0.0
230
1.0
 70
     8
 71
     3
 72
    35
 73
    31
 74
     0
 42
0.000000001
 43
0.0000000001
 40
0.0
 40
0.0
 40
0.0
 40
0.0
 40
4.039999999999992
 40
4.039999999999992
 40
4.039999999999992
 40
5.039999999999992
 40
5.039999999999992
 40
5.039999999999992
 40
6.039999999999992
 40
6.039999999999992
 40
6.039999999999992
 40
7.039999999999992
 40
7.039999999999992
 40
7.039999999999992
 40
8.039999999999992
 40
8.039999999999992
 40
8.039999999999992
 40
9.039999999999992
 40
9.039999999999992
 40
9.039999999999992
 40
10.03999999999999
 40
10.03999999999999
 40
10.03999999999999
 40
11.03999999999999
 40
11.03999999999999
 40
11.03999999999999
 40
23.93999999999997
 40
23.93999999999997
 40
23.93999999999997
 40
27.69999999999996
 40
27.69999999999996
 40
27.69999999999996
 40
27.69999999999996
 10
76.5001786111111
 20
197.6623413888888
 30
0.0
 10
76.02510453703702
 20
197.6623413888888
 30
0.0
 10
75.55003046296295
 20
197.6623413888888
 30
0.0
 10
75.07495638888888
 20
197.6623413888888
 30
0.0
 10
75.07495638888888
 20
195.6444525
 30
0.0
 10
74.30590083333333
 20
195.0658969444444
 30
0.0
 10
73.94606749999998
 20
195.0658969444444
 30
0.0
 10
66.37545638888889
 20
195.0658969444444
 30
0.0
 10
64.71034527777778
 20
197.9304525
 30
0.0
 10
64.71034527777778
 20
200.7526747222222
 30
0.0
 10
64.71034527777778
 20
215.5622858333333
 30
0.0
 10
67.8641786111111
 20
210.7715636111111
 30
0.0
 10
65.28537305555555
 20
218.7513969444444
 30
0.0
 10
64.19528972222221
 20
222.1063136111111
 30
0.0
 10
65.07370638888888
 20
226.9252580555555
 30
0.0
 10
66.29784527777777
 20
226.1279802777778
 30
0.0
 10
70.07609527777777
 20
223.6655913888889
 30
0.0
 10
69.01423416666665
 20
226.2761469444444
 30
0.0
 10
75.17373416666666
 20
226.2761469444444
 30
0.0
 10
75.17373416666666
 20
225.1402025
 30
0.0
 10
75.23723416666665
 20
225.2672025
 30
0.0
 10
75.23723416666665
 20
224.0007302777777
 30
0.0
 10
75.23723416666665
 20
222.7413136111111
 30
0.0
 10
75.17373416666666
 20
222.8647858333333
 30
0.0
 10
75.17373416666666
 20
221.7288413888889
 30
0.0
 10
75.17373416666666
 20
220.2118969444444
 30
0.0
 10
75.17373416666666
 20
218.6949525
 30
0.0
 10
75.17373416666666
 20
217.1780080555556
 30
0.0
 10
75.61588231481481
 20
217.1780080555556
 30
0.0
 10
76.05803046296296
 20
217.1780080555556
 30
0.0
 10
76.5001786111111
 20
217.1780080555556
 30
0.0
  0
SPLINE
  5
D3
330
1F
100
AcDbEntity
  8
DEFAULT
 62
     3
100
AcDbSpline
210
0.0
220
0.0
230
1.0
 70
    11
 71
     3
 72
    14
 73
    10
 74
     0
 42
0.000000001
 43
0.0000000001
 40
0.0
 40
0.0
 40
0.0
 40
0.0
 40
1.0
 40
1.0
 40
1.0
 40
2.0
 40
2.0
 40
2.0
 40
3.0
 40
3.0
 40
3.0
 40
3.0
 10
70.50345027777777
 20
186.7213972222222
 30
0.0
 10
71.66550027777778
 20
185.658125
 30
0.0
 10
72.68220583333333
 20
185.8810805555555
 30
0.0
 10
72.68220583333333
 20
186.9704583333333
 30
0.0
 10
72.68220583333333
 20
188.0598361111111
 30
0.0
 10
73.67845027777777
 20
190.2389444444444
 30
0.0
 10
71.74840305555556
 20
190.4876527777778
 30
0.0
 10
69.8187086111111
 20
190.7367138888889
 30
0.0
 10
69.04048083333333
 20
188.0598361111111
 30
0.0
 10
70.50345027777777
 20
186.7213972222222
 30
0.0
  0
SPLINE
  5
D4
330
1F
100
AcDbEntity
  8
DEFAULT
 62
     3
100
AcDbSpline
210
0.0
220
0.0
230
1.0
 70
    11
 71
     3
 72
    14
 73
    10
 74
     0
 42
0.000000001
 43
0.0000000001
 40
0.0
 40
0.0
 40
0.0
 40
0.0
 40
1.0
 40
1.0
 40
1.0
 40
2.0
 40
2.0
 40
2.0
 40
3.0
 40
3.0
 40
3.0
 40
3.0
 10
82.8443225
 20
186.7213972222222
 30
0.0
 10
81.6822725
 20
185.658125
 30
0.0
 10
80.66556694444445
 20
185.8810805555555
 30
0.0
 10
80.66556694444445
 20
186.9704583333333
 30
0.0
 10
80.66556694444445
 20
188.0598361111111
 30
0.0
 10
79.66932249999999
 20
190.2389444444444
 30
0.0
 10
81.59936972222222
 20
190.4876527777778
 30
0.0
 10
83.52906416666667
 20
190.7367138888889
 30
0.0
 10
84.30729194444444
 20
188.0598361111111
 30
0.0
 10
82.8443225
 20
186.7213972222222
 30
0.0
  0
SPLINE
  5
D5
330
1F
100
AcDbEntity
  8
DEFAULT
 62
     3
100
AcDbSpline
210
0.0
220
0.0
230
1.0
 70
    11
 71
     3
 72
    29
 73
    25
 74
     0
 42
0.000000001
 43
0.0000000001
 40
0.0
 40
0.0
 40
0.0
 40
0.0
 40
1.0
 40
1.0
 40
1.0
 40
2.0
 40
2.0
 40
2.0
 40
3.0
 40
3.0
 40
3.0
 40
4.0
 40
4.0
 40
4.0
 40
5.0
 40
5.0
 40
5.0
 40
6.0
 40
6.0
 40
6.0
 40
7.0
 40
7.0
 40
7.0
 40
8.0
 40
8.0
 40
8.0
 40
8.0
 10
76.67346305555554
 20
173.894115
 30
0.0
 10
78.90654638888888
 20
173.894115
 30
0.0
 10
80.47993527777777
 20
177.6617816666667
 30
0.0
 10
81.31954638888887
 20
176.7128094444444
 30
0.0
 10
82.15915749999999
 20
175.7603094444444
 30
0.0
 10
86.00090749999998
 20
173.1462261111111
 30
0.0
 10
83.33037972222222
 20
171.4528927777777
 30
0.0
 10
80.65632416666665
 20
169.7560316666666
 30
0.0
 10
83.34096305555555
 20
168.2002816666667
 30
0.0
 10
82.56485194444443
 20
166.2070872222222
 30
0.0
 10
81.78521305555554
 20
164.2174205555555
 30
0.0
 10
80.46935194444443
 20
167.3253927777778
 30
0.0
 10
76.67346305555554
 20
167.3253927777778
 30
0.0
 10
72.88110194444444
 20
167.3253927777778
 30
0.0
 10
71.56171305555554
 20
164.2174205555555
 30
0.0
 10
70.78207416666666
 20
166.2070872222222
 30
0.0
 10
70.00596305555554
 20
168.2002816666667
 30
0.0
 10
72.69060194444444
 20
169.7560316666666
 30
0.0
 10
70.01654638888888
 20
171.4528927777777
 30
0.0
 10
67.3460186111111
 20
173.1462261111111
 30
0.0
 10
71.1877686111111
 20
175.7603094444444
 30
0.0
 10
72.02737972222222
 20
176.7128094444444
 30
0.0
 10
72.8705186111111
 20
177.6617816666667
 30
0.0
 10
74.43685194444443
 20
173.894115
 30
0.0
 10
76.67346305555554
 20
173.894115
 30
0.0
  0
SPLINE
  5
D6
330
1F
100
AcDbEntity
  8
DEFAULT
 62
     5
100
AcDbSpline
210
0.0
220
0.0
230
1.0
 70
     8
 71
     3
 72
    14
 73
    10
 74
     0
 42
0.000000001
 43
0.0000000001
 40
0.0
 40
0.0
 40
0.0
 40
0.0
 40
1.0
 40
1.0
 40
1.0
 40
2.0
 40
2.0
 40
2.0
 40
3.0
 40
3.0
 40
3.0
 40
3.0
 10
68.28913472222222
 20
161.5046652777777
 30
0.0
 10
68.7847875
 20
166.9596680555555
 30
0.0
 10
65.15682083333333
 20
171.0660013888889
 30
0.0
 10
68.93824583333333
 20
177.2463152777778
 30
0.0
 10
70.69366805555555
 20
180.1147513888889
 30
0.0
 10
73.28305694444444
 20
182.6692152777778
 30
0.0
 10
68.93824583333333
 20
185.2758902777778
 30
0.0
 10
66.36085138888888
 20
186.8224680555555
 30
0.0
 10
67.7116375
 20
192.1522347222222
 30
0.0
 10
67.93035972222222
 20
192.8913041666667
 30
0.0
  0
POLYLINE
  5
D7
330
1F
100
AcDbEntity
  8
DEFAULT
 62
     7
100
AcDb2dPolyline
 66
     1
 10
0.0
 20
0.0
 30
0.0
  0
VERTEX
  5
D8
330
D7
100
AcDbEntity
  8
DEFAULT
 62
     7
100
AcDbVertex
100
AcDb2dVertex
 10
77.92384861111111
 20
181.9893772222222
 30
0.0
  0
VERTEX
  5
D9
330
D7
100
AcDbEntity
  8
DEFAULT
 62
     7
100
AcDbVertex
100
AcDb2dVertex
 10
75.42406527777777
 20
181.9893772222222
 30
0.0
  0
SEQEND
  5
DA
330
D7
100
AcDbEntity
  8
DEFAULT
 62
     7
  0
SPLINE
  5
DB
330
1F
100
AcDbEntity
  8
DEFAULT
 62
     7
100
AcDbSpline
210
0.0
220
0.0
230
1.0
 70
     8
 71
     3
 72
    23
 73
    19
 74
     0
 42
0.000000001
 43
0.0000000001
 40
0.0
 40
0.0
 40
0.0
 40
0.0
 40
1.0
 40
1.0
 40
1.0
 40
2.0
 40
2.0
 40
2.0
 40
3.0
 40
3.0
 40
3.0
 40
7.696010647347383
 40
7.696010647347383
 40
7.696010647347383
 40
8.696010647347382
 40
8.696010647347382
 40
8.696010647347382
 40
9.696010647347382
 40
9.696010647347382
 40
9.696010647347382
 40
9.696010647347382
 10
77.50608916666665
 20
180.0381633333333
 30
0.0
 10
77.50608916666665
 20
179.4691327777777
 30
0.0
 10
77.17095027777776
 20
179.021105
 30
0.0
 10
76.62096972222221
 20
179.021105
 30
0.0
 10
76.0053725
 20
179.021105
 30
0.0
 10
75.8416836111111
 20
179.5626188888889
 30
0.0
 10
75.8416836111111
 20
179.9097522222222
 30
0.0
 10
75.8416836111111
 20
179.979955
 30
0.0
 10
75.84591694444444
 20
179.9997105555555
 30
0.0
 10
75.8494447222222
 20
180.0346355555555
 30
0.0
 10
76.40165953703702
 20
180.0358114814815
 30
0.0
 10
76.95387435185184
 20
180.0369874074074
 30
0.0
 10
77.50608916666665
 20
180.0381633333333
 30
0.0
 10
77.50608916666665
 20
180.6075466666667
 30
0.0
 10
77.15895583333332
 20
180.989605
 30
0.0
 10
76.5782836111111
 20
180.989605
 30
0.0
 10
76.27842249999999
 20
180.989605
 30
0.0
 10
76.0716947222222
 20
180.9271633333333
 30
0.0
 10
75.95069194444443
 20
180.8724827777777
 30
0.0
  0
SPLINE
  5
DC
330
1F
100
AcDbEntity
  8
DEFAULT
 62
     5
100
AcDbSpline
210
0.0
220
0.0
230
1.0
 70
     8
 71
     3
 72
    14
 73
    10
 74
     0
 42
0.000000001
 43
0.0000000001
 40
0.0
 40
0.0
 40
0.0
 40
0.0
 40
1.0
 40
1.0
 40
1.0
 40
2.0
 40
2.0
 40
2.0
 40
3.0
 40
3.0
 40
3.0
 40
3.0
 10
85.41709555555555
 20
192.8912336111111
 30
0.0
 10
85.63581777777777
 20
192.1521641666666
 30
0.0
 10
86.98695666666666
 20
186.8223975
 30
0.0
 10
84.4095622222222
 20
185.2758197222222
 30
0.0
 10
80.06475111111111
 20
182.6691447222222
 30
0.0
 10
82.65413999999998
 20
180.1150336111111
 30
0.0
 10
84.4095622222222
 20
177.2462447222222
 30
0.0
 10
88.1909872222222
 20
171.0659308333333
 30
0.0
 10
84.56302055555554
 20
166.9595975
 30
0.0
 10
85.05867333333333
 20
161.5045947222222
 30
0.0
  0
SPLINE
  5
DD
330
1F
100
AcDbEntity
  8
DEFAULT
 62
     1
100
AcDbSpline
210
0.0
220
0.0
230
1.0
 70
     8
 71
     3
 72
    35
 73
    31
 74
     0
 42
0.000000001
 43
0.0000000001
 40
0.0
 40
0.0
 40
0.0
 40
0.0
 40
3.759999999999991
 40
3.759999999999991
 40
3.759999999999991
 40
16.65999999999997
 40
16.65999999999997
 40
16.65999999999997
 40
17.65999999999997
 40
17.65999999999997
 40
17.65999999999997
 40
18.65999999999997
 40
18.65999999999997
 40
18.65999999999997
 40
19.65999999999997
 40
19.65999999999997
 40
19.65999999999997
 40
20.65999999999997
 40
20.65999999999997
 40
20.65999999999997
 40
21.65999999999997
 40
21.65999999999997
 40
21.65999999999997
 40
22.65999999999997
 40
22.65999999999997
 40
22.65999999999997
 40
23.65999999999997
 40
23.65999999999997
 40
23.65999999999997
 40
27.69999999999996
 40
27.69999999999996
 40
27.69999999999996
 40
27.69999999999996
 10
76.84949916666666
 20
183.1489930555555
 30
0.0
 10
77.2916473148148
 20
183.1489930555555
 30
0.0
 10
77.73379546296296
 20
183.1489930555555
 30
0.0
 10
78.17594361111111
 20
183.1489930555555
 30
0.0
 10
78.17594361111111
 20
184.6659375
 30
0.0
 10
78.17594361111111
 20
186.1828819444444
 30
0.0
 10
78.17594361111111
 20
187.6998263888889
 30
0.0
 10
78.17594361111111
 20
188.8357708333333
 30
0.0
 10
78.11244361111112
 20
188.7122986111111
 30
0.0
 10
78.11244361111112
 20
189.9752430555556
 30
0.0
 10
78.11244361111112
 20
191.2417152777778
 30
0.0
 10
78.17594361111111
 20
191.1111875
 30
0.0
 10
78.17594361111111
 20
192.2506597222222
 30
0.0
 10
83.69338805555556
 20
192.2506597222222
 30
0.0
 10
84.25783249999999
 20
192.8927152777778
 30
0.0
 10
86.36391583333332
 20
192.8927152777778
 30
0.0
 10
89.00974916666667
 20
192.8927152777778
 30
0.0
 10
88.3218325
 20
187.9785208333333
 30
0.0
 10
87.35169361111112
 20
184.6271319444444
 30
0.0
 10
85.03747138888889
 20
176.6472986111111
 30
0.0
 10
88.30772138888888
 20
181.4732986111111
 30
0.0
 10
88.30772138888888
 20
166.6636875
 30
0.0
 10
88.30772138888888
 20
162.3844930555555
 30
0.0
 10
87.34463805555555
 20
161.0439375
 30
0.0
 10
79.40361027777777
 20
161.0439375
 30
0.0
 10
79.04377694444445
 20
161.0439375
 30
0.0
 10
78.27472138888888
 20
161.6260208333333
 30
0.0
 10
78.27472138888888
 20
163.6474375
 30
0.0
 10
77.7996473148148
 20
163.6474375
 30
0.0
 10
77.32457324074073
 20
163.6474375
 30
0.0
 10
76.84949916666666
 20
163.6474375
 30
0.0
  0
SPLINE
  5
DE
330
1F
100
AcDbEntity
  8
DEFAULT
 62
     1
100
AcDbSpline
210
0.0
220
0.0
230
1.0
 70
     8
 71
     3
 72
    35
 73
    31
 74
     0
 42
0.000000001
 43
0.0000000001
 40
0.0
 40
0.0
 40
0.0
 40
0.0
 40
4.039999999999992
 40
4.039999999999992
 40
4.039999999999992
 40
5.039999999999992
 40
5.039999999999992
 40
5.039999999999992
 40
6.039999999999992
 40
6.039999999999992
 40
6.039999999999992
 40
7.039999999999992
 40
7.039999999999992
 40
7.039999999999992
 40
8.039999999999992
 40
8.039999999999992
 40
8.039999999999992
 40
9.039999999999992
 40
9.039999999999992
 40
9.039999999999992
 40
10.03999999999999
 40
10.03999999999999
 40
10.03999999999999
 40
11.03999999999999
 40
11.03999999999999
 40
11.03999999999999
 40
23.94000000000008
 40
23.94000000000008
 40
23.94000000000008
 40
27.70000000000007
 40
27.70000000000007
 40
27.70000000000007
 40
27.70000000000007
 10
76.5001786111111
 20
163.6473669444444
 30
0.0
 10
76.02510453703702
 20
163.6473669444444
 30
0.0
 10
75.55003046296295
 20
163.6473669444444
 30
0.0
 10
75.07495638888888
 20
163.6473669444444
 30
0.0
 10
75.07495638888888
 20
161.6259502777777
 30
0.0
 10
74.30237305555555
 20
161.0438669444444
 30
0.0
 10
73.94606749999998
 20
161.0438669444444
 30
0.0
 10
66.00151194444445
 20
161.0438669444444
 30
0.0
 10
65.0384286111111
 20
162.3844225
 30
0.0
 10
65.0384286111111
 20
166.6636169444444
 30
0.0
 10
65.0384286111111
 20
181.4732280555555
 30
0.0
 10
68.3086786111111
 20
176.6472280555555
 30
0.0
 10
65.99798416666665
 20
184.6270613888889
 30
0.0
 10
65.0243175
 20
187.9784502777778
 30
0.0
 10
64.33640083333333
 20
192.8926447222222
 30
0.0
 10
66.98223416666666
 20
192.8926447222222
 30
0.0
 10
69.0883175
 20
192.8926447222222
 30
0.0
 10
69.65981749999999
 20
192.2505891666667
 30
0.0
 10
75.17373416666666
 20
192.2505891666667
 30
0.0
 10
75.17373416666666
 20
191.1111169444444
 30
0.0
 10
75.24076194444444
 20
191.2416447222222
 30
0.0
 10
75.24076194444444
 20
189.9751725
 30
0.0
 10
75.24076194444444
 20
188.7122280555555
 30
0.0
 10
75.17373416666666
 20
188.8357002777778
 30
0.0
 10
75.17373416666666
 20
187.6997558333333
 30
0.0
 10
75.17373416666666
 20
186.1828113888889
 30
0.0
 10
75.17373416666666
 20
184.6658669444444
 30
0.0
 10
75.17373416666666
 20
183.1489225
 30
0.0
 10
75.61588231481481
 20
183.1489224999999
 30
0.0
 10
76.05803046296296
 20
183.1489224999999
 30
0.0
 10
76.5001786111111
 20
183.1489225
 30
0.0
  0
SPLINE
  5
DF
330
1F
100
AcDbEntity
  8
DEFAULT
 62
     3
100
AcDbSpline
210
0.0
220
0.0
230
1.0
 70
    11
 71
     3
 72
    17
 73
    13
 74
     0
 42
0.000000001
 43
0.0000000001
 40
0.0
 40
0.0
 40
0.0
 40
0.0
 40
1.0
 40
1.0
 40
1.0
 40
2.0
 40
2.0
 40
2.0
 40
3.0
 40
3.0
 40
3.0
 40
4.0
 40
4.0
 40
4.0
 40
4.0
 10
70.86159027777778
 20
157.0777275
 30
0.0
 10
69.98458472222222
 20
157.0777275
 30
0.0
 10
69.79479027777778
 20
155.7989080555556
 30
0.0
 10
70.6040625
 20
154.4629386111111
 30
0.0
 10
71.81056249999999
 20
152.4708025
 30
0.0
 10
71.31279305555555
 20
149.8147386111111
 30
0.0
 10
72.14287916666666
 20
150.9351608333333
 30
0.0
 10
72.97296527777777
 20
152.0559358333333
 30
0.0
 10
71.97672083333333
 20
154.0893469444444
 30
0.0
 10
72.80680694444445
 20
154.5874691666666
 30
0.0
 10
73.63689305555555
 20
155.0855913888889
 30
0.0
 10
72.81774305555555
 20
157.0777275
 30
0.0
 10
70.86159027777778
 20
157.0777275
 30
0.0
  0
SPLINE
  5
E0
330
1F
100
AcDbEntity
  8
DEFAULT
 62
     3
100
AcDbSpline
210
0.0
220
0.0
230
1.0
 70
    11
 71
     3
 72
    17
 73
    13
 74
     0
 42
0.000000001
 43
0.0000000001
 40
0.0
 40
0.0
 40
0.0
 40
0.0
 40
1.0
 40
1.0
 40
1.0
 40
2.0
 40
2.0
 40
2.0
 40
3.0
 40
3.0
 40
3.0
 40
4.0
 40
4.0
 40
4.0
 40
4.0
 10
82.48600611111111
 20
157.0777275
 30
0.0
 10
83.36301166666665
 20
157.0777275
 30
0.0
 10
83.55315888888889
 20
155.7989080555556
 30
0.0
 10
82.74388666666665
 20
154.4629386111111
 30
0.0
 10
81.53703388888889
 20
152.4708025
 30
0.0
 10
82.0351561111111
 20
149.8147386111111
 30
0.0
 10
81.20506999999999
 20
150.9351608333333
 30
0.0
 10
80.37498388888888
 20
152.0559358333333
 30
0.0
 10
81.37087555555554
 20
154.0893469444444
 30
0.0
 10
80.54078944444443
 20
154.5874691666666
 30
0.0
 10
79.71070333333333
 20
155.0855913888889
 30
0.0
 10
80.5302061111111
 20
157.0777275
 30
0.0
 10
82.48600611111111
 20
157.0777275
 30
0.0
  0
SPLINE
  5
E1
330
1F
100
AcDbEntity
  8
DEFAULT
 62
     3
100
AcDbSpline
210
0.0
220
0.0
230
1.0
 70
    11
 71
     3
 72
    23
 73
    19
 74
     0
 42
0.000000001
 43
0.0000000001
 40
0.0
 40
0.0
 40
0.0
 40
0.0
 40
1.0
 40
1.0
 40
1.0
 40
2.0
 40
2.0
 40
2.0
 40
3.0
 40
3.0
 40
3.0
 40
4.0
 40
4.0
 40
4.0
 40
5.0
 40
5.0
 40
5.0
 40
6.0
 40
6.0
 40
6.0
 40
6.0
 10
71.37816277777776
 20
137.6956225
 30
0.0
 10
73.18438499999999
 20
138.5669836111111
 30
0.0
 10
76.03482944444443
 20
140.7471502777778
 30
0.0
 10
74.24271833333333
 20
142.6839002777778
 30
0.0
 10
72.95860722222221
 20
144.0703169444444
 30
0.0
 10
75.56210722222221
 20
143.2836225
 30
0.0
 10
76.676885
 20
143.2836225
 30
0.0
 10
77.788135
 20
143.2836225
 30
0.0
 10
80.391635
 20
144.0703169444444
 30
0.0
 10
79.10752388888888
 20
142.6839002777778
 30
0.0
 10
77.31541277777777
 20
140.7471502777778
 30
0.0
 10
80.16585722222221
 20
138.5669836111111
 30
0.0
 10
81.97207944444443
 20
137.6956225
 30
0.0
 10
83.77830166666665
 20
136.8242613888889
 30
0.0
 10
80.53980166666665
 20
136.5102891666667
 30
0.0
 10
76.676885
 20
136.5102891666667
 30
0.0
 10
72.81044055555554
 20
136.5102891666667
 30
0.0
 10
69.57194055555554
 20
136.8242613888889
 30
0.0
 10
71.37816277777776
 20
137.6956225
 30
0.0
  0
SPLINE
  5
E2
330
1F
100
AcDbEntity
  8
DEFAULT
 62
     5
100
AcDbSpline
210
0.0
220
0.0
230
1.0
 70
     8
 71
     3
 72
    17
 73
    13
 74
     0
 42
0.000000001
 43
0.0000000001
 40
0.0
 40
0.0
 40
0.0
 40
0.0
 40
1.0
 40
1.0
 40
1.0
 40
2.0
 40
2.0
 40
2.0
 40
3.0
 40
3.0
 40
3.0
 40
4.0
 40
4.0
 40
4.0
 40
4.0
 10
67.76772916666665
 20
159.2171483333333
 30
0.0
 10
67.54159861111111
 20
156.3480066666667
 30
0.0
 10
68.49092361111111
 20
154.35834
 30
0.0
 10
68.7099986111111
 20
153.5603566666666
 30
0.0
 10
70.18919583333333
 20
148.1826122222222
 30
0.0
 10
70.64886527777777
 20
147.7345844444444
 30
0.0
 10
69.69213194444444
 20
145.4743372222222
 30
0.0
 10
68.58652638888888
 20
142.8620177777778
 30
0.0
 10
79.77452083333333
 20
142.1042511111111
 30
0.0
 10
68.5018597222222
 20
138.9705261111111
 30
0.0
 10
67.03889027777777
 20
138.5641261111111
 30
0.0
 10
67.69682083333333
 20
136.9611038888889
 30
0.0
 10
68.46446527777776
 20
134.9530927777778
 30
0.0
  0
POLYLINE
  5
E3
330
1F
100
AcDbEntity
  8
DEFAULT
 62
     7
100
AcDb2dPolyline
 66
     1
 10
0.0
 20
0.0
 30
0.0
  0
VERTEX
  5
E4
330
E3
100
AcDbEntity
  8
DEFAULT
 62
     7
100
AcDbVertex
100
AcDb2dVertex
 10
77.92384861111111
 20
149.1269630555555
 30
0.0
  0
VERTEX
  5
E5
330
E3
100
AcDbEntity
  8
DEFAULT
 62
     7
100
AcDbVertex
100
AcDb2dVertex
 10
75.42406527777777
 20
149.1269630555555
 30
0.0
  0
SEQEND
  5
E6
330
E3
100
AcDbEntity
  8
DEFAULT
 62
     7
  0
SPLINE
  5
E7
330
1F
100
AcDbEntity
  8
DEFAULT
 62
     7
100
AcDbSpline
210
0.0
220
0.0
230
1.0
 70
     8
 71
     3
 72
    20
 73
    16
 74
     0
 42
0.000000001
 43
0.0000000001
 40
0.0
 40
0.0
 40
0.0
 40
0.0
 40
1.004000000000002
 40
1.004000000000002
 40
1.004000000000002
 40
2.008000000000004
 40
2.008000000000004
 40
2.008000000000004
 40
3.012000000000006
 40
3.012000000000006
 40
3.012000000000006
 40
4.016000000000008
 40
4.016000000000008
 40
4.016000000000008
 40
5.02000000000001
 40
5.02000000000001
 40
5.02000000000001
 40
5.02000000000001
 10
76.03352416666665
 20
145.3168572222222
 30
0.0
 10
76.03352416666665
 20
145.3168572222222
 30
0.0
 10
76.04128527777776
 20
147.6970488888889
 30
0.0
 10
76.03352416666665
 20
147.82546
 30
0.0
 10
76.15770194444444
 20
148.0374794444444
 30
0.0
 10
76.32350749999999
 20
148.127085
 30
0.0
 10
76.56516027777776
 20
148.127085
 30
0.0
 10
76.9376936111111
 20
148.127085
 30
0.0
 10
77.31410749999999
 20
147.8420405555555
 30
0.0
 10
77.31410749999999
 20
147.2687766666667
 30
0.0
 10
77.31763527777777
 20
146.7819433333333
 30
0.0
 10
77.02447694444443
 20
146.4503322222222
 30
0.0
 10
76.60996305555554
 20
146.4503322222222
 30
0.0
 10
76.34079361111111
 20
146.4503322222222
 30
0.0
 10
76.1471186111111
 20
146.5663961111111
 30
0.0
 10
76.03352416666665
 20
146.7452544444444
 30
0.0
  0
SPLINE
  5
E8
330
1F
100
AcDbEntity
  8
DEFAULT
 62
     5
100
AcDbSpline
210
0.0
220
0.0
230
1.0
 70
     8
 71
     3
 72
    17
 73
    13
 74
     0
 42
0.000000001
 43
0.0000000001
 40
0.0
 40
0.0
 40
0.0
 40
0.0
 40
1.0
 40
1.0
 40
1.0
 40
2.0
 40
2.0
 40
2.0
 40
3.0
 40
3.0
 40
3.0
 40
4.0
 40
4.0
 40
4.0
 40
4.0
 10
85.58007888888888
 20
159.2171483333333
 30
0.0
 10
85.80620944444443
 20
156.3480066666667
 30
0.0
 10
84.85688444444443
 20
154.35834
 30
0.0
 10
84.63780944444444
 20
153.5603566666666
 30
0.0
 10
83.15861222222222
 20
148.1826122222222
 30
0.0
 10
82.69894277777777
 20
147.7345844444444
 30
0.0
 10
83.65532333333333
 20
145.4743372222222
 30
0.0
 10
84.76128166666666
 20
142.8620177777778
 30
0.0
 10
73.57328722222222
 20
142.1042511111111
 30
0.0
 10
84.84594833333333
 20
138.9705261111111
 30
0.0
 10
86.30891777777778
 20
138.5641261111111
 30
0.0
 10
85.65063444444444
 20
136.9611038888889
 30
0.0
 10
84.88334277777777
 20
134.9530927777778
 30
0.0
  0
SPLINE
  5
E9
330
1F
100
AcDbEntity
  8
DEFAULT
 62
     1
100
AcDbSpline
210
0.0
220
0.0
230
1.0
 70
     8
 71
     3
 72
    32
 73
    28
 74
     0
 42
0.000000001
 43
0.0000000001
 40
0.0
 40
0.0
 40
0.0
 40
0.0
 40
3.759999999999991
 40
3.759999999999991
 40
3.759999999999991
 40
16.67000000000002
 40
16.67000000000002
 40
16.67000000000002
 40
17.67000000000002
 40
17.67000000000002
 40
17.67000000000002
 40
18.67000000000002
 40
18.67000000000002
 40
18.67000000000002
 40
19.67000000000002
 40
19.67000000000002
 40
19.67000000000002
 40
20.67000000000002
 40
20.67000000000002
 40
20.67000000000002
 40
21.67000000000002
 40
21.67000000000002
 40
21.67000000000002
 40
22.67000000000002
 40
22.67000000000002
 40
22.67000000000002
 40
29.91000000000003
 40
29.91000000000003
 40
29.91000000000003
 40
29.91000000000003
 10
76.84949916666666
 20
150.2877783333333
 30
0.0
 10
77.2916473148148
 20
150.2877783333333
 30
0.0
 10
77.73379546296296
 20
150.2877783333333
 30
0.0
 10
78.17594361111111
 20
150.2877783333333
 30
0.0
 10
78.17594361111111
 20
151.8058987037037
 30
0.0
 10
78.17594361111111
 20
153.3240190740741
 30
0.0
 10
78.17594361111111
 20
154.8421394444445
 30
0.0
 10
78.17594361111111
 20
155.9745561111111
 30
0.0
 10
78.11244361111112
 20
155.8510838888889
 30
0.0
 10
78.11244361111112
 20
157.1105005555555
 30
0.0
 10
78.11244361111112
 20
158.3840283333333
 30
0.0
 10
78.17594361111111
 20
158.2499727777778
 30
0.0
 10
78.17594361111111
 20
159.3859172222222
 30
0.0
 10
83.69338805555556
 20
159.3859172222222
 30
0.0
 10
83.47466583333333
 20
159.2165838888889
 30
0.0
 10
85.58074916666666
 20
159.2165838888889
 30
0.0
 10
88.22658249999999
 20
159.2165838888889
 30
0.0
 10
87.31994361111111
 20
155.769945
 30
0.0
 10
86.56499916666667
 20
153.0288616666666
 30
0.0
 10
84.12730472222222
 20
144.1600283333333
 30
0.0
 10
87.52455472222222
 20
146.7705838888889
 30
0.0
 10
87.52455472222222
 20
138.7343061111111
 30
0.0
 10
87.52455472222222
 20
135.3335283333333
 30
0.0
 10
87.34463805555555
 20
134.6844172222222
 30
0.0
 10
79.40361027777777
 20
134.6844172222222
 30
0.0
 10
78.5522399074074
 20
134.6844172222222
 30
0.0
 10
77.70086953703704
 20
134.6844172222222
 30
0.0
 10
76.84949916666666
 20
134.6844172222222
 30
0.0
  0
SPLINE
  5
EA
330
1F
100
AcDbEntity
  8
DEFAULT
 62
     1
100
AcDbSpline
210
0.0
220
0.0
230
1.0
 70
     8
 71
     3
 72
    32
 73
    28
 74
     0
 42
0.000000001
 43
0.0000000001
 40
0.0
 40
0.0
 40
0.0
 40
0.0
 40
7.240000000000009
 40
7.240000000000009
 40
7.240000000000009
 40
8.240000000000009
 40
8.240000000000009
 40
8.240000000000009
 40
9.240000000000009
 40
9.240000000000009
 40
9.240000000000009
 40
10.24000000000001
 40
10.24000000000001
 40
10.24000000000001
 40
11.24000000000001
 40
11.24000000000001
 40
11.24000000000001
 40
12.24000000000001
 40
12.24000000000001
 40
12.24000000000001
 40
13.24000000000001
 40
13.24000000000001
 40
13.24000000000001
 40
26.13999999999999
 40
26.13999999999999
 40
26.13999999999999
 40
29.89999999999998
 40
29.89999999999998
 40
29.89999999999998
 40
29.89999999999998
 10
76.5001786111111
 20
134.6844525
 30
0.0
 10
75.64880824074072
 20
134.6844525
 30
0.0
 10
74.79743787037036
 20
134.6844525
 30
0.0
 10
73.94606749999998
 20
134.6844525
 30
0.0
 10
66.00151194444445
 20
134.6844525
 30
0.0
 10
65.82159527777776
 20
135.3335636111111
 30
0.0
 10
65.82159527777776
 20
138.7343413888889
 30
0.0
 10
65.82159527777776
 20
146.7706191666666
 30
0.0
 10
69.22237305555555
 20
144.1600636111111
 30
0.0
 10
66.78115083333333
 20
153.0288969444444
 30
0.0
 10
66.02973416666666
 20
155.7699802777778
 30
0.0
 10
65.1195675
 20
159.2166191666666
 30
0.0
 10
67.76892861111111
 20
159.2166191666666
 30
0.0
 10
69.87148416666666
 20
159.2166191666666
 30
0.0
 10
69.65628972222221
 20
159.3859525
 30
0.0
 10
75.17373416666666
 20
159.3859525
 30
0.0
 10
75.17373416666666
 20
158.2500080555555
 30
0.0
 10
75.24076194444444
 20
158.3840636111111
 30
0.0
 10
75.24076194444444
 20
157.1105358333333
 30
0.0
 10
75.24076194444444
 20
155.8511191666666
 30
0.0
 10
75.17373416666666
 20
155.9745913888889
 30
0.0
 10
75.17373416666666
 20
154.8386469444444
 30
0.0
 10
75.17373416666666
 20
153.3217025
 30
0.0
 10
75.17373416666666
 20
151.8047580555555
 30
0.0
 10
75.17373416666666
 20
150.2878136111111
 30
0.0
 10
75.61588231481481
 20
150.2878136111111
 30
0.0
 10
76.05803046296296
 20
150.2878136111111
 30
0.0
 10
76.5001786111111
 20
150.2878136111111
 30
0.0
  0
SPLINE
  5
EB
330
1F
100
AcDbEntity
  8
DEFAULT
 62
     3
100
AcDbSpline
210
0.0
220
0.0
230
1.0
 70
    11
 71
     3
 72
    17
 73
    13
 74
     0
 42
0.000000001
 43
0.0000000001
 40
0.0
 40
0.0
 40
0.0
 40
0.0
 40
1.0
 40
1.0
 40
1.0
 40
2.0
 40
2.0
 40
2.0
 40
3.0
 40
3.0
 40
3.0
 40
4.0
 40
4.0
 40
4.0
 40
4.0
 10
69.61102833333332
 20
122.6713813888889
 30
0.0
 10
71.43876999999999
 20
121.0584813888889
 30
0.0
 10
72.43325055555555
 20
120.3889091666666
 30
0.0
 10
72.43325055555555
 20
123.1695036111111
 30
0.0
 10
72.43325055555555
 20
125.9500980555555
 30
0.0
 10
73.40656444444443
 20
127.1710619444444
 30
0.0
 10
72.55778111111111
 20
128.2741980555555
 30
0.0
 10
71.727695
 20
129.3533452777777
 30
0.0
 10
72.14009222222222
 20
130.3079619444444
 30
0.0
 10
71.02072833333332
 20
129.9759980555556
 30
0.0
 10
69.90171722222222
 20
129.6440341666666
 30
0.0
 10
68.19180333333333
 20
123.9240952777778
 30
0.0
 10
69.61102833333332
 20
122.6713813888889
 30
0.0
  0
SPLINE
  5
EC
330
1F
100
AcDbEntity
  8
DEFAULT
 62
     3
100
AcDbSpline
210
0.0
220
0.0
230
1.0
 70
    11
 71
     3
 72
    17
 73
    13
 74
     0
 42
0.000000001
 43
0.0000000001
 40
0.0
 40
0.0
 40
0.0
 40
0.0
 40
1.0
 40
1.0
 40
1.0
 40
2.0
 40
2.0
 40
2.0
 40
3.0
 40
3.0
 40
3.0
 40
4.0
 40
4.0
 40
4.0
 40
4.0
 10
83.73660333333332
 20
122.6713813888889
 30
0.0
 10
81.90921444444443
 20
121.0584813888889
 30
0.0
 10
80.9143811111111
 20
120.3889091666666
 30
0.0
 10
80.9143811111111
 20
123.1695036111111
 30
0.0
 10
80.9143811111111
 20
125.9500980555555
 30
0.0
 10
79.94106722222222
 20
127.1710619444444
 30
0.0
 10
80.78985055555555
 20
128.2741980555555
 30
0.0
 10
81.61993666666666
 20
129.3533452777777
 30
0.0
 10
81.20789222222221
 20
130.3079619444444
 30
0.0
 10
82.32690333333332
 20
129.9759980555556
 30
0.0
 10
83.4462672222222
 20
129.6440341666666
 30
0.0
 10
85.15582833333332
 20
123.9240952777778
 30
0.0
 10
83.73660333333332
 20
122.6713813888889
 30
0.0
  0
SPLINE
  5
ED
330
1F
100
AcDbEntity
  8
DEFAULT
 62
     3
100
AcDbSpline
210
0.0
220
0.0
230
1.0
 70
    11
 71
     3
 72
    35
 73
    31
 74
     0
 42
0.000000001
 43
0.0000000001
 40
1.0
 40
1.0
 40
1.0
 40
1.0
 40
2.0
 40
2.0
 40
2.0
 40
3.0
 40
3.0
 40
3.0
 40
4.0
 40
4.0
 40
4.0
 40
5.0
 40
5.0
 40
5.0
 40
6.0
 40
6.0
 40
6.0
 40
7.0
 40
7.0
 40
7.0
 40
8.0
 40
8.0
 40
8.0
 40
9.0
 40
9.0
 40
9.0
 40
10.0
 40
10.0
 40
10.0
 40
11.0
 40
11.0
 40
11.0
 40
11.0
 10
70.37634444444443
 20
110.6162944444444
 30
0.0
 10
71.74512222222221
 20
110.17885
 30
0.0
 10
74.48620555555554
 20
110.6903777777778
 30
0.0
 10
74.17223333333332
 20
113.2974055555556
 30
0.0
 10
73.86178888888888
 20
115.9079611111111
 30
0.0
 10
75.75620555555554
 20
114.6136194444444
 30
0.0
 10
76.67342777777776
 20
114.6136194444444
 30
0.0
 10
77.59064999999998
 20
114.6136194444444
 30
0.0
 10
79.48153888888888
 20
115.9079611111111
 30
0.0
 10
79.17109444444444
 20
113.2974055555556
 30
0.0
 10
78.86064999999999
 20
110.6903777777778
 30
0.0
 10
81.59820555555555
 20
110.17885
 30
0.0
 10
82.97051111111111
 20
110.6162944444444
 30
0.0
 10
84.33928888888889
 20
111.0502111111111
 30
0.0
 10
84.83670555555555
 20
106.1328416666666
 30
0.0
 10
83.52789999999999
 20
106.8944888888889
 30
0.0
 10
82.22262222222221
 20
107.6600166666666
 30
0.0
 10
81.2242611111111
 20
105.8220444444444
 30
0.0
 10
81.11489999999999
 20
107.0814611111111
 30
0.0
 10
81.00553888888888
 20
108.3447583333333
 30
0.0
 10
79.6685111111111
 20
108.5596
 30
0.0
 10
76.67342777777776
 20
108.5596
 30
0.0
 10
73.67481666666666
 20
108.5596
 30
0.0
 10
72.33778888888888
 20
108.3447583333333
 30
0.0
 10
72.22842777777777
 20
107.0814611111111
 30
0.0
 10
72.11906666666665
 20
105.8220444444444
 30
0.0
 10
71.12423333333332
 20
107.6600166666666
 30
0.0
 10
69.81542777777777
 20
106.8944888888889
 30
0.0
 10
68.51015
 20
106.1328416666666
 30
0.0
 10
69.00756666666666
 20
111.0502111111111
 30
0.0
 10
70.37634444444443
 20
110.6162944444444
 30
0.0
  0
SPLINE
  5
EE
330
1F
100
AcDbEntity
  8
DEFAULT
 62
     5
100
AcDbSpline
210
0.0
220
0.0
230
1.0
 70
     8
 71
     3
 72
    17
 73
    13
 74
     0
 42
0.000000001
 43
0.0000000001
 40
0.0
 40
0.0
 40
0.0
 40
0.0
 40
1.0
 40
1.0
 40
1.0
 40
2.0
 40
2.0
 40
2.0
 40
3.0
 40
3.0
 40
3.0
 40
4.0
 40
4.0
 40
4.0
 40
4.0
 10
67.64901944444443
 20
131.7411216666667
 30
0.0
 10
67.98980277777777
 20
130.1278688888889
 30
0.0
 10
66.45345555555555
 20
129.078355
 30
0.0
 10
66.7095722222222
 20
123.3150244444444
 30
0.0
 10
66.89089999999999
 20
119.2443216666667
 30
0.0
 10
74.22691388888887
 20
117.8265077777778
 30
0.0
 10
72.74277777777776
 20
113.4753466666667
 30
0.0
 10
71.15739444444444
 20
108.828205
 30
0.0
 10
67.03483333333332
 20
117.70868
 30
0.0
 10
67.03483333333332
 20
108.9573216666666
 30
0.0
 10
67.03483333333332
 20
106.1382744444444
 30
0.0
 10
66.62490555555556
 20
103.0165438888889
 30
0.0
 10
65.82304166666667
 20
101.2695883333333
 30
0.0
  0
POLYLINE
  5
EF
330
1F
100
AcDbEntity
  8
DEFAULT
 62
     7
100
AcDb2dPolyline
 66
     1
 10
0.0
 20
0.0
 30
0.0
  0
VERTEX
  5
F0
330
EF
100
AcDbEntity
  8
DEFAULT
 62
     7
100
AcDbVertex
100
AcDb2dVertex
 10
77.92384861111111
 20
120.8026116666666
 30
0.0
  0
VERTEX
  5
F1
330
EF
100
AcDbEntity
  8
DEFAULT
 62
     7
100
AcDbVertex
100
AcDb2dVertex
 10
75.42406527777777
 20
120.8026116666666
 30
0.0
  0
SEQEND
  5
F2
330
EF
100
AcDbEntity
  8
DEFAULT
 62
     7
  0
SPLINE
  5
F3
330
1F
100
AcDbEntity
  8
DEFAULT
 62
     7
100
AcDbSpline
210
0.0
220
0.0
230
1.0
 70
     8
 71
     3
 72
    17
 73
    13
 74
     0
 42
0.000000001
 43
0.0000000001
 40
0.0
 40
0.0
 40
0.0
 40
0.0
 40
1.0
 40
1.0
 40
1.0
 40
2.0
 40
2.0
 40
2.0
 40
3.0
 40
3.0
 40
3.0
 40
4.0
 40
4.0
 40
4.0
 40
4.0
 10
75.93707472222222
 20
119.6936194444444
 30
0.0
 10
76.02703305555555
 20
119.7401861111111
 30
0.0
 10
76.22564694444445
 20
119.8026277777778
 30
0.0
 10
76.47894138888888
 20
119.8026277777778
 30
0.0
 10
77.04797194444444
 20
119.8026277777778
 30
0.0
 10
77.41838861111111
 20
119.4166888888889
 30
0.0
 10
77.41838861111111
 20
118.8398972222222
 30
0.0
 10
77.41838861111111
 20
118.259225
 30
0.0
 10
77.02080805555555
 20
117.8380083333333
 30
0.0
 10
76.40485805555555
 20
117.8380083333333
 30
0.0
 10
76.20201083333333
 20
117.8380083333333
 30
0.0
 10
76.02279972222222
 20
117.8888083333333
 30
0.0
 10
75.92931361111111
 20
117.935375
 30
0.0
  0
SPLINE
  5
F4
330
1F
100
AcDbEntity
  8
DEFAULT
 62
     5
100
AcDbSpline
210
0.0
220
0.0
230
1.0
 70
     8
 71
     3
 72
    17
 73
    13
 74
     0
 42
0.000000001
 43
0.0000000001
 40
0.0
 40
0.0
 40
0.0
 40
0.0
 40
1.0
 40
1.0
 40
1.0
 40
2.0
 40
2.0
 40
2.0
 40
3.0
 40
3.0
 40
3.0
 40
4.0
 40
4.0
 40
4.0
 40
4.0
 10
85.69875333333333
 20
131.7411216666667
 30
0.0
 10
85.35797
 20
130.1278688888889
 30
0.0
 10
86.89431722222221
 20
129.078355
 30
0.0
 10
86.63820055555556
 20
123.3150244444444
 30
0.0
 10
86.45687277777778
 20
119.2443216666667
 30
0.0
 10
79.12085888888889
 20
117.8265077777778
 30
0.0
 10
80.604995
 20
113.4753466666667
 30
0.0
 10
82.19037833333333
 20
108.828205
 30
0.0
 10
86.31293944444444
 20
117.70868
 30
0.0
 10
86.31293944444444
 20
108.9573216666666
 30
0.0
 10
86.31293944444444
 20
106.1382744444444
 30
0.0
 10
86.7228672222222
 20
103.0165438888889
 30
0.0
 10
87.5247311111111
 20
101.2695883333333
 30
0.0
  0
SPLINE
  5
F5
330
1F
100
AcDbEntity
  8
DEFAULT
 62
     1
100
AcDbSpline
210
0.0
220
0.0
230
1.0
 70
     8
 71
     3
 72
    41
 73
    37
 74
     0
 42
0.000000001
 43
0.0000000001
 40
0.0
 40
0.0
 40
0.0
 40
0.0
 40
3.759999999999991
 40
3.759999999999991
 40
3.759999999999991
 40
16.65999999999997
 40
16.65999999999997
 40
16.65999999999997
 40
17.65999999999997
 40
17.65999999999997
 40
17.65999999999997
 40
18.65999999999997
 40
18.65999999999997
 40
18.65999999999997
 40
19.65999999999997
 40
19.65999999999997
 40
19.65999999999997
 40
20.65999999999997
 40
20.65999999999997
 40
20.65999999999997
 40
31.70999999999998
 40
31.70999999999998
 40
31.70999999999998
 40
32.70999999999998
 40
32.70999999999998
 40
32.70999999999998
 40
33.70999999999998
 40
33.70999999999998
 40
33.70999999999998
 40
34.70999999999998
 40
34.70999999999998
 40
34.70999999999998
 40
35.70999999999998
 40
35.70999999999998
 40
35.70999999999998
 40
41.12999999999997
 40
41.12999999999997
 40
41.12999999999997
 40
41.12999999999997
 10
76.84949916666666
 20
121.9632505555555
 30
0.0
 10
77.2916473148148
 20
121.9632505555555
 30
0.0
 10
77.73379546296296
 20
121.9632505555555
 30
0.0
 10
78.17594361111111
 20
121.9632505555555
 30
0.0
 10
78.17594361111111
 20
123.480195
 30
0.0
 10
78.17594361111111
 20
124.9971394444444
 30
0.0
 10
78.17594361111111
 20
126.5140838888889
 30
0.0
 10
78.17594361111111
 20
127.6500283333333
 30
0.0
 10
78.10891583333333
 20
127.5265561111111
 30
0.0
 10
78.10891583333333
 20
128.7859727777777
 30
0.0
 10
78.10891583333333
 20
130.052445
 30
0.0
 10
78.17594361111111
 20
129.925445
 30
0.0
 10
78.17594361111111
 20
131.0613894444444
 30
0.0
 10
80.85352694444444
 20
131.0613894444444
 30
0.0
 10
77.6855825
 20
134.973695
 30
0.0
 10
85.69716583333333
 20
131.7422505555555
 30
0.0
 10
90.42791583333332
 20
129.830195
 30
0.0
 10
88.31124916666667
 20
128.179195
 30
0.0
 10
88.31124916666667
 20
112.8545283333333
 30
0.0
 10
88.31124916666666
 20
111.5551301851852
 30
0.0
 10
88.31124916666666
 20
110.255732037037
 30
0.0
 10
88.31124916666667
 20
108.9563338888889
 30
0.0
 10
88.31124916666667
 20
103.7563894444444
 30
0.0
 10
89.68355472222221
 20
102.4087783333333
 30
0.0
 10
88.31124916666667
 20
101.6750005555556
 30
0.0
 10
84.81522138888889
 20
99.81233388888887
 30
0.0
 10
85.69363805555555
 20
100.9306394444444
 30
0.0
 10
84.97397138888888
 20
102.2923616666667
 30
0.0
 10
84.00030472222222
 20
104.1268061111111
 30
0.0
 10
80.64891583333333
 20
103.7563894444444
 30
0.0
 10
79.40713805555555
 20
103.7563894444444
 30
0.0
 10
79.04730472222222
 20
103.7563894444444
 30
0.0
 10
78.76155472222221
 20
104.3384727777778
 30
0.0
 10
78.76155472222221
 20
106.3563616666667
 30
0.0
 10
78.12420287037037
 20
106.3563616666667
 30
0.0
 10
77.48685101851852
 20
106.3563616666667
 30
0.0
 10
76.84949916666666
 20
106.3563616666667
 30
0.0
  0
SPLINE
  5
F6
330
1F
100
AcDbEntity
  8
DEFAULT
 62
     1
100
AcDbSpline
210
0.0
220
0.0
230
1.0
 70
     8
 71
     3
 72
    41
 73
    37
 74
     0
 42
0.000000001
 43
0.0000000001
 40
0.0
 40
0.0
 40
0.0
 40
0.0
 40
5.400000000000006
 40
5.400000000000006
 40
5.400000000000006
 40
6.400000000000006
 40
6.400000000000006
 40
6.400000000000006
 40
7.400000000000006
 40
7.400000000000006
 40
7.400000000000006
 40
8.400000000000006
 40
8.400000000000006
 40
8.400000000000006
 40
9.400000000000006
 40
9.400000000000006
 40
9.400000000000006
 40
20.45000000000002
 40
20.45000000000002
 40
20.45000000000002
 40
21.45000000000002
 40
21.45000000000002
 40
21.45000000000002
 40
22.45000000000002
 40
22.45000000000002
 40
22.45000000000002
 40
23.45000000000002
 40
23.45000000000002
 40
23.45000000000002
 40
24.45000000000002
 40
24.45000000000002
 40
24.45000000000002
 40
37.34999999999999
 40
37.34999999999999
 40
37.34999999999999
 40
41.10999999999999
 40
41.10999999999999
 40
41.10999999999999
 40
41.10999999999999
 10
76.5001786111111
 20
106.3562911111111
 30
0.0
 10
75.86517861111109
 20
106.3562911111111
 30
0.0
 10
75.2301786111111
 20
106.3562911111111
 30
0.0
 10
74.5951786111111
 20
106.3562911111111
 30
0.0
 10
74.5951786111111
 20
104.3384022222222
 30
0.0
 10
74.30590083333333
 20
103.7563188888889
 30
0.0
 10
73.94606749999998
 20
103.7563188888889
 30
0.0
 10
72.69723416666666
 20
103.7563188888889
 30
0.0
 10
69.34584527777777
 20
104.1267355555555
 30
0.0
 10
68.37217861111111
 20
102.2922911111111
 30
0.0
 10
67.65251194444443
 20
100.9305688888889
 30
0.0
 10
68.53445638888887
 20
99.81226333333332
 30
0.0
 10
65.03490083333332
 20
101.67493
 30
0.0
 10
63.66259527777777
 20
102.4087077777778
 30
0.0
 10
65.0384286111111
 20
103.7563188888889
 30
0.0
 10
65.0384286111111
 20
108.9562633333333
 30
0.0
 10
65.0384286111111
 20
110.2556614814815
 30
0.0
 10
65.0384286111111
 20
111.5550596296296
 30
0.0
 10
65.0384286111111
 20
112.8544577777778
 30
0.0
 10
65.0384286111111
 20
128.1791244444444
 30
0.0
 10
62.92528972222222
 20
129.8301244444444
 30
0.0
 10
67.65251194444443
 20
131.74218
 30
0.0
 10
75.6605675
 20
134.9736244444444
 30
0.0
 10
72.50673416666666
 20
131.0683744444444
 30
0.0
 10
75.17373416666666
 20
131.0613188888888
 30
0.0
 10
75.17373416666666
 20
129.9253744444444
 30
0.0
 10
75.23370638888888
 20
130.0523744444444
 30
0.0
 10
75.23370638888888
 20
128.7859022222222
 30
0.0
 10
75.23370638888888
 20
127.5264855555555
 30
0.0
 10
75.17373416666666
 20
127.6499577777778
 30
0.0
 10
75.17373416666666
 20
126.5140133333333
 30
0.0
 10
75.17373416666666
 20
124.9970688888889
 30
0.0
 10
75.17373416666666
 20
123.4801244444444
 30
0.0
 10
75.17373416666666
 20
121.96318
 30
0.0
 10
75.61588231481481
 20
121.96318
 30
0.0
 10
76.05803046296296
 20
121.96318
 30
0.0
 10
76.5001786111111
 20
121.96318
 30
0.0
  0
SPLINE
  5
F7
330
1F
100
AcDbEntity
  8
DEFAULT
 62
     3
100
AcDbSpline
210
0.0
220
0.0
230
1.0
 70
    11
 71
     3
 72
    17
 73
    13
 74
     0
 42
0.000000001
 43
0.0000000001
 40
0.0
 40
0.0
 40
0.0
 40
0.0
 40
1.0
 40
1.0
 40
1.0
 40
2.0
 40
2.0
 40
2.0
 40
3.0
 40
3.0
 40
3.0
 40
4.0
 40
4.0
 40
4.0
 40
4.0
 10
70.69017555555554
 20
90.83837277777776
 30
0.0
 10
69.0920922222222
 20
91.5728561111111
 30
0.0
 10
68.98696444444444
 20
91.50265333333331
 30
0.0
 10
69.79694222222221
 20
93.49478944444442
 30
0.0
 10
70.60727277777777
 20
95.48692555555556
 30
0.0
 10
71.56188944444443
 20
94.40777833333333
 30
0.0
 10
71.76932277777777
 20
95.94341999999999
 30
0.0
 10
71.9767561111111
 20
97.47906166666665
 30
0.0
 10
73.23158666666666
 20
97.97683111111111
 30
0.0
 10
73.23158666666666
 20
96.93931166666665
 30
0.0
 10
73.23158666666666
 20
95.90179222222221
 30
0.0
 10
73.76145888888888
 20
89.42726166666665
 30
0.0
 10
70.69017555555554
 20
90.83837277777776
 30
0.0
  0
SPLINE
  5
F8
330
1F
100
AcDbEntity
  8
DEFAULT
 62
     3
100
AcDbSpline
210
0.0
220
0.0
230
1.0
 70
    11
 71
     3
 72
    17
 73
    13
 74
     0
 42
0.000000001
 43
0.0000000001
 40
0.0
 40
0.0
 40
0.0
 40
0.0
 40
1.0
 40
1.0
 40
1.0
 40
2.0
 40
2.0
 40
2.0
 40
3.0
 40
3.0
 40
3.0
 40
4.0
 40
4.0
 40
4.0
 40
4.0
 10
82.65759722222222
 20
90.83837277777776
 30
0.0
 10
84.25568055555556
 20
91.5728561111111
 30
0.0
 10
84.3611611111111
 20
91.50265333333331
 30
0.0
 10
83.55083055555555
 20
93.49478944444442
 30
0.0
 10
82.7405
 20
95.48692555555556
 30
0.0
 10
81.78588333333333
 20
94.40777833333333
 30
0.0
 10
81.57844999999999
 20
95.94341999999999
 30
0.0
 10
81.37101666666666
 20
97.47906166666665
 30
0.0
 10
80.1161861111111
 20
97.97683111111111
 30
0.0
 10
80.1161861111111
 20
96.93931166666665
 30
0.0
 10
80.1161861111111
 20
95.90179222222221
 30
0.0
 10
79.58631388888888
 20
89.42726166666665
 30
0.0
 10
82.65759722222222
 20
90.83837277777776
 30
0.0
  0
SPLINE
  5
F9
330
1F
100
AcDbEntity
  8
DEFAULT
 62
     5
100
AcDbSpline
210
0.0
220
0.0
230
1.0
 70
     8
 71
     3
 72
    23
 73
    19
 74
     0
 42
0.000000001
 43
0.0000000001
 40
0.0
 40
0.0
 40
0.0
 40
0.0
 40
1.0
 40
1.0
 40
1.0
 40
2.0
 40
2.0
 40
2.0
 40
3.0
 40
3.0
 40
3.0
 40
4.0
 40
4.0
 40
4.0
 40
5.0
 40
5.0
 40
5.0
 40
6.0
 40
6.0
 40
6.0
 40
6.0
 10
69.22635944444444
 20
98.99755833333332
 30
0.0
 10
70.73624833333334
 20
97.48766944444444
 30
0.0
 10
70.42015944444444
 20
96.59090833333332
 30
0.0
 10
69.30044277777777
 20
95.9911861111111
 30
0.0
 10
68.18107888888889
 20
95.3911111111111
 30
0.0
 10
68.18107888888889
 20
95.3911111111111
 30
0.0
 10
67.41378722222221
 20
93.77997499999998
 30
0.0
 10
66.41895388888888
 20
91.6904722222222
 30
0.0
 10
66.64332055555555
 20
91.06781944444442
 30
0.0
 10
66.6535511111111
 20
91.04241944444443
 30
0.0
 10
66.75620944444444
 20
90.78277499999999
 30
0.0
 10
67.72317333333334
 20
90.40036388888888
 30
0.0
 10
68.36311222222221
 20
90.14777499999998
 30
0.0
 10
70.51787888888889
 20
89.29687499999999
 30
0.0
 10
74.1243261111111
 20
87.24547222222222
 30
0.0
 10
74.1243261111111
 20
82.47626944444444
 30
0.0
 10
74.1243261111111
 20
80.93674722222221
 30
0.0
 10
73.6643038888889
 20
79.37358888888888
 30
0.0
 10
72.12442888888889
 20
78.57807499999998
 30
0.0
  0
POLYLINE
  5
FA
330
1F
100
AcDbEntity
  8
DEFAULT
 62
     7
100
AcDb2dPolyline
 66
     1
 10
0.0
 20
0.0
 30
0.0
  0
VERTEX
  5
FB
330
FA
100
AcDbEntity
  8
DEFAULT
 62
     7
100
AcDbVertex
100
AcDb2dVertex
 10
78.03927749999998
 20
90.41856722222221
 30
0.0
  0
VERTEX
  5
FC
330
FA
100
AcDbEntity
  8
DEFAULT
 62
     7
100
AcDbVertex
100
AcDb2dVertex
 10
75.53949416666666
 20
90.41856722222221
 30
0.0
  0
SEQEND
  5
FD
330
FA
100
AcDbEntity
  8
DEFAULT
 62
     7
  0
SPLINE
  5
FE
330
1F
100
AcDbEntity
  8
DEFAULT
 62
     7
100
AcDbSpline
210
0.0
220
0.0
230
1.0
 70
    11
 71
     3
 72
    23
 73
    19
 74
     0
 42
0.000000001
 43
0.0000000001
 40
0.0
 40
0.0
 40
0.0
 40
0.0
 40
1.002210188971158
 40
1.002210188971158
 40
1.002210188971158
 40
2.004420377942316
 40
2.004420377942316
 40
2.004420377942316
 40
3.006630566913474
 40
3.006630566913474
 40
3.006630566913474
 40
4.008840755884632
 40
4.008840755884632
 40
4.008840755884632
 40
5.011050944855791
 40
5.011050944855791
 40
5.011050944855791
 40
9.069000000000017
 40
9.069000000000017
 40
9.069000000000017
 40
9.069000000000017
 10
77.31424861111111
 20
88.03682333333333
 30
0.0
 10
77.20065416666667
 20
87.857965
 30
0.0
 10
77.00697916666665
 20
87.7419011111111
 30
0.0
 10
76.73780972222222
 20
87.7419011111111
 30
0.0
 10
76.32329583333333
 20
87.7419011111111
 30
0.0
 10
76.0301375
 20
88.07351222222222
 30
0.0
 10
76.03366527777777
 20
88.56034555555556
 30
0.0
 10
76.03366527777777
 20
89.13360944444445
 30
0.0
 10
76.41007916666666
 20
89.41865388888888
 30
0.0
 10
76.7826125
 20
89.41865388888888
 30
0.0
 10
77.02426527777777
 20
89.41865388888888
 30
0.0
 10
77.19007083333332
 20
89.32904833333333
 30
0.0
 10
77.31424861111111
 20
89.11702888888888
 30
0.0
 10
77.3064875
 20
88.988265
 30
0.0
 10
77.31424861111111
 20
86.6084261111111
 30
0.0
 10
77.31424861111111
 20
86.6084261111111
 30
0.0
 10
77.31424861111111
 20
87.08455851851852
 30
0.0
 10
77.31424861111111
 20
87.56069092592593
 30
0.0
 10
77.31424861111111
 20
88.03682333333333
 30
0.0
  0
SPLINE
  5
FF
330
1F
100
AcDbEntity
  8
DEFAULT
 62
     5
100
AcDbSpline
210
0.0
220
0.0
230
1.0
 70
     8
 71
     3
 72
    23
 73
    19
 74
     0
 42
0.000000001
 43
0.0000000001
 40
0.0
 40
0.0
 40
0.0
 40
0.0
 40
1.0
 40
1.0
 40
1.0
 40
2.0
 40
2.0
 40
2.0
 40
3.0
 40
3.0
 40
3.0
 40
4.0
 40
4.0
 40
4.0
 40
5.0
 40
5.0
 40
5.0
 40
6.0
 40
6.0
 40
6.0
 40
6.0
 10
84.12141333333332
 20
98.99755833333332
 30
0.0
 10
82.61152444444443
 20
97.48766944444444
 30
0.0
 10
82.92761333333333
 20
96.59090833333332
 30
0.0
 10
84.04732999999999
 20
95.9911861111111
 30
0.0
 10
85.16669388888887
 20
95.3911111111111
 30
0.0
 10
85.16669388888887
 20
95.3911111111111
 30
0.0
 10
85.93398555555555
 20
93.77997499999998
 30
0.0
 10
86.92881888888888
 20
91.6904722222222
 30
0.0
 10
86.70445222222222
 20
91.06781944444442
 30
0.0
 10
86.69422166666666
 20
91.04241944444443
 30
0.0
 10
86.59121055555555
 20
90.78277499999999
 30
0.0
 10
85.62459944444443
 20
90.40036388888888
 30
0.0
 10
84.98466055555555
 20
90.14777499999998
 30
0.0
 10
82.82989388888888
 20
89.29687499999999
 30
0.0
 10
79.22344666666666
 20
87.24547222222222
 30
0.0
 10
79.22344666666666
 20
82.47626944444444
 30
0.0
 10
79.22344666666666
 20
80.93674722222221
 30
0.0
 10
79.6831161111111
 20
79.37358888888888
 30
0.0
 10
81.22334388888888
 20
78.57807499999998
 30
0.0
  0
SPLINE
  5
100
330
1F
100
AcDbEntity
  8
DEFAULT
 62
     1
100
AcDbSpline
210
0.0
220
0.0
230
1.0
 70
     8
 71
     3
 72
    38
 73
    34
 74
     0
 42
0.000000001
 43
0.0000000001
 40
0.0
 40
0.0
 40
0.0
 40
0.0
 40
3.75
 40
3.75
 40
3.75
 40
16.64999999999998
 40
16.64999999999998
 40
16.64999999999998
 40
17.64999999999998
 40
17.64999999999998
 40
17.64999999999998
 40
18.64999999999998
 40
18.64999999999998
 40
18.64999999999998
 40
19.64999999999998
 40
19.64999999999998
 40
19.64999999999998
 40
20.64999999999998
 40
20.64999999999998
 40
20.64999999999998
 40
21.64999999999998
 40
21.64999999999998
 40
21.64999999999998
 40
32.69999999999996
 40
32.69999999999996
 40
32.69999999999996
 40
33.69999999999996
 40
33.69999999999996
 40
33.69999999999996
 40
34.69999999999996
 40
34.69999999999996
 40
34.69999999999996
 40
40.09999999999997
 40
40.09999999999997
 40
40.09999999999997
 40
40.09999999999997
 10
76.84949916666666
 20
91.57853583333332
 30
0.0
 10
77.29047138888888
 20
91.57853583333332
 30
0.0
 10
77.7314436111111
 20
91.57853583333332
 30
0.0
 10
78.17241583333333
 20
91.57853583333332
 30
0.0
 10
78.17241583333333
 20
93.09548027777777
 30
0.0
 10
78.17241583333333
 20
94.61242472222222
 30
0.0
 10
78.17241583333333
 20
96.12936916666665
 30
0.0
 10
78.17241583333333
 20
97.2653136111111
 30
0.0
 10
78.10891583333333
 20
97.14184138888886
 30
0.0
 10
78.10891583333333
 20
98.40478583333332
 30
0.0
 10
78.10891583333333
 20
99.66773027777776
 30
0.0
 10
78.17241583333333
 20
99.54073027777775
 30
0.0
 10
78.17241583333333
 20
100.6802025
 30
0.0
 10
81.04402694444444
 20
100.6802025
 30
0.0
 10
84.12024916666665
 20
100.1192858333333
 30
0.0
 10
84.12024916666665
 20
98.9974525
 30
0.0
 10
84.12024916666665
 20
97.22298027777776
 30
0.0
 10
85.87355472222222
 20
98.56353583333332
 30
0.0
 10
87.73974916666667
 20
94.64064694444443
 30
0.0
 10
91.96602694444444
 20
85.76123027777776
 30
0.0
 10
81.22394361111111
 20
93.74811916666664
 30
0.0
 10
81.22394361111111
 20
82.47686916666665
 30
0.0
 10
81.22394361111111
 20
81.17747101851849
 30
0.0
 10
81.22394361111111
 20
79.87807287037035
 30
0.0
 10
81.22394361111111
 20
78.5786747222222
 30
0.0
 10
81.22394361111111
 20
75.70353583333332
 30
0.0
 10
83.50288805555554
 20
73.37873027777776
 30
0.0
 10
79.40361027777777
 20
73.37873027777776
 30
0.0
 10
79.04377694444445
 20
73.37873027777776
 30
0.0
 10
78.75449916666666
 20
73.96081361111109
 30
0.0
 10
78.75449916666666
 20
75.97870249999998
 30
0.0
 10
78.11949916666667
 20
75.97870249999998
 30
0.0
 10
77.48449916666667
 20
75.97870249999998
 30
0.0
 10
76.84949916666666
 20
75.97870249999998
 30
0.0
  0
SPLINE
  5
101
330
1F
100
AcDbEntity
  8
DEFAULT
 62
     1
100
AcDbSpline
210
0.0
220
0.0
230
1.0
 70
     8
 71
     3
 72
    38
 73
    34
 74
     0
 42
0.000000001
 43
0.0000000001
 40
0.0
 40
0.0
 40
0.0
 40
0.0
 40
5.409999999999997
 40
5.409999999999997
 40
5.409999999999997
 40
6.409999999999997
 40
6.409999999999997
 40
6.409999999999997
 40
7.409999999999997
 40
7.409999999999997
 40
7.409999999999997
 40
18.46000000000001
 40
18.46000000000001
 40
18.46000000000001
 40
19.46000000000001
 40
19.46000000000001
 40
19.46000000000001
 40
20.46000000000001
 40
20.46000000000001
 40
20.46000000000001
 40
21.46000000000001
 40
21.46000000000001
 40
21.46000000000001
 40
22.46000000000001
 40
22.46000000000001
 40
22.46000000000001
 40
23.46000000000001
 40
23.46000000000001
 40
23.46000000000001
 40
36.36000000000004
 40
36.36000000000004
 40
36.36000000000004
 40
40.12000000000003
 40
40.12000000000003
 40
40.12000000000003
 40
40.12000000000003
 10
76.5001786111111
 20
75.97863194444444
 30
0.0
 10
75.86400268518518
 20
75.97863194444444
 30
0.0
 10
75.22782675925926
 20
75.97863194444444
 30
0.0
 10
74.59165083333333
 20
75.97863194444444
 30
0.0
 10
74.59165083333333
 20
73.96074305555555
 30
0.0
 10
74.30237305555555
 20
73.37865972222221
 30
0.0
 10
73.94606749999998
 20
73.37865972222221
 30
0.0
 10
69.84678972222223
 20
73.37865972222221
 30
0.0
 10
72.12573416666666
 20
75.70346527777777
 30
0.0
 10
72.12573416666666
 20
78.57860416666666
 30
0.0
 10
72.12573416666666
 20
79.87800231481481
 30
0.0
 10
72.12573416666666
 20
81.17740046296296
 30
0.0
 10
72.12573416666666
 20
82.47679861111111
 30
0.0
 10
72.12573416666666
 20
93.7480486111111
 30
0.0
 10
61.38012305555555
 20
85.76115972222222
 30
0.0
 10
65.6099286111111
 20
94.64057638888887
 30
0.0
 10
67.47612305555555
 20
98.56346527777777
 30
0.0
 10
69.22590083333333
 20
97.2229097222222
 30
0.0
 10
69.22590083333333
 20
98.99738194444444
 30
0.0
 10
69.22590083333333
 20
100.1192152777778
 30
0.0
 10
72.30212305555554
 20
100.6801319444444
 30
0.0
 10
75.17373416666666
 20
100.6801319444444
 30
0.0
 10
75.17373416666666
 20
99.54065972222222
 30
0.0
 10
75.23723416666665
 20
99.66765972222223
 30
0.0
 10
75.23723416666665
 20
98.40471527777777
 30
0.0
 10
75.23723416666665
 20
97.14177083333333
 30
0.0
 10
75.17373416666666
 20
97.26524305555554
 30
0.0
 10
75.17373416666666
 20
96.12929861111111
 30
0.0
 10
75.17373416666666
 20
94.61235416666666
 30
0.0
 10
75.17373416666666
 20
93.09540972222221
 30
0.0
 10
75.17373416666666
 20
91.57846527777777
 30
0.0
 10
75.61588231481481
 20
91.57846527777777
 30
0.0
 10
76.05803046296296
 20
91.57846527777777
 30
0.0
 10
76.5001786111111
 20
91.57846527777777
 30
0.0
  0
SPLINE
  5
102
330
1F
100
AcDbEntity
  8
DEFAULT
 62
     3
100
AcDbSpline
210
0.0
220
0.0
230
1.0
 70
    11
 71
     3
 72
    20
 73
    16
 74
     0
 42
0.000000001
 43
0.0000000001
 40
0.0
 40
0.0
 40
0.0
 40
0.0
 40
1.0
 40
1.0
 40
1.0
 40
2.0
 40
2.0
 40
2.0
 40
3.0
 40
3.0
 40
3.0
 40
4.0
 40
4.0
 40
4.0
 40
5.0
 40
5.0
 40
5.0
 40
5.0
 10
70.7316975
 20
67.098545
 30
0.0
 10
70.18595027777778
 20
68.92275888888888
 30
0.0
 10
70.3997336111111
 20
69.33974222222223
 30
0.0
 10
71.47888083333332
 20
68.84161999999999
 30
0.0
 10
72.55767527777778
 20
68.34349777777777
 30
0.0
 10
73.1351725
 20
68.260595
 30
0.0
 10
73.1161225
 20
66.72495333333333
 30
0.0
 10
73.09742527777777
 20
65.18931166666667
 30
0.0
 10
73.38423361111111
 20
59.94738666666666
 30
0.0
 10
72.99159194444444
 20
59.04074777777777
 30
0.0
 10
72.59930305555555
 20
58.1337561111111
 30
0.0
 10
70.48263638888889
 20
57.09623666666666
 30
0.0
 10
70.85622805555555
 20
58.46572
 30
0.0
 10
71.22981972222222
 20
59.83555611111111
 30
0.0
 10
72.06766694444444
 20
62.63273111111111
 30
0.0
 10
70.7316975
 20
67.098545
 30
0.0
  0
SPLINE
  5
103
330
1F
100
AcDbEntity
  8
DEFAULT
 62
     3
100
AcDbSpline
210
0.0
220
0.0
230
1.0
 70
    11
 71
     3
 72
    20
 73
    16
 74
     0
 42
0.000000001
 43
0.0000000001
 40
0.0
 40
0.0
 40
0.0
 40
0.0
 40
1.0
 40
1.0
 40
1.0
 40
2.0
 40
2.0
 40
2.0
 40
3.0
 40
3.0
 40
3.0
 40
4.0
 40
4.0
 40
4.0
 40
5.0
 40
5.0
 40
5.0
 40
5.0
 10
82.61607527777777
 20
67.098545
 30
0.0
 10
83.16182249999999
 20
68.92275888888888
 30
0.0
 10
82.94803916666666
 20
69.33974222222223
 30
0.0
 10
81.86889194444444
 20
68.84161999999999
 30
0.0
 10
80.7900975
 20
68.34349777777777
 30
0.0
 10
80.21260027777777
 20
68.260595
 30
0.0
 10
80.23165027777776
 20
66.72495333333333
 30
0.0
 10
80.25034749999999
 20
65.18931166666667
 30
0.0
 10
79.96353916666665
 20
59.94738666666666
 30
0.0
 10
80.35618083333333
 20
59.04074777777777
 30
0.0
 10
80.74846972222221
 20
58.1337561111111
 30
0.0
 10
82.86513638888887
 20
57.09623666666666
 30
0.0
 10
82.49154472222222
 20
58.46572
 30
0.0
 10
82.11795305555555
 20
59.83555611111111
 30
0.0
 10
81.28010583333332
 20
62.63273111111111
 30
0.0
 10
82.61607527777777
 20
67.098545
 30
0.0
  0
SPLINE
  5
104
330
1F
100
AcDbEntity
  8
DEFAULT
 62
     3
100
AcDbSpline
210
0.0
220
0.0
230
1.0
 70
    11
 71
     3
 72
    35
 73
    31
 74
     0
 42
0.000000001
 43
0.0000000001
 40
1.0
 40
1.0
 40
1.0
 40
1.0
 40
2.0
 40
2.0
 40
2.0
 40
3.0
 40
3.0
 40
3.0
 40
4.0
 40
4.0
 40
4.0
 40
5.0
 40
5.0
 40
5.0
 40
6.0
 40
6.0
 40
6.0
 40
7.0
 40
7.0
 40
7.0
 40
8.0
 40
8.0
 40
8.0
 40
9.0
 40
9.0
 40
9.0
 40
10.0
 40
10.0
 40
10.0
 40
11.0
 40
11.0
 40
11.0
 40
11.0
 10
73.43143527777777
 20
47.63515999999999
 30
0.0
 10
74.6344075
 20
50.04075166666665
 30
0.0
 10
73.72424083333333
 20
55.15990999999998
 30
0.0
 10
74.80021305555555
 20
53.76290999999999
 30
0.0
 10
75.87971305555554
 20
52.36590999999999
 30
0.0
 10
75.7280186111111
 20
51.78382666666666
 30
0.0
 10
76.67699083333332
 20
51.78382666666666
 30
0.0
 10
77.62243527777777
 20
51.78382666666666
 30
0.0
 10
77.47074083333332
 20
52.36590999999999
 30
0.0
 10
78.55024083333332
 20
53.76290999999999
 30
0.0
 10
79.62621305555554
 20
55.15990999999998
 30
0.0
 10
78.71604638888887
 20
50.04075166666665
 30
0.0
 10
79.9190186111111
 20
47.63515999999999
 30
0.0
 10
80.78685194444444
 20
45.89243777777777
 30
0.0
 10
84.02887972222221
 20
47.55049333333332
 30
0.0
 10
83.19632416666666
 20
46.7634461111111
 30
0.0
 10
82.36729638888889
 20
45.97322388888887
 30
0.0
 10
82.03568527777777
 20
43.73308499999999
 30
0.0
 10
80.91385194444443
 20
44.02271555555555
 30
0.0
 10
79.79554638888888
 20
44.31199333333333
 30
0.0
 10
78.2997686111111
 20
43.56763222222222
 30
0.0
 10
76.67699083333332
 20
43.56763222222222
 30
0.0
 10
75.05068527777777
 20
43.56763222222222
 30
0.0
 10
73.55490749999998
 20
44.31199333333333
 30
0.0
 10
72.43660194444443
 20
44.02271555555555
 30
0.0
 10
71.3147686111111
 20
43.73308499999999
 30
0.0
 10
70.98315749999999
 20
45.97322388888887
 30
0.0
 10
70.15412972222221
 20
46.7634461111111
 30
0.0
 10
69.32157416666665
 20
47.55049333333332
 30
0.0
 10
72.56360194444443
 20
45.89243777777777
 30
0.0
 10
73.43143527777777
 20
47.63515999999999
 30
0.0
  0
SPLINE
  5
105
330
1F
100
AcDbEntity
  8
DEFAULT
 62
     5
100
AcDbSpline
210
0.0
220
0.0
230
1.0
 70
     8
 71
     3
 72
    20
 73
    16
 74
     0
 42
0.000000001
 43
0.0000000001
 40
0.0
 40
0.0
 40
0.0
 40
0.0
 40
1.0
 40
1.0
 40
1.0
 40
2.0
 40
2.0
 40
2.0
 40
3.0
 40
3.0
 40
3.0
 40
4.0
 40
4.0
 40
4.0
 40
5.0
 40
5.0
 40
5.0
 40
5.0
 10
67.84869166666665
 20
70.93898972222222
 30
0.0
 10
68.17571666666666
 20
69.58573416666665
 30
0.0
 10
69.12927499999999
 20
65.39861472222222
 30
0.0
 10
69.22523055555554
 20
64.91636749999999
 30
0.0
 10
70.75064166666665
 20
57.2582675
 30
0.0
 10
67.80635833333332
 20
57.48157583333334
 30
0.0
 10
67.80635833333332
 20
55.16876472222222
 30
0.0
 10
67.80635833333332
 20
51.46953694444445
 30
0.0
 10
72.74277777777776
 20
60.43397305555555
 30
0.0
 10
72.74277777777776
 20
52.09218972222222
 30
0.0
 10
72.74277777777776
 20
43.99876194444445
 30
0.0
 10
66.33033611111111
 20
53.58620361111112
 30
0.0
 10
67.49203333333332
 20
48.34533694444444
 30
0.0
 10
67.71005
 20
47.36143972222222
 30
0.0
 10
69.56777777777776
 20
46.11542861111112
 30
0.0
 10
68.63291666666666
 20
42.12233694444444
 30
0.0
  0
POLYLINE
  5
106
330
1F
100
AcDbEntity
  8
DEFAULT
 62
     7
100
AcDb2dPolyline
 66
     1
 10
0.0
 20
0.0
 30
0.0
  0
VERTEX
  5
107
330
106
100
AcDbEntity
  8
DEFAULT
 62
     7
100
AcDbVertex
100
AcDb2dVertex
 10
77.92384861111111
 20
60.61487749999999
 30
0.0
  0
VERTEX
  5
108
330
106
100
AcDbEntity
  8
DEFAULT
 62
     7
100
AcDbVertex
100
AcDb2dVertex
 10
75.42406527777777
 20
60.61487749999999
 30
0.0
  0
SEQEND
  5
109
330
106
100
AcDbEntity
  8
DEFAULT
 62
     7
  0
SPLINE
  5
10A
330
1F
100
AcDbEntity
  8
DEFAULT
 62
     7
100
AcDbSpline
210
0.0
220
0.0
230
1.0
 70
     8
 71
     3
 72
    23
 73
    19
 74
     0
 42
0.000000001
 43
0.0000000001
 40
0.0
 40
0.0
 40
0.0
 40
0.0
 40
1.0
 40
1.0
 40
1.0
 40
2.0
 40
2.0
 40
2.0
 40
3.0
 40
3.0
 40
3.0
 40
4.0
 40
4.0
 40
4.0
 40
5.0
 40
5.0
 40
5.0
 40
6.0
 40
6.0
 40
6.0
 40
6.0
 10
77.26687055555556
 20
58.10031277777777
 30
0.0
 10
77.26687055555556
 20
57.93768222222221
 30
0.0
 10
76.93702333333333
 20
57.77575722222223
 30
0.0
 10
76.69925111111111
 20
57.77575722222223
 30
0.0
 10
76.20218722222222
 20
57.77575722222223
 30
0.0
 10
76.08541777777778
 20
58.03645999999999
 30
0.0
 10
76.08541777777778
 20
58.41463777777777
 30
0.0
 10
76.08541777777778
 20
58.41463777777777
 30
0.0
 10
76.10446777777778
 20
59.18545722222222
 30
0.0
 10
76.08083166666667
 20
59.31386833333333
 30
0.0
 10
76.08083166666667
 20
59.50507388888889
 30
0.0
 10
76.56660666666666
 20
59.61478777777778
 30
0.0
 10
76.7849761111111
 20
59.61478777777778
 30
0.0
 10
77.09506777777777
 20
59.61478777777778
 30
0.0
 10
77.25346499999999
 20
59.39677111111111
 30
0.0
 10
77.25346499999999
 20
59.17522666666667
 30
0.0
 10
77.25346499999999
 20
58.80481
 30
0.0
 10
77.12187888888889
 20
58.47355166666667
 30
0.0
 10
76.08541777777778
 20
58.60584333333333
 30
0.0
  0
SPLINE
  5
10B
330
1F
100
AcDbEntity
  8
DEFAULT
 62
     5
100
AcDbSpline
210
0.0
220
0.0
230
1.0
 70
     8
 71
     3
 72
    20
 73
    16
 74
     0
 42
0.000000001
 43
0.0000000001
 40
0.0
 40
0.0
 40
0.0
 40
0.0
 40
1.0
 40
1.0
 40
1.0
 40
2.0
 40
2.0
 40
2.0
 40
3.0
 40
3.0
 40
3.0
 40
4.0
 40
4.0
 40
4.0
 40
5.0
 40
5.0
 40
5.0
 40
5.0
 10
85.49911638888888
 20
70.93898972222222
 30
0.0
 10
85.17209138888889
 20
69.58573416666665
 30
0.0
 10
84.21853305555555
 20
65.39861472222222
 30
0.0
 10
84.12257749999999
 20
64.91636749999999
 30
0.0
 10
82.59716638888888
 20
57.2582675
 30
0.0
 10
85.54144972222221
 20
57.48157583333334
 30
0.0
 10
85.54144972222221
 20
55.16876472222222
 30
0.0
 10
85.54144972222221
 20
51.46953694444445
 30
0.0
 10
80.60503027777777
 20
60.43397305555555
 30
0.0
 10
80.60503027777777
 20
52.09218972222222
 30
0.0
 10
80.60503027777777
 20
43.99876194444445
 30
0.0
 10
87.01747194444444
 20
53.58620361111112
 30
0.0
 10
85.85577472222221
 20
48.34533694444444
 30
0.0
 10
85.63740527777777
 20
47.36143972222222
 30
0.0
 10
83.78003027777777
 20
46.11542861111112
 30
0.0
 10
84.71489138888887
 20
42.12233694444444
 30
0.0
  0
SPLINE
  5
10C
330
1F
100
AcDbEntity
  8
DEFAULT
 62
     1
100
AcDbSpline
210
0.0
220
0.0
230
1.0
 70
     8
 71
     3
 72
    41
 73
    37
 74
     0
 42
0.000000001
 43
0.0000000001
 40
0.0
 40
0.0
 40
0.0
 40
0.0
 40
1.0
 40
1.0
 40
1.0
 40
2.0
 40
2.0
 40
2.0
 40
3.0
 40
3.0
 40
3.0
 40
14.04999999999998
 40
14.04999999999998
 40
14.04999999999998
 40
15.04999999999998
 40
15.04999999999998
 40
15.04999999999998
 40
16.04999999999998
 40
16.04999999999998
 40
16.04999999999998
 40
17.04999999999998
 40
17.04999999999998
 40
17.04999999999998
 40
18.04999999999998
 40
18.04999999999998
 40
18.04999999999998
 40
19.04999999999998
 40
19.04999999999998
 40
19.04999999999998
 40
20.04999999999998
 40
20.04999999999998
 40
20.04999999999998
 40
32.94999999999999
 40
32.94999999999999
 40
32.94999999999999
 40
36.70999999999998
 40
36.70999999999998
 40
36.70999999999998
 40
36.70999999999998
 10
76.84949916666666
 20
41.36058388888888
 30
0.0
 10
78.0665825
 20
41.43819499999999
 30
0.0
 10
80.74416583333333
 20
42.24605611111111
 30
0.0
 10
82.36694361111111
 20
42.11870333333333
 30
0.0
 10
85.56311027777777
 20
41.87563944444444
 30
0.0
 10
86.90013805555556
 20
42.55650055555555
 30
0.0
 10
86.5755825
 20
43.2303061111111
 30
0.0
 10
85.15741583333333
 20
46.168945
 30
0.0
 10
88.30772138888888
 20
47.09675055555555
 30
0.0
 10
88.30772138888888
 20
48.77950055555556
 30
0.0
 10
88.30772138888888
 20
50.07889870370371
 30
0.0
 10
88.30772138888888
 20
51.37829685185185
 30
0.0
 10
88.30772138888888
 20
52.67769499999999
 30
0.0
 10
88.30772138888888
 20
57.15797277777778
 30
0.0
 10
84.95633249999999
 20
55.77155611111111
 30
0.0
 10
86.28983249999999
 20
64.63333388888888
 30
0.0
 10
86.59322138888889
 20
66.64769499999998
 30
0.0
 10
88.10311027777777
 20
69.75919499999999
 30
0.0
 10
85.35144361111111
 20
71.0115561111111
 30
0.0
 10
82.96666583333334
 20
72.09811166666665
 30
0.0
 10
82.81849916666665
 20
71.71005611111111
 30
0.0
 10
81.93302694444444
 20
71.07505611111111
 30
0.0
 10
80.86058249999999
 20
70.30600055555554
 30
0.0
 10
79.75638805555556
 20
70.87397277777778
 30
0.0
 10
78.17594361111111
 20
70.87397277777778
 30
0.0
 10
78.17594361111111
 20
69.73802833333332
 30
0.0
 10
78.11244361111112
 20
69.86502833333333
 30
0.0
 10
78.11244361111112
 20
68.59855611111111
 30
0.0
 10
78.11244361111112
 20
67.33913944444444
 30
0.0
 10
78.17594361111111
 20
67.46261166666666
 30
0.0
 10
78.17594361111111
 20
66.32666722222221
 30
0.0
 10
78.17594361111111
 20
64.80972277777776
 30
0.0
 10
78.17594361111111
 20
63.29277833333331
 30
0.0
 10
78.17594361111111
 20
61.77583388888888
 30
0.0
 10
77.73379546296296
 20
61.77583388888888
 30
0.0
 10
77.29164731481481
 20
61.77583388888888
 30
0.0
 10
76.84949916666666
 20
61.77583388888888
 30
0.0
  0
SPLINE
  5
10D
330
1F
100
AcDbEntity
  8
DEFAULT
 62
     1
100
AcDbSpline
210
0.0
220
0.0
230
1.0
 70
     8
 71
     3
 72
    41
 73
    37
 74
     0
 42
0.000000001
 43
0.0000000001
 40
0.0
 40
0.0
 40
0.0
 40
0.0
 40
1.0
 40
1.0
 40
1.0
 40
2.0
 40
2.0
 40
2.0
 40
3.0
 40
3.0
 40
3.0
 40
14.04999999999998
 40
14.04999999999998
 40
14.04999999999998
 40
15.04999999999998
 40
15.04999999999998
 40
15.04999999999998
 40
16.04999999999998
 40
16.04999999999998
 40
16.04999999999998
 40
17.04999999999998
 40
17.04999999999998
 40
17.04999999999998
 40
18.04999999999998
 40
18.04999999999998
 40
18.04999999999998
 40
19.04999999999998
 40
19.04999999999998
 40
19.04999999999998
 40
20.04999999999998
 40
20.04999999999998
 40
20.04999999999998
 40
32.94999999999999
 40
32.94999999999999
 40
32.94999999999999
 40
36.70999999999998
 40
36.70999999999998
 40
36.70999999999998
 40
36.70999999999998
 10
76.5001786111111
 20
41.36058388888888
 30
0.0
 10
75.28662305555555
 20
41.43819499999999
 30
0.0
 10
72.60903972222222
 20
42.24605611111111
 30
0.0
 10
70.98273416666666
 20
42.11870333333333
 30
0.0
 10
67.78656749999999
 20
41.87563944444444
 30
0.0
 10
66.44601194444444
 20
42.55650055555555
 30
0.0
 10
66.77409527777777
 20
43.2303061111111
 30
0.0
 10
68.18873416666666
 20
46.168945
 30
0.0
 10
65.0384286111111
 20
47.09675055555555
 30
0.0
 10
65.0384286111111
 20
48.77950055555556
 30
0.0
 10
65.0384286111111
 20
50.07889870370371
 30
0.0
 10
65.0384286111111
 20
51.37829685185185
 30
0.0
 10
65.0384286111111
 20
52.67769499999999
 30
0.0
 10
65.0384286111111
 20
57.15797277777778
 30
0.0
 10
68.38981749999999
 20
55.77155611111111
 30
0.0
 10
67.05631749999999
 20
64.63333388888888
 30
0.0
 10
66.7529286111111
 20
66.64769499999998
 30
0.0
 10
65.23951194444444
 20
69.75919499999999
 30
0.0
 10
67.9911786111111
 20
71.0115561111111
 30
0.0
 10
70.37595638888888
 20
72.09811166666665
 30
0.0
 10
70.52765083333333
 20
71.71005611111111
 30
0.0
 10
71.41312305555556
 20
71.07505611111111
 30
0.0
 10
72.48556749999999
 20
70.30600055555554
 30
0.0
 10
73.59328972222221
 20
70.87397277777778
 30
0.0
 10
75.17373416666666
 20
70.87397277777778
 30
0.0
 10
75.17373416666666
 20
69.73802833333332
 30
0.0
 10
75.24076194444444
 20
69.86502833333333
 30
0.0
 10
75.24076194444444
 20
68.59855611111111
 30
0.0
 10
75.24076194444444
 20
67.33913944444444
 30
0.0
 10
75.17373416666666
 20
67.46261166666666
 30
0.0
 10
75.17373416666666
 20
66.32666722222221
 30
0.0
 10
75.17373416666666
 20
64.80972277777776
 30
0.0
 10
75.17373416666666
 20
63.29277833333331
 30
0.0
 10
75.17373416666666
 20
61.77583388888888
 30
0.0
 10
75.61588231481481
 20
61.77583388888888
 30
0.0
 10
76.05803046296296
 20
61.77583388888888
 30
0.0
 10
76.5001786111111
 20
61.77583388888888
 30
0.0
  0
SPLINE
  5
10E
330
1F
100
AcDbEntity
  8
DEFAULT
 62
     3
100
AcDbSpline
210
0.0
220
0.0
230
1.0
 70
    11
 71
     3
 72
    17
 73
    13
 74
     0
 42
0.000000001
 43
0.0000000001
 40
0.0
 40
0.0
 40
0.0
 40
0.0
 40
1.0
 40
1.0
 40
1.0
 40
2.0
 40
2.0
 40
2.0
 40
3.0
 40
3.0
 40
3.0
 40
4.0
 40
4.0
 40
4.0
 40
4.0
 10
51.16974638888889
 20
230.9741591666667
 30
0.0
 10
50.7012575
 20
231.8688036111111
 30
0.0
 10
50.07401861111111
 20
232.5098008333333
 30
0.0
 10
51.56415194444444
 20
232.6964202777777
 30
0.0
 10
53.0539325
 20
232.8833925
 30
0.0
 10
54.07099083333333
 20
232.8209508333333
 30
0.0
 10
54.88026305555555
 20
231.8352897222222
 30
0.0
 10
55.68953527777778
 20
230.8496286111111
 30
0.0
 10
55.50256305555556
 20
229.9503980555555
 30
0.0
 10
54.05017694444444
 20
230.4622786111111
 30
0.0
 10
52.59743805555555
 20
230.9741591666667
 30
0.0
 10
52.16987138888889
 20
229.0649258333333
 30
0.0
 10
51.16974638888889
 20
230.9741591666667
 30
0.0
  0
SPLINE
  5
10F
330
1F
100
AcDbEntity
  8
DEFAULT
 62
     3
100
AcDbSpline
210
0.0
220
0.0
230
1.0
 70
    11
 71
     3
 72
    17
 73
    13
 74
     0
 42
0.000000001
 43
0.0000000001
 40
0.0
 40
0.0
 40
0.0
 40
0.0
 40
1.0
 40
1.0
 40
1.0
 40
2.0
 40
2.0
 40
2.0
 40
3.0
 40
3.0
 40
3.0
 40
4.0
 40
4.0
 40
4.0
 40
4.0
 10
54.32065166666666
 20
246.2078444444444
 30
0.0
 10
53.32264333333333
 20
248.2296138888889
 30
0.0
 10
52.42235444444444
 20
247.640475
 30
0.0
 10
51.47796833333334
 20
246.1877361111111
 30
0.0
 10
50.99501555555556
 20
245.4447861111111
 30
0.0
 10
48.65680444444444
 20
245.6434
 30
0.0
 10
49.87812111111111
 20
244.376575
 30
0.0
 10
50.7833488888889
 20
243.4371277777778
 30
0.0
 10
52.03641555555556
 20
243.5263805555555
 30
0.0
 10
53.03265999999999
 20
244.0996444444444
 30
0.0
 10
54.02890444444444
 20
244.6729083333333
 30
0.0
 10
54.61380999999999
 20
245.6141194444444
 30
0.0
 10
54.32065166666666
 20
246.2078444444444
 30
0.0
  0
SPLINE
  5
110
330
1F
100
AcDbEntity
  8
DEFAULT
 62
     3
100
AcDbSpline
210
0.0
220
0.0
230
1.0
 70
     8
 71
     3
 72
    44
 73
    40
 74
     0
 42
0.000000001
 43
0.0000000001
 40
0.0
 40
0.0
 40
0.0
 40
0.0
 40
1.0
 40
1.0
 40
1.0
 40
2.0
 40
2.0
 40
2.0
 40
3.0
 40
3.0
 40
3.0
 40
4.0
 40
4.0
 40
4.0
 40
5.0
 40
5.0
 40
5.0
 40
6.0
 40
6.0
 40
6.0
 40
7.0
 40
7.0
 40
7.0
 40
8.0
 40
8.0
 40
8.0
 40
9.0
 40
9.0
 40
9.0
 40
10.0
 40
10.0
 40
10.0
 40
11.0
 40
11.0
 40
11.0
 40
12.0
 40
12.0
 40
12.0
 40
13.0
 40
13.0
 40
13.0
 40
13.0
 10
56.861075
 20
236.5007758333333
 30
0.0
 10
56.861075
 20
234.8420147222222
 30
0.0
 10
58.31698888888889
 20
233.8168425
 30
0.0
 10
59.04688611111111
 20
233.2820313888888
 30
0.0
 10
60.01631944444444
 20
232.5722425
 30
0.0
 10
60.080525
 20
230.3007063888888
 30
0.0
 10
59.30018055555555
 20
230.2686036111111
 30
0.0
 10
55.44043888888889
 20
230.1095008333333
 30
0.0
 10
57.30134166666667
 20
234.8829369444444
 30
0.0
 10
51.68441388888888
 20
234.1491591666666
 30
0.0
 10
44.85886944444444
 20
233.2580425
 30
0.0
 10
51.99944444444444
 20
229.6597091666666
 30
0.0
 10
49.68345833333333
 20
229.0793897222222
 30
0.0
 10
48.87136388888889
 20
228.8758369444444
 30
0.0
 10
45.44836111111111
 20
228.9753202777777
 30
0.0
 10
45.63533333333334
 20
229.8018786111111
 30
0.0
 10
45.90979444444444
 20
231.0150813888889
 30
0.0
 10
45.79090833333333
 20
232.7278175
 30
0.0
 10
44.54595555555556
 20
235.0311036111111
 30
0.0
 10
43.6389638888889
 20
236.7089147222222
 30
0.0
 10
43.84286944444445
 20
239.1381425
 30
0.0
 10
44.47469444444445
 20
239.7678508333333
 30
0.0
 10
45.74928055555556
 20
241.0389091666667
 30
0.0
 10
45.85370277777778
 20
242.5304536111111
 30
0.0
 10
46.54161944444444
 20
243.5679730555555
 30
0.0
 10
47.53433611111112
 20
245.0644563888889
 30
0.0
 10
50.580925
 20
240.8265369444444
 30
0.0
 10
53.17878055555556
 20
242.4500202777778
 30
0.0
 10
60.48304444444444
 20
247.0153175
 30
0.0
 10
51.21133888888888
 20
246.9320619444444
 30
0.0
 10
57.55710555555556
 20
251.0306341666666
 30
0.0
 10
58.05663888888889
 20
251.3534258333333
 30
0.0
 10
59.36368055555555
 20
250.3441286111111
 30
0.0
 10
60.80266111111111
 20
249.8707008333333
 30
0.0
 10
61.67190555555555
 20
249.5849508333333
 30
0.0
 10
61.04325555555555
 20
247.7000591666666
 30
0.0
 10
58.92658888888889
 20
245.3653758333333
 30
0.0
 10
57.49043055555555
 20
243.7810508333333
 30
0.0
 10
56.86178055555555
 20
240.8505258333333
 30
0.0
 10
56.86178055555555
 20
239.5004452777778
 30
0.0
  0
SPLINE
  5
111
330
1F
100
AcDbEntity
  8
DEFAULT
 62
     5
100
AcDbSpline
210
0.0
220
0.0
230
1.0
 70
     8
 71
     3
 72
    44
 73
    40
 74
     0
 42
0.000000001
 43
0.0000000001
 40
0.0
 40
0.0
 40
0.0
 40
0.0
 40
1.0
 40
1.0
 40
1.0
 40
2.0
 40
2.0
 40
2.0
 40
3.0
 40
3.0
 40
3.0
 40
4.0
 40
4.0
 40
4.0
 40
5.0
 40
5.0
 40
5.0
 40
6.0
 40
6.0
 40
6.0
 40
7.0
 40
7.0
 40
7.0
 40
8.0
 40
8.0
 40
8.0
 40
9.0
 40
9.0
 40
9.0
 40
10.0
 40
10.0
 40
10.0
 40
11.0
 40
11.0
 40
11.0
 40
12.0
 40
12.0
 40
12.0
 40
13.0
 40
13.0
 40
13.0
 40
13.0
 10
59.13585666666666
 20
239.4374038888889
 30
0.0
 10
59.13585666666666
 20
242.7475177777778
 30
0.0
 10
60.54873166666666
 20
244.5135233333333
 30
0.0
 10
61.40598166666666
 20
245.8868872222222
 30
0.0
 10
62.53769277777777
 20
247.700165
 30
0.0
 10
63.23972055555555
 20
249.8612816666666
 30
0.0
 10
62.90105388888888
 20
250.621165
 30
0.0
 10
62.83543722222221
 20
250.7682733333333
 30
0.0
 10
58.2810761111111
 20
252.5469788888889
 30
0.0
 10
57.93323722222222
 20
252.5469788888889
 30
0.0
 10
57.46792333333332
 20
252.5469788888889
 30
0.0
 10
56.65865111111111
 20
252.1084761111111
 30
0.0
 10
55.45885388888888
 20
251.2078344444444
 30
0.0
 10
54.45484833333332
 20
250.4539483333333
 30
0.0
 10
45.38457888888889
 20
245.5489261111111
 30
0.0
 10
45.10447333333333
 20
244.0238677777778
 30
0.0
 10
44.824015
 20
242.4984566666666
 30
0.0
 10
43.39667611111111
 20
241.1296788888889
 30
0.0
 10
43.07035666666666
 20
240.2943011111111
 30
0.0
 10
42.74439
 20
239.4589233333333
 30
0.0
 10
42.78813444444444
 20
236.1477511111111
 30
0.0
 10
43.1744261111111
 20
234.9655927777777
 30
0.0
 10
43.56036499999999
 20
233.7837872222222
 30
0.0
 10
44.57530666666666
 20
230.8257455555555
 30
0.0
 10
44.07683166666666
 20
228.6155927777777
 30
0.0
 10
43.95477055555555
 20
228.0726677777777
 30
0.0
 10
48.35038166666666
 20
227.4616566666666
 30
0.0
 10
48.87743166666666
 20
227.4016844444444
 30
0.0
 10
49.57275666666666
 20
227.3226622222222
 30
0.0
 10
53.91333444444444
 20
228.64699
 30
0.0
 10
56.49919555555555
 20
228.7754011111111
 30
0.0
 10
58.44864555555554
 20
228.872415
 30
0.0
 10
60.21182888888889
 20
228.7916288888889
 30
0.0
 10
60.7734511111111
 20
229.1549899999999
 30
0.0
 10
61.33472055555555
 20
229.5183511111111
 30
0.0
 10
61.28850666666666
 20
233.01579
 30
0.0
 10
60.90045111111111
 20
233.7262844444444
 30
0.0
 10
60.51239555555554
 20
234.4364261111111
 30
0.0
 10
59.13585666666666
 20
235.0590788888889
 30
0.0
 10
59.13585666666666
 20
236.5643816666666
 30
0.0
  0
POLYLINE
  5
112
330
1F
100
AcDbEntity
  8
DEFAULT
 62
     7
100
AcDb2dPolyline
 66
     1
 10
0.0
 20
0.0
 30
0.0
  0
VERTEX
  5
113
330
112
100
AcDbEntity
  8
DEFAULT
 62
     7
100
AcDbVertex
100
AcDb2dVertex
 10
51.21126833333332
 20
239.5114519444444
 30
0.0
  0
VERTEX
  5
114
330
112
100
AcDbEntity
  8
DEFAULT
 62
     7
100
AcDbVertex
100
AcDb2dVertex
 10
51.21126833333332
 20
236.5114297222222
 30
0.0
  0
SEQEND
  5
115
330
112
100
AcDbEntity
  8
DEFAULT
 62
     7
  0
POLYLINE
  5
116
330
1F
100
AcDbEntity
  8
DEFAULT
 62
     7
100
AcDb2dPolyline
 66
     1
 10
0.0
 20
0.0
 30
0.0
  0
VERTEX
  5
117
330
116
100
AcDbEntity
  8
DEFAULT
 62
     7
100
AcDbVertex
100
AcDb2dVertex
 10
47.71397055555556
 20
238.5890438888889
 30
0.0
  0
VERTEX
  5
118
330
116
100
AcDbEntity
  8
DEFAULT
 62
     7
100
AcDbVertex
100
AcDb2dVertex
 10
47.02781777777776
 20
239.435005
 30
0.0
  0
VERTEX
  5
119
330
116
100
AcDbEntity
  8
DEFAULT
 62
     7
100
AcDbVertex
100
AcDb2dVertex
 10
49.56111499999999
 20
239.435005
 30
0.0
  0
SEQEND
  5
11A
330
116
100
AcDbEntity
  8
DEFAULT
 62
     7
  0
SPLINE
  5
11B
330
1F
100
AcDbEntity
  8
DEFAULT
 62
     7
100
AcDbSpline
210
0.0
220
0.0
230
1.0
 70
     8
 71
     3
 72
    29
 73
    25
 74
     0
 42
0.000000001
 43
0.0000000001
 40
0.0
 40
0.0
 40
0.0
 40
0.0
 40
1.0
 40
1.0
 40
1.0
 40
2.0
 40
2.0
 40
2.0
 40
3.0
 40
3.0
 40
3.0
 40
4.0
 40
4.0
 40
4.0
 40
5.0
 40
5.0
 40
5.0
 40
6.0
 40
6.0
 40
6.0
 40
7.0
 40
7.0
 40
7.0
 40
8.0
 40
8.0
 40
8.0
 40
8.0
 10
49.29787222222222
 20
238.0419561111111
 30
0.0
 10
49.44392222222221
 20
237.9410616666667
 30
0.0
 10
49.56139722222222
 20
237.6426116666667
 30
0.0
 10
49.56139722222222
 20
237.3625061111111
 30
0.0
 10
49.56139722222222
 20
236.9141255555555
 30
0.0
 10
49.23049166666666
 20
236.5930977777778
 30
0.0
 10
48.79551666666666
 20
236.5930977777778
 30
0.0
 10
48.26352777777777
 20
236.5930977777778
 30
0.0
 10
47.96190277777777
 20
236.9927949999999
 30
0.0
 10
47.96190277777777
 20
237.4073088888889
 30
0.0
 10
47.96190277777777
 20
237.7209283333333
 30
0.0
 10
48.10477777777777
 20
237.9717533333333
 30
0.0
 10
48.23424722222222
 20
238.05007
 30
0.0
 10
48.37112499999999
 20
238.0430144444444
 30
0.0
 10
49.72931944444444
 20
238.0419561111111
 30
0.0
 10
49.72931944444444
 20
238.0419561111111
 30
0.0
 10
50.16182499999999
 20
238.0419561111111
 30
0.0
 10
50.21333055555554
 20
237.9664616666666
 30
0.0
 10
50.37701944444444
 20
237.805595
 30
0.0
 10
50.54846944444443
 20
237.6443755555555
 30
0.0
 10
50.60314999999999
 20
237.4111894444444
 30
0.0
 10
50.60314999999999
 20
237.2019922222222
 30
0.0
 10
50.60314999999999
 20
237.0026727777777
 30
0.0
 10
50.54846944444443
 20
236.783245
 30
0.0
 10
50.44722222222222
 20
236.6495422222222
 30
0.0
  0
SPLINE
  5
11C
330
1F
100
AcDbEntity
  8
DEFAULT
 62
     1
100
AcDbSpline
210
0.0
220
0.0
230
1.0
 70
     8
 71
     3
 72
    35
 73
    31
 74
     0
 42
0.000000001
 43
0.0000000001
 40
0.0
 40
0.0
 40
0.0
 40
0.0
 40
3.759999999999991
 40
3.759999999999991
 40
3.759999999999991
 40
16.66
 40
16.66
 40
16.66
 40
17.66
 40
17.66
 40
17.66
 40
18.66
 40
18.66
 40
18.66
 40
19.66
 40
19.66
 40
19.66
 40
20.66
 40
20.66
 40
20.66
 40
21.66
 40
21.66
 40
21.66
 40
22.66
 40
22.66
 40
22.66
 40
23.66
 40
23.66
 40
23.66
 40
30.71000709219496
 40
30.71000709219496
 40
30.71000709219496
 40
30.71000709219496
 10
52.31027694444445
 20
237.8259502777777
 30
0.0
 10
52.31027694444445
 20
237.3838021296296
 30
0.0
 10
52.31027694444445
 20
236.9416539814814
 30
0.0
 10
52.31027694444445
 20
236.4995058333333
 30
0.0
 10
53.82722138888889
 20
236.4995058333333
 30
0.0
 10
55.34416583333334
 20
236.4995058333333
 30
0.0
 10
56.86111027777778
 20
236.4995058333333
 30
0.0
 10
57.99705472222222
 20
236.4995058333333
 30
0.0
 10
57.8735825
 20
236.5630058333333
 30
0.0
 10
59.13652694444444
 20
236.5630058333333
 30
0.0
 10
60.40299916666666
 20
236.5630058333333
 30
0.0
 10
60.27247138888888
 20
236.4995058333333
 30
0.0
 10
61.41194361111111
 20
236.4995058333333
 30
0.0
 10
61.41194361111111
 20
234.7779502777778
 30
0.0
 10
63.3663325
 20
236.1890613888889
 30
0.0
 10
62.96769361111111
 20
231.5359224999999
 30
0.0
 10
62.67488805555555
 20
228.1492558333333
 30
0.0
 10
63.1758325
 20
226.6852280555555
 30
0.0
 10
59.05891583333333
 20
227.2778947222222
 30
0.0
 10
54.93847138888889
 20
227.8705613888889
 30
0.0
 10
49.51627694444445
 20
225.0201169444444
 30
0.0
 10
46.54588805555555
 20
226.4453391666666
 30
0.0
 10
43.57549916666667
 20
227.8705613888889
 30
0.0
 10
42.97930472222222
 20
226.7981169444444
 30
0.0
 10
43.24036027777777
 20
229.0700058333333
 30
0.0
 10
43.56491583333334
 20
231.8640058333333
 30
0.0
 10
41.91038805555555
 20
234.5874502777778
 30
0.0
 10
41.91038805555555
 20
236.0585336111111
 30
0.0
 10
41.90921212962963
 20
236.8875613888888
 30
0.0
 10
41.90803620370371
 20
237.7165891666666
 30
0.0
 10
41.90686027777778
 20
238.5456169444444
 30
0.0
  0
SPLINE
  5
11D
330
1F
100
AcDbEntity
  8
DEFAULT
 62
     1
100
AcDbSpline
210
0.0
220
0.0
230
1.0
 70
     8
 71
     3
 72
    32
 73
    28
 74
     0
 42
0.000000001
 43
0.0000000001
 40
0.0
 40
0.0
 40
0.0
 40
0.0
 40
3.75
 40
3.75
 40
3.75
 40
4.75
 40
4.75
 40
4.75
 40
5.75
 40
5.75
 40
5.75
 40
6.75
 40
6.75
 40
6.75
 40
7.75
 40
7.75
 40
7.75
 40
8.75
 40
8.75
 40
8.75
 40
9.75
 40
9.75
 40
9.75
 40
22.65000000000001
 40
22.65000000000001
 40
22.65000000000001
 40
26.41
 40
26.41
 40
26.41
 40
26.41
 10
41.90675444444445
 20
238.8949727777778
 30
0.0
 10
41.90675444444445
 20
239.335945
 30
0.0
 10
41.90675444444445
 20
239.7769172222222
 30
0.0
 10
41.90675444444445
 20
240.2178894444444
 30
0.0
 10
41.90675444444445
 20
241.6290005555555
 30
0.0
 10
43.90700444444444
 20
242.5568061111111
 30
0.0
 10
43.98108777777777
 20
244.1337227777778
 30
0.0
 10
44.07633777777778
 20
246.0775283333333
 30
0.0
 10
50.26758777777778
 20
249.813445
 30
0.0
 10
54.25750444444444
 20
252.8085283333333
 30
0.0
 10
58.26858777777777
 20
255.8212505555555
 30
0.0
 10
58.51553222222222
 20
254.2760838888889
 30
0.0
 10
62.72769888888888
 20
252.9708061111111
 30
0.0
 10
68.41094888888888
 20
251.2139727777777
 30
0.0
 10
61.41183777777778
 20
243.9961394444444
 30
0.0
 10
61.41183777777778
 20
239.5017505555555
 30
0.0
 10
60.27236555555555
 20
239.5017505555555
 30
0.0
 10
60.40289333333332
 20
239.4382505555555
 30
0.0
 10
59.13642111111111
 20
239.4382505555555
 30
0.0
 10
57.87347666666666
 20
239.4382505555555
 30
0.0
 10
57.99694888888889
 20
239.5017505555555
 30
0.0
 10
56.86100444444444
 20
239.5017505555555
 30
0.0
 10
55.34405999999999
 20
239.5017505555555
 30
0.0
 10
53.82711555555554
 20
239.5017505555555
 30
0.0
 10
52.3101711111111
 20
239.5017505555555
 30
0.0
 10
52.3101711111111
 20
239.0596024074074
 30
0.0
 10
52.3101711111111
 20
238.6174542592593
 30
0.0
 10
52.3101711111111
 20
238.1753061111111
 30
0.0
  0
SPLINE
  5
11E
330
1F
100
AcDbEntity
  8
DEFAULT
 62
     3
100
AcDbSpline
210
0.0
220
0.0
230
1.0
 70
    11
 71
     3
 72
    17
 73
    13
 74
     0
 42
0.000000001
 43
0.0000000001
 40
0.0
 40
0.0
 40
0.0
 40
0.0
 40
1.0
 40
1.0
 40
1.0
 40
2.0
 40
2.0
 40
2.0
 40
3.0
 40
3.0
 40
3.0
 40
4.0
 40
4.0
 40
4.0
 40
4.0
 10
102.1807780555555
 20
230.9741591666667
 30
0.0
 10
102.6492669444444
 20
231.8688036111111
 30
0.0
 10
103.2761530555556
 20
232.5098008333333
 30
0.0
 10
101.7863725
 20
232.6964202777777
 30
0.0
 10
100.2965919444444
 20
232.8833925
 30
0.0
 10
99.2795336111111
 20
232.8209508333333
 30
0.0
 10
98.47026138888887
 20
231.8352897222222
 30
0.0
 10
97.66098916666665
 20
230.8496286111111
 30
0.0
 10
97.8476086111111
 20
229.9503980555555
 30
0.0
 10
99.30034749999999
 20
230.4622786111111
 30
0.0
 10
100.7530863888889
 20
230.9741591666667
 30
0.0
 10
101.1806530555556
 20
229.0649258333333
 30
0.0
 10
102.1807780555555
 20
230.9741591666667
 30
0.0
  0
SPLINE
  5
11F
330
1F
100
AcDbEntity
  8
DEFAULT
 62
     3
100
AcDbSpline
210
0.0
220
0.0
230
1.0
 70
    11
 71
     3
 72
    17
 73
    13
 74
     0
 42
0.000000001
 43
0.0000000001
 40
0.0
 40
0.0
 40
0.0
 40
0.0
 40
1.0
 40
1.0
 40
1.0
 40
2.0
 40
2.0
 40
2.0
 40
3.0
 40
3.0
 40
3.0
 40
4.0
 40
4.0
 40
4.0
 40
4.0
 10
99.02990805555554
 20
246.2078444444444
 30
0.0
 10
100.0279163888889
 20
248.2296138888889
 30
0.0
 10
100.9282052777777
 20
247.640475
 30
0.0
 10
101.8725913888889
 20
246.1877361111111
 30
0.0
 10
102.3555441666667
 20
245.4447861111111
 30
0.0
 10
104.6937552777778
 20
245.6434
 30
0.0
 10
103.4724386111111
 20
244.376575
 30
0.0
 10
102.5672108333333
 20
243.4371277777778
 30
0.0
 10
101.3141441666667
 20
243.5263805555555
 30
0.0
 10
100.3178997222222
 20
244.0996444444444
 30
0.0
 10
99.32165527777777
 20
244.6729083333333
 30
0.0
 10
98.7367497222222
 20
245.6141194444444
 30
0.0
 10
99.02990805555554
 20
246.2078444444444
 30
0.0
  0
SPLINE
  5
120
330
1F
100
AcDbEntity
  8
DEFAULT
 62
     3
100
AcDbSpline
210
0.0
220
0.0
230
1.0
 70
     8
 71
     3
 72
    44
 73
    40
 74
     0
 42
0.000000001
 43
0.0000000001
 40
0.0
 40
0.0
 40
0.0
 40
0.0
 40
1.0
 40
1.0
 40
1.0
 40
2.0
 40
2.0
 40
2.0
 40
3.0
 40
3.0
 40
3.0
 40
4.0
 40
4.0
 40
4.0
 40
5.0
 40
5.0
 40
5.0
 40
6.0
 40
6.0
 40
6.0
 40
7.0
 40
7.0
 40
7.0
 40
8.0
 40
8.0
 40
8.0
 40
9.0
 40
9.0
 40
9.0
 40
10.0
 40
10.0
 40
10.0
 40
11.0
 40
11.0
 40
11.0
 40
12.0
 40
12.0
 40
12.0
 40
13.0
 40
13.0
 40
13.0
 40
13.0
 10
96.48930833333331
 20
236.5007758333333
 30
0.0
 10
96.48930833333331
 20
234.8420147222222
 30
0.0
 10
95.03374722222222
 20
233.8168425
 30
0.0
 10
94.30349722222219
 20
233.2820313888888
 30
0.0
 10
93.33441666666666
 20
232.5722425
 30
0.0
 10
93.26985833333333
 20
230.3007063888888
 30
0.0
 10
94.05020277777777
 20
230.2686036111111
 30
0.0
 10
97.90994444444442
 20
230.1095008333333
 30
0.0
 10
96.04904166666665
 20
234.8829369444444
 30
0.0
 10
101.6659694444444
 20
234.1491591666666
 30
0.0
 10
108.4915138888889
 20
233.2580425
 30
0.0
 10
101.3509388888889
 20
229.6597091666666
 30
0.0
 10
103.666925
 20
229.0793897222222
 30
0.0
 10
104.4793722222222
 20
228.8758369444444
 30
0.0
 10
107.9020222222222
 20
228.9753202777777
 30
0.0
 10
107.71505
 20
229.8018786111111
 30
0.0
 10
107.4409416666666
 20
231.0150813888889
 30
0.0
 10
107.559475
 20
232.7278175
 30
0.0
 10
108.8047805555556
 20
235.0311036111111
 30
0.0
 10
109.7114194444444
 20
236.7089147222222
 30
0.0
 10
109.5075138888889
 20
239.1381425
 30
0.0
 10
108.8756888888889
 20
239.7678508333333
 30
0.0
 10
107.6011027777778
 20
241.0389091666667
 30
0.0
 10
107.4966805555555
 20
242.5304536111111
 30
0.0
 10
106.8087638888889
 20
243.5679730555555
 30
0.0
 10
105.8164
 20
245.0644563888889
 30
0.0
 10
102.7694583333333
 20
240.8265369444444
 30
0.0
 10
100.1719555555555
 20
242.4500202777778
 30
0.0
 10
92.86733888888887
 20
247.0153175
 30
0.0
 10
102.1393972222222
 20
246.9320619444444
 30
0.0
 10
95.79327777777776
 20
251.0306341666666
 30
0.0
 10
95.29374444444443
 20
251.3534258333333
 30
0.0
 10
93.98705555555553
 20
250.3441286111111
 30
0.0
 10
92.5477222222222
 20
249.8707008333333
 30
0.0
 10
91.67847777777776
 20
249.5849508333333
 30
0.0
 10
92.30712777777775
 20
247.7000591666666
 30
0.0
 10
94.42379444444443
 20
245.3653758333333
 30
0.0
 10
95.86030555555553
 20
243.7810508333333
 30
0.0
 10
96.48895555555555
 20
240.8505258333333
 30
0.0
 10
96.48895555555555
 20
239.5004452777778
 30
0.0
  0
SPLINE
  5
121
330
1F
100
AcDbEntity
  8
DEFAULT
 62
     5
100
AcDbSpline
210
0.0
220
0.0
230
1.0
 70
     8
 71
     3
 72
    44
 73
    40
 74
     0
 42
0.000000001
 43
0.0000000001
 40
0.0
 40
0.0
 40
0.0
 40
0.0
 40
1.0
 40
1.0
 40
1.0
 40
2.0
 40
2.0
 40
2.0
 40
3.0
 40
3.0
 40
3.0
 40
4.0
 40
4.0
 40
4.0
 40
5.0
 40
5.0
 40
5.0
 40
6.0
 40
6.0
 40
6.0
 40
7.0
 40
7.0
 40
7.0
 40
8.0
 40
8.0
 40
8.0
 40
9.0
 40
9.0
 40
9.0
 40
10.0
 40
10.0
 40
10.0
 40
11.0
 40
11.0
 40
11.0
 40
12.0
 40
12.0
 40
12.0
 40
13.0
 40
13.0
 40
13.0
 40
13.0
 10
94.21452666666666
 20
239.4374038888889
 30
0.0
 10
94.21452666666666
 20
242.7475177777778
 30
0.0
 10
92.80165166666666
 20
244.5135233333333
 30
0.0
 10
91.94475444444443
 20
245.8868872222222
 30
0.0
 10
90.81304333333333
 20
247.700165
 30
0.0
 10
90.11101555555554
 20
249.8612816666666
 30
0.0
 10
90.44932944444443
 20
250.621165
 30
0.0
 10
90.51494611111109
 20
250.7682733333333
 30
0.0
 10
95.06965999999998
 20
252.5469788888889
 30
0.0
 10
95.4171461111111
 20
252.5469788888889
 30
0.0
 10
95.88246
 20
252.5469788888889
 30
0.0
 10
96.69173222222221
 20
252.1084761111111
 30
0.0
 10
97.89188222222221
 20
251.2078344444444
 30
0.0
 10
98.895535
 20
250.4539483333333
 30
0.0
 10
107.9661572222222
 20
245.5489261111111
 30
0.0
 10
108.2462627777778
 20
244.0238677777778
 30
0.0
 10
108.5263683333333
 20
242.4984566666666
 30
0.0
 10
109.9537072222222
 20
241.1296788888889
 30
0.0
 10
110.2800266666667
 20
240.2943011111111
 30
0.0
 10
110.6063461111111
 20
239.4589233333333
 30
0.0
 10
110.5622488888889
 20
236.1477511111111
 30
0.0
 10
110.17631
 20
234.9655927777777
 30
0.0
 10
109.7900183333333
 20
233.7837872222222
 30
0.0
 10
108.7754294444444
 20
230.8257455555555
 30
0.0
 10
109.2735516666667
 20
228.6155927777777
 30
0.0
 10
109.3959655555555
 20
228.0726677777777
 30
0.0
 10
105.0003544444444
 20
227.4616566666666
 30
0.0
 10
104.4729516666667
 20
227.4016844444444
 30
0.0
 10
103.7776266666666
 20
227.3226622222222
 30
0.0
 10
99.43704888888887
 20
228.64699
 30
0.0
 10
96.85118777777777
 20
228.7754011111111
 30
0.0
 10
94.90173777777775
 20
228.872415
 30
0.0
 10
93.13855444444442
 20
228.7916288888889
 30
0.0
 10
92.57728499999997
 20
229.1549899999999
 30
0.0
 10
92.01566277777776
 20
229.5183511111111
 30
0.0
 10
92.06187666666666
 20
233.01579
 30
0.0
 10
92.450285
 20
233.7262844444444
 30
0.0
 10
92.83834055555555
 20
234.4364261111111
 30
0.0
 10
94.21452666666666
 20
235.0590788888889
 30
0.0
 10
94.21452666666666
 20
236.5643816666666
 30
0.0
  0
POLYLINE
  5
122
330
1F
100
AcDbEntity
  8
DEFAULT
 62
     7
100
AcDb2dPolyline
 66
     1
 10
0.0
 20
0.0
 30
0.0
  0
VERTEX
  5
123
330
122
100
AcDbEntity
  8
DEFAULT
 62
     7
100
AcDbVertex
100
AcDb2dVertex
 10
102.1392561111111
 20
236.511465
 30
0.0
  0
VERTEX
  5
124
330
122
100
AcDbEntity
  8
DEFAULT
 62
     7
100
AcDbVertex
100
AcDb2dVertex
 10
102.1392561111111
 20
239.5114872222222
 30
0.0
  0
SEQEND
  5
125
330
122
100
AcDbEntity
  8
DEFAULT
 62
     7
  0
POLYLINE
  5
126
330
1F
100
AcDbEntity
  8
DEFAULT
 62
     7
100
AcDb2dPolyline
 66
     1
 10
0.0
 20
0.0
 30
0.0
  0
VERTEX
  5
127
330
126
100
AcDbEntity
  8
DEFAULT
 62
     7
100
AcDbVertex
100
AcDb2dVertex
 10
105.6365538888889
 20
237.4339083333333
 30
0.0
  0
VERTEX
  5
128
330
126
100
AcDbEntity
  8
DEFAULT
 62
     7
100
AcDbVertex
100
AcDb2dVertex
 10
106.3227066666667
 20
236.5883
 30
0.0
  0
VERTEX
  5
129
330
126
100
AcDbEntity
  8
DEFAULT
 62
     7
100
AcDbVertex
100
AcDb2dVertex
 10
103.7894094444444
 20
236.5883
 30
0.0
  0
SEQEND
  5
12A
330
126
100
AcDbEntity
  8
DEFAULT
 62
     7
  0
SPLINE
  5
12B
330
1F
100
AcDbEntity
  8
DEFAULT
 62
     7
100
AcDbSpline
210
0.0
220
0.0
230
1.0
 70
     8
 71
     3
 72
    29
 73
    25
 74
     0
 42
0.000000001
 43
0.0000000001
 40
0.0
 40
0.0
 40
0.0
 40
0.0
 40
1.0
 40
1.0
 40
1.0
 40
2.0
 40
2.0
 40
2.0
 40
3.0
 40
3.0
 40
3.0
 40
4.0
 40
4.0
 40
4.0
 40
5.0
 40
5.0
 40
5.0
 40
6.0
 40
6.0
 40
6.0
 40
7.0
 40
7.0
 40
7.0
 40
8.0
 40
8.0
 40
8.0
 40
8.0
 10
104.0526875
 20
237.9809608333333
 30
0.0
 10
103.9066375
 20
238.0818552777777
 30
0.0
 10
103.7891625
 20
238.3803052777777
 30
0.0
 10
103.7891625
 20
238.6607636111111
 30
0.0
 10
103.7891625
 20
239.1087913888888
 30
0.0
 10
104.1200680555555
 20
239.4298191666666
 30
0.0
 10
104.5550430555555
 20
239.4298191666666
 30
0.0
 10
105.0870319444444
 20
239.4298191666666
 30
0.0
 10
105.3886569444444
 20
239.0301219444444
 30
0.0
 10
105.3886569444444
 20
238.6156080555555
 30
0.0
 10
105.3886569444444
 20
238.3019886111111
 30
0.0
 10
105.2457819444444
 20
238.0511636111111
 30
0.0
 10
105.1163125
 20
237.9728469444444
 30
0.0
 10
104.9794347222222
 20
237.9799025
 30
0.0
 10
103.6212402777778
 20
237.9809608333333
 30
0.0
 10
103.6212402777778
 20
237.9809608333333
 30
0.0
 10
103.1887347222222
 20
237.9809608333333
 30
0.0
 10
103.1372291666666
 20
238.0564552777778
 30
0.0
 10
102.9735402777778
 20
238.2173219444444
 30
0.0
 10
102.8020902777778
 20
238.3785413888888
 30
0.0
 10
102.7474097222222
 20
238.6117275
 30
0.0
 10
102.7474097222222
 20
238.8209247222222
 30
0.0
 10
102.7474097222222
 20
239.0202441666666
 30
0.0
 10
102.8020902777778
 20
239.2396719444444
 30
0.0
 10
102.9033375
 20
239.3733747222222
 30
0.0
  0
SPLINE
  5
12C
330
1F
100
AcDbEntity
  8
DEFAULT
 62
     1
100
AcDbSpline
210
0.0
220
0.0
230
1.0
 70
     8
 71
     3
 72
    35
 73
    31
 74
     0
 42
0.000000001
 43
0.0000000001
 40
0.0
 40
0.0
 40
0.0
 40
0.0
 40
3.759999999999991
 40
3.759999999999991
 40
3.759999999999991
 40
16.65999999999997
 40
16.65999999999997
 40
16.65999999999997
 40
17.65999999999997
 40
17.65999999999997
 40
17.65999999999997
 40
18.65999999999997
 40
18.65999999999997
 40
18.65999999999997
 40
19.65999999999997
 40
19.65999999999997
 40
19.65999999999997
 40
20.65999999999997
 40
20.65999999999997
 40
20.65999999999997
 40
21.65999999999997
 40
21.65999999999997
 40
21.65999999999997
 40
22.65999999999997
 40
22.65999999999997
 40
22.65999999999997
 40
23.65999999999997
 40
23.65999999999997
 40
23.65999999999997
 40
30.70000710226908
 40
30.70000710226908
 40
30.70000710226908
 40
30.70000710226908
 10
101.0394008333333
 20
237.8259502777777
 30
0.0
 10
101.0394008333333
 20
237.3838021296296
 30
0.0
 10
101.0394008333333
 20
236.9416539814814
 30
0.0
 10
101.0394008333333
 20
236.4995058333333
 30
0.0
 10
99.52245638888888
 20
236.4995058333333
 30
0.0
 10
98.00551194444444
 20
236.4995058333333
 30
0.0
 10
96.4885675
 20
236.4995058333333
 30
0.0
 10
95.35262305555555
 20
236.4995058333333
 30
0.0
 10
95.47609527777779
 20
236.5630058333333
 30
0.0
 10
94.21315083333333
 20
236.5630058333333
 30
0.0
 10
92.95020638888889
 20
236.5630058333333
 30
0.0
 10
93.0772063888889
 20
236.4995058333333
 30
0.0
 10
91.94126194444443
 20
236.4995058333333
 30
0.0
 10
91.94126194444443
 20
234.7779502777778
 30
0.0
 10
89.98334527777777
 20
236.1890613888889
 30
0.0
 10
90.38551194444445
 20
231.5359224999999
 30
0.0
 10
90.67478972222223
 20
228.1492558333333
 30
0.0
 10
90.17384527777777
 20
226.6852280555555
 30
0.0
 10
94.29428972222222
 20
227.2778947222222
 30
0.0
 10
98.4112063888889
 20
227.8705613888889
 30
0.0
 10
103.8334008333333
 20
225.0201169444444
 30
0.0
 10
106.8037897222222
 20
226.4453391666666
 30
0.0
 10
109.7741786111111
 20
227.8705613888889
 30
0.0
 10
110.3739008333333
 20
226.7981169444444
 30
0.0
 10
110.1093175
 20
229.0700058333333
 30
0.0
 10
109.7847619444445
 20
231.8640058333333
 30
0.0
 10
111.4392897222222
 20
234.5874502777778
 30
0.0
 10
111.4392897222222
 20
236.0585336111111
 30
0.0
 10
111.4404656481482
 20
236.8863854629629
 30
0.0
 10
111.4416415740741
 20
237.7142373148148
 30
0.0
 10
111.4428175
 20
238.5420891666666
 30
0.0
  0
SPLINE
  5
12D
330
1F
100
AcDbEntity
  8
DEFAULT
 62
     1
100
AcDbSpline
210
0.0
220
0.0
230
1.0
 70
     8
 71
     3
 72
    32
 73
    28
 74
     0
 42
0.000000001
 43
0.0000000001
 40
0.0
 40
0.0
 40
0.0
 40
0.0
 40
3.759999999999991
 40
3.759999999999991
 40
3.759999999999991
 40
16.65999999999997
 40
16.65999999999997
 40
16.65999999999997
 40
17.65999999999997
 40
17.65999999999997
 40
17.65999999999997
 40
18.65999999999997
 40
18.65999999999997
 40
18.65999999999997
 40
19.65999999999997
 40
19.65999999999997
 40
19.65999999999997
 40
20.65999999999997
 40
20.65999999999997
 40
20.65999999999997
 40
21.65999999999997
 40
21.65999999999997
 40
21.65999999999997
 40
22.65999999999997
 40
22.65999999999997
 40
22.65999999999997
 40
26.4100133333096
 40
26.4100133333096
 40
26.4100133333096
 40
26.4100133333096
 10
101.0394008333333
 20
238.1752708333333
 30
0.0
 10
101.0394008333333
 20
238.6174189814815
 30
0.0
 10
101.0394008333333
 20
239.0595671296296
 30
0.0
 10
101.0394008333333
 20
239.5017152777778
 30
0.0
 10
99.52245638888888
 20
239.5017152777778
 30
0.0
 10
98.00551194444444
 20
239.5017152777778
 30
0.0
 10
96.4885675
 20
239.5017152777778
 30
0.0
 10
95.35262305555555
 20
239.5017152777778
 30
0.0
 10
95.47609527777779
 20
239.4382152777778
 30
0.0
 10
94.21315083333333
 20
239.4382152777778
 30
0.0
 10
92.94667861111111
 20
239.4382152777778
 30
0.0
 10
93.0772063888889
 20
239.5017152777778
 30
0.0
 10
91.94126194444443
 20
239.5017152777778
 30
0.0
 10
91.94126194444443
 20
243.9961041666667
 30
0.0
 10
84.93862305555557
 20
251.2139375
 30
0.0
 10
90.62187305555554
 20
252.9707708333333
 30
0.0
 10
94.83403972222223
 20
254.2760486111111
 30
0.0
 10
95.08098416666667
 20
255.8212152777778
 30
0.0
 10
99.09206750000001
 20
252.8084930555555
 30
0.0
 10
103.0819841666667
 20
249.8134097222222
 30
0.0
 10
109.2767619444444
 20
246.0774930555555
 30
0.0
 10
109.3684841666667
 20
244.1336875
 30
0.0
 10
109.4425675
 20
242.5567708333333
 30
0.0
 10
111.4463452777778
 20
241.6289652777778
 30
0.0
 10
111.4463452777778
 20
240.2178541666667
 30
0.0
 10
111.4451693518519
 20
239.7768819444444
 30
0.0
 10
111.4439934259259
 20
239.3359097222222
 30
0.0
 10
111.4428175
 20
238.8949375
 30
0.0
  0
SPLINE
  5
12E
330
1F
100
AcDbEntity
  8
DEFAULT
 62
     3
100
AcDbSpline
210
0.0
220
0.0
230
1.0
 70
    11
 71
     3
 72
    17
 73
    13
 74
     0
 42
0.000000001
 43
0.0000000001
 40
0.0
 40
0.0
 40
0.0
 40
0.0
 40
1.0
 40
1.0
 40
1.0
 40
2.0
 40
2.0
 40
2.0
 40
3.0
 40
3.0
 40
3.0
 40
4.0
 40
4.0
 40
4.0
 40
4.0
 10
54.75732
 20
212.3374030555555
 30
0.0
 10
54.95769777777778
 20
212.7727308333333
 30
0.0
 10
53.89089777777778
 20
213.3188308333333
 30
0.0
 10
53.55893388888889
 20
214.7948530555555
 30
0.0
 10
53.26154222222222
 20
216.1160058333333
 30
0.0
 10
49.46388944444444
 20
212.8581030555555
 30
0.0
 10
49.63639777777778
 20
212.2770780555555
 30
0.0
 10
49.76233944444444
 20
211.8519808333333
 30
0.0
 10
50.62276444444444
 20
211.6544252777777
 30
0.0
 10
52.05962833333334
 20
211.6544252777777
 30
0.0
 10
53.92547
 20
211.6544252777777
 30
0.0
 10
54.55835333333333
 20
211.9056030555555
 30
0.0
 10
54.75732
 20
212.3374030555555
 30
0.0
  0
SPLINE
  5
12F
330
1F
100
AcDbEntity
  8
DEFAULT
 62
     3
100
AcDbSpline
210
0.0
220
0.0
230
1.0
 70
     8
 71
     3
 72
    41
 73
    37
 74
     0
 42
0.000000001
 43
0.0000000001
 40
0.0
 40
0.0
 40
0.0
 40
0.0
 40
1.0
 40
1.0
 40
1.0
 40
2.0
 40
2.0
 40
2.0
 40
3.0
 40
3.0
 40
3.0
 40
4.0
 40
4.0
 40
4.0
 40
5.0
 40
5.0
 40
5.0
 40
6.0
 40
6.0
 40
6.0
 40
7.0
 40
7.0
 40
7.0
 40
8.0
 40
8.0
 40
8.0
 40
9.0
 40
9.0
 40
9.0
 40
10.0
 40
10.0
 40
10.0
 40
11.0
 40
11.0
 40
11.0
 40
12.0
 40
12.0
 40
12.0
 40
12.0
 10
57.7095761111111
 20
205.2336227777778
 30
0.0
 10
57.7095761111111
 20
203.5113616666667
 30
0.0
 10
59.25403722222222
 20
201.4253866666666
 30
0.0
 10
58.768615
 20
200.8302505555556
 30
0.0
 10
58.41195666666666
 20
200.3928061111111
 30
0.0
 10
57.29859
 20
201.85507
 30
0.0
 10
52.70118999999999
 20
200.759695
 30
0.0
 10
49.17305944444443
 20
199.9193783333333
 30
0.0
 10
56.0681011111111
 20
203.3744838888889
 30
0.0
 10
49.17305944444443
 20
203.3744838888889
 30
0.0
 10
45.13869277777777
 20
203.3744838888889
 30
0.0
 10
51.76632888888888
 20
200.6224644444444
 30
0.0
 10
48.81216777777777
 20
199.6950116666666
 30
0.0
 10
47.39329555555555
 20
199.2494533333333
 30
0.0
 10
46.44538166666666
 20
199.0381394444444
 30
0.0
 10
46.22665944444444
 20
199.3281227777777
 30
0.0
 10
45.53486222222222
 20
200.2439338888888
 30
0.0
 10
44.35905388888889
 20
205.2579644444444
 30
0.0
 10
45.47242055555554
 20
208.9483727777777
 30
0.0
 10
46.35154277777777
 20
211.8623172222222
 30
0.0
 10
45.66327333333333
 20
215.4042061111111
 30
0.0
 10
47.15763999999999
 20
215.6285727777777
 30
0.0
 10
48.3655511111111
 20
215.8095477777778
 30
0.0
 10
49.36038444444443
 20
215.8035505555555
 30
0.0
 10
50.3975511111111
 20
215.9707672222222
 30
0.0
 10
54.00964277777777
 20
216.552145
 30
0.0
 10
42.09704277777777
 20
210.4131061111111
 30
0.0
 10
51.4072011111111
 20
210.4131061111111
 30
0.0
 10
61.68643999999999
 20
210.4131061111111
 30
0.0
 10
52.05948722222222
 20
215.2235838888889
 30
0.0
 10
55.48989833333332
 20
217.5600311111111
 30
0.0
 10
57.40865666666666
 20
218.8674255555555
 30
0.0
 10
58.79436777777777
 20
220.4125922222222
 30
0.0
 10
59.63891777777777
 20
220.9932644444444
 30
0.0
 10
60.48311499999999
 20
221.5735838888889
 30
0.0
 10
57.71063444444443
 20
213.0240144444444
 30
0.0
 10
57.71063444444443
 20
208.2378783333333
 30
0.0
  0
SPLINE
  5
130
330
1F
100
AcDbEntity
  8
DEFAULT
 62
     5
100
AcDbSpline
210
0.0
220
0.0
230
1.0
 70
     8
 71
     3
 72
    35
 73
    31
 74
     0
 42
0.000000001
 43
0.0000000001
 40
0.0
 40
0.0
 40
0.0
 40
0.0
 40
1.0
 40
1.0
 40
1.0
 40
2.0
 40
2.0
 40
2.0
 40
3.0
 40
3.0
 40
3.0
 40
4.0
 40
4.0
 40
4.0
 40
5.0
 40
5.0
 40
5.0
 40
6.0
 40
6.0
 40
6.0
 40
7.0
 40
7.0
 40
7.0
 40
8.0
 40
8.0
 40
8.0
 40
9.0
 40
9.0
 40
9.0
 40
10.0
 40
10.0
 40
10.0
 40
10.0
 10
59.98661555555555
 20
208.1679930555555
 30
0.0
 10
60.08539333333332
 20
210.8215875
 30
0.0
 10
60.67029888888887
 20
214.5977208333333
 30
0.0
 10
60.89748777777777
 20
216.0765652777777
 30
0.0
 10
61.2001711111111
 20
218.0461236111111
 30
0.0
 10
61.39102388888888
 20
222.7754625
 30
0.0
 10
60.5937461111111
 20
223.2626486111111
 30
0.0
 10
59.79646833333333
 20
223.7494819444444
 30
0.0
 10
56.84795166666666
 20
219.7235819444444
 30
0.0
 10
52.42094333333333
 20
218.0429486111111
 30
0.0
 10
50.58402944444444
 20
217.3455069444444
 30
0.0
 10
47.34094333333332
 20
217.0784541666667
 30
0.0
 10
45.66771833333333
 20
216.9722680555555
 30
0.0
 10
44.76390166666665
 20
216.9151180555555
 30
0.0
 10
45.97004888888888
 20
214.0936013888889
 30
0.0
 10
44.26577944444443
 20
209.5688736111111
 30
0.0
 10
43.77718222222222
 20
208.2717097222222
 30
0.0
 10
43.50025166666666
 20
205.4914680555555
 30
0.0
 10
43.82868777777777
 20
203.8574013888889
 30
0.0
 10
44.67041555555555
 20
199.6702819444444
 30
0.0
 10
44.63055166666666
 20
198.0767847222222
 30
0.0
 10
45.54177666666666
 20
197.5885402777778
 30
0.0
 10
46.45335444444444
 20
197.1002958333333
 30
0.0
 10
52.24102666666666
 20
199.5058875
 30
0.0
 10
55.54725999999999
 20
199.7556541666666
 30
0.0
 10
57.71260999999999
 20
199.9193430555555
 30
0.0
 10
59.09726277777777
 20
198.6916763888889
 30
0.0
 10
59.83809611111111
 20
199.1379402777778
 30
0.0
 10
60.57857666666666
 20
199.5842041666666
 30
0.0
 10
59.98379333333332
 20
201.0055458333333
 30
0.0
 10
59.98379333333332
 20
205.2974402777778
 30
0.0
  0
POLYLINE
  5
131
330
1F
100
AcDbEntity
  8
DEFAULT
 62
     7
100
AcDb2dPolyline
 66
     1
 10
0.0
 20
0.0
 30
0.0
  0
VERTEX
  5
132
330
131
100
AcDbEntity
  8
DEFAULT
 62
     7
100
AcDbVertex
100
AcDb2dVertex
 10
52.05945194444444
 20
208.2430641666666
 30
0.0
  0
VERTEX
  5
133
330
131
100
AcDbEntity
  8
DEFAULT
 62
     7
100
AcDbVertex
100
AcDb2dVertex
 10
52.05945194444444
 20
205.2430419444444
 30
0.0
  0
SEQEND
  5
134
330
131
100
AcDbEntity
  8
DEFAULT
 62
     7
  0
POLYLINE
  5
135
330
1F
100
AcDbEntity
  8
DEFAULT
 62
     7
100
AcDb2dPolyline
 66
     1
 10
0.0
 20
0.0
 30
0.0
  0
VERTEX
  5
136
330
135
100
AcDbEntity
  8
DEFAULT
 62
     7
100
AcDbVertex
100
AcDb2dVertex
 10
49.21225305555555
 20
207.2705263888888
 30
0.0
  0
VERTEX
  5
137
330
135
100
AcDbEntity
  8
DEFAULT
 62
     7
100
AcDbVertex
100
AcDb2dVertex
 10
48.52610027777779
 20
208.1161347222222
 30
0.0
  0
VERTEX
  5
138
330
135
100
AcDbEntity
  8
DEFAULT
 62
     7
100
AcDbVertex
100
AcDb2dVertex
 10
51.0593975
 20
208.1161347222222
 30
0.0
  0
SEQEND
  5
139
330
135
100
AcDbEntity
  8
DEFAULT
 62
     7
  0
SPLINE
  5
13A
330
1F
100
AcDbEntity
  8
DEFAULT
 62
     7
100
AcDbSpline
210
0.0
220
0.0
230
1.0
 70
     8
 71
     3
 72
    11
 73
     7
 74
     0
 42
0.000000001
 43
0.0000000001
 40
0.0
 40
0.0
 40
0.0
 40
0.0
 40
5.347000000000008
 40
5.347000000000008
 40
5.347000000000008
 40
6.347000000000008
 40
6.347000000000008
 40
6.347000000000008
 40
6.347000000000008
 10
51.05950333333333
 20
205.9021366666666
 30
0.0
 10
50.43073574074074
 20
205.9021366666666
 30
0.0
 10
49.80196814814815
 20
205.9021366666666
 30
0.0
 10
49.17320055555555
 20
205.9021366666666
 30
0.0
 10
48.36251722222222
 20
205.9021366666666
 30
0.0
 10
48.03866722222222
 20
206.3177088888889
 30
0.0
 10
48.30360333333333
 20
206.8722755555555
 30
0.0
  0
POLYLINE
  5
13B
330
1F
100
AcDbEntity
  8
DEFAULT
 62
     7
100
AcDb2dPolyline
 66
     1
 10
0.0
 20
0.0
 30
0.0
  0
VERTEX
  5
13C
330
13B
100
AcDbEntity
  8
DEFAULT
 62
     7
100
AcDbVertex
100
AcDb2dVertex
 10
49.17316527777777
 20
205.3717705555555
 30
0.0
  0
VERTEX
  5
13D
330
13B
100
AcDbEntity
  8
DEFAULT
 62
     7
100
AcDbVertex
100
AcDb2dVertex
 10
49.17316527777777
 20
206.6964511111111
 30
0.0
  0
SEQEND
  5
13E
330
13B
100
AcDbEntity
  8
DEFAULT
 62
     7
  0
SPLINE
  5
13F
330
1F
100
AcDbEntity
  8
DEFAULT
 62
     1
100
AcDbSpline
210
0.0
220
0.0
230
1.0
 70
     8
 71
     3
 72
    35
 73
    31
 74
     0
 42
0.000000001
 43
0.0000000001
 40
0.0
 40
0.0
 40
0.0
 40
0.0
 40
3.75
 40
3.75
 40
3.75
 40
16.65001550386666
 40
16.65001550386666
 40
16.65001550386666
 40
17.65001550386666
 40
17.65001550386666
 40
17.65001550386666
 40
18.65001550386666
 40
18.65001550386666
 40
18.65001550386666
 40
19.65001550386666
 40
19.65001550386666
 40
19.65001550386666
 40
20.65001550386666
 40
20.65001550386666
 40
20.65001550386666
 40
21.65001550386666
 40
21.65001550386666
 40
21.65001550386666
 40
22.65001550386666
 40
22.65001550386666
 40
22.65001550386666
 40
23.65001550386666
 40
23.65001550386666
 40
23.65001550386666
 40
30.69001550386674
 40
30.69001550386674
 40
30.69001550386674
 40
30.69001550386674
 10
53.16033027777777
 20
206.5629247222222
 30
0.0
 10
53.16033027777777
 20
206.1219525
 30
0.0
 10
53.16033027777777
 20
205.6809802777777
 30
0.0
 10
53.16033027777777
 20
205.2400080555555
 30
0.0
 10
54.67727472222222
 20
205.2376562037037
 30
0.0
 10
56.19421916666666
 20
205.2353043518518
 30
0.0
 10
57.7111636111111
 20
205.2329525
 30
0.0
 10
58.84358027777778
 20
205.2364802777778
 30
0.0
 10
58.72010805555554
 20
205.2964525
 30
0.0
 10
59.98305249999999
 20
205.2964525
 30
0.0
 10
61.24599694444444
 20
205.2929247222222
 30
0.0
 10
61.11899694444444
 20
205.2329525
 30
0.0
 10
62.25494138888888
 20
205.2294247222222
 30
0.0
 10
62.25494138888888
 20
202.2484525
 30
0.0
 10
62.00094138888888
 20
201.2571469444444
 30
0.0
 10
62.28669138888888
 20
198.8053413888888
 30
0.0
 10
62.57244138888888
 20
196.3500080555555
 30
0.0
 10
62.81938583333332
 20
196.1595080555555
 30
0.0
 10
58.58958027777776
 20
197.4295080555555
 30
0.0
 10
54.35977472222222
 20
198.7030358333333
 30
0.0
 10
48.5848025
 20
196.2935636111111
 30
0.0
 10
46.95144138888888
 20
195.8314247222222
 30
0.0
 10
45.32160805555555
 20
195.3587025
 30
0.0
 10
44.27033027777777
 20
196.3641191666667
 30
0.0
 10
43.87521916666666
 20
198.3643691666666
 30
0.0
 10
43.15908027777778
 20
202.0050358333333
 30
0.0
 10
42.76044138888888
 20
202.6012302777777
 30
0.0
 10
42.76044138888888
 20
204.6755636111111
 30
0.0
 10
42.76044138888889
 20
205.5034154629629
 30
0.0
 10
42.76044138888889
 20
206.3312673148148
 30
0.0
 10
42.76044138888888
 20
207.1591191666667
 30
0.0
  0
SPLINE
  5
140
330
1F
100
AcDbEntity
  8
DEFAULT
 62
     1
100
AcDbSpline
210
0.0
220
0.0
230
1.0
 70
     8
 71
     3
 72
    38
 73
    34
 74
     0
 42
0.000000001
 43
0.0000000001
 40
0.0
 40
0.0
 40
0.0
 40
0.0
 40
3.75
 40
3.75
 40
3.75
 40
4.75
 40
4.75
 40
4.75
 40
5.75
 40
5.75
 40
5.75
 40
6.75
 40
6.75
 40
6.75
 40
7.75
 40
7.75
 40
7.75
 40
8.75
 40
8.75
 40
8.75
 40
9.75
 40
9.75
 40
9.75
 40
10.75
 40
10.75
 40
10.75
 40
11.75
 40
11.75
 40
11.75
 40
24.65000000000001
 40
24.65000000000001
 40
24.65000000000001
 40
28.40000000000001
 40
28.40000000000001
 40
28.40000000000001
 40
28.40000000000001
 10
42.76047666666666
 20
207.5118616666667
 30
0.0
 10
42.76047666666667
 20
207.9528338888889
 30
0.0
 10
42.76047666666667
 20
208.3938061111111
 30
0.0
 10
42.76047666666666
 20
208.8347783333333
 30
0.0
 10
42.76047666666666
 20
209.8437227777778
 30
0.0
 10
43.80822666666666
 20
210.9761394444445
 30
0.0
 10
43.95992111111111
 20
214.7402783333334
 30
0.0
 10
44.03400444444444
 20
216.5500283333333
 30
0.0
 10
43.64947666666666
 20
218.6102505555556
 30
0.0
 10
44.81717111111111
 20
218.8325005555556
 30
0.0
 10
45.98133777777777
 20
219.047695
 30
0.0
 10
49.41739333333333
 20
219.1782227777778
 30
0.0
 10
51.80922666666667
 20
219.9472783333333
 30
0.0
 10
54.71611555555555
 20
220.8821394444444
 30
0.0
 10
58.06397666666666
 20
224.3464172222222
 30
0.0
 10
59.85608777777778
 20
225.1225283333333
 30
0.0
 10
61.64819888888888
 20
225.905695
 30
0.0
 10
62.10681
 20
226.3784172222222
 30
0.0
 10
62.94994888888888
 20
221.7746672222222
 30
0.0
 10
63.80719888888888
 20
217.0968338888889
 30
0.0
 10
62.28672666666666
 20
216.0490838888889
 30
0.0
 10
62.26203222222222
 20
208.2315283333333
 30
0.0
 10
61.12608777777778
 20
208.2315283333333
 30
0.0
 10
61.24956
 20
208.1680283333334
 30
0.0
 10
59.98661555555555
 20
208.1680283333334
 30
0.0
 10
58.72367111111111
 20
208.1715561111111
 30
0.0
 10
58.85067111111111
 20
208.2350561111111
 30
0.0
 10
57.71119888888889
 20
208.2385838888889
 30
0.0
 10
56.19425444444445
 20
208.2385838888889
 30
0.0
 10
54.67731
 20
208.2385838888889
 30
0.0
 10
53.16036555555555
 20
208.2385838888889
 30
0.0
 10
53.16036555555555
 20
207.7976116666667
 30
0.0
 10
53.16036555555555
 20
207.3566394444444
 30
0.0
 10
53.16036555555555
 20
206.9156672222222
 30
0.0
  0
SPLINE
  5
141
330
1F
100
AcDbEntity
  8
DEFAULT
 62
     3
100
AcDbSpline
210
0.0
220
0.0
230
1.0
 70
    11
 71
     3
 72
    17
 73
    13
 74
     0
 42
0.000000001
 43
0.0000000001
 40
0.0
 40
0.0
 40
0.0
 40
0.0
 40
1.0
 40
1.0
 40
1.0
 40
2.0
 40
2.0
 40
2.0
 40
3.0
 40
3.0
 40
3.0
 40
4.0
 40
4.0
 40
4.0
 40
4.0
 10
98.59323972222221
 20
212.3374030555555
 30
0.0
 10
98.39250916666666
 20
212.7727308333333
 30
0.0
 10
99.45966194444445
 20
213.3188308333333
 30
0.0
 10
99.79162583333333
 20
214.7948530555555
 30
0.0
 10
100.0890175
 20
216.1160058333333
 30
0.0
 10
103.8866702777778
 20
212.8581030555555
 30
0.0
 10
103.7141619444444
 20
212.2770780555555
 30
0.0
 10
103.5882202777778
 20
211.8519808333333
 30
0.0
 10
102.7274425
 20
211.6544252777777
 30
0.0
 10
101.2909313888889
 20
211.6544252777777
 30
0.0
 10
99.42473694444445
 20
211.6544252777777
 30
0.0
 10
98.79220638888889
 20
211.9056030555555
 30
0.0
 10
98.59323972222221
 20
212.3374030555555
 30
0.0
  0
POLYLINE
  5
142
330
1F
100
AcDbEntity
  8
DEFAULT
 62
     7
100
AcDb2dPolyline
 66
     1
 10
0.0
 20
0.0
 30
0.0
  0
VERTEX
  5
143
330
142
100
AcDbEntity
  8
DEFAULT
 62
     7
100
AcDbVertex
100
AcDb2dVertex
 10
101.2910725
 20
205.2430772222222
 30
0.0
  0
VERTEX
  5
144
330
142
100
AcDbEntity
  8
DEFAULT
 62
     7
100
AcDbVertex
100
AcDb2dVertex
 10
101.2910725
 20
208.2430994444444
 30
0.0
  0
SEQEND
  5
145
330
142
100
AcDbEntity
  8
DEFAULT
 62
     7
  0
POLYLINE
  5
146
330
1F
100
AcDbEntity
  8
DEFAULT
 62
     7
100
AcDb2dPolyline
 66
     1
 10
0.0
 20
0.0
 30
0.0
  0
VERTEX
  5
147
330
146
100
AcDbEntity
  8
DEFAULT
 62
     7
100
AcDbVertex
100
AcDb2dVertex
 10
104.1382713888889
 20
206.2158266666667
 30
0.0
  0
VERTEX
  5
148
330
146
100
AcDbEntity
  8
DEFAULT
 62
     7
100
AcDbVertex
100
AcDb2dVertex
 10
104.8244241666667
 20
205.3702183333333
 30
0.0
  0
VERTEX
  5
149
330
146
100
AcDbEntity
  8
DEFAULT
 62
     7
100
AcDbVertex
100
AcDb2dVertex
 10
102.2911269444444
 20
205.3702183333333
 30
0.0
  0
SEQEND
  5
14A
330
146
100
AcDbEntity
  8
DEFAULT
 62
     7
  0
SPLINE
  5
14B
330
1F
100
AcDbEntity
  8
DEFAULT
 62
     7
100
AcDbSpline
210
0.0
220
0.0
230
1.0
 70
     8
 71
     3
 72
    11
 73
     7
 74
     0
 42
0.000000001
 43
0.0000000001
 40
0.0
 40
0.0
 40
0.0
 40
0.0
 40
5.34699999999998
 40
5.34699999999998
 40
5.34699999999998
 40
6.34699999999998
 40
6.34699999999998
 40
6.34699999999998
 40
6.34699999999998
 10
102.2910211111111
 20
207.5842163888888
 30
0.0
 10
102.9197887037037
 20
207.5842163888888
 30
0.0
 10
103.5485562962963
 20
207.5842163888888
 30
0.0
 10
104.1773238888889
 20
207.5842163888888
 30
0.0
 10
104.9880072222222
 20
207.5842163888888
 30
0.0
 10
105.3118572222222
 20
207.1686441666666
 30
0.0
 10
105.0469211111111
 20
206.6140775
 30
0.0
  0
POLYLINE
  5
14C
330
1F
100
AcDbEntity
  8
DEFAULT
 62
     7
100
AcDb2dPolyline
 66
     1
 10
0.0
 20
0.0
 30
0.0
  0
VERTEX
  5
14D
330
14C
100
AcDbEntity
  8
DEFAULT
 62
     7
100
AcDbVertex
100
AcDb2dVertex
 10
104.1773944444444
 20
208.1145825
 30
0.0
  0
VERTEX
  5
14E
330
14C
100
AcDbEntity
  8
DEFAULT
 62
     7
100
AcDbVertex
100
AcDb2dVertex
 10
104.1773944444444
 20
206.7899019444444
 30
0.0
  0
SEQEND
  5
14F
330
14C
100
AcDbEntity
  8
DEFAULT
 62
     7
  0
SPLINE
  5
150
330
1F
100
AcDbEntity
  8
DEFAULT
 62
     3
100
AcDbSpline
210
0.0
220
0.0
230
1.0
 70
     8
 71
     3
 72
    41
 73
    37
 74
     0
 42
0.000000001
 43
0.0000000001
 40
0.0
 40
0.0
 40
0.0
 40
0.0
 40
1.0
 40
1.0
 40
1.0
 40
2.0
 40
2.0
 40
2.0
 40
3.0
 40
3.0
 40
3.0
 40
4.0
 40
4.0
 40
4.0
 40
5.0
 40
5.0
 40
5.0
 40
6.0
 40
6.0
 40
6.0
 40
7.0
 40
7.0
 40
7.0
 40
8.0
 40
8.0
 40
8.0
 40
9.0
 40
9.0
 40
9.0
 40
10.0
 40
10.0
 40
10.0
 40
11.0
 40
11.0
 40
11.0
 40
12.0
 40
12.0
 40
12.0
 40
12.0
 10
95.64094833333333
 20
205.2336227777778
 30
0.0
 10
95.64094833333333
 20
203.5113616666667
 30
0.0
 10
94.09613444444443
 20
201.4253866666666
 30
0.0
 10
94.58190944444443
 20
200.8302505555556
 30
0.0
 10
94.93856777777778
 20
200.3928061111111
 30
0.0
 10
96.05193444444444
 20
201.85507
 30
0.0
 10
100.6493344444444
 20
200.759695
 30
0.0
 10
104.177465
 20
199.9193783333333
 30
0.0
 10
97.28242333333334
 20
203.3744838888889
 30
0.0
 10
104.177465
 20
203.3744838888889
 30
0.0
 10
108.2118316666667
 20
203.3744838888889
 30
0.0
 10
101.5838427777778
 20
200.6224644444444
 30
0.0
 10
104.5383566666667
 20
199.6950116666666
 30
0.0
 10
105.9568761111111
 20
199.2494533333333
 30
0.0
 10
106.9051427777778
 20
199.0381394444444
 30
0.0
 10
107.123865
 20
199.3281227777777
 30
0.0
 10
107.8156622222222
 20
200.2439338888888
 30
0.0
 10
108.9914705555556
 20
205.2579644444444
 30
0.0
 10
107.8781038888889
 20
208.9483727777777
 30
0.0
 10
106.9989816666667
 20
211.8623172222222
 30
0.0
 10
107.6872511111111
 20
215.4042061111111
 30
0.0
 10
106.1928844444444
 20
215.6285727777777
 30
0.0
 10
104.9849733333333
 20
215.8095477777778
 30
0.0
 10
103.99014
 20
215.8035505555555
 30
0.0
 10
102.9526205555556
 20
215.9707672222222
 30
0.0
 10
99.34088166666666
 20
216.552145
 30
0.0
 10
111.2531288888889
 20
210.4131061111111
 30
0.0
 10
101.9433233333333
 20
210.4131061111111
 30
0.0
 10
91.66373166666666
 20
210.4131061111111
 30
0.0
 10
101.2910372222222
 20
215.2235838888889
 30
0.0
 10
97.8606261111111
 20
217.5600311111111
 30
0.0
 10
95.94186777777777
 20
218.8674255555555
 30
0.0
 10
94.55615666666667
 20
220.4125922222222
 30
0.0
 10
93.71160666666667
 20
220.9932644444444
 30
0.0
 10
92.86740944444443
 20
221.5735838888889
 30
0.0
 10
95.63989
 20
213.0240144444444
 30
0.0
 10
95.63989
 20
208.2378783333333
 30
0.0
  0
SPLINE
  5
151
330
1F
100
AcDbEntity
  8
DEFAULT
 62
     5
100
AcDbSpline
210
0.0
220
0.0
230
1.0
 70
     8
 71
     3
 72
    35
 73
    31
 74
     0
 42
0.000000001
 43
0.0000000001
 40
0.0
 40
0.0
 40
0.0
 40
0.0
 40
1.0
 40
1.0
 40
1.0
 40
2.0
 40
2.0
 40
2.0
 40
3.0
 40
3.0
 40
3.0
 40
4.0
 40
4.0
 40
4.0
 40
5.0
 40
5.0
 40
5.0
 40
6.0
 40
6.0
 40
6.0
 40
7.0
 40
7.0
 40
7.0
 40
8.0
 40
8.0
 40
8.0
 40
9.0
 40
9.0
 40
9.0
 40
10.0
 40
10.0
 40
10.0
 40
10.0
 10
93.36373249999998
 20
208.1679930555555
 30
0.0
 10
93.26495472222223
 20
210.8215875
 30
0.0
 10
92.68004916666666
 20
214.5977208333333
 30
0.0
 10
92.45286027777777
 20
216.0765652777777
 30
0.0
 10
92.1505297222222
 20
218.0461236111111
 30
0.0
 10
91.95932416666666
 20
222.7754625
 30
0.0
 10
92.75660194444443
 20
223.2626486111111
 30
0.0
 10
93.5542325
 20
223.7494819444444
 30
0.0
 10
96.50239638888887
 20
219.7235819444444
 30
0.0
 10
100.9297575
 20
218.0429486111111
 30
0.0
 10
102.7663186111111
 20
217.3455069444444
 30
0.0
 10
106.0094047222222
 20
217.0784541666667
 30
0.0
 10
107.6826297222222
 20
216.9722680555555
 30
0.0
 10
108.5867991666667
 20
216.9151180555555
 30
0.0
 10
107.3802991666666
 20
214.0936013888889
 30
0.0
 10
109.0845686111111
 20
209.5688736111111
 30
0.0
 10
109.5735186111111
 20
208.2717097222222
 30
0.0
 10
109.8500963888889
 20
205.4914680555555
 30
0.0
 10
109.5216602777778
 20
203.8574013888889
 30
0.0
 10
108.6802852777778
 20
199.6702819444444
 30
0.0
 10
108.7201491666666
 20
198.0767847222222
 30
0.0
 10
107.8085713888889
 20
197.5885402777778
 30
0.0
 10
106.8969936111111
 20
197.1002958333333
 30
0.0
 10
101.1093213888889
 20
199.5058875
 30
0.0
 10
97.80308805555555
 20
199.7556541666666
 30
0.0
 10
95.63773805555556
 20
199.9193430555555
 30
0.0
 10
94.25308527777777
 20
198.6916763888889
 30
0.0
 10
93.51260472222222
 20
199.1379402777778
 30
0.0
 10
92.77177138888888
 20
199.5842041666666
 30
0.0
 10
93.3669075
 20
201.0055458333333
 30
0.0
 10
93.3669075
 20
205.2974402777778
 30
0.0
  0
SPLINE
  5
152
330
1F
100
AcDbEntity
  8
DEFAULT
 62
     1
100
AcDbSpline
210
0.0
220
0.0
230
1.0
 70
     8
 71
     3
 72
    35
 73
    31
 74
     0
 42
0.000000001
 43
0.0000000001
 40
0.0
 40
0.0
 40
0.0
 40
0.0
 40
7.040007102269109
 40
7.040007102269109
 40
7.040007102269109
 40
8.040007102269108
 40
8.040007102269108
 40
8.040007102269108
 40
9.040007102269108
 40
9.040007102269108
 40
9.040007102269108
 40
10.04000710226911
 40
10.04000710226911
 40
10.04000710226911
 40
11.04000710226911
 40
11.04000710226911
 40
11.04000710226911
 40
12.04000710226911
 40
12.04000710226911
 40
12.04000710226911
 40
13.04000710226911
 40
13.04000710226911
 40
13.04000710226911
 40
14.04000710226911
 40
14.04000710226911
 40
14.04000710226911
 40
26.94002260613579
 40
26.94002260613579
 40
26.94002260613579
 40
30.69002260613579
 40
30.69002260613579
 40
30.69002260613579
 40
30.69002260613579
 10
110.5890599999999
 20
207.1590838888889
 30
0.0
 10
110.5902359259259
 20
206.331232037037
 30
0.0
 10
110.5914118518518
 20
205.5033801851852
 30
0.0
 10
110.5925877777777
 20
204.6755283333333
 30
0.0
 10
110.5925877777778
 20
202.601195
 30
0.0
 10
110.1904211111111
 20
202.0050005555555
 30
0.0
 10
109.4742822222222
 20
198.3643338888889
 30
0.0
 10
109.0791711111111
 20
196.3640838888889
 30
0.0
 10
108.0278933333333
 20
195.3586672222222
 30
0.0
 10
106.39806
 20
195.8313894444445
 30
0.0
 10
104.7682266666666
 20
196.2935283333333
 30
0.0
 10
98.99325444444443
 20
198.7030005555555
 30
0.0
 10
94.7599211111111
 20
197.4294727777778
 30
0.0
 10
90.53011555555554
 20
196.1594727777778
 30
0.0
 10
90.77705999999998
 20
196.3499727777778
 30
0.0
 10
91.06280999999998
 20
198.8053061111111
 30
0.0
 10
91.34855999999998
 20
201.2571116666667
 30
0.0
 10
91.09455999999999
 20
202.2484172222222
 30
0.0
 10
91.09455999999999
 20
205.2293894444444
 30
0.0
 10
92.23050444444442
 20
205.2329172222222
 30
0.0
 10
92.10350444444444
 20
205.2928894444445
 30
0.0
 10
93.36644888888888
 20
205.2964172222222
 30
0.0
 10
94.62939333333331
 20
205.2964172222222
 30
0.0
 10
94.5059211111111
 20
205.236445
 30
0.0
 10
95.64186555555554
 20
205.2329172222222
 30
0.0
 10
97.15880999999997
 20
205.235269074074
 30
0.0
 10
98.67575444444442
 20
205.2376209259259
 30
0.0
 10
100.1926988888889
 20
205.2399727777778
 30
0.0
 10
100.1926988888889
 20
205.680945
 30
0.0
 10
100.1926988888889
 20
206.1219172222222
 30
0.0
 10
100.1926988888889
 20
206.5628894444444
 30
0.0
  0
SPLINE
  5
153
330
1F
100
AcDbEntity
  8
DEFAULT
 62
     1
100
AcDbSpline
210
0.0
220
0.0
230
1.0
 70
     8
 71
     3
 72
    38
 73
    34
 74
     0
 42
0.000000001
 43
0.0000000001
 40
0.0
 40
0.0
 40
0.0
 40
0.0
 40
3.75
 40
3.75
 40
3.75
 40
16.66000000000003
 40
16.66000000000003
 40
16.66000000000003
 40
17.66000000000003
 40
17.66000000000003
 40
17.66000000000003
 40
18.66000000000003
 40
18.66000000000003
 40
18.66000000000003
 40
19.66000000000003
 40
19.66000000000003
 40
19.66000000000003
 40
20.66000000000003
 40
20.66000000000003
 40
20.66000000000003
 40
21.66000000000003
 40
21.66000000000003
 40
21.66000000000003
 40
22.66000000000003
 40
22.66000000000003
 40
22.66000000000003
 40
23.66000000000003
 40
23.66000000000003
 40
23.66000000000003
 40
24.66000000000003
 40
24.66000000000003
 40
24.66000000000003
 40
28.41000000000003
 40
28.41000000000003
 40
28.41000000000003
 40
28.41000000000003
 10
100.1927694444444
 20
206.9157025
 30
0.0
 10
100.1927694444444
 20
207.3566747222222
 30
0.0
 10
100.1927694444444
 20
207.7976469444444
 30
0.0
 10
100.1927694444444
 20
208.2386191666666
 30
0.0
 10
98.67464907407407
 20
208.2386191666666
 30
0.0
 10
97.1565287037037
 20
208.2386191666666
 30
0.0
 10
95.63840833333333
 20
208.2386191666666
 30
0.0
 10
94.49893611111112
 20
208.2350913888889
 30
0.0
 10
94.62593611111112
 20
208.1715913888889
 30
0.0
 10
93.36299166666666
 20
208.1680636111111
 30
0.0
 10
92.10004722222223
 20
208.1680636111111
 30
0.0
 10
92.22704722222223
 20
208.2315636111111
 30
0.0
 10
91.09110277777778
 20
208.2315636111111
 30
0.0
 10
91.06288055555555
 20
216.0491191666666
 30
0.0
 10
89.54240833333334
 20
217.0968691666666
 30
0.0
 10
90.39965833333333
 20
221.7747025
 30
0.0
 10
91.246325
 20
226.3784525
 30
0.0
 10
91.70140833333333
 20
225.9057302777778
 30
0.0
 10
93.49351944444444
 20
225.1225636111111
 30
0.0
 10
95.28915833333335
 20
224.3464525
 30
0.0
 10
98.63349166666666
 20
220.8821747222222
 30
0.0
 10
101.5439083333333
 20
219.9473136111111
 30
0.0
 10
103.9322138888889
 20
219.1782580555555
 30
0.0
 10
107.3682694444444
 20
219.0477302777777
 30
0.0
 10
108.5324361111111
 20
218.8325358333333
 30
0.0
 10
109.7001305555555
 20
218.6102858333333
 30
0.0
 10
109.3156027777778
 20
216.5500636111111
 30
0.0
 10
109.3896861111111
 20
214.7403136111111
 30
0.0
 10
109.5449083333333
 20
210.9761747222222
 30
0.0
 10
110.5891305555555
 20
209.8437580555555
 30
0.0
 10
110.5891305555555
 20
208.8348136111111
 30
0.0
 10
110.5891305555555
 20
208.3938413888889
 30
0.0
 10
110.5891305555555
 20
207.9528691666667
 30
0.0
 10
110.5891305555555
 20
207.5118969444444
 30
0.0
  0
SPLINE
  5
154
330
1F
100
AcDbEntity
  8
DEFAULT
 62
     3
100
AcDbSpline
210
0.0
220
0.0
230
1.0
 70
    11
 71
     3
 72
    17
 73
    13
 74
     0
 42
0.000000001
 43
0.0000000001
 40
0.0
 40
0.0
 40
0.0
 40
0.0
 40
1.0
 40
1.0
 40
1.0
 40
2.0
 40
2.0
 40
2.0
 40
3.0
 40
3.0
 40
3.0
 40
4.0
 40
4.0
 40
4.0
 40
4.0
 10
54.28879583333332
 20
186.2234161111111
 30
0.0
 10
54.02209583333332
 20
185.1904827777778
 30
0.0
 10
54.15650416666666
 20
185.0095077777777
 30
0.0
 10
55.46107638888888
 20
185.6318077777777
 30
0.0
 10
57.13218472222222
 20
186.4290855555555
 30
0.0
 10
58.20180694444444
 20
183.6072161111111
 30
0.0
 10
57.91394027777778
 20
184.8849772222222
 30
0.0
 10
57.40135416666666
 20
187.1572188888889
 30
0.0
 10
58.55317361111111
 20
188.5267022222222
 30
0.0
 10
57.02811527777776
 20
188.2353077777777
 30
0.0
 10
55.89181805555555
 20
188.0179966666666
 30
0.0
 10
54.81796249999999
 20
188.2727022222222
 30
0.0
 10
54.28879583333332
 20
186.2234161111111
 30
0.0
  0
SPLINE
  5
155
330
1F
100
AcDbEntity
  8
DEFAULT
 62
     3
100
AcDbSpline
210
0.0
220
0.0
230
1.0
 70
     8
 71
     3
 72
    38
 73
    34
 74
     0
 42
0.000000001
 43
0.0000000001
 40
0.0
 40
0.0
 40
0.0
 40
0.0
 40
1.0
 40
1.0
 40
1.0
 40
2.0
 40
2.0
 40
2.0
 40
3.0
 40
3.0
 40
3.0
 40
4.0
 40
4.0
 40
4.0
 40
5.0
 40
5.0
 40
5.0
 40
6.0
 40
6.0
 40
6.0
 40
7.0
 40
7.0
 40
7.0
 40
8.0
 40
8.0
 40
8.0
 40
9.0
 40
9.0
 40
9.0
 40
10.0
 40
10.0
 40
10.0
 40
11.0
 40
11.0
 40
11.0
 40
11.0
 10
59.12534388888889
 20
173.8224305555555
 30
0.0
 10
59.12534388888889
 20
172.6621444444444
 30
0.0
 10
60.29339111111111
 20
170.0928638888889
 30
0.0
 10
59.54938277777777
 20
170.4721
 30
0.0
 10
56.05899944444444
 20
172.2501
 30
0.0
 10
52.12023555555555
 20
172.3509944444444
 30
0.0
 10
47.60573833333333
 20
171.5011527777778
 30
0.0
 10
46.90829666666666
 20
171.3699194444444
 30
0.0
 10
47.96980499999999
 20
173.6478055555555
 30
0.0
 10
47.43569944444445
 20
177.1321916666667
 30
0.0
 10
47.26319111111111
 20
178.2568472222222
 30
0.0
 10
48.25767166666666
 20
180.2511
 30
0.0
 10
48.33069666666667
 20
184.5348805555555
 30
0.0
 10
48.34339666666667
 20
185.2894722222222
 30
0.0
 10
53.00394388888888
 20
187.4001416666666
 30
0.0
 10
50.86469944444444
 20
180.6825472222222
 30
0.0
 10
49.98804666666666
 20
177.9298222222222
 30
0.0
 10
56.18741055555555
 20
177.9121833333333
 30
0.0
 10
56.59204666666666
 20
181.5853055555555
 30
0.0
 10
57.14696611111111
 20
186.6219138888889
 30
0.0
 10
52.29768277777778
 20
180.3089555555555
 30
0.0
 10
52.29768277777778
 20
184.9158805555556
 30
0.0
 10
52.29768277777778
 20
188.9001527777778
 30
0.0
 10
54.57592166666666
 20
190.1669777777778
 30
0.0
 10
56.29112722222222
 20
189.9898833333333
 30
0.0
 10
57.83523555555555
 20
189.830075
 30
0.0
 10
58.79267444444444
 20
189.9165055555555
 30
0.0
 10
59.34300777777777
 20
190.1299361111111
 30
0.0
 10
60.21331055555555
 20
190.4671916666667
 30
0.0
 10
58.59476611111111
 20
188.4750555555555
 30
0.0
 10
59.61147166666666
 20
185.5233638888889
 30
0.0
 10
60.33748833333333
 20
183.4172805555555
 30
0.0
 10
59.12534388888889
 20
178.4515805555556
 30
0.0
 10
59.12534388888889
 20
176.8224527777778
 30
0.0
  0
SPLINE
  5
156
330
1F
100
AcDbEntity
  8
DEFAULT
 62
     5
100
AcDbSpline
210
0.0
220
0.0
230
1.0
 70
     8
 71
     3
 72
    35
 73
    31
 74
     0
 42
0.000000001
 43
0.0000000001
 40
0.0
 40
0.0
 40
0.0
 40
0.0
 40
1.0
 40
1.0
 40
1.0
 40
2.0
 40
2.0
 40
2.0
 40
3.0
 40
3.0
 40
3.0
 40
4.0
 40
4.0
 40
4.0
 40
5.0
 40
5.0
 40
5.0
 40
6.0
 40
6.0
 40
6.0
 40
7.0
 40
7.0
 40
7.0
 40
8.0
 40
8.0
 40
8.0
 40
9.0
 40
9.0
 40
9.0
 40
10.0
 40
10.0
 40
10.0
 40
10.0
 10
61.39998444444444
 20
176.7066711111111
 30
0.0
 10
61.29944277777778
 20
182.1934238888889
 30
0.0
 10
62.28192888888888
 20
184.2599961111111
 30
0.0
 10
61.06943166666666
 20
187.1989877777777
 30
0.0
 10
60.33777055555555
 20
188.9731072222222
 30
0.0
 10
61.91504
 20
192.1685683333333
 30
0.0
 10
60.51733444444444
 20
191.92621
 30
0.0
 10
59.48228444444444
 20
191.7466461111111
 30
0.0
 10
57.99356222222222
 20
191.3314266666667
 30
0.0
 10
56.16687888888888
 20
191.38011
 30
0.0
 10
54.32326222222222
 20
191.4291461111111
 30
0.0
 10
52.31948444444443
 20
189.903735
 30
0.0
 10
50.39614
 20
188.1190322222222
 30
0.0
 10
48.36414
 20
186.2337877777778
 30
0.0
 10
46.73712888888889
 20
186.0870322222222
 30
0.0
 10
46.87859277777778
 20
185.2551822222222
 30
0.0
 10
47.376715
 20
182.3292433333333
 30
0.0
 10
45.78251222222222
 20
178.4433961111111
 30
0.0
 10
45.94479
 20
176.9684322222222
 30
0.0
 10
46.28733722222222
 20
173.8555211111111
 30
0.0
 10
45.34647888888889
 20
170.4931961111111
 30
0.0
 10
45.94479
 20
169.96791
 30
0.0
 10
46.54310111111111
 20
169.4422711111111
 30
0.0
 10
48.40188722222222
 20
170.3937127777778
 30
0.0
 10
50.70905388888888
 20
170.4720294444444
 30
0.0
 10
57.76460944444444
 20
170.7115655555555
 30
0.0
 10
61.40845111111111
 20
167.3541794444444
 30
0.0
 10
61.20877888888889
 20
168.6061877777778
 30
0.0
 10
60.91703166666666
 20
170.4388683333333
 30
0.0
 10
61.39998444444444
 20
171.8393961111111
 30
0.0
 10
61.39998444444444
 20
173.88586
 30
0.0
  0
POLYLINE
  5
157
330
1F
100
AcDbEntity
  8
DEFAULT
 62
     7
100
AcDb2dPolyline
 66
     1
 10
0.0
 20
0.0
 30
0.0
  0
VERTEX
  5
158
330
157
100
AcDbEntity
  8
DEFAULT
 62
     7
100
AcDbVertex
100
AcDb2dVertex
 10
53.47606638888889
 20
176.8222763888889
 30
0.0
  0
VERTEX
  5
159
330
157
100
AcDbEntity
  8
DEFAULT
 62
     7
100
AcDbVertex
100
AcDb2dVertex
 10
53.47606638888889
 20
173.8222541666667
 30
0.0
  0
SEQEND
  5
15A
330
157
100
AcDbEntity
  8
DEFAULT
 62
     7
  0
POLYLINE
  5
15B
330
1F
100
AcDbEntity
  8
DEFAULT
 62
     7
100
AcDb2dPolyline
 66
     1
 10
0.0
 20
0.0
 30
0.0
  0
VERTEX
  5
15C
330
15B
100
AcDbEntity
  8
DEFAULT
 62
     7
100
AcDbVertex
100
AcDb2dVertex
 10
50.62886749999999
 20
175.9158491666666
 30
0.0
  0
VERTEX
  5
15D
330
15B
100
AcDbEntity
  8
DEFAULT
 62
     7
100
AcDbVertex
100
AcDb2dVertex
 10
49.94271472222221
 20
176.7614575
 30
0.0
  0
VERTEX
  5
15E
330
15B
100
AcDbEntity
  8
DEFAULT
 62
     7
100
AcDbVertex
100
AcDb2dVertex
 10
52.47601194444444
 20
176.7614575
 30
0.0
  0
SEQEND
  5
15F
330
15B
100
AcDbEntity
  8
DEFAULT
 62
     7
  0
SPLINE
  5
160
330
1F
100
AcDbEntity
  8
DEFAULT
 62
     7
100
AcDbSpline
210
0.0
220
0.0
230
1.0
 70
     8
 71
     3
 72
    23
 73
    19
 74
     0
 42
0.000000001
 43
0.0000000001
 40
0.0
 40
0.0
 40
0.0
 40
0.0
 40
1.0
 40
1.0
 40
1.0
 40
2.0
 40
2.0
 40
2.0
 40
3.0
 40
3.0
 40
3.0
 40
7.696010647347355
 40
7.696010647347355
 40
7.696010647347355
 40
8.696010647347354
 40
8.696010647347354
 40
8.696010647347354
 40
9.696010647347354
 40
9.696010647347354
 40
9.696010647347354
 40
9.696010647347354
 10
51.52502888888888
 20
173.86935
 30
0.0
 10
50.95599833333333
 20
173.86935
 30
0.0
 10
50.50761777777777
 20
174.2044888888889
 30
0.0
 10
50.50761777777777
 20
174.7541166666666
 30
0.0
 10
50.50761777777777
 20
175.3700666666666
 30
0.0
 10
51.04948444444444
 20
175.5337555555556
 30
0.0
 10
51.39661777777776
 20
175.5337555555556
 30
0.0
 10
51.46682055555555
 20
175.5337555555556
 30
0.0
 10
51.48622333333333
 20
175.529875
 30
0.0
 10
51.52150111111111
 20
175.5259944444444
 30
0.0
 10
51.52267703703703
 20
174.9737796296296
 30
0.0
 10
51.52385296296296
 20
174.4215648148148
 30
0.0
 10
51.52502888888888
 20
173.86935
 30
0.0
 10
52.09405944444443
 20
173.86935
 30
0.0
 10
52.47611777777777
 20
174.2164833333333
 30
0.0
 10
52.47611777777777
 20
174.7968027777778
 30
0.0
 10
52.47611777777777
 20
175.0970166666667
 30
0.0
 10
52.41402888888888
 20
175.3037444444444
 30
0.0
 10
52.35934833333333
 20
175.4247472222222
 30
0.0
  0
SPLINE
  5
161
330
1F
100
AcDbEntity
  8
DEFAULT
 62
     1
100
AcDbSpline
210
0.0
220
0.0
230
1.0
 70
     8
 71
     3
 72
    32
 73
    28
 74
     0
 42
0.000000001
 43
0.0000000001
 40
0.0
 40
0.0
 40
0.0
 40
0.0
 40
3.759999999999991
 40
3.759999999999991
 40
3.759999999999991
 40
16.66
 40
16.66
 40
16.66
 40
17.66
 40
17.66
 40
17.66
 40
18.66
 40
18.66
 40
18.66
 40
19.66
 40
19.66
 40
19.66
 40
20.66
 40
20.66
 40
20.66
 40
21.66
 40
21.66
 40
21.66
 40
22.66
 40
22.66
 40
22.66
 40
28.96000793650295
 40
28.96000793650295
 40
28.96000793650295
 40
28.96000793650295
 10
54.57507499999999
 20
175.1479577777777
 30
0.0
 10
54.57507499999999
 20
174.7058096296296
 30
0.0
 10
54.57507499999999
 20
174.2636614814814
 30
0.0
 10
54.57507499999999
 20
173.8215133333333
 30
0.0
 10
56.09201944444444
 20
173.8215133333333
 30
0.0
 10
57.60896388888889
 20
173.8215133333333
 30
0.0
 10
59.12590833333333
 20
173.8215133333333
 30
0.0
 10
60.26185277777777
 20
173.8215133333333
 30
0.0
 10
60.13838055555555
 20
173.8850133333333
 30
0.0
 10
61.40132499999999
 20
173.8850133333333
 30
0.0
 10
62.66779722222221
 20
173.8850133333333
 30
0.0
 10
62.53726944444443
 20
173.8215133333333
 30
0.0
 10
63.67674166666666
 20
173.8215133333333
 30
0.0
 10
63.67674166666666
 20
171.2815133333333
 30
0.0
 10
62.87240833333333
 20
170.6923744444444
 30
0.0
 10
63.30279722222222
 20
167.8948466666666
 30
0.0
 10
63.72965833333332
 20
165.1255411111111
 30
0.0
 10
58.62496388888888
 20
167.2422077777777
 30
0.0
 10
56.81874166666666
 20
168.0430133333333
 30
0.0
 10
55.00899166666665
 20
168.8402911111111
 30
0.0
 10
48.25329722222222
 20
168.9919855555555
 30
0.0
 10
45.92143611111111
 20
168.12768
 30
0.0
 10
43.58604722222221
 20
167.2598466666666
 30
0.0
 10
45.14885277777777
 20
170.5653744444444
 30
0.0
 10
45.14885277777777
 20
173.81093
 30
0.0
 10
45.1500287037037
 20
174.5517633333333
 30
0.0
 10
45.15120462962962
 20
175.2925966666667
 30
0.0
 10
45.15238055555555
 20
176.03343
 30
0.0
  0
SPLINE
  5
162
330
1F
100
AcDbEntity
  8
DEFAULT
 62
     1
100
AcDbSpline
210
0.0
220
0.0
230
1.0
 70
     8
 71
     3
 72
    35
 73
    31
 74
     0
 42
0.000000001
 43
0.0000000001
 40
0.0
 40
0.0
 40
0.0
 40
0.0
 40
3.75
 40
3.75
 40
3.75
 40
4.75
 40
4.75
 40
4.75
 40
5.75
 40
5.75
 40
5.75
 40
6.75
 40
6.75
 40
6.75
 40
7.75
 40
7.75
 40
7.75
 40
8.75
 40
8.75
 40
8.75
 40
9.75
 40
9.75
 40
9.75
 40
10.75
 40
10.75
 40
10.75
 40
23.65000000000001
 40
23.65000000000001
 40
23.65000000000001
 40
27.41
 40
27.41
 40
27.41
 40
27.41
 10
45.15238055555555
 20
176.3862783333333
 30
0.0
 10
45.15238055555555
 20
176.8272505555555
 30
0.0
 10
45.15238055555555
 20
177.2682227777777
 30
0.0
 10
45.15238055555555
 20
177.709195
 30
0.0
 10
45.15238055555555
 20
180.5878616666666
 30
0.0
 10
46.49999166666667
 20
184.3378894444444
 30
0.0
 10
45.75210277777777
 20
186.0841394444444
 30
0.0
 10
45.00068611111111
 20
187.8303894444444
 30
0.0
 10
45.43460277777777
 20
185.9747783333333
 30
0.0
 10
48.14040833333333
 20
188.3172227777777
 30
0.0
 10
50.84621388888888
 20
190.6596672222222
 30
0.0
 10
53.33329722222222
 20
193.4501394444444
 30
0.0
 10
56.63176944444444
 20
193.3160838888888
 30
0.0
 10
59.92671388888888
 20
193.1820283333333
 30
0.0
 10
62.322075
 20
195.6056116666666
 30
0.0
 10
62.47729722222222
 20
192.6881394444444
 30
0.0
 10
62.87946388888888
 20
185.1598616666666
 30
0.0
 10
63.54974166666666
 20
189.7071672222222
 30
0.0
 10
63.67674166666666
 20
176.8237227777778
 30
0.0
 10
62.53726944444444
 20
176.8237227777778
 30
0.0
 10
62.66779722222221
 20
176.7073061111111
 30
0.0
 10
61.40132499999999
 20
176.7073061111111
 30
0.0
 10
60.13838055555555
 20
176.7073061111111
 30
0.0
 10
60.26185277777777
 20
176.8237227777778
 30
0.0
 10
59.12590833333333
 20
176.8237227777778
 30
0.0
 10
57.60896388888889
 20
176.8237227777778
 30
0.0
 10
56.09201944444444
 20
176.8237227777778
 30
0.0
 10
54.57507499999999
 20
176.8237227777778
 30
0.0
 10
54.57507499999999
 20
176.3815746296296
 30
0.0
 10
54.57507499999999
 20
175.9394264814815
 30
0.0
 10
54.57507499999999
 20
175.4972783333333
 30
0.0
  0
SPLINE
  5
163
330
1F
100
AcDbEntity
  8
DEFAULT
 62
     3
100
AcDbSpline
210
0.0
220
0.0
230
1.0
 70
    11
 71
     3
 72
    17
 73
    13
 74
     0
 42
0.000000001
 43
0.0000000001
 40
0.0
 40
0.0
 40
0.0
 40
0.0
 40
1.0
 40
1.0
 40
1.0
 40
2.0
 40
2.0
 40
2.0
 40
3.0
 40
3.0
 40
3.0
 40
4.0
 40
4.0
 40
4.0
 40
4.0
 10
99.06176388888888
 20
186.2234161111111
 30
0.0
 10
99.32846388888888
 20
185.1904827777778
 30
0.0
 10
99.19405555555555
 20
185.0095077777777
 30
0.0
 10
97.88948333333333
 20
185.6318077777777
 30
0.0
 10
96.218375
 20
186.4290855555555
 30
0.0
 10
95.14839999999998
 20
183.6072161111111
 30
0.0
 10
95.43661944444443
 20
184.8849772222222
 30
0.0
 10
95.94920555555555
 20
187.1572188888889
 30
0.0
 10
94.7973861111111
 20
188.5267022222222
 30
0.0
 10
96.32244444444444
 20
188.2353077777777
 30
0.0
 10
97.45874166666667
 20
188.0179966666666
 30
0.0
 10
98.53259722222222
 20
188.2727022222222
 30
0.0
 10
99.06176388888888
 20
186.2234161111111
 30
0.0
  0
SPLINE
  5
164
330
1F
100
AcDbEntity
  8
DEFAULT
 62
     3
100
AcDbSpline
210
0.0
220
0.0
230
1.0
 70
     8
 71
     3
 72
    38
 73
    34
 74
     0
 42
0.000000001
 43
0.0000000001
 40
0.0
 40
0.0
 40
0.0
 40
0.0
 40
1.0
 40
1.0
 40
1.0
 40
2.0
 40
2.0
 40
2.0
 40
3.0
 40
3.0
 40
3.0
 40
4.0
 40
4.0
 40
4.0
 40
5.0
 40
5.0
 40
5.0
 40
6.0
 40
6.0
 40
6.0
 40
7.0
 40
7.0
 40
7.0
 40
8.0
 40
8.0
 40
8.0
 40
9.0
 40
9.0
 40
9.0
 40
10.0
 40
10.0
 40
10.0
 40
11.0
 40
11.0
 40
11.0
 40
11.0
 10
94.22518055555555
 20
173.8224305555555
 30
0.0
 10
94.22518055555555
 20
172.6621444444444
 30
0.0
 10
93.05713333333334
 20
170.0928638888889
 30
0.0
 10
93.80114166666667
 20
170.4721
 30
0.0
 10
97.29152500000001
 20
172.2501
 30
0.0
 10
101.2302888888889
 20
172.3509944444444
 30
0.0
 10
105.7447861111111
 20
171.5011527777778
 30
0.0
 10
106.4422277777778
 20
171.3699194444444
 30
0.0
 10
105.3807194444445
 20
173.6478055555555
 30
0.0
 10
105.914825
 20
177.1321916666667
 30
0.0
 10
106.0873333333333
 20
178.2568472222222
 30
0.0
 10
105.0925
 20
180.2511
 30
0.0
 10
105.0198277777778
 20
184.5348805555555
 30
0.0
 10
105.0071277777778
 20
185.2894722222222
 30
0.0
 10
100.3465805555555
 20
187.4001416666666
 30
0.0
 10
102.485825
 20
180.6825472222222
 30
0.0
 10
103.3624777777778
 20
177.9298222222222
 30
0.0
 10
97.16311388888889
 20
177.9121833333333
 30
0.0
 10
96.75847777777777
 20
181.5853055555555
 30
0.0
 10
96.20355833333333
 20
186.6219138888889
 30
0.0
 10
101.0528416666667
 20
180.3089555555555
 30
0.0
 10
101.0528416666667
 20
184.9158805555556
 30
0.0
 10
101.0528416666667
 20
188.9001527777778
 30
0.0
 10
98.77460277777779
 20
190.1669777777778
 30
0.0
 10
97.05939722222222
 20
189.9898833333333
 30
0.0
 10
95.51528888888889
 20
189.830075
 30
0.0
 10
94.55785
 20
189.9165055555555
 30
0.0
 10
94.00751666666666
 20
190.1299361111111
 30
0.0
 10
93.1372138888889
 20
190.4671916666667
 30
0.0
 10
94.75575833333335
 20
188.4750555555555
 30
0.0
 10
93.73905277777779
 20
185.5233638888889
 30
0.0
 10
93.01303611111112
 20
183.4172805555555
 30
0.0
 10
94.22518055555555
 20
178.4515805555556
 30
0.0
 10
94.22518055555555
 20
176.8224527777778
 30
0.0
  0
SPLINE
  5
165
330
1F
100
AcDbEntity
  8
DEFAULT
 62
     5
100
AcDbSpline
210
0.0
220
0.0
230
1.0
 70
     8
 71
     3
 72
    35
 73
    31
 74
     0
 42
0.000000001
 43
0.0000000001
 40
0.0
 40
0.0
 40
0.0
 40
0.0
 40
1.0
 40
1.0
 40
1.0
 40
2.0
 40
2.0
 40
2.0
 40
3.0
 40
3.0
 40
3.0
 40
4.0
 40
4.0
 40
4.0
 40
5.0
 40
5.0
 40
5.0
 40
6.0
 40
6.0
 40
6.0
 40
7.0
 40
7.0
 40
7.0
 40
8.0
 40
8.0
 40
8.0
 40
9.0
 40
9.0
 40
9.0
 40
10.0
 40
10.0
 40
10.0
 40
10.0
 10
91.95057527777776
 20
176.7066711111111
 30
0.0
 10
92.05111694444443
 20
182.1934238888889
 30
0.0
 10
91.06863083333332
 20
184.2599961111111
 30
0.0
 10
92.28112805555554
 20
187.1989877777777
 30
0.0
 10
93.01278916666666
 20
188.9731072222222
 30
0.0
 10
91.43551972222221
 20
192.1685683333333
 30
0.0
 10
92.83322527777776
 20
191.92621
 30
0.0
 10
93.86827527777776
 20
191.7466461111111
 30
0.0
 10
95.35699749999998
 20
191.3314266666667
 30
0.0
 10
97.18368083333331
 20
191.38011
 30
0.0
 10
99.02729749999999
 20
191.4291461111111
 30
0.0
 10
101.0310752777778
 20
189.903735
 30
0.0
 10
102.9544197222222
 20
188.1190322222222
 30
0.0
 10
104.9864197222222
 20
186.2337877777778
 30
0.0
 10
106.6134308333333
 20
186.0870322222222
 30
0.0
 10
106.4719669444444
 20
185.2551822222222
 30
0.0
 10
105.9738447222222
 20
182.3292433333333
 30
0.0
 10
107.5680475
 20
178.4433961111111
 30
0.0
 10
107.4057697222222
 20
176.9684322222222
 30
0.0
 10
107.0632225
 20
173.8555211111111
 30
0.0
 10
108.0040808333333
 20
170.4931961111111
 30
0.0
 10
107.4057697222222
 20
169.96791
 30
0.0
 10
106.8074586111111
 20
169.4422711111111
 30
0.0
 10
104.9486725
 20
170.3937127777778
 30
0.0
 10
102.6415058333333
 20
170.4720294444444
 30
0.0
 10
95.58595027777775
 20
170.7115655555555
 30
0.0
 10
91.9421086111111
 20
167.3541794444444
 30
0.0
 10
92.1417808333333
 20
168.6061877777778
 30
0.0
 10
92.43352805555554
 20
170.4388683333333
 30
0.0
 10
91.95057527777776
 20
171.8393961111111
 30
0.0
 10
91.95057527777776
 20
173.88586
 30
0.0
  0
POLYLINE
  5
166
330
1F
100
AcDbEntity
  8
DEFAULT
 62
     7
100
AcDb2dPolyline
 66
     1
 10
0.0
 20
0.0
 30
0.0
  0
VERTEX
  5
167
330
166
100
AcDbEntity
  8
DEFAULT
 62
     7
100
AcDbVertex
100
AcDb2dVertex
 10
99.87445805555555
 20
173.8222541666667
 30
0.0
  0
VERTEX
  5
168
330
166
100
AcDbEntity
  8
DEFAULT
 62
     7
100
AcDbVertex
100
AcDb2dVertex
 10
99.87445805555555
 20
176.8222763888889
 30
0.0
  0
SEQEND
  5
169
330
166
100
AcDbEntity
  8
DEFAULT
 62
     7
  0
POLYLINE
  5
16A
330
1F
100
AcDbEntity
  8
DEFAULT
 62
     7
100
AcDb2dPolyline
 66
     1
 10
0.0
 20
0.0
 30
0.0
  0
VERTEX
  5
16B
330
16A
100
AcDbEntity
  8
DEFAULT
 62
     7
100
AcDbVertex
100
AcDb2dVertex
 10
102.7216569444444
 20
174.7288577777778
 30
0.0
  0
VERTEX
  5
16C
330
16A
100
AcDbEntity
  8
DEFAULT
 62
     7
100
AcDbVertex
100
AcDb2dVertex
 10
103.4078097222222
 20
173.8832494444444
 30
0.0
  0
VERTEX
  5
16D
330
16A
100
AcDbEntity
  8
DEFAULT
 62
     7
100
AcDbVertex
100
AcDb2dVertex
 10
100.8745125
 20
173.8832494444444
 30
0.0
  0
SEQEND
  5
16E
330
16A
100
AcDbEntity
  8
DEFAULT
 62
     7
  0
SPLINE
  5
16F
330
1F
100
AcDbEntity
  8
DEFAULT
 62
     7
100
AcDbSpline
210
0.0
220
0.0
230
1.0
 70
     8
 71
     3
 72
    23
 73
    19
 74
     0
 42
0.000000001
 43
0.0000000001
 40
0.0
 40
0.0
 40
0.0
 40
0.0
 40
1.0
 40
1.0
 40
1.0
 40
2.0
 40
2.0
 40
2.0
 40
3.0
 40
3.0
 40
3.0
 40
7.696010647347355
 40
7.696010647347355
 40
7.696010647347355
 40
8.696010647347354
 40
8.696010647347354
 40
8.696010647347354
 40
9.696010647347354
 40
9.696010647347354
 40
9.696010647347354
 40
9.696010647347354
 10
101.8254955555555
 20
176.7753569444444
 30
0.0
 10
102.3945261111111
 20
176.7753569444444
 30
0.0
 10
102.8429066666667
 20
176.4402180555556
 30
0.0
 10
102.8429066666667
 20
175.8902375
 30
0.0
 10
102.8429066666667
 20
175.2746402777778
 30
0.0
 10
102.30104
 20
175.1109513888889
 30
0.0
 10
101.9539066666667
 20
175.1109513888889
 30
0.0
 10
101.8837038888889
 20
175.1109513888889
 30
0.0
 10
101.8643011111111
 20
175.1148319444444
 30
0.0
 10
101.8290233333333
 20
175.1187125
 30
0.0
 10
101.8278474074074
 20
175.6709273148148
 30
0.0
 10
101.8266714814815
 20
176.2231421296297
 30
0.0
 10
101.8254955555555
 20
176.7753569444444
 30
0.0
 10
101.256465
 20
176.7753569444444
 30
0.0
 10
100.8744066666667
 20
176.4282236111111
 30
0.0
 10
100.8744066666667
 20
175.8475513888889
 30
0.0
 10
100.8744066666667
 20
175.5476902777777
 30
0.0
 10
100.9364955555556
 20
175.3409625
 30
0.0
 10
100.9911761111111
 20
175.2199597222222
 30
0.0
  0
SPLINE
  5
170
330
1F
100
AcDbEntity
  8
DEFAULT
 62
     1
100
AcDbSpline
210
0.0
220
0.0
230
1.0
 70
     8
 71
     3
 72
    32
 73
    28
 74
     0
 42
0.000000001
 43
0.0000000001
 40
0.0
 40
0.0
 40
0.0
 40
0.0
 40
6.310000000000002
 40
6.310000000000002
 40
6.310000000000002
 40
7.310000000000002
 40
7.310000000000002
 40
7.310000000000002
 40
8.310000000000002
 40
8.310000000000002
 40
8.310000000000002
 40
9.310000000000002
 40
9.310000000000002
 40
9.310000000000002
 40
10.31
 40
10.31
 40
10.31
 40
11.31
 40
11.31
 40
11.31
 40
12.31
 40
12.31
 40
12.31
 40
25.21000000000004
 40
25.21000000000004
 40
25.21000000000004
 40
28.97000000000003
 40
28.97000000000003
 40
28.97000000000003
 40
28.97000000000003
 10
108.2007544444444
 20
176.0369577777778
 30
0.0
 10
108.2007544444444
 20
175.2949485185185
 30
0.0
 10
108.2007544444444
 20
174.5529392592592
 30
0.0
 10
108.2007544444444
 20
173.81093
 30
0.0
 10
108.2007544444444
 20
170.5653744444444
 30
0.0
 10
109.76356
 20
167.2598466666667
 30
0.0
 10
107.4281711111111
 20
168.12768
 30
0.0
 10
105.09631
 20
168.9919855555556
 30
0.0
 10
98.34061555555556
 20
168.8402911111111
 30
0.0
 10
96.53439333333333
 20
168.0430133333333
 30
0.0
 10
94.72464333333333
 20
167.2422077777778
 30
0.0
 10
89.61994888888887
 20
165.1255411111111
 30
0.0
 10
90.04681
 20
167.8948466666667
 30
0.0
 10
90.47719888888888
 20
170.6923744444445
 30
0.0
 10
89.67639333333334
 20
171.2815133333333
 30
0.0
 10
89.67639333333334
 20
173.8215133333333
 30
0.0
 10
90.81233777777777
 20
173.8215133333333
 30
0.0
 10
90.68533777777778
 20
173.8850133333333
 30
0.0
 10
91.95181
 20
173.8850133333333
 30
0.0
 10
93.21122666666666
 20
173.8850133333333
 30
0.0
 10
93.08775444444444
 20
173.8215133333333
 30
0.0
 10
94.22369888888888
 20
173.8215133333333
 30
0.0
 10
95.74064333333332
 20
173.8215133333333
 30
0.0
 10
97.25758777777777
 20
173.8215133333333
 30
0.0
 10
98.77453222222222
 20
173.8215133333333
 30
0.0
 10
98.77453222222222
 20
174.2636614814815
 30
0.0
 10
98.77453222222222
 20
174.7058096296297
 30
0.0
 10
98.77453222222222
 20
175.1479577777778
 30
0.0
  0
SPLINE
  5
171
330
1F
100
AcDbEntity
  8
DEFAULT
 62
     1
100
AcDbSpline
210
0.0
220
0.0
230
1.0
 70
     8
 71
     3
 72
    35
 73
    31
 74
     0
 42
0.000000001
 43
0.0000000001
 40
0.0
 40
0.0
 40
0.0
 40
0.0
 40
3.759999999999991
 40
3.759999999999991
 40
3.759999999999991
 40
16.65999999999997
 40
16.65999999999997
 40
16.65999999999997
 40
17.65999999999997
 40
17.65999999999997
 40
17.65999999999997
 40
18.65999999999997
 40
18.65999999999997
 40
18.65999999999997
 40
19.65999999999997
 40
19.65999999999997
 40
19.65999999999997
 40
20.65999999999997
 40
20.65999999999997
 40
20.65999999999997
 40
21.65999999999997
 40
21.65999999999997
 40
21.65999999999997
 40
22.65999999999997
 40
22.65999999999997
 40
22.65999999999997
 40
23.65999999999997
 40
23.65999999999997
 40
23.65999999999997
 40
27.40999999999997
 40
27.40999999999997
 40
27.40999999999997
 40
27.40999999999997
 10
98.77460277777776
 20
175.4972783333333
 30
0.0
 10
98.77460277777776
 20
175.9394264814815
 30
0.0
 10
98.77460277777776
 20
176.3815746296296
 30
0.0
 10
98.77460277777776
 20
176.8237227777778
 30
0.0
 10
97.25765833333332
 20
176.8237227777778
 30
0.0
 10
95.74071388888888
 20
176.8237227777778
 30
0.0
 10
94.22376944444444
 20
176.8237227777778
 30
0.0
 10
93.08782499999998
 20
176.8237227777778
 30
0.0
 10
93.21129722222221
 20
176.7073061111111
 30
0.0
 10
91.95188055555555
 20
176.7073061111111
 30
0.0
 10
90.68540833333331
 20
176.7073061111111
 30
0.0
 10
90.81240833333332
 20
176.8237227777778
 30
0.0
 10
89.67646388888888
 20
176.8237227777778
 30
0.0
 10
89.7999361111111
 20
189.7071672222222
 30
0.0
 10
90.47021388888886
 20
185.1598616666667
 30
0.0
 10
90.87238055555555
 20
192.6881394444444
 30
0.0
 10
91.02760277777777
 20
195.6056116666667
 30
0.0
 10
93.42296388888887
 20
193.1820283333333
 30
0.0
 10
96.7214361111111
 20
193.3160838888889
 30
0.0
 10
100.0163805555555
 20
193.4501394444444
 30
0.0
 10
102.5034638888889
 20
190.6596672222222
 30
0.0
 10
105.2092694444444
 20
188.3172227777777
 30
0.0
 10
107.915075
 20
185.9747783333333
 30
0.0
 10
108.3489916666666
 20
187.8303894444444
 30
0.0
 10
107.597575
 20
186.0841394444444
 30
0.0
 10
106.8496861111111
 20
184.3378894444444
 30
0.0
 10
108.200825
 20
180.5878616666666
 30
0.0
 10
108.200825
 20
177.709195
 30
0.0
 10
108.200825
 20
177.2682227777777
 30
0.0
 10
108.200825
 20
176.8272505555555
 30
0.0
 10
108.200825
 20
176.3862783333333
 30
0.0
  0
SPLINE
  5
172
330
1F
100
AcDbEntity
  8
DEFAULT
 62
     3
100
AcDbSpline
210
0.0
220
0.0
230
1.0
 70
    11
 71
     3
 72
    17
 73
    13
 74
     0
 42
0.000000001
 43
0.0000000001
 40
0.0
 40
0.0
 40
0.0
 40
0.0
 40
1.0
 40
1.0
 40
1.0
 40
2.0
 40
2.0
 40
2.0
 40
3.0
 40
3.0
 40
3.0
 40
4.0
 40
4.0
 40
4.0
 40
4.0
 10
27.70589666666666
 20
176.0477880555555
 30
0.0
 10
27.72812166666667
 20
177.0323908333333
 30
0.0
 10
27.02785777777778
 20
177.4765380555556
 30
0.0
 10
26.58512166666666
 20
177.4144491666667
 30
0.0
 10
26.14273833333333
 20
177.3516547222222
 30
0.0
 10
25.84958
 20
176.5254491666666
 30
0.0
 10
25.96423277777778
 20
175.8301241666666
 30
0.0
 10
26.11839666666667
 20
174.8931463888889
 30
0.0
 10
26.671905
 20
174.2433297222222
 30
0.0
 10
27.11428833333333
 20
174.3061241666666
 30
0.0
 10
27.55702444444444
 20
174.3682130555555
 30
0.0
 10
27.69002166666666
 20
175.3432908333333
 30
0.0
 10
27.70589666666666
 20
176.0477880555555
 30
0.0
  0
SPLINE
  5
173
330
1F
100
AcDbEntity
  8
DEFAULT
 62
     3
100
AcDbSpline
210
0.0
220
0.0
230
1.0
 70
     8
 71
     3
 72
    59
 73
    55
 74
     0
 42
0.000000001
 43
0.0000000001
 40
0.0
 40
0.0
 40
0.0
 40
0.0
 40
1.0
 40
1.0
 40
1.0
 40
2.0
 40
2.0
 40
2.0
 40
3.0
 40
3.0
 40
3.0
 40
4.0
 40
4.0
 40
4.0
 40
5.0
 40
5.0
 40
5.0
 40
6.0
 40
6.0
 40
6.0
 40
7.0
 40
7.0
 40
7.0
 40
8.0
 40
8.0
 40
8.0
 40
9.0
 40
9.0
 40
9.0
 40
10.0
 40
10.0
 40
10.0
 40
11.0
 40
11.0
 40
11.0
 40
12.0
 40
12.0
 40
12.0
 40
13.0
 40
13.0
 40
13.0
 40
14.0
 40
14.0
 40
14.0
 40
15.0
 40
15.0
 40
15.0
 40
16.0
 40
16.0
 40
16.0
 40
17.0
 40
17.0
 40
17.0
 40
18.0
 40
18.0
 40
18.0
 40
18.0
 10
39.33447527777778
 20
173.8224305555555
 30
0.0
 10
39.33447527777778
 20
172.5372611111111
 30
0.0
 10
40.09083083333334
 20
171.6680166666667
 30
0.0
 10
39.31648361111111
 20
171.7491555555555
 30
0.0
 10
30.10369194444445
 20
172.7140027777778
 30
0.0
 10
27.64906416666667
 20
168.3596666666666
 30
0.0
 10
26.80627805555555
 20
168.8426194444444
 30
0.0
 10
24.34424194444445
 20
170.2547888888889
 30
0.0
 10
25.52251972222222
 20
171.3970833333333
 30
0.0
 10
26.27040861111111
 20
170.6767111111111
 30
0.0
 10
27.15411694444444
 20
169.8258111111111
 30
0.0
 10
28.62590583333333
 20
171.3755638888889
 30
0.0
 10
27.38412805555555
 20
171.3755638888889
 30
0.0
 10
26.57485583333333
 20
171.3755638888889
 30
0.0
 10
25.37117805555555
 20
171.5621833333333
 30
0.0
 10
24.59118638888889
 20
172.8339472222222
 30
0.0
 10
23.66373361111111
 20
174.3459527777778
 30
0.0
 10
22.91231694444444
 20
172.8074888888889
 30
0.0
 10
23.84611972222222
 20
171.4066083333333
 30
0.0
 10
25.60683361111111
 20
168.7657138888889
 30
0.0
 10
24.46841972222222
 20
170.348275
 30
0.0
 10
22.16301694444445
 20
170.8827333333333
 30
0.0
 10
21.54318638888889
 20
171.0263138888889
 30
0.0
 10
23.07741694444444
 20
174.3025611111111
 30
0.0
 10
23.07530027777778
 20
176.1070194444444
 30
0.0
 10
23.07388916666666
 20
177.7731888888889
 30
0.0
 10
21.9351225
 20
180.5163888888889
 30
0.0
 10
22.36021972222222
 20
180.9139694444444
 30
0.0
 10
22.91231694444444
 20
181.4297305555555
 30
0.0
 10
25.1767975
 20
180.4772305555555
 30
0.0
 10
27.3326225
 20
180.7139444444444
 30
0.0
 10
29.88461694444444
 20
180.99405
 30
0.0
 10
31.15496972222222
 20
182.330725
 30
0.0
 10
30.10369194444445
 20
180.4648833333333
 30
0.0
 10
27.76795027777777
 20
176.3186861111111
 30
0.0
 10
26.76676694444444
 20
181.0250944444444
 30
0.0
 10
25.0910725
 20
177.7876527777778
 30
0.0
 10
23.02308916666667
 20
173.7924444444444
 30
0.0
 10
29.00690583333333
 20
169.2656
 30
0.0
 10
29.00690583333333
 20
176.4241666666667
 30
0.0
 10
29.00690583333333
 20
178.5348361111111
 30
0.0
 10
31.69613083333333
 20
181.3052
 30
0.0
 10
33.05961694444444
 20
180.4959277777778
 30
0.0
 10
34.38817805555556
 20
179.7074694444445
 30
0.0
 10
35.72132527777777
 20
177.7964722222222
 30
0.0
 10
37.07528638888889
 20
179.1504333333333
 30
0.0
 10
38.72487527777778
 20
180.8000222222222
 30
0.0
 10
36.69993083333333
 20
181.460775
 30
0.0
 10
34.05586138888889
 20
181.460775
 30
0.0
 10
31.02620583333333
 20
181.460775
 30
0.0
 10
40.56955027777778
 20
183.7926361111111
 30
0.0
 10
40.72759472222222
 20
183.5770888888889
 30
0.0
 10
41.18408916666667
 20
182.9547888888889
 30
0.0
 10
39.32988916666666
 20
181.5563777777778
 30
0.0
 10
39.32988916666666
 20
176.8178666666666
 30
0.0
  0
SPLINE
  5
174
330
1F
100
AcDbEntity
  8
DEFAULT
 62
     5
100
AcDbSpline
210
0.0
220
0.0
230
1.0
 70
     8
 71
     3
 72
    32
 73
    28
 74
     0
 42
0.000000001
 43
0.0000000001
 40
0.0
 40
0.0
 40
0.0
 40
0.0
 40
1.0
 40
1.0
 40
1.0
 40
2.0
 40
2.0
 40
2.0
 40
3.0
 40
3.0
 40
3.0
 40
4.0
 40
4.0
 40
4.0
 40
5.0
 40
5.0
 40
5.0
 40
6.0
 40
6.0
 40
6.0
 40
7.0
 40
7.0
 40
7.0
 40
8.0
 40
8.0
 40
8.0
 40
9.0
 40
9.0
 40
9.0
 40
9.0
 10
41.60463555555555
 20
176.7533436111111
 30
0.0
 10
41.60463555555555
 20
182.1215630555555
 30
0.0
 10
42.78679388888888
 20
184.8771102777778
 30
0.0
 10
42.28196888888888
 20
185.3064408333333
 30
0.0
 10
41.24444944444444
 20
186.1890908333333
 30
0.0
 10
37.42633555555555
 20
184.1969547222222
 30
0.0
 10
28.83901888888889
 20
182.6613130555555
 30
0.0
 10
24.75032444444444
 20
181.9300047222222
 30
0.0
 10
21.58167444444444
 20
182.9071991666666
 30
0.0
 10
20.81297166666667
 20
182.0040880555555
 30
0.0
 10
20.41045222222222
 20
181.5313658333333
 30
0.0
 10
21.57250222222222
 20
178.9395075
 30
0.0
 10
21.57532444444444
 20
176.1056436111111
 30
0.0
 10
21.57779388888889
 20
173.5243686111111
 30
0.0
 10
20.39739944444444
 20
170.6816852777777
 30
0.0
 10
20.537805
 20
170.2534130555555
 30
0.0
 10
20.83272722222222
 20
169.3555936111111
 30
0.0
 10
22.16305222222222
 20
169.6321713888889
 30
0.0
 10
23.52265777777777
 20
169.0066963888889
 30
0.0
 10
25.67424944444444
 20
168.0160963888889
 30
0.0
 10
25.94094944444444
 20
167.1542602777778
 30
0.0
 10
27.05572722222222
 20
167.3539325
 30
0.0
 10
28.17085777777778
 20
167.5539575
 30
0.0
 10
31.39207166666666
 20
171.7802352777778
 30
0.0
 10
39.53382999999999
 20
170.4488519444444
 30
0.0
 10
40.71916333333333
 20
170.2548241666667
 30
0.0
 10
41.60463555555555
 20
171.9118213888889
 30
0.0
 10
41.60463555555555
 20
173.8866713888889
 30
0.0
  0
POLYLINE
  5
175
330
1F
100
AcDbEntity
  8
DEFAULT
 62
     7
100
AcDb2dPolyline
 66
     1
 10
0.0
 20
0.0
 30
0.0
  0
VERTEX
  5
176
330
175
100
AcDbEntity
  8
DEFAULT
 62
     7
100
AcDbVertex
100
AcDb2dVertex
 10
33.68057638888889
 20
176.8177961111111
 30
0.0
  0
VERTEX
  5
177
330
175
100
AcDbEntity
  8
DEFAULT
 62
     7
100
AcDbVertex
100
AcDb2dVertex
 10
33.68057638888889
 20
173.8177738888889
 30
0.0
  0
SEQEND
  5
178
330
175
100
AcDbEntity
  8
DEFAULT
 62
     7
  0
SPLINE
  5
179
330
1F
100
AcDbEntity
  8
DEFAULT
 62
     7
100
AcDbSpline
210
0.0
220
0.0
230
1.0
 70
     8
 71
     3
 72
    17
 73
    13
 74
     0
 42
0.000000001
 43
0.0000000001
 40
0.0
 40
0.0
 40
0.0
 40
0.0
 40
1.0
 40
1.0
 40
1.0
 40
2.0
 40
2.0
 40
2.0
 40
3.0
 40
3.0
 40
3.0
 40
6.146999999999991
 40
6.146999999999991
 40
6.146999999999991
 40
6.146999999999991
 10
30.73414111111111
 20
175.5556630555556
 30
0.0
 10
30.25648
 20
175.5556630555556
 30
0.0
 10
30.10372722222222
 20
175.9112630555555
 30
0.0
 10
30.10372722222222
 20
176.1564436111111
 30
0.0
 10
30.10372722222222
 20
176.6132908333333
 30
0.0
 10
30.37113277777778
 20
176.8059075
 30
0.0
 10
30.73378833333333
 20
176.8059075
 30
0.0
 10
31.20157166666667
 20
176.8059075
 30
0.0
 10
32.68041611111111
 20
175.6392713888889
 30
0.0
 10
32.68041611111111
 20
175.6392713888889
 30
0.0
 10
32.68041611111111
 20
176.0093352777778
 30
0.0
 10
32.68041611111111
 20
176.3793991666666
 30
0.0
 10
32.68041611111111
 20
176.7494630555555
 30
0.0
  0
SPLINE
  5
17A
330
1F
100
AcDbEntity
  8
DEFAULT
 62
     7
100
AcDbSpline
210
0.0
220
0.0
230
1.0
 70
     8
 71
     3
 72
    23
 73
    19
 74
     0
 42
0.000000001
 43
0.0000000001
 40
0.0
 40
0.0
 40
0.0
 40
0.0
 40
1.0
 40
1.0
 40
1.0
 40
2.0
 40
2.0
 40
2.0
 40
3.0
 40
3.0
 40
3.0
 40
6.917018381371192
 40
6.917018381371192
 40
6.917018381371192
 40
7.917018381371192
 40
7.917018381371192
 40
7.917018381371192
 40
8.917018381371193
 40
8.917018381371193
 40
8.917018381371193
 40
8.917018381371193
 10
31.72960944444444
 20
173.8935152777778
 30
0.0
 10
31.16022611111111
 20
173.8935152777778
 30
0.0
 10
30.71219833333333
 20
174.1729152777778
 30
0.0
 10
30.71219833333333
 20
174.6315263888889
 30
0.0
 10
30.71219833333333
 20
175.1451708333333
 30
0.0
 10
31.25371222222222
 20
175.2816958333333
 30
0.0
 10
31.60084555555555
 20
175.2816958333333
 30
0.0
 10
31.67104833333333
 20
175.2816958333333
 30
0.0
 10
31.69080388888889
 20
175.2781680555555
 30
0.0
 10
31.72537611111111
 20
175.2753458333333
 30
0.0
 10
31.72678722222222
 20
174.8147356481481
 30
0.0
 10
31.72819833333334
 20
174.354125462963
 30
0.0
 10
31.72960944444444
 20
173.8935152777778
 30
0.0
 10
32.29828722222222
 20
173.8935152777778
 30
0.0
 10
32.68034555555555
 20
174.1827930555555
 30
0.0
 10
32.68034555555555
 20
174.6671569444444
 30
0.0
 10
32.68034555555555
 20
174.9176291666666
 30
0.0
 10
32.63871777777777
 20
175.0481569444444
 30
0.0
 10
32.50889555555555
 20
175.1310597222222
 30
0.0
  0
SPLINE
  5
17B
330
1F
100
AcDbEntity
  8
DEFAULT
 62
     1
100
AcDbSpline
210
0.0
220
0.0
230
1.0
 70
     8
 71
     3
 72
    29
 73
    25
 74
     0
 42
0.000000001
 43
0.0000000001
 40
0.0
 40
0.0
 40
0.0
 40
0.0
 40
1.0
 40
1.0
 40
1.0
 40
2.0
 40
2.0
 40
2.0
 40
3.0
 40
3.0
 40
3.0
 40
4.0
 40
4.0
 40
4.0
 40
5.0
 40
5.0
 40
5.0
 40
6.0
 40
6.0
 40
6.0
 40
18.89999999999999
 40
18.89999999999999
 40
18.89999999999999
 40
22.64999999999999
 40
22.64999999999999
 40
22.64999999999999
 40
22.64999999999999
 10
19.24787305555555
 20
169.866945
 30
0.0
 10
20.14392861111111
 20
171.4897227777778
 30
0.0
 10
21.13523416666666
 20
176.216945
 30
0.0
 10
20.50728972222222
 20
178.6722783333333
 30
0.0
 10
19.86170638888889
 20
181.2087505555555
 30
0.0
 10
18.8915675
 20
184.1368061111111
 30
0.0
 10
21.22342861111111
 20
183.9145561111111
 30
0.0
 10
24.53601194444444
 20
183.5970561111111
 30
0.0
 10
30.20867861111111
 20
183.9745283333333
 30
0.0
 10
37.79340083333333
 20
186.2217227777778
 30
0.0
 10
44.10459527777777
 20
188.091445
 30
0.0
 10
44.18573416666666
 20
188.8040561111111
 30
0.0
 10
43.8788175
 20
176.8237227777778
 30
0.0
 10
42.74287305555555
 20
176.8166672222222
 30
0.0
 10
42.86987305555554
 20
176.756695
 30
0.0
 10
41.60340083333332
 20
176.7531672222222
 30
0.0
 10
40.34398416666666
 20
176.7531672222222
 30
0.0
 10
40.47098416666666
 20
176.8237227777778
 30
0.0
 10
39.33151194444444
 20
176.8166672222222
 30
0.0
 10
37.81456749999999
 20
176.8166672222222
 30
0.0
 10
36.29762305555555
 20
176.8166672222222
 30
0.0
 10
34.78067861111111
 20
176.8166672222222
 30
0.0
 10
34.78067861111111
 20
176.375695
 30
0.0
 10
34.78067861111111
 20
175.9347227777778
 30
0.0
 10
34.78067861111111
 20
175.4937505555556
 30
0.0
  0
SPLINE
  5
17C
330
1F
100
AcDbEntity
  8
DEFAULT
 62
     1
100
AcDbSpline
210
0.0
220
0.0
230
1.0
 70
     8
 71
     3
 72
    29
 73
    25
 74
     0
 42
0.000000001
 43
0.0000000001
 40
0.0
 40
0.0
 40
0.0
 40
0.0
 40
3.75
 40
3.75
 40
3.75
 40
16.66000387296611
 40
16.66000387296611
 40
16.66000387296611
 40
17.66000387296611
 40
17.66000387296611
 40
17.66000387296611
 40
18.66000387296611
 40
18.66000387296611
 40
18.66000387296611
 40
19.66000387296611
 40
19.66000387296611
 40
19.66000387296611
 40
20.66000387296611
 40
20.66000387296611
 40
20.66000387296611
 40
21.66000387296611
 40
21.66000387296611
 40
21.66000387296611
 40
22.66000387296611
 40
22.66000387296611
 40
22.66000387296611
 40
22.66000387296611
 10
34.78074916666666
 20
175.1408669444444
 30
0.0
 10
34.78074916666666
 20
174.6998947222222
 30
0.0
 10
34.78074916666666
 20
174.2589225
 30
0.0
 10
34.78074916666666
 20
173.8179502777778
 30
0.0
 10
36.29886953703703
 20
173.8191262037037
 30
0.0
 10
37.8169899074074
 20
173.8203021296297
 30
0.0
 10
39.33511027777777
 20
173.8214780555556
 30
0.0
 10
40.47105472222221
 20
173.8285336111111
 30
0.0
 10
40.34758249999999
 20
173.8849780555555
 30
0.0
 10
41.60347138888888
 20
173.8849780555555
 30
0.0
 10
42.87347138888888
 20
173.8920336111111
 30
0.0
 10
42.74647138888889
 20
173.8285336111111
 30
0.0
 10
43.88241583333333
 20
173.8285336111111
 30
0.0
 10
43.88947138888889
 20
170.8934225
 30
0.0
 10
43.36736027777778
 20
168.4698391666666
 30
0.0
 10
39.54677694444444
 20
168.4486725
 30
0.0
 10
35.17586027777777
 20
168.4239780555556
 30
0.0
 10
32.83341583333333
 20
169.8033391666667
 30
0.0
 10
28.99519361111111
 20
166.2438113888889
 30
0.0
 10
26.40580472222222
 20
163.8449225
 30
0.0
 10
24.54313805555555
 20
166.9811169444444
 30
0.0
 10
23.02972138888888
 20
167.6372836111111
 30
0.0
 10
21.57980472222222
 20
168.2722836111111
 30
0.0
 10
18.48241583333333
 20
168.2617002777778
 30
0.0
 10
19.0750825
 20
169.5599225
 30
0.0
  0
SPLINE
  5
17D
330
1F
100
AcDbEntity
  8
DEFAULT
 62
     3
100
AcDbSpline
210
0.0
220
0.0
230
1.0
 70
    11
 71
     3
 72
    17
 73
    13
 74
     0
 42
0.000000001
 43
0.0000000001
 40
0.0
 40
0.0
 40
0.0
 40
0.0
 40
1.0
 40
1.0
 40
1.0
 40
2.0
 40
2.0
 40
2.0
 40
3.0
 40
3.0
 40
3.0
 40
4.0
 40
4.0
 40
4.0
 40
4.0
 10
125.6446277777778
 20
176.0477880555555
 30
0.0
 10
125.6224027777778
 20
177.0323908333333
 30
0.0
 10
126.3226666666667
 20
177.4765380555556
 30
0.0
 10
126.76505
 20
177.4144491666667
 30
0.0
 10
127.2077861111111
 20
177.3516547222222
 30
0.0
 10
127.5009444444444
 20
176.5254491666666
 30
0.0
 10
127.3862916666667
 20
175.8301241666666
 30
0.0
 10
127.2321277777778
 20
174.8931463888889
 30
0.0
 10
126.6786194444444
 20
174.2433297222222
 30
0.0
 10
126.2358833333333
 20
174.3061241666666
 30
0.0
 10
125.7935
 20
174.3682130555555
 30
0.0
 10
125.6605027777778
 20
175.3432908333333
 30
0.0
 10
125.6446277777778
 20
176.0477880555555
 30
0.0
  0
POLYLINE
  5
17E
330
1F
100
AcDbEntity
  8
DEFAULT
 62
     7
100
AcDb2dPolyline
 66
     1
 10
0.0
 20
0.0
 30
0.0
  0
VERTEX
  5
17F
330
17E
100
AcDbEntity
  8
DEFAULT
 62
     7
100
AcDbVertex
100
AcDb2dVertex
 10
119.6699833333333
 20
173.8178091666666
 30
0.0
  0
VERTEX
  5
180
330
17E
100
AcDbEntity
  8
DEFAULT
 62
     7
100
AcDbVertex
100
AcDb2dVertex
 10
119.6699833333333
 20
176.8178313888889
 30
0.0
  0
SEQEND
  5
181
330
17E
100
AcDbEntity
  8
DEFAULT
 62
     7
  0
SPLINE
  5
182
330
1F
100
AcDbEntity
  8
DEFAULT
 62
     7
100
AcDbSpline
210
0.0
220
0.0
230
1.0
 70
     8
 71
     3
 72
    17
 73
    13
 74
     0
 42
0.000000001
 43
0.0000000001
 40
0.0
 40
0.0
 40
0.0
 40
0.0
 40
1.0
 40
1.0
 40
1.0
 40
2.0
 40
2.0
 40
2.0
 40
3.0
 40
3.0
 40
3.0
 40
6.146000000000015
 40
6.146000000000015
 40
6.146000000000015
 40
6.146000000000015
 10
122.6163833333333
 20
175.0799069444444
 30
0.0
 10
123.0940444444444
 20
175.0799069444444
 30
0.0
 10
123.2467972222222
 20
174.7239541666666
 30
0.0
 10
123.2467972222222
 20
174.4791263888889
 30
0.0
 10
123.2467972222222
 20
174.0219263888889
 30
0.0
 10
122.9793916666667
 20
173.8293097222222
 30
0.0
 10
122.6167361111111
 20
173.8293097222222
 30
0.0
 10
122.1489527777778
 20
173.8293097222222
 30
0.0
 10
120.6701083333333
 20
174.9959458333333
 30
0.0
 10
120.6701083333333
 20
174.9959458333333
 30
0.0
 10
120.6701083333333
 20
174.625999537037
 30
0.0
 10
120.6701083333333
 20
174.2560532407407
 30
0.0
 10
120.6701083333333
 20
173.8861069444444
 30
0.0
  0
SPLINE
  5
183
330
1F
100
AcDbEntity
  8
DEFAULT
 62
     7
100
AcDbSpline
210
0.0
220
0.0
230
1.0
 70
     8
 71
     3
 72
    23
 73
    19
 74
     0
 42
0.000000001
 43
0.0000000001
 40
0.0
 40
0.0
 40
0.0
 40
0.0
 40
1.0
 40
1.0
 40
1.0
 40
2.0
 40
2.0
 40
2.0
 40
3.0
 40
3.0
 40
3.0
 40
6.917015445463521
 40
6.917015445463521
 40
6.917015445463521
 40
7.917015445463521
 40
7.917015445463521
 40
7.917015445463521
 40
8.917015445463521
 40
8.917015445463521
 40
8.917015445463521
 40
8.917015445463521
 10
121.6209502777778
 20
176.7420547222222
 30
0.0
 10
122.1903336111111
 20
176.7420547222222
 30
0.0
 10
122.6383613888889
 20
176.4623019444444
 30
0.0
 10
122.6383613888889
 20
176.0040436111111
 30
0.0
 10
122.6383613888889
 20
175.4903991666667
 30
0.0
 10
122.0968475
 20
175.3538741666667
 30
0.0
 10
121.7497141666666
 20
175.3538741666667
 30
0.0
 10
121.6795113888889
 20
175.3538741666667
 30
0.0
 10
121.6597558333333
 20
175.3574019444445
 30
0.0
 10
121.6248308333333
 20
175.3602241666667
 30
0.0
 10
121.6235373148148
 20
175.8208343518519
 30
0.0
 10
121.6222437962963
 20
176.281444537037
 30
0.0
 10
121.6209502777778
 20
176.7420547222222
 30
0.0
 10
121.0522725
 20
176.7420547222222
 30
0.0
 10
120.6702141666667
 20
176.4527769444444
 30
0.0
 10
120.6702141666667
 20
175.9680602777778
 30
0.0
 10
120.6702141666667
 20
175.7179408333333
 30
0.0
 10
120.7118419444444
 20
175.5874130555555
 30
0.0
 10
120.8416641666666
 20
175.5045102777778
 30
0.0
  0
SPLINE
  5
184
330
1F
100
AcDbEntity
  8
DEFAULT
 62
     3
100
AcDbSpline
210
0.0
220
0.0
230
1.0
 70
     8
 71
     3
 72
    59
 73
    55
 74
     0
 42
0.000000001
 43
0.0000000001
 40
0.0
 40
0.0
 40
0.0
 40
0.0
 40
1.0
 40
1.0
 40
1.0
 40
2.0
 40
2.0
 40
2.0
 40
3.0
 40
3.0
 40
3.0
 40
4.0
 40
4.0
 40
4.0
 40
5.0
 40
5.0
 40
5.0
 40
6.0
 40
6.0
 40
6.0
 40
7.0
 40
7.0
 40
7.0
 40
8.0
 40
8.0
 40
8.0
 40
9.0
 40
9.0
 40
9.0
 40
10.0
 40
10.0
 40
10.0
 40
11.0
 40
11.0
 40
11.0
 40
12.0
 40
12.0
 40
12.0
 40
13.0
 40
13.0
 40
13.0
 40
14.0
 40
14.0
 40
14.0
 40
15.0
 40
15.0
 40
15.0
 40
16.0
 40
16.0
 40
16.0
 40
17.0
 40
17.0
 40
17.0
 40
18.0
 40
18.0
 40
18.0
 40
18.0
 10
114.0160491666667
 20
173.8224305555555
 30
0.0
 10
114.0160491666667
 20
172.5372611111111
 30
0.0
 10
113.2596936111111
 20
171.6680166666667
 30
0.0
 10
114.0340408333333
 20
171.7491555555555
 30
0.0
 10
123.2468325
 20
172.7140027777778
 30
0.0
 10
125.7014602777778
 20
168.3596666666666
 30
0.0
 10
126.5442463888889
 20
168.8426194444444
 30
0.0
 10
129.0062825
 20
170.2547888888889
 30
0.0
 10
127.8280047222222
 20
171.3970833333333
 30
0.0
 10
127.0801158333333
 20
170.6767111111111
 30
0.0
 10
126.1964075
 20
169.8258111111111
 30
0.0
 10
124.7246186111111
 20
171.3755638888889
 30
0.0
 10
125.9663963888889
 20
171.3755638888889
 30
0.0
 10
126.7753158333333
 20
171.3755638888889
 30
0.0
 10
127.9793463888889
 20
171.5621833333333
 30
0.0
 10
128.7593380555556
 20
172.8339472222222
 30
0.0
 10
129.6867908333333
 20
174.3459527777778
 30
0.0
 10
130.4382075
 20
172.8074888888889
 30
0.0
 10
129.5044047222222
 20
171.4066083333333
 30
0.0
 10
127.7436908333333
 20
168.7657138888889
 30
0.0
 10
128.8817519444444
 20
170.348275
 30
0.0
 10
131.1875075
 20
170.8827333333333
 30
0.0
 10
131.8073380555556
 20
171.0263138888889
 30
0.0
 10
130.2731075
 20
174.3025611111111
 30
0.0
 10
130.2748713888889
 20
176.1070194444444
 30
0.0
 10
130.2766352777778
 20
177.7731888888889
 30
0.0
 10
131.4154019444445
 20
180.5163888888889
 30
0.0
 10
130.9899519444444
 20
180.9139694444444
 30
0.0
 10
130.4382075
 20
181.4297305555555
 30
0.0
 10
128.1733741666667
 20
180.4772305555555
 30
0.0
 10
126.0179019444444
 20
180.7139444444444
 30
0.0
 10
123.4659075
 20
180.99405
 30
0.0
 10
122.1955547222222
 20
182.330725
 30
0.0
 10
123.2468325
 20
180.4648833333333
 30
0.0
 10
125.5825741666667
 20
176.3186861111111
 30
0.0
 10
126.5837575
 20
181.0250944444444
 30
0.0
 10
128.2594519444444
 20
177.7876527777778
 30
0.0
 10
130.3274352777778
 20
173.7924444444444
 30
0.0
 10
124.3436186111111
 20
169.2656
 30
0.0
 10
124.3436186111111
 20
176.4241666666667
 30
0.0
 10
124.3436186111111
 20
178.5348361111111
 30
0.0
 10
121.6540408333333
 20
181.3052
 30
0.0
 10
120.2909075
 20
180.4959277777778
 30
0.0
 10
118.9623463888889
 20
179.7074694444445
 30
0.0
 10
117.6291991666667
 20
177.7964722222222
 30
0.0
 10
116.2752380555555
 20
179.1504333333333
 30
0.0
 10
114.6252963888889
 20
180.8000222222222
 30
0.0
 10
116.6505936111111
 20
181.460775
 30
0.0
 10
119.2946630555556
 20
181.460775
 30
0.0
 10
122.3243186111111
 20
181.460775
 30
0.0
 10
112.7809741666667
 20
183.7926361111111
 30
0.0
 10
112.6229297222222
 20
183.5770888888889
 30
0.0
 10
112.1664352777778
 20
182.9547888888889
 30
0.0
 10
114.0206352777778
 20
181.5563777777778
 30
0.0
 10
114.0206352777778
 20
176.8178666666666
 30
0.0
  0
SPLINE
  5
185
330
1F
100
AcDbEntity
  8
DEFAULT
 62
     5
100
AcDbSpline
210
0.0
220
0.0
230
1.0
 70
     8
 71
     3
 72
    32
 73
    28
 74
     0
 42
0.000000001
 43
0.0000000001
 40
0.0
 40
0.0
 40
0.0
 40
0.0
 40
1.0
 40
1.0
 40
1.0
 40
2.0
 40
2.0
 40
2.0
 40
3.0
 40
3.0
 40
3.0
 40
4.0
 40
4.0
 40
4.0
 40
5.0
 40
5.0
 40
5.0
 40
6.0
 40
6.0
 40
6.0
 40
7.0
 40
7.0
 40
7.0
 40
8.0
 40
8.0
 40
8.0
 40
9.0
 40
9.0
 40
9.0
 40
9.0
 10
111.7459241666667
 20
176.7533436111111
 30
0.0
 10
111.7459241666667
 20
182.1215630555555
 30
0.0
 10
110.5637658333333
 20
184.8771102777778
 30
0.0
 10
111.0685908333333
 20
185.3064408333333
 30
0.0
 10
112.1061102777778
 20
186.1890908333333
 30
0.0
 10
115.9242241666667
 20
184.1969547222222
 30
0.0
 10
124.5115408333333
 20
182.6613130555555
 30
0.0
 10
128.6002352777778
 20
181.9300047222222
 30
0.0
 10
131.7688852777778
 20
182.9071991666666
 30
0.0
 10
132.5375880555555
 20
182.0040880555555
 30
0.0
 10
132.9401075
 20
181.5313658333333
 30
0.0
 10
131.7780575
 20
178.9395075
 30
0.0
 10
131.7748825
 20
176.1056436111111
 30
0.0
 10
131.7727658333333
 20
173.5243686111111
 30
0.0
 10
132.9531602777778
 20
170.6816852777777
 30
0.0
 10
132.8127547222222
 20
170.2534130555555
 30
0.0
 10
132.5178325
 20
169.3555936111111
 30
0.0
 10
131.1875075
 20
169.6321713888889
 30
0.0
 10
129.8279019444444
 20
169.0066963888889
 30
0.0
 10
127.6763102777778
 20
168.0160963888889
 30
0.0
 10
127.4096102777778
 20
167.1542602777778
 30
0.0
 10
126.2948325
 20
167.3539325
 30
0.0
 10
125.1797019444444
 20
167.5539575
 30
0.0
 10
121.9584880555556
 20
171.7802352777778
 30
0.0
 10
113.8167297222222
 20
170.4488519444444
 30
0.0
 10
112.6313963888889
 20
170.2548241666667
 30
0.0
 10
111.7459241666667
 20
171.9118213888889
 30
0.0
 10
111.7459241666667
 20
173.8866713888889
 30
0.0
  0
SPLINE
  5
186
330
1F
100
AcDbEntity
  8
DEFAULT
 62
     1
100
AcDbSpline
210
0.0
220
0.0
230
1.0
 70
     8
 71
     3
 72
    29
 73
    25
 74
     0
 42
0.000000001
 43
0.0000000001
 40
0.0
 40
0.0
 40
0.0
 40
0.0
 40
1.0
 40
1.0
 40
1.0
 40
2.0
 40
2.0
 40
2.0
 40
3.0
 40
3.0
 40
3.0
 40
4.0
 40
4.0
 40
4.0
 40
5.0
 40
5.0
 40
5.0
 40
6.0
 40
6.0
 40
6.0
 40
18.91000387296614
 40
18.91000387296614
 40
18.91000387296614
 40
22.66000387296614
 40
22.66000387296614
 40
22.66000387296614
 40
22.66000387296614
 10
134.2745952777778
 20
169.5599930555555
 30
0.0
 10
134.8672619444444
 20
168.2617708333333
 30
0.0
 10
131.7734008333333
 20
168.2723541666666
 30
0.0
 10
130.3199563888889
 20
167.6373541666667
 30
0.0
 10
128.8065397222222
 20
166.9811875
 30
0.0
 10
126.9438730555556
 20
163.8449930555555
 30
0.0
 10
124.3544841666667
 20
166.2438819444444
 30
0.0
 10
120.5162619444444
 20
169.8034097222222
 30
0.0
 10
118.1773452777778
 20
168.4240486111111
 30
0.0
 10
113.8064286111111
 20
168.4487430555556
 30
0.0
 10
109.9823175
 20
168.4699097222222
 30
0.0
 10
109.4637341666667
 20
170.8934930555555
 30
0.0
 10
109.4672619444444
 20
173.8286041666667
 30
0.0
 10
110.6032063888889
 20
173.8286041666667
 30
0.0
 10
110.4762063888889
 20
173.8921041666666
 30
0.0
 10
111.7462063888889
 20
173.8850486111111
 30
0.0
 10
113.0020952777778
 20
173.8850486111111
 30
0.0
 10
112.8786230555556
 20
173.8286041666667
 30
0.0
 10
114.0145675
 20
173.8215486111111
 30
0.0
 10
115.5326878703704
 20
173.8203726851852
 30
0.0
 10
117.0508082407407
 20
173.8191967592593
 30
0.0
 10
118.5689286111111
 20
173.8180208333333
 30
0.0
 10
118.5689286111111
 20
174.2589930555555
 30
0.0
 10
118.5689286111111
 20
174.6999652777777
 30
0.0
 10
118.5689286111111
 20
175.1409375
 30
0.0
  0
SPLINE
  5
187
330
1F
100
AcDbEntity
  8
DEFAULT
 62
     1
100
AcDbSpline
210
0.0
220
0.0
230
1.0
 70
     8
 71
     3
 72
    29
 73
    25
 74
     0
 42
0.000000001
 43
0.0000000001
 40
0.0
 40
0.0
 40
0.0
 40
0.0
 40
3.75
 40
3.75
 40
3.75
 40
16.63999999999999
 40
16.63999999999999
 40
16.63999999999999
 40
17.63999999999999
 40
17.63999999999999
 40
17.63999999999999
 40
18.63999999999999
 40
18.63999999999999
 40
18.63999999999999
 40
19.63999999999999
 40
19.63999999999999
 40
19.63999999999999
 40
20.63999999999999
 40
20.63999999999999
 40
20.63999999999999
 40
21.63999999999999
 40
21.63999999999999
 40
21.63999999999999
 40
22.63999999999999
 40
22.63999999999999
 40
22.63999999999999
 40
22.63999999999999
 10
118.5689286111111
 20
175.4936447222222
 30
0.0
 10
118.5689286111111
 20
175.9346169444445
 30
0.0
 10
118.5689286111111
 20
176.3755891666667
 30
0.0
 10
118.5689286111111
 20
176.8165613888889
 30
0.0
 10
117.0531600925926
 20
176.8165613888889
 30
0.0
 10
115.5373915740741
 20
176.8165613888889
 30
0.0
 10
114.0216230555556
 20
176.8165613888889
 30
0.0
 10
112.8786230555556
 20
176.8236169444444
 30
0.0
 10
113.0056230555556
 20
176.7530613888889
 30
0.0
 10
111.7462063888889
 20
176.7530613888889
 30
0.0
 10
110.4797341666667
 20
176.7565891666667
 30
0.0
 10
110.6102619444444
 20
176.8165613888889
 30
0.0
 10
109.4707897222222
 20
176.8236169444444
 30
0.0
 10
109.1638730555555
 20
188.8039502777778
 30
0.0
 10
109.2450119444444
 20
188.0913391666667
 30
0.0
 10
115.5562063888889
 20
186.2216169444444
 30
0.0
 10
123.1409286111111
 20
183.9744225
 30
0.0
 10
128.8135952777778
 20
183.5969502777778
 30
0.0
 10
132.1261786111111
 20
183.9144502777778
 30
0.0
 10
134.4615675
 20
184.1367002777778
 30
0.0
 10
133.4879008333333
 20
181.2086447222222
 30
0.0
 10
132.8423175
 20
178.6721725
 30
0.0
 10
132.2179008333333
 20
176.2168391666667
 30
0.0
 10
133.2056786111111
 20
171.4896169444444
 30
0.0
 10
134.1017341666667
 20
169.8668391666667
 30
0.0
  0
SPLINE
  5
188
330
1F
100
AcDbEntity
  8
DEFAULT
 62
     3
100
AcDbSpline
210
0.0
220
0.0
230
1.0
 70
    11
 71
     3
 72
    26
 73
    22
 74
     0
 42
0.000000001
 43
0.0000000001
 40
0.0
 40
0.0
 40
0.0
 40
0.0
 40
1.0
 40
1.0
 40
1.0
 40
2.0
 40
2.0
 40
2.0
 40
3.0
 40
3.0
 40
3.0
 40
4.0
 40
4.0
 40
4.0
 40
5.0
 40
5.0
 40
5.0
 40
6.0
 40
6.0
 40
6.0
 40
7.0
 40
7.0
 40
7.0
 40
7.0
 10
49.99393805555555
 20
147.5966483333333
 30
0.0
 10
51.87036305555555
 20
148.7431761111111
 30
0.0
 10
52.94986305555555
 20
150.8002233333333
 30
0.0
 10
52.94986305555555
 20
152.8255205555556
 30
0.0
 10
52.94986305555555
 20
154.81554
 30
0.0
 10
53.6317825
 20
153.6326761111111
 30
0.0
 10
56.13897416666667
 20
153.5395427777778
 30
0.0
 10
58.64651861111111
 20
153.4460566666667
 30
0.0
 10
59.05644638888889
 20
152.2226233333333
 30
0.0
 10
58.70896027777778
 20
150.8312677777778
 30
0.0
 10
58.33536861111111
 20
149.3372538888889
 30
0.0
 10
58.24223527777777
 20
152.0441177777778
 30
0.0
 10
56.12521583333333
 20
152.3877233333333
 30
0.0
 10
52.52229638888889
 20
152.9729816666667
 30
0.0
 10
55.50538527777777
 20
146.2278705555555
 30
0.0
 10
55.87615472222222
 20
149.2437677777778
 30
0.0
 10
56.09417138888889
 20
151.0157705555555
 30
0.0
 10
61.01224638888889
 20
146.411315
 30
0.0
 10
54.72468805555555
 20
146.411315
 30
0.0
 10
51.86083805555555
 20
146.411315
 30
0.0
 10
47.90937416666667
 20
146.3227677777778
 30
0.0
 10
49.99393805555555
 20
147.5966483333333
 30
0.0
  0
POLYLINE
  5
189
330
1F
100
AcDbEntity
  8
DEFAULT
 62
     7
100
AcDb2dPolyline
 66
     1
 10
0.0
 20
0.0
 30
0.0
  0
VERTEX
  5
18A
330
189
100
AcDbEntity
  8
DEFAULT
 62
     7
100
AcDbVertex
100
AcDb2dVertex
 10
50.59097916666665
 20
143.936085
 30
0.0
  0
VERTEX
  5
18B
330
189
100
AcDbEntity
  8
DEFAULT
 62
     7
100
AcDbVertex
100
AcDb2dVertex
 10
49.90482638888888
 20
144.5689683333333
 30
0.0
  0
VERTEX
  5
18C
330
189
100
AcDbEntity
  8
DEFAULT
 62
     7
100
AcDbVertex
100
AcDb2dVertex
 10
52.4381236111111
 20
144.5689683333333
 30
0.0
  0
SEQEND
  5
18D
330
189
100
AcDbEntity
  8
DEFAULT
 62
     7
  0
SPLINE
  5
18E
330
1F
100
AcDbEntity
  8
DEFAULT
 62
     7
100
AcDbSpline
210
0.0
220
0.0
230
1.0
 70
     8
 71
     3
 72
    20
 73
    16
 74
     0
 42
0.000000001
 43
0.0000000001
 40
0.0
 40
0.0
 40
0.0
 40
0.0
 40
1.003399999999999
 40
1.003399999999999
 40
1.003399999999999
 40
2.006799999999998
 40
2.006799999999998
 40
2.006799999999998
 40
3.010199999999998
 40
3.010199999999998
 40
3.010199999999998
 40
4.013599999999997
 40
4.013599999999997
 40
4.013599999999997
 40
5.016999999999996
 40
5.016999999999996
 40
5.016999999999996
 40
5.016999999999996
 10
49.74505333333333
 20
143.2825288888889
 30
0.0
 10
49.74505333333333
 20
143.2825288888889
 30
0.0
 10
52.12489222222222
 20
143.2758261111111
 30
0.0
 10
52.25365611111111
 20
143.2825288888889
 30
0.0
 10
52.46567555555555
 20
143.1763427777778
 30
0.0
 10
52.55528111111111
 20
143.0345261111111
 30
0.0
 10
52.55528111111111
 20
142.8277983333333
 30
0.0
 10
52.55528111111111
 20
142.50924
 30
0.0
 10
52.27023666666666
 20
142.1875066666666
 30
0.0
 10
51.69697277777777
 20
142.1875066666666
 30
0.0
 10
51.20978666666666
 20
142.1843316666667
 30
0.0
 10
50.87852833333333
 20
142.4351566666666
 30
0.0
 10
50.87852833333333
 20
142.7896983333333
 30
0.0
 10
50.87852833333333
 20
143.0197094444444
 30
0.0
 10
50.99459222222222
 20
143.1851622222222
 30
0.0
 10
51.17345055555555
 20
143.2825288888889
 30
0.0
  0
POLYLINE
  5
18F
330
1F
100
AcDbEntity
  8
DEFAULT
 62
     7
100
AcDb2dPolyline
 66
     1
 10
0.0
 20
0.0
 30
0.0
  0
VERTEX
  5
190
330
18F
100
AcDbEntity
  8
DEFAULT
 62
     7
100
AcDbVertex
100
AcDb2dVertex
 10
53.55515916666666
 20
144.8781427777778
 30
0.0
  0
VERTEX
  5
191
330
18F
100
AcDbEntity
  8
DEFAULT
 62
     7
100
AcDbVertex
100
AcDb2dVertex
 10
53.55515916666666
 20
141.8781205555555
 30
0.0
  0
SEQEND
  5
192
330
18F
100
AcDbEntity
  8
DEFAULT
 62
     7
  0
SPLINE
  5
193
330
1F
100
AcDbEntity
  8
DEFAULT
 62
     1
100
AcDbSpline
210
0.0
220
0.0
230
1.0
 70
     8
 71
     3
 72
    26
 73
    22
 74
     0
 42
0.000000001
 43
0.0000000001
 40
0.0
 40
0.0
 40
0.0
 40
0.0
 40
3.759999999999991
 40
3.759999999999991
 40
3.759999999999991
 40
16.66000387596841
 40
16.66000387596841
 40
16.66000387596841
 40
17.66000387596841
 40
17.66000387596841
 40
17.66000387596841
 40
18.66000387596841
 40
18.66000387596841
 40
18.66000387596841
 40
19.66000387596841
 40
19.66000387596841
 40
19.66000387596841
 40
20.66000387596841
 40
20.66000387596841
 40
20.66000387596841
 40
21.66000387596841
 40
21.66000387596841
 40
21.66000387596841
 40
21.66000387596841
 10
54.65621388888889
 20
143.2040005555555
 30
0.0
 10
54.65621388888889
 20
142.7618524074074
 30
0.0
 10
54.65621388888889
 20
142.3197042592593
 30
0.0
 10
54.65621388888889
 20
141.8775561111111
 30
0.0
 10
56.17315833333333
 20
141.878732037037
 30
0.0
 10
57.69010277777778
 20
141.879907962963
 30
0.0
 10
59.20704722222222
 20
141.8810838888889
 30
0.0
 10
60.34299166666667
 20
141.8846116666666
 30
0.0
 10
60.22304722222222
 20
141.9445838888889
 30
0.0
 10
61.48246388888889
 20
141.9481116666666
 30
0.0
 10
62.74893611111111
 20
141.9481116666666
 30
0.0
 10
62.62193611111111
 20
141.8846116666666
 30
0.0
 10
63.75788055555556
 20
141.8810838888889
 30
0.0
 10
63.76140833333334
 20
137.9617227777778
 30
0.0
 10
58.60379722222222
 20
137.5595561111111
 30
0.0
 10
56.42010277777778
 20
133.8518616666667
 30
0.0
 10
54.24346388888889
 20
130.1441672222222
 30
0.0
 10
52.92760277777778
 20
134.7867227777778
 30
0.0
 10
47.97107500000001
 20
135.6369172222222
 30
0.0
 10
43.11685277777777
 20
136.4624172222222
 30
0.0
 10
43.589575
 20
137.799445
 30
0.0
 10
43.60721388888889
 20
140.466445
 30
0.0
  0
SPLINE
  5
194
330
1F
100
AcDbEntity
  8
DEFAULT
 62
     1
100
AcDbSpline
210
0.0
220
0.0
230
1.0
 70
     8
 71
     3
 72
    38
 73
    34
 74
     0
 42
0.000000001
 43
0.0000000001
 40
0.0
 40
0.0
 40
0.0
 40
0.0
 40
1.0
 40
1.0
 40
1.0
 40
2.0
 40
2.0
 40
2.0
 40
3.0
 40
3.0
 40
3.0
 40
4.0
 40
4.0
 40
4.0
 40
5.0
 40
5.0
 40
5.0
 40
6.0
 40
6.0
 40
6.0
 40
7.0
 40
7.0
 40
7.0
 40
8.0
 40
8.0
 40
8.0
 40
9.0
 40
9.0
 40
9.0
 40
21.89000387897538
 40
21.89000387897538
 40
21.89000387897538
 40
25.65000387897537
 40
25.65000387897537
 40
25.65000387897537
 40
25.65000387897537
 10
43.60724916666666
 20
140.8191169444444
 30
0.0
 10
43.60724916666666
 20
141.5881725
 30
0.0
 10
43.60372138888888
 20
143.8212558333333
 30
0.0
 10
43.60372138888888
 20
144.2833947222222
 30
0.0
 10
43.60019361111111
 20
146.1495891666667
 30
0.0
 10
43.36736027777777
 20
150.4323113888889
 30
0.0
 10
46.53177694444444
 20
151.2754502777778
 30
0.0
 10
50.05955472222221
 20
152.2138391666667
 30
0.0
 10
49.01180472222222
 20
153.8260336111111
 30
0.0
 10
50.0630825
 20
155.7310336111111
 30
0.0
 10
51.11788805555555
 20
157.6430891666666
 30
0.0
 10
55.29830472222222
 20
162.4443947222222
 30
0.0
 10
59.16827694444443
 20
163.0476447222222
 30
0.0
 10
63.04177694444444
 20
163.6473669444444
 30
0.0
 10
62.74191583333333
 20
166.2085336111111
 30
0.0
 10
63.12997138888888
 20
162.4549780555555
 30
0.0
 10
63.51449916666666
 20
158.6978947222222
 30
0.0
 10
65.0490825
 20
156.3977836111111
 30
0.0
 10
64.95030472222221
 20
152.5137002777778
 30
0.0
 10
64.8550547222222
 20
148.6331447222222
 30
0.0
 10
63.75438805555554
 20
146.3647836111111
 30
0.0
 10
63.75791583333333
 20
144.8795891666666
 30
0.0
 10
62.61844361111111
 20
144.8831169444444
 30
0.0
 10
62.74544361111111
 20
144.8160891666666
 30
0.0
 10
61.47897138888888
 20
144.8160891666666
 30
0.0
 10
60.21602694444444
 20
144.8160891666666
 30
0.0
 10
60.34302694444444
 20
144.8795891666666
 30
0.0
 10
59.20355472222221
 20
144.8760613888889
 30
0.0
 10
57.68778620370369
 20
144.8772373148148
 30
0.0
 10
56.17201768518517
 20
144.8784132407407
 30
0.0
 10
54.65624916666665
 20
144.8795891666666
 30
0.0
 10
54.65624916666665
 20
144.4374410185185
 30
0.0
 10
54.65624916666665
 20
143.9952928703703
 30
0.0
 10
54.65624916666665
 20
143.5531447222222
 30
0.0
  0
SPLINE
  5
195
330
1F
100
AcDbEntity
  8
DEFAULT
 62
     3
100
AcDbSpline
210
0.0
220
0.0
230
1.0
 70
     8
 71
     3
 72
    38
 73
    34
 74
     0
 42
0.000000001
 43
0.0000000001
 40
0.0
 40
0.0
 40
0.0
 40
0.0
 40
1.0
 40
1.0
 40
1.0
 40
2.0
 40
2.0
 40
2.0
 40
3.0
 40
3.0
 40
3.0
 40
4.0
 40
4.0
 40
4.0
 40
5.0
 40
5.0
 40
5.0
 40
6.0
 40
6.0
 40
6.0
 40
7.0
 40
7.0
 40
7.0
 40
8.0
 40
8.0
 40
8.0
 40
9.0
 40
9.0
 40
9.0
 40
10.0
 40
10.0
 40
10.0
 40
11.0
 40
11.0
 40
11.0
 40
11.0
 10
59.20683555555555
 20
141.8802019444444
 30
0.0
 10
59.20683555555555
 20
141.0123686111111
 30
0.0
 10
58.87381333333333
 20
140.6236075
 30
0.0
 10
57.74386611111111
 20
139.7811741666667
 30
0.0
 10
54.65529666666666
 20
137.4778880555556
 30
0.0
 10
54.65529666666666
 20
136.0770075
 30
0.0
 10
53.95503277777777
 20
136.6301630555555
 30
0.0
 10
53.32250222222221
 20
137.1296963888889
 30
0.0
 10
54.65529666666666
 20
139.7709436111111
 30
0.0
 10
52.01651888888888
 20
139.7709436111111
 30
0.0
 10
48.04953277777777
 20
139.7709436111111
 30
0.0
 10
45.83408833333333
 20
138.2349491666666
 30
0.0
 10
45.83408833333333
 20
139.4075825
 30
0.0
 10
45.83408833333333
 20
140.0859741666666
 30
0.0
 10
47.12948833333332
 20
142.2432102777778
 30
0.0
 10
46.97391333333334
 20
143.9361908333333
 30
0.0
 10
46.84938277777778
 20
145.2905047222222
 30
0.0
 10
45.44850222222222
 20
147.8118075
 30
0.0
 10
46.34455777777777
 20
147.9268130555555
 30
0.0
 10
51.77839388888889
 20
148.6231963888889
 30
0.0
 10
51.23158833333333
 20
153.3483019444444
 30
0.0
 10
51.8923411111111
 20
154.5343408333333
 30
0.0
 10
53.85308
 20
158.0529463888889
 30
0.0
 10
59.82807722222221
 20
160.5481436111111
 30
0.0
 10
60.05914666666666
 20
159.6048158333333
 30
0.0
 10
61.35454666666666
 20
154.3177352777778
 30
0.0
 10
62.59985222222221
 20
153.1034741666666
 30
0.0
 10
58.49104944444444
 20
156.1853408333333
 30
0.0
 10
56.62167999999999
 20
157.5872797222222
 30
0.0
 10
53.04345499999999
 20
154.9714325
 30
0.0
 10
56.03183555555555
 20
154.9714325
 30
0.0
 10
64.09386611111111
 20
154.9714325
 30
0.0
 10
59.20471888888888
 20
147.6876297222222
 30
0.0
 10
59.20471888888888
 20
144.8770491666666
 30
0.0
  0
SPLINE
  5
196
330
1F
100
AcDbEntity
  8
DEFAULT
 62
     5
100
AcDbSpline
210
0.0
220
0.0
230
1.0
 70
     8
 71
     3
 72
    41
 73
    37
 74
     0
 42
0.000000001
 43
0.0000000001
 40
0.0
 40
0.0
 40
0.0
 40
0.0
 40
1.0
 40
1.0
 40
1.0
 40
2.0
 40
2.0
 40
2.0
 40
3.0
 40
3.0
 40
3.0
 40
4.0
 40
4.0
 40
4.0
 40
5.0
 40
5.0
 40
5.0
 40
6.0
 40
6.0
 40
6.0
 40
7.0
 40
7.0
 40
7.0
 40
8.0
 40
8.0
 40
8.0
 40
9.0
 40
9.0
 40
9.0
 40
10.0
 40
10.0
 40
10.0
 40
11.0
 40
11.0
 40
11.0
 40
12.0
 40
12.0
 40
12.0
 40
12.0
 10
61.58720361111111
 20
144.8161244444444
 30
0.0
 10
61.6080175
 20
145.8476466666667
 30
0.0
 10
62.1382425
 20
147.2883911111111
 30
0.0
 10
62.19750916666666
 20
147.5332188888889
 30
0.0
 10
62.51077583333333
 20
148.8250911111111
 30
0.0
 10
62.89988972222222
 20
150.4326994444444
 30
0.0
 10
62.95210083333333
 20
152.5634772222222
 30
0.0
 10
63.00007861111111
 20
154.484705
 30
0.0
 10
62.58909249999999
 20
155.9512022222222
 30
0.0
 10
62.11319527777778
 20
157.6491216666667
 30
0.0
 10
61.78052583333333
 20
158.8369244444444
 30
0.0
 10
61.43797861111111
 20
160.0592994444444
 30
0.0
 10
61.23125083333333
 20
161.50463
 30
0.0
 10
56.84763416666666
 20
161.50463
 30
0.0
 10
51.78280361111111
 20
157.7591883333333
 30
0.0
 10
50.54102583333332
 20
155.1860272222222
 30
0.0
 10
49.6128675
 20
153.2619772222222
 30
0.0
 10
50.76680361111111
 20
150.5791022222222
 30
0.0
 10
45.79969249999999
 20
149.3355605555555
 30
0.0
 10
44.49441472222222
 20
149.0085355555556
 30
0.0
 10
44.26581472222222
 20
146.7962661111111
 30
0.0
 10
44.88846749999999
 20
144.9826355555555
 30
0.0
 10
45.68186472222222
 20
142.6708827777778
 30
0.0
 10
43.92326749999999
 20
139.5943077777778
 30
0.0
 10
44.62000361111111
 20
138.2227077777778
 30
0.0
 10
45.00417861111111
 20
137.466705
 30
0.0
 10
47.16529527777777
 20
137.7372855555556
 30
0.0
 10
49.41002027777778
 20
137.7372855555556
 30
0.0
 10
53.17874527777777
 20
137.7372855555556
 30
0.0
 10
52.01563694444444
 20
134.1262522222222
 30
0.0
 10
54.52177027777778
 20
134.5880383333333
 30
0.0
 10
55.24637583333333
 20
134.7217411111111
 30
0.0
 10
56.62150361111111
 20
137.2772633333333
 30
0.0
 10
59.16256194444444
 20
139.0284522222222
 30
0.0
 10
60.35001194444444
 20
139.8468966666667
 30
0.0
 10
61.48066472222222
 20
141.0177661111111
 30
0.0
 10
61.48066472222222
 20
141.9469827777778
 30
0.0
  0
SPLINE
  5
197
330
1F
100
AcDbEntity
  8
DEFAULT
 62
     3
100
AcDbSpline
210
0.0
220
0.0
230
1.0
 70
    11
 71
     3
 72
    26
 73
    22
 74
     0
 42
0.000000001
 43
0.0000000001
 40
0.0
 40
0.0
 40
0.0
 40
0.0
 40
1.0
 40
1.0
 40
1.0
 40
2.0
 40
2.0
 40
2.0
 40
3.0
 40
3.0
 40
3.0
 40
4.0
 40
4.0
 40
4.0
 40
5.0
 40
5.0
 40
5.0
 40
6.0
 40
6.0
 40
6.0
 40
7.0
 40
7.0
 40
7.0
 40
7.0
 10
103.3565863888889
 20
147.5966483333333
 30
0.0
 10
101.4798086111111
 20
148.7431761111111
 30
0.0
 10
100.4006613888889
 20
150.8002233333333
 30
0.0
 10
100.4006613888889
 20
152.8255205555556
 30
0.0
 10
100.4006613888889
 20
154.81554
 30
0.0
 10
99.71874194444445
 20
153.6326761111111
 30
0.0
 10
97.21155027777779
 20
153.5395427777778
 30
0.0
 10
94.70400583333334
 20
153.4460566666667
 30
0.0
 10
94.29407805555554
 20
152.2226233333333
 30
0.0
 10
94.64156416666667
 20
150.8312677777778
 30
0.0
 10
95.01515583333334
 20
149.3372538888889
 30
0.0
 10
95.10828916666665
 20
152.0441177777778
 30
0.0
 10
97.22530861111112
 20
152.3877233333333
 30
0.0
 10
100.8282280555556
 20
152.9729816666667
 30
0.0
 10
97.84513916666667
 20
146.2278705555555
 30
0.0
 10
97.47436972222224
 20
149.2437677777778
 30
0.0
 10
97.25635305555556
 20
151.0157705555555
 30
0.0
 10
92.33827805555555
 20
146.411315
 30
0.0
 10
98.62583638888889
 20
146.411315
 30
0.0
 10
101.4896863888889
 20
146.411315
 30
0.0
 10
105.4411502777778
 20
146.3227677777778
 30
0.0
 10
103.3565863888889
 20
147.5966483333333
 30
0.0
  0
POLYLINE
  5
198
330
1F
100
AcDbEntity
  8
DEFAULT
 62
     7
100
AcDb2dPolyline
 66
     1
 10
0.0
 20
0.0
 30
0.0
  0
VERTEX
  5
199
330
198
100
AcDbEntity
  8
DEFAULT
 62
     7
100
AcDbVertex
100
AcDb2dVertex
 10
102.7595452777778
 20
142.8202136111111
 30
0.0
  0
VERTEX
  5
19A
330
198
100
AcDbEntity
  8
DEFAULT
 62
     7
100
AcDbVertex
100
AcDb2dVertex
 10
103.4456980555555
 20
142.1873302777778
 30
0.0
  0
VERTEX
  5
19B
330
198
100
AcDbEntity
  8
DEFAULT
 62
     7
100
AcDbVertex
100
AcDb2dVertex
 10
100.9124008333333
 20
142.1873302777778
 30
0.0
  0
SEQEND
  5
19C
330
198
100
AcDbEntity
  8
DEFAULT
 62
     7
  0
SPLINE
  5
19D
330
1F
100
AcDbEntity
  8
DEFAULT
 62
     7
100
AcDbSpline
210
0.0
220
0.0
230
1.0
 70
     8
 71
     3
 72
    20
 73
    16
 74
     0
 42
0.000000001
 43
0.0000000001
 40
0.0
 40
0.0
 40
0.0
 40
0.0
 40
1.003399999999999
 40
1.003399999999999
 40
1.003399999999999
 40
2.006799999999998
 40
2.006799999999998
 40
2.006799999999998
 40
3.010199999999998
 40
3.010199999999998
 40
3.010199999999998
 40
4.013599999999997
 40
4.013599999999997
 40
4.013599999999997
 40
5.016999999999996
 40
5.016999999999996
 40
5.016999999999996
 40
5.016999999999996
 10
103.6055063888889
 20
143.4737344444444
 30
0.0
 10
103.6055063888889
 20
143.4737344444444
 30
0.0
 10
101.2253147222222
 20
143.4804372222222
 30
0.0
 10
101.0969036111111
 20
143.4737344444444
 30
0.0
 10
100.8848841666667
 20
143.5799205555555
 30
0.0
 10
100.7952786111111
 20
143.7217372222222
 30
0.0
 10
100.7952786111111
 20
143.928465
 30
0.0
 10
100.7952786111111
 20
144.2470233333333
 30
0.0
 10
101.0803230555556
 20
144.5691094444445
 30
0.0
 10
101.6535869444444
 20
144.5691094444445
 30
0.0
 10
102.1407730555556
 20
144.5719316666666
 30
0.0
 10
102.4720313888889
 20
144.3211066666667
 30
0.0
 10
102.4720313888889
 20
143.966565
 30
0.0
 10
102.4720313888889
 20
143.7365538888889
 30
0.0
 10
102.3559675
 20
143.5711011111111
 30
0.0
 10
102.1771091666667
 20
143.4737344444444
 30
0.0
  0
POLYLINE
  5
19E
330
1F
100
AcDbEntity
  8
DEFAULT
 62
     7
100
AcDb2dPolyline
 66
     1
 10
0.0
 20
0.0
 30
0.0
  0
VERTEX
  5
19F
330
19E
100
AcDbEntity
  8
DEFAULT
 62
     7
100
AcDbVertex
100
AcDb2dVertex
 10
99.79540055555555
 20
141.8781558333333
 30
0.0
  0
VERTEX
  5
1A0
330
19E
100
AcDbEntity
  8
DEFAULT
 62
     7
100
AcDbVertex
100
AcDb2dVertex
 10
99.79540055555555
 20
144.8781780555556
 30
0.0
  0
SEQEND
  5
1A1
330
19E
100
AcDbEntity
  8
DEFAULT
 62
     7
  0
SPLINE
  5
1A2
330
1F
100
AcDbEntity
  8
DEFAULT
 62
     3
100
AcDbSpline
210
0.0
220
0.0
230
1.0
 70
     8
 71
     3
 72
    38
 73
    34
 74
     0
 42
0.000000001
 43
0.0000000001
 40
0.0
 40
0.0
 40
0.0
 40
0.0
 40
1.0
 40
1.0
 40
1.0
 40
2.0
 40
2.0
 40
2.0
 40
3.0
 40
3.0
 40
3.0
 40
4.0
 40
4.0
 40
4.0
 40
5.0
 40
5.0
 40
5.0
 40
6.0
 40
6.0
 40
6.0
 40
7.0
 40
7.0
 40
7.0
 40
8.0
 40
8.0
 40
8.0
 40
9.0
 40
9.0
 40
9.0
 40
10.0
 40
10.0
 40
10.0
 40
11.0
 40
11.0
 40
11.0
 40
11.0
 10
94.14372416666666
 20
141.8802019444444
 30
0.0
 10
94.14372416666666
 20
141.0123686111111
 30
0.0
 10
94.47674638888888
 20
140.6236075
 30
0.0
 10
95.6066936111111
 20
139.7811741666667
 30
0.0
 10
98.69526305555554
 20
137.4778880555556
 30
0.0
 10
98.69526305555554
 20
136.0770075
 30
0.0
 10
99.39552694444444
 20
136.6301630555555
 30
0.0
 10
100.0280575
 20
137.1296963888889
 30
0.0
 10
98.69526305555554
 20
139.7709436111111
 30
0.0
 10
101.3340408333333
 20
139.7709436111111
 30
0.0
 10
105.3010269444444
 20
139.7709436111111
 30
0.0
 10
107.5164713888889
 20
138.2349491666666
 30
0.0
 10
107.5164713888889
 20
139.4075825
 30
0.0
 10
107.5164713888889
 20
140.0859741666666
 30
0.0
 10
106.2210713888889
 20
142.2432102777778
 30
0.0
 10
106.3766463888889
 20
143.9361908333333
 30
0.0
 10
106.5011769444444
 20
145.2905047222222
 30
0.0
 10
107.9020575
 20
147.8118075
 30
0.0
 10
107.0060019444444
 20
147.9268130555555
 30
0.0
 10
101.5721658333333
 20
148.6231963888889
 30
0.0
 10
102.1189713888889
 20
153.3483019444444
 30
0.0
 10
101.4582186111111
 20
154.5343408333333
 30
0.0
 10
99.49747972222221
 20
158.0529463888889
 30
0.0
 10
93.52248249999998
 20
160.5481436111111
 30
0.0
 10
93.29141305555555
 20
159.6048158333333
 30
0.0
 10
91.99601305555554
 20
154.3177352777778
 30
0.0
 10
90.75070749999999
 20
153.1034741666666
 30
0.0
 10
94.85951027777777
 20
156.1853408333333
 30
0.0
 10
96.7288797222222
 20
157.5872797222222
 30
0.0
 10
100.3067519444444
 20
154.9714325
 30
0.0
 10
97.31872416666666
 20
154.9714325
 30
0.0
 10
89.2566936111111
 20
154.9714325
 30
0.0
 10
94.14584083333332
 20
147.6876297222222
 30
0.0
 10
94.14584083333332
 20
144.8770491666666
 30
0.0
  0
SPLINE
  5
1A3
330
1F
100
AcDbEntity
  8
DEFAULT
 62
     5
100
AcDbSpline
210
0.0
220
0.0
230
1.0
 70
     8
 71
     3
 72
    41
 73
    37
 74
     0
 42
0.000000001
 43
0.0000000001
 40
0.0
 40
0.0
 40
0.0
 40
0.0
 40
1.0
 40
1.0
 40
1.0
 40
2.0
 40
2.0
 40
2.0
 40
3.0
 40
3.0
 40
3.0
 40
4.0
 40
4.0
 40
4.0
 40
5.0
 40
5.0
 40
5.0
 40
6.0
 40
6.0
 40
6.0
 40
7.0
 40
7.0
 40
7.0
 40
8.0
 40
8.0
 40
8.0
 40
9.0
 40
9.0
 40
9.0
 40
10.0
 40
10.0
 40
10.0
 40
11.0
 40
11.0
 40
11.0
 40
12.0
 40
12.0
 40
12.0
 40
12.0
 10
91.76332083333331
 20
144.8161244444444
 30
0.0
 10
91.74250694444441
 20
145.8476466666667
 30
0.0
 10
91.21228194444443
 20
147.2883911111111
 30
0.0
 10
91.15301527777775
 20
147.5332188888889
 30
0.0
 10
90.83974861111109
 20
148.8250911111111
 30
0.0
 10
90.4506347222222
 20
150.4326994444444
 30
0.0
 10
90.39842361111108
 20
152.5634772222222
 30
0.0
 10
90.35044583333331
 20
154.484705
 30
0.0
 10
90.76143194444444
 20
155.9512022222222
 30
0.0
 10
91.23732916666665
 20
157.6491216666667
 30
0.0
 10
91.56999861111109
 20
158.8369244444444
 30
0.0
 10
91.91254583333331
 20
160.0592994444444
 30
0.0
 10
92.1192736111111
 20
161.50463
 30
0.0
 10
96.50253749999999
 20
161.50463
 30
0.0
 10
101.5677208333333
 20
157.7591883333333
 30
0.0
 10
102.8094986111111
 20
155.1860272222222
 30
0.0
 10
103.7376569444444
 20
153.2619772222222
 30
0.0
 10
102.5837208333333
 20
150.5791022222222
 30
0.0
 10
107.5508319444444
 20
149.3355605555555
 30
0.0
 10
108.8557569444444
 20
149.0085355555556
 30
0.0
 10
109.0847097222222
 20
146.7962661111111
 30
0.0
 10
108.4620569444444
 20
144.9826355555555
 30
0.0
 10
107.6683069444444
 20
142.6708827777778
 30
0.0
 10
109.4272569444444
 20
139.5943077777778
 30
0.0
 10
108.7301680555556
 20
138.2227077777778
 30
0.0
 10
108.3463458333333
 20
137.466705
 30
0.0
 10
106.1852291666666
 20
137.7372855555556
 30
0.0
 10
103.9405041666667
 20
137.7372855555556
 30
0.0
 10
100.1717791666666
 20
137.7372855555556
 30
0.0
 10
101.3348875
 20
134.1262522222222
 30
0.0
 10
98.82875416666666
 20
134.5880383333333
 30
0.0
 10
98.10414861111109
 20
134.7217411111111
 30
0.0
 10
96.72902083333332
 20
137.2772633333333
 30
0.0
 10
94.18796249999998
 20
139.0284522222222
 30
0.0
 10
93.0001597222222
 20
139.8468966666667
 30
0.0
 10
91.86950694444442
 20
141.0177661111111
 30
0.0
 10
91.86950694444442
 20
141.9469827777778
 30
0.0
  0
SPLINE
  5
1A4
330
1F
100
AcDbEntity
  8
DEFAULT
 62
     1
100
AcDbSpline
210
0.0
220
0.0
230
1.0
 70
     8
 71
     3
 72
    26
 73
    22
 74
     0
 42
0.000000001
 43
0.0000000001
 40
0.0
 40
0.0
 40
0.0
 40
0.0
 40
1.000461467384067
 40
1.000461467384067
 40
1.000461467384067
 40
2.000922934768135
 40
2.000922934768135
 40
2.000922934768135
 40
3.001384402152202
 40
3.001384402152202
 40
3.001384402152202
 40
4.00184586953627
 40
4.00184586953627
 40
4.00184586953627
 40
5.002307336920337
 40
5.002307336920337
 40
5.002307336920337
 40
17.91826875560198
 40
17.91826875560198
 40
17.91826875560198
 40
21.68000387296606
 40
21.68000387296606
 40
21.68000387296606
 40
21.68000387296606
 10
109.7424286111111
 20
140.4699727777778
 30
0.0
 10
109.7635952777778
 20
137.799445
 30
0.0
 10
110.2327897222222
 20
136.4624172222222
 30
0.0
 10
105.3785675
 20
135.6369172222222
 30
0.0
 10
100.4220397222222
 20
134.7867227777778
 30
0.0
 10
99.1061786111111
 20
130.1441672222222
 30
0.0
 10
96.92953972222222
 20
133.8518616666667
 30
0.0
 10
94.74584527777776
 20
137.5595561111111
 30
0.0
 10
89.58823416666665
 20
137.9617227777778
 30
0.0
 10
89.59176194444443
 20
141.8810838888889
 30
0.0
 10
90.73123416666665
 20
141.8846116666666
 30
0.0
 10
90.60070638888888
 20
141.9481116666666
 30
0.0
 10
91.87070638888886
 20
141.9481116666666
 30
0.0
 10
93.12659527777775
 20
141.9445838888889
 30
0.0
 10
93.00665083333332
 20
141.8846116666666
 30
0.0
 10
94.14259527777777
 20
141.8810838888889
 30
0.0
 10
95.66071564814814
 20
141.879907962963
 30
0.0
 10
97.1788360185185
 20
141.878732037037
 30
0.0
 10
98.69695638888888
 20
141.8775561111111
 30
0.0
 10
98.69695638888886
 20
142.3197042592592
 30
0.0
 10
98.69695638888886
 20
142.7618524074074
 30
0.0
 10
98.69695638888888
 20
143.2040005555555
 30
0.0
  0
SPLINE
  5
1A5
330
1F
100
AcDbEntity
  8
DEFAULT
 62
     1
100
AcDbSpline
210
0.0
220
0.0
230
1.0
 70
     8
 71
     3
 72
    38
 73
    34
 74
     0
 42
0.000000001
 43
0.0000000001
 40
0.0
 40
0.0
 40
0.0
 40
0.0
 40
3.759999999999991
 40
3.759999999999991
 40
3.759999999999991
 40
16.66000387596838
 40
16.66000387596838
 40
16.66000387596838
 40
17.66000387596838
 40
17.66000387596838
 40
17.66000387596838
 40
18.66000387596838
 40
18.66000387596838
 40
18.66000387596838
 40
19.66000387596838
 40
19.66000387596838
 40
19.66000387596838
 40
20.66000387596838
 40
20.66000387596838
 40
20.66000387596838
 40
21.66000387596838
 40
21.66000387596838
 40
21.66000387596838
 40
22.66000387596838
 40
22.66000387596838
 40
22.66000387596838
 40
23.66000387596838
 40
23.66000387596838
 40
23.66000387596838
 40
24.66000387596838
 40
24.66000387596838
 40
24.66000387596838
 40
25.66000387596838
 40
25.66000387596838
 40
25.66000387596838
 40
25.66000387596838
 10
98.69692111111111
 20
143.5531447222222
 30
0.0
 10
98.69692111111111
 20
143.9952928703703
 30
0.0
 10
98.69692111111111
 20
144.4374410185185
 30
0.0
 10
98.69692111111111
 20
144.8795891666666
 30
0.0
 10
97.17997666666668
 20
144.8784132407407
 30
0.0
 10
95.66303222222223
 20
144.8772373148148
 30
0.0
 10
94.14608777777778
 20
144.8760613888889
 30
0.0
 10
93.01014333333333
 20
144.8795891666666
 30
0.0
 10
93.13361555555555
 20
144.8160891666666
 30
0.0
 10
91.8706711111111
 20
144.8160891666666
 30
0.0
 10
90.60419888888889
 20
144.8160891666666
 30
0.0
 10
90.73472666666666
 20
144.8831169444444
 30
0.0
 10
89.59525444444444
 20
144.8795891666666
 30
0.0
 10
89.59878222222223
 20
146.3647836111111
 30
0.0
 10
88.49458777777777
 20
148.6331447222222
 30
0.0
 10
88.39933777777777
 20
152.5137002777778
 30
0.0
 10
88.30055999999999
 20
156.3977836111111
 30
0.0
 10
89.83514333333332
 20
158.6978947222222
 30
0.0
 10
90.21967111111111
 20
162.4549780555555
 30
0.0
 10
90.60772666666666
 20
166.2085336111111
 30
0.0
 10
90.30786555555555
 20
163.6473669444444
 30
0.0
 10
94.18136555555554
 20
163.0476447222222
 30
0.0
 10
98.05486555555555
 20
162.4443947222222
 30
0.0
 10
102.2317544444444
 20
157.6430891666666
 30
0.0
 10
103.28656
 20
155.7310336111111
 30
0.0
 10
104.3378377777778
 20
153.8260336111111
 30
0.0
 10
103.2900877777778
 20
152.2138391666667
 30
0.0
 10
106.8213933333333
 20
151.2754502777778
 30
0.0
 10
109.9822822222222
 20
150.4323113888889
 30
0.0
 10
109.7494488888889
 20
146.1495891666667
 30
0.0
 10
109.7459211111111
 20
144.2833947222222
 30
0.0
 10
109.7459211111111
 20
143.8212558333333
 30
0.0
 10
109.7423933333333
 20
141.5881725
 30
0.0
 10
109.7423933333333
 20
140.8191169444444
 30
0.0
  0
SPLINE
  5
1A6
330
1F
100
AcDbEntity
  8
DEFAULT
 62
     3
100
AcDbSpline
210
0.0
220
0.0
230
1.0
 70
    11
 71
     3
 72
    17
 73
    13
 74
     0
 42
0.000000001
 43
0.0000000001
 40
0.0
 40
0.0
 40
0.0
 40
0.0
 40
1.0
 40
1.0
 40
1.0
 40
2.0
 40
2.0
 40
2.0
 40
3.0
 40
3.0
 40
3.0
 40
4.0
 40
4.0
 40
4.0
 40
4.0
 10
53.98837027777778
 20
118.8106519444444
 30
0.0
 10
53.98837027777778
 20
119.2230491666666
 30
0.0
 10
52.74800361111111
 20
121.9295602777778
 30
0.0
 10
52.37652861111111
 20
121.1770852777778
 30
0.0
 10
51.99764527777778
 20
120.4097936111111
 30
0.0
 10
50.88815916666666
 20
119.2230491666666
 30
0.0
 10
50.88815916666666
 20
118.8106519444444
 30
0.0
 10
50.88815916666666
 20
118.3979019444444
 30
0.0
 10
51.58242583333333
 20
118.0634686111111
 30
0.0
 10
52.43826472222221
 20
118.0634686111111
 30
0.0
 10
53.29445638888888
 20
118.0634686111111
 30
0.0
 10
53.98837027777778
 20
118.3979019444444
 30
0.0
 10
53.98837027777778
 20
118.8106519444444
 30
0.0
  0
POLYLINE
  5
1A7
330
1F
100
AcDbEntity
  8
DEFAULT
 62
     7
100
AcDb2dPolyline
 66
     1
 10
0.0
 20
0.0
 30
0.0
  0
VERTEX
  5
1A8
330
1A7
100
AcDbEntity
  8
DEFAULT
 62
     7
100
AcDbVertex
100
AcDb2dVertex
 10
52.83976111111111
 20
115.1449027777778
 30
0.0
  0
VERTEX
  5
1A9
330
1A7
100
AcDbEntity
  8
DEFAULT
 62
     7
100
AcDbVertex
100
AcDb2dVertex
 10
52.83976111111111
 20
112.1448805555555
 30
0.0
  0
SEQEND
  5
1AA
330
1A7
100
AcDbEntity
  8
DEFAULT
 62
     7
  0
SPLINE
  5
1AB
330
1F
100
AcDbEntity
  8
DEFAULT
 62
     7
100
AcDbSpline
210
0.0
220
0.0
230
1.0
 70
     8
 71
     3
 72
    17
 73
    13
 74
     0
 42
0.000000001
 43
0.0000000001
 40
0.0
 40
0.0
 40
0.0
 40
0.0
 40
1.0
 40
1.0
 40
1.0
 40
2.0
 40
2.0
 40
2.0
 40
3.0
 40
3.0
 40
3.0
 40
4.0
 40
4.0
 40
4.0
 40
4.0
 10
51.73062777777778
 20
113.6154347222222
 30
0.0
 10
51.77754722222222
 20
113.5371180555556
 30
0.0
 10
51.8396361111111
 20
113.3642569444444
 30
0.0
 10
51.8396361111111
 20
113.1437708333333
 30
0.0
 10
51.8396361111111
 20
112.6481180555555
 30
0.0
 10
51.45369722222222
 20
112.3256791666667
 30
0.0
 10
50.87690555555556
 20
112.3256791666667
 30
0.0
 10
50.29623333333333
 20
112.3256791666667
 30
0.0
 10
49.87501666666667
 20
112.6721069444445
 30
0.0
 10
49.87501666666667
 20
113.2079763888889
 30
0.0
 10
49.87501666666667
 20
113.3847180555556
 30
0.0
 10
49.92581666666666
 20
113.5406458333333
 30
0.0
 10
49.9727361111111
 20
113.6221375
 30
0.0
  0
POLYLINE
  5
1AC
330
1F
100
AcDbEntity
  8
DEFAULT
 62
     7
100
AcDb2dPolyline
 66
     1
 10
0.0
 20
0.0
 30
0.0
  0
VERTEX
  5
1AD
330
1AC
100
AcDbEntity
  8
DEFAULT
 62
     7
100
AcDbVertex
100
AcDb2dVertex
 10
49.99238583333332
 20
114.2972130555555
 30
0.0
  0
VERTEX
  5
1AE
330
1AC
100
AcDbEntity
  8
DEFAULT
 62
     7
100
AcDbVertex
100
AcDb2dVertex
 10
49.30588027777777
 20
114.9300963888889
 30
0.0
  0
VERTEX
  5
1AF
330
1AC
100
AcDbEntity
  8
DEFAULT
 62
     7
100
AcDbVertex
100
AcDb2dVertex
 10
51.83953027777777
 20
114.9300963888889
 30
0.0
  0
SEQEND
  5
1B0
330
1AC
100
AcDbEntity
  8
DEFAULT
 62
     7
  0
SPLINE
  5
1B1
330
1F
100
AcDbEntity
  8
DEFAULT
 62
     5
100
AcDbSpline
210
0.0
220
0.0
230
1.0
 70
     8
 71
     3
 72
    44
 73
    40
 74
     0
 42
0.000000001
 43
0.0000000001
 40
0.0
 40
0.0
 40
0.0
 40
0.0
 40
1.0
 40
1.0
 40
1.0
 40
2.0
 40
2.0
 40
2.0
 40
3.0
 40
3.0
 40
3.0
 40
4.0
 40
4.0
 40
4.0
 40
5.0
 40
5.0
 40
5.0
 40
6.0
 40
6.0
 40
6.0
 40
7.0
 40
7.0
 40
7.0
 40
8.0
 40
8.0
 40
8.0
 40
9.0
 40
9.0
 40
9.0
 40
10.0
 40
10.0
 40
10.0
 40
11.0
 40
11.0
 40
11.0
 40
12.0
 40
12.0
 40
12.0
 40
13.0
 40
13.0
 40
13.0
 40
13.0
 10
60.76519611111111
 20
115.0813322222222
 30
0.0
 10
60.76519611111111
 20
117.75821
 30
0.0
 10
60.83786833333333
 20
119.5485572222222
 30
0.0
 10
60.81070444444444
 20
120.7836322222222
 30
0.0
 10
60.74261833333333
 20
123.9201794444444
 30
0.0
 10
61.23121555555555
 20
129.8045127777778
 30
0.0
 10
59.82469055555556
 20
130.3474377777778
 30
0.0
 10
59.09973222222222
 20
130.6275433333333
 30
0.0
 10
58.11548222222222
 20
129.1508155555556
 30
0.0
 10
56.48741277777778
 20
128.0473266666667
 30
0.0
 10
53.97881
 20
126.3469377777778
 30
0.0
 10
50.14129333333333
 20
124.0990377777778
 30
0.0
 10
47.13844888888889
 20
123.9293516666667
 30
0.0
 10
46.06282944444444
 20
123.8686738888889
 30
0.0
 10
44.91136277777778
 20
125.1450238888889
 30
0.0
 10
44.42735166666667
 20
121.463435
 30
0.0
 10
44.20157388888889
 20
119.7436433333333
 30
0.0
 10
44.21180444444445
 20
112.3885794444444
 30
0.0
 10
44.21744888888889
 20
111.8107294444444
 30
0.0
 10
44.27424611111111
 20
105.79481
 30
0.0
 10
40.51963222222222
 20
104.4249738888889
 30
0.0
 10
43.32986
 20
103.3461794444444
 30
0.0
 10
44.97062944444445
 20
102.7161183333333
 30
0.0
 10
44.34444888888889
 20
106.4432155555556
 30
0.0
 10
48.60953222222223
 20
106.5056572222222
 30
0.0
 10
51.78276833333334
 20
106.5522238888889
 30
0.0
 10
52.75819888888888
 20
104.6578072222222
 30
0.0
 10
53.41542388888889
 20
103.4982266666667
 30
0.0
 10
54.22469611111111
 20
102.0698294444445
 30
0.0
 10
54.92496
 20
102.5115072222222
 30
0.0
 10
56.49940722222222
 20
101.6027516666667
 30
0.0
 10
57.36829888888889
 20
101.1018072222222
 30
0.0
 10
58.94062944444445
 20
100.0307738888889
 30
0.0
 10
59.70650999999999
 20
100.7970072222222
 30
0.0
 10
60.35985444444444
 20
101.4499988888889
 30
0.0
 10
59.32268777777778
 20
104.0129294444444
 30
0.0
 10
59.91535444444445
 20
105.45826
 30
0.0
 10
60.45369333333333
 20
106.7712988888889
 30
0.0
 10
60.76519611111111
 20
109.6647822222222
 30
0.0
 10
60.76519611111111
 20
112.20831
 30
0.0
  0
SPLINE
  5
1B2
330
1F
100
AcDbEntity
  8
DEFAULT
 62
     1
100
AcDbSpline
210
0.0
220
0.0
230
1.0
 70
     8
 71
     3
 72
    38
 73
    34
 74
     0
 42
0.000000001
 43
0.0000000001
 40
0.0
 40
0.0
 40
0.0
 40
0.0
 40
3.759999999999991
 40
3.759999999999991
 40
3.759999999999991
 40
16.66
 40
16.66
 40
16.66
 40
17.66
 40
17.66
 40
17.66
 40
18.66
 40
18.66
 40
18.66
 40
19.66
 40
19.66
 40
19.66
 40
20.66
 40
20.66
 40
20.66
 40
21.66
 40
21.66
 40
21.66
 40
22.66
 40
22.66
 40
22.66
 40
23.66
 40
23.66
 40
23.66
 40
24.66
 40
24.66
 40
24.66
 40
25.66
 40
25.66
 40
25.66
 40
25.66
 10
53.93996916666666
 20
113.4717836111111
 30
0.0
 10
53.93996916666666
 20
113.029635462963
 30
0.0
 10
53.93996916666666
 20
112.5874873148148
 30
0.0
 10
53.93996916666666
 20
112.1453391666667
 30
0.0
 10
55.4569136111111
 20
112.1453391666667
 30
0.0
 10
56.97385805555555
 20
112.1453391666667
 30
0.0
 10
58.49080249999999
 20
112.1453391666667
 30
0.0
 10
59.62674694444444
 20
112.1453391666667
 30
0.0
 10
59.50327472222222
 20
112.2088391666667
 30
0.0
 10
60.76621916666666
 20
112.2088391666667
 30
0.0
 10
62.03269138888889
 20
112.2088391666667
 30
0.0
 10
61.90216361111111
 20
112.1453391666667
 30
0.0
 10
63.03810805555555
 20
112.1453391666667
 30
0.0
 10
63.10866361111111
 20
109.5524225
 30
0.0
 10
62.57949694444444
 20
106.6843391666667
 30
0.0
 10
61.76458027777777
 20
104.6982002777778
 30
0.0
 10
60.96377472222222
 20
102.7402836111111
 30
0.0
 10
62.76294138888888
 20
101.4597002777778
 30
0.0
 10
61.27421916666666
 20
99.55470027777778
 30
0.0
 10
60.30055249999999
 20
98.31292250000001
 30
0.0
 10
58.92471916666666
 20
98.73978361111111
 30
0.0
 10
56.16246916666667
 20
99.80870027777777
 30
0.0
 10
51.89033027777777
 20
101.4667558333333
 30
0.0
 10
53.54838583333333
 20
103.1424502777778
 30
0.0
 10
50.5356636111111
 20
104.1408113888889
 30
0.0
 10
45.64263583333332
 20
105.7600613888889
 30
0.0
 10
46.54221916666666
 20
101.4808669444444
 30
0.0
 10
44.97235805555555
 20
101.4103113888889
 30
0.0
 10
43.37427472222222
 20
101.3397558333333
 30
0.0
 10
42.25244138888889
 20
101.6960613888889
 30
0.0
 10
41.2188025
 20
102.5003947222222
 30
0.0
 10
38.6788025
 20
104.4724225
 30
0.0
 10
43.9175525
 20
105.8094502777778
 30
0.0
 10
43.54713583333333
 20
111.5173947222222
 30
0.0
  0
SPLINE
  5
1B3
330
1F
100
AcDbEntity
  8
DEFAULT
 62
     1
100
AcDbSpline
210
0.0
220
0.0
230
1.0
 70
     8
 71
     3
 72
    29
 73
    25
 74
     0
 42
0.000000001
 43
0.0000000001
 40
0.0
 40
0.0
 40
0.0
 40
0.0
 40
1.0
 40
1.0
 40
1.0
 40
2.0
 40
2.0
 40
2.0
 40
3.0
 40
3.0
 40
3.0
 40
4.0
 40
4.0
 40
4.0
 40
5.0
 40
5.0
 40
5.0
 40
6.0
 40
6.0
 40
6.0
 40
18.90000000000001
 40
18.90000000000001
 40
18.90000000000001
 40
22.65000000000001
 40
22.65000000000001
 40
22.65000000000001
 40
22.65000000000001
 10
43.52251194444445
 20
111.8737708333333
 30
0.0
 10
43.4660675
 20
112.8897708333333
 30
0.0
 10
43.53662305555556
 20
114.6783541666667
 30
0.0
 10
43.53662305555556
 20
115.5955763888889
 30
0.0
 10
43.53662305555556
 20
119.4972986111111
 30
0.0
 10
43.29673416666667
 20
127.3748263888889
 30
0.0
 10
47.29370638888889
 20
126.1542152777778
 30
0.0
 10
51.95390083333334
 20
124.7325208333333
 30
0.0
 10
56.9598175
 20
132.6664930555555
 30
0.0
 10
60.19478972222222
 20
132.3701597222222
 30
0.0
 10
63.4050675
 20
132.0773541666667
 30
0.0
 10
62.49490083333333
 20
121.6986319444444
 30
0.0
 10
63.03817861111111
 20
115.1440208333333
 30
0.0
 10
61.90223416666666
 20
115.1440208333333
 30
0.0
 10
62.03276194444444
 20
115.0805208333333
 30
0.0
 10
60.76628972222222
 20
115.0805208333333
 30
0.0
 10
59.50334527777778
 20
115.0805208333333
 30
0.0
 10
59.6268175
 20
115.1440208333333
 30
0.0
 10
58.49087305555555
 20
115.1440208333333
 30
0.0
 10
56.97392861111111
 20
115.1440208333333
 30
0.0
 10
55.45698416666666
 20
115.1440208333333
 30
0.0
 10
53.94003972222222
 20
115.1440208333333
 30
0.0
 10
53.94003972222222
 20
114.7030486111111
 30
0.0
 10
53.94003972222222
 20
114.2620763888889
 30
0.0
 10
53.94003972222222
 20
113.8211041666667
 30
0.0
  0
SPLINE
  5
1B4
330
1F
100
AcDbEntity
  8
DEFAULT
 62
     3
100
AcDbSpline
210
0.0
220
0.0
230
1.0
 70
     8
 71
     3
 72
    68
 73
    64
 74
     0
 42
0.000000001
 43
0.0000000001
 40
0.0
 40
0.0
 40
0.0
 40
0.0
 40
1.0
 40
1.0
 40
1.0
 40
2.0
 40
2.0
 40
2.0
 40
3.0
 40
3.0
 40
3.0
 40
4.0
 40
4.0
 40
4.0
 40
5.0
 40
5.0
 40
5.0
 40
6.0
 40
6.0
 40
6.0
 40
7.0
 40
7.0
 40
7.0
 40
8.0
 40
8.0
 40
8.0
 40
9.0
 40
9.0
 40
9.0
 40
10.0
 40
10.0
 40
10.0
 40
11.0
 40
11.0
 40
11.0
 40
12.0
 40
12.0
 40
12.0
 40
13.0
 40
13.0
 40
13.0
 40
14.0
 40
14.0
 40
14.0
 40
15.0
 40
15.0
 40
15.0
 40
16.0
 40
16.0
 40
16.0
 40
17.0
 40
17.0
 40
17.0
 40
18.0
 40
18.0
 40
18.0
 40
19.0
 40
19.0
 40
19.0
 40
20.0
 40
20.0
 40
20.0
 40
21.0
 40
21.0
 40
21.0
 40
21.0
 10
58.48956777777777
 20
112.1449158333333
 30
0.0
 10
58.48956777777777
 20
110.5835213888889
 30
0.0
 10
59.03813722222222
 20
109.8994852777778
 30
0.0
 10
58.92665944444444
 20
108.8714908333333
 30
0.0
 10
58.52202333333334
 20
105.1362797222222
 30
0.0
 10
57.46369
 20
111.0816436111111
 30
0.0
 10
54.38217611111111
 20
109.8056463888889
 30
0.0
 10
52.53256222222222
 20
109.0394130555555
 30
0.0
 10
54.97166777777777
 20
106.1561602777778
 30
0.0
 10
55.31597888888888
 20
105.8298408333333
 30
0.0
 10
56.96592055555556
 20
104.2649186111111
 30
0.0
 10
58.71569833333333
 20
106.7650547222222
 30
0.0
 10
58.24191777777777
 20
105.1987213888889
 30
0.0
 10
57.83728166666667
 20
103.8602825
 30
0.0
 10
58.80212888888888
 20
101.9923241666667
 30
0.0
 10
58.38832055555555
 20
102.2562019444444
 30
0.0
 10
57.91983166666666
 20
102.5546519444444
 30
0.0
 10
57.01248722222221
 20
103.2841963888889
 30
0.0
 10
55.54140388888889
 20
103.6412075
 30
0.0
 10
54.95649833333332
 20
103.7830241666667
 30
0.0
 10
54.66510388888888
 20
104.3354741666667
 30
0.0
 10
54.66510388888888
 20
104.3354741666667
 30
0.0
 10
53.99024
 20
105.5317436111111
 30
0.0
 10
52.06477888888889
 20
108.6848713888889
 30
0.0
 10
48.38495388888889
 20
108.1246602777778
 30
0.0
 10
44.58624277777778
 20
107.5461047222222
 30
0.0
 10
44.28320666666666
 20
105.6961380555555
 30
0.0
 10
45.03568166666666
 20
107.4000547222222
 30
0.0
 10
46.53816222222221
 20
110.8015380555555
 30
0.0
 10
44.85470666666667
 20
111.9395991666667
 30
0.0
 10
46.97384277777778
 20
110.6770075
 30
0.0
 10
52.98129555555555
 20
107.0973713888889
 30
0.0
 10
52.83983166666665
 20
111.9223130555555
 30
0.0
 10
49.38260944444444
 20
111.0505991666667
 30
0.0
 10
48.35673166666667
 20
110.7920130555556
 30
0.0
 10
48.34332611111111
 20
112.0616602777778
 30
0.0
 10
48.34332611111111
 20
113.6449269444444
 30
0.0
 10
48.34332611111111
 20
115.4557352777778
 30
0.0
 10
46.38258722222222
 20
115.4557352777778
 30
0.0
 10
46.97384277777778
 20
113.4163269444444
 30
0.0
 10
47.56933166666666
 20
111.3621019444444
 30
0.0
 10
47.56933166666666
 20
111.3621019444444
 30
0.0
 10
46.66269277777777
 20
111.9223130555555
 30
0.0
 10
45.37293722222221
 20
112.7181797222222
 30
0.0
 10
45.71230944444444
 20
113.0981213888889
 30
0.0
 10
45.71089833333333
 20
114.3155575
 30
0.0
 10
45.70737055555555
 20
117.1039130555556
 30
0.0
 10
45.86400388888888
 20
121.1799075
 30
0.0
 10
46.10953722222222
 20
122.2675213888889
 30
0.0
 10
46.24747333333333
 20
122.8788852777778
 30
0.0
 10
46.75970666666667
 20
122.1204130555555
 30
0.0
 10
49.09050944444444
 20
122.5261075
 30
0.0
 10
56.1252511111111
 20
123.7505991666667
 30
0.0
 10
43.53531777777778
 20
116.8573213888889
 30
0.0
 10
51.83970666666666
 20
116.8573213888889
 30
0.0
 10
62.70349833333333
 20
116.8573213888889
 30
0.0
 10
48.90000944444444
 20
121.7912713888889
 30
0.0
 10
55.79328722222222
 20
124.9126491666667
 30
0.0
 10
57.99285666666667
 20
125.9088936111111
 30
0.0
 10
59.19653444444444
 20
127.7140575
 30
0.0
 10
59.29107888888888
 20
126.8218825
 30
0.0
 10
59.52779277777778
 20
124.5930325
 30
0.0
 10
58.49027333333333
 20
122.3811158333333
 30
0.0
 10
58.49027333333333
 20
115.1449380555556
 30
0.0
  0
SPLINE
  5
1B5
330
1F
100
AcDbEntity
  8
DEFAULT
 62
     3
100
AcDbSpline
210
0.0
220
0.0
230
1.0
 70
    11
 71
     3
 72
    17
 73
    13
 74
     0
 42
0.000000001
 43
0.0000000001
 40
0.0
 40
0.0
 40
0.0
 40
0.0
 40
1.0
 40
1.0
 40
1.0
 40
2.0
 40
2.0
 40
2.0
 40
3.0
 40
3.0
 40
3.0
 40
4.0
 40
4.0
 40
4.0
 40
4.0
 10
99.36218944444444
 20
118.8106519444444
 30
0.0
 10
99.36218944444444
 20
119.2230491666666
 30
0.0
 10
100.6025561111111
 20
121.9295602777778
 30
0.0
 10
100.9740311111111
 20
121.1770852777778
 30
0.0
 10
101.3529144444444
 20
120.4097936111111
 30
0.0
 10
102.4624005555556
 20
119.2230491666666
 30
0.0
 10
102.4624005555556
 20
118.8106519444444
 30
0.0
 10
102.4624005555556
 20
118.3979019444444
 30
0.0
 10
101.7681338888889
 20
118.0634686111111
 30
0.0
 10
100.912295
 20
118.0634686111111
 30
0.0
 10
100.0561033333333
 20
118.0634686111111
 30
0.0
 10
99.36218944444444
 20
118.3979019444444
 30
0.0
 10
99.36218944444444
 20
118.8106519444444
 30
0.0
  0
POLYLINE
  5
1B6
330
1F
100
AcDbEntity
  8
DEFAULT
 62
     7
100
AcDb2dPolyline
 66
     1
 10
0.0
 20
0.0
 30
0.0
  0
VERTEX
  5
1B7
330
1B6
100
AcDbEntity
  8
DEFAULT
 62
     7
100
AcDbVertex
100
AcDb2dVertex
 10
100.5107633333333
 20
112.1449158333333
 30
0.0
  0
VERTEX
  5
1B8
330
1B6
100
AcDbEntity
  8
DEFAULT
 62
     7
100
AcDbVertex
100
AcDb2dVertex
 10
100.5107633333333
 20
115.1449380555556
 30
0.0
  0
SEQEND
  5
1B9
330
1B6
100
AcDbEntity
  8
DEFAULT
 62
     7
  0
SPLINE
  5
1BA
330
1F
100
AcDbEntity
  8
DEFAULT
 62
     7
100
AcDbSpline
210
0.0
220
0.0
230
1.0
 70
     8
 71
     3
 72
    17
 73
    13
 74
     0
 42
0.000000001
 43
0.0000000001
 40
0.0
 40
0.0
 40
0.0
 40
0.0
 40
1.0
 40
1.0
 40
1.0
 40
2.0
 40
2.0
 40
2.0
 40
3.0
 40
3.0
 40
3.0
 40
4.0
 40
4.0
 40
4.0
 40
4.0
 10
101.6199319444444
 20
113.6743486111111
 30
0.0
 10
101.5730125
 20
113.7526652777778
 30
0.0
 10
101.5109236111111
 20
113.9255263888889
 30
0.0
 10
101.5109236111111
 20
114.1460125
 30
0.0
 10
101.5109236111111
 20
114.6416652777778
 30
0.0
 10
101.8968625
 20
114.9637513888889
 30
0.0
 10
102.4736541666667
 20
114.9637513888889
 30
0.0
 10
103.0543263888889
 20
114.9637513888889
 30
0.0
 10
103.4755430555555
 20
114.6176763888889
 30
0.0
 10
103.4755430555555
 20
114.0814541666666
 30
0.0
 10
103.4755430555555
 20
113.9050652777778
 30
0.0
 10
103.4247430555556
 20
113.7491375
 30
0.0
 10
103.3778236111111
 20
113.6676458333333
 30
0.0
  0
POLYLINE
  5
1BB
330
1F
100
AcDbEntity
  8
DEFAULT
 62
     7
100
AcDb2dPolyline
 66
     1
 10
0.0
 20
0.0
 30
0.0
  0
VERTEX
  5
1BC
330
1BB
100
AcDbEntity
  8
DEFAULT
 62
     7
100
AcDbVertex
100
AcDb2dVertex
 10
103.3581386111111
 20
112.9925702777778
 30
0.0
  0
VERTEX
  5
1BD
330
1BB
100
AcDbEntity
  8
DEFAULT
 62
     7
100
AcDbVertex
100
AcDb2dVertex
 10
104.0446441666667
 20
112.3596869444444
 30
0.0
  0
VERTEX
  5
1BE
330
1BB
100
AcDbEntity
  8
DEFAULT
 62
     7
100
AcDbVertex
100
AcDb2dVertex
 10
101.5109941666667
 20
112.3596869444444
 30
0.0
  0
SEQEND
  5
1BF
330
1BB
100
AcDbEntity
  8
DEFAULT
 62
     7
  0
SPLINE
  5
1C0
330
1F
100
AcDbEntity
  8
DEFAULT
 62
     3
100
AcDbSpline
210
0.0
220
0.0
230
1.0
 70
     8
 71
     3
 72
    68
 73
    64
 74
     0
 42
0.000000001
 43
0.0000000001
 40
0.0
 40
0.0
 40
0.0
 40
0.0
 40
1.0
 40
1.0
 40
1.0
 40
2.0
 40
2.0
 40
2.0
 40
3.0
 40
3.0
 40
3.0
 40
4.0
 40
4.0
 40
4.0
 40
5.0
 40
5.0
 40
5.0
 40
6.0
 40
6.0
 40
6.0
 40
7.0
 40
7.0
 40
7.0
 40
8.0
 40
8.0
 40
8.0
 40
9.0
 40
9.0
 40
9.0
 40
10.0
 40
10.0
 40
10.0
 40
11.0
 40
11.0
 40
11.0
 40
12.0
 40
12.0
 40
12.0
 40
13.0
 40
13.0
 40
13.0
 40
14.0
 40
14.0
 40
14.0
 40
15.0
 40
15.0
 40
15.0
 40
16.0
 40
16.0
 40
16.0
 40
17.0
 40
17.0
 40
17.0
 40
18.0
 40
18.0
 40
18.0
 40
19.0
 40
19.0
 40
19.0
 40
20.0
 40
20.0
 40
20.0
 40
21.0
 40
21.0
 40
21.0
 40
21.0
 10
94.86081555555555
 20
112.1449158333333
 30
0.0
 10
94.86081555555555
 20
110.5835213888889
 30
0.0
 10
94.3122461111111
 20
109.8994852777778
 30
0.0
 10
94.42372388888889
 20
108.8714908333333
 30
0.0
 10
94.82835999999999
 20
105.1362797222222
 30
0.0
 10
95.88669333333333
 20
111.0816436111111
 30
0.0
 10
98.96855999999998
 20
109.8056463888889
 30
0.0
 10
100.8178211111111
 20
109.0394130555555
 30
0.0
 10
98.37871555555553
 20
106.1561602777778
 30
0.0
 10
98.03475722222221
 20
105.8298408333333
 30
0.0
 10
96.38481555555553
 20
104.2649186111111
 30
0.0
 10
94.63503777777777
 20
106.7650547222222
 30
0.0
 10
95.10846555555554
 20
105.1987213888889
 30
0.0
 10
95.51345444444443
 20
103.8602825
 30
0.0
 10
94.54825444444442
 20
101.9923241666667
 30
0.0
 10
94.96206277777776
 20
102.2562019444444
 30
0.0
 10
95.43090444444442
 20
102.5546519444444
 30
0.0
 10
96.3378961111111
 20
103.2841963888889
 30
0.0
 10
97.80897944444442
 20
103.6412075
 30
0.0
 10
98.39388499999998
 20
103.7830241666667
 30
0.0
 10
98.68527944444443
 20
104.3354741666667
 30
0.0
 10
98.68527944444443
 20
104.3354741666667
 30
0.0
 10
99.36049611111109
 20
105.5317436111111
 30
0.0
 10
101.2856044444444
 20
108.6848713888889
 30
0.0
 10
104.9657822222222
 20
108.1246602777778
 30
0.0
 10
108.7644933333333
 20
107.5461047222222
 30
0.0
 10
109.0675294444444
 20
105.6961380555555
 30
0.0
 10
108.3147016666667
 20
107.4000547222222
 30
0.0
 10
106.8125738888889
 20
110.8015380555555
 30
0.0
 10
108.4956766666666
 20
111.9395991666667
 30
0.0
 10
106.3768933333333
 20
110.6770075
 30
0.0
 10
100.3690877777778
 20
107.0973713888889
 30
0.0
 10
100.5109044444444
 20
111.9223130555555
 30
0.0
 10
103.9677738888889
 20
111.0505991666667
 30
0.0
 10
104.9940044444444
 20
110.7920130555556
 30
0.0
 10
105.0070572222222
 20
112.0616602777778
 30
0.0
 10
105.0070572222222
 20
113.6449269444444
 30
0.0
 10
105.0070572222222
 20
115.4557352777778
 30
0.0
 10
106.9681488888889
 20
115.4557352777778
 30
0.0
 10
106.3768933333333
 20
113.4163269444444
 30
0.0
 10
105.7810516666666
 20
111.3621019444444
 30
0.0
 10
105.7810516666666
 20
111.3621019444444
 30
0.0
 10
106.6880433333333
 20
111.9223130555555
 30
0.0
 10
107.9774461111111
 20
112.7181797222222
 30
0.0
 10
107.6380738888889
 20
113.0981213888889
 30
0.0
 10
107.6398377777778
 20
114.3155575
 30
0.0
 10
107.6430127777778
 20
117.1039130555556
 30
0.0
 10
107.4863794444444
 20
121.1799075
 30
0.0
 10
107.2411988888889
 20
122.2675213888889
 30
0.0
 10
107.10291
 20
122.8788852777778
 30
0.0
 10
106.5906766666667
 20
122.1204130555555
 30
0.0
 10
104.2602266666667
 20
122.5261075
 30
0.0
 10
97.22513222222221
 20
123.7505991666667
 30
0.0
 10
109.8154183333333
 20
116.8573213888889
 30
0.0
 10
101.5110294444444
 20
116.8573213888889
 30
0.0
 10
90.64688499999998
 20
116.8573213888889
 30
0.0
 10
104.4507266666667
 20
121.7912713888889
 30
0.0
 10
97.55744888888887
 20
124.9126491666667
 30
0.0
 10
95.35752666666666
 20
125.9088936111111
 30
0.0
 10
94.15420166666665
 20
127.7140575
 30
0.0
 10
94.05930444444444
 20
126.8218825
 30
0.0
 10
93.82259055555555
 20
124.5930325
 30
0.0
 10
94.86010999999998
 20
122.3811158333333
 30
0.0
 10
94.86010999999998
 20
115.1449380555556
 30
0.0
  0
SPLINE
  5
1C1
330
1F
100
AcDbEntity
  8
DEFAULT
 62
     5
100
AcDbSpline
210
0.0
220
0.0
230
1.0
 70
     8
 71
     3
 72
    44
 73
    40
 74
     0
 42
0.000000001
 43
0.0000000001
 40
0.0
 40
0.0
 40
0.0
 40
0.0
 40
1.0
 40
1.0
 40
1.0
 40
2.0
 40
2.0
 40
2.0
 40
3.0
 40
3.0
 40
3.0
 40
4.0
 40
4.0
 40
4.0
 40
5.0
 40
5.0
 40
5.0
 40
6.0
 40
6.0
 40
6.0
 40
7.0
 40
7.0
 40
7.0
 40
8.0
 40
8.0
 40
8.0
 40
9.0
 40
9.0
 40
9.0
 40
10.0
 40
10.0
 40
10.0
 40
11.0
 40
11.0
 40
11.0
 40
12.0
 40
12.0
 40
12.0
 40
13.0
 40
13.0
 40
13.0
 40
13.0
 10
92.58515194444443
 20
115.0813322222222
 30
0.0
 10
92.58515194444443
 20
117.75821
 30
0.0
 10
92.5128325
 20
119.5485572222222
 30
0.0
 10
92.5396436111111
 20
120.7836322222222
 30
0.0
 10
92.6080825
 20
123.9201794444444
 30
0.0
 10
92.11913249999998
 20
129.8045127777778
 30
0.0
 10
93.5256575
 20
130.3474377777778
 30
0.0
 10
94.25096861111109
 20
130.6275433333333
 30
0.0
 10
95.23486583333333
 20
129.1508155555556
 30
0.0
 10
96.86293527777777
 20
128.0473266666667
 30
0.0
 10
99.37153805555556
 20
126.3469377777778
 30
0.0
 10
102.4929158333333
 20
123.9293516666667
 30
0.0
 10
106.2122519444444
 20
123.9293516666667
 30
0.0
 10
107.2892825
 20
123.9293516666667
 30
0.0
 10
108.4393380555556
 20
125.1450238888889
 30
0.0
 10
108.9229963888889
 20
121.463435
 30
0.0
 10
109.1491269444444
 20
119.7436433333333
 30
0.0
 10
109.1385436111111
 20
112.3885794444444
 30
0.0
 10
109.1332519444444
 20
111.8107294444444
 30
0.0
 10
109.0764547222222
 20
105.79481
 30
0.0
 10
112.8307158333333
 20
104.4249738888889
 30
0.0
 10
110.0204880555555
 20
103.3461794444444
 30
0.0
 10
108.3797186111111
 20
102.7161183333333
 30
0.0
 10
109.0058991666667
 20
106.4432155555556
 30
0.0
 10
104.7411686111111
 20
106.5056572222222
 30
0.0
 10
101.5679325
 20
106.5522238888889
 30
0.0
 10
100.5921491666667
 20
104.6578072222222
 30
0.0
 10
99.93492416666666
 20
103.4982266666667
 30
0.0
 10
99.1260047222222
 20
102.0698294444445
 30
0.0
 10
98.42538805555554
 20
102.5115072222222
 30
0.0
 10
96.85094083333333
 20
101.6027516666667
 30
0.0
 10
95.98240194444443
 20
101.1018072222222
 30
0.0
 10
94.40971861111112
 20
100.0307738888889
 30
0.0
 10
93.64383805555553
 20
100.7970072222222
 30
0.0
 10
92.9904936111111
 20
101.4499988888889
 30
0.0
 10
94.08445749999998
 20
104.0372711111111
 30
0.0
 10
93.43534638888889
 20
105.45826
 30
0.0
 10
92.51071583333332
 20
107.4814405555556
 30
0.0
 10
92.58515194444443
 20
109.6647822222222
 30
0.0
 10
92.58515194444443
 20
112.20831
 30
0.0
  0
SPLINE
  5
1C2
330
1F
100
AcDbEntity
  8
DEFAULT
 62
     1
100
AcDbSpline
210
0.0
220
0.0
230
1.0
 70
     8
 71
     3
 72
    38
 73
    34
 74
     0
 42
0.000000001
 43
0.0000000001
 40
0.0
 40
0.0
 40
0.0
 40
0.0
 40
3.75
 40
3.75
 40
3.75
 40
16.63999999999999
 40
16.63999999999999
 40
16.63999999999999
 40
17.63999999999999
 40
17.63999999999999
 40
17.63999999999999
 40
18.63999999999999
 40
18.63999999999999
 40
18.63999999999999
 40
19.63999999999999
 40
19.63999999999999
 40
19.63999999999999
 40
20.63999999999999
 40
20.63999999999999
 40
20.63999999999999
 40
21.63999999999999
 40
21.63999999999999
 40
21.63999999999999
 40
22.63999999999999
 40
22.63999999999999
 40
22.63999999999999
 40
23.63999999999999
 40
23.63999999999999
 40
23.63999999999999
 40
24.63999999999999
 40
24.63999999999999
 40
24.63999999999999
 40
25.63999999999999
 40
25.63999999999999
 40
25.63999999999999
 40
25.63999999999999
 10
99.40953222222221
 20
113.4683263888889
 30
0.0
 10
99.40953222222221
 20
113.0273541666667
 30
0.0
 10
99.40953222222221
 20
112.5863819444444
 30
0.0
 10
99.40953222222221
 20
112.1454097222222
 30
0.0
 10
97.8937637037037
 20
112.1454097222222
 30
0.0
 10
96.37799518518518
 20
112.1454097222222
 30
0.0
 10
94.86222666666666
 20
112.1454097222222
 30
0.0
 10
93.72275444444443
 20
112.1454097222222
 30
0.0
 10
93.84622666666667
 20
112.2089097222222
 30
0.0
 10
92.58681
 20
112.2089097222222
 30
0.0
 10
91.32033777777777
 20
112.2089097222222
 30
0.0
 10
91.44733777777776
 20
112.1454097222222
 30
0.0
 10
90.31139333333331
 20
112.1454097222222
 30
0.0
 10
90.24436555555555
 20
109.5524930555555
 30
0.0
 10
90.77000444444442
 20
106.6844097222222
 30
0.0
 10
91.5849211111111
 20
104.6982708333333
 30
0.0
 10
92.38925444444445
 20
102.7403541666666
 30
0.0
 10
90.58655999999999
 20
101.4597708333333
 30
0.0
 10
92.07881
 20
99.55477083333332
 30
0.0
 10
93.04894888888889
 20
98.31299305555555
 30
0.0
 10
94.4247822222222
 20
98.73985416666665
 30
0.0
 10
97.1870322222222
 20
99.80877083333333
 30
0.0
 10
101.4626988888889
 20
101.4668263888889
 30
0.0
 10
99.80111555555555
 20
103.1425208333333
 30
0.0
 10
102.8138377777778
 20
104.1408819444444
 30
0.0
 10
107.7068655555555
 20
105.7601319444444
 30
0.0
 10
106.81081
 20
101.4809375
 30
0.0
 10
108.3771433333333
 20
101.4103819444444
 30
0.0
 10
109.9787544444444
 20
101.3398263888889
 30
0.0
 10
111.09706
 20
101.6961319444444
 30
0.0
 10
112.1306988888889
 20
102.5004652777778
 30
0.0
 10
114.6742266666666
 20
104.4724930555555
 30
0.0
 10
109.4354766666667
 20
105.8095208333333
 30
0.0
 10
109.8023655555555
 20
111.5174652777778
 30
0.0
  0
SPLINE
  5
1C3
330
1F
100
AcDbEntity
  8
DEFAULT
 62
     1
100
AcDbSpline
210
0.0
220
0.0
230
1.0
 70
     8
 71
     3
 72
    29
 73
    25
 74
     0
 42
0.000000001
 43
0.0000000001
 40
0.0
 40
0.0
 40
0.0
 40
0.0
 40
3.759999999999991
 40
3.759999999999991
 40
3.759999999999991
 40
16.65999999999997
 40
16.65999999999997
 40
16.65999999999997
 40
17.65999999999997
 40
17.65999999999997
 40
17.65999999999997
 40
18.65999999999997
 40
18.65999999999997
 40
18.65999999999997
 40
19.65999999999997
 40
19.65999999999997
 40
19.65999999999997
 40
20.65999999999997
 40
20.65999999999997
 40
20.65999999999997
 40
21.65999999999997
 40
21.65999999999997
 40
21.65999999999997
 40
22.65999999999997
 40
22.65999999999997
 40
22.65999999999997
 40
22.65999999999997
 10
99.40953222222221
 20
113.8175058333333
 30
0.0
 10
99.40953222222221
 20
114.2596539814815
 30
0.0
 10
99.40953222222221
 20
114.7018021296296
 30
0.0
 10
99.40953222222221
 20
115.1439502777778
 30
0.0
 10
97.89258777777776
 20
115.1439502777778
 30
0.0
 10
96.37564333333334
 20
115.1439502777778
 30
0.0
 10
94.85869888888888
 20
115.1439502777778
 30
0.0
 10
93.72275444444443
 20
115.1439502777778
 30
0.0
 10
93.84622666666667
 20
115.0804502777778
 30
0.0
 10
92.58681
 20
115.0804502777778
 30
0.0
 10
91.32033777777777
 20
115.0804502777778
 30
0.0
 10
91.44733777777776
 20
115.1439502777778
 30
0.0
 10
90.31139333333331
 20
115.1439502777778
 30
0.0
 10
90.8546711111111
 20
121.6985613888889
 30
0.0
 10
89.94803222222221
 20
132.0772836111111
 30
0.0
 10
93.15478222222221
 20
132.3700891666667
 30
0.0
 10
96.38975444444443
 20
132.6664225
 30
0.0
 10
101.3991988888889
 20
124.7324502777778
 30
0.0
 10
106.0558655555555
 20
126.1541447222222
 30
0.0
 10
110.0528377777778
 20
127.3747558333333
 30
0.0
 10
109.8129488888889
 20
119.4972280555556
 30
0.0
 10
109.8129488888889
 20
115.5955058333333
 30
0.0
 10
109.8129488888889
 20
114.6782836111111
 30
0.0
 10
109.8835044444444
 20
112.8897002777778
 30
0.0
 10
109.82706
 20
111.8737002777778
 30
0.0
  0
POLYLINE
  5
1C4
330
1F
100
AcDbEntity
  8
DEFAULT
 62
     7
100
AcDb2dPolyline
 66
     1
 10
0.0
 20
0.0
 30
0.0
  0
VERTEX
  5
1C5
330
1C4
100
AcDbEntity
  8
DEFAULT
 62
     7
100
AcDbVertex
100
AcDb2dVertex
 10
53.01290444444444
 20
274.5677205555555
 30
0.0
  0
VERTEX
  5
1C6
330
1C4
100
AcDbEntity
  8
DEFAULT
 62
     7
100
AcDbVertex
100
AcDb2dVertex
 10
53.01290444444444
 20
271.5676983333333
 30
0.0
  0
SEQEND
  5
1C7
330
1C4
100
AcDbEntity
  8
DEFAULT
 62
     7
  0
SPLINE
  5
1C8
330
1F
100
AcDbEntity
  8
DEFAULT
 62
     7
100
AcDbSpline
210
0.0
220
0.0
230
1.0
 70
     8
 71
     3
 72
    17
 73
    13
 74
     0
 42
0.000000001
 43
0.0000000001
 40
0.0
 40
0.0
 40
0.0
 40
0.0
 40
3.072000000000003
 40
3.072000000000003
 40
3.072000000000003
 40
4.072000000000003
 40
4.072000000000003
 40
4.072000000000003
 40
5.072000000000003
 40
5.072000000000003
 40
5.072000000000003
 40
6.072000000000003
 40
6.072000000000003
 40
6.072000000000003
 40
6.072000000000003
 10
52.18743972222222
 20
272.9035619444444
 30
0.0
 10
51.82619527777777
 20
272.9035619444444
 30
0.0
 10
51.46495083333332
 20
272.9035619444444
 30
0.0
 10
51.10370638888888
 20
272.9035619444444
 30
0.0
 10
50.79961194444444
 20
272.9035619444444
 30
0.0
 10
50.54243694444443
 20
272.7733869444444
 30
0.0
 10
50.54243694444443
 20
272.3997952777777
 30
0.0
 10
50.54243694444443
 20
272.1436786111111
 30
0.0
 10
50.69836472222222
 20
271.9408313888889
 30
0.0
 10
50.88533694444443
 20
271.8692174999999
 30
0.0
 10
50.93225638888888
 20
271.8466397222222
 30
0.0
 10
50.98270361111111
 20
271.8420536111111
 30
0.0
 10
51.04902583333332
 20
271.8420536111111
 30
0.0
  0
POLYLINE
  5
1C9
330
1F
100
AcDbEntity
  8
DEFAULT
 62
     7
100
AcDb2dPolyline
 66
     1
 10
0.0
 20
0.0
 30
0.0
  0
VERTEX
  5
1CA
330
1C9
100
AcDbEntity
  8
DEFAULT
 62
     7
100
AcDbVertex
100
AcDb2dVertex
 10
52.18743972222222
 20
271.8421241666666
 30
0.0
  0
VERTEX
  5
1CB
330
1C9
100
AcDbEntity
  8
DEFAULT
 62
     7
100
AcDbVertex
100
AcDb2dVertex
 10
49.41989805555555
 20
271.8421241666666
 30
0.0
  0
SEQEND
  5
1CC
330
1C9
100
AcDbEntity
  8
DEFAULT
 62
     7
  0
POLYLINE
  5
1CD
330
1F
100
AcDbEntity
  8
DEFAULT
 62
     7
100
AcDb2dPolyline
 66
     1
 10
0.0
 20
0.0
 30
0.0
  0
VERTEX
  5
1CE
330
1CD
100
AcDbEntity
  8
DEFAULT
 62
     7
100
AcDbVertex
100
AcDb2dVertex
 10
50.34018944444442
 20
273.4480744444444
 30
0.0
  0
VERTEX
  5
1CF
330
1CD
100
AcDbEntity
  8
DEFAULT
 62
     7
100
AcDbVertex
100
AcDb2dVertex
 10
49.65368388888889
 20
274.2936827777777
 30
0.0
  0
VERTEX
  5
1D0
330
1CD
100
AcDbEntity
  8
DEFAULT
 62
     7
100
AcDbVertex
100
AcDb2dVertex
 10
52.18733388888888
 20
274.2936827777778
 30
0.0
  0
SEQEND
  5
1D1
330
1CD
100
AcDbEntity
  8
DEFAULT
 62
     7
  0
SPLINE
  5
1D2
330
1F
100
AcDbEntity
  8
DEFAULT
 62
     1
100
AcDbSpline
210
0.0
220
0.0
230
1.0
 70
     8
 71
     3
 72
    29
 73
    25
 74
     0
 42
0.000000001
 43
0.0000000001
 40
0.0
 40
0.0
 40
0.0
 40
0.0
 40
3.75
 40
3.75
 40
3.75
 40
16.65000000000001
 40
16.65000000000001
 40
16.65000000000001
 40
17.65000000000001
 40
17.65000000000001
 40
17.65000000000001
 40
18.65000000000001
 40
18.65000000000001
 40
18.65000000000001
 40
19.65000000000001
 40
19.65000000000001
 40
19.65000000000001
 40
20.65000000000001
 40
20.65000000000001
 40
20.65000000000001
 40
21.65000000000001
 40
21.65000000000001
 40
21.65000000000001
 40
27.94999999999996
 40
27.94999999999996
 40
27.94999999999996
 40
27.94999999999996
 10
54.11290083333333
 20
272.8922024999999
 30
0.0
 10
54.11290083333333
 20
272.4512302777777
 30
0.0
 10
54.11290083333333
 20
272.0102580555555
 30
0.0
 10
54.11290083333333
 20
271.5692858333333
 30
0.0
 10
55.62984527777777
 20
271.5692858333333
 30
0.0
 10
57.14678972222222
 20
271.5692858333333
 30
0.0
 10
58.66373416666666
 20
271.5692858333333
 30
0.0
 10
59.7996786111111
 20
271.5692858333333
 30
0.0
 10
59.67620638888889
 20
271.6327858333333
 30
0.0
 10
60.93562305555555
 20
271.6292580555555
 30
0.0
 10
62.20209527777777
 20
271.6292580555555
 30
0.0
 10
62.07509527777776
 20
271.5692858333333
 30
0.0
 10
63.21103972222221
 20
271.5692858333333
 30
0.0
 10
63.47209527777777
 20
257.8321191666666
 30
0.0
 10
63.20751194444443
 20
261.3316747222222
 30
0.0
 10
55.46403972222222
 20
262.6404802777778
 30
0.0
 10
48.14037305555554
 20
263.8752025
 30
0.0
 10
42.4959286111111
 20
261.5362858333333
 30
0.0
 10
43.51545638888889
 20
263.8328691666666
 30
0.0
 10
44.46795638888888
 20
265.9671747222222
 30
0.0
 10
43.71301194444443
 20
267.2160080555555
 30
0.0
 10
43.71301194444443
 20
271.1177302777778
 30
0.0
 10
43.71301194444444
 20
271.8585636111111
 30
0.0
 10
43.71301194444444
 20
272.5993969444444
 30
0.0
 10
43.71301194444443
 20
273.3402302777777
 30
0.0
  0
SPLINE
  5
1D3
330
1F
100
AcDbEntity
  8
DEFAULT
 62
     1
100
AcDbSpline
210
0.0
220
0.0
230
1.0
 70
     8
 71
     3
 72
    32
 73
    28
 74
     0
 42
0.000000001
 43
0.0000000001
 40
0.0
 40
0.0
 40
0.0
 40
0.0
 40
3.75
 40
3.75
 40
3.75
 40
4.75
 40
4.75
 40
4.75
 40
5.75
 40
5.75
 40
5.75
 40
6.75
 40
6.75
 40
6.75
 40
7.75
 40
7.75
 40
7.75
 40
8.75
 40
8.75
 40
8.75
 40
9.75
 40
9.75
 40
9.75
 40
22.65000000000001
 40
22.65000000000001
 40
22.65000000000001
 40
26.41
 40
26.41
 40
26.41
 40
26.41
 10
43.71301194444444
 20
273.6930080555555
 30
0.0
 10
43.71301194444444
 20
274.1339802777778
 30
0.0
 10
43.71301194444444
 20
274.5749525
 30
0.0
 10
43.71301194444444
 20
275.0159247222222
 30
0.0
 10
43.71301194444444
 20
278.1803413888889
 30
0.0
 10
46.99031749999999
 20
280.9849247222222
 30
0.0
 10
49.43859527777777
 20
281.0907580555556
 30
0.0
 10
53.87653972222222
 20
281.2777302777778
 30
0.0
 10
56.07787305555554
 20
285.6909802777778
 30
0.0
 10
60.21948416666666
 20
289.6985358333333
 30
0.0
 10
61.9763175
 20
291.3989247222222
 30
0.0
 10
64.65390083333332
 20
284.0223413888889
 30
0.0
 10
64.90437305555555
 20
281.6481469444444
 30
0.0
 10
65.27831749999999
 20
278.0956747222222
 30
0.0
 10
63.30276194444444
 20
277.7852302777778
 30
0.0
 10
63.21103972222222
 20
274.5678969444444
 30
0.0
 10
62.07509527777776
 20
274.5678969444444
 30
0.0
 10
62.20209527777777
 20
274.5043969444444
 30
0.0
 10
60.93562305555555
 20
274.5043969444444
 30
0.0
 10
59.67620638888889
 20
274.5043969444444
 30
0.0
 10
59.7996786111111
 20
274.5678969444444
 30
0.0
 10
58.66373416666666
 20
274.5678969444444
 30
0.0
 10
57.14678972222222
 20
274.5678969444444
 30
0.0
 10
55.62984527777778
 20
274.5678969444444
 30
0.0
 10
54.11290083333333
 20
274.5678969444444
 30
0.0
 10
54.11290083333333
 20
274.1257487962963
 30
0.0
 10
54.11290083333333
 20
273.6836006481482
 30
0.0
 10
54.11290083333333
 20
273.2414525
 30
0.0
  0
SPLINE
  5
1D4
330
1F
100
AcDbEntity
  8
DEFAULT
 62
     3
100
AcDbSpline
210
0.0
220
0.0
230
1.0
 70
     8
 71
     3
 72
    35
 73
    31
 74
     0
 42
0.000000001
 43
0.0000000001
 40
0.0
 40
0.0
 40
0.0
 40
0.0
 40
1.0
 40
1.0
 40
1.0
 40
2.0
 40
2.0
 40
2.0
 40
3.0
 40
3.0
 40
3.0
 40
4.0
 40
4.0
 40
4.0
 40
5.0
 40
5.0
 40
5.0
 40
6.0
 40
6.0
 40
6.0
 40
7.0
 40
7.0
 40
7.0
 40
8.0
 40
8.0
 40
8.0
 40
9.0
 40
9.0
 40
9.0
 40
10.0
 40
10.0
 40
10.0
 40
10.0
 10
58.66285222222221
 20
271.5677336111111
 30
0.0
 10
58.66285222222221
 20
268.5553641666667
 30
0.0
 10
60.34489666666666
 20
264.7234919444444
 30
0.0
 10
59.79844388888888
 20
264.9446836111111
 30
0.0
 10
57.75938833333333
 20
265.7694780555555
 30
0.0
 10
56.24032722222222
 20
266.0012530555555
 30
0.0
 10
54.73996333333333
 20
266.2210336111111
 30
0.0
 10
52.29662444444444
 20
266.5787502777778
 30
0.0
 10
61.42263277777777
 20
269.8161919444444
 30
0.0
 10
52.29662444444444
 20
269.8161919444444
 30
0.0
 10
43.7389411111111
 20
269.8161919444444
 30
0.0
 10
53.1686911111111
 20
266.6722363888889
 30
0.0
 10
50.10199388888888
 20
266.2831225
 30
0.0
 10
49.01191055555555
 20
266.1448336111111
 30
0.0
 10
48.07457999999999
 20
265.8597891666667
 30
0.0
 10
46.56927722222221
 20
265.4738502777778
 30
0.0
 10
46.02494111111111
 20
265.3341502777778
 30
0.0
 10
46.75589666666666
 20
266.6411919444444
 30
0.0
 10
46.18933555555555
 20
274.4231169444445
 30
0.0
 10
46.10255222222222
 20
275.6126836111111
 30
0.0
 10
46.63877444444444
 20
277.5646030555556
 30
0.0
 10
49.52520222222221
 20
277.5914141666667
 30
0.0
 10
59.77762999999999
 20
277.6863113888889
 30
0.0
 10
57.28737166666666
 20
279.6907947222222
 30
0.0
 10
60.04715222222222
 20
284.5757086111111
 30
0.0
 10
60.54280499999999
 20
285.4527141666667
 30
0.0
 10
61.42263277777777
 20
282.7232725
 30
0.0
 10
61.42263277777777
 20
281.4215225
 30
0.0
 10
61.42263277777777
 20
279.8442530555556
 30
0.0
 10
58.66285222222221
 20
277.8683447222222
 30
0.0
 10
58.66285222222221
 20
274.5677558333333
 30
0.0
  0
SPLINE
  5
1D5
330
1F
100
AcDbEntity
  8
DEFAULT
 62
     5
100
AcDbSpline
210
0.0
220
0.0
230
1.0
 70
     8
 71
     3
 72
    35
 73
    31
 74
     0
 42
0.000000001
 43
0.0000000001
 40
0.0
 40
0.0
 40
0.0
 40
0.0
 40
1.0
 40
1.0
 40
1.0
 40
2.0
 40
2.0
 40
2.0
 40
3.0
 40
3.0
 40
3.0
 40
4.0
 40
4.0
 40
4.0
 40
5.0
 40
5.0
 40
5.0
 40
6.0
 40
6.0
 40
6.0
 40
7.0
 40
7.0
 40
7.0
 40
8.0
 40
8.0
 40
8.0
 40
9.0
 40
9.0
 40
9.0
 40
10.0
 40
10.0
 40
10.0
 40
10.0
 10
60.9372811111111
 20
274.5037972222222
 30
0.0
 10
60.9372811111111
 20
277.8685916666666
 30
0.0
 10
63.03560333333333
 20
279.3255638888888
 30
0.0
 10
62.91424777777778
 20
281.4387027777777
 30
0.0
 10
62.82675888888888
 20
282.9634083333333
 30
0.0
 10
61.43928388888889
 20
287.4055861111111
 30
0.0
 10
60.75806999999999
 20
287.4055861111111
 30
0.0
 10
60.07650333333333
 20
287.4055861111111
 30
0.0
 10
58.48618111111111
 20
285.5517388888888
 30
0.0
 10
57.86846722222221
 20
284.2020111111111
 30
0.0
 10
56.29119777777778
 20
280.7574888888889
 30
0.0
 10
54.17382555555555
 20
279.1802194444444
 30
0.0
 10
49.52492
 20
279.0913194444444
 30
0.0
 10
45.75690055555555
 20
279.0189999999999
 30
0.0
 10
44.689395
 20
276.4218499999999
 30
0.0
 10
44.68904222222222
 20
274.4043138888889
 30
0.0
 10
44.68904222222222
 20
274.4043138888889
 30
0.0
 10
44.85837555555555
 20
268.2218833333333
 30
0.0
 10
44.85837555555555
 20
267.3529916666666
 30
0.0
 10
44.85837555555555
 20
265.1072083333333
 30
0.0
 10
44.51441722222222
 20
264.4443388888889
 30
0.0
 10
45.26230611111111
 20
264.0598111111111
 30
0.0
 10
46.01054777777778
 20
263.6752833333333
 30
0.0
 10
48.30748388888888
 20
264.8133444444444
 30
0.0
 10
51.76752833333333
 20
264.9354055555555
 30
0.0
 10
57.40280055555555
 20
265.1343722222222
 30
0.0
 10
60.51288944444444
 20
262.9065805555555
 30
0.0
 10
61.104145
 20
263.332736111111
 30
0.0
 10
61.69504777777777
 20
263.7585388888889
 30
0.0
 10
60.98032
 20
268.9295555555555
 30
0.0
 10
60.93692833333333
 20
271.6304222222222
 30
0.0
  0
POLYLINE
  5
1D6
330
1F
100
AcDbEntity
  8
DEFAULT
 62
     7
100
AcDb2dPolyline
 66
     1
 10
0.0
 20
0.0
 30
0.0
  0
VERTEX
  5
1D7
330
1D6
100
AcDbEntity
  8
DEFAULT
 62
     7
100
AcDbVertex
100
AcDb2dVertex
 10
32.33698694444444
 20
274.5677205555555
 30
0.0
  0
VERTEX
  5
1D8
330
1D6
100
AcDbEntity
  8
DEFAULT
 62
     7
100
AcDbVertex
100
AcDb2dVertex
 10
32.33698694444444
 20
271.5676983333333
 30
0.0
  0
SEQEND
  5
1D9
330
1D6
100
AcDbEntity
  8
DEFAULT
 62
     7
  0
SPLINE
  5
1DA
330
1F
100
AcDbEntity
  8
DEFAULT
 62
     7
100
AcDbSpline
210
0.0
220
0.0
230
1.0
 70
     8
 71
     3
 72
    17
 73
    13
 74
     0
 42
0.000000001
 43
0.0000000001
 40
0.0
 40
0.0
 40
0.0
 40
0.0
 40
3.072000000000003
 40
3.072000000000003
 40
3.072000000000003
 40
4.072000000000003
 40
4.072000000000003
 40
4.072000000000003
 40
5.072000000000003
 40
5.072000000000003
 40
5.072000000000003
 40
6.072000000000003
 40
6.072000000000003
 40
6.072000000000003
 40
6.072000000000003
 10
31.51134583333333
 20
272.5747377777777
 30
0.0
 10
31.15010138888888
 20
272.5747377777777
 30
0.0
 10
30.78885694444444
 20
272.5747377777777
 30
0.0
 10
30.4276125
 20
272.5747377777777
 30
0.0
 10
30.12351805555555
 20
272.5747377777777
 30
0.0
 10
29.86634305555555
 20
272.4576155555555
 30
0.0
 10
29.86634305555555
 20
272.1221238888888
 30
0.0
 10
29.86634305555555
 20
271.8914072222222
 30
0.0
 10
30.02227083333333
 20
271.7093738888889
 30
0.0
 10
30.20924305555555
 20
271.6448155555555
 30
0.0
 10
30.2561625
 20
271.6247072222222
 30
0.0
 10
30.30660972222222
 20
271.6204738888889
 30
0.0
 10
30.37293194444444
 20
271.6204738888889
 30
0.0
  0
POLYLINE
  5
1DB
330
1F
100
AcDbEntity
  8
DEFAULT
 62
     7
100
AcDb2dPolyline
 66
     1
 10
0.0
 20
0.0
 30
0.0
  0
VERTEX
  5
1DC
330
1DB
100
AcDbEntity
  8
DEFAULT
 62
     7
100
AcDbVertex
100
AcDb2dVertex
 10
31.51134583333333
 20
271.620615
 30
0.0
  0
VERTEX
  5
1DD
330
1DB
100
AcDbEntity
  8
DEFAULT
 62
     7
100
AcDbVertex
100
AcDb2dVertex
 10
28.74380416666666
 20
271.620615
 30
0.0
  0
SEQEND
  5
1DE
330
1DB
100
AcDbEntity
  8
DEFAULT
 62
     7
  0
SPLINE
  5
1DF
330
1F
100
AcDbEntity
  8
DEFAULT
 62
     7
100
AcDbSpline
210
0.0
220
0.0
230
1.0
 70
     8
 71
     3
 72
    17
 73
    13
 74
     0
 42
0.000000001
 43
0.0000000001
 40
0.0
 40
0.0
 40
0.0
 40
0.0
 40
1.0
 40
1.0
 40
1.0
 40
2.0
 40
2.0
 40
2.0
 40
3.0
 40
3.0
 40
3.0
 40
6.769999999999982
 40
6.769999999999982
 40
6.769999999999982
 40
6.769999999999982
 10
29.56507083333333
 20
273.1462730555555
 30
0.0
 10
29.08740972222222
 20
273.1462730555555
 30
0.0
 10
28.93465694444444
 20
273.5350341666667
 30
0.0
 10
28.93465694444444
 20
273.8024397222222
 30
0.0
 10
28.93465694444444
 20
274.3016202777778
 30
0.0
 10
29.2020625
 20
274.5118758333333
 30
0.0
 10
29.56471805555555
 20
274.5118758333333
 30
0.0
 10
30.03214861111111
 20
274.5118758333333
 30
0.0
 10
31.51134583333333
 20
273.0891230555555
 30
0.0
 10
31.51134583333333
 20
273.0891230555555
 30
0.0
 10
31.51134583333333
 20
273.5324471296296
 30
0.0
 10
31.51134583333333
 20
273.9757712037037
 30
0.0
 10
31.51134583333333
 20
274.4190952777777
 30
0.0
  0
SPLINE
  5
1E0
330
1F
100
AcDbEntity
  8
DEFAULT
 62
     1
100
AcDbSpline
210
0.0
220
0.0
230
1.0
 70
     8
 71
     3
 72
    26
 73
    22
 74
     0
 42
0.000000001
 43
0.0000000001
 40
0.0
 40
0.0
 40
0.0
 40
0.0
 40
1.0
 40
1.0
 40
1.0
 40
2.0
 40
2.0
 40
2.0
 40
3.0
 40
3.0
 40
3.0
 40
4.0
 40
4.0
 40
4.0
 40
5.0
 40
5.0
 40
5.0
 40
17.90001550386666
 40
17.90001550386666
 40
17.90001550386666
 40
21.66001550386665
 40
21.66001550386665
 40
21.66001550386665
 40
21.66001550386665
 10
24.12678972222222
 20
277.8098894444444
 30
0.0
 10
25.54495638888888
 20
278.4801672222222
 30
0.0
 10
28.14140083333333
 20
279.1539727777778
 30
0.0
 10
31.96551194444444
 20
280.5509727777778
 30
0.0
 10
34.87945638888889
 20
281.6163616666666
 30
0.0
 10
36.5128175
 20
282.5653338888889
 30
0.0
 10
40.55917861111111
 20
281.7574727777778
 30
0.0
 10
42.54178972222222
 20
281.3588338888889
 30
0.0
 10
42.33012305555555
 20
278.5860005555556
 30
0.0
 10
42.53473416666666
 20
274.5608061111111
 30
0.0
 10
41.39526194444444
 20
274.5608061111111
 30
0.0
 10
41.5293175
 20
274.4973061111111
 30
0.0
 10
40.2593175
 20
274.4973061111111
 30
0.0
 10
38.99990083333333
 20
274.4973061111111
 30
0.0
 10
39.12337305555555
 20
274.5608061111111
 30
0.0
 10
37.98742861111111
 20
274.5608061111111
 30
0.0
 10
36.47048416666667
 20
274.563157962963
 30
0.0
 10
34.95353972222222
 20
274.5655098148148
 30
0.0
 10
33.43659527777778
 20
274.5678616666667
 30
0.0
 10
33.43659527777778
 20
274.1257135185185
 30
0.0
 10
33.43659527777778
 20
273.6835653703704
 30
0.0
 10
33.43659527777778
 20
273.2414172222222
 30
0.0
  0
SPLINE
  5
1E1
330
1F
100
AcDbEntity
  8
DEFAULT
 62
     1
100
AcDbSpline
210
0.0
220
0.0
230
1.0
 70
     8
 71
     3
 72
    29
 73
    25
 74
     0
 42
0.000000001
 43
0.0000000001
 40
0.0
 40
0.0
 40
0.0
 40
0.0
 40
3.75
 40
3.75
 40
3.75
 40
16.64000387897537
 40
16.64000387897537
 40
16.64000387897537
 40
17.64000387897537
 40
17.64000387897537
 40
17.64000387897537
 40
18.64000387897537
 40
18.64000387897537
 40
18.64000387897537
 40
19.64000387897537
 40
19.64000387897537
 40
19.64000387897537
 40
20.64000387897537
 40
20.64000387897537
 40
20.64000387897537
 40
21.64000387897537
 40
21.64000387897537
 40
21.64000387897537
 40
22.64000387897537
 40
22.64000387897537
 40
22.64000387897537
 40
22.64000387897537
 10
33.43666583333333
 20
272.8922024999999
 30
0.0
 10
33.43666583333333
 20
272.4512302777777
 30
0.0
 10
33.43666583333333
 20
272.0102580555555
 30
0.0
 10
33.43666583333333
 20
271.5692858333333
 30
0.0
 10
34.95243435185185
 20
271.5681099074074
 30
0.0
 10
36.46820287037037
 20
271.5669339814815
 30
0.0
 10
37.98397138888888
 20
271.5657580555555
 30
0.0
 10
39.12344361111111
 20
271.5657580555555
 30
0.0
 10
38.9964436111111
 20
271.6257302777777
 30
0.0
 10
40.25938805555555
 20
271.6292580555555
 30
0.0
 10
41.5223325
 20
271.6257302777777
 30
0.0
 10
41.39533249999999
 20
271.5657580555555
 30
0.0
 10
42.53480472222222
 20
271.5657580555555
 30
0.0
 10
42.53127694444444
 20
269.8159802777777
 30
0.0
 10
42.64416583333333
 20
264.7853691666666
 30
0.0
 10
40.15355472222222
 20
264.5172580555555
 30
0.0
 10
36.73513805555555
 20
264.1538969444444
 30
0.0
 10
33.92702694444444
 20
266.3622858333333
 30
0.0
 10
31.66572138888889
 20
267.7134247222222
 30
0.0
 10
28.18380472222222
 20
269.7948136111111
 30
0.0
 10
25.19930472222222
 20
272.5570636111111
 30
0.0
 10
23.76702694444444
 20
274.4797025
 30
0.0
 10
22.51113805555555
 20
276.1695080555555
 30
0.0
 10
22.5040825
 20
276.9385636111111
 30
0.0
 10
23.81288805555555
 20
277.6511747222222
 30
0.0
  0
SPLINE
  5
1E2
330
1F
100
AcDbEntity
  8
DEFAULT
 62
     3
100
AcDbSpline
210
0.0
220
0.0
230
1.0
 70
     8
 71
     3
 72
    11
 73
     7
 74
     0
 42
0.000000001
 43
0.0000000001
 40
0.0
 40
0.0
 40
0.0
 40
0.0
 40
1.0
 40
1.0
 40
1.0
 40
2.0
 40
2.0
 40
2.0
 40
2.0
 10
37.98901611111111
 20
274.5623583333333
 30
0.0
 10
37.98901611111111
 20
276.2126527777777
 30
0.0
 10
39.21280222222222
 20
277.3542416666667
 30
0.0
 10
38.75983555555555
 20
278.3501333333333
 30
0.0
 10
38.34179388888889
 20
279.2684138888889
 30
0.0
 10
33.43677166666667
 20
277.5408611111111
 30
0.0
 10
33.43677166666667
 20
274.56765
 30
0.0
  0
SPLINE
  5
1E3
330
1F
100
AcDbEntity
  8
DEFAULT
 62
     3
100
AcDbSpline
210
0.0
220
0.0
230
1.0
 70
     8
 71
     3
 72
    11
 73
     7
 74
     0
 42
0.000000001
 43
0.0000000001
 40
0.0
 40
0.0
 40
0.0
 40
0.0
 40
1.0
 40
1.0
 40
1.0
 40
2.0
 40
2.0
 40
2.0
 40
2.0
 10
33.43684222222222
 20
271.5677336111111
 30
0.0
 10
33.43684222222222
 20
269.8211308333333
 30
0.0
 10
38.148895
 20
268.0156141666667
 30
0.0
 10
38.59057277777777
 20
268.3750947222222
 30
0.0
 10
39.03225055555555
 20
268.7345752777778
 30
0.0
 10
37.98344222222222
 20
270.2984391666667
 30
0.0
 10
37.98344222222222
 20
271.5663225
 30
0.0
  0
SPLINE
  5
1E4
330
1F
100
AcDbEntity
  8
DEFAULT
 62
     5
100
AcDbSpline
210
0.0
220
0.0
230
1.0
 70
     8
 71
     3
 72
    23
 73
    19
 74
     0
 42
0.000000001
 43
0.0000000001
 40
0.0
 40
0.0
 40
0.0
 40
0.0
 40
1.0
 40
1.0
 40
1.0
 40
2.0
 40
2.0
 40
2.0
 40
3.0
 40
3.0
 40
3.0
 40
4.0
 40
4.0
 40
4.0
 40
5.0
 40
5.0
 40
5.0
 40
6.0
 40
6.0
 40
6.0
 40
6.0
 10
40.25949388888888
 20
271.6304222222222
 30
0.0
 10
40.14660499999999
 20
269.4216805555556
 30
0.0
 10
40.01995777777777
 20
266.7881944444444
 30
0.0
 10
39.39906888888888
 20
266.4781027777777
 30
0.0
 10
38.77817999999999
 20
266.1676583333333
 30
0.0
 10
34.34623277777777
 20
267.6838972222222
 30
0.0
 10
31.31481333333333
 20
269.5793722222222
 30
0.0
 10
29.74565777777777
 20
270.5608
 30
0.0
 10
23.51242722222221
 20
275.2968416666666
 30
0.0
 10
23.80452722222222
 20
276.0902388888889
 30
0.0
 10
24.09733277777778
 20
276.8836361111111
 30
0.0
 10
25.53807722222222
 20
277.3461277777777
 30
0.0
 10
26.52126888888888
 20
277.5263972222222
 30
0.0
 10
32.82117444444444
 20
278.6820972222222
 30
0.0
 10
38.33650222222222
 20
281.7420916666666
 30
0.0
 10
40.07781333333332
 20
279.8127499999999
 30
0.0
 10
40.68600222222221
 20
279.1389444444444
 30
0.0
 10
40.2083411111111
 20
275.7826166666666
 30
0.0
 10
40.26019944444444
 20
274.4967416666667
 30
0.0
  0
POLYLINE
  5
1E5
330
1F
100
AcDbEntity
  8
DEFAULT
 62
     7
100
AcDb2dPolyline
 66
     1
 10
0.0
 20
0.0
 30
0.0
  0
VERTEX
  5
1E6
330
1E5
100
AcDbEntity
  8
DEFAULT
 62
     7
100
AcDbVertex
100
AcDb2dVertex
 10
30.46818194444444
 20
239.5007627777778
 30
0.0
  0
VERTEX
  5
1E7
330
1E5
100
AcDbEntity
  8
DEFAULT
 62
     7
100
AcDbVertex
100
AcDb2dVertex
 10
30.46818194444444
 20
236.5007405555555
 30
0.0
  0
SEQEND
  5
1E8
330
1E5
100
AcDbEntity
  8
DEFAULT
 62
     7
  0
SPLINE
  5
1E9
330
1F
100
AcDbEntity
  8
DEFAULT
 62
     7
100
AcDbSpline
210
0.0
220
0.0
230
1.0
 70
     8
 71
     3
 72
    17
 73
    13
 74
     0
 42
0.000000001
 43
0.0000000001
 40
0.0
 40
0.0
 40
0.0
 40
0.0
 40
1.0
 40
1.0
 40
1.0
 40
2.0
 40
2.0
 40
2.0
 40
3.0
 40
3.0
 40
3.0
 40
6.644000000000005
 40
6.644000000000005
 40
6.644000000000005
 40
6.644000000000005
 10
26.87185944444444
 20
238.2300572222222
 30
0.0
 10
26.39419833333333
 20
238.2300572222222
 30
0.0
 10
26.24144555555555
 20
238.5916544444444
 30
0.0
 10
26.24144555555555
 20
238.8403627777778
 30
0.0
 10
26.24144555555555
 20
239.3049711111111
 30
0.0
 10
26.50885111111111
 20
239.5007627777778
 30
0.0
 10
26.87150666666667
 20
239.5007627777778
 30
0.0
 10
27.33893722222222
 20
239.5007627777778
 30
0.0
 10
28.81813444444444
 20
238.1767877777778
 30
0.0
 10
28.81813444444444
 20
238.1767877777778
 30
0.0
 10
28.81813444444444
 20
238.6052951851852
 30
0.0
 10
28.81813444444444
 20
239.0338025925926
 30
0.0
 10
28.81813444444444
 20
239.46231
 30
0.0
  0
SPLINE
  5
1EA
330
1F
100
AcDbEntity
  8
DEFAULT
 62
     7
100
AcDbSpline
210
0.0
220
0.0
230
1.0
 70
     8
 71
     3
 72
    29
 73
    25
 74
     0
 42
0.000000001
 43
0.0000000001
 40
0.0
 40
0.0
 40
0.0
 40
0.0
 40
1.0
 40
1.0
 40
1.0
 40
2.0
 40
2.0
 40
2.0
 40
3.0
 40
3.0
 40
3.0
 40
4.0
 40
4.0
 40
4.0
 40
5.0
 40
5.0
 40
5.0
 40
6.0
 40
6.0
 40
6.0
 40
7.0
 40
7.0
 40
7.0
 40
8.0
 40
8.0
 40
8.0
 40
8.0
 10
28.55460944444444
 20
237.8107808333333
 30
0.0
 10
28.70101222222222
 20
237.7211752777777
 30
0.0
 10
28.81813444444444
 20
237.4558863888889
 30
0.0
 10
28.81813444444444
 20
237.2068252777777
 30
0.0
 10
28.81813444444444
 20
236.8085391666666
 30
0.0
 10
28.48722888888889
 20
236.5231419444444
 30
0.0
 10
28.05260666666666
 20
236.5231419444444
 30
0.0
 10
27.52061777777778
 20
236.5231419444444
 30
0.0
 10
27.21863999999999
 20
236.8780363888889
 30
0.0
 10
27.21863999999999
 20
237.2466891666666
 30
0.0
 10
27.21863999999999
 20
237.5253836111111
 30
0.0
 10
27.361515
 20
237.7483391666666
 30
0.0
 10
27.49133722222222
 20
237.8181891666666
 30
0.0
 10
27.62786222222222
 20
237.8118391666667
 30
0.0
 10
28.98605666666666
 20
237.8107808333333
 30
0.0
 10
28.98605666666666
 20
237.8107808333333
 30
0.0
 10
29.41856222222222
 20
237.8107808333333
 30
0.0
 10
29.47006777777777
 20
237.7437530555555
 30
0.0
 10
29.63375666666666
 20
237.6005252777777
 30
0.0
 10
29.80520666666666
 20
237.4572975
 30
0.0
 10
29.85988722222222
 20
237.2502169444444
 30
0.0
 10
29.85988722222222
 20
237.0639502777778
 30
0.0
 10
29.85988722222222
 20
236.887208611111
 30
0.0
 10
29.80520666666666
 20
236.6921225
 30
0.0
 10
29.70395944444444
 20
236.5732363888888
 30
0.0
  0
SPLINE
  5
1EB
330
1F
100
AcDbEntity
  8
DEFAULT
 62
     1
100
AcDbSpline
210
0.0
220
0.0
230
1.0
 70
     8
 71
     3
 72
    26
 73
    22
 74
     0
 42
0.000000001
 43
0.0000000001
 40
0.0
 40
0.0
 40
0.0
 40
0.0
 40
3.759999999999991
 40
3.759999999999991
 40
3.759999999999991
 40
16.66001550386665
 40
16.66001550386665
 40
16.66001550386665
 40
17.66001550386665
 40
17.66001550386665
 40
17.66001550386665
 40
18.66001550386665
 40
18.66001550386665
 40
18.66001550386665
 40
19.66001550386665
 40
19.66001550386665
 40
19.66001550386665
 40
20.66001550386665
 40
20.66001550386665
 40
20.66001550386665
 40
21.66001550386665
 40
21.66001550386665
 40
21.66001550386665
 40
21.66001550386665
 10
31.56683777777777
 20
238.1857836111111
 30
0.0
 10
31.56683777777777
 20
238.6279317592592
 30
0.0
 10
31.56683777777777
 20
239.0700799074074
 30
0.0
 10
31.56683777777777
 20
239.5122280555555
 30
0.0
 10
33.08378222222222
 20
239.5098762037037
 30
0.0
 10
34.60072666666667
 20
239.5075243518518
 30
0.0
 10
36.11767111111111
 20
239.5051725
 30
0.0
 10
37.25714333333333
 20
239.5087002777777
 30
0.0
 10
37.13367111111111
 20
239.4452002777778
 30
0.0
 10
38.39661555555556
 20
239.4416725
 30
0.0
 10
39.65956
 20
239.4381447222222
 30
0.0
 10
39.53256
 20
239.5051725
 30
0.0
 10
40.67203222222222
 20
239.5016447222222
 30
0.0
 10
40.70025444444444
 20
240.3624225
 30
0.0
 10
42.84514333333333
 20
244.7051169444444
 30
0.0
 10
37.89919888888889
 20
244.0030891666666
 30
0.0
 10
26.99131
 20
242.4543947222222
 30
0.0
 10
17.99900444444445
 20
244.9767558333333
 30
0.0
 10
14.24544888888889
 20
240.5670336111111
 30
0.0
 10
13.55400444444444
 20
239.7556447222222
 30
0.0
 10
13.73039333333333
 20
236.1820058333333
 30
0.0
 10
13.71628222222222
 20
235.2577280555555
 30
0.0
  0
SPLINE
  5
1EC
330
1F
100
AcDbEntity
  8
DEFAULT
 62
     1
100
AcDbSpline
210
0.0
220
0.0
230
1.0
 70
     8
 71
     3
 72
    26
 73
    22
 74
     0
 42
0.000000001
 43
0.0000000001
 40
0.0
 40
0.0
 40
0.0
 40
0.0
 40
3.759999999999991
 40
3.759999999999991
 40
3.759999999999991
 40
16.66001550386665
 40
16.66001550386665
 40
16.66001550386665
 40
17.66001550386665
 40
17.66001550386665
 40
17.66001550386665
 40
18.66001550386665
 40
18.66001550386665
 40
18.66001550386665
 40
19.66001550386665
 40
19.66001550386665
 40
19.66001550386665
 40
20.66001550386665
 40
20.66001550386665
 40
20.66001550386665
 40
21.66001550386665
 40
21.66001550386665
 40
21.66001550386665
 40
21.66001550386665
 10
31.56683777777777
 20
237.8366394444444
 30
0.0
 10
31.56683777777777
 20
237.3944912962963
 30
0.0
 10
31.56683777777777
 20
236.9523431481481
 30
0.0
 10
31.56683777777777
 20
236.510195
 30
0.0
 10
33.08378222222222
 20
236.5078431481481
 30
0.0
 10
34.60072666666667
 20
236.5054912962963
 30
0.0
 10
36.11767111111111
 20
236.5031394444444
 30
0.0
 10
37.25361555555556
 20
236.5066672222222
 30
0.0
 10
37.13014333333333
 20
236.5666394444444
 30
0.0
 10
38.39308777777778
 20
236.5666394444444
 30
0.0
 10
39.65956
 20
236.5666394444444
 30
0.0
 10
39.52903222222222
 20
236.5031394444444
 30
0.0
 10
40.66497666666667
 20
236.4996116666667
 30
0.0
 10
40.72142111111111
 20
233.6138894444444
 30
0.0
 10
42.40064333333333
 20
229.4370005555556
 30
0.0
 10
39.68072666666666
 20
230.2025283333333
 30
0.0
 10
34.43492111111111
 20
231.6771394444444
 30
0.0
 10
23.34358777777777
 20
229.3876116666666
 30
0.0
 10
17.95667111111111
 20
231.4513616666666
 30
0.0
 10
15.99169888888889
 20
232.2027783333333
 30
0.0
 10
13.54694888888889
 20
232.8413061111111
 30
0.0
 10
13.69158777777778
 20
234.9085838888889
 30
0.0
  0
SPLINE
  5
1ED
330
1F
100
AcDbEntity
  8
DEFAULT
 62
     3
100
AcDbSpline
210
0.0
220
0.0
230
1.0
 70
     8
 71
     3
 72
    26
 73
    22
 74
     0
 42
0.000000001
 43
0.0000000001
 40
0.0
 40
0.0
 40
0.0
 40
0.0
 40
1.0
 40
1.0
 40
1.0
 40
2.0
 40
2.0
 40
2.0
 40
3.0
 40
3.0
 40
3.0
 40
4.0
 40
4.0
 40
4.0
 40
5.0
 40
5.0
 40
5.0
 40
6.0
 40
6.0
 40
6.0
 40
7.0
 40
7.0
 40
7.0
 40
7.0
 10
36.11950555555555
 20
239.5059486111111
 30
0.0
 10
36.11950555555555
 20
239.9469208333333
 30
0.0
 10
36.60633888888889
 20
240.2940541666667
 30
0.0
 10
37.38386111111111
 20
240.8306291666666
 30
0.0
 10
38.04143888888888
 20
241.2843013888889
 30
0.0
 10
31.22330277777777
 20
240.4161152777777
 30
0.0
 10
24.60342777777777
 20
240.4785569444444
 30
0.0
 10
19.80776666666666
 20
240.5237125
 30
0.0
 10
16.51141111111111
 20
239.3009847222222
 30
0.0
 10
15.96284166666666
 20
238.6271791666667
 30
0.0
 10
15.61606111111111
 20
238.2010236111111
 30
0.0
 10
16.01399444444444
 20
236.6078791666666
 30
0.0
 10
16.01399444444444
 20
236.0039236111111
 30
0.0
 10
16.01399444444444
 20
235.3586930555555
 30
0.0
 10
17.12524444444444
 20
233.4046569444444
 30
0.0
 10
24.87541944444444
 20
233.8696180555555
 30
0.0
 10
32.30245
 20
234.3151763888888
 30
0.0
 10
36.86245555555555
 20
233.5080208333333
 30
0.0
 10
37.38386111111111
 20
233.7662541666666
 30
0.0
 10
37.90526666666666
 20
234.0248402777777
 30
0.0
 10
36.11597777777777
 20
235.3389375
 30
0.0
 10
36.11597777777777
 20
236.5031041666666
 30
0.0
  0
SPLINE
  5
1EE
330
1F
100
AcDbEntity
  8
DEFAULT
 62
     5
100
AcDbSpline
210
0.0
220
0.0
230
1.0
 70
     8
 71
     3
 72
    29
 73
    25
 74
     0
 42
0.000000001
 43
0.0000000001
 40
0.0
 40
0.0
 40
0.0
 40
0.0
 40
1.0
 40
1.0
 40
1.0
 40
2.0
 40
2.0
 40
2.0
 40
3.0
 40
3.0
 40
3.0
 40
4.0
 40
4.0
 40
4.0
 40
5.0
 40
5.0
 40
5.0
 40
6.0
 40
6.0
 40
6.0
 40
7.0
 40
7.0
 40
7.0
 40
8.0
 40
8.0
 40
8.0
 40
8.0
 10
38.39174722222222
 20
236.5666041666667
 30
0.0
 10
38.39174722222222
 20
234.0696430555555
 30
0.0
 10
39.77569444444444
 20
232.8557347222222
 30
0.0
 10
39.16609444444444
 20
232.3727819444444
 30
0.0
 10
38.55649444444444
 20
231.8898291666667
 30
0.0
 10
36.19605833333333
 20
232.6359541666666
 30
0.0
 10
29.74516388888888
 20
232.6359541666666
 30
0.0
 10
28.267025
 20
232.6359541666666
 30
0.0
 10
26.05616666666666
 20
232.3576125
 30
0.0
 10
24.61648055555555
 20
232.3576125
 30
0.0
 10
19.13819444444444
 20
232.3576125
 30
0.0
 10
14.51398333333333
 20
233.0321236111111
 30
0.0
 10
14.51398333333333
 20
236.0039236111111
 30
0.0
 10
14.51398333333333
 20
237.8387208333333
 30
0.0
 10
14.26492222222222
 20
238.6977347222222
 30
0.0
 10
14.68684444444444
 20
239.4858402777778
 30
0.0
 10
16.51881944444444
 20
241.4388180555555
 30
0.0
 10
21.73463888888889
 20
241.3986013888889
 30
0.0
 10
26.79029722222222
 20
241.3986013888889
 30
0.0
 10
30.65533055555555
 20
241.3986013888889
 30
0.0
 10
38.65491944444444
 20
242.5363097222222
 30
0.0
 10
39.16115555555555
 20
242.0657041666666
 30
0.0
 10
39.66739166666666
 20
241.5950986111111
 30
0.0
 10
38.39492222222222
 20
240.7311458333333
 30
0.0
 10
38.39492222222222
 20
239.4435069444444
 30
0.0
  0
POLYLINE
  5
1EF
330
1F
100
AcDbEntity
  8
DEFAULT
 62
     7
100
AcDb2dPolyline
 66
     1
 10
0.0
 20
0.0
 30
0.0
  0
VERTEX
  5
1F0
330
1EF
100
AcDbEntity
  8
DEFAULT
 62
     7
100
AcDbVertex
100
AcDb2dVertex
 10
31.16393027777778
 20
208.239995
 30
0.0
  0
VERTEX
  5
1F1
330
1EF
100
AcDbEntity
  8
DEFAULT
 62
     7
100
AcDbVertex
100
AcDb2dVertex
 10
31.16393027777778
 20
205.2399727777778
 30
0.0
  0
SEQEND
  5
1F2
330
1EF
100
AcDbEntity
  8
DEFAULT
 62
     7
  0
SPLINE
  5
1F3
330
1F
100
AcDbEntity
  8
DEFAULT
 62
     7
100
AcDbSpline
210
0.0
220
0.0
230
1.0
 70
     8
 71
     3
 72
    17
 73
    13
 74
     0
 42
0.000000001
 43
0.0000000001
 40
0.0
 40
0.0
 40
0.0
 40
0.0
 40
1.0
 40
1.0
 40
1.0
 40
2.0
 40
2.0
 40
2.0
 40
3.0
 40
3.0
 40
3.0
 40
6.463000000000079
 40
6.463000000000079
 40
6.463000000000079
 40
6.463000000000079
 10
28.21767138888888
 20
207.0274625
 30
0.0
 10
27.74001027777777
 20
207.0274625
 30
0.0
 10
27.5872575
 20
207.3675402777778
 30
0.0
 10
27.5872575
 20
207.6014319444444
 30
0.0
 10
27.5872575
 20
208.0378180555556
 30
0.0
 10
27.85431027777777
 20
208.2219680555555
 30
0.0
 10
28.21696583333333
 20
208.2219680555555
 30
0.0
 10
28.68474916666666
 20
208.2219680555555
 30
0.0
 10
30.16394638888888
 20
206.9773680555555
 30
0.0
 10
30.16394638888888
 20
206.9773680555555
 30
0.0
 10
30.16394638888888
 20
207.3845912037037
 30
0.0
 10
30.16394638888888
 20
207.7918143518518
 30
0.0
 10
30.16394638888888
 20
208.1990375
 30
0.0
  0
SPLINE
  5
1F4
330
1F
100
AcDbEntity
  8
DEFAULT
 62
     7
100
AcDbSpline
210
0.0
220
0.0
230
1.0
 70
     8
 71
     3
 72
    11
 73
     7
 74
     0
 42
0.000000001
 43
0.0000000001
 40
0.0
 40
0.0
 40
0.0
 40
0.0
 40
5.346999999999994
 40
5.346999999999994
 40
5.346999999999994
 40
6.346999999999994
 40
6.346999999999994
 40
6.346999999999994
 40
6.346999999999994
 10
30.16398166666666
 20
205.55331
 30
0.0
 10
29.53521407407407
 20
205.55331
 30
0.0
 10
28.90644648148148
 20
205.55331
 30
0.0
 10
28.27767888888889
 20
205.55331
 30
0.0
 10
27.46664277777777
 20
205.55331
 30
0.0
 10
27.14314555555555
 20
205.9688822222222
 30
0.0
 10
27.40808166666666
 20
206.5234488888889
 30
0.0
  0
POLYLINE
  5
1F5
330
1F
100
AcDbEntity
  8
DEFAULT
 62
     7
100
AcDb2dPolyline
 66
     1
 10
0.0
 20
0.0
 30
0.0
  0
VERTEX
  5
1F6
330
1F5
100
AcDbEntity
  8
DEFAULT
 62
     7
100
AcDbVertex
100
AcDb2dVertex
 10
28.27760833333333
 20
205.3147616666666
 30
0.0
  0
VERTEX
  5
1F7
330
1F5
100
AcDbEntity
  8
DEFAULT
 62
     7
100
AcDbVertex
100
AcDb2dVertex
 10
28.27760833333333
 20
206.20482
 30
0.0
  0
SEQEND
  5
1F8
330
1F5
100
AcDbEntity
  8
DEFAULT
 62
     7
  0
SPLINE
  5
1F9
330
1F
100
AcDbEntity
  8
DEFAULT
 62
     1
100
AcDbSpline
210
0.0
220
0.0
230
1.0
 70
     8
 71
     3
 72
    29
 73
    25
 74
     0
 42
0.000000001
 43
0.0000000001
 40
0.0
 40
0.0
 40
0.0
 40
0.0
 40
3.75
 40
3.75
 40
3.75
 40
16.65000000000001
 40
16.65000000000001
 40
16.65000000000001
 40
17.65000000000001
 40
17.65000000000001
 40
17.65000000000001
 40
18.65000000000001
 40
18.65000000000001
 40
18.65000000000001
 40
19.65000000000001
 40
19.65000000000001
 40
19.65000000000001
 40
20.65000000000001
 40
20.65000000000001
 40
20.65000000000001
 40
21.65000000000001
 40
21.65000000000001
 40
21.65000000000001
 40
22.65000000000001
 40
22.65000000000001
 40
22.65000000000001
 40
22.65000000000001
 10
32.24413583333333
 20
206.5663466666667
 30
0.0
 10
32.24413583333333
 20
206.1253744444444
 30
0.0
 10
32.24413583333333
 20
205.6844022222222
 30
0.0
 10
32.24413583333333
 20
205.24343
 30
0.0
 10
33.76108027777778
 20
205.24343
 30
0.0
 10
35.27802472222223
 20
205.24343
 30
0.0
 10
36.79496916666667
 20
205.24343
 30
0.0
 10
37.92738583333333
 20
205.24343
 30
0.0
 10
37.80744138888888
 20
205.30693
 30
0.0
 10
39.06685805555556
 20
205.30693
 30
0.0
 10
40.33333027777778
 20
205.30693
 30
0.0
 10
40.2028025
 20
205.24343
 30
0.0
 10
41.34227472222221
 20
205.2399022222222
 30
0.0
 10
41.34227472222221
 20
203.9945966666667
 30
0.0
 10
41.33169138888888
 20
202.3471244444444
 30
0.0
 10
41.68799694444444
 20
201.0100966666667
 30
0.0
 10
42.34769138888888
 20
198.5371244444445
 30
0.0
 10
42.52055249999999
 20
196.3816522222222
 30
0.0
 10
41.21527472222222
 20
196.7238466666667
 30
0.0
 10
38.5341636111111
 20
197.4258744444444
 30
0.0
 10
25.88002472222222
 20
198.3572077777778
 30
0.0
 10
23.75277472222222
 20
198.6359022222222
 30
0.0
 10
21.68902472222222
 20
198.9004855555555
 30
0.0
 10
15.25083027777778
 20
201.9343744444444
 30
0.0
 10
14.90863583333333
 20
203.9310966666667
 30
0.0
  0
SPLINE
  5
1FA
330
1F
100
AcDbEntity
  8
DEFAULT
 62
     1
100
AcDbSpline
210
0.0
220
0.0
230
1.0
 70
     8
 71
     3
 72
    29
 73
    25
 74
     0
 42
0.000000001
 43
0.0000000001
 40
0.0
 40
0.0
 40
0.0
 40
0.0
 40
1.0
 40
1.0
 40
1.0
 40
2.0
 40
2.0
 40
2.0
 40
3.0
 40
3.0
 40
3.0
 40
4.0
 40
4.0
 40
4.0
 40
5.0
 40
5.0
 40
5.0
 40
6.0
 40
6.0
 40
6.0
 40
18.90000000000001
 40
18.90000000000001
 40
18.90000000000001
 40
22.65000000000001
 40
22.65000000000001
 40
22.65000000000001
 40
22.65000000000001
 10
14.89808777777778
 20
204.2803466666666
 30
0.0
 10
14.95100444444444
 20
207.2366244444444
 30
0.0
 10
15.63186555555555
 20
210.89493
 30
0.0
 10
18.61283777777778
 20
210.5562633333333
 30
0.0
 10
21.35744888888889
 20
210.2422911111111
 30
0.0
 10
26.21167111111111
 20
211.14893
 30
0.0
 10
34.76300444444444
 20
215.7174022222222
 30
0.0
 10
41.49047666666666
 20
219.30868
 30
0.0
 10
43.00036555555555
 20
218.7936244444444
 30
0.0
 10
42.76047666666666
 20
214.0981522222222
 30
0.0
 10
42.64406
 20
211.9850133333333
 30
0.0
 10
41.30350444444444
 20
210.7785133333333
 30
0.0
 10
41.34231
 20
208.2385133333333
 30
0.0
 10
40.20636555555555
 20
208.2420411111111
 30
0.0
 10
40.33689333333333
 20
208.1785411111111
 30
0.0
 10
39.07042111111111
 20
208.1785411111111
 30
0.0
 10
37.80747666666667
 20
208.1785411111111
 30
0.0
 10
37.93447666666666
 20
208.2420411111111
 30
0.0
 10
36.79500444444444
 20
208.2420411111111
 30
0.0
 10
35.27806
 20
208.2420411111111
 30
0.0
 10
33.76111555555555
 20
208.2420411111111
 30
0.0
 10
32.24417111111111
 20
208.2420411111111
 30
0.0
 10
32.24417111111111
 20
207.8010688888889
 30
0.0
 10
32.24417111111111
 20
207.3600966666667
 30
0.0
 10
32.24417111111111
 20
206.9191244444444
 30
0.0
  0
SPLINE
  5
1FB
330
1F
100
AcDbEntity
  8
DEFAULT
 62
     3
100
AcDbSpline
210
0.0
220
0.0
230
1.0
 70
     8
 71
     3
 72
    26
 73
    22
 74
     0
 42
0.000000001
 43
0.0000000001
 40
0.0
 40
0.0
 40
0.0
 40
0.0
 40
1.0
 40
1.0
 40
1.0
 40
2.0
 40
2.0
 40
2.0
 40
3.0
 40
3.0
 40
3.0
 40
4.0
 40
4.0
 40
4.0
 40
5.0
 40
5.0
 40
5.0
 40
6.0
 40
6.0
 40
6.0
 40
7.0
 40
7.0
 40
7.0
 40
7.0
 10
36.63974694444444
 20
205.2441355555555
 30
0.0
 10
36.63974694444444
 20
203.0544438888889
 30
0.0
 10
38.74583027777777
 20
200.4156661111111
 30
0.0
 10
37.97924416666666
 20
200.5006855555555
 30
0.0
 10
37.21265805555555
 20
200.585705
 30
0.0
 10
29.60606361111111
 20
201.9742383333333
 30
0.0
 10
23.94080527777777
 20
202.116055
 30
0.0
 10
19.30213027777777
 20
202.2324716666666
 30
0.0
 10
28.0026886111111
 20
209.3818661111111
 30
0.0
 10
17.62184972222222
 20
204.8691327777778
 30
0.0
 10
16.76283583333333
 20
204.4955411111111
 30
0.0
 10
17.63066916666666
 20
207.392905
 30
0.0
 10
17.92559138888889
 20
207.8670383333333
 30
0.0
 10
18.30694416666666
 20
208.4798133333333
 30
0.0
 10
21.23288305555555
 20
207.4525244444444
 30
0.0
 10
27.82065527777777
 20
209.5381466666666
 30
0.0
 10
33.90642472222221
 20
211.4650188888889
 30
0.0
 10
38.83825805555555
 20
214.2431438888889
 30
0.0
 10
38.58566916666666
 20
213.5848605555555
 30
0.0
 10
37.98594694444444
 20
212.02523
 30
0.0
 10
36.63974694444444
 20
210.1032966666666
 30
0.0
 10
36.63974694444444
 20
208.2441577777778
 30
0.0
  0
SPLINE
  5
1FC
330
1F
100
AcDbEntity
  8
DEFAULT
 62
     5
100
AcDbSpline
210
0.0
220
0.0
230
1.0
 70
     8
 71
     3
 72
    26
 73
    22
 74
     0
 42
0.000000001
 43
0.0000000001
 40
0.0
 40
0.0
 40
0.0
 40
0.0
 40
1.0
 40
1.0
 40
1.0
 40
2.0
 40
2.0
 40
2.0
 40
3.0
 40
3.0
 40
3.0
 40
4.0
 40
4.0
 40
4.0
 40
5.0
 40
5.0
 40
5.0
 40
6.0
 40
6.0
 40
6.0
 40
7.0
 40
7.0
 40
7.0
 40
7.0
 10
38.91590444444444
 20
208.1778002777778
 30
0.0
 10
38.91590444444444
 20
211.3799641666667
 30
0.0
 10
41.00187944444444
 20
215.0612002777777
 30
0.0
 10
40.26034055555555
 20
215.6154141666667
 30
0.0
 10
39.51844888888888
 20
216.1692752777778
 30
0.0
 10
38.56101
 20
215.4714808333333
 30
0.0
 10
35.5525211111111
 20
213.9531252777778
 30
0.0
 10
20.91965166666666
 20
206.5677225
 30
0.0
 10
18.08825722222222
 20
210.3350363888889
 30
0.0
 10
16.97700722222222
 20
209.0992558333333
 30
0.0
 10
16.49229055555555
 20
208.5605641666667
 30
0.0
 10
15.35810999999999
 20
206.5677225
 30
0.0
 10
15.60717111111111
 20
204.4094280555555
 30
0.0
 10
15.75216277777777
 20
203.1528336111111
 30
0.0
 10
21.44881833333333
 20
200.6731586111111
 30
0.0
 10
23.85511555555555
 20
200.6184780555556
 30
0.0
 10
29.07693222222222
 20
200.5006502777778
 30
0.0
 10
39.33747388888888
 20
198.5956502777778
 30
0.0
 10
39.942135
 20
198.9706530555555
 30
0.0
 10
40.54679611111111
 20
199.3460086111111
 30
0.0
 10
39.06689333333333
 20
200.9232780555556
 30
0.0
 10
39.06689333333333
 20
205.3061891666667
 30
0.0
  0
SPLINE
  5
1FD
330
1F
100
AcDbEntity
  8
DEFAULT
 62
     5
100
AcDbSpline
210
0.0
220
0.0
230
1.0
 70
     8
 71
     3
 72
    38
 73
    34
 74
     0
 42
0.000000001
 43
0.0000000001
 40
0.0
 40
0.0
 40
0.0
 40
0.0
 40
1.0
 40
1.0
 40
1.0
 40
2.0
 40
2.0
 40
2.0
 40
3.0
 40
3.0
 40
3.0
 40
4.0
 40
4.0
 40
4.0
 40
5.0
 40
5.0
 40
5.0
 40
6.0
 40
6.0
 40
6.0
 40
7.0
 40
7.0
 40
7.0
 40
8.0
 40
8.0
 40
8.0
 40
9.0
 40
9.0
 40
9.0
 40
10.0
 40
10.0
 40
10.0
 40
11.0
 40
11.0
 40
11.0
 40
11.0
 10
39.11469472222222
 20
115.0813322222222
 30
0.0
 10
39.09952527777777
 20
116.6931738888889
 30
0.0
 10
36.20145583333333
 20
125.9768738888889
 30
0.0
 10
40.54203361111111
 20
128.7338322222222
 30
0.0
 10
41.0913086111111
 20
129.0823766666666
 30
0.0
 10
38.96053083333333
 20
131.7701905555556
 30
0.0
 10
38.07153083333333
 20
131.2477266666667
 30
0.0
 10
36.45298638888889
 20
130.296285
 30
0.0
 10
32.75305305555555
 20
126.9374877777778
 30
0.0
 10
30.96658638888889
 20
124.0397711111111
 30
0.0
 10
28.71515861111111
 20
120.38711
 30
0.0
 10
23.11763361111111
 20
117.0611211111111
 30
0.0
 10
22.81918361111111
 20
116.8180572222222
 30
0.0
 10
22.09316694444444
 20
115.9671572222222
 30
0.0
 10
20.93429194444444
 20
111.4099738888889
 30
0.0
 10
21.41583361111111
 20
110.3075433333333
 30
0.0
 10
21.6017475
 20
109.8817405555556
 30
0.0
 10
23.51168638888889
 20
108.56341
 30
0.0
 10
23.76074749999999
 20
108.58881
 30
0.0
 10
24.23735027777778
 20
108.636435
 30
0.0
 10
26.17021972222222
 20
110.4631183333333
 30
0.0
 10
28.32040027777778
 20
110.4288988888889
 30
0.0
 10
30.44553361111111
 20
110.3957377777778
 30
0.0
 10
30.89920583333333
 20
108.6928794444444
 30
0.0
 10
32.02245027777778
 20
108.611035
 30
0.0
 10
32.73823638888889
 20
108.5588238888889
 30
0.0
 10
34.7716475
 20
108.4448766666667
 30
0.0
 10
36.43287805555555
 20
107.8991294444445
 30
0.0
 10
36.57328361111111
 20
107.8529155555556
 30
0.0
 10
36.70275305555555
 20
107.829985
 30
0.0
 10
36.81740583333333
 20
107.829985
 30
0.0
 10
37.6069225
 20
107.829985
 30
0.0
 10
39.03673083333333
 20
109.98581
 30
0.0
 10
39.11469472222222
 20
112.20831
 30
0.0
  0
POLYLINE
  5
1FE
330
1F
100
AcDbEntity
  8
DEFAULT
 62
     7
100
AcDb2dPolyline
 66
     1
 10
0.0
 20
0.0
 30
0.0
  0
VERTEX
  5
1FF
330
1FE
100
AcDbEntity
  8
DEFAULT
 62
     7
100
AcDbVertex
100
AcDb2dVertex
 10
31.18908333333333
 20
112.1461152777778
 30
0.0
  0
VERTEX
  5
200
330
1FE
100
AcDbEntity
  8
DEFAULT
 62
     7
100
AcDbVertex
100
AcDb2dVertex
 10
31.18908333333333
 20
115.1447263888889
 30
0.0
  0
SEQEND
  5
201
330
1FE
100
AcDbEntity
  8
DEFAULT
 62
     7
  0
SPLINE
  5
202
330
1F
100
AcDbEntity
  8
DEFAULT
 62
     7
100
AcDbSpline
210
0.0
220
0.0
230
1.0
 70
     8
 71
     3
 72
    17
 73
    13
 74
     0
 42
0.000000001
 43
0.0000000001
 40
0.0
 40
0.0
 40
0.0
 40
0.0
 40
1.0
 40
1.0
 40
1.0
 40
2.0
 40
2.0
 40
2.0
 40
3.0
 40
3.0
 40
3.0
 40
5.913000000000011
 40
5.913000000000011
 40
5.913000000000011
 40
5.913000000000011
 10
28.24282444444444
 20
113.9608041666667
 30
0.0
 10
27.76516333333333
 20
113.9608041666667
 30
0.0
 10
27.61241055555555
 20
114.2899458333333
 30
0.0
 10
27.61241055555555
 20
114.5164291666667
 30
0.0
 10
27.61241055555555
 20
114.9390569444444
 30
0.0
 10
27.87981611111111
 20
115.1172097222222
 30
0.0
 10
28.24247166666666
 20
115.1172097222222
 30
0.0
 10
28.70990222222222
 20
115.1172097222222
 30
0.0
 10
30.18909944444444
 20
113.9950236111111
 30
0.0
 10
30.18909944444444
 20
113.9950236111111
 30
0.0
 10
30.18909944444444
 20
114.3375708333333
 30
0.0
 10
30.18909944444444
 20
114.6801180555556
 30
0.0
 10
30.18909944444444
 20
115.0226652777778
 30
0.0
  0
SPLINE
  5
203
330
1F
100
AcDbEntity
  8
DEFAULT
 62
     7
100
AcDbSpline
210
0.0
220
0.0
230
1.0
 70
     8
 71
     3
 72
    17
 73
    13
 74
     0
 42
0.000000001
 43
0.0000000001
 40
0.0
 40
0.0
 40
0.0
 40
0.0
 40
1.0
 40
1.0
 40
1.0
 40
2.0
 40
2.0
 40
2.0
 40
3.0
 40
3.0
 40
3.0
 40
4.0
 40
4.0
 40
4.0
 40
4.0
 10
30.08009111111111
 20
113.3734291666667
 30
0.0
 10
30.12665777777778
 20
113.2951125
 30
0.0
 10
30.18909944444444
 20
113.2175013888889
 30
0.0
 10
30.18909944444444
 20
112.9959569444444
 30
0.0
 10
30.18909944444444
 20
112.4985402777777
 30
0.0
 10
29.80316055555556
 20
112.1746902777778
 30
0.0
 10
29.22636888888889
 20
112.1746902777778
 30
0.0
 10
28.64569666666667
 20
112.1746902777778
 30
0.0
 10
28.22448
 20
112.5221763888889
 30
0.0
 10
28.22448
 20
113.0608680555555
 30
0.0
 10
28.22448
 20
113.2379625
 30
0.0
 10
28.27528
 20
113.2986402777778
 30
0.0
 10
28.32219944444444
 20
113.3804847222222
 30
0.0
  0
SPLINE
  5
204
330
1F
100
AcDbEntity
  8
DEFAULT
 62
     1
100
AcDbSpline
210
0.0
220
0.0
230
1.0
 70
     8
 71
     3
 72
    29
 73
    25
 74
     0
 42
0.000000001
 43
0.0000000001
 40
0.0
 40
0.0
 40
0.0
 40
0.0
 40
3.759999999999991
 40
3.759999999999991
 40
3.759999999999991
 40
16.64999999999999
 40
16.64999999999999
 40
16.64999999999999
 40
17.64999999999999
 40
17.64999999999999
 40
17.64999999999999
 40
18.64999999999999
 40
18.64999999999999
 40
18.64999999999999
 40
19.64999999999999
 40
19.64999999999999
 40
19.64999999999999
 40
20.64999999999999
 40
20.64999999999999
 40
20.64999999999999
 40
21.64999999999999
 40
21.64999999999999
 40
21.64999999999999
 40
22.64999999999999
 40
22.64999999999999
 40
22.64999999999999
 40
22.64999999999999
 10
32.29013805555555
 20
113.4717836111111
 30
0.0
 10
32.29013805555555
 20
113.029635462963
 30
0.0
 10
32.29013805555555
 20
112.5874873148148
 30
0.0
 10
32.29013805555555
 20
112.1453391666667
 30
0.0
 10
33.80590657407407
 20
112.1453391666667
 30
0.0
 10
35.32167509259259
 20
112.1453391666667
 30
0.0
 10
36.83744361111111
 20
112.1453391666667
 30
0.0
 10
37.97691583333333
 20
112.1453391666667
 30
0.0
 10
37.8534436111111
 20
112.2088391666667
 30
0.0
 10
39.11638805555555
 20
112.2088391666667
 30
0.0
 10
40.37933249999999
 20
112.2088391666667
 30
0.0
 10
40.25233249999999
 20
112.1453391666667
 30
0.0
 10
41.38827694444444
 20
112.1453391666667
 30
0.0
 10
41.38827694444444
 20
110.7060058333333
 30
0.0
 10
39.58911027777777
 20
104.7581725
 30
0.0
 10
35.80733249999999
 20
105.9999502777778
 30
0.0
 10
32.14902694444444
 20
107.2029225
 30
0.0
 10
32.48063805555555
 20
106.0493391666667
 30
0.0
 10
29.33386027777777
 20
108.0813391666667
 30
0.0
 10
26.77269361111111
 20
109.7358669444445
 30
0.0
 10
26.49399916666666
 20
104.8322558333333
 30
0.0
 10
23.20611027777777
 20
107.1747002777778
 30
0.0
 10
22.04899916666666
 20
107.9931447222222
 30
0.0
 10
21.68916583333333
 20
108.3282836111111
 30
0.0
 10
21.18469361111111
 20
108.7339780555556
 30
0.0
  0
SPLINE
  5
205
330
1F
100
AcDbEntity
  8
DEFAULT
 62
     1
100
AcDbSpline
210
0.0
220
0.0
230
1.0
 70
     8
 71
     3
 72
    32
 73
    28
 74
     0
 42
0.000000001
 43
0.0000000001
 40
0.0
 40
0.0
 40
0.0
 40
0.0
 40
1.0
 40
1.0
 40
1.0
 40
2.0
 40
2.0
 40
2.0
 40
3.0
 40
3.0
 40
3.0
 40
4.0
 40
4.0
 40
4.0
 40
5.0
 40
5.0
 40
5.0
 40
6.0
 40
6.0
 40
6.0
 40
7.0
 40
7.0
 40
7.0
 40
19.90000000000001
 40
19.90000000000001
 40
19.90000000000001
 40
23.65000000000001
 40
23.65000000000001
 40
23.65000000000001
 40
23.65000000000001
 10
20.92011027777778
 20
108.9668113888889
 30
0.0
 10
19.70655472222222
 20
110.3532280555555
 30
0.0
 10
20.80722138888889
 20
116.4174780555555
 30
0.0
 10
22.23244361111111
 20
117.5992836111111
 30
0.0
 10
23.70352694444444
 20
118.8198947222222
 30
0.0
 10
28.03211027777778
 20
121.1623391666667
 30
0.0
 10
30.37102694444444
 20
124.7042280555555
 30
0.0
 10
32.70641583333332
 20
128.2461169444444
 30
0.0
 10
38.80594361111111
 20
134.6278669444444
 30
0.0
 10
40.84852694444444
 20
132.1055058333333
 30
0.0
 10
42.88758249999999
 20
129.5866725
 30
0.0
 10
46.24955472222222
 20
128.5459780555555
 30
0.0
 10
42.16086027777777
 20
127.3359502777778
 30
0.0
 10
38.07216583333333
 20
126.1294502777777
 30
0.0
 10
41.38827694444444
 20
117.6133947222222
 30
0.0
 10
41.38827694444444
 20
115.1439502777778
 30
0.0
 10
40.25233249999999
 20
115.1439502777778
 30
0.0
 10
40.37933249999999
 20
115.0804502777778
 30
0.0
 10
39.11638805555555
 20
115.0804502777778
 30
0.0
 10
37.8534436111111
 20
115.0804502777778
 30
0.0
 10
37.97691583333333
 20
115.1439502777778
 30
0.0
 10
36.84097138888889
 20
115.1439502777778
 30
0.0
 10
35.32402694444444
 20
115.1439502777778
 30
0.0
 10
33.80708249999999
 20
115.1439502777778
 30
0.0
 10
32.29013805555555
 20
115.1439502777778
 30
0.0
 10
32.29013805555555
 20
114.7029780555555
 30
0.0
 10
32.29013805555555
 20
114.2620058333333
 30
0.0
 10
32.29013805555555
 20
113.8210336111111
 30
0.0
  0
SPLINE
  5
206
330
1F
100
AcDbEntity
  8
DEFAULT
 62
     3
100
AcDbSpline
210
0.0
220
0.0
230
1.0
 70
     8
 71
     3
 72
    44
 73
    40
 74
     0
 42
0.000000001
 43
0.0000000001
 40
0.0
 40
0.0
 40
0.0
 40
0.0
 40
1.0
 40
1.0
 40
1.0
 40
2.0
 40
2.0
 40
2.0
 40
3.0
 40
3.0
 40
3.0
 40
4.0
 40
4.0
 40
4.0
 40
5.0
 40
5.0
 40
5.0
 40
6.0
 40
6.0
 40
6.0
 40
7.0
 40
7.0
 40
7.0
 40
8.0
 40
8.0
 40
8.0
 40
9.0
 40
9.0
 40
9.0
 40
10.0
 40
10.0
 40
10.0
 40
11.0
 40
11.0
 40
11.0
 40
12.0
 40
12.0
 40
12.0
 40
13.0
 40
13.0
 40
13.0
 40
13.0
 10
36.83903111111111
 20
112.1449158333333
 30
0.0
 10
36.79599222222222
 20
110.9179547222222
 30
0.0
 10
37.30363944444444
 20
109.8606797222222
 30
0.0
 10
36.59032277777778
 20
109.4207658333333
 30
0.0
 10
35.87665333333333
 20
108.9804991666666
 30
0.0
 10
35.45896444444444
 20
109.5869241666667
 30
0.0
 10
32.60852
 20
109.7432047222222
 30
0.0
 10
30.39166444444444
 20
109.8649130555555
 30
0.0
 10
36.72226166666666
 20
111.3462269444444
 30
0.0
 10
28.25912277777778
 20
111.3462269444444
 30
0.0
 10
26.11846722222222
 20
111.3462269444444
 30
0.0
 10
25.00615888888889
 20
110.6304408333333
 30
0.0
 10
23.98098666666666
 20
110.1167963888889
 30
0.0
 10
23.53683944444445
 20
109.8941936111111
 30
0.0
 10
23.22216166666667
 20
110.7546186111111
 30
0.0
 10
22.79635888888889
 20
110.9966241666667
 30
0.0
 10
22.30000055555555
 20
111.2788463888889
 30
0.0
 10
23.29695055555555
 20
115.3781241666667
 30
0.0
 10
24.06388944444445
 20
115.8444963888889
 30
0.0
 10
25.68631444444444
 20
116.8319213888889
 30
0.0
 10
27.64176166666667
 20
117.6761186111111
 30
0.0
 10
29.20703666666666
 20
119.5722991666666
 30
0.0
 10
30.18917
 20
120.7622186111111
 30
0.0
 10
31.56570888888889
 20
121.8240797222222
 30
0.0
 10
31.56570888888889
 20
120.8236019444444
 30
0.0
 10
31.56570888888889
 20
112.7739186111111
 30
0.0
 10
37.75660611111111
 20
122.6541658333333
 30
0.0
 10
33.67143944444445
 20
122.6541658333333
 30
0.0
 10
29.98667555555555
 20
122.6541658333333
 30
0.0
 10
36.42169499999999
 20
128.9798241666666
 30
0.0
 10
38.25790333333333
 20
129.8049713888889
 30
0.0
 10
38.63537555555556
 20
129.9743047222222
 30
0.0
 10
39.23792
 20
129.3939852777777
 30
0.0
 10
38.95111166666666
 20
129.0630797222222
 30
0.0
 10
35.81915055555555
 20
125.4520463888889
 30
0.0
 10
36.57903388888889
 20
122.3814686111111
 30
0.0
 10
37.07503944444444
 20
119.0635936111111
 30
0.0
 10
37.43628388888889
 20
116.6498880555555
 30
0.0
 10
36.83973666666666
 20
116.5052491666667
 30
0.0
 10
36.83973666666666
 20
115.1449380555556
 30
0.0
  0
POLYLINE
  5
207
330
1F
100
AcDbEntity
  8
DEFAULT
 62
     7
100
AcDb2dPolyline
 66
     1
 10
0.0
 20
0.0
 30
0.0
  0
VERTEX
  5
208
330
207
100
AcDbEntity
  8
DEFAULT
 62
     7
100
AcDbVertex
100
AcDb2dVertex
 10
48.62314944444444
 20
54.27454361111109
 30
0.0
  0
VERTEX
  5
209
330
207
100
AcDbEntity
  8
DEFAULT
 62
     7
100
AcDbVertex
100
AcDb2dVertex
 10
47.93699666666667
 20
54.90742694444443
 30
0.0
  0
VERTEX
  5
20A
330
207
100
AcDbEntity
  8
DEFAULT
 62
     7
100
AcDbVertex
100
AcDb2dVertex
 10
50.47029388888888
 20
54.90742694444444
 30
0.0
  0
SEQEND
  5
20B
330
207
100
AcDbEntity
  8
DEFAULT
 62
     7
  0
SPLINE
  5
20C
330
1F
100
AcDbEntity
  8
DEFAULT
 62
     7
100
AcDbSpline
210
0.0
220
0.0
230
1.0
 70
     8
 71
     3
 72
    23
 73
    19
 74
     0
 42
0.000000001
 43
0.0000000001
 40
0.0
 40
0.0
 40
0.0
 40
0.0
 40
1.0
 40
1.0
 40
1.0
 40
2.0
 40
2.0
 40
2.0
 40
3.0
 40
3.0
 40
3.0
 40
4.0
 40
4.0
 40
4.0
 40
5.0
 40
5.0
 40
5.0
 40
6.0
 40
6.0
 40
6.0
 40
6.0
 10
48.95578361111111
 20
52.56575861111111
 30
0.0
 10
48.79350583333333
 20
52.56575861111111
 30
0.0
 10
48.63158083333332
 20
52.89595861111111
 30
0.0
 10
48.63158083333332
 20
53.13337805555555
 30
0.0
 10
48.63158083333332
 20
53.63044194444444
 30
0.0
 10
48.89193083333333
 20
53.74721138888889
 30
0.0
 10
49.27010861111111
 20
53.74721138888889
 30
0.0
 10
49.27010861111111
 20
53.74721138888889
 30
0.0
 10
50.04128083333333
 20
53.72851416666666
 30
0.0
 10
50.16969194444444
 20
53.7517975
 30
0.0
 10
50.3608975
 20
53.7517975
 30
0.0
 10
50.47061138888889
 20
53.26566972222222
 30
0.0
 10
50.47061138888889
 20
53.04765305555556
 30
0.0
 10
50.47061138888889
 20
52.73756138888889
 30
0.0
 10
50.25224194444444
 20
52.57916416666666
 30
0.0
 10
50.0306975
 20
52.57916416666666
 30
0.0
 10
49.6606336111111
 20
52.57916416666666
 30
0.0
 10
49.32902249999999
 20
52.7103975
 30
0.0
 10
49.46131416666666
 20
53.74721138888889
 30
0.0
  0
POLYLINE
  5
20D
330
1F
100
AcDbEntity
  8
DEFAULT
 62
     7
100
AcDb2dPolyline
 66
     1
 10
0.0
 20
0.0
 30
0.0
  0
VERTEX
  5
20E
330
20D
100
AcDbEntity
  8
DEFAULT
 62
     7
100
AcDbVertex
100
AcDb2dVertex
 10
51.47052472222222
 20
55.16714194444444
 30
0.0
  0
VERTEX
  5
20F
330
20D
100
AcDbEntity
  8
DEFAULT
 62
     7
100
AcDbVertex
100
AcDb2dVertex
 10
51.47052472222222
 20
52.30646694444444
 30
0.0
  0
SEQEND
  5
210
330
20D
100
AcDbEntity
  8
DEFAULT
 62
     7
  0
SPLINE
  5
211
330
1F
100
AcDbEntity
  8
DEFAULT
 62
     1
100
AcDbSpline
210
0.0
220
0.0
230
1.0
 70
     8
 71
     3
 72
    32
 73
    28
 74
     0
 42
0.000000001
 43
0.0000000001
 40
0.0
 40
0.0
 40
0.0
 40
0.0
 40
3.75
 40
3.75
 40
3.75
 40
16.63999999999999
 40
16.63999999999999
 40
16.63999999999999
 40
17.63999999999999
 40
17.63999999999999
 40
17.63999999999999
 40
18.63999999999999
 40
18.63999999999999
 40
18.63999999999999
 40
19.63999999999999
 40
19.63999999999999
 40
19.63999999999999
 40
20.63999999999999
 40
20.63999999999999
 40
20.63999999999999
 40
21.63999999999999
 40
21.63999999999999
 40
21.63999999999999
 40
22.63999999999999
 40
22.63999999999999
 40
22.63999999999999
 40
23.63999999999999
 40
23.63999999999999
 40
23.63999999999999
 40
23.63999999999999
 10
52.57122666666667
 20
53.55967472222222
 30
0.0
 10
52.57122666666667
 20
53.11870249999999
 30
0.0
 10
52.57122666666667
 20
52.67773027777778
 30
0.0
 10
52.57122666666667
 20
52.23675805555555
 30
0.0
 10
54.08699518518518
 20
52.23675805555555
 30
0.0
 10
55.60276370370369
 20
52.23675805555555
 30
0.0
 10
57.11853222222221
 20
52.23675805555555
 30
0.0
 10
58.25800444444445
 20
52.23675805555555
 30
0.0
 10
58.13453222222223
 20
52.30025805555555
 30
0.0
 10
59.39394888888889
 20
52.30025805555555
 30
0.0
 10
60.66042111111111
 20
52.30025805555555
 30
0.0
 10
60.5334211111111
 20
52.23675805555555
 30
0.0
 10
61.66936555555555
 20
52.23675805555555
 30
0.0
 10
61.66936555555555
 20
50.54342472222221
 30
0.0
 10
64.37869888888889
 20
48.33468305555555
 30
0.0
 10
63.71900444444444
 20
46.67698027777777
 30
0.0
 10
62.13150444444444
 20
42.68353583333333
 30
0.0
 10
61.04847666666667
 20
39.98125805555555
 30
0.0
 10
60.59692111111111
 20
41.72009972222222
 30
0.0
 10
60.14536555555555
 20
43.44906361111111
 30
0.0
 10
56.01786555555556
 20
44.30278583333333
 30
0.0
 10
51.75278222222222
 20
45.00128583333333
 30
0.0
 10
48.62011555555556
 20
45.51246083333333
 30
0.0
 10
45.02178222222222
 20
46.29950805555556
 30
0.0
 10
43.04622666666666
 20
46.22542472222222
 30
0.0
 10
38.89756000000001
 20
46.07725805555555
 30
0.0
 10
39.80067111111111
 20
49.34750805555555
 30
0.0
 10
39.16919888888889
 20
52.5821275
 30
0.0
  0
SPLINE
  5
212
330
1F
100
AcDbEntity
  8
DEFAULT
 62
     1
100
AcDbSpline
210
0.0
220
0.0
230
1.0
 70
     8
 71
     3
 72
    32
 73
    28
 74
     0
 42
0.000000001
 43
0.0000000001
 40
0.0
 40
0.0
 40
0.0
 40
0.0
 40
1.0
 40
1.0
 40
1.0
 40
2.0
 40
2.0
 40
2.0
 40
3.0
 40
3.0
 40
3.0
 40
4.0
 40
4.0
 40
4.0
 40
5.0
 40
5.0
 40
5.0
 40
6.0
 40
6.0
 40
6.0
 40
7.0
 40
7.0
 40
7.0
 40
19.90000000000001
 40
19.90000000000001
 40
19.90000000000001
 40
23.65000000000001
 40
23.65000000000001
 40
23.65000000000001
 40
23.65000000000001
 10
39.09522138888889
 20
52.92474527777777
 30
0.0
 10
38.35086027777778
 20
56.20910638888888
 30
0.0
 10
36.07191583333334
 20
60.91833694444443
 30
0.0
 10
37.54299916666666
 20
61.52158694444444
 30
0.0
 10
41.31772138888888
 20
63.07063416666666
 30
0.0
 10
46.23191583333332
 20
70.15793972222221
 30
0.0
 10
49.35399916666665
 20
66.83477305555554
 30
0.0
 10
51.02616583333333
 20
65.05324527777776
 30
0.0
 10
49.82319361111111
 20
66.22058694444443
 30
0.0
 10
60.75224916666666
 20
71.69569805555555
 30
0.0
 10
64.02602694444444
 20
73.3329397222222
 30
0.0
 10
64.70688805555555
 20
66.58077305555555
 30
0.0
 10
64.6504436111111
 20
64.39707861111111
 30
0.0
 10
64.5234436111111
 20
59.31002305555555
 30
0.0
 10
61.66947138888889
 20
56.88608694444443
 30
0.0
 10
61.66947138888889
 20
55.23543972222222
 30
0.0
 10
60.53352694444445
 20
55.23543972222222
 30
0.0
 10
60.66052694444443
 20
55.17158694444444
 30
0.0
 10
59.39405472222222
 20
55.17158694444444
 30
0.0
 10
58.13463805555555
 20
55.17158694444444
 30
0.0
 10
58.25811027777777
 20
55.23543972222222
 30
0.0
 10
57.12216583333333
 20
55.23543972222222
 30
0.0
 10
55.60522138888888
 20
55.23543972222222
 30
0.0
 10
54.08827694444443
 20
55.23543972222222
 30
0.0
 10
52.57133249999999
 20
55.23543972222222
 30
0.0
 10
52.57133249999999
 20
54.7944675
 30
0.0
 10
52.57133249999999
 20
54.35349527777777
 30
0.0
 10
52.57133249999999
 20
53.91252305555555
 30
0.0
  0
SPLINE
  5
213
330
1F
100
AcDbEntity
  8
DEFAULT
 62
     3
100
AcDbSpline
210
0.0
220
0.0
230
1.0
 70
     8
 71
     3
 72
    65
 73
    61
 74
     0
 42
0.000000001
 43
0.0000000001
 40
0.0
 40
0.0
 40
0.0
 40
0.0
 40
1.0
 40
1.0
 40
1.0
 40
2.0
 40
2.0
 40
2.0
 40
3.0
 40
3.0
 40
3.0
 40
4.0
 40
4.0
 40
4.0
 40
5.0
 40
5.0
 40
5.0
 40
6.0
 40
6.0
 40
6.0
 40
7.0
 40
7.0
 40
7.0
 40
8.0
 40
8.0
 40
8.0
 40
9.0
 40
9.0
 40
9.0
 40
10.0
 40
10.0
 40
10.0
 40
11.0
 40
11.0
 40
11.0
 40
12.0
 40
12.0
 40
12.0
 40
13.0
 40
13.0
 40
13.0
 40
14.0
 40
14.0
 40
14.0
 40
15.0
 40
15.0
 40
15.0
 40
16.0
 40
16.0
 40
16.0
 40
17.0
 40
17.0
 40
17.0
 40
18.0
 40
18.0
 40
18.0
 40
19.0
 40
19.0
 40
19.0
 40
20.0
 40
20.0
 40
20.0
 40
20.0
 10
57.11962583333333
 20
52.23675805555555
 30
0.0
 10
57.11962583333333
 20
49.4166525
 30
0.0
 10
59.79967861111111
 20
48.45180527777778
 30
0.0
 10
59.76722305555555
 20
47.33279416666666
 30
0.0
 10
59.70513416666667
 20
45.18508305555555
 30
0.0
 10
59.28638694444444
 20
47.79281638888888
 30
0.0
 10
48.63143972222222
 20
49.3245775
 30
0.0
 10
44.95055638888888
 20
49.85374416666667
 30
0.0
 10
46.53805638888889
 20
49.85374416666667
 30
0.0
 10
46.53805638888889
 20
52.23675805555555
 30
0.0
 10
46.53805638888889
 20
55.38494694444444
 30
0.0
 10
42.00909527777778
 20
53.2869775
 30
0.0
 10
44.26581472222222
 20
52.03285249999999
 30
0.0
 10
45.38623694444445
 20
51.41019972222222
 30
0.0
 10
44.19737583333333
 20
50.25097194444444
 30
0.0
 10
43.69819527777778
 20
50.02801638888889
 30
0.0
 10
42.88539527777778
 20
49.66500805555555
 30
0.0
 10
41.54730916666667
 20
49.88514138888888
 30
0.0
 10
41.51626472222222
 20
50.9120775
 30
0.0
 10
41.46193694444445
 20
52.69678027777778
 30
0.0
 10
41.0276675
 20
56.08097749999999
 30
0.0
 10
39.52412861111111
 20
59.08840805555555
 30
0.0
 10
39.23343972222222
 20
59.66943305555554
 30
0.0
 10
41.80660083333333
 20
60.90556638888889
 30
0.0
 10
41.80660083333333
 20
59.62780527777777
 30
0.0
 10
41.80660083333333
 20
56.95092749999999
 30
0.0
 10
43.38387027777777
 20
56.73291083333333
 30
0.0
 10
46.53805638888889
 20
56.73291083333333
 30
0.0
 10
49.08934527777777
 20
56.73291083333333
 30
0.0
 10
49.71305638888889
 20
57.53230527777777
 30
0.0
 10
49.71305638888889
 20
58.46363861111111
 30
0.0
 10
49.71305638888889
 20
59.73152194444444
 30
0.0
 10
48.39825361111111
 20
61.17544138888888
 30
0.0
 10
46.64177305555556
 20
60.22964416666667
 30
0.0
 10
43.26039805555556
 20
58.40931083333333
 30
0.0
 10
44.23477027777778
 20
63.77506083333333
 30
0.0
 10
46.17222583333333
 20
63.77506083333333
 30
0.0
 10
47.24784527777778
 20
63.77506083333333
 30
0.0
 10
47.55476194444444
 20
62.06232472222221
 30
0.0
 10
50.40626472222222
 20
62.06232472222221
 30
0.0
 10
51.48999805555555
 20
62.06232472222221
 30
0.0
 10
52.56138416666667
 20
62.27011083333333
 30
0.0
 10
53.57279805555555
 20
63.59161638888889
 30
0.0
 10
54.8593786111111
 20
65.27224972222221
 30
0.0
 10
57.96276472222222
 20
67.24074972222222
 30
0.0
 10
59.85894527777777
 20
67.63092194444444
 30
0.0
 10
60.62870638888889
 20
67.78931916666666
 30
0.0
 10
61.27852305555555
 20
65.3851386111111
 30
0.0
 10
60.43220916666666
 20
62.03516083333333
 30
0.0
 10
59.86070916666667
 20
59.77314972222221
 30
0.0
 10
58.70359805555556
 20
57.47056916666666
 30
0.0
 10
57.95147583333333
 20
59.71106083333333
 30
0.0
 10
55.98015361111111
 20
65.58375249999999
 30
0.0
 10
56.91395638888889
 20
61.5783136111111
 30
0.0
 10
52.99177305555556
 20
59.91849416666666
 30
0.0
 10
50.90297583333333
 20
59.03443305555555
 30
0.0
 10
55.09820916666667
 20
56.32862749999999
 30
0.0
 10
55.84503972222223
 20
58.10274694444443
 30
0.0
 10
56.34316194444445
 20
59.28525805555554
 30
0.0
 10
57.12033138888889
 20
58.12179694444443
 30
0.0
 10
57.12033138888889
 20
55.23678027777777
 30
0.0
  0
SPLINE
  5
214
330
1F
100
AcDbEntity
  8
DEFAULT
 62
     5
100
AcDbSpline
210
0.0
220
0.0
230
1.0
 70
     8
 71
     3
 72
    47
 73
    43
 74
     0
 42
0.000000001
 43
0.0000000001
 40
0.0
 40
0.0
 40
0.0
 40
0.0
 40
1.0
 40
1.0
 40
1.0
 40
2.0
 40
2.0
 40
2.0
 40
3.0
 40
3.0
 40
3.0
 40
4.0
 40
4.0
 40
4.0
 40
5.0
 40
5.0
 40
5.0
 40
6.0
 40
6.0
 40
6.0
 40
7.0
 40
7.0
 40
7.0
 40
8.0
 40
8.0
 40
8.0
 40
9.0
 40
9.0
 40
9.0
 40
10.0
 40
10.0
 40
10.0
 40
11.0
 40
11.0
 40
11.0
 40
12.0
 40
12.0
 40
12.0
 40
13.0
 40
13.0
 40
13.0
 40
14.0
 40
14.0
 40
14.0
 40
14.0
 10
59.39493666666666
 20
55.17303333333332
 30
0.0
 10
59.39493666666666
 20
57.44915555555554
 30
0.0
 10
62.65248666666666
 20
59.47268888888888
 30
0.0
 10
62.65248666666666
 20
64.44509166666666
 30
0.0
 10
62.65248666666666
 20
66.46650833333332
 30
0.0
 10
62.48915055555554
 20
69.56178055555554
 30
0.0
 10
61.59873944444443
 20
69.88174999999998
 30
0.0
 10
60.16998944444444
 20
70.39468888888888
 30
0.0
 10
54.48568111111111
 20
66.80799722222221
 30
0.0
 10
53.10385055555555
 20
65.8191611111111
 30
0.0
 10
51.72625333333333
 20
64.83314722222221
 30
0.0
 10
51.38405888888888
 20
64.05315555555555
 30
0.0
 10
50.42450333333333
 20
64.06162222222221
 30
0.0
 10
48.87757277777777
 20
64.0760861111111
 30
0.0
 10
48.13109499999999
 20
65.59867499999999
 30
0.0
 10
47.44317833333333
 20
65.71050555555554
 30
0.0
 10
44.04945611111111
 20
66.26295555555555
 30
0.0
 10
43.31144499999999
 20
64.21014166666666
 30
0.0
 10
41.7952061111111
 20
63.06925833333332
 30
0.0
 10
39.53601722222221
 20
61.36851666666666
 30
0.0
 10
38.59586444444444
 20
61.59429444444444
 30
0.0
 10
37.95133944444444
 20
60.27031944444444
 30
0.0
 10
37.58938944444444
 20
59.52666388888888
 30
0.0
 10
38.51260888888888
 20
58.02700555555555
 30
0.0
 10
38.88090888888888
 20
57.03852222222222
 30
0.0
 10
39.28131166666666
 20
55.96360833333333
 30
0.0
 10
40.21088111111111
 20
52.61327777777777
 30
0.0
 10
40.27931999999999
 20
50.84374444444444
 30
0.0
 10
40.37315888888888
 20
48.43215555555555
 30
0.0
 10
41.91373944444444
 20
48.23071944444443
 30
0.0
 10
43.31003388888888
 20
48.23071944444443
 30
0.0
 10
44.98325888888888
 20
48.23071944444443
 30
0.0
 10
47.27172833333332
 20
47.77457777777776
 30
0.0
 10
49.71048111111111
 20
47.38581666666666
 30
0.0
 10
55.53202
 20
46.4580111111111
 30
0.0
 10
60.06627277777777
 20
44.55900833333332
 30
0.0
 10
60.70056722222221
 20
44.55900833333332
 30
0.0
 10
61.33486166666665
 20
44.55900833333332
 30
0.0
 10
61.44598666666666
 20
47.96754722222221
 30
0.0
 10
61.03147277777777
 20
48.72954722222221
 30
0.0
 10
60.75665888888889
 20
49.23437222222221
 30
0.0
 10
59.39493666666666
 20
50.70686666666666
 30
0.0
 10
59.39493666666666
 20
52.3000111111111
 30
0.0
  0
POLYLINE
  5
215
330
1F
100
AcDbEntity
  8
DEFAULT
 62
     7
100
AcDb2dPolyline
 66
     1
 10
0.0
 20
0.0
 30
0.0
  0
VERTEX
  5
216
330
215
100
AcDbEntity
  8
DEFAULT
 62
     7
100
AcDbVertex
100
AcDb2dVertex
 10
100.3376552777778
 20
271.5677336111111
 30
0.0
  0
VERTEX
  5
217
330
215
100
AcDbEntity
  8
DEFAULT
 62
     7
100
AcDbVertex
100
AcDb2dVertex
 10
100.3376552777778
 20
274.5677558333333
 30
0.0
  0
SEQEND
  5
218
330
215
100
AcDbEntity
  8
DEFAULT
 62
     7
  0
SPLINE
  5
219
330
1F
100
AcDbEntity
  8
DEFAULT
 62
     7
100
AcDbSpline
210
0.0
220
0.0
230
1.0
 70
     8
 71
     3
 72
    17
 73
    13
 74
     0
 42
0.000000001
 43
0.0000000001
 40
0.0
 40
0.0
 40
0.0
 40
0.0
 40
3.072000000000003
 40
3.072000000000003
 40
3.072000000000003
 40
4.072000000000003
 40
4.072000000000003
 40
4.072000000000003
 40
5.072000000000003
 40
5.072000000000003
 40
5.072000000000003
 40
6.072000000000003
 40
6.072000000000003
 40
6.072000000000003
 40
6.072000000000003
 10
101.1630847222222
 20
273.2320686111111
 30
0.0
 10
101.5243291666667
 20
273.2320686111111
 30
0.0
 10
101.8855736111111
 20
273.2320686111111
 30
0.0
 10
102.2468180555556
 20
273.2320686111111
 30
0.0
 10
102.5509125
 20
273.2320686111111
 30
0.0
 10
102.8080875
 20
273.3622436111111
 30
0.0
 10
102.8080875
 20
273.7358352777778
 30
0.0
 10
102.8080875
 20
273.9919519444445
 30
0.0
 10
102.6521597222222
 20
274.1947991666667
 30
0.0
 10
102.4648347222222
 20
274.2664130555556
 30
0.0
 10
102.4182680555555
 20
274.2889908333333
 30
0.0
 10
102.3678208333333
 20
274.2935769444445
 30
0.0
 10
102.3014986111111
 20
274.2935769444445
 30
0.0
  0
POLYLINE
  5
21A
330
1F
100
AcDbEntity
  8
DEFAULT
 62
     7
100
AcDb2dPolyline
 66
     1
 10
0.0
 20
0.0
 30
0.0
  0
VERTEX
  5
21B
330
21A
100
AcDbEntity
  8
DEFAULT
 62
     7
100
AcDbVertex
100
AcDb2dVertex
 10
101.1630847222222
 20
274.2934711111111
 30
0.0
  0
VERTEX
  5
21C
330
21A
100
AcDbEntity
  8
DEFAULT
 62
     7
100
AcDbVertex
100
AcDb2dVertex
 10
103.9306263888889
 20
274.2934711111111
 30
0.0
  0
SEQEND
  5
21D
330
21A
100
AcDbEntity
  8
DEFAULT
 62
     7
  0
POLYLINE
  5
21E
330
1F
100
AcDbEntity
  8
DEFAULT
 62
     7
100
AcDb2dPolyline
 66
     1
 10
0.0
 20
0.0
 30
0.0
  0
VERTEX
  5
21F
330
21E
100
AcDbEntity
  8
DEFAULT
 62
     7
100
AcDbVertex
100
AcDb2dVertex
 10
103.0103702777778
 20
272.6875561111111
 30
0.0
  0
VERTEX
  5
220
330
21E
100
AcDbEntity
  8
DEFAULT
 62
     7
100
AcDbVertex
100
AcDb2dVertex
 10
103.6968758333333
 20
271.8419477777778
 30
0.0
  0
VERTEX
  5
221
330
21E
100
AcDbEntity
  8
DEFAULT
 62
     7
100
AcDbVertex
100
AcDb2dVertex
 10
101.1632258333333
 20
271.8419477777778
 30
0.0
  0
SEQEND
  5
222
330
21E
100
AcDbEntity
  8
DEFAULT
 62
     7
  0
SPLINE
  5
223
330
1F
100
AcDbEntity
  8
DEFAULT
 62
     3
100
AcDbSpline
210
0.0
220
0.0
230
1.0
 70
     8
 71
     3
 72
    35
 73
    31
 74
     0
 42
0.000000001
 43
0.0000000001
 40
0.0
 40
0.0
 40
0.0
 40
0.0
 40
1.0
 40
1.0
 40
1.0
 40
2.0
 40
2.0
 40
2.0
 40
3.0
 40
3.0
 40
3.0
 40
4.0
 40
4.0
 40
4.0
 40
5.0
 40
5.0
 40
5.0
 40
6.0
 40
6.0
 40
6.0
 40
7.0
 40
7.0
 40
7.0
 40
8.0
 40
8.0
 40
8.0
 40
9.0
 40
9.0
 40
9.0
 40
10.0
 40
10.0
 40
10.0
 40
10.0
 10
94.6875311111111
 20
271.5677336111111
 30
0.0
 10
94.6875311111111
 20
268.5553641666667
 30
0.0
 10
93.00583944444443
 20
264.7234919444444
 30
0.0
 10
93.5522922222222
 20
264.9446836111111
 30
0.0
 10
95.59099499999998
 20
265.7694780555555
 30
0.0
 10
97.11040888888887
 20
266.0012530555555
 30
0.0
 10
98.61041999999999
 20
266.2210336111111
 30
0.0
 10
101.0537588888889
 20
266.5787502777778
 30
0.0
 10
91.92810333333333
 20
269.8161919444444
 30
0.0
 10
101.0537588888889
 20
269.8161919444444
 30
0.0
 10
109.6114422222222
 20
269.8161919444444
 30
0.0
 10
100.182045
 20
266.6722363888889
 30
0.0
 10
103.2483894444444
 20
266.2831225
 30
0.0
 10
104.3384727777778
 20
266.1448336111111
 30
0.0
 10
105.2761561111111
 20
265.8597891666667
 30
0.0
 10
106.7814588888889
 20
265.4738502777778
 30
0.0
 10
107.3254422222222
 20
265.3341502777778
 30
0.0
 10
106.5944866666667
 20
266.6411919444444
 30
0.0
 10
107.1610477777778
 20
274.4231169444445
 30
0.0
 10
107.2478311111111
 20
275.6126836111111
 30
0.0
 10
106.7119616666667
 20
277.5646030555556
 30
0.0
 10
103.8255338888889
 20
277.5914141666667
 30
0.0
 10
93.5731061111111
 20
277.6863113888889
 30
0.0
 10
96.06301166666665
 20
279.6907947222222
 30
0.0
 10
93.3032311111111
 20
284.5757086111111
 30
0.0
 10
92.80757833333332
 20
285.4527141666667
 30
0.0
 10
91.92810333333333
 20
282.7232725
 30
0.0
 10
91.92810333333333
 20
281.4215225
 30
0.0
 10
91.92810333333333
 20
279.8442530555556
 30
0.0
 10
94.6875311111111
 20
277.8683447222222
 30
0.0
 10
94.6875311111111
 20
274.5677558333333
 30
0.0
  0
SPLINE
  5
224
330
1F
100
AcDbEntity
  8
DEFAULT
 62
     5
100
AcDbSpline
210
0.0
220
0.0
230
1.0
 70
     8
 71
     3
 72
    35
 73
    31
 74
     0
 42
0.000000001
 43
0.0000000001
 40
0.0
 40
0.0
 40
0.0
 40
0.0
 40
1.0
 40
1.0
 40
1.0
 40
2.0
 40
2.0
 40
2.0
 40
3.0
 40
3.0
 40
3.0
 40
4.0
 40
4.0
 40
4.0
 40
5.0
 40
5.0
 40
5.0
 40
6.0
 40
6.0
 40
6.0
 40
7.0
 40
7.0
 40
7.0
 40
8.0
 40
8.0
 40
8.0
 40
9.0
 40
9.0
 40
9.0
 40
10.0
 40
10.0
 40
10.0
 40
10.0
 10
92.41324333333333
 20
274.5037972222222
 30
0.0
 10
92.41324333333333
 20
277.8685916666666
 30
0.0
 10
90.3149211111111
 20
279.3255638888888
 30
0.0
 10
90.43627666666666
 20
281.4387027777777
 30
0.0
 10
90.52376555555554
 20
282.9634083333333
 30
0.0
 10
91.91124055555555
 20
287.4055861111111
 30
0.0
 10
92.59245444444443
 20
287.4055861111111
 30
0.0
 10
93.2740211111111
 20
287.4055861111111
 30
0.0
 10
94.86434333333331
 20
285.5517388888888
 30
0.0
 10
95.48205722222221
 20
284.2020111111111
 30
0.0
 10
97.05932666666666
 20
280.7574888888889
 30
0.0
 10
99.1766988888889
 20
279.1802194444444
 30
0.0
 10
103.8256044444444
 20
279.0913194444444
 30
0.0
 10
107.5936238888889
 20
279.0189999999999
 30
0.0
 10
108.6611294444444
 20
276.4218499999999
 30
0.0
 10
108.6611294444444
 20
274.4043138888889
 30
0.0
 10
108.6611294444444
 20
274.4043138888889
 30
0.0
 10
108.4921488888889
 20
268.2218833333333
 30
0.0
 10
108.4921488888889
 20
267.3529916666666
 30
0.0
 10
108.4921488888889
 20
265.1072083333333
 30
0.0
 10
108.8361072222222
 20
264.4443388888889
 30
0.0
 10
108.0882183333333
 20
264.0598111111111
 30
0.0
 10
107.3399766666667
 20
263.6752833333333
 30
0.0
 10
105.0430405555555
 20
264.8133444444444
 30
0.0
 10
101.5829961111111
 20
264.9354055555555
 30
0.0
 10
95.94772388888889
 20
265.1343722222222
 30
0.0
 10
92.83763499999998
 20
262.9065805555555
 30
0.0
 10
92.24637944444443
 20
263.332736111111
 30
0.0
 10
91.65547666666664
 20
263.7585388888889
 30
0.0
 10
92.36985166666666
 20
268.9295555555555
 30
0.0
 10
92.41324333333333
 20
271.6304222222222
 30
0.0
  0
SPLINE
  5
225
330
1F
100
AcDbEntity
  8
DEFAULT
 62
     1
100
AcDbSpline
210
0.0
220
0.0
230
1.0
 70
     8
 71
     3
 72
    29
 73
    25
 74
     0
 42
0.000000001
 43
0.0000000001
 40
0.0
 40
0.0
 40
0.0
 40
0.0
 40
6.269999999999982
 40
6.269999999999982
 40
6.269999999999982
 40
7.269999999999982
 40
7.269999999999982
 40
7.269999999999982
 40
8.269999999999982
 40
8.269999999999982
 40
8.269999999999982
 40
9.269999999999982
 40
9.269999999999982
 40
9.269999999999982
 40
10.26999999999998
 40
10.26999999999998
 40
10.26999999999998
 40
11.26999999999998
 40
11.26999999999998
 40
11.26999999999998
 40
24.16999999999996
 40
24.16999999999996
 40
24.16999999999996
 40
27.91999999999996
 40
27.91999999999996
 40
27.91999999999996
 40
27.91999999999996
 10
109.6366658333333
 20
273.3295411111111
 30
0.0
 10
109.6366658333333
 20
272.5922355555555
 30
0.0
 10
109.6366658333333
 20
271.85493
 30
0.0
 10
109.6366658333333
 20
271.1176244444445
 30
0.0
 10
109.6366658333333
 20
267.2159022222222
 30
0.0
 10
108.8817213888889
 20
265.9670688888889
 30
0.0
 10
109.8342213888889
 20
263.8327633333333
 30
0.0
 10
110.8572769444444
 20
261.53618
 30
0.0
 10
105.2093047222222
 20
263.8750966666666
 30
0.0
 10
97.88916583333331
 20
262.6403744444444
 30
0.0
 10
90.14216583333332
 20
261.3315688888889
 30
0.0
 10
89.87758249999999
 20
257.8320133333334
 30
0.0
 10
90.13863805555553
 20
271.56918
 30
0.0
 10
91.27458249999998
 20
271.56918
 30
0.0
 10
91.14758249999997
 20
271.6291522222222
 30
0.0
 10
92.4140547222222
 20
271.6291522222222
 30
0.0
 10
93.67347138888887
 20
271.63268
 30
0.0
 10
93.54999916666664
 20
271.56918
 30
0.0
 10
94.6859436111111
 20
271.56918
 30
0.0
 10
96.20288805555555
 20
271.56918
 30
0.0
 10
97.7198325
 20
271.56918
 30
0.0
 10
99.23677694444443
 20
271.56918
 30
0.0
 10
99.23677694444443
 20
272.0101522222222
 30
0.0
 10
99.23677694444443
 20
272.4511244444444
 30
0.0
 10
99.23677694444443
 20
272.8920966666666
 30
0.0
  0
SPLINE
  5
226
330
1F
100
AcDbEntity
  8
DEFAULT
 62
     1
100
AcDbSpline
210
0.0
220
0.0
230
1.0
 70
     8
 71
     3
 72
    32
 73
    28
 74
     0
 42
0.000000001
 43
0.0000000001
 40
0.0
 40
0.0
 40
0.0
 40
0.0
 40
3.759999999999991
 40
3.759999999999991
 40
3.759999999999991
 40
16.64999999999998
 40
16.64999999999998
 40
16.64999999999998
 40
17.64999999999998
 40
17.64999999999998
 40
17.64999999999998
 40
18.64999999999998
 40
18.64999999999998
 40
18.64999999999998
 40
19.64999999999998
 40
19.64999999999998
 40
19.64999999999998
 40
20.64999999999998
 40
20.64999999999998
 40
20.64999999999998
 40
21.64999999999998
 40
21.64999999999998
 40
21.64999999999998
 40
22.64999999999998
 40
22.64999999999998
 40
22.64999999999998
 40
26.43999999999994
 40
26.43999999999994
 40
26.43999999999994
 40
26.43999999999994
 10
99.23677694444444
 20
273.2413466666666
 30
0.0
 10
99.23677694444444
 20
273.6834948148148
 30
0.0
 10
99.23677694444444
 20
274.125642962963
 30
0.0
 10
99.23677694444444
 20
274.5677911111111
 30
0.0
 10
97.72100842592592
 20
274.5677911111111
 30
0.0
 10
96.2052399074074
 20
274.5677911111111
 30
0.0
 10
94.68947138888889
 20
274.5677911111111
 30
0.0
 10
93.54999916666667
 20
274.5677911111111
 30
0.0
 10
93.6734713888889
 20
274.5042911111111
 30
0.0
 10
92.41405472222223
 20
274.5042911111111
 30
0.0
 10
91.1475825
 20
274.5042911111111
 30
0.0
 10
91.2745825
 20
274.5677911111111
 30
0.0
 10
90.13863805555556
 20
274.5677911111111
 30
0.0
 10
90.04691583333333
 20
277.7851244444444
 30
0.0
 10
88.07488805555556
 20
278.0955688888889
 30
0.0
 10
88.44883250000001
 20
281.6480411111111
 30
0.0
 10
88.69577694444445
 20
284.0222355555555
 30
0.0
 10
91.37336027777776
 20
291.3988188888889
 30
0.0
 10
93.13372138888889
 20
289.69843
 30
0.0
 10
97.27533249999999
 20
285.6908744444444
 30
0.0
 10
99.47666583333333
 20
281.2776244444444
 30
0.0
 10
103.9110825
 20
281.0906522222222
 30
0.0
 10
106.3593602777778
 20
280.9848188888889
 30
0.0
 10
109.6366658333333
 20
278.1802355555556
 30
0.0
 10
109.6366658333333
 20
275.0158188888889
 30
0.0
 10
109.6366658333333
 20
274.570142962963
 30
0.0
 10
109.6366658333333
 20
274.124467037037
 30
0.0
 10
109.6366658333333
 20
273.6787911111111
 30
0.0
  0
SPLINE
  5
227
330
1F
100
AcDbEntity
  8
DEFAULT
 62
     3
100
AcDbSpline
210
0.0
220
0.0
230
1.0
 70
     8
 71
     3
 72
    11
 73
     7
 74
     0
 42
0.000000001
 43
0.0000000001
 40
0.0
 40
0.0
 40
0.0
 40
0.0
 40
1.0
 40
1.0
 40
1.0
 40
2.0
 40
2.0
 40
2.0
 40
2.0
 10
115.3615436111111
 20
274.5623583333333
 30
0.0
 10
115.3615436111111
 20
276.2126527777777
 30
0.0
 10
114.1377575
 20
277.3542416666667
 30
0.0
 10
114.5907241666666
 20
278.3501333333333
 30
0.0
 10
115.0087658333333
 20
279.2684138888889
 30
0.0
 10
119.9134352777778
 20
277.5408611111111
 30
0.0
 10
119.9134352777778
 20
274.56765
 30
0.0
  0
SPLINE
  5
228
330
1F
100
AcDbEntity
  8
DEFAULT
 62
     3
100
AcDbSpline
210
0.0
220
0.0
230
1.0
 70
     8
 71
     3
 72
    11
 73
     7
 74
     0
 42
0.000000001
 43
0.0000000001
 40
0.0
 40
0.0
 40
0.0
 40
0.0
 40
1.0
 40
1.0
 40
1.0
 40
2.0
 40
2.0
 40
2.0
 40
2.0
 10
119.9135411111111
 20
271.5677336111111
 30
0.0
 10
119.9135411111111
 20
269.8211308333333
 30
0.0
 10
115.2014883333333
 20
268.0156141666667
 30
0.0
 10
114.7598105555555
 20
268.3750947222222
 30
0.0
 10
114.3181327777778
 20
268.7345752777778
 30
0.0
 10
115.3669411111111
 20
270.2984391666667
 30
0.0
 10
115.3669411111111
 20
271.5663225
 30
0.0
  0
SPLINE
  5
229
330
1F
100
AcDbEntity
  8
DEFAULT
 62
     5
100
AcDbSpline
210
0.0
220
0.0
230
1.0
 70
     8
 71
     3
 72
    23
 73
    19
 74
     0
 42
0.000000001
 43
0.0000000001
 40
0.0
 40
0.0
 40
0.0
 40
0.0
 40
1.0
 40
1.0
 40
1.0
 40
2.0
 40
2.0
 40
2.0
 40
3.0
 40
3.0
 40
3.0
 40
4.0
 40
4.0
 40
4.0
 40
5.0
 40
5.0
 40
5.0
 40
6.0
 40
6.0
 40
6.0
 40
6.0
 10
113.0903602777778
 20
274.4967416666667
 30
0.0
 10
113.1418658333333
 20
275.7826166666666
 30
0.0
 10
112.6642047222222
 20
279.1389444444444
 30
0.0
 10
113.2727463888889
 20
279.8127499999999
 30
0.0
 10
115.0140575
 20
281.7420916666666
 30
0.0
 10
120.5293852777778
 20
278.6820972222222
 30
0.0
 10
126.8292908333333
 20
277.5263972222222
 30
0.0
 10
127.8124825
 20
277.3461277777777
 30
0.0
 10
129.2532269444444
 20
276.8836361111111
 30
0.0
 10
129.5456797222222
 20
276.0902388888889
 30
0.0
 10
129.8381325
 20
275.2968416666666
 30
0.0
 10
123.6049019444444
 20
270.5608
 30
0.0
 10
122.0357463888889
 20
269.5793722222222
 30
0.0
 10
119.0043269444444
 20
267.6838972222222
 30
0.0
 10
114.5723797222222
 20
266.1676583333333
 30
0.0
 10
113.9514908333333
 20
266.4781027777777
 30
0.0
 10
113.3302491666667
 20
266.7881944444444
 30
0.0
 10
113.2039547222222
 20
269.4216805555556
 30
0.0
 10
113.0907130555555
 20
271.6304222222222
 30
0.0
  0
POLYLINE
  5
22A
330
1F
100
AcDbEntity
  8
DEFAULT
 62
     7
100
AcDb2dPolyline
 66
     1
 10
0.0
 20
0.0
 30
0.0
  0
VERTEX
  5
22B
330
22A
100
AcDbEntity
  8
DEFAULT
 62
     7
100
AcDbVertex
100
AcDb2dVertex
 10
121.0135727777778
 20
271.5677336111111
 30
0.0
  0
VERTEX
  5
22C
330
22A
100
AcDbEntity
  8
DEFAULT
 62
     7
100
AcDbVertex
100
AcDb2dVertex
 10
121.0135727777778
 20
274.5677558333333
 30
0.0
  0
SEQEND
  5
22D
330
22A
100
AcDbEntity
  8
DEFAULT
 62
     7
  0
SPLINE
  5
22E
330
1F
100
AcDbEntity
  8
DEFAULT
 62
     7
100
AcDbSpline
210
0.0
220
0.0
230
1.0
 70
     8
 71
     3
 72
    17
 73
    13
 74
     0
 42
0.000000001
 43
0.0000000001
 40
0.0
 40
0.0
 40
0.0
 40
0.0
 40
3.072000000000003
 40
3.072000000000003
 40
3.072000000000003
 40
4.072000000000003
 40
4.072000000000003
 40
4.072000000000003
 40
5.072000000000003
 40
5.072000000000003
 40
5.072000000000003
 40
6.072000000000003
 40
6.072000000000003
 40
6.072000000000003
 40
6.072000000000003
 10
121.8391786111111
 20
273.5607163888889
 30
0.0
 10
122.2004230555556
 20
273.5607163888889
 30
0.0
 10
122.5616675
 20
273.5607163888889
 30
0.0
 10
122.9229119444444
 20
273.5607163888889
 30
0.0
 10
123.2270063888889
 20
273.5607163888889
 30
0.0
 10
123.4841813888889
 20
273.6778386111111
 30
0.0
 10
123.4841813888889
 20
274.0136830555555
 30
0.0
 10
123.4841813888889
 20
274.2440469444444
 30
0.0
 10
123.3282536111111
 20
274.4260802777778
 30
0.0
 10
123.1412813888889
 20
274.4906386111111
 30
0.0
 10
123.0943619444444
 20
274.5107469444444
 30
0.0
 10
123.0439147222222
 20
274.5149802777778
 30
0.0
 10
122.9775925
 20
274.5149802777778
 30
0.0
  0
POLYLINE
  5
22F
330
1F
100
AcDbEntity
  8
DEFAULT
 62
     7
100
AcDb2dPolyline
 66
     1
 10
0.0
 20
0.0
 30
0.0
  0
VERTEX
  5
230
330
22F
100
AcDbEntity
  8
DEFAULT
 62
     7
100
AcDbVertex
100
AcDb2dVertex
 10
121.8391786111111
 20
274.5150155555555
 30
0.0
  0
VERTEX
  5
231
330
22F
100
AcDbEntity
  8
DEFAULT
 62
     7
100
AcDbVertex
100
AcDb2dVertex
 10
124.6067202777778
 20
274.5150155555555
 30
0.0
  0
SEQEND
  5
232
330
22F
100
AcDbEntity
  8
DEFAULT
 62
     7
  0
SPLINE
  5
233
330
1F
100
AcDbEntity
  8
DEFAULT
 62
     7
100
AcDbSpline
210
0.0
220
0.0
230
1.0
 70
     8
 71
     3
 72
    17
 73
    13
 74
     0
 42
0.000000001
 43
0.0000000001
 40
0.0
 40
0.0
 40
0.0
 40
0.0
 40
1.0
 40
1.0
 40
1.0
 40
2.0
 40
2.0
 40
2.0
 40
3.0
 40
3.0
 40
3.0
 40
6.769999999999982
 40
6.769999999999982
 40
6.769999999999982
 40
6.769999999999982
 10
123.7854888888889
 20
272.9891811111111
 30
0.0
 10
124.26315
 20
272.9891811111111
 30
0.0
 10
124.4159027777777
 20
272.60042
 30
0.0
 10
124.4159027777777
 20
272.3330144444444
 30
0.0
 10
124.4159027777777
 20
271.8341866666667
 30
0.0
 10
124.1484972222222
 20
271.6235783333333
 30
0.0
 10
123.7858416666666
 20
271.6235783333333
 30
0.0
 10
123.3180583333333
 20
271.6235783333333
 30
0.0
 10
121.8392138888889
 20
273.0463311111111
 30
0.0
 10
121.8392138888889
 20
273.0463311111111
 30
0.0
 10
121.8392138888889
 20
272.6030070370371
 30
0.0
 10
121.8392138888889
 20
272.159682962963
 30
0.0
 10
121.8392138888889
 20
271.7163588888889
 30
0.0
  0
SPLINE
  5
234
330
1F
100
AcDbEntity
  8
DEFAULT
 62
     1
100
AcDbSpline
210
0.0
220
0.0
230
1.0
 70
     8
 71
     3
 72
    26
 73
    22
 74
     0
 42
0.000000001
 43
0.0000000001
 40
0.0
 40
0.0
 40
0.0
 40
0.0
 40
3.830000000000041
 40
3.830000000000041
 40
3.830000000000041
 40
16.73001550386667
 40
16.73001550386667
 40
16.73001550386667
 40
17.73001550386667
 40
17.73001550386667
 40
17.73001550386667
 40
18.73001550386667
 40
18.73001550386667
 40
18.73001550386667
 40
19.73001550386667
 40
19.73001550386667
 40
19.73001550386667
 40
20.73001550386667
 40
20.73001550386667
 40
20.73001550386667
 40
21.73001550386667
 40
21.73001550386667
 40
21.73001550386667
 40
21.73001550386667
 10
119.9130119444444
 20
273.2167227777778
 30
0.0
 10
119.9130119444444
 20
273.6671024074074
 30
0.0
 10
119.9130119444444
 20
274.117482037037
 30
0.0
 10
119.9130119444444
 20
274.5678616666667
 30
0.0
 10
118.3960675
 20
274.5655098148148
 30
0.0
 10
116.8791230555556
 20
274.563157962963
 30
0.0
 10
115.3621786111111
 20
274.5608061111111
 30
0.0
 10
114.2262341666667
 20
274.5608061111111
 30
0.0
 10
114.3497063888889
 20
274.4973061111111
 30
0.0
 10
113.0902897222222
 20
274.4973061111111
 30
0.0
 10
111.8238175
 20
274.4973061111111
 30
0.0
 10
111.9543452777778
 20
274.5608061111111
 30
0.0
 10
110.8148730555556
 20
274.5608061111111
 30
0.0
 10
111.0230119444444
 20
278.5860005555556
 30
0.0
 10
110.8078175
 20
281.3588338888889
 30
0.0
 10
112.7904286111111
 20
281.7574727777778
 30
0.0
 10
116.8367897222222
 20
282.5653338888889
 30
0.0
 10
118.4701508333333
 20
281.6163616666666
 30
0.0
 10
121.3840952777778
 20
280.5509727777778
 30
0.0
 10
125.2293730555556
 20
279.1469172222222
 30
0.0
 10
127.8328730555556
 20
278.4731116666666
 30
0.0
 10
129.2439841666666
 20
277.7993061111111
 30
0.0
  0
SPLINE
  5
235
330
1F
100
AcDbEntity
  8
DEFAULT
 62
     1
100
AcDbSpline
210
0.0
220
0.0
230
1.0
 70
     8
 71
     3
 72
    29
 73
    25
 74
     0
 42
0.000000001
 43
0.0000000001
 40
0.0
 40
0.0
 40
0.0
 40
0.0
 40
1.0
 40
1.0
 40
1.0
 40
2.0
 40
2.0
 40
2.0
 40
3.0
 40
3.0
 40
3.0
 40
4.0
 40
4.0
 40
4.0
 40
5.0
 40
5.0
 40
5.0
 40
6.0
 40
6.0
 40
6.0
 40
18.89000387897541
 40
18.89000387897541
 40
18.89000387897541
 40
22.57000387897547
 40
22.57000387897547
 40
22.57000387897547
 40
22.57000387897547
 10
129.5579211111111
 20
277.6405561111111
 30
0.0
 10
130.84556
 20
276.9314727777777
 30
0.0
 10
130.8314488888889
 20
276.1588894444444
 30
0.0
 10
129.5826155555555
 20
274.4796672222222
 30
0.0
 10
128.1503377777778
 20
272.5570283333333
 30
0.0
 10
125.1693655555556
 20
269.7947783333333
 30
0.0
 10
121.6874488888889
 20
267.7133894444444
 30
0.0
 10
119.4226155555556
 20
266.3622505555555
 30
0.0
 10
116.6145044444444
 20
264.1538616666667
 30
0.0
 10
113.1960877777778
 20
264.5172227777778
 30
0.0
 10
110.7054766666667
 20
264.7853338888888
 30
0.0
 10
110.8183655555556
 20
269.815945
 30
0.0
 10
110.8148377777778
 20
271.5657227777778
 30
0.0
 10
111.95431
 20
271.5657227777778
 30
0.0
 10
111.82731
 20
271.625695
 30
0.0
 10
113.0902544444444
 20
271.6292227777778
 30
0.0
 10
114.3531988888889
 20
271.625695
 30
0.0
 10
114.2261988888889
 20
271.5657227777778
 30
0.0
 10
115.3656711111111
 20
271.5657227777778
 30
0.0
 10
116.8814396296296
 20
271.5668987037037
 30
0.0
 10
118.3972081481482
 20
271.5680746296296
 30
0.0
 10
119.9129766666667
 20
271.5692505555555
 30
0.0
 10
119.9129766666667
 20
272.0019912962962
 30
0.0
 10
119.9129766666667
 20
272.434732037037
 30
0.0
 10
119.9129766666667
 20
272.8674727777778
 30
0.0
  0
POLYLINE
  5
236
330
1F
100
AcDbEntity
  8
DEFAULT
 62
     7
100
AcDb2dPolyline
 66
     1
 10
0.0
 20
0.0
 30
0.0
  0
VERTEX
  5
237
330
236
100
AcDbEntity
  8
DEFAULT
 62
     7
100
AcDbVertex
100
AcDb2dVertex
 10
122.8823425
 20
236.5007758333333
 30
0.0
  0
VERTEX
  5
238
330
236
100
AcDbEntity
  8
DEFAULT
 62
     7
100
AcDbVertex
100
AcDb2dVertex
 10
122.8823425
 20
239.5007980555555
 30
0.0
  0
SEQEND
  5
239
330
236
100
AcDbEntity
  8
DEFAULT
 62
     7
  0
SPLINE
  5
23A
330
1F
100
AcDbEntity
  8
DEFAULT
 62
     7
100
AcDbSpline
210
0.0
220
0.0
230
1.0
 70
     8
 71
     3
 72
    17
 73
    13
 74
     0
 42
0.000000001
 43
0.0000000001
 40
0.0
 40
0.0
 40
0.0
 40
0.0
 40
1.0
 40
1.0
 40
1.0
 40
2.0
 40
2.0
 40
2.0
 40
3.0
 40
3.0
 40
3.0
 40
6.644000000000005
 40
6.644000000000005
 40
6.644000000000005
 40
6.644000000000005
 10
126.4785238888889
 20
237.7715166666667
 30
0.0
 10
126.956185
 20
237.7715166666667
 30
0.0
 10
127.1089377777778
 20
237.4099194444445
 30
0.0
 10
127.1089377777778
 20
237.1608583333333
 30
0.0
 10
127.1089377777778
 20
236.6966027777778
 30
0.0
 10
126.841885
 20
236.5008111111111
 30
0.0
 10
126.4792294444444
 20
236.5008111111111
 30
0.0
 10
126.0114461111111
 20
236.5008111111111
 30
0.0
 10
124.5322488888889
 20
237.8247861111111
 30
0.0
 10
124.5322488888889
 20
237.8247861111111
 30
0.0
 10
124.5322488888889
 20
237.3962787037036
 30
0.0
 10
124.5322488888889
 20
236.9677712962963
 30
0.0
 10
124.5322488888889
 20
236.5392638888889
 30
0.0
  0
SPLINE
  5
23B
330
1F
100
AcDbEntity
  8
DEFAULT
 62
     7
100
AcDbSpline
210
0.0
220
0.0
230
1.0
 70
     8
 71
     3
 72
    29
 73
    25
 74
     0
 42
0.000000001
 43
0.0000000001
 40
0.0
 40
0.0
 40
0.0
 40
0.0
 40
1.0
 40
1.0
 40
1.0
 40
2.0
 40
2.0
 40
2.0
 40
3.0
 40
3.0
 40
3.0
 40
4.0
 40
4.0
 40
4.0
 40
5.0
 40
5.0
 40
5.0
 40
6.0
 40
6.0
 40
6.0
 40
7.0
 40
7.0
 40
7.0
 40
8.0
 40
8.0
 40
8.0
 40
8.0
 10
124.7957738888889
 20
238.1907930555555
 30
0.0
 10
124.6497238888889
 20
238.2803986111111
 30
0.0
 10
124.5322488888889
 20
238.5456875
 30
0.0
 10
124.5322488888889
 20
238.7947486111111
 30
0.0
 10
124.5322488888889
 20
239.1930347222222
 30
0.0
 10
124.8631544444444
 20
239.4784319444444
 30
0.0
 10
125.2981294444444
 20
239.4784319444444
 30
0.0
 10
125.8301183333333
 20
239.4784319444444
 30
0.0
 10
126.1317433333333
 20
239.1231847222222
 30
0.0
 10
126.1317433333333
 20
238.7548847222222
 30
0.0
 10
126.1317433333333
 20
238.4761902777778
 30
0.0
 10
125.9888683333333
 20
238.2532347222222
 30
0.0
 10
125.8593988888889
 20
238.1833847222222
 30
0.0
 10
125.7225211111111
 20
238.1897347222222
 30
0.0
 10
124.3643266666667
 20
238.1907930555555
 30
0.0
 10
124.3643266666667
 20
238.1907930555555
 30
0.0
 10
123.9318211111111
 20
238.1907930555555
 30
0.0
 10
123.8803155555555
 20
238.2578208333333
 30
0.0
 10
123.7166266666666
 20
238.4010486111111
 30
0.0
 10
123.5451766666666
 20
238.5442763888888
 30
0.0
 10
123.4904961111111
 20
238.7513569444444
 30
0.0
 10
123.4904961111111
 20
238.9372708333333
 30
0.0
 10
123.4904961111111
 20
239.1143652777778
 30
0.0
 10
123.5451766666666
 20
239.3090986111111
 30
0.0
 10
123.6464238888889
 20
239.4283375
 30
0.0
  0
SPLINE
  5
23C
330
1F
100
AcDbEntity
  8
DEFAULT
 62
     3
100
AcDbSpline
210
0.0
220
0.0
230
1.0
 70
     8
 71
     3
 72
    26
 73
    22
 74
     0
 42
0.000000001
 43
0.0000000001
 40
0.0
 40
0.0
 40
0.0
 40
0.0
 40
1.0
 40
1.0
 40
1.0
 40
2.0
 40
2.0
 40
2.0
 40
3.0
 40
3.0
 40
3.0
 40
4.0
 40
4.0
 40
4.0
 40
5.0
 40
5.0
 40
5.0
 40
6.0
 40
6.0
 40
6.0
 40
7.0
 40
7.0
 40
7.0
 40
7.0
 10
117.2310188888889
 20
239.5059486111111
 30
0.0
 10
117.2310188888889
 20
239.9469208333333
 30
0.0
 10
116.7441855555555
 20
240.2940541666667
 30
0.0
 10
115.9666633333333
 20
240.8306291666666
 30
0.0
 10
115.3090855555556
 20
241.2843013888889
 30
0.0
 10
122.1272216666667
 20
240.4161152777777
 30
0.0
 10
128.7470966666667
 20
240.4785569444444
 30
0.0
 10
133.5427577777778
 20
240.5237125
 30
0.0
 10
136.8391133333333
 20
239.3009847222222
 30
0.0
 10
137.3876827777778
 20
238.6271791666667
 30
0.0
 10
137.7344633333333
 20
238.2010236111111
 30
0.0
 10
137.33653
 20
236.6078791666666
 30
0.0
 10
137.33653
 20
236.0039236111111
 30
0.0
 10
137.33653
 20
235.3586930555555
 30
0.0
 10
136.22528
 20
233.4046569444444
 30
0.0
 10
128.475105
 20
233.8696180555555
 30
0.0
 10
121.0480744444444
 20
234.3151763888888
 30
0.0
 10
116.4880688888889
 20
233.5080208333333
 30
0.0
 10
115.9666633333333
 20
233.7662541666666
 30
0.0
 10
115.4452577777778
 20
234.0248402777777
 30
0.0
 10
117.2345466666667
 20
235.3389375
 30
0.0
 10
117.2345466666667
 20
236.5031041666666
 30
0.0
  0
SPLINE
  5
23D
330
1F
100
AcDbEntity
  8
DEFAULT
 62
     5
100
AcDbSpline
210
0.0
220
0.0
230
1.0
 70
     8
 71
     3
 72
    29
 73
    25
 74
     0
 42
0.000000001
 43
0.0000000001
 40
0.0
 40
0.0
 40
0.0
 40
0.0
 40
1.0
 40
1.0
 40
1.0
 40
2.0
 40
2.0
 40
2.0
 40
3.0
 40
3.0
 40
3.0
 40
4.0
 40
4.0
 40
4.0
 40
5.0
 40
5.0
 40
5.0
 40
6.0
 40
6.0
 40
6.0
 40
7.0
 40
7.0
 40
7.0
 40
8.0
 40
8.0
 40
8.0
 40
8.0
 10
114.9555316666667
 20
239.4434011111111
 30
0.0
 10
114.9555316666667
 20
240.73104
 30
0.0
 10
113.6830622222222
 20
241.5953455555556
 30
0.0
 10
114.1892983333333
 20
242.0659511111111
 30
0.0
 10
114.6955344444444
 20
242.5365566666667
 30
0.0
 10
122.6951233333333
 20
241.3984955555555
 30
0.0
 10
126.5601566666667
 20
241.3984955555555
 30
0.0
 10
131.615815
 20
241.3984955555555
 30
0.0
 10
136.8316344444444
 20
241.4387122222222
 30
0.0
 10
138.6636094444444
 20
239.4860872222222
 30
0.0
 10
139.0855316666666
 20
238.6976288888889
 30
0.0
 10
138.8364705555556
 20
237.838615
 30
0.0
 10
138.8364705555556
 20
236.0038177777778
 30
0.0
 10
138.8364705555556
 20
233.0323705555555
 30
0.0
 10
134.2122594444444
 20
232.3578594444444
 30
0.0
 10
128.7339733333333
 20
232.3578594444444
 30
0.0
 10
127.29464
 20
232.3578594444444
 30
0.0
 10
125.0834288888889
 20
232.6358483333333
 30
0.0
 10
123.6056427777778
 20
232.6358483333333
 30
0.0
 10
117.1543955555556
 20
232.6358483333333
 30
0.0
 10
114.7939594444444
 20
231.8897233333333
 30
0.0
 10
114.1843594444444
 20
232.3726761111111
 30
0.0
 10
113.5747594444444
 20
232.8556288888889
 30
0.0
 10
114.9587066666667
 20
234.06989
 30
0.0
 10
114.9587066666667
 20
236.5664983333333
 30
0.0
  0
SPLINE
  5
23E
330
1F
100
AcDbEntity
  8
DEFAULT
 62
     1
100
AcDbSpline
210
0.0
220
0.0
230
1.0
 70
     8
 71
     3
 72
    26
 73
    22
 74
     0
 42
0.000000001
 43
0.0000000001
 40
0.0
 40
0.0
 40
0.0
 40
0.0
 40
1.0
 40
1.0
 40
1.0
 40
2.0
 40
2.0
 40
2.0
 40
3.0
 40
3.0
 40
3.0
 40
4.0
 40
4.0
 40
4.0
 40
5.0
 40
5.0
 40
5.0
 40
17.89001551589445
 40
17.89001551589445
 40
17.89001551589445
 40
21.65001551589444
 40
21.65001551589444
 40
21.65001551589444
 40
21.65001551589444
 10
139.6615119444444
 20
234.9084780555555
 30
0.0
 10
139.8026230555555
 20
232.8412002777777
 30
0.0
 10
137.3578730555556
 20
232.2026725
 30
0.0
 10
135.3964286111111
 20
231.4512558333333
 30
0.0
 10
130.0059841666667
 20
229.3875058333333
 30
0.0
 10
118.9181786111111
 20
231.6770336111111
 30
0.0
 10
113.6688452777778
 20
230.2024225
 30
0.0
 10
110.9489286111111
 20
229.4368947222222
 30
0.0
 10
112.6281508333333
 20
233.6137836111111
 30
0.0
 10
112.6881230555556
 20
236.4995058333333
 30
0.0
 10
113.8240675
 20
236.5030336111111
 30
0.0
 10
113.6900119444444
 20
236.5665336111111
 30
0.0
 10
114.9600119444444
 20
236.5665336111111
 30
0.0
 10
116.2194286111111
 20
236.5665336111111
 30
0.0
 10
116.0959563888889
 20
236.5065613888889
 30
0.0
 10
117.2354286111111
 20
236.5030336111111
 30
0.0
 10
118.7511971296296
 20
236.5053854629629
 30
0.0
 10
120.2669656481481
 20
236.5077373148148
 30
0.0
 10
121.7827341666666
 20
236.5100891666666
 30
0.0
 10
121.7827341666667
 20
236.9522373148148
 30
0.0
 10
121.7827341666667
 20
237.394385462963
 30
0.0
 10
121.7827341666666
 20
237.8365336111111
 30
0.0
  0
SPLINE
  5
23F
330
1F
100
AcDbEntity
  8
DEFAULT
 62
     1
100
AcDbSpline
210
0.0
220
0.0
230
1.0
 70
     8
 71
     3
 72
    26
 73
    22
 74
     0
 42
0.000000001
 43
0.0000000001
 40
0.0
 40
0.0
 40
0.0
 40
0.0
 40
3.759999999999991
 40
3.759999999999991
 40
3.759999999999991
 40
16.66001550386662
 40
16.66001550386662
 40
16.66001550386662
 40
17.66001550386662
 40
17.66001550386662
 40
17.66001550386662
 40
18.66001550386662
 40
18.66001550386662
 40
18.66001550386662
 40
19.66001550386662
 40
19.66001550386662
 40
19.66001550386662
 40
20.66001550386662
 40
20.66001550386662
 40
20.66001550386662
 40
21.66001550386662
 40
21.66001550386662
 40
21.66001550386662
 40
21.66001550386662
 10
121.7826988888889
 20
238.1857836111111
 30
0.0
 10
121.7826988888889
 20
238.6279317592592
 30
0.0
 10
121.7826988888889
 20
239.0700799074074
 30
0.0
 10
121.7826988888889
 20
239.5122280555555
 30
0.0
 10
120.2657544444444
 20
239.5098762037037
 30
0.0
 10
118.74881
 20
239.5075243518518
 30
0.0
 10
117.2318655555556
 20
239.5051725
 30
0.0
 10
116.0923933333333
 20
239.5087002777777
 30
0.0
 10
116.2158655555556
 20
239.4452002777778
 30
0.0
 10
114.9564488888889
 20
239.4416725
 30
0.0
 10
113.6899766666667
 20
239.4381447222222
 30
0.0
 10
113.8169766666667
 20
239.5051725
 30
0.0
 10
112.6810322222222
 20
239.5016447222222
 30
0.0
 10
112.6492822222222
 20
240.3624225
 30
0.0
 10
110.5043933333333
 20
244.7051169444444
 30
0.0
 10
115.4538655555556
 20
244.0030891666666
 30
0.0
 10
126.3582266666667
 20
242.4543947222222
 30
0.0
 10
135.3505322222222
 20
244.9767558333333
 30
0.0
 10
139.1040877777778
 20
240.5670336111111
 30
0.0
 10
139.7955322222222
 20
239.7556447222222
 30
0.0
 10
139.6156155555555
 20
236.1784780555555
 30
0.0
 10
139.6367822222222
 20
235.2577280555555
 30
0.0
  0
SPLINE
  5
240
330
1F
100
AcDbEntity
  8
DEFAULT
 62
     3
100
AcDbSpline
210
0.0
220
0.0
230
1.0
 70
     8
 71
     3
 72
    26
 73
    22
 74
     0
 42
0.000000001
 43
0.0000000001
 40
0.0
 40
0.0
 40
0.0
 40
0.0
 40
1.0
 40
1.0
 40
1.0
 40
2.0
 40
2.0
 40
2.0
 40
3.0
 40
3.0
 40
3.0
 40
4.0
 40
4.0
 40
4.0
 40
5.0
 40
5.0
 40
5.0
 40
6.0
 40
6.0
 40
6.0
 40
7.0
 40
7.0
 40
7.0
 40
7.0
 10
116.5564725
 20
205.2437827777778
 30
0.0
 10
116.5564725
 20
203.0540911111111
 30
0.0
 10
114.4503891666666
 20
200.4149605555556
 30
0.0
 10
115.2169752777778
 20
200.5003327777778
 30
0.0
 10
115.9835613888889
 20
200.5853522222222
 30
0.0
 10
123.5901558333333
 20
201.9738855555555
 30
0.0
 10
129.2554141666667
 20
202.1157022222222
 30
0.0
 10
133.8940891666666
 20
202.2321188888889
 30
0.0
 10
125.1935308333333
 20
209.3811605555555
 30
0.0
 10
135.5743697222222
 20
204.86878
 30
0.0
 10
136.4333836111111
 20
204.4951883333333
 30
0.0
 10
135.5659030555555
 20
207.3921994444445
 30
0.0
 10
135.2706280555555
 20
207.8666855555555
 30
0.0
 10
134.8892752777778
 20
208.4794605555556
 30
0.0
 10
131.9633363888889
 20
207.4521716666667
 30
0.0
 10
125.3759169444444
 20
209.5377938888889
 30
0.0
 10
119.2897947222222
 20
211.4646661111111
 30
0.0
 10
114.3579613888889
 20
214.2424383333333
 30
0.0
 10
114.6105502777778
 20
213.5845077777778
 30
0.0
 10
115.2102725
 20
212.0245244444444
 30
0.0
 10
116.5564725
 20
210.1029438888889
 30
0.0
 10
116.5564725
 20
208.243805
 30
0.0
  0
SPLINE
  5
241
330
1F
100
AcDbEntity
  8
DEFAULT
 62
     5
100
AcDbSpline
210
0.0
220
0.0
230
1.0
 70
     8
 71
     3
 72
    26
 73
    22
 74
     0
 42
0.000000001
 43
0.0000000001
 40
0.0
 40
0.0
 40
0.0
 40
0.0
 40
1.0
 40
1.0
 40
1.0
 40
2.0
 40
2.0
 40
2.0
 40
3.0
 40
3.0
 40
3.0
 40
4.0
 40
4.0
 40
4.0
 40
5.0
 40
5.0
 40
5.0
 40
6.0
 40
6.0
 40
6.0
 40
7.0
 40
7.0
 40
7.0
 40
7.0
 10
114.280315
 20
208.1774475
 30
0.0
 10
114.280315
 20
211.3796113888889
 30
0.0
 10
112.19434
 20
215.0604947222222
 30
0.0
 10
112.9358788888889
 20
215.6147086111111
 30
0.0
 10
113.6777705555555
 20
216.1689225
 30
0.0
 10
114.6352094444444
 20
215.4711280555555
 30
0.0
 10
117.6440511111111
 20
213.9527725
 30
0.0
 10
132.2765677777778
 20
206.5670169444444
 30
0.0
 10
135.1079622222222
 20
210.3346836111111
 30
0.0
 10
136.2192122222222
 20
209.0989030555555
 30
0.0
 10
136.7039288888889
 20
208.5598586111111
 30
0.0
 10
137.8381094444445
 20
206.5670169444444
 30
0.0
 10
137.5890483333333
 20
204.4087225
 30
0.0
 10
137.4440566666667
 20
203.1524808333333
 30
0.0
 10
131.7474011111111
 20
200.6724530555555
 30
0.0
 10
129.3411038888889
 20
200.6181252777778
 30
0.0
 10
124.1192872222222
 20
200.5002975
 30
0.0
 10
113.8587455555556
 20
198.5952975
 30
0.0
 10
113.2540844444444
 20
198.9703002777777
 30
0.0
 10
112.6494233333333
 20
199.3456558333333
 30
0.0
 10
114.1293261111111
 20
200.9225724999999
 30
0.0
 10
114.1293261111111
 20
205.3058363888888
 30
0.0
  0
POLYLINE
  5
242
330
1F
100
AcDbEntity
  8
DEFAULT
 62
     7
100
AcDb2dPolyline
 66
     1
 10
0.0
 20
0.0
 30
0.0
  0
VERTEX
  5
243
330
242
100
AcDbEntity
  8
DEFAULT
 62
     7
100
AcDbVertex
100
AcDb2dVertex
 10
122.1866294444444
 20
205.2400080555555
 30
0.0
  0
VERTEX
  5
244
330
242
100
AcDbEntity
  8
DEFAULT
 62
     7
100
AcDbVertex
100
AcDb2dVertex
 10
122.1866294444444
 20
208.2400302777777
 30
0.0
  0
SEQEND
  5
245
330
242
100
AcDbEntity
  8
DEFAULT
 62
     7
  0
SPLINE
  5
246
330
1F
100
AcDbEntity
  8
DEFAULT
 62
     7
100
AcDbSpline
210
0.0
220
0.0
230
1.0
 70
     8
 71
     3
 72
    17
 73
    13
 74
     0
 42
0.000000001
 43
0.0000000001
 40
0.0
 40
0.0
 40
0.0
 40
0.0
 40
1.0
 40
1.0
 40
1.0
 40
2.0
 40
2.0
 40
2.0
 40
3.0
 40
3.0
 40
3.0
 40
6.463000000000079
 40
6.463000000000079
 40
6.463000000000079
 40
6.463000000000079
 10
125.1328530555555
 20
206.4523288888889
 30
0.0
 10
125.6105141666666
 20
206.4523288888889
 30
0.0
 10
125.7632669444444
 20
206.1126038888889
 30
0.0
 10
125.7632669444444
 20
205.8783594444444
 30
0.0
 10
125.7632669444444
 20
205.4419733333333
 30
0.0
 10
125.4962141666666
 20
205.2581761111111
 30
0.0
 10
125.1335586111111
 20
205.2581761111111
 30
0.0
 10
124.6657752777778
 20
205.2581761111111
 30
0.0
 10
123.1865780555555
 20
206.5024233333333
 30
0.0
 10
123.1865780555555
 20
206.5024233333333
 30
0.0
 10
123.1865780555556
 20
206.0952001851852
 30
0.0
 10
123.1865780555556
 20
205.687977037037
 30
0.0
 10
123.1865780555555
 20
205.2807538888889
 30
0.0
  0
SPLINE
  5
247
330
1F
100
AcDbEntity
  8
DEFAULT
 62
     7
100
AcDbSpline
210
0.0
220
0.0
230
1.0
 70
     8
 71
     3
 72
    11
 73
     7
 74
     0
 42
0.000000001
 43
0.0000000001
 40
0.0
 40
0.0
 40
0.0
 40
0.0
 40
5.34699999999998
 40
5.34699999999998
 40
5.34699999999998
 40
6.34699999999998
 40
6.34699999999998
 40
6.34699999999998
 40
6.34699999999998
 10
123.1865427777778
 20
207.9264813888889
 30
0.0
 10
123.8153103703704
 20
207.9264813888889
 30
0.0
 10
124.444077962963
 20
207.9264813888889
 30
0.0
 10
125.0728455555555
 20
207.9264813888889
 30
0.0
 10
125.8838816666667
 20
207.9264813888889
 30
0.0
 10
126.2073788888889
 20
207.5109091666667
 30
0.0
 10
125.9424427777778
 20
206.9563425
 30
0.0
  0
POLYLINE
  5
248
330
1F
100
AcDbEntity
  8
DEFAULT
 62
     7
100
AcDb2dPolyline
 66
     1
 10
0.0
 20
0.0
 30
0.0
  0
VERTEX
  5
249
330
248
100
AcDbEntity
  8
DEFAULT
 62
     7
100
AcDbVertex
100
AcDb2dVertex
 10
125.0729161111111
 20
208.1652061111111
 30
0.0
  0
VERTEX
  5
24A
330
248
100
AcDbEntity
  8
DEFAULT
 62
     7
100
AcDbVertex
100
AcDb2dVertex
 10
125.0729161111111
 20
207.2751477777778
 30
0.0
  0
SEQEND
  5
24B
330
248
100
AcDbEntity
  8
DEFAULT
 62
     7
  0
SPLINE
  5
24C
330
1F
100
AcDbEntity
  8
DEFAULT
 62
     1
100
AcDbSpline
210
0.0
220
0.0
230
1.0
 70
     8
 71
     3
 72
    29
 73
    25
 74
     0
 42
0.000000001
 43
0.0000000001
 40
0.0
 40
0.0
 40
0.0
 40
0.0
 40
3.75
 40
3.75
 40
3.75
 40
16.63999999999999
 40
16.63999999999999
 40
16.63999999999999
 40
17.63999999999999
 40
17.63999999999999
 40
17.63999999999999
 40
18.63999999999999
 40
18.63999999999999
 40
18.63999999999999
 40
19.63999999999999
 40
19.63999999999999
 40
19.63999999999999
 40
20.63999999999999
 40
20.63999999999999
 40
20.63999999999999
 40
21.63999999999999
 40
21.63999999999999
 40
21.63999999999999
 40
22.63999999999999
 40
22.63999999999999
 40
22.63999999999999
 40
22.63999999999999
 10
121.1053655555555
 20
206.5663466666667
 30
0.0
 10
121.1053655555555
 20
206.1253744444444
 30
0.0
 10
121.1053655555555
 20
205.6844022222222
 30
0.0
 10
121.1053655555555
 20
205.24343
 30
0.0
 10
119.589597037037
 20
205.24343
 30
0.0
 10
118.0738285185185
 20
205.24343
 30
0.0
 10
116.55806
 20
205.24343
 30
0.0
 10
115.4221155555555
 20
205.24343
 30
0.0
 10
115.54206
 20
205.30693
 30
0.0
 10
114.2826433333333
 20
205.30693
 30
0.0
 10
113.0161711111111
 20
205.30693
 30
0.0
 10
113.1466988888889
 20
205.24343
 30
0.0
 10
112.0072266666666
 20
205.2399022222222
 30
0.0
 10
112.0072266666666
 20
203.9945966666667
 30
0.0
 10
112.01781
 20
202.3471244444444
 30
0.0
 10
111.6615044444444
 20
201.0100966666667
 30
0.0
 10
111.00181
 20
198.5371244444445
 30
0.0
 10
110.8289488888889
 20
196.3816522222222
 30
0.0
 10
112.1342266666666
 20
196.7238466666667
 30
0.0
 10
114.8188655555555
 20
197.4258744444444
 30
0.0
 10
127.4730044444444
 20
198.3572077777778
 30
0.0
 10
129.5967266666667
 20
198.6359022222222
 30
0.0
 10
131.6604766666667
 20
198.9004855555555
 30
0.0
 10
138.0986711111111
 20
201.9343744444444
 30
0.0
 10
138.4408655555555
 20
203.9310966666667
 30
0.0
  0
SPLINE
  5
24D
330
1F
100
AcDbEntity
  8
DEFAULT
 62
     1
100
AcDbSpline
210
0.0
220
0.0
230
1.0
 70
     8
 71
     3
 72
    29
 73
    25
 74
     0
 42
0.000000001
 43
0.0000000001
 40
0.0
 40
0.0
 40
0.0
 40
0.0
 40
3.75
 40
3.75
 40
3.75
 40
16.63999999999999
 40
16.63999999999999
 40
16.63999999999999
 40
17.63999999999999
 40
17.63999999999999
 40
17.63999999999999
 40
18.63999999999999
 40
18.63999999999999
 40
18.63999999999999
 40
19.63999999999999
 40
19.63999999999999
 40
19.63999999999999
 40
20.63999999999999
 40
20.63999999999999
 40
20.63999999999999
 40
21.63999999999999
 40
21.63999999999999
 40
21.63999999999999
 40
22.63999999999999
 40
22.63999999999999
 40
22.63999999999999
 40
22.63999999999999
 10
121.1053655555555
 20
206.9191244444444
 30
0.0
 10
121.1053655555555
 20
207.3600966666667
 30
0.0
 10
121.1053655555555
 20
207.8010688888889
 30
0.0
 10
121.1053655555555
 20
208.2420411111111
 30
0.0
 10
119.589597037037
 20
208.2420411111111
 30
0.0
 10
118.0738285185185
 20
208.2420411111111
 30
0.0
 10
116.55806
 20
208.2420411111111
 30
0.0
 10
115.4185877777778
 20
208.2420411111111
 30
0.0
 10
115.54206
 20
208.1785411111111
 30
0.0
 10
114.2791155555555
 20
208.1785411111111
 30
0.0
 10
113.0126433333333
 20
208.1785411111111
 30
0.0
 10
113.1431711111111
 20
208.2420411111111
 30
0.0
 10
112.0072266666666
 20
208.2385133333333
 30
0.0
 10
112.0460322222222
 20
210.7785133333333
 30
0.0
 10
110.7054766666666
 20
211.9850133333333
 30
0.0
 10
110.5925877777778
 20
214.0981522222222
 30
0.0
 10
110.3491711111111
 20
218.7936244444444
 30
0.0
 10
111.85906
 20
219.30868
 30
0.0
 10
118.5865322222222
 20
215.7174022222222
 30
0.0
 10
127.1378655555555
 20
211.14893
 30
0.0
 10
131.9920877777778
 20
210.2422911111111
 30
0.0
 10
134.7366988888889
 20
210.5562633333333
 30
0.0
 10
137.7176711111111
 20
210.89493
 30
0.0
 10
138.3985322222222
 20
207.2366244444444
 30
0.0
 10
138.4514488888889
 20
204.2803466666666
 30
0.0
  0
SPLINE
  5
24E
330
1F
100
AcDbEntity
  8
DEFAULT
 62
     3
100
AcDbSpline
210
0.0
220
0.0
230
1.0
 70
     8
 71
     3
 72
    44
 73
    40
 74
     0
 42
0.000000001
 43
0.0000000001
 40
0.0
 40
0.0
 40
0.0
 40
0.0
 40
1.0
 40
1.0
 40
1.0
 40
2.0
 40
2.0
 40
2.0
 40
3.0
 40
3.0
 40
3.0
 40
4.0
 40
4.0
 40
4.0
 40
5.0
 40
5.0
 40
5.0
 40
6.0
 40
6.0
 40
6.0
 40
7.0
 40
7.0
 40
7.0
 40
8.0
 40
8.0
 40
8.0
 40
9.0
 40
9.0
 40
9.0
 40
10.0
 40
10.0
 40
10.0
 40
11.0
 40
11.0
 40
11.0
 40
12.0
 40
12.0
 40
12.0
 40
13.0
 40
13.0
 40
13.0
 40
13.0
 10
116.5115286111111
 20
112.1449158333333
 30
0.0
 10
116.5545675
 20
110.9179547222222
 30
0.0
 10
116.0465675
 20
109.8606797222222
 30
0.0
 10
116.7602369444444
 20
109.4207658333333
 30
0.0
 10
117.4739063888889
 20
108.9804991666666
 30
0.0
 10
117.8915952777778
 20
109.5869241666667
 30
0.0
 10
120.7420397222222
 20
109.7432047222222
 30
0.0
 10
122.9588952777778
 20
109.8649130555555
 30
0.0
 10
116.6279452777778
 20
111.3462269444444
 30
0.0
 10
125.0910841666666
 20
111.3462269444444
 30
0.0
 10
127.2320925
 20
111.3462269444444
 30
0.0
 10
128.3444008333333
 20
110.6304408333333
 30
0.0
 10
129.3695730555555
 20
110.1167963888889
 30
0.0
 10
129.8137202777777
 20
109.8941936111111
 30
0.0
 10
130.1283980555555
 20
110.7546186111111
 30
0.0
 10
130.5542008333333
 20
110.9966241666667
 30
0.0
 10
131.0505591666667
 20
111.2788463888889
 30
0.0
 10
130.0536091666666
 20
115.3781241666667
 30
0.0
 10
129.2866702777778
 20
115.8444963888889
 30
0.0
 10
127.6642452777778
 20
116.8319213888889
 30
0.0
 10
125.7087980555555
 20
117.6761186111111
 30
0.0
 10
124.1435230555555
 20
119.5722991666666
 30
0.0
 10
123.1613897222222
 20
120.7622186111111
 30
0.0
 10
121.7848508333333
 20
121.8240797222222
 30
0.0
 10
121.7848508333333
 20
120.8236019444444
 30
0.0
 10
121.7848508333333
 20
112.7739186111111
 30
0.0
 10
115.5939536111111
 20
122.6541658333333
 30
0.0
 10
119.6791202777778
 20
122.6541658333333
 30
0.0
 10
123.3638841666666
 20
122.6541658333333
 30
0.0
 10
116.9288647222222
 20
128.9798241666666
 30
0.0
 10
115.0926563888889
 20
129.8049713888889
 30
0.0
 10
114.7151841666666
 20
129.9743047222222
 30
0.0
 10
114.1122869444444
 20
129.3939852777777
 30
0.0
 10
114.3994480555555
 20
129.0630797222222
 30
0.0
 10
117.5314091666666
 20
125.4520463888889
 30
0.0
 10
116.7715258333333
 20
122.3814686111111
 30
0.0
 10
116.2751675
 20
119.0635936111111
 30
0.0
 10
115.9142758333333
 20
116.6498880555555
 30
0.0
 10
116.5108230555555
 20
116.5052491666667
 30
0.0
 10
116.5108230555555
 20
115.1449380555556
 30
0.0
  0
SPLINE
  5
24F
330
1F
100
AcDbEntity
  8
DEFAULT
 62
     5
100
AcDbSpline
210
0.0
220
0.0
230
1.0
 70
     8
 71
     3
 72
    38
 73
    34
 74
     0
 42
0.000000001
 43
0.0000000001
 40
0.0
 40
0.0
 40
0.0
 40
0.0
 40
1.0
 40
1.0
 40
1.0
 40
2.0
 40
2.0
 40
2.0
 40
3.0
 40
3.0
 40
3.0
 40
4.0
 40
4.0
 40
4.0
 40
5.0
 40
5.0
 40
5.0
 40
6.0
 40
6.0
 40
6.0
 40
7.0
 40
7.0
 40
7.0
 40
8.0
 40
8.0
 40
8.0
 40
9.0
 40
9.0
 40
9.0
 40
10.0
 40
10.0
 40
10.0
 40
11.0
 40
11.0
 40
11.0
 40
11.0
 10
114.235865
 20
115.0813322222222
 30
0.0
 10
114.2510344444444
 20
116.6931738888889
 30
0.0
 10
117.1487511111111
 20
125.9768738888889
 30
0.0
 10
112.8081733333333
 20
128.7338322222222
 30
0.0
 10
112.2592511111111
 20
129.0823766666666
 30
0.0
 10
114.3900288888889
 20
131.7701905555556
 30
0.0
 10
115.2790288888889
 20
131.2477266666667
 30
0.0
 10
116.8975733333333
 20
130.296285
 30
0.0
 10
120.5975066666667
 20
126.9374877777778
 30
0.0
 10
122.3839733333333
 20
124.0397711111111
 30
0.0
 10
124.6354011111111
 20
120.38711
 30
0.0
 10
129.4836261111111
 20
117.5511294444444
 30
0.0
 10
130.2773761111111
 20
116.9983266666667
 30
0.0
 10
131.2789122222222
 20
116.300885
 30
0.0
 10
132.6353427777778
 20
110.4193738888889
 30
0.0
 10
131.4655316666666
 20
110.1375044444444
 30
0.0
 10
130.6908316666666
 20
109.950885
 30
0.0
 10
130.1658983333333
 20
108.4755683333333
 30
0.0
 10
129.5150233333333
 20
108.4565183333333
 30
0.0
 10
128.8094677777778
 20
108.4360572222222
 30
0.0
 10
127.1796344444444
 20
110.36681
 30
0.0
 10
125.0301594444444
 20
110.4288988888889
 30
0.0
 10
120.7781288888889
 20
110.5527238888889
 30
0.0
 10
124.1436288888889
 20
108.6643044444444
 30
0.0
 10
121.3281094444444
 20
108.611035
 30
0.0
 10
120.6105594444444
 20
108.5976294444444
 30
0.0
 10
118.5789122222222
 20
108.4448766666667
 30
0.0
 10
116.9176816666666
 20
107.8991294444445
 30
0.0
 10
116.7772761111111
 20
107.8529155555556
 30
0.0
 10
116.6478066666667
 20
107.829985
 30
0.0
 10
116.5331538888889
 20
107.829985
 30
0.0
 10
115.7436372222222
 20
107.829985
 30
0.0
 10
114.3138288888889
 20
109.98581
 30
0.0
 10
114.235865
 20
112.20831
 30
0.0
  0
POLYLINE
  5
250
330
1F
100
AcDbEntity
  8
DEFAULT
 62
     7
100
AcDb2dPolyline
 66
     1
 10
0.0
 20
0.0
 30
0.0
  0
VERTEX
  5
251
330
250
100
AcDbEntity
  8
DEFAULT
 62
     7
100
AcDbVertex
100
AcDb2dVertex
 10
122.1614763888889
 20
115.1447263888889
 30
0.0
  0
VERTEX
  5
252
330
250
100
AcDbEntity
  8
DEFAULT
 62
     7
100
AcDbVertex
100
AcDb2dVertex
 10
122.1614763888889
 20
112.1461152777778
 30
0.0
  0
SEQEND
  5
253
330
250
100
AcDbEntity
  8
DEFAULT
 62
     7
  0
SPLINE
  5
254
330
1F
100
AcDbEntity
  8
DEFAULT
 62
     7
100
AcDbSpline
210
0.0
220
0.0
230
1.0
 70
     8
 71
     3
 72
    17
 73
    13
 74
     0
 42
0.000000001
 43
0.0000000001
 40
0.0
 40
0.0
 40
0.0
 40
0.0
 40
1.0
 40
1.0
 40
1.0
 40
2.0
 40
2.0
 40
2.0
 40
3.0
 40
3.0
 40
3.0
 40
5.913000000000011
 40
5.913000000000011
 40
5.913000000000011
 40
5.913000000000011
 10
125.1077
 20
113.3300022222222
 30
0.0
 10
125.5853611111111
 20
113.3300022222222
 30
0.0
 10
125.7381138888889
 20
113.0008605555555
 30
0.0
 10
125.7381138888889
 20
112.7743772222222
 30
0.0
 10
125.7381138888889
 20
112.3517494444444
 30
0.0
 10
125.4707083333333
 20
112.1735966666667
 30
0.0
 10
125.1080527777778
 20
112.1735966666667
 30
0.0
 10
124.6406222222222
 20
112.1735966666667
 30
0.0
 10
123.161425
 20
113.2957827777778
 30
0.0
 10
123.161425
 20
113.2957827777778
 30
0.0
 10
123.161425
 20
112.9532355555556
 30
0.0
 10
123.161425
 20
112.6106883333333
 30
0.0
 10
123.161425
 20
112.2681411111111
 30
0.0
  0
SPLINE
  5
255
330
1F
100
AcDbEntity
  8
DEFAULT
 62
     7
100
AcDbSpline
210
0.0
220
0.0
230
1.0
 70
     8
 71
     3
 72
    17
 73
    13
 74
     0
 42
0.000000001
 43
0.0000000001
 40
0.0
 40
0.0
 40
0.0
 40
0.0
 40
1.0
 40
1.0
 40
1.0
 40
2.0
 40
2.0
 40
2.0
 40
3.0
 40
3.0
 40
3.0
 40
4.0
 40
4.0
 40
4.0
 40
4.0
 10
123.2704333333333
 20
113.9174125
 30
0.0
 10
123.2238666666667
 20
113.9957291666666
 30
0.0
 10
123.161425
 20
114.0733402777778
 30
0.0
 10
123.161425
 20
114.2948847222222
 30
0.0
 10
123.161425
 20
114.7923013888889
 30
0.0
 10
123.5473638888889
 20
115.1161513888889
 30
0.0
 10
124.1241555555555
 20
115.1161513888889
 30
0.0
 10
124.7048277777778
 20
115.1161513888889
 30
0.0
 10
125.1260444444444
 20
114.7686652777778
 30
0.0
 10
125.1260444444444
 20
114.2299736111111
 30
0.0
 10
125.1260444444444
 20
114.0528791666667
 30
0.0
 10
125.0752444444444
 20
113.9922013888889
 30
0.0
 10
125.028325
 20
113.9103569444444
 30
0.0
  0
SPLINE
  5
256
330
1F
100
AcDbEntity
  8
DEFAULT
 62
     1
100
AcDbSpline
210
0.0
220
0.0
230
1.0
 70
     8
 71
     3
 72
    29
 73
    25
 74
     0
 42
0.000000001
 43
0.0000000001
 40
0.0
 40
0.0
 40
0.0
 40
0.0
 40
3.75
 40
3.75
 40
3.75
 40
16.64999999999998
 40
16.64999999999998
 40
16.64999999999998
 40
17.64999999999998
 40
17.64999999999998
 40
17.64999999999998
 40
18.64999999999998
 40
18.64999999999998
 40
18.64999999999998
 40
19.64999999999998
 40
19.64999999999998
 40
19.64999999999998
 40
20.64999999999998
 40
20.64999999999998
 40
20.64999999999998
 40
21.64999999999998
 40
21.64999999999998
 40
21.64999999999998
 40
22.64999999999998
 40
22.64999999999998
 40
22.64999999999998
 40
22.64999999999998
 10
121.0629969444444
 20
113.4683263888889
 30
0.0
 10
121.0629969444444
 20
113.0273541666667
 30
0.0
 10
121.0629969444444
 20
112.5863819444444
 30
0.0
 10
121.0629969444444
 20
112.1454097222222
 30
0.0
 10
119.5460525
 20
112.1454097222222
 30
0.0
 10
118.0291080555556
 20
112.1454097222222
 30
0.0
 10
116.5121636111111
 20
112.1454097222222
 30
0.0
 10
115.3726913888889
 20
112.1454097222222
 30
0.0
 10
115.4961636111111
 20
112.2089097222222
 30
0.0
 10
114.2367469444444
 20
112.2089097222222
 30
0.0
 10
112.9702747222222
 20
112.2089097222222
 30
0.0
 10
113.0972747222222
 20
112.1454097222222
 30
0.0
 10
111.9613302777778
 20
112.1454097222222
 30
0.0
 10
111.9613302777778
 20
110.7060763888889
 30
0.0
 10
113.7604969444444
 20
104.7582430555555
 30
0.0
 10
117.5422747222222
 20
106.0000208333333
 30
0.0
 10
121.2005802777778
 20
107.2029930555555
 30
0.0
 10
120.8689691666667
 20
106.0494097222222
 30
0.0
 10
124.0157469444444
 20
108.0814097222222
 30
0.0
 10
126.5769136111111
 20
109.7359375
 30
0.0
 10
126.8591358333333
 20
104.8323263888889
 30
0.0
 10
130.1470247222222
 20
107.1747708333333
 30
0.0
 10
131.3006080555555
 20
107.9932152777778
 30
0.0
 10
131.6604413888889
 20
108.3283541666667
 30
0.0
 10
132.1649136111111
 20
108.7340486111111
 30
0.0
  0
SPLINE
  5
257
330
1F
100
AcDbEntity
  8
DEFAULT
 62
     1
100
AcDbSpline
210
0.0
220
0.0
230
1.0
 70
     8
 71
     3
 72
    32
 73
    28
 74
     0
 42
0.000000001
 43
0.0000000001
 40
0.0
 40
0.0
 40
0.0
 40
0.0
 40
3.759999999999991
 40
3.759999999999991
 40
3.759999999999991
 40
16.65999999999997
 40
16.65999999999997
 40
16.65999999999997
 40
17.65999999999997
 40
17.65999999999997
 40
17.65999999999997
 40
18.65999999999997
 40
18.65999999999997
 40
18.65999999999997
 40
19.65999999999997
 40
19.65999999999997
 40
19.65999999999997
 40
20.65999999999997
 40
20.65999999999997
 40
20.65999999999997
 40
21.65999999999997
 40
21.65999999999997
 40
21.65999999999997
 40
22.65999999999997
 40
22.65999999999997
 40
22.65999999999997
 40
23.65999999999997
 40
23.65999999999997
 40
23.65999999999997
 40
23.65999999999997
 10
121.0629969444444
 20
113.8175058333333
 30
0.0
 10
121.0629969444444
 20
114.2596539814815
 30
0.0
 10
121.0629969444444
 20
114.7018021296296
 30
0.0
 10
121.0629969444444
 20
115.1439502777778
 30
0.0
 10
119.5460525
 20
115.1439502777778
 30
0.0
 10
118.0291080555556
 20
115.1439502777778
 30
0.0
 10
116.5121636111111
 20
115.1439502777778
 30
0.0
 10
115.3726913888889
 20
115.1439502777778
 30
0.0
 10
115.4961636111111
 20
115.0804502777778
 30
0.0
 10
114.2367469444444
 20
115.0804502777778
 30
0.0
 10
112.9702747222222
 20
115.0804502777778
 30
0.0
 10
113.0972747222222
 20
115.1439502777778
 30
0.0
 10
111.9613302777778
 20
115.1439502777778
 30
0.0
 10
111.9613302777778
 20
117.6133947222222
 30
0.0
 10
115.2774413888889
 20
126.1294502777777
 30
0.0
 10
111.1887469444444
 20
127.3359502777778
 30
0.0
 10
107.1000525
 20
128.5459780555555
 30
0.0
 10
110.4620247222222
 20
129.5866725
 30
0.0
 10
112.5010802777778
 20
132.1055058333333
 30
0.0
 10
114.5436636111111
 20
134.6278669444444
 30
0.0
 10
120.6431913888889
 20
128.2461169444444
 30
0.0
 10
122.9785802777778
 20
124.7042280555555
 30
0.0
 10
125.3174969444444
 20
121.1623391666667
 30
0.0
 10
129.6460802777778
 20
118.8198947222222
 30
0.0
 10
131.1171636111111
 20
117.5992836111111
 30
0.0
 10
132.5459136111111
 20
116.4174780555555
 30
0.0
 10
133.6430525
 20
110.3532280555555
 30
0.0
 10
132.4294969444445
 20
108.9668113888889
 30
0.0
  0
POLYLINE
  5
258
330
1F
100
AcDbEntity
  8
DEFAULT
 62
     7
100
AcDb2dPolyline
 66
     1
 10
0.0
 20
0.0
 30
0.0
  0
VERTEX
  5
259
330
258
100
AcDbEntity
  8
DEFAULT
 62
     7
100
AcDbVertex
100
AcDb2dVertex
 10
104.7274102777777
 20
53.19864194444443
 30
0.0
  0
VERTEX
  5
25A
330
258
100
AcDbEntity
  8
DEFAULT
 62
     7
100
AcDbVertex
100
AcDb2dVertex
 10
105.4135630555555
 20
52.5657586111111
 30
0.0
  0
VERTEX
  5
25B
330
258
100
AcDbEntity
  8
DEFAULT
 62
     7
100
AcDbVertex
100
AcDb2dVertex
 10
102.8802658333333
 20
52.5657586111111
 30
0.0
  0
SEQEND
  5
25C
330
258
100
AcDbEntity
  8
DEFAULT
 62
     7
  0
SPLINE
  5
25D
330
1F
100
AcDbEntity
  8
DEFAULT
 62
     7
100
AcDbSpline
210
0.0
220
0.0
230
1.0
 70
     8
 71
     3
 72
    23
 73
    19
 74
     0
 42
0.000000001
 43
0.0000000001
 40
0.0
 40
0.0
 40
0.0
 40
0.0
 40
1.0
 40
1.0
 40
1.0
 40
2.0
 40
2.0
 40
2.0
 40
3.0
 40
3.0
 40
3.0
 40
4.0
 40
4.0
 40
4.0
 40
5.0
 40
5.0
 40
5.0
 40
6.0
 40
6.0
 40
6.0
 40
6.0
 10
104.3947761111111
 20
54.90739166666666
 30
0.0
 10
104.5570538888889
 20
54.90739166666666
 30
0.0
 10
104.7189788888889
 20
54.57754444444444
 30
0.0
 10
104.7189788888889
 20
54.33977222222222
 30
0.0
 10
104.7189788888889
 20
53.84270833333333
 30
0.0
 10
104.4586288888889
 20
53.72593888888889
 30
0.0
 10
104.0804511111111
 20
53.72593888888889
 30
0.0
 10
104.0804511111111
 20
53.72593888888889
 30
0.0
 10
103.3092788888889
 20
53.74463611111111
 30
0.0
 10
103.1808677777778
 20
53.72170555555555
 30
0.0
 10
102.9896622222222
 20
53.72170555555555
 30
0.0
 10
102.8799483333333
 20
54.20748055555555
 30
0.0
 10
102.8799483333333
 20
54.42584999999999
 30
0.0
 10
102.8799483333333
 20
54.73558888888888
 30
0.0
 10
103.0983177777778
 20
54.8939861111111
 30
0.0
 10
103.3198622222222
 20
54.8939861111111
 30
0.0
 10
103.6899261111111
 20
54.8939861111111
 30
0.0
 10
104.0215372222222
 20
54.76275277777778
 30
0.0
 10
103.8892455555555
 20
53.72593888888889
 30
0.0
  0
POLYLINE
  5
25E
330
1F
100
AcDbEntity
  8
DEFAULT
 62
     7
100
AcDb2dPolyline
 66
     1
 10
0.0
 20
0.0
 30
0.0
  0
VERTEX
  5
25F
330
25E
100
AcDbEntity
  8
DEFAULT
 62
     7
100
AcDbVertex
100
AcDb2dVertex
 10
101.880035
 20
52.30636111111111
 30
0.0
  0
VERTEX
  5
260
330
25E
100
AcDbEntity
  8
DEFAULT
 62
     7
100
AcDbVertex
100
AcDb2dVertex
 10
101.880035
 20
55.16703611111112
 30
0.0
  0
SEQEND
  5
261
330
25E
100
AcDbEntity
  8
DEFAULT
 62
     7
  0
SPLINE
  5
262
330
1F
100
AcDbEntity
  8
DEFAULT
 62
     3
100
AcDbSpline
210
0.0
220
0.0
230
1.0
 70
     8
 71
     3
 72
    65
 73
    61
 74
     0
 42
0.000000001
 43
0.0000000001
 40
0.0
 40
0.0
 40
0.0
 40
0.0
 40
1.0
 40
1.0
 40
1.0
 40
2.0
 40
2.0
 40
2.0
 40
3.0
 40
3.0
 40
3.0
 40
4.0
 40
4.0
 40
4.0
 40
5.0
 40
5.0
 40
5.0
 40
6.0
 40
6.0
 40
6.0
 40
7.0
 40
7.0
 40
7.0
 40
8.0
 40
8.0
 40
8.0
 40
9.0
 40
9.0
 40
9.0
 40
10.0
 40
10.0
 40
10.0
 40
11.0
 40
11.0
 40
11.0
 40
12.0
 40
12.0
 40
12.0
 40
13.0
 40
13.0
 40
13.0
 40
14.0
 40
14.0
 40
14.0
 40
15.0
 40
15.0
 40
15.0
 40
16.0
 40
16.0
 40
16.0
 40
17.0
 40
17.0
 40
17.0
 40
18.0
 40
18.0
 40
18.0
 40
19.0
 40
19.0
 40
19.0
 40
20.0
 40
20.0
 40
20.0
 40
20.0
 10
96.23093388888888
 20
52.23675805555555
 30
0.0
 10
96.23093388888888
 20
49.4166525
 30
0.0
 10
93.55088111111111
 20
48.45180527777778
 30
0.0
 10
93.58333666666665
 20
47.33279416666666
 30
0.0
 10
93.64542555555555
 20
45.18508305555555
 30
0.0
 10
94.06417277777777
 20
47.79281638888888
 30
0.0
 10
104.71912
 20
49.3245775
 30
0.0
 10
108.4000033333333
 20
49.85374416666667
 30
0.0
 10
106.8125033333333
 20
49.85374416666667
 30
0.0
 10
106.8125033333333
 20
52.23675805555555
 30
0.0
 10
106.8125033333333
 20
55.38494694444444
 30
0.0
 10
111.3414644444444
 20
53.2869775
 30
0.0
 10
109.084745
 20
52.03285249999999
 30
0.0
 10
107.9643227777778
 20
51.41019972222222
 30
0.0
 10
109.1531838888889
 20
50.25097194444444
 30
0.0
 10
109.6523644444444
 20
50.02801638888889
 30
0.0
 10
110.4651644444444
 20
49.66500805555555
 30
0.0
 10
111.8032505555555
 20
49.88514138888888
 30
0.0
 10
111.834295
 20
50.9120775
 30
0.0
 10
111.8886227777778
 20
52.69678027777778
 30
0.0
 10
112.3228922222222
 20
56.08097749999999
 30
0.0
 10
113.8264311111111
 20
59.08840805555555
 30
0.0
 10
114.11712
 20
59.66943305555554
 30
0.0
 10
111.5439588888889
 20
60.90556638888889
 30
0.0
 10
111.5439588888889
 20
59.62780527777777
 30
0.0
 10
111.5439588888889
 20
56.95092749999999
 30
0.0
 10
109.9666894444444
 20
56.73291083333333
 30
0.0
 10
106.8125033333333
 20
56.73291083333333
 30
0.0
 10
104.2608616666667
 20
56.73291083333333
 30
0.0
 10
103.6375033333333
 20
57.53230527777777
 30
0.0
 10
103.6375033333333
 20
58.46363861111111
 30
0.0
 10
103.6375033333333
 20
59.73152194444444
 30
0.0
 10
104.9519533333333
 20
61.17544138888888
 30
0.0
 10
106.7087866666667
 20
60.22964416666667
 30
0.0
 10
110.0901616666667
 20
58.40931083333333
 30
0.0
 10
109.1157894444444
 20
63.77506083333333
 30
0.0
 10
107.1779811111111
 20
63.77506083333333
 30
0.0
 10
106.1027144444444
 20
63.77506083333333
 30
0.0
 10
105.7957977777778
 20
62.06232472222221
 30
0.0
 10
102.944295
 20
62.06232472222221
 30
0.0
 10
101.8605616666667
 20
62.06232472222221
 30
0.0
 10
100.7891755555555
 20
62.27011083333333
 30
0.0
 10
99.77776166666665
 20
63.59161638888889
 30
0.0
 10
98.49118111111109
 20
65.27224972222221
 30
0.0
 10
95.387795
 20
67.24074972222222
 30
0.0
 10
93.49161444444444
 20
67.63092194444444
 30
0.0
 10
92.72185333333333
 20
67.78931916666666
 30
0.0
 10
92.07203666666666
 20
65.3851386111111
 30
0.0
 10
92.91835055555555
 20
62.03516083333333
 30
0.0
 10
93.48985055555555
 20
59.77314972222221
 30
0.0
 10
94.64696166666666
 20
57.47056916666666
 30
0.0
 10
95.39908388888888
 20
59.71106083333333
 30
0.0
 10
97.37040611111111
 20
65.58375249999999
 30
0.0
 10
96.43660333333334
 20
61.5783136111111
 30
0.0
 10
100.3587866666667
 20
59.91849416666666
 30
0.0
 10
102.4475838888889
 20
59.03443305555555
 30
0.0
 10
98.25235055555555
 20
56.32862749999999
 30
0.0
 10
97.50551999999999
 20
58.10274694444443
 30
0.0
 10
97.00739777777777
 20
59.28525805555554
 30
0.0
 10
96.23022833333332
 20
58.12179694444443
 30
0.0
 10
96.23022833333332
 20
55.23678027777777
 30
0.0
  0
SPLINE
  5
263
330
1F
100
AcDbEntity
  8
DEFAULT
 62
     5
100
AcDbSpline
210
0.0
220
0.0
230
1.0
 70
     8
 71
     3
 72
    47
 73
    43
 74
     0
 42
0.000000001
 43
0.0000000001
 40
0.0
 40
0.0
 40
0.0
 40
0.0
 40
1.0
 40
1.0
 40
1.0
 40
2.0
 40
2.0
 40
2.0
 40
3.0
 40
3.0
 40
3.0
 40
4.0
 40
4.0
 40
4.0
 40
5.0
 40
5.0
 40
5.0
 40
6.0
 40
6.0
 40
6.0
 40
7.0
 40
7.0
 40
7.0
 40
8.0
 40
8.0
 40
8.0
 40
9.0
 40
9.0
 40
9.0
 40
10.0
 40
10.0
 40
10.0
 40
11.0
 40
11.0
 40
11.0
 40
12.0
 40
12.0
 40
12.0
 40
13.0
 40
13.0
 40
13.0
 40
14.0
 40
14.0
 40
14.0
 40
14.0
 10
93.95562305555555
 20
55.17303333333332
 30
0.0
 10
93.95562305555555
 20
57.44915555555554
 30
0.0
 10
90.69807305555555
 20
59.47268888888888
 30
0.0
 10
90.69807305555555
 20
64.44509166666666
 30
0.0
 10
90.69807305555555
 20
66.46650833333332
 30
0.0
 10
90.86140916666665
 20
69.56178055555554
 30
0.0
 10
91.75182027777775
 20
69.88174999999998
 30
0.0
 10
93.18057027777776
 20
70.39468888888888
 30
0.0
 10
98.8648786111111
 20
66.80799722222221
 30
0.0
 10
100.2467091666667
 20
65.8191611111111
 30
0.0
 10
101.6243063888889
 20
64.83314722222221
 30
0.0
 10
101.9665008333333
 20
64.05315555555555
 30
0.0
 10
102.9260563888889
 20
64.06162222222221
 30
0.0
 10
104.4729869444444
 20
64.0760861111111
 30
0.0
 10
105.2194647222222
 20
65.59867499999999
 30
0.0
 10
105.9073813888889
 20
65.71050555555554
 30
0.0
 10
109.3014563888889
 20
66.26295555555555
 30
0.0
 10
110.0391147222222
 20
64.21014166666666
 30
0.0
 10
111.5553536111111
 20
63.06925833333332
 30
0.0
 10
113.8145425
 20
61.36851666666666
 30
0.0
 10
114.7546952777778
 20
61.59429444444444
 30
0.0
 10
115.3992202777778
 20
60.27031944444444
 30
0.0
 10
115.7611702777778
 20
59.52666388888888
 30
0.0
 10
114.8379508333333
 20
58.02700555555555
 30
0.0
 10
114.4696508333333
 20
57.03852222222222
 30
0.0
 10
114.0692480555555
 20
55.96360833333333
 30
0.0
 10
113.1396786111111
 20
52.61327777777777
 30
0.0
 10
113.0708869444444
 20
50.84374444444444
 30
0.0
 10
112.9774008333333
 20
48.43215555555555
 30
0.0
 10
111.4368202777778
 20
48.23071944444443
 30
0.0
 10
110.0405258333333
 20
48.23071944444443
 30
0.0
 10
108.3673008333333
 20
48.23071944444443
 30
0.0
 10
106.0788313888889
 20
47.77457777777776
 30
0.0
 10
103.6400786111111
 20
47.38581666666666
 30
0.0
 10
97.8185397222222
 20
46.4580111111111
 30
0.0
 10
93.28428694444442
 20
44.55900833333332
 30
0.0
 10
92.64999249999998
 20
44.55900833333332
 30
0.0
 10
92.01569805555553
 20
44.55900833333332
 30
0.0
 10
91.90422027777777
 20
47.96754722222221
 30
0.0
 10
92.31908694444442
 20
48.72954722222221
 30
0.0
 10
92.59390083333332
 20
49.23437222222221
 30
0.0
 10
93.95562305555555
 20
50.70686666666666
 30
0.0
 10
93.95562305555555
 20
52.3000111111111
 30
0.0
  0
SPLINE
  5
264
330
1F
100
AcDbEntity
  8
DEFAULT
 62
     1
100
AcDbSpline
210
0.0
220
0.0
230
1.0
 70
     8
 71
     3
 72
    32
 73
    28
 74
     0
 42
0.000000001
 43
0.0000000001
 40
0.0
 40
0.0
 40
0.0
 40
0.0
 40
3.75
 40
3.75
 40
3.75
 40
16.63999999999999
 40
16.63999999999999
 40
16.63999999999999
 40
17.63999999999999
 40
17.63999999999999
 40
17.63999999999999
 40
18.63999999999999
 40
18.63999999999999
 40
18.63999999999999
 40
19.63999999999999
 40
19.63999999999999
 40
19.63999999999999
 40
20.63999999999999
 40
20.63999999999999
 40
20.63999999999999
 40
21.63999999999999
 40
21.63999999999999
 40
21.63999999999999
 40
22.63999999999999
 40
22.63999999999999
 40
22.63999999999999
 40
23.63999999999999
 40
23.63999999999999
 40
23.63999999999999
 40
23.63999999999999
 10
100.7782747222222
 20
53.55967472222222
 30
0.0
 10
100.7782747222222
 20
53.11870249999999
 30
0.0
 10
100.7782747222222
 20
52.67773027777778
 30
0.0
 10
100.7782747222222
 20
52.23675805555555
 30
0.0
 10
99.2625062037037
 20
52.23675805555555
 30
0.0
 10
97.74673768518517
 20
52.23675805555555
 30
0.0
 10
96.23096916666667
 20
52.23675805555555
 30
0.0
 10
95.09149694444444
 20
52.23675805555555
 30
0.0
 10
95.21496916666666
 20
52.30025805555555
 30
0.0
 10
93.95555250000001
 20
52.30025805555555
 30
0.0
 10
92.68908027777778
 20
52.30025805555555
 30
0.0
 10
92.81960805555555
 20
52.23675805555555
 30
0.0
 10
91.68013583333332
 20
52.23675805555555
 30
0.0
 10
91.68013583333332
 20
50.54342472222221
 30
0.0
 10
88.97080249999999
 20
48.33468305555555
 30
0.0
 10
89.63049694444445
 20
46.67698027777777
 30
0.0
 10
91.21799694444444
 20
42.68353583333333
 30
0.0
 10
92.30102472222222
 20
39.98125805555555
 30
0.0
 10
92.75258027777777
 20
41.72009972222222
 30
0.0
 10
93.20413583333332
 20
43.44906361111111
 30
0.0
 10
97.33163583333334
 20
44.30278583333333
 30
0.0
 10
101.5967191666667
 20
45.00128583333333
 30
0.0
 10
104.7293858333333
 20
45.51246083333333
 30
0.0
 10
108.3277191666667
 20
46.29950805555556
 30
0.0
 10
110.3032747222222
 20
46.22542472222222
 30
0.0
 10
114.4554691666667
 20
46.07725805555555
 30
0.0
 10
113.5523580555555
 20
49.34750805555555
 30
0.0
 10
114.1803025
 20
52.5821275
 30
0.0
  0
SPLINE
  5
265
330
1F
100
AcDbEntity
  8
DEFAULT
 62
     1
100
AcDbSpline
210
0.0
220
0.0
230
1.0
 70
     8
 71
     3
 72
    32
 73
    28
 74
     0
 42
0.000000001
 43
0.0000000001
 40
0.0
 40
0.0
 40
0.0
 40
0.0
 40
3.75
 40
3.75
 40
3.75
 40
16.63999999999999
 40
16.63999999999999
 40
16.63999999999999
 40
17.63999999999999
 40
17.63999999999999
 40
17.63999999999999
 40
18.63999999999999
 40
18.63999999999999
 40
18.63999999999999
 40
19.63999999999999
 40
19.63999999999999
 40
19.63999999999999
 40
20.63999999999999
 40
20.63999999999999
 40
20.63999999999999
 40
21.63999999999999
 40
21.63999999999999
 40
21.63999999999999
 40
22.63999999999999
 40
22.63999999999999
 40
22.63999999999999
 40
23.63999999999999
 40
23.63999999999999
 40
23.63999999999999
 40
23.63999999999999
 10
100.7782747222222
 20
53.91245249999999
 30
0.0
 10
100.7782747222222
 20
54.35342472222222
 30
0.0
 10
100.7782747222222
 20
54.79439694444444
 30
0.0
 10
100.7782747222222
 20
55.23536916666666
 30
0.0
 10
99.2625062037037
 20
55.23536916666666
 30
0.0
 10
97.74673768518517
 20
55.23536916666666
 30
0.0
 10
96.23096916666667
 20
55.23536916666666
 30
0.0
 10
95.09149694444444
 20
55.23536916666666
 30
0.0
 10
95.21496916666666
 20
55.17151638888888
 30
0.0
 10
93.95555250000001
 20
55.17151638888888
 30
0.0
 10
92.68908027777778
 20
55.17151638888888
 30
0.0
 10
92.81960805555555
 20
55.23536916666666
 30
0.0
 10
91.68013583333332
 20
55.23536916666666
 30
0.0
 10
91.68013583333332
 20
56.88636916666666
 30
0.0
 10
88.82616361111111
 20
59.30995249999999
 30
0.0
 10
88.6991636111111
 20
64.39700805555555
 30
0.0
 10
88.64271916666667
 20
66.58070249999999
 30
0.0
 10
89.32358027777778
 20
73.33286916666667
 30
0.0
 10
92.59735805555555
 20
71.69598027777776
 30
0.0
 10
103.5264136111111
 20
66.22086916666666
 30
0.0
 10
102.3234413888889
 20
65.05317472222221
 30
0.0
 10
103.9956080555556
 20
66.83470249999999
 30
0.0
 10
107.1176913888889
 20
70.15786916666666
 30
0.0
 10
112.0318858333333
 20
63.0705636111111
 30
0.0
 10
115.8066080555556
 20
61.52151638888888
 30
0.0
 10
117.2776913888889
 20
60.91826638888889
 30
0.0
 10
114.9987469444444
 20
56.20903583333332
 30
0.0
 10
114.2543858333333
 20
52.92467472222221
 30
0.0
  0
POLYLINE
  5
266
330
1F
100
AcDbEntity
  8
DEFAULT
 62
     7
100
AcDb2dPolyline
 66
     1
 10
0.0
 20
0.0
 30
0.0
  0
VERTEX
  5
267
330
266
100
AcDbEntity
  8
DEFAULT
 62
     7
100
AcDbVertex
100
AcDb2dVertex
 10
116.2397133333333
 20
13.26515
 30
0.0
  0
VERTEX
  5
268
330
266
100
AcDbEntity
  8
DEFAULT
 62
     7
100
AcDbVertex
100
AcDb2dVertex
 10
116.6598716666667
 20
15.72930277777778
 30
0.0
  0
SEQEND
  5
269
330
266
100
AcDbEntity
  8
DEFAULT
 62
     7
  0
SPLINE
  5
26A
330
1F
100
AcDbEntity
  8
DEFAULT
 62
     7
100
AcDbSpline
210
0.0
220
0.0
230
1.0
 70
     8
 71
     3
 72
    17
 73
    13
 74
     0
 42
0.000000001
 43
0.0000000001
 40
0.0
 40
0.0
 40
0.0
 40
0.0
 40
3.071819167854796
 40
3.071819167854796
 40
3.071819167854796
 40
4.071819167854796
 40
4.071819167854796
 40
4.071819167854796
 40
5.071819167854796
 40
5.071819167854796
 40
5.071819167854796
 40
6.071819167854796
 40
6.071819167854796
 40
6.071819167854796
 40
6.071819167854796
 10
115.5531019444444
 20
15.18856499999999
 30
0.0
 10
115.1970315740741
 20
15.24936037037036
 30
0.0
 10
114.8409612037037
 20
15.31015574074073
 30
0.0
 10
114.4848908333333
 20
15.37095111111111
 30
0.0
 10
114.1853825
 20
15.42175111111111
 30
0.0
 10
113.9098630555555
 20
15.33673166666667
 30
0.0
 10
113.8470686111111
 20
14.96843166666667
 30
0.0
 10
113.8040297222222
 20
14.71584277777777
 30
0.0
 10
113.9236213888889
 20
14.490065
 30
0.0
 10
114.0957769444444
 20
14.38740666666667
 30
0.0
 10
114.1381102777778
 20
14.35777333333333
 30
0.0
 10
114.1871463888889
 20
14.34436777777778
 30
0.0
 10
114.2527630555555
 20
14.33343166666667
 30
0.0
  0
POLYLINE
  5
26B
330
1F
100
AcDbEntity
  8
DEFAULT
 62
     7
100
AcDb2dPolyline
 66
     1
 10
0.0
 20
0.0
 30
0.0
  0
VERTEX
  5
26C
330
26B
100
AcDbEntity
  8
DEFAULT
 62
     7
100
AcDbVertex
100
AcDb2dVertex
 10
115.3748080555555
 20
14.14226138888888
 30
0.0
  0
VERTEX
  5
26D
330
26B
100
AcDbEntity
  8
DEFAULT
 62
     7
100
AcDbVertex
100
AcDb2dVertex
 10
112.6467775
 20
14.60686972222221
 30
0.0
  0
SEQEND
  5
26E
330
26B
100
AcDbEntity
  8
DEFAULT
 62
     7
  0
POLYLINE
  5
26F
330
1F
100
AcDbEntity
  8
DEFAULT
 62
     7
100
AcDb2dPolyline
 66
     1
 10
0.0
 20
0.0
 30
0.0
  0
VERTEX
  5
270
330
26F
100
AcDbEntity
  8
DEFAULT
 62
     7
100
AcDbVertex
100
AcDb2dVertex
 10
147.8556930555555
 20
13.76574166666666
 30
0.0
  0
VERTEX
  5
271
330
26F
100
AcDbEntity
  8
DEFAULT
 62
     7
100
AcDbVertex
100
AcDb2dVertex
 10
146.5839291666666
 20
15.91839166666667
 30
0.0
  0
SEQEND
  5
272
330
26F
100
AcDbEntity
  8
DEFAULT
 62
     7
  0
SPLINE
  5
273
330
1F
100
AcDbEntity
  8
DEFAULT
 62
     7
100
AcDbSpline
210
0.0
220
0.0
230
1.0
 70
     8
 71
     3
 72
    29
 73
    25
 74
     0
 42
0.000000001
 43
0.0000000001
 40
0.0
 40
0.0
 40
0.0
 40
0.0
 40
1.0
 40
1.0
 40
1.0
 40
2.0
 40
2.0
 40
2.0
 40
3.0
 40
3.0
 40
3.0
 40
4.0
 40
4.0
 40
4.0
 40
5.0
 40
5.0
 40
5.0
 40
6.0
 40
6.0
 40
6.0
 40
7.0
 40
7.0
 40
7.0
 40
8.0
 40
8.0
 40
8.0
 40
8.0
 10
144.6848205555555
 20
14.18085527777778
 30
0.0
 10
144.861915
 20
14.16850805555555
 30
0.0
 10
145.1148566666666
 20
13.9709525
 30
0.0
 10
145.2573788888889
 20
13.73000527777778
 30
0.0
 10
145.4852733333333
 20
13.34406638888889
 30
0.0
 10
145.3639177777778
 20
12.89921361111111
 30
0.0
 10
144.9896205555555
 20
12.67766916666666
 30
0.0
 10
144.5313622222222
 20
12.40744138888889
 30
0.0
 10
144.0685177777778
 20
12.59794138888889
 30
0.0
 10
143.8575566666667
 20
12.95459972222222
 30
0.0
 10
143.6981011111111
 20
13.2248275
 30
0.0
 10
143.6931622222222
 20
13.51339972222222
 30
0.0
 10
143.7651288888889
 20
13.64674972222222
 30
0.0
 10
143.8861316666666
 20
13.71024972222222
 30
0.0
 10
145.0562955555556
 20
14.40028305555555
 30
0.0
 10
145.0562955555556
 20
14.40028305555555
 30
0.0
 10
145.4284761111111
 20
14.62041638888889
 30
0.0
 10
145.6951761111111
 20
14.68991361111111
 30
0.0
 10
145.9181316666667
 20
14.6345275
 30
0.0
 10
146.1474372222222
 20
14.58337472222222
 30
0.0
 10
146.3132427777778
 20
14.41016083333333
 30
0.0
 10
146.4197816666667
 20
14.23024416666667
 30
0.0
 10
146.5210288888889
 20
14.05879416666667
 30
0.0
 10
146.5855872222222
 20
13.84218861111111
 30
0.0
 10
146.5665372222222
 20
13.67532472222222
 30
0.0
  0
POLYLINE
  5
274
330
1F
100
AcDbEntity
  8
DEFAULT
 62
     7
100
AcDb2dPolyline
 66
     1
 10
0.0
 20
0.0
 30
0.0
  0
VERTEX
  5
275
330
274
100
AcDbEntity
  8
DEFAULT
 62
     7
100
AcDbVertex
100
AcDb2dVertex
 10
172.8856644444444
 20
33.39345055555557
 30
0.0
  0
VERTEX
  5
276
330
274
100
AcDbEntity
  8
DEFAULT
 62
     7
100
AcDbVertex
100
AcDb2dVertex
 10
170.7386588888889
 20
34.67438666666668
 30
0.0
  0
SEQEND
  5
277
330
274
100
AcDbEntity
  8
DEFAULT
 62
     7
  0
SPLINE
  5
278
330
1F
100
AcDbEntity
  8
DEFAULT
 62
     7
100
AcDbSpline
210
0.0
220
0.0
230
1.0
 70
     8
 71
     3
 72
    11
 73
     7
 74
     0
 42
0.000000001
 43
0.0000000001
 40
0.0
 40
0.0
 40
0.0
 40
0.0
 40
5.347341769515057
 40
5.347341769515057
 40
5.347341769515057
 40
6.347341769515057
 40
6.347341769515057
 40
6.347341769515057
 40
6.347341769515057
 10
171.4938502777777
 20
33.07136444444445
 30
0.0
 10
171.171646574074
 20
32.53137925925926
 30
0.0
 10
170.8494428703703
 20
31.99139407407407
 30
0.0
 10
170.5272391666666
 20
31.45140888888888
 30
0.0
 10
170.1120197222222
 20
30.75537833333333
 30
0.0
 10
169.5895558333333
 20
30.68976166666666
 30
0.0
 10
169.2491252777778
 20
31.20164222222222
 30
0.0
  0
POLYLINE
  5
279
330
1F
100
AcDbEntity
  8
DEFAULT
 62
     7
100
AcDb2dPolyline
 66
     1
 10
0.0
 20
0.0
 30
0.0
  0
VERTEX
  5
27A
330
279
100
AcDbEntity
  8
DEFAULT
 62
     7
100
AcDbVertex
100
AcDb2dVertex
 10
170.9829575
 20
31.17966416666667
 30
0.0
  0
VERTEX
  5
27B
330
279
100
AcDbEntity
  8
DEFAULT
 62
     7
100
AcDbVertex
100
AcDb2dVertex
 10
169.8448963888889
 20
31.85840861111111
 30
0.0
  0
SEQEND
  5
27C
330
279
100
AcDbEntity
  8
DEFAULT
 62
     7
  0
POLYLINE
  5
27D
330
1F
100
AcDbEntity
  8
DEFAULT
 62
     7
100
AcDb2dPolyline
 66
     1
 10
0.0
 20
0.0
 30
0.0
  0
VERTEX
  5
27E
330
27D
100
AcDbEntity
  8
DEFAULT
 62
     7
100
AcDbVertex
100
AcDb2dVertex
 10
186.5082841666666
 20
62.13280972222224
 30
0.0
  0
VERTEX
  5
27F
330
27D
100
AcDbEntity
  8
DEFAULT
 62
     7
100
AcDbVertex
100
AcDb2dVertex
 10
184.0462480555555
 20
62.56743194444447
 30
0.0
  0
SEQEND
  5
280
330
27D
100
AcDbEntity
  8
DEFAULT
 62
     7
  0
SPLINE
  5
281
330
1F
100
AcDbEntity
  8
DEFAULT
 62
     7
100
AcDbSpline
210
0.0
220
0.0
230
1.0
 70
     8
 71
     3
 72
    23
 73
    19
 74
     0
 42
0.000000001
 43
0.0000000001
 40
0.0
 40
0.0
 40
0.0
 40
0.0
 40
1.0
 40
1.0
 40
1.0
 40
2.0
 40
2.0
 40
2.0
 40
3.0
 40
3.0
 40
3.0
 40
7.695862540577701
 40
7.695862540577701
 40
7.695862540577701
 40
8.6958625405777
 40
8.6958625405777
 40
8.6958625405777
 40
9.6958625405777
 40
9.6958625405777
 40
9.6958625405777
 40
9.6958625405777
 10
185.7577141666667
 20
60.283725
 30
0.0
 10
185.6585836111111
 20
59.72351388888889
 30
0.0
 10
185.2507725
 20
59.34039722222222
 30
0.0
 10
184.7092586111111
 20
59.436
 30
0.0
 10
184.1028336111111
 20
59.54324444444445
 30
0.0
 10
184.0358058333333
 20
60.10486666666667
 30
0.0
 10
184.0961308333333
 20
60.44670833333334
 30
0.0
 10
184.1081252777778
 20
60.51585277777778
 30
0.0
 10
184.1158863888889
 20
60.53455
 30
0.0
 10
184.1257641666666
 20
60.56841666666667
 30
0.0
 10
184.6697475
 20
60.47351944444444
 30
0.0
 10
185.2137308333333
 20
60.37862222222222
 30
0.0
 10
185.7577141666667
 20
60.283725
 30
0.0
 10
185.8564919444444
 20
60.84428888888888
 30
0.0
 10
185.5813252777778
 20
61.280675
 30
0.0
 10
185.0094725
 20
61.38192222222222
 30
0.0
 10
184.7138447222222
 20
61.43413333333333
 30
0.0
 10
184.4997086111111
 20
61.40873333333333
 30
0.0
 10
184.3709447222222
 20
61.375925
 30
0.0
  0
POLYLINE
  5
282
330
1F
100
AcDbEntity
  8
DEFAULT
 62
     7
100
AcDb2dPolyline
 66
     1
 10
0.0
 20
0.0
 30
0.0
  0
VERTEX
  5
283
330
282
100
AcDbEntity
  8
DEFAULT
 62
     7
100
AcDbVertex
100
AcDb2dVertex
 10
185.2868263888889
 20
93.51055861111111
 30
0.0
  0
VERTEX
  5
284
330
282
100
AcDbEntity
  8
DEFAULT
 62
     7
100
AcDbVertex
100
AcDb2dVertex
 10
183.2788152777777
 20
92.02148361111108
 30
0.0
  0
SEQEND
  5
285
330
282
100
AcDbEntity
  8
DEFAULT
 62
     7
  0
SPLINE
  5
286
330
1F
100
AcDbEntity
  8
DEFAULT
 62
     7
100
AcDbSpline
210
0.0
220
0.0
230
1.0
 70
     8
 71
     3
 72
    20
 73
    16
 74
     0
 42
0.000000001
 43
0.0000000001
 40
0.0
 40
0.0
 40
0.0
 40
0.0
 40
1.004000000000012
 40
1.004000000000012
 40
1.004000000000012
 40
2.008000000000025
 40
2.008000000000025
 40
2.008000000000025
 40
3.012000000000037
 40
3.012000000000037
 40
3.012000000000037
 40
4.01600000000005
 40
4.01600000000005
 40
4.01600000000005
 40
5.020000000000062
 40
5.020000000000062
 40
5.020000000000062
 40
5.020000000000062
 10
186.0376786111111
 20
89.32407416666666
 30
0.0
 10
186.0376786111111
 20
89.32407416666666
 30
0.0
 10
184.6265675
 20
91.24036305555555
 30
0.0
 10
184.5436647222222
 20
91.33878805555554
 30
0.0
 10
184.5168536111111
 20
91.58326305555556
 30
0.0
 10
184.5969341666667
 20
91.7540075
 30
0.0
 10
184.7909619444444
 20
91.89794083333334
 30
0.0
 10
185.0904702777778
 20
92.11983805555555
 30
0.0
 10
185.5624869444444
 20
92.1156047222222
 30
0.0
 10
185.9039758333333
 20
91.65487694444444
 30
0.0
 10
186.1967813888889
 20
91.26576305555554
 30
0.0
 10
186.1583286111111
 20
90.82479083333332
 30
0.0
 10
185.8256591666667
 20
90.57784638888889
 30
0.0
 10
185.6094063888889
 20
90.41768527777776
 30
0.0
 10
185.3850397222222
 20
90.39546027777777
 30
0.0
 10
185.1867786111111
 20
90.47130749999998
 30
0.0
  0
POLYLINE
  5
287
330
1F
100
AcDbEntity
  8
DEFAULT
 62
     7
100
AcDb2dPolyline
 66
     1
 10
0.0
 20
0.0
 30
0.0
  0
VERTEX
  5
288
330
287
100
AcDbEntity
  8
DEFAULT
 62
     7
100
AcDbVertex
100
AcDb2dVertex
 10
152.6171347222222
 20
101.1392016666667
 30
0.0
  0
VERTEX
  5
289
330
287
100
AcDbEntity
  8
DEFAULT
 62
     7
100
AcDbVertex
100
AcDb2dVertex
 10
153.8388041666667
 20
98.95797666666668
 30
0.0
  0
SEQEND
  5
28A
330
287
100
AcDbEntity
  8
DEFAULT
 62
     7
  0
POLYLINE
  5
28B
330
1F
100
AcDbEntity
  8
DEFAULT
 62
     7
100
AcDb2dPolyline
 66
     1
 10
0.0
 20
0.0
 30
0.0
  0
VERTEX
  5
28C
330
28B
100
AcDbEntity
  8
DEFAULT
 62
     7
100
AcDbVertex
100
AcDb2dVertex
 10
155.0617788888889
 20
101.1019836111111
 30
0.0
  0
VERTEX
  5
28D
330
28B
100
AcDbEntity
  8
DEFAULT
 62
     7
100
AcDbVertex
100
AcDb2dVertex
 10
155.8908066666667
 20
102.7170002777777
 30
0.0
  0
SEQEND
  5
28E
330
28B
100
AcDbEntity
  8
DEFAULT
 62
     7
  0
POLYLINE
  5
28F
330
1F
100
AcDbEntity
  8
DEFAULT
 62
     7
100
AcDb2dPolyline
 66
     1
 10
0.0
 20
0.0
 30
0.0
  0
VERTEX
  5
290
330
28F
100
AcDbEntity
  8
DEFAULT
 62
     7
100
AcDbVertex
100
AcDb2dVertex
 10
156.8945652777778
 20
100.9247480555555
 30
0.0
  0
VERTEX
  5
291
330
28F
100
AcDbEntity
  8
DEFAULT
 62
     7
100
AcDbVertex
100
AcDb2dVertex
 10
155.0650597222222
 20
101.1039591666666
 30
0.0
  0
VERTEX
  5
292
330
28F
100
AcDbEntity
  8
DEFAULT
 62
     7
100
AcDbVertex
100
AcDb2dVertex
 10
154.0892763888889
 20
100.5571536111111
 30
0.0
  0
SEQEND
  5
293
330
28F
100
AcDbEntity
  8
DEFAULT
 62
     7
  0
POLYLINE
  5
294
330
1F
100
AcDbEntity
  8
DEFAULT
 62
     7
100
AcDb2dPolyline
 66
     1
 10
0.0
 20
0.0
 30
0.0
  0
VERTEX
  5
295
330
294
100
AcDbEntity
  8
DEFAULT
 62
     7
100
AcDbVertex
100
AcDb2dVertex
 10
130.2247063888889
 20
30.45308305555555
 30
0.0
  0
VERTEX
  5
296
330
294
100
AcDbEntity
  8
DEFAULT
 62
     7
100
AcDbVertex
100
AcDb2dVertex
 10
132.6885063888889
 20
30.0301025
 30
0.0
  0
SEQEND
  5
297
330
294
100
AcDbEntity
  8
DEFAULT
 62
     7
  0
POLYLINE
  5
298
330
1F
100
AcDbEntity
  8
DEFAULT
 62
     7
100
AcDb2dPolyline
 66
     1
 10
0.0
 20
0.0
 30
0.0
  0
VERTEX
  5
299
330
298
100
AcDbEntity
  8
DEFAULT
 62
     7
100
AcDbVertex
100
AcDb2dVertex
 10
133.0319355555555
 20
33.65150749999999
 30
0.0
  0
VERTEX
  5
29A
330
298
100
AcDbEntity
  8
DEFAULT
 62
     7
100
AcDbVertex
100
AcDb2dVertex
 10
132.5874355555555
 20
31.0621186111111
 30
0.0
  0
SEQEND
  5
29B
330
298
100
AcDbEntity
  8
DEFAULT
 62
     7
  0
POLYLINE
  5
29C
330
1F
100
AcDbEntity
  8
DEFAULT
 62
     7
100
AcDb2dPolyline
 66
     1
 10
0.0
 20
0.0
 30
0.0
  0
VERTEX
  5
29D
330
29C
100
AcDbEntity
  8
DEFAULT
 62
     7
100
AcDbVertex
100
AcDb2dVertex
 10
132.7957861111111
 20
32.27588583333334
 30
0.0
  0
VERTEX
  5
29E
330
29C
100
AcDbEntity
  8
DEFAULT
 62
     7
100
AcDbVertex
100
AcDb2dVertex
 10
130.8713833333333
 20
32.60643861111112
 30
0.0
  0
SEQEND
  5
29F
330
29C
100
AcDbEntity
  8
DEFAULT
 62
     7
  0
POLYLINE
  5
2A0
330
1F
100
AcDbEntity
  8
DEFAULT
 62
     7
100
AcDb2dPolyline
 66
     1
 10
0.0
 20
0.0
 30
0.0
  0
VERTEX
  5
2A1
330
2A0
100
AcDbEntity
  8
DEFAULT
 62
     7
100
AcDbVertex
100
AcDb2dVertex
 10
130.6629269444445
 20
31.39256555555555
 30
0.0
  0
VERTEX
  5
2A2
330
2A0
100
AcDbEntity
  8
DEFAULT
 62
     7
100
AcDbVertex
100
AcDb2dVertex
 10
131.1074269444444
 20
33.98195444444444
 30
0.0
  0
SEQEND
  5
2A3
330
2A0
100
AcDbEntity
  8
DEFAULT
 62
     7
  0
POLYLINE
  5
2A4
330
1F
100
AcDbEntity
  8
DEFAULT
 62
     7
100
AcDb2dPolyline
 66
     1
 10
0.0
 20
0.0
 30
0.0
  0
VERTEX
  5
2A5
330
2A4
100
AcDbEntity
  8
DEFAULT
 62
     7
100
AcDbVertex
100
AcDb2dVertex
 10
145.1076952777778
 20
39.81270083333333
 30
0.0
  0
VERTEX
  5
2A6
330
2A4
100
AcDbEntity
  8
DEFAULT
 62
     7
100
AcDbVertex
100
AcDb2dVertex
 10
147.2603452777778
 20
41.08411194444444
 30
0.0
  0
SEQEND
  5
2A7
330
2A4
100
AcDbEntity
  8
DEFAULT
 62
     7
  0
SPLINE
  5
2A8
330
1F
100
AcDbEntity
  8
DEFAULT
 62
     7
100
AcDbSpline
210
0.0
220
0.0
230
1.0
 70
     8
 71
     3
 72
    26
 73
    22
 74
     0
 42
0.000000001
 43
0.0000000001
 40
0.0
 40
0.0
 40
0.0
 40
0.0
 40
2.453171009122761
 40
2.453171009122761
 40
2.453171009122761
 40
6.03294264988418
 40
6.03294264988418
 40
6.03294264988418
 40
7.03294264988418
 40
7.03294264988418
 40
7.03294264988418
 40
8.03294264988418
 40
8.03294264988418
 40
8.03294264988418
 40
9.03294264988418
 40
9.03294264988418
 40
9.03294264988418
 40
10.03294264988418
 40
10.03294264988418
 40
10.03294264988418
 40
11.03294264988418
 40
11.03294264988418
 40
11.03294264988418
 40
11.03294264988418
 10
145.1428319444445
 20
42.62906694444445
 30
0.0
 10
145.3911875
 20
42.7758225
 30
0.0
 10
145.6395430555556
 20
42.92257805555556
 30
0.0
 10
145.8878986111112
 20
43.06933361111112
 30
0.0
 10
146.1020347222222
 20
42.70691324074074
 30
0.0
 10
146.3161708333333
 20
42.34449287037037
 30
0.0
 10
146.5303069444444
 20
41.98207249999999
 30
0.0
 10
146.4269430555555
 20
41.85754194444444
 30
0.0
 10
146.2145708333333
 20
41.62788361111111
 30
0.0
 10
145.9090652777778
 20
41.44726138888889
 30
0.0
 10
145.5668708333333
 20
41.24511972222222
 30
0.0
 10
145.2331430555555
 20
41.16609749999999
 30
0.0
 10
144.8870680555555
 20
41.24653083333333
 30
0.0
 10
144.5812097222222
 20
41.31955583333333
 30
0.0
 10
144.2820541666667
 20
41.5502725
 30
0.0
 10
144.0739152777778
 20
41.90234472222222
 30
0.0
 10
143.6788041666667
 20
42.5789725
 30
0.0
 10
143.8502541666666
 20
43.34591138888889
 30
0.0
 10
144.6087263888889
 20
43.79429194444444
 30
0.0
 10
144.8704875
 20
43.94880861111111
 30
0.0
 10
145.1089652777778
 20
44.01266138888889
 30
0.0
 10
145.2338486111111
 20
44.02289194444444
 30
0.0
  0
POLYLINE
  5
2A9
330
1F
100
AcDbEntity
  8
DEFAULT
 62
     7
100
AcDb2dPolyline
 66
     1
 10
0.0
 20
0.0
 30
0.0
  0
VERTEX
  5
2AA
330
2A9
100
AcDbEntity
  8
DEFAULT
 62
     7
100
AcDbVertex
100
AcDb2dVertex
 10
157.9706433333333
 20
54.95392305555554
 30
0.0
  0
VERTEX
  5
2AB
330
2A9
100
AcDbEntity
  8
DEFAULT
 62
     7
100
AcDbVertex
100
AcDb2dVertex
 10
159.2494627777778
 20
57.10233972222222
 30
0.0
  0
SEQEND
  5
2AC
330
2A9
100
AcDbEntity
  8
DEFAULT
 62
     7
  0
POLYLINE
  5
2AD
330
1F
100
AcDbEntity
  8
DEFAULT
 62
     7
100
AcDb2dPolyline
 66
     1
 10
0.0
 20
0.0
 30
0.0
  0
VERTEX
  5
2AE
330
2AD
100
AcDbEntity
  8
DEFAULT
 62
     7
100
AcDbVertex
100
AcDb2dVertex
 10
156.1259683333333
 20
56.68299277777779
 30
0.0
  0
VERTEX
  5
2AF
330
2AD
100
AcDbEntity
  8
DEFAULT
 62
     7
100
AcDbVertex
100
AcDb2dVertex
 10
156.8078877777778
 20
57.82846222222222
 30
0.0
  0
SEQEND
  5
2B0
330
2AD
100
AcDbEntity
  8
DEFAULT
 62
     7
  0
POLYLINE
  5
2B1
330
1F
100
AcDbEntity
  8
DEFAULT
 62
     7
100
AcDb2dPolyline
 66
     1
 10
0.0
 20
0.0
 30
0.0
  0
VERTEX
  5
2B2
330
2B1
100
AcDbEntity
  8
DEFAULT
 62
     7
100
AcDbVertex
100
AcDb2dVertex
 10
157.3885952777778
 20
55.93129388888887
 30
0.0
  0
VERTEX
  5
2B3
330
2B1
100
AcDbEntity
  8
DEFAULT
 62
     7
100
AcDbVertex
100
AcDb2dVertex
 10
155.1311702777778
 20
57.27537722222222
 30
0.0
  0
VERTEX
  5
2B4
330
2B1
100
AcDbEntity
  8
DEFAULT
 62
     7
100
AcDbVertex
100
AcDb2dVertex
 10
155.8547175
 20
58.49104944444444
 30
0.0
  0
SEQEND
  5
2B5
330
2B1
100
AcDbEntity
  8
DEFAULT
 62
     7
  0
POLYLINE
  5
2B6
330
1F
100
AcDbEntity
  8
DEFAULT
 62
     7
100
AcDb2dPolyline
 66
     1
 10
0.0
 20
0.0
 30
0.0
  0
VERTEX
  5
2B7
330
2B6
100
AcDbEntity
  8
DEFAULT
 62
     7
100
AcDbVertex
100
AcDb2dVertex
 10
164.9235405555555
 20
77.01646888888891
 30
0.0
  0
VERTEX
  5
2B8
330
2B6
100
AcDbEntity
  8
DEFAULT
 62
     7
100
AcDbVertex
100
AcDb2dVertex
 10
165.3585155555555
 20
79.47850500000001
 30
0.0
  0
SEQEND
  5
2B9
330
2B6
100
AcDbEntity
  8
DEFAULT
 62
     7
  0
POLYLINE
  5
2BA
330
1F
100
AcDbEntity
  8
DEFAULT
 62
     7
100
AcDb2dPolyline
 66
     1
 10
0.0
 20
0.0
 30
0.0
  0
VERTEX
  5
2BB
330
2BA
100
AcDbEntity
  8
DEFAULT
 62
     7
100
AcDbVertex
100
AcDb2dVertex
 10
163.0516663888889
 20
79.24715333333332
 30
0.0
  0
VERTEX
  5
2BC
330
2BA
100
AcDbEntity
  8
DEFAULT
 62
     7
100
AcDbVertex
100
AcDb2dVertex
 10
162.8149525
 20
77.90765611111111
 30
0.0
  0
SEQEND
  5
2BD
330
2BA
100
AcDbEntity
  8
DEFAULT
 62
     7
  0
POLYLINE
  5
2BE
330
1F
100
AcDbEntity
  8
DEFAULT
 62
     7
100
AcDb2dPolyline
 66
     1
 10
0.0
 20
0.0
 30
0.0
  0
VERTEX
  5
2BF
330
2BE
100
AcDbEntity
  8
DEFAULT
 62
     7
100
AcDbVertex
100
AcDb2dVertex
 10
164.2848363888889
 20
79.1479522222222
 30
0.0
  0
VERTEX
  5
2C0
330
2BE
100
AcDbEntity
  8
DEFAULT
 62
     7
100
AcDbVertex
100
AcDb2dVertex
 10
164.0276613888889
 20
77.69309666666665
 30
0.0
  0
VERTEX
  5
2C1
330
2BE
100
AcDbEntity
  8
DEFAULT
 62
     7
100
AcDbVertex
100
AcDb2dVertex
 10
161.4403891666666
 20
78.15029666666666
 30
0.0
  0
VERTEX
  5
2C2
330
2BE
100
AcDbEntity
  8
DEFAULT
 62
     7
100
AcDbVertex
100
AcDb2dVertex
 10
161.6876863888889
 20
79.54764944444445
 30
0.0
  0
SEQEND
  5
2C3
330
2BE
100
AcDbEntity
  8
DEFAULT
 62
     7
  0
POLYLINE
  5
2C4
330
1F
100
AcDbEntity
  8
DEFAULT
 62
     7
100
AcDb2dPolyline
 66
     1
 10
0.0
 20
0.0
 30
0.0
  0
VERTEX
  5
2C5
330
2C4
100
AcDbEntity
  8
DEFAULT
 62
     7
100
AcDbVertex
100
AcDb2dVertex
 10
163.3129688888889
 20
90.77773027777779
 30
0.0
  0
VERTEX
  5
2C6
330
2C4
100
AcDbEntity
  8
DEFAULT
 62
     7
100
AcDbVertex
100
AcDb2dVertex
 10
161.82213
 20
92.78468305555555
 30
0.0
  0
SEQEND
  5
2C7
330
2C4
100
AcDbEntity
  8
DEFAULT
 62
     7
  0
SPLINE
  5
2C8
330
1F
100
AcDbEntity
  8
DEFAULT
 62
     7
100
AcDbSpline
210
0.0
220
0.0
230
1.0
 70
    11
 71
     3
 72
    26
 73
    22
 74
     0
 42
0.000000001
 43
0.0000000001
 40
0.0
 40
0.0
 40
0.0
 40
0.0
 40
1.0
 40
1.0
 40
1.0
 40
2.0
 40
2.0
 40
2.0
 40
3.0
 40
3.0
 40
3.0
 40
4.0
 40
4.0
 40
4.0
 40
5.0
 40
5.0
 40
5.0
 40
6.0
 40
6.0
 40
6.0
 40
13.32567983193366
 40
13.32567983193366
 40
13.32567983193366
 40
13.32567983193366
 10
160.3097011111111
 20
88.75804222222222
 30
0.0
 10
160.1618872222222
 20
88.90515055555555
 30
0.0
 10
159.9960816666666
 20
89.088595
 30
0.0
 10
159.8359205555555
 20
89.30414222222221
 30
0.0
 10
159.5452316666667
 20
89.69537277777778
 30
0.0
 10
159.4291677777778
 20
90.04144777777778
 30
0.0
 10
159.4644455555555
 20
90.3536561111111
 30
0.0
 10
159.4969011111111
 20
90.66939222222221
 30
0.0
 10
159.6595316666667
 20
90.96043388888887
 30
0.0
 10
160.0006677777778
 20
91.21372833333334
 30
0.0
 10
160.3449788888889
 20
91.4694922222222
 30
0.0
 10
160.7055177777778
 20
91.57215055555554
 30
0.0
 10
161.0459483333333
 20
91.51888111111111
 30
0.0
 10
161.3895538888889
 20
91.46843388888888
 30
0.0
 10
161.7373927777778
 20
91.22184222222221
 30
0.0
 10
162.0421927777778
 20
90.81191444444444
 30
0.0
 10
162.1861261111111
 20
90.61788666666665
 30
0.0
 10
162.2976038888889
 20
90.44820055555554
 30
0.0
 10
162.3843872222222
 20
90.29897555555554
 30
0.0
 10
161.6928251851852
 20
89.78533111111109
 30
0.0
 10
161.0012631481481
 20
89.27168666666665
 30
0.0
 10
160.3097011111111
 20
88.75804222222222
 30
0.0
  0
SPLINE
  5
2C9
330
1F
100
AcDbEntity
  8
DEFAULT
 62
     1
100
AcDbSpline
210
0.0
220
0.0
230
1.0
 70
     8
 71
     3
 72
    68
 73
    64
 74
     0
 42
0.000000001
 43
0.0000000001
 40
0.0
 40
0.0
 40
0.0
 40
0.0
 40
3.760850967533802
 40
3.760850967533802
 40
3.760850967533802
 40
16.67708106768303
 40
16.67708106768303
 40
16.67708106768303
 40
17.67708106768303
 40
17.67708106768303
 40
17.67708106768303
 40
18.67708106768303
 40
18.67708106768303
 40
18.67708106768303
 40
19.67708106768303
 40
19.67708106768303
 40
19.67708106768303
 40
20.67708106768303
 40
20.67708106768303
 40
20.67708106768303
 40
21.67708106768303
 40
21.67708106768303
 40
21.67708106768303
 40
22.67708106768303
 40
22.67708106768303
 40
22.67708106768303
 40
23.67708106768303
 40
23.67708106768303
 40
23.67708106768303
 40
24.67708106768303
 40
24.67708106768303
 40
24.67708106768303
 40
25.67708106768303
 40
25.67708106768303
 40
25.67708106768303
 40
34.17821628599358
 40
34.17821628599358
 40
34.17821628599358
 40
47.08367249644965
 40
47.08367249644965
 40
47.08367249644965
 40
48.08367249644965
 40
48.08367249644965
 40
48.08367249644965
 40
49.08367249644965
 40
49.08367249644965
 40
49.08367249644965
 40
50.08367249644965
 40
50.08367249644965
 40
50.08367249644965
 40
51.08367249644965
 40
51.08367249644965
 40
51.08367249644965
 40
52.08367249644965
 40
52.08367249644965
 40
52.08367249644965
 40
53.08367249644965
 40
53.08367249644965
 40
53.08367249644965
 40
65.97927252126432
 40
65.97927252126432
 40
65.97927252126432
 40
69.74390012568954
 40
69.74390012568954
 40
69.74390012568954
 40
69.74390012568954
 10
150.7915802777778
 20
98.46458166666665
 30
0.0
 10
151.0079506481481
 20
98.07887796296295
 30
0.0
 10
151.2243210185185
 20
97.69317425925925
 30
0.0
 10
151.4406913888889
 20
97.30747055555554
 30
0.0
 10
150.1154228703704
 20
96.56546129629628
 30
0.0
 10
148.7901543518518
 20
95.82345203703703
 30
0.0
 10
147.4648858333333
 20
95.08144277777777
 30
0.0
 10
146.4771080555555
 20
94.52758166666663
 30
0.0
 10
146.5511913888889
 20
94.64399833333331
 30
0.0
 10
145.4540525
 20
94.0266372222222
 30
0.0
 10
144.3498580555555
 20
93.40574833333332
 30
0.0
 10
144.4909691666666
 20
93.41633166666665
 30
0.0
 10
143.4996636111111
 20
92.86247055555553
 30
0.0
 10
144.7273302777778
 20
90.67172055555555
 30
0.0
 10
145.6092747222222
 20
88.23755388888887
 30
0.0
 10
148.9077469444444
 20
82.66366499999998
 30
0.0
 10
152.1709413888889
 20
77.15680388888887
 30
0.0
 10
138.5396080555555
 20
67.37074833333332
 30
0.0
 10
132.4048025
 20
53.40074833333332
 30
0.0
 10
118.8475525
 20
22.50447055555555
 30
0.0
 10
106.5849969444444
 20
16.50724833333333
 30
0.0
 10
97.94194138888888
 20
20.23646222222221
 30
0.0
 10
91.27444138888886
 20
23.11512888888888
 30
0.0
 10
95.71238583333333
 20
12.5737761111111
 30
0.0
 10
117.2635802777778
 20
8.880192777777768
 30
0.0
 10
119.3908302777778
 20
8.516831666666656
 30
0.0
 10
121.3804969444444
 20
9.815053888888881
 30
0.0
 10
121.7403302777778
 20
11.9387761111111
 30
0.0
 10
121.7720802777778
 20
12.09082333333332
 30
0.0
 10
120.7807747222222
 20
12.29543444444444
 30
0.0
 10
119.5319413888889
 20
12.5102761111111
 30
0.0
 10
118.2901636111111
 20
12.72547055555555
 30
0.0
 10
118.3995247222222
 20
12.64080388888888
 30
0.0
 10
117.2812191666666
 20
12.83483166666666
 30
0.0
 10
117.4493765740741
 20
13.82025759259258
 30
0.0
 10
117.6175339814815
 20
14.80568351851851
 30
0.0
 10
117.7856913888889
 20
15.79110944444444
 30
0.0
 10
119.2814691666667
 20
15.53475759259258
 30
0.0
 10
120.7772469444444
 20
15.27840574074073
 30
0.0
 10
122.2730247222222
 20
15.02205388888888
 30
0.0
 10
123.3913302777778
 20
14.83508166666665
 30
0.0
 10
123.2608025
 20
14.78922055555554
 30
0.0
 10
124.5025802777778
 20
14.57755388888888
 30
0.0
 10
125.7514136111111
 20
14.36235944444443
 30
0.0
 10
126.0759691666667
 20
14.37294277777777
 30
0.0
 10
127.1978025
 20
14.17926777777776
 30
0.0
 10
127.3918302777778
 20
15.3042761111111
 30
0.0
 10
127.4341636111111
 20
15.16351777777777
 30
0.0
 10
127.6458302777778
 20
16.4123511111111
 30
0.0
 10
127.8610247222222
 20
17.6537761111111
 30
0.0
 10
127.7763580555555
 20
17.54476777777777
 30
0.0
 10
127.9703858333333
 20
18.66624833333332
 30
0.0
 10
128.1608858333333
 20
19.78455388888888
 30
0.0
 10
128.1996913888889
 20
19.65049833333332
 30
0.0
 10
128.4113580555556
 20
20.89615666666666
 30
0.0
 10
128.6265525
 20
22.14110944444444
 30
0.0
 10
128.5418858333333
 20
22.02857333333332
 30
0.0
 10
128.7323858333333
 20
23.15005388888887
 30
0.0
 10
128.9887376851852
 20
24.64465574074073
 30
0.0
 10
129.245089537037
 20
26.13925759259258
 30
0.0
 10
129.5014413888889
 20
27.63385944444443
 30
0.0
 10
129.9377099074074
 20
27.55871777777777
 30
0.0
 10
130.3739784259259
 20
27.4835761111111
 30
0.0
 10
130.8102469444444
 20
27.40843444444443
 30
0.0
  0
SPLINE
  5
2CA
330
1F
100
AcDbEntity
  8
DEFAULT
 62
     1
100
AcDbSpline
210
0.0
220
0.0
230
1.0
 70
     8
 71
     3
 72
   155
 73
   151
 74
     0
 42
0.000000001
 43
0.0000000001
 40
0.0
 40
0.0
 40
0.0
 40
0.0
 40
3.764967596142136
 40
3.764967596142136
 40
3.764967596142136
 40
16.66943817807613
 40
16.66943817807613
 40
16.66943817807613
 40
17.66943817807613
 40
17.66943817807613
 40
17.66943817807613
 40
18.66943817807613
 40
18.66943817807613
 40
18.66943817807613
 40
19.66943817807613
 40
19.66943817807613
 40
19.66943817807613
 40
20.66943817807613
 40
20.66943817807613
 40
20.66943817807613
 40
44.05375129606189
 40
44.05375129606189
 40
44.05375129606189
 40
46.90445296407277
 40
46.90445296407277
 40
46.90445296407277
 40
47.90445296407277
 40
47.90445296407277
 40
47.90445296407277
 40
48.90445296407277
 40
48.90445296407277
 40
48.90445296407277
 40
49.90445296407277
 40
49.90445296407277
 40
49.90445296407277
 40
50.90445296407277
 40
50.90445296407277
 40
50.90445296407277
 40
59.41276066889868
 40
59.41276066889868
 40
59.41276066889868
 40
72.30122450288606
 40
72.30122450288606
 40
72.30122450288606
 40
73.30122450288606
 40
73.30122450288606
 40
73.30122450288606
 40
74.30122450288606
 40
74.30122450288606
 40
74.30122450288606
 40
75.30122450288606
 40
75.30122450288606
 40
75.30122450288606
 40
76.30122450288606
 40
76.30122450288606
 40
76.30122450288606
 40
77.30122450288606
 40
77.30122450288606
 40
77.30122450288606
 40
78.30122450288606
 40
78.30122450288606
 40
78.30122450288606
 40
79.30122450288606
 40
79.30122450288606
 40
79.30122450288606
 40
80.30122450288606
 40
80.30122450288606
 40
80.30122450288606
 40
93.19986396602323
 40
93.19986396602323
 40
93.19986396602323
 40
101.7046449743738
 40
101.7046449743738
 40
101.7046449743738
 40
114.6204995725024
 40
114.6204995725024
 40
114.6204995725024
 40
115.6204995725024
 40
115.6204995725024
 40
115.6204995725024
 40
116.6204995725024
 40
116.6204995725024
 40
116.6204995725024
 40
117.6204995725024
 40
117.6204995725024
 40
117.6204995725024
 40
118.6204995725024
 40
118.6204995725024
 40
118.6204995725024
 40
119.6204995725024
 40
119.6204995725024
 40
119.6204995725024
 40
120.6204995725024
 40
120.6204995725024
 40
120.6204995725024
 40
144.0083532576954
 40
144.0083532576954
 40
144.0083532576954
 40
146.8552814267928
 40
146.8552814267928
 40
146.8552814267928
 40
147.8552814267928
 40
147.8552814267928
 40
147.8552814267928
 40
154.3173708721657
 40
154.3173708721657
 40
154.3173708721657
 40
155.3173708721657
 40
155.3173708721657
 40
155.3173708721657
 40
156.3173708721657
 40
156.3173708721657
 40
156.3173708721657
 40
157.3173708721657
 40
157.3173708721657
 40
157.3173708721657
 40
165.8208008271897
 40
165.8208008271897
 40
165.8208008271897
 40
178.7175601100484
 40
178.7175601100484
 40
178.7175601100484
 40
179.7175601100484
 40
179.7175601100484
 40
179.7175601100484
 40
180.7175601100484
 40
180.7175601100484
 40
180.7175601100484
 40
181.7175601100484
 40
181.7175601100484
 40
181.7175601100484
 40
182.7175601100484
 40
182.7175601100484
 40
182.7175601100484
 40
183.7175601100484
 40
183.7175601100484
 40
183.7175601100484
 40
184.7175601100484
 40
184.7175601100484
 40
184.7175601100484
 40
185.7175601100484
 40
185.7175601100484
 40
185.7175601100484
 40
186.7175601100484
 40
186.7175601100484
 40
186.7175601100484
 40
199.6148311779914
 40
199.6148311779914
 40
199.6148311779914
 40
203.3638043707469
 40
203.3638043707469
 40
203.3638043707469
 40
203.3638043707469
 10
131.1524766666666
 20
27.35181361111112
 30
0.0
 10
131.5887451851852
 20
27.27643675925927
 30
0.0
 10
132.0250137037037
 20
27.20105990740742
 30
0.0
 10
132.4612822222222
 20
27.12568305555556
 30
0.0
 10
132.2049303703703
 20
25.63002287037037
 30
0.0
 10
131.9485785185185
 20
24.13436268518519
 30
0.0
 10
131.6922266666666
 20
22.6387025
 30
0.0
 10
131.5017266666667
 20
21.52039694444444
 30
0.0
 10
131.4593933333333
 20
21.6544525
 30
0.0
 10
131.2477266666667
 20
20.41267472222222
 30
0.0
 10
131.0325322222222
 20
19.16384138888889
 30
0.0
 10
131.1171988888889
 20
19.28025805555556
 30
0.0
 10
130.9266988888889
 20
18.15807194444444
 30
0.0
 10
130.7326711111111
 20
17.03659138888889
 30
0.0
 10
130.6903377777778
 20
17.17064694444445
 30
0.0
 10
130.4751433333333
 20
15.92498861111111
 30
0.0
 10
130.2634766666667
 20
14.68003583333333
 30
0.0
 10
130.3481433333333
 20
14.7964525
 30
0.0
 10
130.1541155555556
 20
13.67109138888889
 30
0.0
 10
132.8646248148148
 20
13.20777657407407
 30
0.0
 10
135.5751340740741
 20
12.74446175925926
 30
0.0
 10
138.2856433333333
 20
12.28114694444445
 30
0.0
 10
138.2291988888889
 20
11.95071175925926
 30
0.0
 10
138.1727544444444
 20
11.62027657407408
 30
0.0
 10
138.11631
 20
11.28984138888889
 30
0.0
 10
137.4601433333333
 20
7.451619166666669
 30
0.0
 10
145.8985877777778
 20
7.793813611111113
 30
0.0
 10
151.4689488888889
 20
11.0817025
 30
0.0
 10
153.3280877777778
 20
12.17884138888889
 30
0.0
 10
154.0124766666667
 20
14.45778583333333
 30
0.0
 10
152.9153377777778
 20
16.31339694444445
 30
0.0
 10
152.8341988888889
 20
16.4474525
 30
0.0
 10
151.9451988888889
 20
15.96414694444444
 30
0.0
 10
150.8586433333333
 20
15.31856361111111
 30
0.0
 10
149.7720877777778
 20
14.67650805555556
 30
0.0
 10
149.9096711111111
 20
14.68709138888889
 30
0.0
 10
148.9289488888889
 20
14.10853583333333
 30
0.0
 10
148.4209488888889
 20
14.97048953703704
 30
0.0
 10
147.9129488888889
 20
15.83244324074074
 30
0.0
 10
147.4049488888889
 20
16.69439694444445
 30
0.0
 10
148.7102266666667
 20
17.46462842592593
 30
0.0
 10
150.0155044444444
 20
18.23485990740741
 30
0.0
 10
151.3207822222222
 20
19.00509138888889
 30
0.0
 10
152.2979766666666
 20
19.58717472222222
 30
0.0
 10
152.6154766666667
 20
19.69653583333333
 30
0.0
 10
153.7020322222222
 20
20.33859138888889
 30
0.0
 10
154.7885877777778
 20
20.98029416666667
 30
0.0
 10
154.6474766666667
 20
20.97359138888889
 30
0.0
 10
155.6246711111111
 20
21.54861916666666
 30
0.0
 10
155.0425877777778
 20
22.52934138888889
 30
0.0
 10
155.16606
 20
22.4513775
 30
0.0
 10
154.5204766666667
 20
23.53793305555555
 30
0.0
 10
153.8784211111111
 20
24.62484138888889
 30
0.0
 10
153.8854766666666
 20
24.48725805555555
 30
0.0
 10
153.3104488888889
 20
25.46798027777778
 30
0.0
 10
152.7283655555555
 20
26.44517472222222
 30
0.0
 10
152.84831
 20
26.37109138888889
 30
0.0
 10
152.2062544444444
 20
27.45764694444444
 30
0.0
 10
151.5641988888889
 20
28.54067472222222
 30
0.0
 10
151.5747822222222
 20
28.40273861111111
 30
0.0
 10
150.9926988888889
 20
29.38381361111111
 30
0.0
 10
150.4176711111111
 20
30.36100805555555
 30
0.0
 10
150.5376155555555
 20
30.28692472222222
 30
0.0
 10
149.8920322222222
 20
31.3731275
 30
0.0
 10
149.2499766666667
 20
32.45968305555555
 30
0.0
 10
149.2570322222222
 20
32.31892472222222
 30
0.0
 10
148.6820044444444
 20
33.30317472222222
 30
0.0
 10
147.9094211111111
 20
34.6084525
 30
0.0
 10
147.1368377777777
 20
35.91373027777778
 30
0.0
 10
146.3642544444444
 20
37.21900805555556
 30
0.0
 10
147.2250322222222
 20
37.72818398148149
 30
0.0
 10
148.08581
 20
38.23735990740741
 30
0.0
 10
148.9465877777778
 20
38.74653583333333
 30
0.0
 10
149.7191711111111
 20
37.4389062037037
 30
0.0
 10
150.4917544444445
 20
36.13127657407407
 30
0.0
 10
151.2643377777778
 20
34.82364694444445
 30
0.0
 10
151.8393655555555
 20
33.8464525
 30
0.0
 10
151.7229488888889
 20
33.92053583333333
 30
0.0
 10
152.3650044444444
 20
32.83398027777778
 30
0.0
 10
153.00706
 20
31.74389694444444
 30
0.0
 10
153.0000044444444
 20
31.88818305555555
 30
0.0
 10
153.5750322222222
 20
30.91134138888889
 30
0.0
 10
154.1571155555555
 20
29.92709138888889
 30
0.0
 10
154.0336433333333
 20
30.0047025
 30
0.0
 10
154.6756988888889
 20
28.91779416666666
 30
0.0
 10
155.3212822222222
 20
27.82453583333334
 30
0.0
 10
155.3106988888889
 20
27.9727025
 30
0.0
 10
155.8927822222222
 20
26.9916275
 30
0.0
 10
156.46781
 20
26.01125805555555
 30
0.0
 10
156.3513933333333
 20
26.08886916666667
 30
0.0
 10
156.9934488888889
 20
25.00231361111111
 30
0.0
 10
157.6390322222222
 20
23.9087025
 30
0.0
 10
157.6249211111111
 20
24.05298861111111
 30
0.0
 10
158.2034766666667
 20
23.07614694444444
 30
0.0
 10
160.5717914814815
 20
24.47432287037037
 30
0.0
 10
162.9401062962963
 20
25.87249879629629
 30
0.0
 10
165.3084211111111
 20
27.27067472222222
 30
0.0
 10
165.4789303703704
 20
26.98257287037037
 30
0.0
 10
165.6494396296296
 20
26.69447101851852
 30
0.0
 10
165.8199488888889
 20
26.40636916666666
 30
0.0
 10
167.80256
 20
23.0514525
 30
0.0
 10
172.59681
 20
24.80828583333334
 30
0.0
 10
176.1810322222222
 20
30.81609138888889
 30
0.0
 10
176.5702637037037
 20
31.46873027777778
 30
0.0
 10
176.9594951851851
 20
32.12136916666666
 30
0.0
 10
177.3487266666666
 20
32.77400805555556
 30
0.0
 10
178.4529211111111
 20
34.62609138888889
 30
0.0
 10
177.9555044444444
 20
36.95442472222222
 30
0.0
 10
176.1034211111111
 20
38.05509138888889
 30
0.0
 10
175.9658377777778
 20
38.13623027777778
 30
0.0
 10
175.42256
 20
37.28603583333333
 30
0.0
 10
174.7734488888889
 20
36.19948027777777
 30
0.0
 10
174.1278655555555
 20
35.11292472222222
 30
0.0
 10
174.2442822222222
 20
35.19053583333333
 30
0.0
 10
173.6621988888889
 20
34.20946083333333
 30
0.0
 10
172.8037729629629
 20
34.72228212962963
 30
0.0
 10
171.945347037037
 20
35.23510342592593
 30
0.0
 10
171.0869211111111
 20
35.74792472222222
 30
0.0
 10
171.8630322222222
 20
37.05085064814815
 30
0.0
 10
172.6391433333333
 20
38.35377657407407
 30
0.0
 10
173.4152544444444
 20
39.65670249999999
 30
0.0
 10
173.9973377777778
 20
40.63354416666667
 30
0.0
 10
173.9867544444444
 20
40.49631361111111
 30
0.0
 10
174.6323377777778
 20
41.57581361111111
 30
0.0
 10
175.2779211111111
 20
42.66589694444444
 30
0.0
 10
175.39081
 20
42.97634138888888
 30
0.0
 10
175.9728933333333
 20
43.95000805555555
 30
0.0
 10
174.9992266666667
 20
44.53209138888889
 30
0.0
 10
175.13681
 20
44.52150805555556
 30
0.0
 10
174.0537822222222
 20
45.17061916666666
 30
0.0
 10
172.9672266666666
 20
45.81267472222223
 30
0.0
 10
173.0448377777778
 20
45.69625805555555
 30
0.0
 10
172.0641155555556
 20
46.27798861111111
 30
0.0
 10
171.0904488888889
 20
46.86042472222221
 30
0.0
 10
171.2280322222222
 20
46.84631361111111
 30
0.0
 10
170.1450044444444
 20
47.49542472222222
 30
0.0
 10
169.0584488888889
 20
48.14100805555555
 30
0.0
 10
169.13606
 20
48.02459138888889
 30
0.0
 10
168.1553377777778
 20
48.60667472222222
 30
0.0
 10
167.1781433333333
 20
49.19228583333333
 30
0.0
 10
167.3227822222222
 20
49.17817472222222
 30
0.0
 10
166.2362266666667
 20
49.82375805555556
 30
0.0
 10
165.1531988888889
 20
50.47286916666666
 30
0.0
 10
165.2237544444444
 20
50.35292472222223
 30
0.0
 10
164.2500877777778
 20
50.93818305555556
 30
0.0
 10
162.9471618518518
 20
51.71441175925926
 30
0.0
 10
161.6442359259259
 20
52.49064046296296
 30
0.0
 10
160.34131
 20
53.26686916666667
 30
0.0
 10
160.5670877777777
 20
53.64551731481481
 30
0.0
 10
160.7928655555555
 20
54.02416546296297
 30
0.0
 10
161.0186433333333
 20
54.40281361111111
 30
0.0
  0
SPLINE
  5
2CB
330
1F
100
AcDbEntity
  8
DEFAULT
 62
     1
100
AcDbSpline
210
0.0
220
0.0
230
1.0
 70
     8
 71
     3
 72
   191
 73
   187
 74
     0
 42
0.000000001
 43
0.0000000001
 40
0.0
 40
0.0
 40
0.0
 40
0.0
 40
3.760850967533747
 40
3.760850967533747
 40
3.760850967533747
 40
16.66835653600063
 40
16.66835653600063
 40
16.66835653600063
 40
17.66835653600063
 40
17.66835653600063
 40
17.66835653600063
 40
18.66835653600063
 40
18.66835653600063
 40
18.66835653600063
 40
19.66835653600063
 40
19.66835653600063
 40
19.66835653600063
 40
20.66835653600063
 40
20.66835653600063
 40
20.66835653600063
 40
21.66835653600063
 40
21.66835653600063
 40
21.66835653600063
 40
22.66835653600063
 40
22.66835653600063
 40
22.66835653600063
 40
23.66835653600063
 40
23.66835653600063
 40
23.66835653600063
 40
24.66835653600063
 40
24.66835653600063
 40
24.66835653600063
 40
25.66835653600063
 40
25.66835653600063
 40
25.66835653600063
 40
26.66835653600063
 40
26.66835653600063
 40
26.66835653600063
 40
39.57051527010398
 40
39.57051527010398
 40
39.57051527010398
 40
48.08258317396844
 40
48.08258317396844
 40
48.08258317396844
 40
60.97075216727389
 40
60.97075216727389
 40
60.97075216727389
 40
61.97075216727389
 40
61.97075216727389
 40
61.97075216727389
 40
62.97075216727389
 40
62.97075216727389
 40
62.97075216727389
 40
63.97075216727389
 40
63.97075216727389
 40
63.97075216727389
 40
64.97075216727389
 40
64.97075216727389
 40
64.97075216727389
 40
65.97075216727389
 40
65.97075216727389
 40
65.97075216727389
 40
66.97075216727389
 40
66.97075216727389
 40
66.97075216727389
 40
79.8669531582635
 40
79.8669531582635
 40
79.8669531582635
 40
88.36710021581486
 40
88.36710021581486
 40
88.36710021581486
 40
89.36710021581486
 40
89.36710021581486
 40
89.36710021581486
 40
90.36710021581486
 40
90.36710021581486
 40
90.36710021581486
 40
91.36710021581486
 40
91.36710021581486
 40
91.36710021581486
 40
92.36710021581486
 40
92.36710021581486
 40
92.36710021581486
 40
95.2212375635962
 40
95.2212375635962
 40
95.2212375635962
 40
118.6000057090738
 40
118.6000057090738
 40
118.6000057090738
 40
119.6000057090738
 40
119.6000057090738
 40
119.6000057090738
 40
120.6000057090738
 40
120.6000057090738
 40
120.6000057090738
 40
121.6000057090738
 40
121.6000057090738
 40
121.6000057090738
 40
122.6000057090738
 40
122.6000057090738
 40
122.6000057090738
 40
123.6000057090738
 40
123.6000057090738
 40
123.6000057090738
 40
124.6000057090738
 40
124.6000057090738
 40
124.6000057090738
 40
137.4896798709757
 40
137.4896798709757
 40
137.4896798709757
 40
145.9895210459624
 40
145.9895210459624
 40
145.9895210459624
 40
158.8774456267474
 40
158.8774456267474
 40
158.8774456267474
 40
159.8774456267474
 40
159.8774456267474
 40
159.8774456267474
 40
160.8774456267474
 40
160.8774456267474
 40
160.8774456267474
 40
161.8774456267474
 40
161.8774456267474
 40
161.8774456267474
 40
162.8774456267474
 40
162.8774456267474
 40
162.8774456267474
 40
163.8774456267474
 40
163.8774456267474
 40
163.8774456267474
 40
164.8774456267474
 40
164.8774456267474
 40
164.8774456267474
 40
165.8774456267474
 40
165.8774456267474
 40
165.8774456267474
 40
166.8774456267474
 40
166.8774456267474
 40
166.8774456267474
 40
179.7734760237339
 40
179.7734760237339
 40
179.7734760237339
 40
188.2733171987207
 40
188.2733171987207
 40
188.2733171987207
 40
189.2733171987207
 40
189.2733171987207
 40
189.2733171987207
 40
190.2733171987207
 40
190.2733171987207
 40
190.2733171987207
 40
191.2733171987207
 40
191.2733171987207
 40
191.2733171987207
 40
192.2733171987207
 40
192.2733171987207
 40
192.2733171987207
 40
195.0979410674861
 40
195.0979410674861
 40
195.0979410674861
 40
218.4527093172462
 40
218.4527093172462
 40
218.4527093172462
 40
219.4527093172462
 40
219.4527093172462
 40
219.4527093172462
 40
220.4527093172462
 40
220.4527093172462
 40
220.4527093172462
 40
221.4527093172462
 40
221.4527093172462
 40
221.4527093172462
 40
222.4527093172462
 40
222.4527093172462
 40
222.4527093172462
 40
223.4527093172462
 40
223.4527093172462
 40
223.4527093172462
 40
224.4527093172462
 40
224.4527093172462
 40
224.4527093172462
 40
237.3580609203603
 40
237.3580609203603
 40
237.3580609203603
 40
241.1156266217154
 40
241.1156266217154
 40
241.1156266217154
 40
241.1156266217154
 10
150.6222822222222
 20
98.76811166666668
 30
0.0
 10
150.4059118518519
 20
99.1538153703704
 30
0.0
 10
150.1895414814815
 20
99.53951907407408
 30
0.0
 10
149.9731711111112
 20
99.92522277777778
 30
0.0
 10
148.6490785185185
 20
99.18321351851853
 30
0.0
 10
147.3249859259259
 20
98.44120425925927
 30
0.0
 10
146.0008933333333
 20
97.699195
 30
0.0
 10
145.0095877777778
 20
97.14533388888887
 30
0.0
 10
145.1506988888889
 20
97.14886166666666
 30
0.0
 10
144.0500322222222
 20
96.53502833333333
 30
0.0
 10
142.9458377777778
 20
95.91766722222222
 30
0.0
 10
143.0234488888889
 20
96.03408388888889
 30
0.0
 10
142.0356711111111
 20
95.48022277777777
 30
0.0
 10
140.9808655555555
 20
97.35700055555554
 30
0.0
 10
141.0584766666666
 20
100.8812505555556
 30
0.0
 10
142.9387822222222
 20
101.9395838888889
 30
0.0
 10
143.9300877777778
 20
102.493445
 30
0.0
 10
145.9197544444444
 20
103.6011672222222
 30
0.0
 10
146.9075322222222
 20
104.1585561111111
 30
0.0
 10
156.56306
 20
109.5560561111111
 30
0.0
 10
170.0215322222222
 20
109.4678616666666
 30
0.0
 10
172.3498655555555
 20
106.335195
 30
0.0
 10
172.5932822222222
 20
106.0071116666666
 30
0.0
 10
174.9427822222222
 20
102.8391672222222
 30
0.0
 10
174.9427822222222
 20
102.8391672222222
 30
0.0
 10
174.0290877777778
 20
102.1653616666667
 30
0.0
 10
174.1666711111111
 20
102.1865283333333
 30
0.0
 10
173.1506711111111
 20
101.4351116666667
 30
0.0
 10
172.1381988888889
 20
100.683695
 30
0.0
 10
172.2016988888889
 20
100.8071672222222
 30
0.0
 10
171.2844766666666
 20
100.1333616666667
 30
0.0
 10
170.3707822222222
 20
99.45602833333332
 30
0.0
 10
170.5154211111111
 20
99.477195
 30
0.0
 10
169.4994211111111
 20
98.72577833333332
 30
0.0
 10
168.4834211111111
 20
97.97083388888888
 30
0.0
 10
168.5469211111111
 20
98.09783388888889
 30
0.0
 10
167.6332266666666
 20
97.42050055555555
 30
0.0
 10
166.4149674074074
 20
96.5162135185185
 30
0.0
 10
165.1967081481481
 20
95.61192648148146
 30
0.0
 10
163.9784488888889
 20
94.70763944444444
 30
0.0
 10
164.5758192592592
 20
93.90448203703704
 30
0.0
 10
165.1731896296296
 20
93.10132462962963
 30
0.0
 10
165.77056
 20
92.29816722222222
 30
0.0
 10
166.9876433333333
 20
93.20127833333333
 30
0.0
 10
168.2047266666667
 20
94.10438944444444
 30
0.0
 10
169.42181
 20
95.00750055555554
 30
0.0
 10
170.3355044444444
 20
95.68483388888887
 30
0.0
 10
170.1979211111111
 20
95.66719499999998
 30
0.0
 10
171.2103933333333
 20
96.41508388888887
 30
0.0
 10
172.2263933333333
 20
97.17002833333333
 30
0.0
 10
172.1628933333333
 20
97.04302833333333
 30
0.0
 10
173.07306
 20
97.72036166666665
 30
0.0
 10
173.9902822222222
 20
98.40122277777776
 30
0.0
 10
173.8491711111111
 20
98.37652833333333
 30
0.0
 10
174.8616433333333
 20
99.13147277777776
 30
0.0
 10
175.8811711111111
 20
99.88288944444444
 30
0.0
 10
175.8211988888889
 20
99.74530611111109
 30
0.0
 10
176.7348933333333
 20
100.4261672222222
 30
0.0
 10
177.4122266666666
 20
99.51247277777777
 30
0.0
 10
177.6556433333333
 20
99.29022277777777
 30
0.0
 10
178.4105877777777
 20
98.27775055555556
 30
0.0
 10
179.1620044444444
 20
97.26527833333333
 30
0.0
 10
179.0350044444444
 20
97.32525055555556
 30
0.0
 10
179.7123377777777
 20
96.4115561111111
 30
0.0
 10
180.6154488888889
 20
95.19329685185183
 30
0.0
 10
181.51856
 20
93.97503759259257
 30
0.0
 10
182.4216711111111
 20
92.75677833333332
 30
0.0
 10
183.2248285185185
 20
93.35179685185183
 30
0.0
 10
184.0279859259259
 20
93.94681537037036
 30
0.0
 10
184.8311433333333
 20
94.54183388888887
 30
0.0
 10
184.15381
 20
95.45905611111111
 30
0.0
 10
184.1820322222222
 20
95.32147277777777
 30
0.0
 10
183.4270877777778
 20
96.333945
 30
0.0
 10
182.6686155555555
 20
97.34994499999999
 30
0.0
 10
182.1006433333333
 20
98.18250055555554
 30
0.0
 10
182.2276433333333
 20
98.27422277777778
 30
0.0
 10
183.8715877777778
 20
99.50188944444443
 30
0.0
 10
186.3375044444444
 20
99.0609172222222
 30
0.0
 10
187.5757544444444
 20
97.38875055555553
 30
0.0
 10
190.9730044444444
 20
92.81322277777777
 30
0.0
 10
192.4476155555555
 20
83.31644499999999
 30
0.0
 10
188.6093933333333
 20
83.99377833333332
 30
0.0
 10
188.2789581481481
 20
84.05257462962962
 30
0.0
 10
187.9485229629629
 20
84.11137092592593
 30
0.0
 10
187.6180877777777
 20
84.17016722222222
 30
0.0
 10
187.13831
 20
81.46318574074074
 30
0.0
 10
186.6585322222222
 20
78.75620425925925
 30
0.0
 10
186.1787544444445
 20
76.04922277777777
 30
0.0
 10
185.0604488888889
 20
76.25030611111112
 30
0.0
 10
185.1733377777778
 20
76.16563944444444
 30
0.0
 10
183.9245044444444
 20
76.38436166666666
 30
0.0
 10
182.6862544444444
 20
76.60661166666667
 30
0.0
 10
182.8167822222222
 20
76.6454172222222
 30
0.0
 10
181.7020044444444
 20
76.84650055555555
 30
0.0
 10
180.5801711111111
 20
77.0440561111111
 30
0.0
 10
180.69306
 20
76.95938944444444
 30
0.0
 10
179.4442266666667
 20
77.17811166666667
 30
0.0
 10
178.2059766666667
 20
77.40036166666667
 30
0.0
 10
178.3400322222222
 20
77.442695
 30
0.0
 10
177.2217266666667
 20
77.64025055555555
 30
0.0
 10
176.0998933333333
 20
77.8378061111111
 30
0.0
 10
176.21631
 20
77.74961166666667
 30
0.0
 10
174.9674766666666
 20
77.97538944444443
 30
0.0
 10
173.7292266666666
 20
78.19411166666666
 30
0.0
 10
173.8597544444444
 20
78.236445
 30
0.0
 10
172.7379211111111
 20
78.43047277777777
 30
0.0
 10
171.2456711111111
 20
78.69623203703703
 30
0.0
 10
169.7534211111111
 20
78.96199129629629
 30
0.0
 10
168.2611711111111
 20
79.22775055555556
 30
0.0
 10
168.087134074074
 20
78.24350055555556
 30
0.0
 10
167.913097037037
 20
77.25925055555557
 30
0.0
 10
167.73906
 20
76.27500055555555
 30
0.0
 10
169.23131
 20
76.01041722222222
 30
0.0
 10
170.72356
 20
75.74583388888888
 30
0.0
 10
172.21581
 20
75.48125055555555
 30
0.0
 10
173.3376433333333
 20
75.28016722222222
 30
0.0
 10
173.2247544444444
 20
75.36483388888888
 30
0.0
 10
174.4665322222222
 20
75.14611166666667
 30
0.0
 10
175.7153655555555
 20
74.92386166666665
 30
0.0
 10
175.5742544444444
 20
74.88858388888889
 30
0.0
 10
176.6960877777778
 20
74.68750055555556
 30
0.0
 10
177.8179211111111
 20
74.48994499999999
 30
0.0
 10
177.7015044444444
 20
74.57461166666667
 30
0.0
 10
178.94681
 20
74.35236166666667
 30
0.0
 10
180.1956433333333
 20
74.13363944444444
 30
0.0
 10
180.0545322222222
 20
74.09130611111111
 30
0.0
 10
181.1763655555555
 20
73.89375055555556
 30
0.0
 10
182.2946711111111
 20
73.69266722222223
 30
0.0
 10
182.18531
 20
73.78086166666667
 30
0.0
 10
183.4270877777778
 20
73.55861166666666
 30
0.0
 10
184.6723933333333
 20
73.33636166666666
 30
0.0
 10
184.53481
 20
73.2975561111111
 30
0.0
 10
185.6531155555556
 20
73.09647277777778
 30
0.0
 10
185.45556
 20
71.97463944444443
 30
0.0
 10
185.5437544444444
 20
72.09458388888888
 30
0.0
 10
185.3179766666667
 20
70.84575055555554
 30
0.0
 10
185.1027822222222
 20
69.60397277777777
 30
0.0
 10
184.97931
 20
69.29352833333333
 30
0.0
 10
184.7817544444444
 20
68.17522277777778
 30
0.0
 10
184.518347037037
 20
66.68179685185184
 30
0.0
 10
184.2549396296296
 20
65.18837092592592
 30
0.0
 10
183.9915322222222
 20
63.69494499999999
 30
0.0
 10
184.9757822222222
 20
63.52090796296295
 30
0.0
 10
185.9600322222222
 20
63.34687092592592
 30
0.0
 10
186.9442822222222
 20
63.17283388888888
 30
0.0
 10
187.1453655555555
 20
64.28761166666666
 30
0.0
 10
187.0642266666667
 20
64.17825055555555
 30
0.0
 10
187.2864766666667
 20
65.42002833333332
 30
0.0
 10
187.5016711111111
 20
66.66533388888888
 30
0.0
 10
187.7133377777778
 20
67.65311166666666
 30
0.0
 10
187.86856
 20
67.62488944444443
 30
0.0
 10
189.9887544444444
 20
67.25094499999999
 30
0.0
 10
191.2763933333333
 20
65.24716722222222
 30
0.0
 10
190.8989211111111
 20
63.13050055555556
 30
0.0
 10
189.3078933333333
 20
54.16641722222221
 30
0.0
 10
183.8080877777778
 20
52.36725055555555
 30
0.0
 10
182.5874766666666
 20
53.09397277777777
 30
0.0
 10
182.3017266666667
 20
53.2633061111111
 30
0.0
 10
182.0159766666667
 20
53.43263944444444
 30
0.0
 10
181.7302266666667
 20
53.60197277777777
 30
0.0
 10
180.3238192592592
 20
51.24306537037037
 30
0.0
 10
178.9174118518518
 20
48.88415796296297
 30
0.0
 10
177.5110044444444
 20
46.52525055555555
 30
0.0
 10
176.5302822222222
 20
47.11086166666666
 30
0.0
 10
176.6114211111111
 20
46.98738944444444
 30
0.0
 10
175.5213377777777
 20
47.63650055555555
 30
0.0
 10
174.43831
 20
48.28208388888888
 30
0.0
 10
174.5758933333333
 20
48.27150055555555
 30
0.0
 10
173.6022266666666
 20
48.85711166666667
 30
0.0
 10
172.6250322222222
 20
49.43566722222221
 30
0.0
 10
172.7026433333333
 20
49.31572277777777
 30
0.0
 10
171.6160877777778
 20
49.96483388888888
 30
0.0
 10
170.5295322222222
 20
50.61041722222222
 30
0.0
 10
170.6706433333333
 20
50.60336166666666
 30
0.0
 10
169.6934488888889
 20
51.18191722222222
 30
0.0
 10
168.7162544444444
 20
51.76400055555555
 30
0.0
 10
168.7973933333333
 20
51.64758388888889
 30
0.0
 10
167.70731
 20
52.29316722222222
 30
0.0
 10
166.6207544444444
 20
52.94227833333333
 30
0.0
 10
166.7618655555555
 20
52.93169499999999
 30
0.0
 10
165.7881988888889
 20
53.51377833333333
 30
0.0
 10
164.484097037037
 20
54.28988944444444
 30
0.0
 10
163.1799951851852
 20
55.06600055555555
 30
0.0
 10
161.8758933333333
 20
55.84211166666666
 30
0.0
 10
161.6501155555555
 20
55.46228759259259
 30
0.0
 10
161.4243377777778
 20
55.08246351851852
 30
0.0
 10
161.19856
 20
54.70263944444444
 30
0.0
  0
POLYLINE
  5
2CC
330
1F
100
AcDbEntity
  8
DEFAULT
 62
     7
100
AcDb2dPolyline
 66
     1
 10
0.0
 20
0.0
 30
0.0
  0
VERTEX
  5
2CD
330
2CC
100
AcDbEntity
  8
DEFAULT
 62
     7
100
AcDbVertex
100
AcDb2dVertex
 10
172.380275
 20
188.0923622222222
 30
0.0
  0
VERTEX
  5
2CE
330
2CC
100
AcDbEntity
  8
DEFAULT
 62
     7
100
AcDbVertex
100
AcDb2dVertex
 10
172.4832861111111
 20
190.5903816666667
 30
0.0
  0
SEQEND
  5
2CF
330
2CC
100
AcDbEntity
  8
DEFAULT
 62
     7
  0
POLYLINE
  5
2D0
330
1F
100
AcDbEntity
  8
DEFAULT
 62
     7
100
AcDb2dPolyline
 66
     1
 10
0.0
 20
0.0
 30
0.0
  0
VERTEX
  5
2D1
330
2D0
100
AcDbEntity
  8
DEFAULT
 62
     7
100
AcDbVertex
100
AcDb2dVertex
 10
168.9184666666666
 20
188.4897663888889
 30
0.0
  0
VERTEX
  5
2D2
330
2D0
100
AcDbEntity
  8
DEFAULT
 62
     7
100
AcDbVertex
100
AcDb2dVertex
 10
168.9996055555555
 20
190.4572080555555
 30
0.0
  0
VERTEX
  5
2D3
330
2D0
100
AcDbEntity
  8
DEFAULT
 62
     7
100
AcDbVertex
100
AcDb2dVertex
 10
171.3914388888889
 20
188.3878136111111
 30
0.0
  0
VERTEX
  5
2D4
330
2D0
100
AcDbEntity
  8
DEFAULT
 62
     7
100
AcDbVertex
100
AcDb2dVertex
 10
171.4732833333333
 20
190.3771275
 30
0.0
  0
SEQEND
  5
2D5
330
2D0
100
AcDbEntity
  8
DEFAULT
 62
     7
  0
POLYLINE
  5
2D6
330
1F
100
AcDbEntity
  8
DEFAULT
 62
     7
100
AcDb2dPolyline
 66
     1
 10
0.0
 20
0.0
 30
0.0
  0
VERTEX
  5
2D7
330
2D6
100
AcDbEntity
  8
DEFAULT
 62
     7
100
AcDbVertex
100
AcDb2dVertex
 10
143.0770005555555
 20
167.1906316666667
 30
0.0
  0
VERTEX
  5
2D8
330
2D6
100
AcDbEntity
  8
DEFAULT
 62
     7
100
AcDbVertex
100
AcDb2dVertex
 10
145.5767838888889
 20
167.1648788888889
 30
0.0
  0
SEQEND
  5
2D9
330
2D6
100
AcDbEntity
  8
DEFAULT
 62
     7
  0
SPLINE
  5
2DA
330
1F
100
AcDbEntity
  8
DEFAULT
 62
     7
100
AcDbSpline
210
0.0
220
0.0
230
1.0
 70
    11
 71
     3
 72
    23
 73
    19
 74
     0
 42
0.000000001
 43
0.0000000001
 40
0.0
 40
0.0
 40
0.0
 40
0.0
 40
1.002210135769212
 40
1.002210135769212
 40
1.002210135769212
 40
2.004420271538425
 40
2.004420271538425
 40
2.004420271538425
 40
3.006630407307637
 40
3.006630407307637
 40
3.006630407307637
 40
4.008840543076849
 40
4.008840543076849
 40
4.008840543076849
 40
5.011050678846061
 40
5.011050678846061
 40
5.011050678846061
 40
9.06921782570408
 40
9.06921782570408
 40
9.06921782570408
 40
9.06921782570408
 10
143.8264769444444
 20
169.5648261111111
 30
0.0
 10
143.9421880555555
 20
169.7426261111111
 30
0.0
 10
144.1365686111111
 20
169.8565733333333
 30
0.0
 10
144.4060908333333
 20
169.8537511111111
 30
0.0
 10
144.8202519444444
 20
169.8495177777778
 30
0.0
 10
145.1102352777777
 20
169.5150844444444
 30
0.0
 10
145.1017686111111
 20
169.0282511111111
 30
0.0
 10
145.0957713888889
 20
168.4549872222222
 30
0.0
 10
144.7165352777778
 20
168.1738233333333
 30
0.0
 10
144.3440019444444
 20
168.1777038888889
 30
0.0
 10
144.1019963888889
 20
168.1801733333333
 30
0.0
 10
143.9372491666666
 20
168.27119
 30
0.0
 10
143.8151880555556
 20
168.4846205555556
 30
0.0
 10
143.8247130555555
 20
168.6133844444444
 30
0.0
 10
143.8412936111111
 20
170.9932233333333
 30
0.0
 10
143.8412936111111
 20
170.9932233333333
 30
0.0
 10
143.8363547222222
 20
170.5170909259259
 30
0.0
 10
143.8314158333333
 20
170.0409585185185
 30
0.0
 10
143.8264769444444
 20
169.5648261111111
 30
0.0
  0
POLYLINE
  5
2DB
330
1F
100
AcDbEntity
  8
DEFAULT
 62
     7
100
AcDb2dPolyline
 66
     1
 10
0.0
 20
0.0
 30
0.0
  0
VERTEX
  5
2DC
330
2DB
100
AcDbEntity
  8
DEFAULT
 62
     7
100
AcDbVertex
100
AcDb2dVertex
 10
157.1188613888889
 20
191.1099175
 30
0.0
  0
VERTEX
  5
2DD
330
2DB
100
AcDbEntity
  8
DEFAULT
 62
     7
100
AcDbVertex
100
AcDb2dVertex
 10
158.9399002777778
 20
189.3968286111111
 30
0.0
  0
SEQEND
  5
2DE
330
2DB
100
AcDbEntity
  8
DEFAULT
 62
     7
  0
SPLINE
  5
2DF
330
1F
100
AcDbEntity
  8
DEFAULT
 62
     7
100
AcDbSpline
210
0.0
220
0.0
230
1.0
 70
     8
 71
     3
 72
    17
 73
    13
 74
     0
 42
0.000000001
 43
0.0000000001
 40
0.0
 40
0.0
 40
0.0
 40
0.0
 40
1.0
 40
1.0
 40
1.0
 40
2.0
 40
2.0
 40
2.0
 40
3.0
 40
3.0
 40
3.0
 40
4.0
 40
4.0
 40
4.0
 40
4.0
 10
159.325945
 20
190.5561269444444
 30
0.0
 10
159.2285783333333
 20
190.5836436111111
 30
0.0
 10
159.0409005555556
 20
190.6743075
 30
0.0
 10
158.8563977777778
 20
190.8482269444444
 30
0.0
 10
158.4422366666667
 20
191.2380463888888
 30
0.0
 10
158.4365922222222
 20
191.7728575
 30
0.0
 10
158.8320561111111
 20
192.1930158333333
 30
0.0
 10
159.2299894444444
 20
192.6159963888889
 30
0.0
 10
159.8081922222222
 20
192.6502158333333
 30
0.0
 10
160.2565727777778
 20
192.2279408333333
 30
0.0
 10
160.4043866666667
 20
192.0892991666666
 30
0.0
 10
160.4999894444444
 20
191.9294908333333
 30
0.0
 10
160.5363255555555
 20
191.8310658333333
 30
0.0
  0
POLYLINE
  5
2E0
330
1F
100
AcDbEntity
  8
DEFAULT
 62
     7
100
AcDb2dPolyline
 66
     1
 10
0.0
 20
0.0
 30
0.0
  0
VERTEX
  5
2E1
330
2E0
100
AcDbEntity
  8
DEFAULT
 62
     7
100
AcDbVertex
100
AcDb2dVertex
 10
147.5203072222222
 20
139.6169561111111
 30
0.0
  0
VERTEX
  5
2E2
330
2E0
100
AcDbEntity
  8
DEFAULT
 62
     7
100
AcDbVertex
100
AcDb2dVertex
 10
149.6443822222222
 20
140.9356394444444
 30
0.0
  0
SEQEND
  5
2E3
330
2E0
100
AcDbEntity
  8
DEFAULT
 62
     7
  0
SPLINE
  5
2E4
330
1F
100
AcDbEntity
  8
DEFAULT
 62
     7
100
AcDbSpline
210
0.0
220
0.0
230
1.0
 70
     8
 71
     3
 72
    23
 73
    19
 74
     0
 42
0.000000001
 43
0.0000000001
 40
0.0
 40
0.0
 40
0.0
 40
0.0
 40
1.0
 40
1.0
 40
1.0
 40
2.0
 40
2.0
 40
2.0
 40
3.0
 40
3.0
 40
3.0
 40
4.0
 40
4.0
 40
4.0
 40
5.0
 40
5.0
 40
5.0
 40
6.0
 40
6.0
 40
6.0
 40
6.0
 10
146.7522041666666
 20
142.1000177777778
 30
0.0
 10
146.6664791666666
 20
142.2379538888889
 30
0.0
 10
146.8612125
 20
142.5494566666667
 30
0.0
 10
147.0633541666666
 20
142.6746927777778
 30
0.0
 10
147.4856291666667
 20
142.9371594444444
 30
0.0
 10
147.7223430555555
 20
142.7773511111111
 30
0.0
 10
147.9216625
 20
142.4563233333333
 30
0.0
 10
147.9216625
 20
142.4563233333333
 30
0.0
 10
148.3125402777778
 20
141.7909844444444
 30
0.0
 10
148.4000291666667
 20
141.6943233333333
 30
0.0
 10
148.5009236111111
 20
141.5316927777778
 30
0.0
 10
148.1460291666667
 20
141.1824427777778
 30
0.0
 10
147.9604680555555
 20
141.0670844444444
 30
0.0
 10
147.6969430555556
 20
140.9037483333333
 30
0.0
 10
147.4475291666666
 20
141.0057011111111
 30
0.0
 10
147.3307597222222
 20
141.1937316666667
 30
0.0
 10
147.1353208333333
 20
141.5084094444444
 30
0.0
 10
147.0721736111111
 20
141.8590705555555
 30
0.0
 10
148.0225569444444
 20
142.2936927777777
 30
0.0
  0
POLYLINE
  5
2E5
330
1F
100
AcDbEntity
  8
DEFAULT
 62
     7
100
AcDb2dPolyline
 66
     1
 10
0.0
 20
0.0
 30
0.0
  0
VERTEX
  5
2E6
330
2E5
100
AcDbEntity
  8
DEFAULT
 62
     7
100
AcDbVertex
100
AcDb2dVertex
 10
177.2223616666666
 20
126.0536030555555
 30
0.0
  0
VERTEX
  5
2E7
330
2E5
100
AcDbEntity
  8
DEFAULT
 62
     7
100
AcDbVertex
100
AcDb2dVertex
 10
177.9822449999999
 20
123.6720002777778
 30
0.0
  0
SEQEND
  5
2E8
330
2E5
100
AcDbEntity
  8
DEFAULT
 62
     7
  0
POLYLINE
  5
2E9
330
1F
100
AcDbEntity
  8
DEFAULT
 62
     7
100
AcDb2dPolyline
 66
     1
 10
0.0
 20
0.0
 30
0.0
  0
VERTEX
  5
2EA
330
2E9
100
AcDbEntity
  8
DEFAULT
 62
     7
100
AcDbVertex
100
AcDb2dVertex
 10
179.6099969444444
 20
125.5273644444445
 30
0.0
  0
VERTEX
  5
2EB
330
2E9
100
AcDbEntity
  8
DEFAULT
 62
     7
100
AcDbVertex
100
AcDb2dVertex
 10
180.7459413888889
 20
126.9434144444445
 30
0.0
  0
SEQEND
  5
2EC
330
2E9
100
AcDbEntity
  8
DEFAULT
 62
     7
  0
POLYLINE
  5
2ED
330
1F
100
AcDbEntity
  8
DEFAULT
 62
     7
100
AcDb2dPolyline
 66
     1
 10
0.0
 20
0.0
 30
0.0
  0
VERTEX
  5
2EE
330
2ED
100
AcDbEntity
  8
DEFAULT
 62
     7
100
AcDbVertex
100
AcDb2dVertex
 10
181.3700758333333
 20
124.9864855555555
 30
0.0
  0
VERTEX
  5
2EF
330
2ED
100
AcDbEntity
  8
DEFAULT
 62
     7
100
AcDbVertex
100
AcDb2dVertex
 10
179.6135952777778
 20
125.528705
 30
0.0
  0
VERTEX
  5
2F0
330
2ED
100
AcDbEntity
  8
DEFAULT
 62
     7
100
AcDbVertex
100
AcDb2dVertex
 10
178.5478536111111
 20
125.1886272222222
 30
0.0
  0
SEQEND
  5
2F1
330
2ED
100
AcDbEntity
  8
DEFAULT
 62
     7
  0
POLYLINE
  5
2F2
330
1F
100
AcDbEntity
  8
DEFAULT
 62
     7
100
AcDb2dPolyline
 66
     1
 10
0.0
 20
0.0
 30
0.0
  0
VERTEX
  5
2F3
330
2F2
100
AcDbEntity
  8
DEFAULT
 62
     7
100
AcDbVertex
100
AcDb2dVertex
 10
163.6940041666666
 20
169.9718611111111
 30
0.0
  0
VERTEX
  5
2F4
330
2F2
100
AcDbEntity
  8
DEFAULT
 62
     7
100
AcDbVertex
100
AcDb2dVertex
 10
161.9812680555555
 20
168.1508222222222
 30
0.0
  0
SEQEND
  5
2F5
330
2F2
100
AcDbEntity
  8
DEFAULT
 62
     7
  0
SPLINE
  5
2F6
330
1F
100
AcDbEntity
  8
DEFAULT
 62
     7
100
AcDbSpline
210
0.0
220
0.0
230
1.0
 70
     8
 71
     3
 72
    17
 73
    13
 74
     0
 42
0.000000001
 43
0.0000000001
 40
0.0
 40
0.0
 40
0.0
 40
0.0
 40
1.0
 40
1.0
 40
1.0
 40
2.0
 40
2.0
 40
2.0
 40
3.0
 40
3.0
 40
3.0
 40
4.0
 40
4.0
 40
4.0
 40
4.0
 10
162.9605438888889
 20
167.5811213888889
 30
0.0
 10
163.0007605555555
 20
167.7144713888889
 30
0.0
 10
163.1263494444445
 20
167.9391908333333
 30
0.0
 10
163.3450716666667
 20
168.1716713888889
 30
0.0
 10
163.8523661111111
 20
168.7110686111111
 30
0.0
 10
164.5752077777778
 20
168.7964408333333
 30
0.0
 10
165.2024466666667
 20
168.2065963888889
 30
0.0
 10
165.8014633333333
 20
167.6428575
 30
0.0
 10
165.825805
 20
166.8551047222222
 30
0.0
 10
165.2673577777778
 20
166.2617325
 30
0.0
 10
165.0429911111111
 20
166.0232547222222
 30
0.0
 10
164.8503744444444
 20
165.9209491666666
 30
0.0
 10
164.7547716666667
 20
165.8874352777778
 30
0.0
  0
POLYLINE
  5
2F7
330
1F
100
AcDbEntity
  8
DEFAULT
 62
     7
100
AcDb2dPolyline
 66
     1
 10
0.0
 20
0.0
 30
0.0
  0
VERTEX
  5
2F8
330
2F7
100
AcDbEntity
  8
DEFAULT
 62
     7
100
AcDbVertex
100
AcDb2dVertex
 10
162.2451458333333
 20
156.1053661111111
 30
0.0
  0
VERTEX
  5
2F9
330
2F7
100
AcDbEntity
  8
DEFAULT
 62
     7
100
AcDbVertex
100
AcDb2dVertex
 10
162.2215097222222
 20
153.6055827777778
 30
0.0
  0
SEQEND
  5
2FA
330
2F7
100
AcDbEntity
  8
DEFAULT
 62
     7
  0
SPLINE
  5
2FB
330
1F
100
AcDbEntity
  8
DEFAULT
 62
     7
100
AcDbSpline
210
0.0
220
0.0
230
1.0
 70
    11
 71
     3
 72
    32
 73
    28
 74
     0
 42
0.000000001
 43
0.0000000001
 40
7.325324975726321
 40
7.325324975726321
 40
7.325324975726321
 40
7.325324975726321
 40
8.325324975726321
 40
8.325324975726321
 40
8.325324975726321
 40
9.325324975726321
 40
9.325324975726321
 40
9.325324975726321
 40
10.32532497572632
 40
10.32532497572632
 40
10.32532497572632
 40
11.32532497572632
 40
11.32532497572632
 40
11.32532497572632
 40
12.32532497572632
 40
12.32532497572632
 40
12.32532497572632
 40
13.32532497572632
 40
13.32532497572632
 40
13.32532497572632
 40
14.32532497572632
 40
14.32532497572632
 40
14.32532497572632
 40
15.32532497572632
 40
15.32532497572632
 40
15.32532497572632
 40
22.65064995145264
 40
22.65064995145264
 40
22.65064995145264
 40
22.65064995145264
 10
165.8563202777777
 20
155.6471430555555
 30
0.0
 10
165.8859536111111
 20
155.4989763888889
 30
0.0
 10
165.9074730555555
 20
155.2647319444444
 30
0.0
 10
165.9050036111111
 20
155.0269597222222
 30
0.0
 10
165.9018286111111
 20
154.6875875
 30
0.0
 10
165.8415036111111
 20
154.4699236111111
 30
0.0
 10
165.7074480555555
 20
154.3076458333333
 30
0.0
 10
165.6044369444444
 20
154.1721791666667
 30
0.0
 10
165.4478036111111
 20
154.0917458333333
 30
0.0
 10
165.2414286111111
 20
154.0938625
 30
0.0
 10
164.9881341666666
 20
154.0963319444444
 30
0.0
 10
164.7690591666666
 20
154.4321763888889
 30
0.0
 10
164.6702813888889
 20
154.7098125
 30
0.0
 10
164.6702813888889
 20
154.7098125
 30
0.0
 10
164.3870008333333
 20
154.0042569444444
 30
0.0
 10
163.9971813888889
 20
154.0081375
 30
0.0
 10
163.7710508333333
 20
154.0102541666667
 30
0.0
 10
163.6003063888889
 20
154.1016236111111
 30
0.0
 10
163.4729536111111
 20
154.2353263888889
 30
0.0
 10
163.3071480555555
 20
154.4201819444444
 30
0.0
 10
163.2320063888889
 20
154.7172208333333
 30
0.0
 10
163.2362397222222
 20
155.1458458333333
 30
0.0
 10
163.2383563888889
 20
155.3797375
 30
0.0
 10
163.2552897222222
 20
155.5585958333333
 30
0.0
 10
163.2722230555555
 20
155.6714847222222
 30
0.0
 10
164.1335887962963
 20
155.6633708333333
 30
0.0
 10
164.994954537037
 20
155.6552569444444
 30
0.0
 10
165.8563202777777
 20
155.6471430555555
 30
0.0
  0
POLYLINE
  5
2FC
330
1F
100
AcDbEntity
  8
DEFAULT
 62
     7
100
AcDb2dPolyline
 66
     1
 10
0.0
 20
0.0
 30
0.0
  0
VERTEX
  5
2FD
330
2FC
100
AcDbEntity
  8
DEFAULT
 62
     7
100
AcDbVertex
100
AcDb2dVertex
 10
169.6638155555555
 20
140.5450438888889
 30
0.0
  0
VERTEX
  5
2FE
330
2FC
100
AcDbEntity
  8
DEFAULT
 62
     7
100
AcDbVertex
100
AcDb2dVertex
 10
170.9828516666666
 20
138.4213216666667
 30
0.0
  0
SEQEND
  5
2FF
330
2FC
100
AcDbEntity
  8
DEFAULT
 62
     7
  0
POLYLINE
  5
300
330
1F
100
AcDbEntity
  8
DEFAULT
 62
     7
100
AcDb2dPolyline
 66
     1
 10
0.0
 20
0.0
 30
0.0
  0
VERTEX
  5
301
330
300
100
AcDbEntity
  8
DEFAULT
 62
     7
100
AcDbVertex
100
AcDb2dVertex
 10
170.5927852777778
 20
140.9445294444445
 30
0.0
  0
VERTEX
  5
302
330
300
100
AcDbEntity
  8
DEFAULT
 62
     7
100
AcDbVertex
100
AcDb2dVertex
 10
173.3994852777778
 20
141.40561
 30
0.0
  0
VERTEX
  5
303
330
300
100
AcDbEntity
  8
DEFAULT
 62
     7
100
AcDbVertex
100
AcDb2dVertex
 10
171.7527186111111
 20
139.0772766666666
 30
0.0
  0
SEQEND
  5
304
330
300
100
AcDbEntity
  8
DEFAULT
 62
     7
  0
POLYLINE
  5
305
330
1F
100
AcDbEntity
  8
DEFAULT
 62
     7
100
AcDb2dPolyline
 66
     1
 10
0.0
 20
0.0
 30
0.0
  0
VERTEX
  5
306
330
305
100
AcDbEntity
  8
DEFAULT
 62
     7
100
AcDbVertex
100
AcDb2dVertex
 10
172.2710902777778
 20
139.8072797222222
 30
0.0
  0
VERTEX
  5
307
330
305
100
AcDbEntity
  8
DEFAULT
 62
     7
100
AcDbVertex
100
AcDb2dVertex
 10
171.4748708333333
 20
141.0889213888889
 30
0.0
  0
SEQEND
  5
308
330
305
100
AcDbEntity
  8
DEFAULT
 62
     7
  0
POLYLINE
  5
309
330
1F
100
AcDbEntity
  8
DEFAULT
 62
     7
100
AcDb2dPolyline
 66
     1
 10
0.0
 20
0.0
 30
0.0
  0
VERTEX
  5
30A
330
309
100
AcDbEntity
  8
DEFAULT
 62
     7
100
AcDbVertex
100
AcDb2dVertex
 10
185.1517830555556
 20
175.6631544444444
 30
0.0
  0
VERTEX
  5
30B
330
309
100
AcDbEntity
  8
DEFAULT
 62
     7
100
AcDbVertex
100
AcDb2dVertex
 10
183.2746525000001
 20
178.2490155555555
 30
0.0
  0
SEQEND
  5
30C
330
309
100
AcDbEntity
  8
DEFAULT
 62
     7
  0
POLYLINE
  5
30D
330
1F
100
AcDbEntity
  8
DEFAULT
 62
     7
100
AcDb2dPolyline
 66
     1
 10
0.0
 20
0.0
 30
0.0
  0
VERTEX
  5
30E
330
30D
100
AcDbEntity
  8
DEFAULT
 62
     7
100
AcDbVertex
100
AcDb2dVertex
 10
183.3331077777778
 20
175.6226908333333
 30
0.0
  0
VERTEX
  5
30F
330
30D
100
AcDbEntity
  8
DEFAULT
 62
     7
100
AcDbVertex
100
AcDb2dVertex
 10
185.0931161111111
 20
178.2896908333333
 30
0.0
  0
SEQEND
  5
310
330
30D
100
AcDbEntity
  8
DEFAULT
 62
     7
  0
POLYLINE
  5
311
330
1F
100
AcDbEntity
  8
DEFAULT
 62
     7
100
AcDb2dPolyline
 66
     1
 10
0.0
 20
0.0
 30
0.0
  0
VERTEX
  5
312
330
311
100
AcDbEntity
  8
DEFAULT
 62
     7
100
AcDbVertex
100
AcDb2dVertex
 10
183.0368097222222
 20
174.612935
 30
0.0
  0
VERTEX
  5
313
330
311
100
AcDbEntity
  8
DEFAULT
 62
     7
100
AcDbVertex
100
AcDb2dVertex
 10
185.5362402777778
 20
174.6686738888889
 30
0.0
  0
SEQEND
  5
314
330
311
100
AcDbEntity
  8
DEFAULT
 62
     7
  0
SPLINE
  5
315
330
1F
100
AcDbEntity
  8
DEFAULT
 62
     1
100
AcDbSpline
210
0.0
220
0.0
230
1.0
 70
     8
 71
     3
 72
    65
 73
    61
 74
     0
 42
0.000000001
 43
0.0000000001
 40
0.0
 40
0.0
 40
0.0
 40
0.0
 40
3.763509000919218
 40
3.763509000919218
 40
3.763509000919218
 40
16.66721389525089
 40
16.66721389525089
 40
16.66721389525089
 40
17.66721389525089
 40
17.66721389525089
 40
17.66721389525089
 40
18.66721389525089
 40
18.66721389525089
 40
18.66721389525089
 40
19.66721389525089
 40
19.66721389525089
 40
19.66721389525089
 40
20.68135603087469
 40
20.68135603087469
 40
20.68135603087469
 40
21.68135603087469
 40
21.68135603087469
 40
21.68135603087469
 40
22.68135603087469
 40
22.68135603087469
 40
22.68135603087469
 40
35.5850609252064
 40
35.5850609252064
 40
35.5850609252064
 40
44.09557794827852
 40
44.09557794827852
 40
44.09557794827852
 40
45.09557794827852
 40
45.09557794827852
 40
45.09557794827852
 40
46.09557794827852
 40
46.09557794827852
 40
46.09557794827852
 40
47.09557794827852
 40
47.09557794827852
 40
47.09557794827852
 40
48.09557794827852
 40
48.09557794827852
 40
48.09557794827852
 40
49.09557794827852
 40
49.09557794827852
 40
49.09557794827852
 40
50.09557794827852
 40
50.09557794827852
 40
50.09557794827852
 40
51.09557794827852
 40
51.09557794827852
 40
51.09557794827852
 40
52.09557794827852
 40
52.09557794827852
 40
52.09557794827852
 40
64.98647783928689
 40
64.98647783928689
 40
64.98647783928689
 40
68.74946867105886
 40
68.74946867105886
 40
68.74946867105886
 40
68.74946867105886
 10
160.8634916666666
 20
171.1509502777778
 30
0.0
 10
161.1668805555555
 20
171.4731539814815
 30
0.0
 10
161.4702694444444
 20
171.7953576851852
 30
0.0
 10
161.7736583333333
 20
172.1175613888889
 30
0.0
 10
160.6682879629629
 20
173.1570799074074
 30
0.0
 10
159.5629175925926
 20
174.1965984259259
 30
0.0
 10
158.4575472222222
 20
175.2361169444444
 30
0.0
 10
157.6285194444444
 20
176.0122280555555
 30
0.0
 10
157.6779083333333
 20
175.8852280555556
 30
0.0
 10
156.7571583333333
 20
176.7495336111111
 30
0.0
 10
155.8328805555555
 20
177.6138391666667
 30
0.0
 10
155.9704638888889
 20
177.5715058333333
 30
0.0
 10
155.1449638888889
 20
178.3511447222222
 30
0.0
 10
154.3159361111111
 20
179.1307836111111
 30
0.0
 10
154.3617972222222
 20
179.0002558333333
 30
0.0
 10
153.444575
 20
179.8645613888889
 30
0.0
 10
152.523825
 20
180.7288669444445
 30
0.0
 10
152.6614083333333
 20
180.6900613888889
 30
0.0
 10
151.8323805555555
 20
181.4732280555556
 30
0.0
 10
152.6084916666667
 20
182.3022558333333
 30
0.0
 10
152.7813527777778
 20
182.5703669444444
 30
0.0
 10
153.6491861111111
 20
183.4946447222222
 30
0.0
 10
154.5134916666667
 20
184.4118669444444
 30
0.0
 10
154.4711583333333
 20
184.2813391666666
 30
0.0
 10
155.2507972222222
 20
185.1068391666666
 30
0.0
 10
156.2903157407407
 20
186.212209537037
 30
0.0
 10
157.3298342592592
 20
187.3175799074074
 30
0.0
 10
158.3693527777777
 20
188.4229502777778
 30
0.0
 10
157.6402787037037
 20
189.1085150925926
 30
0.0
 10
156.9112046296296
 20
189.7940799074074
 30
0.0
 10
156.1821305555555
 20
190.4796447222222
 30
0.0
 10
155.3989638888889
 20
189.6506169444444
 30
0.0
 10
155.5330194444444
 20
189.6964780555555
 30
0.0
 10
154.6687138888889
 20
188.7827836111111
 30
0.0
 10
153.8044083333333
 20
187.8585058333333
 30
0.0
 10
153.0847416666666
 20
187.1494225
 30
0.0
 10
152.968325
 20
187.2552558333333
 30
0.0
 10
151.5819083333333
 20
188.7722002777778
 30
0.0
 10
151.8394361111111
 20
191.5344502777778
 30
0.0
 10
153.3422694444444
 20
193.1537002777777
 30
0.0
 10
155.6494361111111
 20
195.6513669444444
 30
0.0
 10
159.3712416666666
 20
198.9498391666667
 30
0.0
 10
164.4265472222222
 20
197.6516169444445
 30
0.0
 10
168.2012694444444
 20
196.6779502777777
 30
0.0
 10
178.4671027777777
 20
196.2510891666667
 30
0.0
 10
180.0369638888889
 20
196.1875891666666
 30
0.0
 10
182.2665194444444
 20
196.0958669444444
 30
0.0
 10
184.5137138888888
 20
194.2543669444444
 30
0.0
 10
184.3549638888889
 20
190.3561725
 30
0.0
 10
183.2190194444444
 20
190.4020336111111
 30
0.0
 10
183.3460194444444
 20
190.3350058333334
 30
0.0
 10
182.0795472222222
 20
190.3843947222222
 30
0.0
 10
180.8201305555556
 20
190.4337836111111
 30
0.0
 10
180.9471305555555
 20
190.4937558333333
 30
0.0
 10
179.8111861111111
 20
190.5396169444444
 30
0.0
 10
178.2965935185185
 20
190.6019410185185
 30
0.0
 10
176.7820009259259
 20
190.6642650925926
 30
0.0
 10
175.2674083333333
 20
190.7265891666666
 30
0.0
 10
175.2497694444444
 20
190.2844410185185
 30
0.0
 10
175.2321305555555
 20
189.8422928703703
 30
0.0
 10
175.2144916666666
 20
189.4001447222222
 30
0.0
  0
SPLINE
  5
316
330
1F
100
AcDbEntity
  8
DEFAULT
 62
     1
100
AcDbSpline
210
0.0
220
0.0
230
1.0
 70
     8
 71
     3
 72
   134
 73
   130
 74
     0
 42
0.000000001
 43
0.0000000001
 40
0.0
 40
0.0
 40
0.0
 40
0.0
 40
3.756660751252288
 40
3.756660751252288
 40
3.756660751252288
 40
16.66765219265605
 40
16.66765219265605
 40
16.66765219265605
 40
17.66765219265605
 40
17.66765219265605
 40
17.66765219265605
 40
18.66765219265605
 40
18.66765219265605
 40
18.66765219265605
 40
19.66765219265605
 40
19.66765219265605
 40
19.66765219265605
 40
20.66765219265605
 40
20.66765219265605
 40
20.66765219265605
 40
32.9986578288562
 40
32.9986578288562
 40
32.9986578288562
 40
37.83047943152329
 40
37.83047943152329
 40
37.83047943152329
 40
38.83047943152329
 40
38.83047943152329
 40
38.83047943152329
 40
39.83047943152329
 40
39.83047943152329
 40
39.83047943152329
 40
40.83047943152329
 40
40.83047943152329
 40
40.83047943152329
 40
41.83047943152329
 40
41.83047943152329
 40
41.83047943152329
 40
50.33085589377482
 40
50.33085589377482
 40
50.33085589377482
 40
63.23151091590455
 40
63.23151091590455
 40
63.23151091590455
 40
64.23151091590455
 40
64.23151091590455
 40
64.23151091590455
 40
65.23151091590455
 40
65.23151091590455
 40
65.23151091590455
 40
66.23151091590455
 40
66.23151091590455
 40
66.23151091590455
 40
67.23151091590455
 40
67.23151091590455
 40
67.23151091590455
 40
68.23151091590455
 40
68.23151091590455
 40
68.23151091590455
 40
69.23151091590455
 40
69.23151091590455
 40
69.23151091590455
 40
82.1221664461714
 40
82.1221664461714
 40
82.1221664461714
 40
90.62254290842294
 40
90.62254290842294
 40
90.62254290842294
 40
103.5130122559681
 40
103.5130122559681
 40
103.5130122559681
 40
104.5130122559681
 40
104.5130122559681
 40
104.5130122559681
 40
105.5130122559681
 40
105.5130122559681
 40
105.5130122559681
 40
106.5130122559681
 40
106.5130122559681
 40
106.5130122559681
 40
107.5130122559681
 40
107.5130122559681
 40
107.5130122559681
 40
119.833596657692
 40
119.833596657692
 40
119.833596657692
 40
124.6437629749829
 40
124.6437629749829
 40
124.6437629749829
 40
125.6437629749829
 40
125.6437629749829
 40
125.6437629749829
 40
126.6437629749829
 40
126.6437629749829
 40
126.6437629749829
 40
127.6437629749829
 40
127.6437629749829
 40
127.6437629749829
 40
128.6437629749828
 40
128.6437629749828
 40
128.6437629749828
 40
137.1407506765157
 40
137.1407506765157
 40
137.1407506765157
 40
150.027166004294
 40
150.027166004294
 40
150.027166004294
 40
151.027166004294
 40
151.027166004294
 40
151.027166004294
 40
152.027166004294
 40
152.027166004294
 40
152.027166004294
 40
153.027166004294
 40
153.027166004294
 40
153.027166004294
 40
154.027166004294
 40
154.027166004294
 40
154.027166004294
 40
155.027166004294
 40
155.027166004294
 40
155.027166004294
 40
156.027166004294
 40
156.027166004294
 40
156.027166004294
 40
168.9220719752579
 40
168.9220719752579
 40
168.9220719752579
 40
172.6766025717506
 40
172.6766025717506
 40
172.6766025717506
 40
172.6766025717506
 10
160.6235675
 20
170.8970561111111
 30
0.0
 10
160.321354537037
 20
170.5748524074073
 30
0.0
 10
160.019141574074
 20
170.2526487037037
 30
0.0
 10
159.7169286111111
 20
169.930445
 30
0.0
 10
158.6103823148148
 20
170.9699635185185
 30
0.0
 10
157.5038360185185
 20
172.009482037037
 30
0.0
 10
156.3972897222222
 20
173.0490005555556
 30
0.0
 10
155.5717897222222
 20
173.8286394444444
 30
0.0
 10
155.7058452777778
 20
173.7863061111111
 30
0.0
 10
154.7886230555555
 20
174.6506116666666
 30
0.0
 10
153.8608175
 20
175.518445
 30
0.0
 10
153.9137341666667
 20
175.3843894444444
 30
0.0
 10
153.0882341666666
 20
176.1640283333333
 30
0.0
 10
152.2556786111111
 20
176.9436672222222
 30
0.0
 10
152.3932619444444
 20
176.9013338888889
 30
0.0
 10
151.4725119444444
 20
177.7691672222222
 30
0.0
 10
150.5517619444444
 20
178.6370005555555
 30
0.0
 10
150.6011508333333
 20
178.4994172222222
 30
0.0
 10
149.7685952777778
 20
179.2825838888889
 30
0.0
 10
148.7761137962963
 20
178.2254264814815
 30
0.0
 10
147.7836323148148
 20
177.168269074074
 30
0.0
 10
146.7911508333333
 20
176.1111116666666
 30
0.0
 10
146.3772249074074
 20
176.5003431481481
 30
0.0
 10
145.9632989814815
 20
176.8895746296296
 30
0.0
 10
145.5493730555555
 20
177.2788061111111
 30
0.0
 10
143.6549563888889
 20
179.0603338888889
 30
0.0
 10
138.9206786111111
 20
171.8283894444444
 30
0.0
 10
138.9136230555555
 20
166.1310283333333
 30
0.0
 10
138.9100952777778
 20
163.9191116666667
 30
0.0
 10
140.5928452777778
 20
161.7177783333333
 30
0.0
 10
142.6389563888889
 20
161.5449172222222
 30
0.0
 10
142.7977063888889
 20
161.5449172222222
 30
0.0
 10
142.8435675
 20
162.5538616666666
 30
0.0
 10
142.8576786111111
 20
163.8168061111111
 30
0.0
 10
142.8647341666667
 20
165.0797505555555
 30
0.0
 10
142.8047619444444
 20
164.9562783333333
 30
0.0
 10
142.8153452777778
 20
166.0922227777777
 30
0.0
 10
143.8148823148148
 20
166.0828153703704
 30
0.0
 10
144.8144193518518
 20
166.0734079629629
 30
0.0
 10
145.8139563888889
 20
166.0640005555555
 30
0.0
 10
145.7986693518518
 20
164.5470561111111
 30
0.0
 10
145.7833823148148
 20
163.0301116666666
 30
0.0
 10
145.7680952777778
 20
161.5131672222222
 30
0.0
 10
145.7575119444444
 20
160.373695
 30
0.0
 10
145.6975397222222
 20
160.500695
 30
0.0
 10
145.6834286111111
 20
159.2377505555555
 30
0.0
 10
145.6728452777778
 20
157.9748061111111
 30
0.0
 10
145.7328175
 20
157.6537783333333
 30
0.0
 10
145.7222341666667
 20
156.5143061111111
 30
0.0
 10
146.8581786111111
 20
156.500195
 30
0.0
 10
146.7311786111111
 20
156.4402227777778
 30
0.0
 10
147.9941230555555
 20
156.4261116666667
 30
0.0
 10
149.2570675
 20
156.4120005555555
 30
0.0
 10
149.1335952777778
 20
156.4790283333333
 30
0.0
 10
150.2730675
 20
156.468445
 30
0.0
 10
151.4125397222222
 20
156.4578616666666
 30
0.0
 10
151.2820119444444
 20
156.3943616666666
 30
0.0
 10
152.5484841666667
 20
156.3837783333333
 30
0.0
 10
153.8043730555555
 20
156.3696672222222
 30
0.0
 10
153.6844286111111
 20
156.4331672222222
 30
0.0
 10
154.8203730555555
 20
156.4261116666667
 30
0.0
 10
156.336141574074
 20
156.4108246296296
 30
0.0
 10
157.8519100925926
 20
156.3955375925926
 30
0.0
 10
159.3676786111111
 20
156.3802505555555
 30
0.0
 10
159.3582712037037
 20
155.3807135185185
 30
0.0
 10
159.3488637962963
 20
154.3811764814815
 30
0.0
 10
159.3394563888889
 20
153.3816394444444
 30
0.0
 10
157.8236878703704
 20
153.3945746296296
 30
0.0
 10
156.3079193518518
 20
153.4075098148148
 30
0.0
 10
154.7921508333333
 20
153.420445
 30
0.0
 10
153.6562063888889
 20
153.4345561111111
 30
0.0
 10
153.7796786111111
 20
153.4980561111111
 30
0.0
 10
152.5167341666667
 20
153.5051116666666
 30
0.0
 10
151.2502619444444
 20
153.5192227777778
 30
0.0
 10
151.3772619444444
 20
153.4557227777778
 30
0.0
 10
150.2448452777778
 20
153.4663061111111
 30
0.0
 10
149.1053730555556
 20
153.4768894444444
 30
0.0
 10
149.2323730555555
 20
153.5368616666667
 30
0.0
 10
147.9694286111111
 20
153.5545005555555
 30
0.0
 10
146.7029563888889
 20
153.5650838888889
 30
0.0
 10
146.8299563888889
 20
153.5015838888889
 30
0.0
 10
145.6904841666667
 20
153.5121672222222
 30
0.0
 10
145.6763730555556
 20
152.0634264814815
 30
0.0
 10
145.6622619444444
 20
150.6146857407407
 30
0.0
 10
145.6481508333333
 20
149.165945
 30
0.0
 10
145.0825304629629
 20
149.1706487037037
 30
0.0
 10
144.5169100925926
 20
149.1753524074074
 30
0.0
 10
143.9512897222222
 20
149.1800561111111
 30
0.0
 10
141.3760119444444
 20
149.2047505555555
 30
0.0
 10
141.5206508333333
 20
141.3060561111111
 30
0.0
 10
144.5721786111111
 20
136.4906394444444
 30
0.0
 10
145.7539841666667
 20
134.6279727777778
 30
0.0
 10
148.3539563888889
 20
133.6648894444444
 30
0.0
 10
150.1778175
 20
134.6173894444444
 30
0.0
 10
150.3083452777778
 20
134.7020561111111
 30
0.0
 10
149.8109286111111
 20
135.5734172222222
 30
0.0
 10
149.1406508333333
 20
136.6493894444444
 30
0.0
 10
148.4703730555555
 20
137.7218338888889
 30
0.0
 10
148.4844841666666
 20
137.5842505555555
 30
0.0
 10
147.8882897222222
 20
138.5508616666666
 30
0.0
 10
148.7373082407407
 20
139.0776764814815
 30
0.0
 10
149.5863267592592
 20
139.6044912962963
 30
0.0
 10
150.4353452777778
 20
140.1313061111111
 30
0.0
 10
151.2361508333333
 20
138.8448431481481
 30
0.0
 10
152.0369563888889
 20
137.5583801851851
 30
0.0
 10
152.8377619444444
 20
136.2719172222222
 30
0.0
 10
153.4410119444444
 20
135.3017783333333
 30
0.0
 10
153.3175397222222
 20
135.3793894444444
 30
0.0
 10
153.9842897222222
 20
134.306945
 30
0.0
 10
154.6545675
 20
133.227445
 30
0.0
 10
154.8768175
 20
132.9910838888889
 30
0.0
 10
155.4730119444444
 20
132.0244727777778
 30
0.0
 10
156.4431508333333
 20
132.624195
 30
0.0
 10
156.3655397222222
 20
132.5042505555555
 30
0.0
 10
157.4415119444444
 20
133.1710005555555
 30
0.0
 10
158.5139563888889
 20
133.8377505555555
 30
0.0
 10
158.3728452777778
 20
133.8271672222222
 30
0.0
 10
159.3429841666667
 20
134.4268894444444
 30
0.0
 10
160.3060675
 20
135.0230838888889
 30
0.0
 10
160.2319841666666
 20
134.9031394444444
 30
0.0
 10
161.3079563888889
 20
135.5698894444444
 30
0.0
 10
162.3768730555556
 20
136.2366394444444
 30
0.0
 10
162.2392897222222
 20
136.2260561111111
 30
0.0
 10
163.2059008333333
 20
136.8257783333333
 30
0.0
 10
164.4935397222222
 20
137.6265838888889
 30
0.0
 10
165.7811786111111
 20
138.4273894444444
 30
0.0
 10
167.0688175
 20
139.228195
 30
0.0
 10
167.3016508333333
 20
138.8530746296296
 30
0.0
 10
167.5344841666667
 20
138.4779542592593
 30
0.0
 10
167.7673175
 20
138.1028338888889
 30
0.0
  0
SPLINE
  5
317
330
1F
100
AcDbEntity
  8
DEFAULT
 62
     1
100
AcDbSpline
210
0.0
220
0.0
230
1.0
 70
     8
 71
     3
 72
   107
 73
   103
 74
     0
 42
0.000000001
 43
0.0000000001
 40
0.0
 40
0.0
 40
0.0
 40
0.0
 40
3.763030693470279
 40
3.763030693470279
 40
3.763030693470279
 40
16.6611545880528
 40
16.6611545880528
 40
16.6611545880528
 40
17.6611545880528
 40
17.6611545880528
 40
17.6611545880528
 40
18.6611545880528
 40
18.6611545880528
 40
18.6611545880528
 40
19.6611545880528
 40
19.6611545880528
 40
19.6611545880528
 40
20.6611545880528
 40
20.6611545880528
 40
20.6611545880528
 40
36.68625053160333
 40
36.68625053160333
 40
36.68625053160333
 40
37.68625053160333
 40
37.68625053160333
 40
37.68625053160333
 40
38.68625053160333
 40
38.68625053160333
 40
38.68625053160333
 40
39.68625053160333
 40
39.68625053160333
 40
39.68625053160333
 40
52.58626991143376
 40
52.58626991143376
 40
52.58626991143376
 40
61.08723456257779
 40
61.08723456257779
 40
61.08723456257779
 40
73.97772718311015
 40
73.97772718311015
 40
73.97772718311015
 40
74.97772718311015
 40
74.97772718311015
 40
74.97772718311015
 40
75.97772718311015
 40
75.97772718311015
 40
75.97772718311015
 40
76.97772718311015
 40
76.97772718311015
 40
76.97772718311015
 40
77.97772718311015
 40
77.97772718311015
 40
77.97772718311015
 40
78.97772718311015
 40
78.97772718311015
 40
78.97772718311015
 40
79.97772718311015
 40
79.97772718311015
 40
79.97772718311015
 40
80.97772718311015
 40
80.97772718311015
 40
80.97772718311015
 40
81.97772718311015
 40
81.97772718311015
 40
81.97772718311015
 40
82.97772718311015
 40
82.97772718311015
 40
82.97772718311015
 40
83.97772718311015
 40
83.97772718311015
 40
83.97772718311015
 40
96.87098898918543
 40
96.87098898918543
 40
96.87098898918543
 40
105.373112253406
 40
105.373112253406
 40
105.373112253406
 40
118.2663740594813
 40
118.2663740594813
 40
118.2663740594813
 40
119.2663740594813
 40
119.2663740594813
 40
119.2663740594813
 40
120.2663740594813
 40
120.2663740594813
 40
120.2663740594813
 40
121.2663740594813
 40
121.2663740594813
 40
121.2663740594813
 40
122.2663740594813
 40
122.2663740594813
 40
122.2663740594813
 40
123.2663740594813
 40
123.2663740594813
 40
123.2663740594813
 40
124.2663740594813
 40
124.2663740594813
 40
124.2663740594813
 40
137.1668585465073
 40
137.1668585465073
 40
137.1668585465073
 40
140.9198573474664
 40
140.9198573474664
 40
140.9198573474664
 40
140.9198573474664
 10
167.9543602777778
 20
137.8063947222222
 30
0.0
 10
168.1871936111111
 20
137.4300984259259
 30
0.0
 10
168.4200269444444
 20
137.0538021296296
 30
0.0
 10
168.6528602777777
 20
136.6775058333333
 30
0.0
 10
167.3640454629629
 20
135.8778762037037
 30
0.0
 10
166.0752306481481
 20
135.0782465740741
 30
0.0
 10
164.7864158333333
 20
134.2786169444444
 30
0.0
 10
163.8198047222222
 20
133.6753669444444
 30
0.0
 10
163.8938880555555
 20
133.7988391666667
 30
0.0
 10
162.8249713888889
 20
133.1320891666666
 30
0.0
 10
161.7454713888889
 20
132.4618113888889
 30
0.0
 10
161.8865825
 20
132.4794502777777
 30
0.0
 10
160.9234991666666
 20
131.8797280555555
 30
0.0
 10
159.9568880555555
 20
131.2764780555555
 30
0.0
 10
160.0309713888889
 20
131.3964225
 30
0.0
 10
158.9585269444444
 20
130.7296725
 30
0.0
 10
157.8825547222222
 20
130.0629225
 30
0.0
 10
158.0271936111111
 20
130.0770336111111
 30
0.0
 10
157.0570547222222
 20
129.4773113888889
 30
0.0
 10
158.0518880555555
 20
127.8768762037037
 30
0.0
 10
159.0467213888889
 20
126.2764410185185
 30
0.0
 10
160.0415547222222
 20
124.6760058333333
 30
0.0
 10
161.3574158333333
 20
122.5593391666666
 30
0.0
 10
164.6206102777778
 20
126.0800613888889
 30
0.0
 10
165.7212769444444
 20
122.6263669444444
 30
0.0
 10
166.8043047222222
 20
122.9720891666666
 30
0.0
 10
166.7019991666666
 20
122.8733113888889
 30
0.0
 10
167.9084991666666
 20
123.2578391666666
 30
0.0
 10
169.1079436111111
 20
123.6423669444444
 30
0.0
 10
168.9703602777778
 20
123.6635336111111
 30
0.0
 10
170.0533880555555
 20
124.0092558333333
 30
0.0
 10
171.4986010185185
 20
124.4702187962963
 30
0.0
 10
172.9438139814814
 20
124.9311817592592
 30
0.0
 10
174.3890269444444
 20
125.3921447222222
 30
0.0
 10
174.6924158333333
 20
124.4396447222222
 30
0.0
 10
174.9958047222222
 20
123.4871447222222
 30
0.0
 10
175.2991936111111
 20
122.5346447222222
 30
0.0
 10
173.855156574074
 20
122.0736817592592
 30
0.0
 10
172.411119537037
 20
121.6127187962963
 30
0.0
 10
170.9670825
 20
121.1517558333333
 30
0.0
 10
169.5630269444444
 20
120.7037280555555
 30
0.0
 10
169.0444436111111
 20
120.5626169444444
 30
0.0
 10
168.8609991666666
 20
120.5238113888889
 30
0.0
 10
168.3671102777778
 20
120.3474225
 30
0.0
 10
167.2876102777778
 20
119.9805336111111
 30
0.0
 10
166.6314436111111
 20
119.7688669444444
 30
0.0
 10
168.1378047222222
 20
115.0522280555555
 30
0.0
 10
171.0270547222222
 20
115.3732558333333
 30
0.0
 10
181.4481102777777
 20
118.6964225
 30
0.0
 10
183.5012769444444
 20
119.3525891666666
 30
0.0
 10
185.1240547222222
 20
128.7400058333333
 30
0.0
 10
183.7411658333333
 20
128.7117836111111
 30
0.0
 10
183.6106380555555
 20
135.0547280555555
 30
0.0
 10
181.6421380555555
 20
131.0330613888889
 30
0.0
 10
179.6101380555556
 20
133.2379225
 30
0.0
 10
177.4017491666666
 20
135.6297558333333
 30
0.0
 10
179.2291380555555
 20
138.7412558333333
 30
0.0
 10
179.1374158333333
 20
142.9075613888889
 30
0.0
 10
179.0139436111111
 20
148.5625891666666
 30
0.0
 10
178.8657769444444
 20
155.3288669444444
 30
0.0
 10
178.7775825
 20
159.5198669444444
 30
0.0
 10
178.6858602777777
 20
163.4180613888889
 30
0.0
 10
182.8380547222222
 20
163.5062558333333
 30
0.0
 10
183.0285547222222
 20
163.5097836111111
 30
0.0
 10
183.0038602777777
 20
164.6457280555555
 30
0.0
 10
183.0708880555555
 20
164.5187280555556
 30
0.0
 10
183.0426658333333
 20
165.7887280555555
 30
0.0
 10
183.0144436111111
 20
167.0516725
 30
0.0
 10
182.9544713888889
 20
166.9246725
 30
0.0
 10
182.9297769444444
 20
168.0606169444444
 30
0.0
 10
182.8956750925926
 20
169.5763854629629
 30
0.0
 10
182.8615732407407
 20
171.0921539814815
 30
0.0
 10
182.8274713888889
 20
172.6079225
 30
0.0
 10
183.8270084259259
 20
172.6302650925926
 30
0.0
 10
184.8265454629629
 20
172.6526076851852
 30
0.0
 10
185.8260825
 20
172.6749502777778
 30
0.0
 10
185.8601843518518
 20
171.1591817592593
 30
0.0
 10
185.8942862037037
 20
169.6434132407407
 30
0.0
 10
185.9283880555556
 20
168.1276447222222
 30
0.0
 10
185.9566102777777
 20
166.9881725
 30
0.0
 10
185.8860547222222
 20
167.1116447222222
 30
0.0
 10
185.9178047222222
 20
165.8522280555555
 30
0.0
 10
185.9460269444444
 20
164.5857558333333
 30
0.0
 10
186.0059991666666
 20
164.7162836111111
 30
0.0
 10
186.0342213888889
 20
163.5803391666666
 30
0.0
 10
189.9288880555555
 20
163.6650058333333
 30
0.0
 10
191.4493602777778
 20
165.0620058333333
 30
0.0
 10
191.3646936111111
 20
168.9602002777777
 30
0.0
 10
191.1036380555555
 20
180.6547836111111
 30
0.0
 10
184.1927213888889
 20
186.2322002777777
 30
0.0
 10
184.2350547222222
 20
187.3610891666667
 30
0.0
 10
183.1026380555555
 20
187.4069502777778
 30
0.0
 10
183.2331658333333
 20
187.4669225
 30
0.0
 10
181.9631658333333
 20
187.5198391666666
 30
0.0
 10
180.7037491666666
 20
187.5692280555555
 30
0.0
 10
180.8272213888889
 20
187.4986725
 30
0.0
 10
179.6912769444444
 20
187.5445336111111
 30
0.0
 10
178.1755084259259
 20
187.6056817592592
 30
0.0
 10
176.6597399074074
 20
187.6668299074074
 30
0.0
 10
175.1439713888889
 20
187.7279780555555
 30
0.0
 10
175.1616102777778
 20
188.1689502777778
 30
0.0
 10
175.1792491666666
 20
188.6099225
 30
0.0
 10
175.1968880555555
 20
189.0508947222222
 30
0.0
  0
ENDSEC
  0
SECTION
  2
OBJECTS
  0
DICTIONARY
  5
C
330
0
100
AcDbDictionary
  3
ACAD_GROUP
350
D
  3
ACAD_LAYOUT
350
1A
  3
ACAD_MATERIAL
350
43
  3
ACAD_MLEADERSTYLE
350
33A
  3
ACAD_MLINESTYLE
350
17
  3
ACAD_PLOTSETTINGS
350
19
  3
ACAD_SCALELIST
350
47
  3
ACAD_VISUALSTYLE
350
2A
  3
ACDBHEADERROUNDTRIPXREC
350
318
  3
ACDBVARIABLEDICTIONARY
350
338
  0
DICTIONARY
  5
D
102
{ACAD_REACTORS
330
C
102
}
330
C
100
AcDbDictionary
  0
DICTIONARY
  5
1A
102
{ACAD_REACTORS
330
C
102
}
330
C
100
AcDbDictionary
  0
DICTIONARY
  5
43
102
{ACAD_REACTORS
330
C
102
}
330
C
100
AcDbDictionary
  3
BYBLOCK
350
45
  3
BYLAYER
350
44
  3
GLOBAL
350
46
  0
DICTIONARY
  5
33A
102
{ACAD_REACTORS
330
C
102
}
330
C
100
AcDbDictionary
  0
DICTIONARY
  5
17
102
{ACAD_REACTORS
330
C
102
}
330
C
100
AcDbDictionary
  3
STANDARD
350
18
  0
DICTIONARY
  5
19
102
{ACAD_REACTORS
330
C
102
}
330
C
100
AcDbDictionary
  0
DICTIONARY
  5
47
102
{ACAD_REACTORS
330
C
102
}
330
C
100
AcDbDictionary
  3
A0
350
48
  3
A1
350
49
  3
A2
350
4A
  3
A3
350
4B
  3
A4
350
4C
  3
A5
350
4D
  3
A6
350
4E
  3
A7
350
4F
  3
A8
350
50
  3
A9
350
51
  3
B0
350
52
  3
B1
350
53
  3
B2
350
54
  3
B3
350
55
  3
B4
350
56
  3
B5
350
57
  3
B6
350
58
  3
B7
350
59
  3
B8
350
5A
  3
B9
350
5B
  3
C0
350
5C
  3
C1
350
5D
  3
C2
350
5E
  3
C3
350
5F
  3
C4
350
60
  3
C5
350
61
  3
C6
350
62
  3
C7
350
63
  3
C8
350
64
  3
C9
350
65
  3
D0
350
66
  3
D1
350
67
  3
D2
350
68
  0
DICTIONARY
  5
2A
102
{ACAD_REACTORS
330
C
102
}
330
C
100
AcDbDictionary
  3
2DWIREFRAME
350
2F
  3
BASIC
350
32
  3
BRIGHTEN
350
36
  3
COLORCHANGE
350
3A
  3
CONCEPTUAL
350
34
  3
DIM
350
35
  3
EDGECOLOROFF
350
3D
  3
FACEPATTERN
350
39
  3
FLAT
350
2B
  3
FLATWITHEDGES
350
2C
  3
GOURAUD
350
2D
  3
GOURAUDWITHEDGES
350
2E
  3
HIDDEN
350
31
  3
JITTEROFF
350
3B
  3
LINEPATTERN
350
38
  3
OVERHANGOFF
350
3C
  3
REALISTIC
350
33
  3
SHADED
350
42
  3
SHADED_WITH_EDGES
350
41
  3
SHADES_OF_GRAY
350
3E
  3
SKETCHY
350
3F
  3
THICKEN
350
37
  3
WIREFRAME
350
30
  3
X-RAY
350
40
  0
DICTIONARY
  5
318
102
{ACAD_REACTORS
330
C
102
}
330
C
100
AcDbDictionary
  3
CEPSNTYPE
350
321
  3
DIMSTYLEDATA
350
337
  3
FINGERPRINTGUID
350
322
  3
HYPERLINKBASE
350
31B
  3
INSUNITS
350
320
  3
LAYOUTDICT
350
31D
  3
LWETCUNION
350
31F
  3
PLOTSETDICT
350
31E
  3
PSVPSCALE
350
324
  3
PUCSBASE
350
327
  3
PUCSORGBACK
350
32D
  3
PUCSORGBOTTOM
350
329
  3
PUCSORGFRONT
350
32C
  3
PUCSORGLEFT
350
32A
  3
PUCSORGRIGHT
350
32B
  3
PUCSORGTOP
350
328
  3
PUCSORTHOREF
350
325
  3
PUCSORTHOVIEW
350
326
  3
STYLESHEET
350
31C
  3
TSTACKALIGN
350
319
  3
TSTACKSIZE
350
31A
  3
UCSBASE
350
330
  3
UCSORGBACK
350
336
  3
UCSORGBOTTOM
350
332
  3
UCSORGFRONT
350
335
  3
UCSORGLEFT
350
333
  3
UCSORGRIGHT
350
334
  3
UCSORGTOP
350
331
  3
UCSORTHOREF
350
32E
  3
UCSORTHOVIEW
350
32F
  3
VERSIONGUID
350
323
  0
DICTIONARY
  5
338
102
{ACAD_REACTORS
330
C
102
}
330
C
100
AcDbDictionary
  3
CANNOSCALE
350
33F
  3
DIMASSOC
350
33D
  3
HIDETEXT
350
33E
  3
MSLTSCALE
350
340
  0
MATERIAL
  5
45
102
{ACAD_REACTORS
330
43
102
}
102
{ACAD_XDICTIONARY
360
343
102
}
330
43
100
AcDbMaterial
  1
BYBLOCK
  0
MATERIAL
  5
44
102
{ACAD_REACTORS
330
43
102
}
102
{ACAD_XDICTIONARY
360
341
102
}
330
43
100
AcDbMaterial
  1
BYLAYER
  0
MATERIAL
  5
46
102
{ACAD_REACTORS
330
43
102
}
102
{ACAD_XDICTIONARY
360
345
102
}
330
43
100
AcDbMaterial
  1
GLOBAL
  0
MLINESTYLE
  5
18
102
{ACAD_REACTORS
330
17
102
}
330
17
100
AcDbMlineStyle
  2
Standard
 70
     0
  3

 62
   256
 51
90.0
 52
90.0
 71
     2
 49
0.5
 62
   256
  6
BYLAYER
 49
-0.5
 62
   256
  6
BYLAYER
  0
ACAD_PROXY_OBJECT
  5
48
102
{ACAD_REACTORS
330
47
102
}
330
47
100
AcDbProxyObject
 90
      499
 91
      503
 93
       41
310
903313A31580
  0
ACAD_PROXY_OBJECT
  5
49
102
{ACAD_REACTORS
330
47
102
}
330
47
100
AcDbProxyObject
 90
      499
 91
      503
 93
      105
310
903313A324000000000000004000
  0
ACAD_PROXY_OBJECT
  5
4A
102
{ACAD_REACTORS
330
47
102
}
330
47
100
AcDbProxyObject
 90
      499
 91
      503
 93
      105
310
903313A344000000000000104000
  0
ACAD_PROXY_OBJECT
  5
4B
102
{ACAD_REACTORS
330
47
102
}
330
47
100
AcDbProxyObject
 90
      499
 91
      503
 93
      105
310
903313A354000000000000144000
  0
ACAD_PROXY_OBJECT
  5
4C
102
{ACAD_REACTORS
330
47
102
}
330
47
100
AcDbProxyObject
 90
      499
 91
      503
 93
      105
310
903313A384000000000000204000
  0
ACAD_PROXY_OBJECT
  5
4D
102
{ACAD_REACTORS
330
47
102
}
330
47
100
AcDbProxyObject
 90
      499
 91
      503
 93
      113
310
904313A31304000000000000244000
  0
ACAD_PROXY_OBJECT
  5
4E
102
{ACAD_REACTORS
330
47
102
}
330
47
100
AcDbProxyObject
 90
      499
 91
      503
 93
      113
310
904313A31364000000000000304000
  0
ACAD_PROXY_OBJECT
  5
4F
102
{ACAD_REACTORS
330
47
102
}
330
47
100
AcDbProxyObject
 90
      499
 91
      503
 93
      113
310
904313A32304000000000000344000
  0
ACAD_PROXY_OBJECT
  5
50
102
{ACAD_REACTORS
330
47
102
}
330
47
100
AcDbProxyObject
 90
      499
 91
      503
 93
      113
310
904313A333040000000000003E4000
  0
ACAD_PROXY_OBJECT
  5
51
102
{ACAD_REACTORS
330
47
102
}
330
47
100
AcDbProxyObject
 90
      499
 91
      503
 93
      113
310
904313A34304000000000000444000
  0
ACAD_PROXY_OBJECT
  5
52
102
{ACAD_REACTORS
330
47
102
}
330
47
100
AcDbProxyObject
 90
      499
 91
      503
 93
      113
310
904313A35304000000000000494000
  0
ACAD_PROXY_OBJECT
  5
53
102
{ACAD_REACTORS
330
47
102
}
330
47
100
AcDbProxyObject
 90
      499
 91
      503
 93
      121
310
905313A3130304000000000000594000
  0
ACAD_PROXY_OBJECT
  5
54
102
{ACAD_REACTORS
330
47
102
}
330
47
100
AcDbProxyObject
 90
      499
 91
      503
 93
      105
310
903323A310000000000000010100
  0
ACAD_PROXY_OBJECT
  5
55
102
{ACAD_REACTORS
330
47
102
}
330
47
100
AcDbProxyObject
 90
      499
 91
      503
 93
      105
310
903343A310000000000000410100
  0
ACAD_PROXY_OBJECT
  5
56
102
{ACAD_REACTORS
330
47
102
}
330
47
100
AcDbProxyObject
 90
      499
 91
      503
 93
      105
310
903383A310000000000000810100
  0
ACAD_PROXY_OBJECT
  5
57
102
{ACAD_REACTORS
330
47
102
}
330
47
100
AcDbProxyObject
 90
      499
 91
      503
 93
      113
310
90431303A310000000000000910100
  0
ACAD_PROXY_OBJECT
  5
58
102
{ACAD_REACTORS
330
47
102
}
330
47
100
AcDbProxyObject
 90
      499
 91
      503
 93
      121
310
9053130303A310000000000001650100
  0
ACAD_PROXY_OBJECT
  5
59
102
{ACAD_REACTORS
330
47
102
}
330
47
100
AcDbProxyObject
 90
      499
 91
      503
 93
      257
310
90E312F31323822203D2031272D3022000000000000200FC000000000000284000
  0
ACAD_PROXY_OBJECT
  5
5A
102
{ACAD_REACTORS
330
47
102
}
330
47
100
AcDbProxyObject
 90
      499
 91
      503
 93
      249
310
90D312F363422203D2031272D3022000000000000240FC000000000000284000
  0
ACAD_PROXY_OBJECT
  5
5B
102
{ACAD_REACTORS
330
47
102
}
330
47
100
AcDbProxyObject
 90
      499
 91
      503
 93
      249
310
90D312F333222203D2031272D3022000000000000280FC000000000000284000
  0
ACAD_PROXY_OBJECT
  5
5C
102
{ACAD_REACTORS
330
47
102
}
330
47
100
AcDbProxyObject
 90
      499
 91
      503
 93
      249
310
90D312F313622203D2031272D30220000000000002C0FC000000000000284000
  0
ACAD_PROXY_OBJECT
  5
5D
102
{ACAD_REACTORS
330
47
102
}
330
47
100
AcDbProxyObject
 90
      499
 91
      503
 93
      249
310
90D332F333222203D2031272D30220000000000002E0FC000000000000284000
  0
ACAD_PROXY_OBJECT
  5
5E
102
{ACAD_REACTORS
330
47
102
}
330
47
100
AcDbProxyObject
 90
      499
 91
      503
 93
      241
310
90C312F3822203D2031272D3022000000000000300FC000000000000284000
  0
ACAD_PROXY_OBJECT
  5
5F
102
{ACAD_REACTORS
330
47
102
}
330
47
100
AcDbProxyObject
 90
      499
 91
      503
 93
      249
310
90D332F313622203D2031272D3022000000000000320FC000000000000284000
  0
ACAD_PROXY_OBJECT
  5
60
102
{ACAD_REACTORS
330
47
102
}
330
47
100
AcDbProxyObject
 90
      499
 91
      503
 93
      241
310
90C312F3422203D2031272D3022000000000000340FC000000000000284000
  0
ACAD_PROXY_OBJECT
  5
61
102
{ACAD_REACTORS
330
47
102
}
330
47
100
AcDbProxyObject
 90
      499
 91
      503
 93
      241
310
90C332F3822203D2031272D3022000000000000360FC000000000000284000
  0
ACAD_PROXY_OBJECT
  5
62
102
{ACAD_REACTORS
330
47
102
}
330
47
100
AcDbProxyObject
 90
      499
 91
      503
 93
      241
310
90C312F3222203D2031272D3022000000000000380FC000000000000284000
  0
ACAD_PROXY_OBJECT
  5
63
102
{ACAD_REACTORS
330
47
102
}
330
47
100
AcDbProxyObject
 90
      499
 91
      503
 93
      241
310
90C332F3422203D2031272D30220000000000003A0FC000000000000284000
  0
ACAD_PROXY_OBJECT
  5
64
102
{ACAD_REACTORS
330
47
102
}
330
47
100
AcDbProxyObject
 90
      499
 91
      503
 93
      161
310
90A3122203D2031272D30224000000000000284000
  0
ACAD_PROXY_OBJECT
  5
65
102
{ACAD_REACTORS
330
47
102
}
330
47
100
AcDbProxyObject
 90
      499
 91
      503
 93
      257
310
90E312D312F3222203D2031272D30220000000000003E0FC000000000000284000
  0
ACAD_PROXY_OBJECT
  5
66
102
{ACAD_REACTORS
330
47
102
}
330
47
100
AcDbProxyObject
 90
      499
 91
      503
 93
      225
310
90A3322203D2031272D302200000000000002100000000000000284000
  0
ACAD_PROXY_OBJECT
  5
67
102
{ACAD_REACTORS
330
47
102
}
330
47
100
AcDbProxyObject
 90
      499
 91
      503
 93
      225
310
90A3622203D2031272D302200000000000006100000000000000284000
  0
ACAD_PROXY_OBJECT
  5
68
102
{ACAD_REACTORS
330
47
102
}
330
47
100
AcDbProxyObject
 90
      499
 91
      503
 93
      249
310
90D31272D3022203D2031272D30220000000000000A100000000000000284000
  0
ACAD_PROXY_OBJECT
  5
2F
102
{ACAD_REACTORS
330
2A
102
}
330
2A
100
AcDbProxyObject
 90
      499
 91
      501
 93
      436
310
42CC9915DA5C99599C985B595049028333333333333E33F0000000000000F90107901411070040501600405405064090741402480A0340
1001
ACAD
1000
AcDbSavedByObjectVersion
1070
     0
  0
ACAD_PROXY_OBJECT
  5
32
102
{ACAD_REACTORS
330
2A
102
}
330
2A
100
AcDbProxyObject
 90
      499
 91
      501
 93
      388
310
4150985CDA58D07406404333333333333E33F0000000000000F90107A41107004050150841D405064090741402480A0350
1001
ACAD
1000
AcDbSavedByObjectVersion
1070
     0
  0
ACAD_PROXY_OBJECT
  5
36
102
{ACAD_REACTORS
330
2A
102
}
330
2A
100
AcDbProxyObject
 90
      499
 91
      501
 93
      428
310
42109C9A59DA1D195B90C409028333333333333E33F0000000000000F9010790141107004050150841D405064090741402480A029950
1001
ACAD
1000
AcDbSavedByObjectVersion
1070
     0
  0
ACAD_PROXY_OBJECT
  5
3A
102
{ACAD_REACTORS
330
2A
102
}
330
2A
100
AcDbProxyObject
 90
      499
 91
      501
 93
      452
310
42D0DBDB1BDC90DA185B99D95104090240C333333333333E33F0000000000000F90108901411070040501508421405064090741402480A0350
1001
ACAD
1000
AcDbSavedByObjectVersion
1070
     0
  0
ACAD_PROXY_OBJECT
  5
34
102
{ACAD_REACTORS
330
2A
102
}
330
2A
100
AcDbProxyObject
 90
      499
 91
      501
 93
      500
310
4290DBDB98D95C1D1D585B10940D028333333333333E33F0000000000000F90107902409070040501000000000018199010841D405064090740C02480A0340
1001
ACAD
1000
AcDbSavedByObjectVersion
1070
     0
  0
ACAD_PROXY_OBJECT
  5
35
102
{ACAD_REACTORS
330
2A
102
}
330
2A
100
AcDbProxyObject
 90
      499
 91
      501
 93
      412
310
40D11A5B50B409028333333333333E33F0000000000000F9010790141107004050150841D405064090741402480A02677FFFFFD0
1001
ACAD
1000
AcDbSavedByObjectVersion
1070
     0
  0
ACAD_PROXY_OBJECT
  5
3D
102
{ACAD_REACTORS
330
2A
102
}
330
2A
100
AcDbProxyObject
 90
      499
 91
      501
 93
      452
310
43115919D950DBDB1BDC93D999916409028333333333333E33F0000000000000F9010790141107004050150841D405064090741402480A0350
1001
ACAD
1000
AcDbSavedByObjectVersion
1070
     0
  0
ACAD_PROXY_OBJECT
  5
39
102
{ACAD_REACTORS
330
2A
102
}
330
2A
100
AcDbProxyObject
 90
      499
 91
      501
 93
      444
310
42D19858D95C185D1D195C9B90F409028333333333333E33F0000000000000F9010790141107004050150841D405064090741402480A0350
1001
ACAD
1000
AcDbSavedByObjectVersion
1070
     0
  0
ACAD_PROXY_OBJECT
  5
2B
102
{ACAD_REACTORS
330
2A
102
}
330
2A
100
AcDbProxyObject
 90
      499
 91
      501
 93
      380
310
41119B185D240901404333333333333E33F0000000000000F9010740A907004050150841D405064090741402480A1B50
1001
ACAD
1000
AcDbSavedByObjectVersion
1070
     0
  0
ACAD_PROXY_OBJECT
  5
2C
102
{ACAD_REACTORS
330
2A
102
}
330
2A
100
AcDbProxyObject
 90
      499
 91
      501
 93
      468
310
43519B185D15DA5D1A115919D95CD0140901404333333333333E33F0000000000000F90107409019070040501600405405064090741402480A1B50
1001
ACAD
1000
AcDbSavedByObjectVersion
1070
     0
  0
ACAD_PROXY_OBJECT
  5
2D
102
{ACAD_REACTORS
330
2A
102
}
330
2A
100
AcDbProxyObject
 90
      499
 91
      501
 93
      404
310
41D1DBDD5C985D5910240902404333333333333E33F0000000000000F9010740A9070040501641D405064090741402480A1B50
1001
ACAD
1000
AcDbSavedByObjectVersion
1070
     0
  0
ACAD_PROXY_OBJECT
  5
2E
102
{ACAD_REACTORS
330
2A
102
}
330
2A
100
AcDbProxyObject
 90
      499
 91
      501
 93
      492
310
4411DBDD5C985D5915DA5D1A115919D95CD0340902404333333333333E33F0000000000000F90107409019070040501600405405064090741402480A1B50
1001
ACAD
1000
AcDbSavedByObjectVersion
1070
     0
  0
ACAD_PROXY_OBJECT
  5
31
102
{ACAD_REACTORS
330
2A
102
}
330
2A
100
AcDbProxyObject
 90
      499
 91
      501
 93
      476
310
41921A5919195B90640502408333333333333E33F0000000000000F901079024090700405020000000000001110200405405064090740C02480A0340
1001
ACAD
1000
AcDbSavedByObjectVersion
1070
     0
  0
ACAD_PROXY_OBJECT
  5
3B
102
{ACAD_REACTORS
330
2A
102
}
330
2A
100
AcDbProxyObject
 90
      499
 91
      501
 93
      428
310
42529A5D1D195C93D999914409028333333333333E33F0000000000000F9010790141107004050150A41D405064090741402480A0350
1001
ACAD
1000
AcDbSavedByObjectVersion
1070
     0
  0
ACAD_PROXY_OBJECT
  5
38
102
{ACAD_REACTORS
330
2A
102
}
330
2A
100
AcDbProxyObject
 90
      499
 91
      501
 93
      444
310
42D31A5B995C185D1D195C9B90E409028333333333333E33F0000000000000F9010790141107004050750841D405064090741402483A0350
1001
ACAD
1000
AcDbSavedByObjectVersion
1070
     0
  0
ACAD_PROXY_OBJECT
  5
3C
102
{ACAD_REACTORS
330
2A
102
}
330
2A
100
AcDbProxyObject
 90
      499
 91
      501
 93
      444
310
42D3DD995C9A185B99D3D999915409028333333333333E33F0000000000000F9010790141107004050150941D405064090741402480A0350
1001
ACAD
1000
AcDbSavedByObjectVersion
1070
     0
  0
ACAD_PROXY_OBJECT
  5
33
102
{ACAD_REACTORS
330
2A
102
}
330
2A
100
AcDbProxyObject
 90
      499
 91
      501
 93
      428
310
425499585B1A5CDD1A58D08409038333333333333E33F0000000000000F9010740A907004050150800405405064090740C02480A1B40
1001
ACAD
1000
AcDbSavedByObjectVersion
1070
     0
  0
ACAD_PROXY_OBJECT
  5
42
102
{ACAD_REACTORS
330
2A
102
}
330
2A
100
AcDbProxyObject
 90
      499
 91
      501
 93
      420
310
4194DA1859195911B40902404333333333333E33F0000000000000F9010740A41107004050150800405405064090840C02480A0B40
1001
ACAD
1000
AcDbSavedByObjectVersion
1070
     0
  0
ACAD_PROXY_OBJECT
  5
41
102
{ACAD_REACTORS
330
2A
102
}
330
2A
100
AcDbProxyObject
 90
      499
 91
      501
 93
      516
310
4454DA18591959081DDA5D1A08195919D95CD1A40902404333333333333E33F0000000000000F901074090142907004050250800405405064090740C02480A0B40
1001
ACAD
1000
AcDbSavedByObjectVersion
1070
     0
  0
ACAD_PROXY_OBJECT
  5
3E
102
{ACAD_REACTORS
330
2A
102
}
330
2A
100
AcDbProxyObject
 90
      499
 91
      501
 93
      532
310
4394DA1859195CC81BD98811DC985E5174090240C333333333333E33F0000000000000F901079024090741D01000000000000111010841D405064090740C02480A0340
1001
ACAD
1000
AcDbSavedByObjectVersion
1070
     0
  0
ACAD_PROXY_OBJECT
  5
3F
102
{ACAD_REACTORS
330
2A
102
}
330
2A
100
AcDbProxyObject
 90
      499
 91
      501
 93
      476
310
41D4DAD95D18DA1E51840502408333333333333E33F0000000000000F901079024090741D01000000000000111010B41D405064090741802480A0340
1001
ACAD
1000
AcDbSavedByObjectVersion
1070
     0
  0
ACAD_PROXY_OBJECT
  5
37
102
{ACAD_REACTORS
330
2A
102
}
330
2A
100
AcDbProxyObject
 90
      499
 91
      501
 93
      412
310
41D51A1A58DAD95B90D409028333333333333E33F0000000000000F9010790141107004050150C41D405064090741402480A0350
1001
ACAD
1000
AcDbSavedByObjectVersion
1070
     0
  0
ACAD_PROXY_OBJECT
  5
30
102
{ACAD_REACTORS
330
2A
102
}
330
2A
100
AcDbProxyObject
 90
      499
 91
      501
 93
      420
310
4255DA5C99599C985B595059028333333333333E33F0000000000000F90107901411070040501600405405064090740C02480A0340
1001
ACAD
1000
AcDbSavedByObjectVersion
1070
     0
  0
ACAD_PROXY_OBJECT
  5
40
102
{ACAD_REACTORS
330
2A
102
}
330
2A
100
AcDbProxyObject
 90
      499
 91
      501
 93
      404
310
41560B54985E51940902404000000000000E03F0000000000000F9010740501907004050150841D405064090740C02480A1B40
1001
ACAD
1000
AcDbSavedByObjectVersion
1070
     0
  0
XRECORD
  5
321
102
{ACAD_REACTORS
330
318
102
}
330
318
100
AcDbXrecord
 90
        0
  0
XRECORD
  5
337
102
{ACAD_REACTORS
330
318
102
}
330
318
100
AcDbXrecord
1000
DSTYLE
1002
{
1070
   279
 70
     2
1070
   340
340
11
1002
}
  0
XRECORD
  5
322
102
{ACAD_REACTORS
330
318
102
}
330
318
100
AcDbXrecord
  1
{F9C669F9-6081-4510-9C81-3DC7FE081CA8}
  0
XRECORD
  5
31B
102
{ACAD_REACTORS
330
318
102
}
330
318
100
AcDbXrecord
  1

  0
XRECORD
  5
320
102
{ACAD_REACTORS
330
318
102
}
330
318
100
AcDbXrecord
 90
        4
  0
XRECORD
  5
31D
102
{ACAD_REACTORS
330
318
102
}
330
318
100
AcDbXrecord
340
1A
  0
XRECORD
  5
31F
102
{ACAD_REACTORS
330
318
102
}
330
318
100
AcDbXrecord
 90
    10781
  0
XRECORD
  5
31E
102
{ACAD_REACTORS
330
318
102
}
330
318
100
AcDbXrecord
340
19
  0
XRECORD
  5
324
102
{ACAD_REACTORS
330
318
102
}
330
318
100
AcDbXrecord
 40
0.0
  0
XRECORD
  5
327
102
{ACAD_REACTORS
330
318
102
}
330
318
100
AcDbXrecord
340
0
  0
XRECORD
  5
32D
102
{ACAD_REACTORS
330
318
102
}
330
318
100
AcDbXrecord
 10
0.0
 20
0.0
 30
0.0
  0
XRECORD
  5
329
102
{ACAD_REACTORS
330
318
102
}
330
318
100
AcDbXrecord
 10
0.0
 20
0.0
 30
0.0
  0
XRECORD
  5
32C
102
{ACAD_REACTORS
330
318
102
}
330
318
100
AcDbXrecord
 10
0.0
 20
0.0
 30
0.0
  0
XRECORD
  5
32A
102
{ACAD_REACTORS
330
318
102
}
330
318
100
AcDbXrecord
 10
0.0
 20
0.0
 30
0.0
  0
XRECORD
  5
32B
102
{ACAD_REACTORS
330
318
102
}
330
318
100
AcDbXrecord
 10
0.0
 20
0.0
 30
0.0
  0
XRECORD
  5
328
102
{ACAD_REACTORS
330
318
102
}
330
318
100
AcDbXrecord
 10
0.0
 20
0.0
 30
0.0
  0
XRECORD
  5
325
102
{ACAD_REACTORS
330
318
102
}
330
318
100
AcDbXrecord
340
0
  0
XRECORD
  5
326
102
{ACAD_REACTORS
330
318
102
}
330
318
100
AcDbXrecord
 70
     0
  0
XRECORD
  5
31C
102
{ACAD_REACTORS
330
318
102
}
330
318
100
AcDbXrecord
  1

  0
XRECORD
  5
319
102
{ACAD_REACTORS
330
318
102
}
330
318
100
AcDbXrecord
 90
        1
  0
XRECORD
  5
31A
102
{ACAD_REACTORS
330
318
102
}
330
318
100
AcDbXrecord
 90
       70
  0
XRECORD
  5
330
102
{ACAD_REACTORS
330
318
102
}
330
318
100
AcDbXrecord
340
0
  0
XRECORD
  5
336
102
{ACAD_REACTORS
330
318
102
}
330
318
100
AcDbXrecord
 10
0.0
 20
0.0
 30
0.0
  0
XRECORD
  5
332
102
{ACAD_REACTORS
330
318
102
}
330
318
100
AcDbXrecord
 10
0.0
 20
0.0
 30
0.0
  0
XRECORD
  5
335
102
{ACAD_REACTORS
330
318
102
}
330
318
100
AcDbXrecord
 10
0.0
 20
0.0
 30
0.0
  0
XRECORD
  5
333
102
{ACAD_REACTORS
330
318
102
}
330
318
100
AcDbXrecord
 10
0.0
 20
0.0
 30
0.0
  0
XRECORD
  5
334
102
{ACAD_REACTORS
330
318
102
}
330
318
100
AcDbXrecord
 10
0.0
 20
0.0
 30
0.0
  0
XRECORD
  5
331
102
{ACAD_REACTORS
330
318
102
}
330
318
100
AcDbXrecord
 10
0.0
 20
0.0
 30
0.0
  0
XRECORD
  5
32E
102
{ACAD_REACTORS
330
318
102
}
330
318
100
AcDbXrecord
340
0
  0
XRECORD
  5
32F
102
{ACAD_REACTORS
330
318
102
}
330
318
100
AcDbXrecord
 70
     0
  0
XRECORD
  5
323
102
{ACAD_REACTORS
330
318
102
}
330
318
100
AcDbXrecord
  1
{FAEB1C32-E019-11D5-929B-00C0DF256EC4}
  0
DICTIONARYVAR
  5
33F
102
{ACAD_REACTORS
330
338
102
}
330
338
100
DictionaryVariables
280
     0
  1
1:1
  0
DICTIONARYVAR
  5
33D
102
{ACAD_REACTORS
330
338
102
}
330
338
100
DictionaryVariables
280
     0
  1
2
  0
DICTIONARYVAR
  5
33E
102
{ACAD_REACTORS
330
338
102
}
330
338
100
DictionaryVariables
280
     0
  1
1
  0
DICTIONARYVAR
  5
340
102
{ACAD_REACTORS
330
338
102
}
330
338
100
DictionaryVariables
280
     0
  1
1
  0
DICTIONARY
  5
343
330
45
100
AcDbDictionary
280
     1
  3
ACAD_XREC_ROUNDTRIP
360
344
  0
DICTIONARY
  5
341
330
44
100
AcDbDictionary
280
     1
  3
ACAD_XREC_ROUNDTRIP
360
342
  0
DICTIONARY
  5
345
330
46
100
AcDbDictionary
280
     1
  3
ACAD_XREC_ROUNDTRIP
360
346
  0
XRECORD
  5
344
102
{ACAD_REACTORS
330
343
102
}
330
343
100
AcDbXrecord
102
MATERIAL
148
0.0
149
0.0
149
0.0
 93
        0
 94
      127
282
     0
 72
     1
 77
     1
171
     1
175
     1
179
     1
273
     0
  0
XRECORD
  5
342
102
{ACAD_REACTORS
330
341
102
}
330
341
100
AcDbXrecord
102
MATERIAL
148
0.0
149
0.0
149
0.0
 93
        0
 94
      127
282
     0
 72
     1
 77
     1
171
     1
175
     1
179
     1
273
     0
  0
XRECORD
  5
346
102
{ACAD_REACTORS
330
345
102
}
330
345
100
AcDbXrecord
102
MATERIAL
148
0.0
149
0.0
149
0.0
 93
        0
 94
      127
282
     0
 72
     1
 77
     1
171
     1
175
     1
179
     1
273
     0
  0
ENDSEC
  0
EOF
