  0
SECTION
  2
HEADER
  9
$ACADVER
  1
AC1014
  9
$ACADMAINTVER
 70
     9
  9
$DWGCODEPAGE
  3
ANSI_1252
  9
$INSBASE
 10
0.0
 20
0.0
 30
0.0
  9
$EXTMIN
 10
0.0999772222222323
 20
0.1000477777777778
 30
0.0
  9
$EXTMAX
 10
200.09993
 20
300.1001533333334
 30
0.0
  9
$LIMMIN
 10
0.0
 20
0.0
  9
$LIMMAX
 10
12.0
 20
9.0
  9
$ORTHOMODE
 70
     0
  9
$REGENMODE
 70
     1
  9
$FILLMODE
 70
     1
  9
$QTEXTMODE
 70
     0
  9
$MIRRTEXT
 70
     1
  9
$DRAGMODE
 70
     2
  9
$LTSCALE
 40
1.0
  9
$OSMODE
 70
    37
  9
$ATTMODE
 70
     1
  9
$TEXTSIZE
 40
0.2
  9
$TRACEWID
 40
0.05
  9
$TEXTSTYLE
  7
STANDARD
  9
$CLAYER
  8
DEFAULT
  9
$CELTYPE
  6
BYLAYER
  9
$CECOLOR
 62
   256
  9
$CELTSCALE
 40
1.0
  9
$DELOBJ
 70
     1
  9
$DISPSILH
 70
     0
  9
$DIMSCALE
 40
1.0
  9
$DIMASZ
 40
0.18
  9
$DIMEXO
 40
0.0625
  9
$DIMDLI
 40
0.38
  9
$DIMRND
 40
0.0
  9
$DIMDLE
 40
0.0
  9
$DIMEXE
 40
0.18
  9
$DIMTP
 40
0.0
  9
$DIMTM
 40
0.0
  9
$DIMTXT
 40
0.18
  9
$DIMCEN
 40
0.09
  9
$DIMTSZ
 40
0.0
  9
$DIMTOL
 70
     0
  9
$DIMLIM
 70
     0
  9
$DIMTIH
 70
     1
  9
$DIMTOH
 70
     1
  9
$DIMSE1
 70
     0
  9
$DIMSE2
 70
     0
  9
$DIMTAD
 70
     0
  9
$DIMZIN
 70
     0
  9
$DIMBLK
  1

  9
$DIMASO
 70
     1
  9
$DIMSHO
 70
     1
  9
$DIMPOST
  1

  9
$DIMAPOST
  1

  9
$DIMALT
 70
     0
  9
$DIMALTD
 70
     2
  9
$DIMALTF
 40
25.4
  9
$DIMLFAC
 40
1.0
  9
$DIMTOFL
 70
     0
  9
$DIMTVP
 40
0.0
  9
$DIMTIX
 70
     0
  9
$DIMSOXD
 70
     0
  9
$DIMSAH
 70
     0
  9
$DIMBLK1
  1

  9
$DIMBLK2
  1

  9
$DIMSTYLE
  2
STANDARD
  9
$DIMCLRD
 70
     0
  9
$DIMCLRE
 70
     0
  9
$DIMCLRT
 70
     0
  9
$DIMTFAC
 40
1.0
  9
$DIMGAP
 40
0.09
  9
$DIMJUST
 70
     0
  9
$DIMSD1
 70
     0
  9
$DIMSD2
 70
     0
  9
$DIMTOLJ
 70
     1
  9
$DIMTZIN
 70
     0
  9
$DIMALTZ
 70
     0
  9
$DIMALTTZ
 70
     0
  9
$DIMFIT
 70
     5
  9
$DIMUPT
 70
     0
  9
$DIMUNIT
 70
     2
  9
$DIMDEC
 70
     4
  9
$DIMTDEC
 70
     4
  9
$DIMALTU
 70
     2
  9
$DIMALTTD
 70
     2
  9
$DIMTXSTY
  7
STANDARD
  9
$DIMAUNIT
 70
     0
  9
$LUNITS
 70
     2
  9
$LUPREC
 70
     3
  9
$SKETCHINC
 40
0.1
  9
$FILLETRAD
 40
0.5
  9
$AUNITS
 70
     0
  9
$AUPREC
 70
     0
  9
$MENU
  1
.
  9
$ELEVATION
 40
0.0
  9
$PELEVATION
 40
0.0
  9
$THICKNESS
 40
0.0
  9
$LIMCHECK
 70
     0
  9
$CHAMFERA
 40
0.0
  9
$CHAMFERB
 40
0.0
  9
$CHAMFERC
 40
0.0
  9
$CHAMFERD
 40
0.0
  9
$SKPOLY
 70
     0
  9
$TDCREATE
 40
2459351.671837419
  9
$TDUPDATE
 40
2459351.671876296
  9
$TDINDWG
 40
0.0000000116
  9
$TDUSRTIMER
 40
0.0000000116
  9
$USRTIMER
 70
     1
  9
$ANGBASE
 50
0.0
  9
$ANGDIR
 70
     0
  9
$PDMODE
 70
     0
  9
$PDSIZE
 40
0.0
  9
$PLINEWID
 40
0.0
  9
$COORDS
 70
     1
  9
$SPLFRAME
 70
     0
  9
$SPLINETYPE
 70
     6
  9
$SPLINESEGS
 70
     8
  9
$ATTDIA
 70
     0
  9
$ATTREQ
 70
     1
  9
$HANDLING
 70
     1
  9
$HANDSEED
  5
307
  9
$SURFTAB1
 70
     6
  9
$SURFTAB2
 70
     6
  9
$SURFTYPE
 70
     6
  9
$SURFU
 70
     6
  9
$SURFV
 70
     6
  9
$UCSNAME
  2

  9
$UCSORG
 10
0.0
 20
0.0
 30
0.0
  9
$UCSXDIR
 10
1.0
 20
0.0
 30
0.0
  9
$UCSYDIR
 10
0.0
 20
1.0
 30
0.0
  9
$PUCSNAME
  2

  9
$PUCSORG
 10
0.0
 20
0.0
 30
0.0
  9
$PUCSXDIR
 10
1.0
 20
0.0
 30
0.0
  9
$PUCSYDIR
 10
0.0
 20
1.0
 30
0.0
  9
$USERI1
 70
     0
  9
$USERI2
 70
     0
  9
$USERI3
 70
     0
  9
$USERI4
 70
     0
  9
$USERI5
 70
     0
  9
$USERR1
 40
0.0
  9
$USERR2
 40
0.0
  9
$USERR3
 40
0.0
  9
$USERR4
 40
0.0
  9
$USERR5
 40
0.0
  9
$WORLDVIEW
 70
     1
  9
$SHADEDGE
 70
     3
  9
$SHADEDIF
 70
    70
  9
$TILEMODE
 70
     1
  9
$MAXACTVP
 70
    64
  9
$PINSBASE
 10
0.0
 20
0.0
 30
0.0
  9
$PLIMCHECK
 70
     0
  9
$PEXTMIN
 10
1.000000000000000E+20
 20
1.000000000000000E+20
 30
1.000000000000000E+20
  9
$PEXTMAX
 10
-1.000000000000000E+20
 20
-1.000000000000000E+20
 30
-1.000000000000000E+20
  9
$PLIMMIN
 10
0.0
 20
0.0
  9
$PLIMMAX
 10
12.0
 20
9.0
  9
$UNITMODE
 70
     0
  9
$VISRETAIN
 70
     1
  9
$PLINEGEN
 70
     0
  9
$PSLTSCALE
 70
     1
  9
$TREEDEPTH
 70
  3020
  9
$PICKSTYLE
 70
     1
  9
$CMLSTYLE
  2
STANDARD
  9
$CMLJUST
 70
     0
  9
$CMLSCALE
 40
1.0
  9
$PROXYGRAPHICS
 70
     1
  9
$MEASUREMENT
 70
     0
  0
ENDSEC
  0
SECTION
  2
CLASSES
  0
CLASS
  1
ACDBDICTIONARYWDFLT
  2
AcDbDictionaryWithDefault
  3
ObjectDBX Classes
 90
        0
280
     0
281
     0
  0
CLASS
  1
VISUALSTYLE
  2
AcDbVisualStyle
  3
ObjectDBX Classes
 90
     4095
280
     0
281
     0
  0
CLASS
  1
MATERIAL
  2
AcDbMaterial
  3
ObjectDBX Classes
 90
     1153
280
     0
281
     0
  0
CLASS
  1
SCALE
  2
AcDbScale
  3
ObjectDBX Classes
 90
     1153
280
     0
281
     0
  0
CLASS
  1
SUN
  2
AcDbSun
  3
SCENEOE
 90
     1153
280
     0
281
     0
  0
CLASS
  1
DICTIONARYVAR
  2
AcDbDictionaryVar
  3
ObjectDBX Classes
 90
        0
280
     0
281
     0
  0
CLASS
  1
XRECORD
  2
AcDbXrecord
  3
ObjectDBX Classes
 90
        0
280
     0
281
     0
  0
CLASS
  1
LWPOLYLINE
  2
AcDbPolyline
  3
ObjectDBX Classes
 90
        0
280
     0
281
     1
  0
CLASS
  1
HATCH
  2
AcDbHatch
  3
ObjectDBX Classes
 90
        0
280
     0
281
     1
  0
CLASS
  1
ACDBPLACEHOLDER
  2
AcDbPlaceHolder
  3
ObjectDBX Classes
 90
        0
280
     0
281
     0
  0
CLASS
  1
LAYOUT
  2
AcDbLayout
  3
ObjectDBX Classes
 90
        0
280
     0
281
     0
  0
ENDSEC
  0
SECTION
  2
TABLES
  0
TABLE
  2
VPORT
  5
8
330
0
100
AcDbSymbolTable
 70
     1
  0
VPORT
  5
29
330
8
100
AcDbSymbolTableRecord
100
AcDbViewportTableRecord
  2
*ACTIVE
 70
     0
 10
0.0
 20
0.0
 11
1.0
 21
1.0
 12
100.0999536111111
 22
150.1001005555556
 13
0.0
 23
0.0
 14
0.5
 24
0.5
 15
0.5
 25
0.5
 16
0.0
 26
0.0
 36
1.0
 17
0.0
 27
0.0
 37
0.0
 40
306.0001076666667
 41
0.6666662746914958
 42
50.0
 43
0.0
 44
0.0
 50
0.0
 51
0.0
 71
     0
 72
   100
 73
     1
 74
     3
 75
     0
 76
     0
 77
     0
 78
     0
  0
ENDTAB
  0
TABLE
  2
LTYPE
  5
5
330
0
100
AcDbSymbolTable
 70
     1
  0
LTYPE
  5
14
330
5
100
AcDbSymbolTableRecord
100
AcDbLinetypeTableRecord
  2
BYBLOCK
 70
     0
  3

 72
    65
 73
     0
 40
0.0
  0
LTYPE
  5
15
330
5
100
AcDbSymbolTableRecord
100
AcDbLinetypeTableRecord
  2
BYLAYER
 70
     0
  3

 72
    65
 73
     0
 40
0.0
  0
LTYPE
  5
16
330
5
100
AcDbSymbolTableRecord
100
AcDbLinetypeTableRecord
  2
CONTINUOUS
 70
     0
  3
Solid line
 72
    65
 73
     0
 40
0.0
  0
ENDTAB
  0
TABLE
  2
LAYER
  5
2
330
0
100
AcDbSymbolTable
 70
     2
  0
LAYER
  5
10
330
2
100
AcDbSymbolTableRecord
100
AcDbLayerTableRecord
  2
0
 70
     0
 62
     7
  6
CONTINUOUS
  0
LAYER
  5
6A
330
2
100
AcDbSymbolTableRecord
100
AcDbLayerTableRecord
  2
DEFAULT
 70
     0
 62
     7
  6
CONTINUOUS
  0
ENDTAB
  0
TABLE
  2
STYLE
  5
3
330
0
100
AcDbSymbolTable
 70
     1
  0
STYLE
  5
11
330
3
100
AcDbSymbolTableRecord
100
AcDbTextStyleTableRecord
  2
STANDARD
 70
     0
 40
0.0
 41
1.0
 50
0.0
 71
     0
 42
0.2
  3
txt
  4

  0
ENDTAB
  0
TABLE
  2
VIEW
  5
6
330
0
100
AcDbSymbolTable
 70
     0
  0
ENDTAB
  0
TABLE
  2
UCS
  5
7
330
0
100
AcDbSymbolTable
 70
     0
  0
ENDTAB
  0
TABLE
  2
APPID
  5
9
330
0
100
AcDbSymbolTable
 70
     1
  0
APPID
  5
12
330
9
100
AcDbSymbolTableRecord
100
AcDbRegAppTableRecord
  2
ACAD
 70
     0
  0
ENDTAB
  0
TABLE
  2
DIMSTYLE
  5
A
330
0
100
AcDbSymbolTable
 70
     1
  0
DIMSTYLE
105
27
330
A
100
AcDbSymbolTableRecord
100
AcDbDimStyleTableRecord
  2
STANDARD
 70
     0
  3

  4

  5

  6

  7

 40
1.0
 41
0.18
 42
0.0625
 43
0.38
 44
0.18
 45
0.0
 46
0.0
 47
0.0
 48
0.0
140
0.18
141
0.09
142
0.0
143
25.4
144
1.0
145
0.0
146
1.0
147
0.09
 71
     0
 72
     0
 73
     1
 74
     1
 75
     0
 76
     0
 77
     0
 78
     0
170
     0
171
     2
172
     0
173
     0
174
     0
175
     0
176
     0
177
     0
178
     0
270
     2
271
     4
272
     4
273
     2
274
     2
340
11
275
     0
280
     0
281
     0
282
     0
283
     1
284
     0
285
     0
286
     0
287
     3
288
     0
  0
ENDTAB
  0
TABLE
  2
BLOCK_RECORD
  5
1
330
0
100
AcDbSymbolTable
 70
     1
  0
BLOCK_RECORD
  5
1F
330
1
100
AcDbSymbolTableRecord
100
AcDbBlockTableRecord
  2
*MODEL_SPACE
  0
BLOCK_RECORD
  5
1B
330
1
100
AcDbSymbolTableRecord
100
AcDbBlockTableRecord
  2
*PAPER_SPACE
  0
ENDTAB
  0
ENDSEC
  0
SECTION
  2
BLOCKS
  0
BLOCK
  5
20
330
1F
100
AcDbEntity
  8
0
100
AcDbBlockBegin
  2
*MODEL_SPACE
 70
     0
 10
0.0
 20
0.0
 30
0.0
  3
*MODEL_SPACE
  1

  0
ENDBLK
  5
21
330
1F
100
AcDbEntity
  8
0
100
AcDbBlockEnd
  0
BLOCK
  5
1C
330
1B
100
AcDbEntity
 67
     1
  8
0
100
AcDbBlockBegin
  2
*PAPER_SPACE
 70
     0
 10
0.0
 20
0.0
 30
0.0
  3
*PAPER_SPACE
  1

  0
ENDBLK
  5
1D
330
1B
100
AcDbEntity
 67
     1
  8
0
100
AcDbBlockEnd
  0
ENDSEC
  0
SECTION
  2
ENTITIES
  0
SPLINE
  5
6B
330
1F
100
AcDbEntity
  8
DEFAULT
 62
     1
100
AcDbSpline
210
0.0
220
0.0
230
1.0
 70
    11
 71
     3
 72
    32
 73
    28
 74
     0
 42
0.000000001
 43
0.0000000001
 40
1.0
 40
1.0
 40
1.0
 40
1.0
 40
33.673
 40
33.673
 40
33.673
 40
46.90300000000002
 40
46.90300000000002
 40
46.90300000000002
 40
60.86400000000003
 40
60.86400000000003
 40
60.86400000000003
 40
61.86400000000003
 40
61.86400000000003
 40
61.86400000000003
 40
75.67300000000006
 40
75.67300000000006
 40
75.67300000000006
 40
76.67300000000006
 40
76.67300000000006
 40
76.67300000000006
 40
77.67300000000006
 40
77.67300000000006
 40
77.67300000000006
 40
91.48700000000002
 40
91.48700000000002
 40
91.48700000000002
 40
92.48700000000002
 40
92.48700000000002
 40
92.48700000000002
 40
92.48700000000002
 10
169.5344519444444
 20
224.8875430555555
 30
0.0
 10
165.6923491666666
 20
224.8875430555555
 30
0.0
 10
161.8502463888889
 20
224.8875430555555
 30
0.0
 10
158.0081436111111
 20
224.8875430555555
 30
0.0
 10
158.0081436111111
 20
226.4432930555555
 30
0.0
 10
158.0081436111111
 20
227.9990430555555
 30
0.0
 10
158.0081436111111
 20
229.5547930555555
 30
0.0
 10
159.6498537962963
 20
229.5547930555555
 30
0.0
 10
161.2915639814815
 20
229.5547930555555
 30
0.0
 10
162.9332741666667
 20
229.5547930555555
 30
0.0
 10
162.7978075
 20
229.9372041666666
 30
0.0
 10
162.6926797222222
 20
230.3369013888889
 30
0.0
 10
162.6281213888889
 20
230.7471819444444
 30
0.0
 10
164.2519575
 20
230.7471819444444
 30
0.0
 10
165.8757936111111
 20
230.7471819444444
 30
0.0
 10
167.4996297222222
 20
230.7471819444444
 30
0.0
 10
167.8993269444445
 20
230.0338652777777
 30
0.0
 10
168.6620325
 20
229.5547930555555
 30
0.0
 10
169.5344519444444
 20
229.5547930555555
 30
0.0
 10
170.4089880555555
 20
229.5547930555555
 30
0.0
 10
171.1699297222222
 20
230.0338652777777
 30
0.0
 10
171.5696269444445
 20
230.7471819444444
 30
0.0
 10
173.1940510185185
 20
230.7471819444444
 30
0.0
 10
174.8184750925926
 20
230.7471819444444
 30
0.0
 10
176.4428991666666
 20
230.7471819444444
 30
0.0
 10
175.8992686111111
 20
227.4208402777778
 30
0.0
 10
173.0135463888889
 20
224.8875430555555
 30
0.0
 10
169.5344519444444
 20
224.8875430555555
 30
0.0
  0
SPLINE
  5
6C
330
1F
100
AcDbEntity
  8
DEFAULT
 62
     1
100
AcDbSpline
210
0.0
220
0.0
230
1.0
 70
    11
 71
     3
 72
    23
 73
    19
 74
     0
 42
0.000000001
 43
0.0000000001
 40
0.0
 40
0.0
 40
0.0
 40
0.0
 40
1.0
 40
1.0
 40
1.0
 40
14.80900000000003
 40
14.80900000000003
 40
14.80900000000003
 40
15.80900000000003
 40
15.80900000000003
 40
15.80900000000003
 40
16.80900000000003
 40
16.80900000000003
 40
16.80900000000003
 40
30.62299999999999
 40
30.62299999999999
 40
30.62299999999999
 40
31.62299999999999
 40
31.62299999999999
 40
31.62299999999999
 40
31.62299999999999
 10
169.5344519444444
 20
234.2242655555555
 30
0.0
 10
168.6620325
 20
234.2242655555555
 30
0.0
 10
167.8993269444445
 20
233.7427238888889
 30
0.0
 10
167.4996297222222
 20
233.0336405555555
 30
0.0
 10
165.8757936111111
 20
233.0336405555555
 30
0.0
 10
164.2519575
 20
233.0336405555555
 30
0.0
 10
162.6281213888889
 20
233.0336405555555
 30
0.0
 10
163.1717519444445
 20
236.3557488888889
 30
0.0
 10
166.0578269444444
 20
238.8893988888889
 30
0.0
 10
169.5344519444444
 20
238.8893988888889
 30
0.0
 10
173.0135463888889
 20
238.8893988888889
 30
0.0
 10
175.8992686111111
 20
236.3557488888889
 30
0.0
 10
176.4428991666666
 20
233.0336405555555
 30
0.0
 10
174.8184750925926
 20
233.0336405555555
 30
0.0
 10
173.1940510185185
 20
233.0336405555555
 30
0.0
 10
171.5696269444445
 20
233.0336405555555
 30
0.0
 10
171.1699297222222
 20
233.7427238888889
 30
0.0
 10
170.4089880555555
 20
234.2242655555555
 30
0.0
 10
169.5344519444444
 20
234.2242655555555
 30
0.0
  0
SPLINE
  5
6D
330
1F
100
AcDbEntity
  8
DEFAULT
 62
     1
100
AcDbSpline
210
0.0
220
0.0
230
1.0
 70
    11
 71
     3
 72
    29
 73
    25
 74
     0
 42
0.000000001
 43
0.0000000001
 40
0.0
 40
0.0
 40
0.0
 40
0.0
 40
1.0
 40
1.0
 40
1.0
 40
2.0
 40
2.0
 40
2.0
 40
3.0
 40
3.0
 40
3.0
 40
21.71899999999999
 40
21.71899999999999
 40
21.71899999999999
 40
22.71899999999999
 40
22.71899999999999
 40
22.71899999999999
 40
23.71899999999999
 40
23.71899999999999
 40
23.71899999999999
 40
42.43799999999999
 40
42.43799999999999
 40
42.43799999999999
 40
43.43799999999999
 40
43.43799999999999
 40
43.43799999999999
 40
43.43799999999999
 10
169.5346283333333
 20
239.7083372222222
 30
0.0
 10
165.6685366666667
 20
239.7083372222222
 30
0.0
 10
162.5341061111111
 20
242.842415
 30
0.0
 10
162.5341061111111
 20
246.7085066666666
 30
0.0
 10
162.5341061111111
 20
250.576715
 30
0.0
 10
165.6685366666667
 20
253.7107927777778
 30
0.0
 10
169.5346283333333
 20
253.7107927777778
 30
0.0
 10
172.5843922222222
 20
253.7107927777778
 30
0.0
 10
175.1769561111111
 20
251.7620483333333
 30
0.0
 10
176.1382755555555
 20
249.0424844444444
 30
0.0
 10
173.9370598148148
 20
249.0424844444444
 30
0.0
 10
171.7358440740741
 20
249.0424844444444
 30
0.0
 10
169.5346283333333
 20
249.0424844444444
 30
0.0
 10
168.2462838888889
 20
249.0424844444444
 30
0.0
 10
167.2006505555555
 20
247.998615
 30
0.0
 10
167.2006505555555
 20
246.7085066666666
 30
0.0
 10
167.2006505555555
 20
245.420515
 30
0.0
 10
168.2462838888889
 20
244.3762927777777
 30
0.0
 10
169.5346283333333
 20
244.3762927777777
 30
0.0
 10
171.7358440740741
 20
244.3762927777777
 30
0.0
 10
173.9370598148148
 20
244.3762927777777
 30
0.0
 10
176.1382755555555
 20
244.3762927777777
 30
0.0
 10
175.1769561111111
 20
241.6567288888889
 30
0.0
 10
172.5843922222222
 20
239.7083372222222
 30
0.0
 10
169.5346283333333
 20
239.7083372222222
 30
0.0
  0
SPLINE
  5
6E
330
1F
100
AcDbEntity
  8
DEFAULT
 62
     1
100
AcDbSpline
210
0.0
220
0.0
230
1.0
 70
    11
 71
     3
 72
    23
 73
    19
 74
     0
 42
0.000000001
 43
0.0000000001
 40
0.0
 40
0.0
 40
0.0
 40
0.0
 40
1.0
 40
1.0
 40
1.0
 40
14.80900000000003
 40
14.80900000000003
 40
14.80900000000003
 40
15.80900000000003
 40
15.80900000000003
 40
15.80900000000003
 40
16.80900000000003
 40
16.80900000000003
 40
16.80900000000003
 40
30.62299999999999
 40
30.62299999999999
 40
30.62299999999999
 40
31.62299999999999
 40
31.62299999999999
 40
31.62299999999999
 40
31.62299999999999
 10
169.5344519444444
 20
254.5286375
 30
0.0
 10
166.0578269444444
 20
254.5286375
 30
0.0
 10
163.1738686111111
 20
257.0640513888889
 30
0.0
 10
162.6281213888889
 20
260.3861597222222
 30
0.0
 10
164.2519575
 20
260.3861597222222
 30
0.0
 10
165.8757936111111
 20
260.3861597222222
 30
0.0
 10
167.4996297222222
 20
260.3861597222222
 30
0.0
 10
167.8993269444445
 20
259.6749597222222
 30
0.0
 10
168.6620325
 20
259.1958875
 30
0.0
 10
169.5344519444444
 20
259.1958875
 30
0.0
 10
170.4089880555555
 20
259.1958875
 30
0.0
 10
171.1699297222222
 20
259.6749597222222
 30
0.0
 10
171.5696269444445
 20
260.3861597222222
 30
0.0
 10
173.1940510185185
 20
260.3861597222222
 30
0.0
 10
174.8184750925926
 20
260.3861597222222
 30
0.0
 10
176.4428991666666
 20
260.3861597222222
 30
0.0
 10
175.8971519444444
 20
257.0640513888889
 30
0.0
 10
173.0135463888889
 20
254.5286375
 30
0.0
 10
169.5344519444444
 20
254.5286375
 30
0.0
  0
SPLINE
  5
6F
330
1F
100
AcDbEntity
  8
DEFAULT
 62
     1
100
AcDbSpline
210
0.0
220
0.0
230
1.0
 70
    11
 71
     3
 72
    23
 73
    19
 74
     0
 42
0.000000001
 43
0.0000000001
 40
0.0
 40
0.0
 40
0.0
 40
0.0
 40
1.0
 40
1.0
 40
1.0
 40
14.80900000000003
 40
14.80900000000003
 40
14.80900000000003
 40
15.80900000000003
 40
15.80900000000003
 40
15.80900000000003
 40
16.80900000000003
 40
16.80900000000003
 40
16.80900000000003
 40
30.62299999999999
 40
30.62299999999999
 40
30.62299999999999
 40
31.62299999999999
 40
31.62299999999999
 40
31.62299999999999
 40
31.62299999999999
 10
169.5344519444444
 20
269.3492552777777
 30
0.0
 10
166.0578269444444
 20
269.3492552777777
 30
0.0
 10
163.1717519444445
 20
271.8829052777778
 30
0.0
 10
162.6281213888889
 20
275.2067775
 30
0.0
 10
164.2519575
 20
275.2067775
 30
0.0
 10
165.8757936111111
 20
275.2067775
 30
0.0
 10
167.4996297222222
 20
275.2067775
 30
0.0
 10
167.8993269444445
 20
274.4955775
 30
0.0
 10
168.6620325
 20
274.0165052777778
 30
0.0
 10
169.5344519444444
 20
274.0165052777778
 30
0.0
 10
170.4089880555555
 20
274.0165052777778
 30
0.0
 10
171.1699297222222
 20
274.4955775
 30
0.0
 10
171.5696269444445
 20
275.2067775
 30
0.0
 10
173.1940510185185
 20
275.2067775
 30
0.0
 10
174.8184750925926
 20
275.2067775
 30
0.0
 10
176.4428991666666
 20
275.2067775
 30
0.0
 10
175.8992686111111
 20
271.8829052777778
 30
0.0
 10
173.0135463888889
 20
269.3492552777777
 30
0.0
 10
169.5344519444444
 20
269.3492552777777
 30
0.0
  0
SPLINE
  5
70
330
1F
100
AcDbEntity
  8
DEFAULT
 62
     1
100
AcDbSpline
210
0.0
220
0.0
230
1.0
 70
    11
 71
     3
 72
    32
 73
    28
 74
     0
 42
0.000000001
 43
0.0000000001
 40
1.0
 40
1.0
 40
1.0
 40
1.0
 40
2.0
 40
2.0
 40
2.0
 40
15.80900000000003
 40
15.80900000000003
 40
15.80900000000003
 40
16.80900000000003
 40
16.80900000000003
 40
16.80900000000003
 40
49.48200000000003
 40
49.48200000000003
 40
49.48200000000003
 40
62.71200000000005
 40
62.71200000000005
 40
62.71200000000005
 40
76.66700000000003
 40
76.66700000000003
 40
76.66700000000003
 40
77.66700000000003
 40
77.66700000000003
 40
77.66700000000003
 40
91.481
 40
91.481
 40
91.481
 40
92.481
 40
92.481
 40
92.481
 40
92.481
 10
169.5344519444444
 20
263.8632786111111
 30
0.0
 10
168.6620325
 20
263.8632786111111
 30
0.0
 10
167.8993269444445
 20
263.3842063888889
 30
0.0
 10
167.4996297222222
 20
262.6726536111111
 30
0.0
 10
165.8757936111111
 20
262.6726536111111
 30
0.0
 10
164.2519575
 20
262.6726536111111
 30
0.0
 10
162.6281213888889
 20
262.6726536111111
 30
0.0
 10
163.1738686111111
 20
265.9947619444444
 30
0.0
 10
166.0578269444444
 20
268.5305286111111
 30
0.0
 10
169.5344519444444
 20
268.5305286111111
 30
0.0
 10
173.3765547222222
 20
268.5305286111111
 30
0.0
 10
177.2186575
 20
268.5305286111111
 30
0.0
 10
181.0607602777778
 20
268.5305286111111
 30
0.0
 10
181.0607602777778
 20
266.9747786111111
 30
0.0
 10
181.0607602777778
 20
265.4190286111111
 30
0.0
 10
181.0607602777778
 20
263.8632786111111
 30
0.0
 10
179.4197556481481
 20
263.8632786111111
 30
0.0
 10
177.7787510185185
 20
263.8632786111111
 30
0.0
 10
176.1377463888889
 20
263.8632786111111
 30
0.0
 10
176.2732130555555
 20
263.4808675
 30
0.0
 10
176.3765769444444
 20
263.0832869444444
 30
0.0
 10
176.4428991666666
 20
262.6726536111111
 30
0.0
 10
174.8184750925926
 20
262.6726536111111
 30
0.0
 10
173.1940510185185
 20
262.6726536111111
 30
0.0
 10
171.5696269444445
 20
262.6726536111111
 30
0.0
 10
171.1699297222222
 20
263.3842063888889
 30
0.0
 10
170.4089880555555
 20
263.8632786111111
 30
0.0
 10
169.5344519444444
 20
263.8632786111111
 30
0.0
  0
SPLINE
  5
71
330
1F
100
AcDbEntity
  8
DEFAULT
 62
     1
100
AcDbSpline
210
0.0
220
0.0
230
1.0
 70
    11
 71
     3
 72
    23
 73
    19
 74
     0
 42
0.000000001
 43
0.0000000001
 40
0.0
 40
0.0
 40
0.0
 40
0.0
 40
1.0
 40
1.0
 40
1.0
 40
14.80900000000003
 40
14.80900000000003
 40
14.80900000000003
 40
15.80900000000003
 40
15.80900000000003
 40
15.80900000000003
 40
16.80900000000003
 40
16.80900000000003
 40
16.80900000000003
 40
30.62299999999999
 40
30.62299999999999
 40
30.62299999999999
 40
31.62299999999999
 40
31.62299999999999
 40
31.62299999999999
 40
31.62299999999999
 10
169.5344519444444
 20
278.6837552777777
 30
0.0
 10
168.6620325
 20
278.6837552777777
 30
0.0
 10
167.8993269444445
 20
278.2046830555556
 30
0.0
 10
167.4996297222222
 20
277.4931302777778
 30
0.0
 10
165.8757936111111
 20
277.4931302777778
 30
0.0
 10
164.2519575
 20
277.4931302777778
 30
0.0
 10
162.6281213888889
 20
277.4931302777778
 30
0.0
 10
163.1717519444445
 20
280.8152386111111
 30
0.0
 10
166.0578269444444
 20
283.3510052777777
 30
0.0
 10
169.5344519444444
 20
283.3510052777777
 30
0.0
 10
173.0135463888889
 20
283.3510052777777
 30
0.0
 10
175.8992686111111
 20
280.8152386111111
 30
0.0
 10
176.4428991666666
 20
277.4931302777778
 30
0.0
 10
174.8184750925926
 20
277.4931302777778
 30
0.0
 10
173.1940510185185
 20
277.4931302777778
 30
0.0
 10
171.5696269444445
 20
277.4931302777778
 30
0.0
 10
171.1699297222222
 20
278.2046830555556
 30
0.0
 10
170.4089880555555
 20
278.6837552777777
 30
0.0
 10
169.5344519444444
 20
278.6837552777777
 30
0.0
  0
SPLINE
  5
72
330
1F
100
AcDbEntity
  8
DEFAULT
 62
     1
100
AcDbSpline
210
0.0
220
0.0
230
1.0
 70
    11
 71
     3
 72
    29
 73
    25
 74
     0
 42
0.000000001
 43
0.0000000001
 40
0.0
 40
0.0
 40
0.0
 40
0.0
 40
538.583
 40
538.583
 40
538.583
 40
539.583
 40
539.583
 40
539.583
 40
1361.63
 40
1361.63
 40
1361.63
 40
1362.63
 40
1362.63
 40
1362.63
 40
1901.213
 40
1901.213
 40
1901.213
 40
1902.213
 40
1902.213
 40
1902.213
 40
2724.26
 40
2724.26
 40
2724.26
 40
2725.26
 40
2725.26
 40
2725.26
 40
2725.26
 10
195.1000105555555
 20
0.1000477777777778
 30
0.0
 10
131.7666392592593
 20
0.1000477777777778
 30
0.0
 10
68.43326796296297
 20
0.1000477777777778
 30
0.0
 10
5.099896666666677
 20
0.1000477777777778
 30
0.0
 10
2.338705000000011
 20
0.1000477777777778
 30
0.0
 10
0.0999772222222323
 20
2.338775555555555
 30
0.0
 10
0.0999772222222323
 20
5.099967222222221
 30
0.0
 10
0.0999772222222323
 20
101.7666051851852
 30
0.0
 10
0.0999772222222323
 20
198.4332431481481
 30
0.0
 10
0.0999772222222323
 20
295.0998811111111
 30
0.0
 10
0.0999772222222323
 20
297.8614255555555
 30
0.0
 10
2.338705000000011
 20
300.1001533333333
 30
0.0
 10
5.099896666666677
 20
300.1001533333333
 30
0.0
 10
68.43326796296296
 20
300.1001533333333
 30
0.0
 10
131.7666392592593
 20
300.1001533333333
 30
0.0
 10
195.1000105555555
 20
300.1001533333333
 30
0.0
 10
197.861555
 20
300.1001533333333
 30
0.0
 10
200.09993
 20
297.8614255555555
 30
0.0
 10
200.09993
 20
295.0998811111111
 30
0.0
 10
200.09993
 20
198.4332431481481
 30
0.0
 10
200.09993
 20
101.7666051851852
 30
0.0
 10
200.09993
 20
5.099967222222221
 30
0.0
 10
200.09993
 20
2.338775555555555
 30
0.0
 10
197.861555
 20
0.1000477777777778
 30
0.0
 10
195.1000105555555
 20
0.1000477777777778
 30
0.0
  0
SPLINE
  5
73
330
1F
100
AcDbEntity
  8
DEFAULT
 62
     3
100
AcDbSpline
210
0.0
220
0.0
230
1.0
 70
    11
 71
     3
 72
    14
 73
    10
 74
     0
 42
0.000000001
 43
0.0000000001
 40
0.0
 40
0.0
 40
0.0
 40
0.0
 40
1.0
 40
1.0
 40
1.0
 40
2.0
 40
2.0
 40
2.0
 40
3.0
 40
3.0
 40
3.0
 40
3.0
 10
43.99209444444444
 20
257.4765897222222
 30
0.0
 10
42.99232222222221
 20
258.4513147222222
 30
0.0
 10
45.39826666666666
 20
258.9504952777777
 30
0.0
 10
47.12299722222222
 20
259.8842980555556
 30
0.0
 10
48.84808055555555
 20
260.8181008333333
 30
0.0
 10
47.95484722222222
 20
258.9907119444445
 30
0.0
 10
47.063025
 20
257.9122702777778
 30
0.0
 10
46.17120277777777
 20
256.8338286111111
 30
0.0
 10
44.80136666666666
 20
256.6874258333334
 30
0.0
 10
43.99209444444444
 20
257.4765897222222
 30
0.0
  0
SPLINE
  5
74
330
1F
100
AcDbEntity
  8
DEFAULT
 62
     7
100
AcDbSpline
210
0.0
220
0.0
230
1.0
 70
     8
 71
     3
 72
    23
 73
    19
 74
     0
 42
0.000000001
 43
0.0000000001
 40
0.0
 40
0.0
 40
0.0
 40
0.0
 40
1.0
 40
1.0
 40
1.0
 40
2.0
 40
2.0
 40
2.0
 40
3.021213203435668
 40
3.021213203435668
 40
3.021213203435668
 40
4.021213203435668
 40
4.021213203435668
 40
4.021213203435668
 40
5.021213203435668
 40
5.021213203435668
 40
5.021213203435668
 40
6.021213203435668
 40
6.021213203435668
 40
6.021213203435668
 40
6.021213203435668
 10
11.14135722222222
 20
262.7184794444444
 30
0.0
 10
11.15405722222222
 20
262.8691155555555
 30
0.0
 10
11.24331
 20
263.0963044444444
 30
0.0
 10
11.41123222222222
 20
263.2642266666667
 30
0.0
 10
11.71814888888889
 20
263.5711433333333
 30
0.0
 10
12.06669333333333
 20
263.5009405555555
 30
0.0
 10
12.28435722222222
 20
263.2832766666667
 30
0.0
 10
12.46921277777778
 20
263.0984211111111
 30
0.0
 10
12.53059611111111
 20
262.8451266666667
 30
0.0
 10
12.42370444444444
 20
262.5681961111111
 30
0.0
 10
12.66006555555555
 20
262.71601
 30
0.0
 10
12.98109333333333
 20
262.706485
 30
0.0
 10
13.23191833333333
 20
262.45566
 30
0.0
 10
13.51837388888889
 20
262.1688516666666
 30
0.0
 10
13.57481833333333
 20
261.7239988888889
 30
0.0
 10
13.20087388888889
 20
261.3497016666666
 30
0.0
 10
13.02589611111111
 20
261.1747238888889
 30
0.0
 10
12.80893777777778
 20
261.0844127777777
 30
0.0
 10
12.67452944444445
 20
261.0653627777778
 30
0.0
  0
POLYLINE
  5
75
330
1F
100
AcDbEntity
  8
DEFAULT
 62
     7
100
AcDb2dPolyline
 66
     1
 10
0.0
 20
0.0
 30
0.0
  0
VERTEX
  5
76
330
75
100
AcDbEntity
  8
DEFAULT
 62
     7
100
AcDbVertex
100
AcDb2dVertex
 10
14.39096972222224
 20
261.3755955555555
 30
0.0
  0
VERTEX
  5
77
330
75
100
AcDbEntity
  8
DEFAULT
 62
     7
100
AcDbVertex
100
AcDb2dVertex
 10
12.26971694444447
 20
259.2543427777778
 30
0.0
  0
SEQEND
  5
78
330
75
100
AcDbEntity
  8
DEFAULT
 62
     7
  0
SPLINE
  5
79
330
1F
100
AcDbEntity
  8
DEFAULT
 62
     7
100
AcDbSpline
210
0.0
220
0.0
230
1.0
 70
     8
 71
     3
 72
    17
 73
    13
 74
     0
 42
0.000000001
 43
0.0000000001
 40
0.0
 40
0.0
 40
0.0
 40
0.0
 40
3.071671857474399
 40
3.071671857474399
 40
3.071671857474399
 40
4.071671857474399
 40
4.071671857474399
 40
4.071671857474399
 40
5.071671857474399
 40
5.071671857474399
 40
5.071671857474399
 40
6.071671857474399
 40
6.071671857474399
 40
6.071671857474399
 40
6.071671857474399
 10
12.39781055555555
 20
260.5501308333334
 30
0.0
 10
12.14239944444444
 20
260.8055419444444
 30
0.0
 10
11.88698833333332
 20
261.0609530555556
 30
0.0
 10
11.63157722222221
 20
261.3163641666667
 30
0.0
 10
11.41673555555555
 20
261.5312058333333
 30
0.0
 10
11.15215222222222
 20
261.6303363888889
 30
0.0
 10
10.91473277777778
 20
261.3929169444444
 30
0.0
 10
10.75174944444444
 20
261.2302863888889
 30
0.0
 10
10.73305222222222
 20
260.9911030555555
 30
0.0
 10
10.81983555555555
 20
260.8133030555555
 30
0.0
 10
10.83853277777778
 20
260.7656780555556
 30
0.0
 10
10.87134111111111
 20
260.7272252777777
 30
0.0
 10
10.91826055555556
 20
260.6803058333334
 30
0.0
  0
POLYLINE
  5
7A
330
1F
100
AcDbEntity
  8
DEFAULT
 62
     7
100
AcDb2dPolyline
 66
     1
 10
0.0
 20
0.0
 30
0.0
  0
VERTEX
  5
7B
330
7A
100
AcDbEntity
  8
DEFAULT
 62
     7
100
AcDbVertex
100
AcDb2dVertex
 10
11.72308777777781
 20
259.8754080555556
 30
0.0
  0
VERTEX
  5
7C
330
7A
100
AcDbEntity
  8
DEFAULT
 62
     7
100
AcDbVertex
100
AcDb2dVertex
 10
9.76622944444445
 20
261.8322663888889
 30
0.0
  0
SEQEND
  5
7D
330
7A
100
AcDbEntity
  8
DEFAULT
 62
     7
  0
SPLINE
  5
7E
330
1F
100
AcDbEntity
  8
DEFAULT
 62
     1
100
AcDbSpline
210
0.0
220
0.0
230
1.0
 70
    11
 71
     3
 72
    47
 73
    43
 74
     0
 42
0.000000001
 43
0.0000000001
 40
1.0
 40
1.0
 40
1.0
 40
1.0
 40
2.0
 40
2.0
 40
2.0
 40
3.0
 40
3.0
 40
3.0
 40
4.0
 40
4.0
 40
4.0
 40
16.8898504646097
 40
16.8898504646097
 40
16.8898504646097
 40
25.39351661515914
 40
25.39351661515914
 40
25.39351661515914
 40
38.29610104619468
 40
38.29610104619468
 40
38.29610104619468
 40
39.29610104619468
 40
39.29610104619468
 40
39.29610104619468
 40
40.29610104619468
 40
40.29610104619468
 40
40.29610104619468
 40
41.29610104619468
 40
41.29610104619468
 40
41.29610104619468
 40
42.29610104619468
 40
42.29610104619468
 40
42.29610104619468
 40
43.29610104619468
 40
43.29610104619468
 40
43.29610104619468
 40
44.29610104619468
 40
44.29610104619468
 40
44.29610104619468
 40
45.29610104619468
 40
45.29610104619468
 40
45.29610104619468
 40
46.29610104619468
 40
46.29610104619468
 40
46.29610104619468
 40
46.29610104619468
 10
9.402974166666665
 20
255.316355
 30
0.0
 10
11.68121305555555
 20
251.7247244444444
 30
0.0
 10
17.49640194444444
 20
250.0656105555555
 30
0.0
 10
19.48007138888889
 20
252.0415188888889
 30
0.0
 10
18.67432694444444
 20
252.8469105555555
 30
0.0
 10
18.80661861111111
 20
252.79858
 30
0.0
 10
17.91656027777777
 20
253.6967522222222
 30
0.0
 10
17.02050472222222
 20
254.5868105555555
 30
0.0
 10
17.06742416666667
 20
254.4545188888889
 30
0.0
 10
16.26167972222222
 20
255.2599105555555
 30
0.0
 10
15.19029361111111
 20
256.3321198148148
 30
0.0
 10
14.1189075
 20
257.404329074074
 30
0.0
 10
13.04752138888889
 20
258.4765383333333
 30
0.0
 10
13.75460564814815
 20
259.1836225925926
 30
0.0
 10
14.46168990740741
 20
259.8907068518518
 30
0.0
 10
15.16877416666667
 20
260.5977911111111
 30
0.0
 10
16.24051305555555
 20
259.5238179629629
 30
0.0
 10
17.31225194444444
 20
258.4498448148148
 30
0.0
 10
18.38399083333333
 20
257.3758716666666
 30
0.0
 10
19.18585472222222
 20
256.5733022222222
 30
0.0
 10
19.05426861111111
 20
256.6142244444444
 30
0.0
 10
19.94397416666666
 20
255.7234605555555
 30
0.0
 10
20.84002972222222
 20
254.8263466666666
 30
0.0
 10
20.79311027777777
 20
254.9646355555556
 30
0.0
 10
21.59850194444444
 20
254.1592438888889
 30
0.0
 10
24.35440194444444
 20
256.9147911111111
 30
0.0
 10
27.62253527777778
 20
243.9523244444444
 30
0.0
 10
33.23134916666666
 20
249.3321855555556
 30
0.0
 10
36.67340194444444
 20
252.6327744444444
 30
0.0
 10
39.29595194444444
 20
258.4973522222222
 30
0.0
 10
42.9461436111111
 20
255.0754077777778
 30
0.0
 10
47.84516861111111
 20
250.4822411111111
 30
0.0
 10
54.55711861111111
 20
266.33678
 30
0.0
 10
48.10446027777778
 20
262.7377411111111
 30
0.0
 10
33.51286583333333
 20
254.5991577777777
 30
0.0
 10
19.95208805555555
 20
264.2892577777777
 30
0.0
 10
14.96134083333333
 20
267.0896077777778
 30
0.0
 10
11.3439575
 20
269.1187855555555
 30
0.0
 10
8.971174166666666
 20
267.533755
 30
0.0
 10
7.699410277777777
 20
266.3276077777778
 30
0.0
 10
5.543232499999999
 20
264.282555
 30
0.0
 10
5.083210277777778
 20
262.1249661111111
 30
0.0
 10
9.402974166666665
 20
255.316355
 30
0.0
  0
SPLINE
  5
7F
330
1F
100
AcDbEntity
  8
DEFAULT
 62
     3
100
AcDbSpline
210
0.0
220
0.0
230
1.0
 70
    11
 71
     3
 72
    14
 73
    10
 74
     0
 42
0.000000001
 43
0.0000000001
 40
0.0
 40
0.0
 40
0.0
 40
0.0
 40
1.0
 40
1.0
 40
1.0
 40
2.0
 40
2.0
 40
2.0
 40
3.0
 40
3.0
 40
3.0
 40
3.0
 10
103.8931613888889
 20
257.4765897222222
 30
0.0
 10
104.8929336111111
 20
258.4513147222222
 30
0.0
 10
102.4869891666667
 20
258.9504952777777
 30
0.0
 10
100.7622586111111
 20
259.8842980555556
 30
0.0
 10
99.03717527777776
 20
260.8181008333333
 30
0.0
 10
99.93040861111109
 20
258.9907119444445
 30
0.0
 10
100.8222308333333
 20
257.9122702777778
 30
0.0
 10
101.7140530555555
 20
256.8338286111111
 30
0.0
 10
103.0838891666667
 20
256.6874258333334
 30
0.0
 10
103.8931613888889
 20
257.4765897222222
 30
0.0
  0
SPLINE
  5
80
330
1F
100
AcDbEntity
  8
DEFAULT
 62
     7
100
AcDbSpline
210
0.0
220
0.0
230
1.0
 70
     8
 71
     3
 72
    23
 73
    19
 74
     0
 42
0.000000001
 43
0.0000000001
 40
0.0
 40
0.0
 40
0.0
 40
0.0
 40
1.0
 40
1.0
 40
1.0
 40
2.0
 40
2.0
 40
2.0
 40
3.021931712199425
 40
3.021931712199425
 40
3.021931712199425
 40
4.021931712199425
 40
4.021931712199425
 40
4.021931712199425
 40
5.021931712199425
 40
5.021931712199425
 40
5.021931712199425
 40
6.021931712199425
 40
6.021931712199425
 40
6.021931712199425
 40
6.021931712199425
 10
136.9586697222222
 20
262.5038494444444
 30
0.0
 10
137.1093058333333
 20
262.4911494444444
 30
0.0
 10
137.3364947222222
 20
262.4018966666666
 30
0.0
 10
137.5044169444444
 20
262.2339744444444
 30
0.0
 10
137.8113336111111
 20
261.9270577777777
 30
0.0
 10
137.7411308333333
 20
261.5781605555555
 30
0.0
 10
137.5234669444444
 20
261.3604966666667
 30
0.0
 10
137.3386113888889
 20
261.1759938888889
 30
0.0
 10
137.0853169444444
 20
261.1146105555555
 30
0.0
 10
136.8083863888889
 20
261.2211494444444
 30
0.0
 10
136.9558475
 20
260.9851411111111
 30
0.0
 10
136.9463225
 20
260.6641133333333
 30
0.0
 10
136.6954975
 20
260.4132883333333
 30
0.0
 10
136.4090419444445
 20
260.12648
 30
0.0
 10
135.9641891666666
 20
260.0700355555555
 30
0.0
 10
135.5898919444444
 20
260.4443327777778
 30
0.0
 10
135.4149141666667
 20
260.6193105555556
 30
0.0
 10
135.3246030555555
 20
260.8359161111111
 30
0.0
 10
135.3055530555555
 20
260.9706772222222
 30
0.0
  0
POLYLINE
  5
81
330
1F
100
AcDbEntity
  8
DEFAULT
 62
     7
100
AcDb2dPolyline
 66
     1
 10
0.0
 20
0.0
 30
0.0
  0
VERTEX
  5
82
330
81
100
AcDbEntity
  8
DEFAULT
 62
     7
100
AcDbVertex
100
AcDb2dVertex
 10
135.6157858333333
 20
259.2542722222222
 30
0.0
  0
VERTEX
  5
83
330
81
100
AcDbEntity
  8
DEFAULT
 62
     7
100
AcDbVertex
100
AcDb2dVertex
 10
133.4945330555556
 20
261.375525
 30
0.0
  0
SEQEND
  5
84
330
81
100
AcDbEntity
  8
DEFAULT
 62
     7
  0
SPLINE
  5
85
330
1F
100
AcDbEntity
  8
DEFAULT
 62
     7
100
AcDbSpline
210
0.0
220
0.0
230
1.0
 70
     8
 71
     3
 72
    17
 73
    13
 74
     0
 42
0.000000001
 43
0.0000000001
 40
0.0
 40
0.0
 40
0.0
 40
0.0
 40
3.071671857474399
 40
3.071671857474399
 40
3.071671857474399
 40
4.071671857474399
 40
4.071671857474399
 40
4.071671857474399
 40
5.071671857474399
 40
5.071671857474399
 40
5.071671857474399
 40
6.071671857474399
 40
6.071671857474399
 40
6.071671857474399
 40
6.071671857474399
 10
134.7903211111111
 20
261.247255
 30
0.0
 10
135.0457322222222
 20
261.5026661111111
 30
0.0
 10
135.3011433333333
 20
261.7580772222223
 30
0.0
 10
135.5565544444445
 20
262.0134883333334
 30
0.0
 10
135.7713961111111
 20
262.2286827777777
 30
0.0
 10
135.8705266666667
 20
262.4932661111111
 30
0.0
 10
135.6331072222222
 20
262.7306855555556
 30
0.0
 10
135.4701238888889
 20
262.8936688888889
 30
0.0
 10
135.2312933333333
 20
262.9120133333333
 30
0.0
 10
135.0534933333333
 20
262.8255827777778
 30
0.0
 10
135.0058683333333
 20
262.8065327777778
 30
0.0
 10
134.9670627777778
 20
262.7737244444444
 30
0.0
 10
134.9204961111111
 20
262.726805
 30
0.0
  0
POLYLINE
  5
86
330
1F
100
AcDbEntity
  8
DEFAULT
 62
     7
100
AcDb2dPolyline
 66
     1
 10
0.0
 20
0.0
 30
0.0
  0
VERTEX
  5
87
330
86
100
AcDbEntity
  8
DEFAULT
 62
     7
100
AcDbVertex
100
AcDb2dVertex
 10
134.1155983333333
 20
261.9219777777777
 30
0.0
  0
VERTEX
  5
88
330
86
100
AcDbEntity
  8
DEFAULT
 62
     7
100
AcDbVertex
100
AcDb2dVertex
 10
136.0724566666667
 20
263.8788361111111
 30
0.0
  0
SEQEND
  5
89
330
86
100
AcDbEntity
  8
DEFAULT
 62
     7
  0
SPLINE
  5
8A
330
1F
100
AcDbEntity
  8
DEFAULT
 62
     1
100
AcDbSpline
210
0.0
220
0.0
230
1.0
 70
    11
 71
     3
 72
    47
 73
    43
 74
     0
 42
0.000000001
 43
0.0000000001
 40
1.0
 40
1.0
 40
1.0
 40
1.0
 40
2.0
 40
2.0
 40
2.0
 40
3.0
 40
3.0
 40
3.0
 40
4.0
 40
4.0
 40
4.0
 40
16.88985046460969
 40
16.88985046460969
 40
16.88985046460969
 40
25.39351661515912
 40
25.39351661515912
 40
25.39351661515912
 40
38.29610104619469
 40
38.29610104619469
 40
38.29610104619469
 40
39.29610104619469
 40
39.29610104619469
 40
39.29610104619469
 40
40.29610104619469
 40
40.29610104619469
 40
40.29610104619469
 40
41.29610104619469
 40
41.29610104619469
 40
41.29610104619469
 40
42.29610104619469
 40
42.29610104619469
 40
42.29610104619469
 40
43.29610104619469
 40
43.29610104619469
 40
43.29610104619469
 40
44.29610104619469
 40
44.29610104619469
 40
44.29610104619469
 40
45.29610104619469
 40
45.29610104619469
 40
45.29610104619469
 40
46.29610104619469
 40
46.29610104619469
 40
46.29610104619469
 40
46.29610104619469
 10
138.4822816666667
 20
255.316355
 30
0.0
 10
136.2040427777778
 20
251.7247244444444
 30
0.0
 10
130.3892066666667
 20
250.0656105555555
 30
0.0
 10
128.4055372222222
 20
252.0415188888889
 30
0.0
 10
129.2109288888889
 20
252.8469105555555
 30
0.0
 10
129.0786372222222
 20
252.79858
 30
0.0
 10
129.9686955555555
 20
253.6967522222222
 30
0.0
 10
130.8647511111111
 20
254.5868105555555
 30
0.0
 10
130.8181844444444
 20
254.4545188888889
 30
0.0
 10
131.6235761111111
 20
255.2599105555555
 30
0.0
 10
132.6949622222222
 20
256.3321198148148
 30
0.0
 10
133.7663483333333
 20
257.404329074074
 30
0.0
 10
134.8377344444444
 20
258.4765383333333
 30
0.0
 10
134.1306501851852
 20
259.1836225925926
 30
0.0
 10
133.4235659259259
 20
259.8907068518518
 30
0.0
 10
132.7164816666667
 20
260.5977911111111
 30
0.0
 10
131.6447427777778
 20
259.5238179629629
 30
0.0
 10
130.5730038888889
 20
258.4498448148148
 30
0.0
 10
129.501265
 20
257.3758716666666
 30
0.0
 10
128.6994011111111
 20
256.5733022222222
 30
0.0
 10
128.8309872222222
 20
256.6142244444444
 30
0.0
 10
127.9412816666667
 20
255.7234605555555
 30
0.0
 10
127.0452261111111
 20
254.8263466666666
 30
0.0
 10
127.0924983333333
 20
254.9646355555556
 30
0.0
 10
126.2867538888889
 20
254.1592438888889
 30
0.0
 10
123.5308538888889
 20
256.9147911111111
 30
0.0
 10
120.2627205555555
 20
243.9523244444444
 30
0.0
 10
114.6539066666667
 20
249.3321855555556
 30
0.0
 10
111.2118538888889
 20
252.6327744444444
 30
0.0
 10
108.5893038888889
 20
258.4973522222222
 30
0.0
 10
104.9391122222222
 20
255.0754077777778
 30
0.0
 10
100.0400872222222
 20
250.4822411111111
 30
0.0
 10
93.32813722222222
 20
266.33678
 30
0.0
 10
99.78079555555556
 20
262.7377411111111
 30
0.0
 10
114.3727427777778
 20
254.5991577777777
 30
0.0
 10
127.9335205555555
 20
264.2892577777777
 30
0.0
 10
132.923915
 20
267.0896077777778
 30
0.0
 10
136.5412983333333
 20
269.1187855555555
 30
0.0
 10
138.9140816666666
 20
267.533755
 30
0.0
 10
140.1858455555555
 20
266.3276077777778
 30
0.0
 10
142.3420233333333
 20
264.282555
 30
0.0
 10
142.8020455555555
 20
262.1249661111111
 30
0.0
 10
138.4822816666667
 20
255.316355
 30
0.0
  0
SPLINE
  5
8B
330
1F
100
AcDbEntity
  8
DEFAULT
 62
     3
100
AcDbSpline
210
0.0
220
0.0
230
1.0
 70
    11
 71
     3
 72
    14
 73
    10
 74
     0
 42
0.000000001
 43
0.0000000001
 40
0.0
 40
0.0
 40
0.0
 40
0.0
 40
1.0
 40
1.0
 40
1.0
 40
2.0
 40
2.0
 40
2.0
 40
3.0
 40
3.0
 40
3.0
 40
3.0
 10
69.20275861111111
 20
286.4359058333333
 30
0.0
 10
68.69722805555556
 20
287.5041169444444
 30
0.0
 10
68.76707805555554
 20
288.2724669444444
 30
0.0
 10
69.36362527777777
 20
289.4553308333333
 30
0.0
 10
69.75908916666666
 20
290.2392030555555
 30
0.0
 10
70.8696336111111
 20
290.9306475
 30
0.0
 10
70.35457805555555
 20
289.3308002777778
 30
0.0
 10
69.65396138888889
 20
287.1562780555556
 30
0.0
 10
70.21276138888888
 20
284.3008947222222
 30
0.0
 10
69.20275861111111
 20
286.4359058333333
 30
0.0
  0
SPLINE
  5
8C
330
1F
100
AcDbEntity
  8
DEFAULT
 62
     3
100
AcDbSpline
210
0.0
220
0.0
230
1.0
 70
    11
 71
     3
 72
    14
 73
    10
 74
     0
 42
0.000000001
 43
0.0000000001
 40
0.0
 40
0.0
 40
0.0
 40
0.0
 40
1.0
 40
1.0
 40
1.0
 40
2.0
 40
2.0
 40
2.0
 40
3.0
 40
3.0
 40
3.0
 40
3.0
 10
78.67988666666666
 20
286.4359058333333
 30
0.0
 10
79.18541722222221
 20
287.5041169444444
 30
0.0
 10
79.11556722222221
 20
288.2724669444444
 30
0.0
 10
78.51866722222222
 20
289.4553308333333
 30
0.0
 10
78.12320333333332
 20
290.2392030555555
 30
0.0
 10
77.01301166666666
 20
290.9306475
 30
0.0
 10
77.52806722222222
 20
289.3308002777778
 30
0.0
 10
78.2283311111111
 20
287.1562780555556
 30
0.0
 10
77.66988388888888
 20
284.3008947222222
 30
0.0
 10
78.67988666666666
 20
286.4359058333333
 30
0.0
  0
SPLINE
  5
8D
330
1F
100
AcDbEntity
  8
DEFAULT
 62
     3
100
AcDbSpline
210
0.0
220
0.0
230
1.0
 70
    11
 71
     3
 72
    23
 73
    19
 74
     0
 42
0.000000001
 43
0.0000000001
 40
0.0
 40
0.0
 40
0.0
 40
0.0
 40
1.0
 40
1.0
 40
1.0
 40
2.0
 40
2.0
 40
2.0
 40
3.0
 40
3.0
 40
3.0
 40
4.0
 40
4.0
 40
4.0
 40
5.0
 40
5.0
 40
5.0
 40
6.0
 40
6.0
 40
6.0
 40
6.0
 10
68.99140944444444
 20
279.823545
 30
0.0
 10
70.81879833333333
 20
288.8581838888888
 30
0.0
 10
68.70530666666666
 20
276.9766283333333
 30
0.0
 10
73.94088166666667
 20
276.9766283333333
 30
0.0
 10
79.17963166666667
 20
276.9766283333333
 30
0.0
 10
77.06649277777778
 20
288.8581838888888
 30
0.0
 10
78.89388166666666
 20
279.823545
 30
0.0
 10
79.68410388888888
 20
275.9077116666666
 30
0.0
 10
82.13943722222223
 20
272.7080172222222
 30
0.0
 10
79.63824277777778
 20
267.853795
 30
0.0
 10
77.88458444444444
 20
264.4459616666666
 30
0.0
 10
77.24640944444444
 20
269.6600172222222
 30
0.0
 10
73.94088166666667
 20
269.6600172222222
 30
0.0
 10
70.63535388888889
 20
269.6600172222222
 30
0.0
 10
70.00000111111112
 20
264.4459616666666
 30
0.0
 10
68.24352055555555
 20
267.853795
 30
0.0
 10
65.74232611111111
 20
272.7080172222222
 30
0.0
 10
68.20118722222222
 20
275.9077116666666
 30
0.0
 10
68.99140944444444
 20
279.823545
 30
0.0
  0
POLYLINE
  5
8E
330
1F
100
AcDbEntity
  8
DEFAULT
 62
     7
100
AcDb2dPolyline
 66
     1
 10
0.0
 20
0.0
 30
0.0
  0
VERTEX
  5
8F
330
8E
100
AcDbEntity
  8
DEFAULT
 62
     7
100
AcDbVertex
100
AcDb2dVertex
 10
75.19137305555554
 20
283.8400258333333
 30
0.0
  0
VERTEX
  5
90
330
8E
100
AcDbEntity
  8
DEFAULT
 62
     7
100
AcDbVertex
100
AcDb2dVertex
 10
72.69123694444444
 20
283.8400258333333
 30
0.0
  0
SEQEND
  5
91
330
8E
100
AcDbEntity
  8
DEFAULT
 62
     7
  0
SPLINE
  5
92
330
1F
100
AcDbEntity
  8
DEFAULT
 62
     7
100
AcDbSpline
210
0.0
220
0.0
230
1.0
 70
     8
 71
     3
 72
    17
 73
    13
 74
     0
 42
0.000000001
 43
0.0000000001
 40
0.0
 40
0.0
 40
0.0
 40
0.0
 40
3.072000000000003
 40
3.072000000000003
 40
3.072000000000003
 40
4.072000000000003
 40
4.072000000000003
 40
4.072000000000003
 40
5.072000000000003
 40
5.072000000000003
 40
5.072000000000003
 40
6.072000000000003
 40
6.072000000000003
 40
6.072000000000003
 40
6.072000000000003
 10
73.41062138888888
 20
282.8400772222222
 30
0.0
 10
73.41062138888888
 20
282.4788327777778
 30
0.0
 10
73.41062138888888
 20
282.1175883333333
 30
0.0
 10
73.41062138888888
 20
281.7563438888889
 30
0.0
 10
73.41062138888888
 20
281.4522494444444
 30
0.0
 10
73.54079638888888
 20
281.1950744444444
 30
0.0
 10
73.91438805555555
 20
281.1950744444444
 30
0.0
 10
74.1705047222222
 20
281.1950744444444
 30
0.0
 10
74.37335194444444
 20
281.3510022222222
 30
0.0
 10
74.44496583333331
 20
281.5383272222222
 30
0.0
 10
74.46754361111111
 20
281.5848938888889
 30
0.0
 10
74.4721297222222
 20
281.6353411111111
 30
0.0
 10
74.4721297222222
 20
281.7016633333333
 30
0.0
  0
POLYLINE
  5
93
330
1F
100
AcDbEntity
  8
DEFAULT
 62
     7
100
AcDb2dPolyline
 66
     1
 10
0.0
 20
0.0
 30
0.0
  0
VERTEX
  5
94
330
93
100
AcDbEntity
  8
DEFAULT
 62
     7
100
AcDbVertex
100
AcDb2dVertex
 10
74.47205916666665
 20
282.8400772222222
 30
0.0
  0
VERTEX
  5
95
330
93
100
AcDbEntity
  8
DEFAULT
 62
     7
100
AcDbVertex
100
AcDb2dVertex
 10
74.47205916666665
 20
280.0725355555555
 30
0.0
  0
SEQEND
  5
96
330
93
100
AcDbEntity
  8
DEFAULT
 62
     7
  0
SPLINE
  5
97
330
1F
100
AcDbEntity
  8
DEFAULT
 62
     5
100
AcDbSpline
210
0.0
220
0.0
230
1.0
 70
     8
 71
     3
 72
    14
 73
    10
 74
     0
 42
0.000000001
 43
0.0000000001
 40
0.0
 40
0.0
 40
0.0
 40
0.0
 40
1.0
 40
1.0
 40
1.0
 40
2.0
 40
2.0
 40
2.0
 40
3.0
 40
3.0
 40
3.0
 40
3.0
 10
65.47396805555555
 20
263.3785619444444
 30
0.0
 10
66.10896805555555
 20
266.6255286111111
 30
0.0
 10
64.3062736111111
 20
266.3560063888889
 30
0.0
 10
64.3062736111111
 20
268.5143008333333
 30
0.0
 10
64.3062736111111
 20
275.6905063888888
 30
0.0
 10
65.1571736111111
 20
277.9613369444444
 30
0.0
 10
65.86872638888887
 20
279.3957313888889
 30
0.0
 10
67.93494583333332
 20
283.5588619444444
 30
0.0
 10
65.72902638888888
 20
285.8512119444444
 30
0.0
 10
67.17929583333333
 20
290.3219647222222
 30
0.0
  0
SPLINE
  5
98
330
1F
100
AcDbEntity
  8
DEFAULT
 62
     5
100
AcDbSpline
210
0.0
220
0.0
230
1.0
 70
     8
 71
     3
 72
    14
 73
    10
 74
     0
 42
0.000000001
 43
0.0000000001
 40
0.0
 40
0.0
 40
0.0
 40
0.0
 40
1.0
 40
1.0
 40
1.0
 40
2.0
 40
2.0
 40
2.0
 40
3.0
 40
3.0
 40
3.0
 40
3.0
 10
80.70317305555555
 20
290.3221411111111
 30
0.0
 10
82.1534425
 20
285.8513883333333
 30
0.0
 10
79.94752305555555
 20
283.5586855555555
 30
0.0
 10
82.01374249999999
 20
279.3959077777778
 30
0.0
 10
82.72564805555555
 20
277.9615133333333
 30
0.0
 10
83.57619527777777
 20
275.6906827777777
 30
0.0
 10
83.57619527777777
 20
268.5141244444445
 30
0.0
 10
83.57619527777777
 20
266.3561827777777
 30
0.0
 10
81.77385361111111
 20
266.6253522222222
 30
0.0
 10
82.40850083333333
 20
263.3787383333333
 30
0.0
  0
SPLINE
  5
99
330
1F
100
AcDbEntity
  8
DEFAULT
 62
     1
100
AcDbSpline
210
0.0
220
0.0
230
1.0
 70
    11
 71
     3
 72
    59
 73
    55
 74
     0
 42
0.000000001
 43
0.0000000001
 40
1.0
 40
1.0
 40
1.0
 40
1.0
 40
2.0
 40
2.0
 40
2.0
 40
3.0
 40
3.0
 40
3.0
 40
4.0
 40
4.0
 40
4.0
 40
5.0
 40
5.0
 40
5.0
 40
17.89600000000007
 40
17.89600000000007
 40
17.89600000000007
 40
26.40100000000007
 40
26.40100000000007
 40
26.40100000000007
 40
39.29700000000014
 40
39.29700000000014
 40
39.29700000000014
 40
40.29700000000014
 40
40.29700000000014
 40
40.29700000000014
 40
41.29700000000014
 40
41.29700000000014
 40
41.29700000000014
 40
42.29700000000014
 40
42.29700000000014
 40
42.29700000000014
 40
43.29700000000014
 40
43.29700000000014
 40
43.29700000000014
 40
44.29700000000014
 40
44.29700000000014
 40
44.29700000000014
 40
45.29700000000014
 40
45.29700000000014
 40
45.29700000000014
 40
46.29700000000014
 40
46.29700000000014
 40
46.29700000000014
 40
55.54100000000014
 40
55.54100000000014
 40
55.54100000000014
 40
56.54100000000014
 40
56.54100000000014
 40
56.54100000000014
 40
57.54100000000014
 40
57.54100000000014
 40
57.54100000000014
 40
58.54100000000014
 40
58.54100000000014
 40
58.54100000000014
 40
58.54100000000014
 10
63.91955861111111
 20
286.4777452777777
 30
0.0
 10
62.94730305555555
 20
289.8301925
 30
0.0
 10
63.78091694444444
 20
290.0594980555555
 30
0.0
 10
66.42675027777777
 20
290.0594980555555
 30
0.0
 10
68.53177527777778
 20
290.0594980555555
 30
0.0
 10
66.92910583333332
 20
294.0998619444444
 30
0.0
 10
72.44161138888889
 20
294.0998619444444
 30
0.0
 10
72.44161138888889
 20
292.9625063888889
 30
0.0
 10
72.50581694444443
 20
293.0909175
 30
0.0
 10
72.50581694444443
 20
291.8255036111111
 30
0.0
 10
72.50581694444443
 20
290.5639702777777
 30
0.0
 10
72.44161138888889
 20
290.6881480555555
 30
0.0
 10
72.44161138888889
 20
289.5504397222222
 30
0.0
 10
72.44161138888889
 20
288.0339656481481
 30
0.0
 10
72.44161138888889
 20
286.5174915740741
 30
0.0
 10
72.44161138888889
 20
285.0010175
 30
0.0
 10
73.44173638888888
 20
285.0010175
 30
0.0
 10
74.44186138888888
 20
285.0010175
 30
0.0
 10
75.44198638888888
 20
285.0010175
 30
0.0
 10
75.44198638888888
 20
286.5174915740741
 30
0.0
 10
75.44198638888888
 20
288.0339656481481
 30
0.0
 10
75.44198638888888
 20
289.5504397222222
 30
0.0
 10
75.44198638888888
 20
290.6881480555555
 30
0.0
 10
75.37742805555554
 20
290.5639702777777
 30
0.0
 10
75.37742805555554
 20
291.8255036111111
 30
0.0
 10
75.37742805555554
 20
293.0909175
 30
0.0
 10
75.44198638888888
 20
292.9625063888889
 30
0.0
 10
75.44198638888888
 20
294.0998619444444
 30
0.0
 10
80.9583725
 20
294.0998619444444
 30
0.0
 10
79.35076416666665
 20
290.0594980555555
 30
0.0
 10
81.45614194444444
 20
290.0594980555555
 30
0.0
 10
84.10232805555556
 20
290.0594980555555
 30
0.0
 10
84.94017527777777
 20
289.8301925
 30
0.0
 10
83.9679197222222
 20
286.4777452777777
 30
0.0
 10
81.65687249999999
 20
278.4979119444444
 30
0.0
 10
85.5762336111111
 20
283.3225008333333
 30
0.0
 10
85.5762336111111
 20
268.5139480555555
 30
0.0
 10
85.5762336111111
 20
264.2351063888889
 30
0.0
 10
84.61773638888889
 20
262.9005480555555
 30
0.0
 10
76.67459194444444
 20
262.9005480555555
 30
0.0
 10
76.31264194444444
 20
262.9005480555555
 30
0.0
 10
75.57427805555555
 20
263.4833369444444
 30
0.0
 10
75.57427805555555
 20
265.4984036111111
 30
0.0
 10
74.48725212962962
 20
265.4984036111111
 30
0.0
 10
73.4002262037037
 20
265.4984036111111
 30
0.0
 10
72.31320027777778
 20
265.4984036111111
 30
0.0
 10
72.31320027777778
 20
263.4833369444444
 30
0.0
 10
71.57060305555555
 20
262.9005480555555
 30
0.0
 10
71.21253361111111
 20
262.9005480555555
 30
0.0
 10
63.26974194444443
 20
262.9005480555555
 30
0.0
 10
62.30630583333333
 20
264.2351063888889
 30
0.0
 10
62.30630583333333
 20
268.5139480555555
 30
0.0
 10
62.30630583333333
 20
283.3225008333333
 30
0.0
 10
66.2309586111111
 20
278.4979119444444
 30
0.0
 10
63.91955861111111
 20
286.4777452777777
 30
0.0
  0
SPLINE
  5
9A
330
1F
100
AcDbEntity
  8
DEFAULT
 62
     3
100
AcDbSpline
210
0.0
220
0.0
230
1.0
 70
    11
 71
     3
 72
    17
 73
    13
 74
     0
 42
0.000000001
 43
0.0000000001
 40
0.0
 40
0.0
 40
0.0
 40
0.0
 40
1.0
 40
1.0
 40
1.0
 40
2.0
 40
2.0
 40
2.0
 40
3.0
 40
3.0
 40
3.0
 40
4.0
 40
4.0
 40
4.0
 40
4.0
 10
69.07822805555554
 20
254.0738716666666
 30
0.0
 10
68.33033916666666
 20
255.506855
 30
0.0
 10
67.08609194444443
 20
256.6470327777777
 30
0.0
 10
66.9199336111111
 20
257.9752411111111
 30
0.0
 10
66.75412805555555
 20
259.3030966666666
 30
0.0
 10
68.53847805555554
 20
258.1410466666666
 30
0.0
 10
69.86668638888888
 20
258.88823
 30
0.0
 10
71.19489472222222
 20
259.6354133333333
 30
0.0
 10
70.15737527777777
 20
256.605405
 30
0.0
 10
70.24027805555555
 20
255.2775494444444
 30
0.0
 10
70.32318083333332
 20
253.9493411111111
 30
0.0
 10
70.57224194444444
 20
251.2100216666666
 30
0.0
 10
69.07822805555554
 20
254.0738716666666
 30
0.0
  0
SPLINE
  5
9B
330
1F
100
AcDbEntity
  8
DEFAULT
 62
     3
100
AcDbSpline
210
0.0
220
0.0
230
1.0
 70
    11
 71
     3
 72
    17
 73
    13
 74
     0
 42
0.000000001
 43
0.0000000001
 40
0.0
 40
0.0
 40
0.0
 40
0.0
 40
1.0
 40
1.0
 40
1.0
 40
2.0
 40
2.0
 40
2.0
 40
3.0
 40
3.0
 40
3.0
 40
4.0
 40
4.0
 40
4.0
 40
4.0
 10
78.80441722222221
 20
254.0738716666666
 30
0.0
 10
79.55230611111111
 20
255.506855
 30
0.0
 10
80.79655333333332
 20
256.6470327777777
 30
0.0
 10
80.96271166666665
 20
257.9752411111111
 30
0.0
 10
81.12851722222221
 20
259.3030966666666
 30
0.0
 10
79.34381444444443
 20
258.1410466666666
 30
0.0
 10
78.01595888888887
 20
258.88823
 30
0.0
 10
76.68775055555555
 20
259.6354133333333
 30
0.0
 10
77.72527
 20
256.605405
 30
0.0
 10
77.6423672222222
 20
255.2775494444444
 30
0.0
 10
77.55946444444444
 20
253.9493411111111
 30
0.0
 10
77.31040333333333
 20
251.2100216666666
 30
0.0
 10
78.80441722222221
 20
254.0738716666666
 30
0.0
  0
SPLINE
  5
9C
330
1F
100
AcDbEntity
  8
DEFAULT
 62
     3
100
AcDbSpline
210
0.0
220
0.0
230
1.0
 70
    11
 71
     3
 72
    35
 73
    31
 74
     0
 42
0.000000001
 43
0.0000000001
 40
1.0
 40
1.0
 40
1.0
 40
1.0
 40
2.0
 40
2.0
 40
2.0
 40
3.0
 40
3.0
 40
3.0
 40
4.0
 40
4.0
 40
4.0
 40
5.0
 40
5.0
 40
5.0
 40
6.0
 40
6.0
 40
6.0
 40
7.0
 40
7.0
 40
7.0
 40
8.0
 40
8.0
 40
8.0
 40
9.0
 40
9.0
 40
9.0
 40
10.0
 40
10.0
 40
10.0
 40
11.0
 40
11.0
 40
11.0
 40
11.0
 10
73.94165777777776
 20
243.5734058333333
 30
0.0
 10
71.58263277777776
 20
243.5734058333333
 30
0.0
 10
72.12943833333333
 20
245.0674197222222
 30
0.0
 10
70.51089388888889
 20
246.1412752777778
 30
0.0
 10
68.89234944444445
 20
247.2147780555555
 30
0.0
 10
68.70537722222222
 20
254.1567391666667
 30
0.0
 10
68.3007411111111
 20
249.1825725
 30
0.0
 10
67.89575222222221
 20
244.2087586111111
 30
0.0
 10
63.72521333333332
 20
241.2701197222222
 30
0.0
 10
67.33589388888889
 20
242.0091891666667
 30
0.0
 10
70.94657444444444
 20
242.7486113888889
 30
0.0
 10
69.07896888888888
 20
238.8419502777778
 30
0.0
 10
68.79851055555555
 20
235.6884697222222
 30
0.0
 10
68.51805222222222
 20
232.5346363888889
 30
0.0
 10
71.25807722222221
 20
235.7293919444444
 30
0.0
 10
73.94165777777776
 20
235.7293919444444
 30
0.0
 10
76.62523833333333
 20
235.7293919444444
 30
0.0
 10
79.36526333333332
 20
232.5346363888889
 30
0.0
 10
79.08480499999999
 20
235.6884697222222
 30
0.0
 10
78.80434666666666
 20
238.8419502777778
 30
0.0
 10
76.9367411111111
 20
242.7486113888889
 30
0.0
 10
80.54742166666665
 20
242.0091891666667
 30
0.0
 10
84.15810222222221
 20
241.2701197222222
 30
0.0
 10
79.9879161111111
 20
244.2087586111111
 30
0.0
 10
79.58292722222222
 20
249.1825725
 30
0.0
 10
79.17793833333332
 20
254.1567391666667
 30
0.0
 10
78.99096611111109
 20
247.2147780555555
 30
0.0
 10
77.37242166666665
 20
246.1412752777778
 30
0.0
 10
75.75387722222221
 20
245.0674197222222
 30
0.0
 10
76.30068277777778
 20
243.5734058333333
 30
0.0
 10
73.94165777777776
 20
243.5734058333333
 30
0.0
  0
SPLINE
  5
9D
330
1F
100
AcDbEntity
  8
DEFAULT
 62
     5
100
AcDbSpline
210
0.0
220
0.0
230
1.0
 70
     8
 71
     3
 72
    17
 73
    13
 74
     0
 42
0.000000001
 43
0.0000000001
 40
0.0
 40
0.0
 40
0.0
 40
0.0
 40
1.0
 40
1.0
 40
1.0
 40
2.0
 40
2.0
 40
2.0
 40
3.0
 40
3.0
 40
3.0
 40
4.0
 40
4.0
 40
4.0
 40
4.0
 10
64.84471833333333
 20
261.3595794444444
 30
0.0
 10
63.53555999999999
 20
257.3287405555555
 30
0.0
 10
68.64060722222222
 20
253.3857433333333
 30
0.0
 10
64.21853777777777
 20
244.2495044444444
 30
0.0
 10
63.77051
 20
243.3238155555555
 30
0.0
 10
63.27944333333333
 20
242.7209183333333
 30
0.0
 10
62.93971833333332
 20
242.3603794444444
 30
0.0
 10
62.93971833333332
 20
242.3603794444444
 30
0.0
 10
62.57882666666666
 20
240.0736738888889
 30
0.0
 10
63.61705166666667
 20
240.138585
 30
0.0
 10
68.39154611111111
 20
240.4366822222222
 30
0.0
 10
66.6484711111111
 20
236.4107822222222
 30
0.0
 10
65.729485
 20
230.9875294444444
 30
0.0
  0
POLYLINE
  5
9E
330
1F
100
AcDbEntity
  8
DEFAULT
 62
     7
100
AcDb2dPolyline
 66
     1
 10
0.0
 20
0.0
 30
0.0
  0
VERTEX
  5
9F
330
9E
100
AcDbEntity
  8
DEFAULT
 62
     7
100
AcDbVertex
100
AcDb2dVertex
 10
75.19137305555554
 20
250.7514105555555
 30
0.0
  0
VERTEX
  5
A0
330
9E
100
AcDbEntity
  8
DEFAULT
 62
     7
100
AcDbVertex
100
AcDb2dVertex
 10
72.69123694444444
 20
250.7514105555555
 30
0.0
  0
SEQEND
  5
A1
330
9E
100
AcDbEntity
  8
DEFAULT
 62
     7
  0
SPLINE
  5
A2
330
1F
100
AcDbEntity
  8
DEFAULT
 62
     7
100
AcDbSpline
210
0.0
220
0.0
230
1.0
 70
     8
 71
     3
 72
    29
 73
    25
 74
     0
 42
0.000000001
 43
0.0000000001
 40
0.0
 40
0.0
 40
0.0
 40
0.0
 40
1.0
 40
1.0
 40
1.0
 40
2.0
 40
2.0
 40
2.0
 40
3.0
 40
3.0
 40
3.0
 40
4.0
 40
4.0
 40
4.0
 40
5.0
 40
5.0
 40
5.0
 40
6.0
 40
6.0
 40
6.0
 40
7.0
 40
7.0
 40
7.0
 40
8.0
 40
8.0
 40
8.0
 40
8.0
 10
73.22079166666666
 20
248.2327183333333
 30
0.0
 10
73.3216861111111
 20
248.3787683333333
 30
0.0
 10
73.62048888888889
 20
248.4962433333333
 30
0.0
 10
73.90059444444444
 20
248.4962433333333
 30
0.0
 10
74.34862222222222
 20
248.4962433333333
 30
0.0
 10
74.66964999999999
 20
248.1653377777778
 30
0.0
 10
74.66964999999999
 20
247.7303627777777
 30
0.0
 10
74.66964999999999
 20
247.1983738888889
 30
0.0
 10
74.27030555555555
 20
246.8967488888889
 30
0.0
 10
73.85579166666666
 20
246.8967488888889
 30
0.0
 10
73.54217222222222
 20
246.8967488888889
 30
0.0
 10
73.29099444444445
 20
247.0396238888889
 30
0.0
 10
73.21303055555555
 20
247.1690933333333
 30
0.0
 10
73.21973333333334
 20
247.3059711111111
 30
0.0
 10
73.22079166666666
 20
248.6641655555555
 30
0.0
 10
73.22079166666666
 20
248.6641655555555
 30
0.0
 10
73.22079166666666
 20
249.0966711111111
 30
0.0
 10
73.2962861111111
 20
249.3616072222222
 30
0.0
 10
73.45750555555554
 20
249.5252961111111
 30
0.0
 10
73.618725
 20
249.6967461111111
 30
0.0
 10
73.85191111111111
 20
249.7514266666666
 30
0.0
 10
74.06110833333334
 20
249.7514266666666
 30
0.0
 10
74.260075
 20
249.7514266666666
 30
0.0
 10
74.47950277777778
 20
249.6967461111111
 30
0.0
 10
74.61320555555555
 20
249.5954988888889
 30
0.0
  0
SPLINE
  5
A3
330
1F
100
AcDbEntity
  8
DEFAULT
 62
     5
100
AcDbSpline
210
0.0
220
0.0
230
1.0
 70
     8
 71
     3
 72
    17
 73
    13
 74
     0
 42
0.000000001
 43
0.0000000001
 40
0.0
 40
0.0
 40
0.0
 40
0.0
 40
1.0
 40
1.0
 40
1.0
 40
2.0
 40
2.0
 40
2.0
 40
3.0
 40
3.0
 40
3.0
 40
4.0
 40
4.0
 40
4.0
 40
4.0
 10
83.03775055555555
 20
261.3595794444444
 30
0.0
 10
84.34690888888889
 20
257.3287405555555
 30
0.0
 10
79.24221444444444
 20
253.3857433333333
 30
0.0
 10
83.66393111111111
 20
244.2495044444444
 30
0.0
 10
84.11195888888888
 20
243.3238155555555
 30
0.0
 10
84.60302555555555
 20
242.7209183333333
 30
0.0
 10
84.94275055555555
 20
242.3603794444444
 30
0.0
 10
84.94275055555555
 20
242.3603794444444
 30
0.0
 10
85.30399499999999
 20
240.0736738888889
 30
0.0
 10
84.26541722222221
 20
240.138585
 30
0.0
 10
79.49092277777777
 20
240.4366822222222
 30
0.0
 10
81.23435055555555
 20
236.4107822222222
 30
0.0
 10
82.15298388888888
 20
230.9875294444444
 30
0.0
  0
SPLINE
  5
A4
330
1F
100
AcDbEntity
  8
DEFAULT
 62
     1
100
AcDbSpline
210
0.0
220
0.0
230
1.0
 70
    11
 71
     3
 72
    77
 73
    73
 74
     0
 42
0.000000001
 43
0.0000000001
 40
1.0
 40
1.0
 40
1.0
 40
1.0
 40
2.0
 40
2.0
 40
2.0
 40
3.0
 40
3.0
 40
3.0
 40
4.0
 40
4.0
 40
4.0
 40
5.0
 40
5.0
 40
5.0
 40
6.0
 40
6.0
 40
6.0
 40
18.89599999999996
 40
18.89599999999996
 40
18.89599999999996
 40
27.39999999999995
 40
27.39999999999995
 40
27.39999999999995
 40
40.29599999999991
 40
40.29599999999991
 40
40.29599999999991
 40
41.29599999999991
 40
41.29599999999991
 40
41.29599999999991
 40
42.29599999999991
 40
42.29599999999991
 40
42.29599999999991
 40
43.29599999999991
 40
43.29599999999991
 40
43.29599999999991
 40
44.29599999999991
 40
44.29599999999991
 40
44.29599999999991
 40
45.29599999999991
 40
45.29599999999991
 40
45.29599999999991
 40
46.29599999999991
 40
46.29599999999991
 40
46.29599999999991
 40
57.3589999999999
 40
57.3589999999999
 40
57.3589999999999
 40
58.3589999999999
 40
58.3589999999999
 40
58.3589999999999
 40
59.3589999999999
 40
59.3589999999999
 40
59.3589999999999
 40
60.3589999999999
 40
60.3589999999999
 40
60.3589999999999
 40
69.42999999999992
 40
69.42999999999992
 40
69.42999999999992
 40
70.42999999999992
 40
70.42999999999992
 40
70.42999999999992
 40
71.42999999999992
 40
71.42999999999992
 40
71.42999999999992
 40
72.42999999999992
 40
72.42999999999992
 40
72.42999999999992
 40
83.49299999999991
 40
83.49299999999991
 40
83.49299999999991
 40
84.49299999999991
 40
84.49299999999991
 40
84.49299999999991
 40
84.49299999999991
 10
62.38889111111111
 20
245.0468527777778
 30
0.0
 10
63.705105
 20
248.0736861111111
 30
0.0
 10
65.08552444444445
 20
253.3477138888888
 30
0.0
 10
62.549405
 20
258.0805805555555
 30
0.0
 10
61.62301055555555
 20
259.7040638888889
 30
0.0
 10
62.88524944444445
 20
262.6987944444444
 30
0.0
 10
64.10974111111112
 20
261.9008111111111
 30
0.0
 10
67.88411055555555
 20
259.4380694444444
 30
0.0
 10
66.28214666666666
 20
261.0111055555556
 30
0.0
 10
72.4412938888889
 20
261.0111055555556
 30
0.0
 10
72.4412938888889
 20
259.87375
 30
0.0
 10
72.50549944444444
 20
260.0021611111111
 30
0.0
 10
72.50549944444444
 20
258.7363944444444
 30
0.0
 10
72.50549944444444
 20
257.4752138888888
 30
0.0
 10
72.4412938888889
 20
257.5990388888889
 30
0.0
 10
72.4412938888889
 20
256.4616833333333
 30
0.0
 10
72.4412938888889
 20
254.9452092592592
 30
0.0
 10
72.4412938888889
 20
253.4287351851851
 30
0.0
 10
72.4412938888889
 20
251.9122611111111
 30
0.0
 10
73.44130129629629
 20
251.9122611111111
 30
0.0
 10
74.44130870370371
 20
251.9122611111111
 30
0.0
 10
75.4413161111111
 20
251.9122611111111
 30
0.0
 10
75.4413161111111
 20
253.4287351851851
 30
0.0
 10
75.4413161111111
 20
254.9452092592592
 30
0.0
 10
75.4413161111111
 20
256.4616833333333
 30
0.0
 10
75.4413161111111
 20
257.5990388888889
 30
0.0
 10
75.37711055555556
 20
257.4752138888888
 30
0.0
 10
75.37711055555556
 20
258.7363944444444
 30
0.0
 10
75.37711055555556
 20
260.0021611111111
 30
0.0
 10
75.4413161111111
 20
259.87375
 30
0.0
 10
75.4413161111111
 20
261.0111055555556
 30
0.0
 10
81.60046333333332
 20
261.0111055555556
 30
0.0
 10
80.00343833333334
 20
259.3685722222222
 30
0.0
 10
83.77745499999999
 20
261.8313138888889
 30
0.0
 10
85.00194666666665
 20
262.6292972222222
 30
0.0
 10
86.25959944444443
 20
259.7040638888889
 30
0.0
 10
85.333205
 20
258.0805805555555
 30
0.0
 10
82.79708555555555
 20
253.3477138888888
 30
0.0
 10
84.1820911111111
 20
248.0736861111111
 30
0.0
 10
85.498305
 20
245.0468527777778
 30
0.0
 10
86.07156888888889
 20
243.7214666666667
 30
0.0
 10
86.94292999999999
 20
243.5059194444444
 30
0.0
 10
86.94292999999999
 20
242.8134166666666
 30
0.0
 10
86.94292999999999
 20
241.5124898148148
 30
0.0
 10
86.94292999999999
 20
240.2115629629629
 30
0.0
 10
86.94292999999999
 20
238.9106361111111
 30
0.0
 10
86.94292999999999
 20
237.7870388888889
 30
0.0
 10
84.86542166666666
 20
240.0434055555555
 30
0.0
 10
84.86542166666666
 20
234.3933166666667
 30
0.0
 10
84.86542166666666
 20
231.8617833333333
 30
0.0
 10
81.20111888888889
 20
229.8117916666666
 30
0.0
 10
76.6700411111111
 20
229.8117916666666
 30
0.0
 10
76.31232444444444
 20
229.8117916666666
 30
0.0
 10
75.54115222222222
 20
230.3896416666666
 30
0.0
 10
75.54115222222222
 20
232.4096472222222
 30
0.0
 10
74.47446981481481
 20
232.4096472222222
 30
0.0
 10
73.40778740740741
 20
232.4096472222222
 30
0.0
 10
72.34110499999998
 20
232.4096472222222
 30
0.0
 10
72.34110499999998
 20
230.3896416666666
 30
0.0
 10
71.57028555555556
 20
229.8117916666666
 30
0.0
 10
71.21256888888888
 20
229.8117916666666
 30
0.0
 10
66.68149111111111
 20
229.8117916666666
 30
0.0
 10
63.01718833333333
 20
231.8617833333333
 30
0.0
 10
63.01718833333333
 20
234.3933166666667
 30
0.0
 10
63.01718833333333
 20
240.0434055555555
 30
0.0
 10
60.93968
 20
237.7870388888889
 30
0.0
 10
60.93968
 20
238.9106361111111
 30
0.0
 10
60.93967999999999
 20
240.2115629629629
 30
0.0
 10
60.93967999999999
 20
241.5124898148148
 30
0.0
 10
60.93968
 20
242.8134166666666
 30
0.0
 10
60.93968
 20
243.5059194444444
 30
0.0
 10
61.81562722222222
 20
243.7214666666667
 30
0.0
 10
62.38889111111111
 20
245.0468527777778
 30
0.0
  0
SPLINE
  5
A5
330
1F
100
AcDbEntity
  8
DEFAULT
 62
     3
100
AcDbSpline
210
0.0
220
0.0
230
1.0
 70
    11
 71
     3
 72
    14
 73
    10
 74
     0
 42
0.000000001
 43
0.0000000001
 40
0.0
 40
0.0
 40
0.0
 40
0.0
 40
1.0
 40
1.0
 40
1.0
 40
2.0
 40
2.0
 40
2.0
 40
3.0
 40
3.0
 40
3.0
 40
3.0
 10
67.53792972222222
 20
221.7841922222222
 30
0.0
 10
68.83015472222222
 20
220.3346283333333
 30
0.0
 10
70.4479936111111
 20
220.6013283333334
 30
0.0
 10
69.94951861111112
 20
222.0953422222222
 30
0.0
 10
69.45174916666666
 20
223.5897088888889
 30
0.0
 10
70.63461305555555
 20
225.9071061111111
 30
0.0
 10
69.38966027777776
 20
225.7130783333334
 30
0.0
 10
68.14435472222222
 20
225.5194033333333
 30
0.0
 10
65.87317138888889
 20
223.6517977777778
 30
0.0
 10
67.53792972222222
 20
221.7841922222222
 30
0.0
  0
SPLINE
  5
A6
330
1F
100
AcDbEntity
  8
DEFAULT
 62
     3
100
AcDbSpline
210
0.0
220
0.0
230
1.0
 70
    11
 71
     3
 72
    14
 73
    10
 74
     0
 42
0.000000001
 43
0.0000000001
 40
0.0
 40
0.0
 40
0.0
 40
0.0
 40
1.0
 40
1.0
 40
1.0
 40
2.0
 40
2.0
 40
2.0
 40
3.0
 40
3.0
 40
3.0
 40
3.0
 10
80.34471555555554
 20
221.7841922222222
 30
0.0
 10
79.05249055555554
 20
220.3346283333333
 30
0.0
 10
77.43465166666665
 20
220.6013283333334
 30
0.0
 10
77.93277388888887
 20
222.0953422222222
 30
0.0
 10
78.4308961111111
 20
223.5897088888889
 30
0.0
 10
77.24803222222221
 20
225.9071061111111
 30
0.0
 10
78.49298499999999
 20
225.7130783333334
 30
0.0
 10
79.73829055555555
 20
225.5194033333333
 30
0.0
 10
82.00947388888888
 20
223.6517977777778
 30
0.0
 10
80.34471555555554
 20
221.7841922222222
 30
0.0
  0
SPLINE
  5
A7
330
1F
100
AcDbEntity
  8
DEFAULT
 62
     3
100
AcDbSpline
210
0.0
220
0.0
230
1.0
 70
    11
 71
     3
 72
    23
 73
    19
 74
     0
 42
0.000000001
 43
0.0000000001
 40
0.0
 40
0.0
 40
0.0
 40
0.0
 40
1.0
 40
1.0
 40
1.0
 40
2.0
 40
2.0
 40
2.0
 40
3.0
 40
3.0
 40
3.0
 40
4.0
 40
4.0
 40
4.0
 40
5.0
 40
5.0
 40
5.0
 40
6.0
 40
6.0
 40
6.0
 40
6.0
 10
68.89270222222221
 20
210.5168580555555
 30
0.0
 10
70.94551611111109
 20
213.5048858333333
 30
0.0
 10
70.46256333333332
 20
209.2821358333333
 30
0.0
 10
73.94095222222221
 20
209.2821358333333
 30
0.0
 10
77.41898833333333
 20
209.2821358333333
 30
0.0
 10
76.93603555555555
 20
213.5048858333333
 30
0.0
 10
78.99272999999998
 20
210.5168580555555
 30
0.0
 10
81.04589666666666
 20
207.5288302777777
 30
0.0
 10
80.60809944444443
 20
204.6007747222222
 30
0.0
 10
79.7688411111111
 20
202.2900802777777
 30
0.0
 10
78.92922999999999
 20
199.9793858333333
 30
0.0
 10
77.30962722222222
 20
204.1033580555555
 30
0.0
 10
73.94095222222221
 20
204.1033580555555
 30
0.0
 10
70.57157166666666
 20
204.1033580555555
 30
0.0
 10
68.95232166666666
 20
199.9793858333333
 30
0.0
 10
68.11306333333332
 20
202.2900802777777
 30
0.0
 10
67.2734522222222
 20
204.6007747222222
 30
0.0
 10
66.83953555555554
 20
207.5288302777777
 30
0.0
 10
68.89270222222221
 20
210.5168580555555
 30
0.0
  0
SPLINE
  5
A8
330
1F
100
AcDbEntity
  8
DEFAULT
 62
     5
100
AcDbSpline
210
0.0
220
0.0
230
1.0
 70
     8
 71
     3
 72
    14
 73
    10
 74
     0
 42
0.000000001
 43
0.0000000001
 40
0.0
 40
0.0
 40
0.0
 40
0.0
 40
1.0
 40
1.0
 40
1.0
 40
2.0
 40
2.0
 40
2.0
 40
3.0
 40
3.0
 40
3.0
 40
3.0
 10
64.72156361111111
 20
227.86721
 30
0.0
 10
63.90911638888889
 20
225.7131488888889
 30
0.0
 10
64.00224972222223
 20
223.1742072222222
 30
0.0
 10
64.45451083333333
 20
221.7796766666667
 30
0.0
 10
65.86033027777778
 20
217.4345127777778
 30
0.0
 10
70.71808027777777
 20
219.6453711111111
 30
0.0
 10
66.81036083333333
 20
214.0820655555555
 30
0.0
 10
61.5388025
 20
206.5770711111111
 30
0.0
 10
66.6061025
 20
203.0443544444444
 30
0.0
 10
65.50790527777778
 20
198.3030211111111
 30
0.0
  0
POLYLINE
  5
A9
330
1F
100
AcDbEntity
  8
DEFAULT
 62
     7
100
AcDb2dPolyline
 66
     1
 10
0.0
 20
0.0
 30
0.0
  0
VERTEX
  5
AA
330
A9
100
AcDbEntity
  8
DEFAULT
 62
     7
100
AcDbVertex
100
AcDb2dVertex
 10
75.19137305555554
 20
218.4269472222222
 30
0.0
  0
VERTEX
  5
AB
330
A9
100
AcDbEntity
  8
DEFAULT
 62
     7
100
AcDbVertex
100
AcDb2dVertex
 10
72.69123694444444
 20
218.4269472222222
 30
0.0
  0
SEQEND
  5
AC
330
A9
100
AcDbEntity
  8
DEFAULT
 62
     7
  0
SPLINE
  5
AD
330
1F
100
AcDbEntity
  8
DEFAULT
 62
     7
100
AcDbSpline
210
0.0
220
0.0
230
1.0
 70
     8
 71
     3
 72
    11
 73
     7
 74
     0
 42
0.000000001
 43
0.0000000001
 40
0.0
 40
0.0
 40
0.0
 40
0.0
 40
5.34699999999998
 40
5.34699999999998
 40
5.34699999999998
 40
6.34699999999998
 40
6.34699999999998
 40
6.34699999999998
 40
6.34699999999998
 10
74.16094444444444
 20
217.4370175
 30
0.0
 10
74.16094444444444
 20
216.8082499074074
 30
0.0
 10
74.16094444444444
 20
216.1794823148148
 30
0.0
 10
74.16094444444444
 20
215.5507147222222
 30
0.0
 10
74.16094444444444
 20
214.7400313888889
 30
0.0
 10
73.74537222222222
 20
214.4161813888889
 30
0.0
 10
73.19080555555554
 20
214.6814702777777
 30
0.0
  0
POLYLINE
  5
AE
330
1F
100
AcDbEntity
  8
DEFAULT
 62
     7
100
AcDb2dPolyline
 66
     1
 10
0.0
 20
0.0
 30
0.0
  0
VERTEX
  5
AF
330
AE
100
AcDbEntity
  8
DEFAULT
 62
     7
100
AcDbVertex
100
AcDb2dVertex
 10
74.69131055555555
 20
215.5506441666666
 30
0.0
  0
VERTEX
  5
B0
330
AE
100
AcDbEntity
  8
DEFAULT
 62
     7
100
AcDbVertex
100
AcDb2dVertex
 10
73.36663
 20
215.5506441666666
 30
0.0
  0
SEQEND
  5
B1
330
AE
100
AcDbEntity
  8
DEFAULT
 62
     7
  0
SPLINE
  5
B2
330
1F
100
AcDbEntity
  8
DEFAULT
 62
     5
100
AcDbSpline
210
0.0
220
0.0
230
1.0
 70
     8
 71
     3
 72
    14
 73
    10
 74
     0
 42
0.000000001
 43
0.0000000001
 40
0.0
 40
0.0
 40
0.0
 40
0.0
 40
1.0
 40
1.0
 40
1.0
 40
2.0
 40
2.0
 40
2.0
 40
3.0
 40
3.0
 40
3.0
 40
3.0
 10
83.16108166666666
 20
227.86721
 30
0.0
 10
83.97352888888888
 20
225.7131488888889
 30
0.0
 10
83.88039555555555
 20
223.1742072222222
 30
0.0
 10
83.42813444444444
 20
221.7796766666667
 30
0.0
 10
82.02231499999999
 20
217.4345127777778
 30
0.0
 10
77.16421222222222
 20
219.6453711111111
 30
0.0
 10
81.07193166666666
 20
214.0820655555555
 30
0.0
 10
86.34348999999999
 20
206.5770711111111
 30
0.0
 10
81.27619
 20
203.0443544444444
 30
0.0
 10
82.37473999999999
 20
198.3030211111111
 30
0.0
  0
SPLINE
  5
B3
330
1F
100
AcDbEntity
  8
DEFAULT
 62
     1
100
AcDbSpline
210
0.0
220
0.0
230
1.0
 70
    11
 71
     3
 72
    59
 73
    55
 74
     0
 42
0.000000001
 43
0.0000000001
 40
1.0
 40
1.0
 40
1.0
 40
1.0
 40
2.0
 40
2.0
 40
2.0
 40
3.0
 40
3.0
 40
3.0
 40
4.0
 40
4.0
 40
4.0
 40
16.89600000000007
 40
16.89600000000007
 40
16.89600000000007
 40
25.40000000000006
 40
25.40000000000006
 40
25.40000000000006
 40
38.29600000000013
 40
38.29600000000013
 40
38.29600000000013
 40
39.29600000000013
 40
39.29600000000013
 40
39.29600000000013
 40
40.29600000000013
 40
40.29600000000013
 40
40.29600000000013
 40
41.29600000000013
 40
41.29600000000013
 40
41.29600000000013
 40
42.29600000000013
 40
42.29600000000013
 40
42.29600000000013
 40
43.29600000000013
 40
43.29600000000013
 40
43.29600000000013
 40
44.29600000000013
 40
44.29600000000013
 40
44.29600000000013
 40
45.29600000000013
 40
45.29600000000013
 40
45.29600000000013
 40
54.36700000000016
 40
54.36700000000016
 40
54.36700000000016
 40
55.36700000000016
 40
55.36700000000016
 40
55.36700000000016
 40
56.36700000000016
 40
56.36700000000016
 40
56.36700000000016
 40
57.36700000000016
 40
57.36700000000016
 40
57.36700000000016
 40
58.36700000000016
 40
58.36700000000016
 40
58.36700000000016
 40
58.36700000000016
 10
63.56692194444443
 20
228.5386519444444
 30
0.0
 10
67.34164416666665
 20
226.0759102777778
 30
0.0
 10
66.28225249999998
 20
228.6864658333333
 30
0.0
 10
72.44139972222222
 20
228.6864658333333
 30
0.0
 10
72.44139972222222
 20
227.5494630555555
 30
0.0
 10
72.50525249999998
 20
227.6778741666666
 30
0.0
 10
72.50525249999998
 20
226.4117547222222
 30
0.0
 10
72.50525249999998
 20
225.1505741666666
 30
0.0
 10
72.44139972222222
 20
225.2747519444444
 30
0.0
 10
72.44139972222222
 20
224.1370436111111
 30
0.0
 10
72.44139972222222
 20
222.620569537037
 30
0.0
 10
72.44139972222222
 20
221.104095462963
 30
0.0
 10
72.44139972222222
 20
219.5876213888889
 30
0.0
 10
73.44140712962962
 20
219.5876213888888
 30
0.0
 10
74.44141453703703
 20
219.5876213888888
 30
0.0
 10
75.44142194444443
 20
219.5876213888889
 30
0.0
 10
75.44142194444443
 20
221.104095462963
 30
0.0
 10
75.44142194444443
 20
222.620569537037
 30
0.0
 10
75.44142194444443
 20
224.1370436111111
 30
0.0
 10
75.44142194444443
 20
225.2747519444444
 30
0.0
 10
75.37721638888888
 20
225.1505741666666
 30
0.0
 10
75.37721638888888
 20
226.4117547222222
 30
0.0
 10
75.37721638888888
 20
227.6778741666666
 30
0.0
 10
75.44142194444443
 20
227.5494630555555
 30
0.0
 10
75.44142194444443
 20
228.6864658333333
 30
0.0
 10
81.60021638888888
 20
228.6864658333333
 30
0.0
 10
80.54047194444443
 20
226.0759102777778
 30
0.0
 10
84.31519416666666
 20
228.5386519444444
 30
0.0
 10
85.53968583333332
 20
229.3366352777777
 30
0.0
 10
86.41774972222221
 20
224.5155741666667
 30
0.0
 10
85.33084138888889
 20
221.1627741666667
 30
0.0
 10
82.74886083333332
 20
213.1832936111111
 30
0.0
 10
85.90410527777777
 20
217.9708408333333
 30
0.0
 10
85.90410527777777
 20
203.1622880555555
 30
0.0
 10
85.90410527777777
 20
200.3418297222222
 30
0.0
 10
84.23934694444443
 20
197.4755102777778
 30
0.0
 10
76.6722636111111
 20
197.4755102777778
 30
0.0
 10
76.31454694444443
 20
197.4755102777778
 30
0.0
 10
75.54125805555555
 20
198.0537130555555
 30
0.0
 10
75.54125805555555
 20
200.0737186111111
 30
0.0
 10
74.47457564814813
 20
200.0737186111111
 30
0.0
 10
73.40789324074073
 20
200.0737186111111
 30
0.0
 10
72.34121083333332
 20
200.0737186111111
 30
0.0
 10
72.34121083333332
 20
198.0537130555555
 30
0.0
 10
71.57250805555555
 20
197.4755102777778
 30
0.0
 10
71.2144386111111
 20
197.4755102777778
 30
0.0
 10
63.64276916666666
 20
197.4755102777778
 30
0.0
 10
61.97871638888888
 20
200.3418297222222
 30
0.0
 10
61.97871638888888
 20
203.1622880555555
 30
0.0
 10
61.97871638888888
 20
217.9708408333333
 30
0.0
 10
65.13325527777776
 20
213.1832936111111
 30
0.0
 10
62.55198027777777
 20
221.1627741666667
 30
0.0
 10
61.46436638888888
 20
224.5155741666667
 30
0.0
 10
62.34243027777777
 20
229.3366352777777
 30
0.0
 10
63.56692194444443
 20
228.5386519444444
 30
0.0
  0
SPLINE
  5
B4
330
1F
100
AcDbEntity
  8
DEFAULT
 62
     3
100
AcDbSpline
210
0.0
220
0.0
230
1.0
 70
    11
 71
     3
 72
    14
 73
    10
 74
     0
 42
0.000000001
 43
0.0000000001
 40
0.0
 40
0.0
 40
0.0
 40
0.0
 40
1.0
 40
1.0
 40
1.0
 40
2.0
 40
2.0
 40
2.0
 40
3.0
 40
3.0
 40
3.0
 40
3.0
 10
67.77079833333333
 20
189.131575
 30
0.0
 10
68.93284833333333
 20
188.0683027777777
 30
0.0
 10
69.94955388888887
 20
188.2912583333333
 30
0.0
 10
69.94955388888887
 20
189.3806361111111
 30
0.0
 10
69.94955388888887
 20
190.4700138888889
 30
0.0
 10
70.94579833333333
 20
192.6491222222222
 30
0.0
 10
69.0157511111111
 20
192.8978305555555
 30
0.0
 10
67.08605666666666
 20
193.1468916666666
 30
0.0
 10
66.30782888888889
 20
190.4700138888889
 30
0.0
 10
67.77079833333333
 20
189.131575
 30
0.0
  0
SPLINE
  5
B5
330
1F
100
AcDbEntity
  8
DEFAULT
 62
     3
100
AcDbSpline
210
0.0
220
0.0
230
1.0
 70
    11
 71
     3
 72
    14
 73
    10
 74
     0
 42
0.000000001
 43
0.0000000001
 40
0.0
 40
0.0
 40
0.0
 40
0.0
 40
1.0
 40
1.0
 40
1.0
 40
2.0
 40
2.0
 40
2.0
 40
3.0
 40
3.0
 40
3.0
 40
3.0
 10
80.11167055555555
 20
189.131575
 30
0.0
 10
78.94962055555554
 20
188.0683027777777
 30
0.0
 10
77.932915
 20
188.2912583333333
 30
0.0
 10
77.932915
 20
189.3806361111111
 30
0.0
 10
77.932915
 20
190.4700138888889
 30
0.0
 10
76.93667055555555
 20
192.6491222222222
 30
0.0
 10
78.86671777777777
 20
192.8978305555555
 30
0.0
 10
80.79641222222222
 20
193.1468916666666
 30
0.0
 10
81.57463999999999
 20
190.4700138888889
 30
0.0
 10
80.11167055555555
 20
189.131575
 30
0.0
  0
SPLINE
  5
B6
330
1F
100
AcDbEntity
  8
DEFAULT
 62
     3
100
AcDbSpline
210
0.0
220
0.0
230
1.0
 70
    11
 71
     3
 72
    29
 73
    25
 74
     0
 42
0.000000001
 43
0.0000000001
 40
0.0
 40
0.0
 40
0.0
 40
0.0
 40
1.0
 40
1.0
 40
1.0
 40
2.0
 40
2.0
 40
2.0
 40
3.0
 40
3.0
 40
3.0
 40
4.0
 40
4.0
 40
4.0
 40
5.0
 40
5.0
 40
5.0
 40
6.0
 40
6.0
 40
6.0
 40
7.0
 40
7.0
 40
7.0
 40
8.0
 40
8.0
 40
8.0
 40
8.0
 10
73.9408111111111
 20
176.3042927777778
 30
0.0
 10
76.17389444444444
 20
176.3042927777778
 30
0.0
 10
77.7476361111111
 20
180.0719594444444
 30
0.0
 10
78.58689444444444
 20
179.1229872222222
 30
0.0
 10
79.42650555555555
 20
178.1704872222222
 30
0.0
 10
83.26825555555556
 20
175.5564038888889
 30
0.0
 10
80.59772777777778
 20
173.8630705555555
 30
0.0
 10
77.92402499999999
 20
172.1662094444444
 30
0.0
 10
80.6083111111111
 20
170.6104594444444
 30
0.0
 10
79.83219999999999
 20
168.617265
 30
0.0
 10
79.0525611111111
 20
166.6275983333333
 30
0.0
 10
77.73669999999998
 20
169.7355705555555
 30
0.0
 10
73.9408111111111
 20
169.7355705555555
 30
0.0
 10
70.14845
 20
169.7355705555555
 30
0.0
 10
68.8290611111111
 20
166.6275983333333
 30
0.0
 10
68.04942222222222
 20
168.617265
 30
0.0
 10
67.2733111111111
 20
170.6104594444444
 30
0.0
 10
69.95795
 20
172.1662094444444
 30
0.0
 10
67.28389444444444
 20
173.8630705555555
 30
0.0
 10
64.61336666666666
 20
175.5564038888889
 30
0.0
 10
68.45511666666665
 20
178.1704872222222
 30
0.0
 10
69.29472777777778
 20
179.1229872222222
 30
0.0
 10
70.13786666666667
 20
180.0719594444444
 30
0.0
 10
71.7042
 20
176.3042927777778
 30
0.0
 10
73.9408111111111
 20
176.3042927777778
 30
0.0
  0
SPLINE
  5
B7
330
1F
100
AcDbEntity
  8
DEFAULT
 62
     5
100
AcDbSpline
210
0.0
220
0.0
230
1.0
 70
     8
 71
     3
 72
    14
 73
    10
 74
     0
 42
0.000000001
 43
0.0000000001
 40
0.0
 40
0.0
 40
0.0
 40
0.0
 40
1.0
 40
1.0
 40
1.0
 40
2.0
 40
2.0
 40
2.0
 40
3.0
 40
3.0
 40
3.0
 40
3.0
 10
65.55648277777777
 20
163.9148783333333
 30
0.0
 10
66.05213555555555
 20
169.3698811111111
 30
0.0
 10
62.42416888888889
 20
173.4762144444444
 30
0.0
 10
66.20559388888888
 20
179.6565283333333
 30
0.0
 10
67.9610161111111
 20
182.5249644444444
 30
0.0
 10
70.550405
 20
185.0794283333333
 30
0.0
 10
66.20559388888888
 20
187.6861033333333
 30
0.0
 10
63.62819944444443
 20
189.2326811111111
 30
0.0
 10
64.97933833333333
 20
194.5624477777777
 30
0.0
 10
65.19806055555556
 20
195.3015172222222
 30
0.0
  0
POLYLINE
  5
B8
330
1F
100
AcDbEntity
  8
DEFAULT
 62
     7
100
AcDb2dPolyline
 66
     1
 10
0.0
 20
0.0
 30
0.0
  0
VERTEX
  5
B9
330
B8
100
AcDbEntity
  8
DEFAULT
 62
     7
100
AcDbVertex
100
AcDb2dVertex
 10
75.19119666666666
 20
184.3995902777777
 30
0.0
  0
VERTEX
  5
BA
330
B8
100
AcDbEntity
  8
DEFAULT
 62
     7
100
AcDbVertex
100
AcDb2dVertex
 10
72.69141333333332
 20
184.3995902777777
 30
0.0
  0
SEQEND
  5
BB
330
B8
100
AcDbEntity
  8
DEFAULT
 62
     7
  0
SPLINE
  5
BC
330
1F
100
AcDbEntity
  8
DEFAULT
 62
     7
100
AcDbSpline
210
0.0
220
0.0
230
1.0
 70
     8
 71
     3
 72
    23
 73
    19
 74
     0
 42
0.000000001
 43
0.0000000001
 40
0.0
 40
0.0
 40
0.0
 40
0.0
 40
1.0
 40
1.0
 40
1.0
 40
2.0
 40
2.0
 40
2.0
 40
3.0
 40
3.0
 40
3.0
 40
7.696010647347383
 40
7.696010647347383
 40
7.696010647347383
 40
8.696010647347382
 40
8.696010647347382
 40
8.696010647347382
 40
9.696010647347382
 40
9.696010647347382
 40
9.696010647347382
 40
9.696010647347382
 10
74.7736136111111
 20
182.4483411111111
 30
0.0
 10
74.7736136111111
 20
181.8793105555555
 30
0.0
 10
74.43812194444443
 20
181.4312827777777
 30
0.0
 10
73.88849416666666
 20
181.4312827777777
 30
0.0
 10
73.27289694444444
 20
181.4312827777777
 30
0.0
 10
73.10885527777776
 20
181.9727966666667
 30
0.0
 10
73.10885527777776
 20
182.3199299999999
 30
0.0
 10
73.10885527777776
 20
182.3901327777778
 30
0.0
 10
73.1130886111111
 20
182.4098883333333
 30
0.0
 10
73.11696916666665
 20
182.4448133333333
 30
0.0
 10
73.66918398148147
 20
182.4459892592592
 30
0.0
 10
74.22139879629628
 20
182.4471651851851
 30
0.0
 10
74.7736136111111
 20
182.4483411111111
 30
0.0
 10
74.7736136111111
 20
183.0177244444444
 30
0.0
 10
74.42648027777777
 20
183.3997827777777
 30
0.0
 10
73.84580805555555
 20
183.3997827777777
 30
0.0
 10
73.54594694444444
 20
183.3997827777777
 30
0.0
 10
73.33921916666665
 20
183.3373411111111
 30
0.0
 10
73.21821638888888
 20
183.2826605555555
 30
0.0
  0
SPLINE
  5
BD
330
1F
100
AcDbEntity
  8
DEFAULT
 62
     5
100
AcDbSpline
210
0.0
220
0.0
230
1.0
 70
     8
 71
     3
 72
    14
 73
    10
 74
     0
 42
0.000000001
 43
0.0000000001
 40
0.0
 40
0.0
 40
0.0
 40
0.0
 40
1.0
 40
1.0
 40
1.0
 40
2.0
 40
2.0
 40
2.0
 40
3.0
 40
3.0
 40
3.0
 40
3.0
 10
82.68462
 20
195.3014113888889
 30
0.0
 10
82.90334222222221
 20
194.5623419444444
 30
0.0
 10
84.25448111111109
 20
189.2325752777778
 30
0.0
 10
81.67708666666665
 20
187.6859975
 30
0.0
 10
77.33227555555554
 20
185.0793225
 30
0.0
 10
79.92166444444443
 20
182.5252113888889
 30
0.0
 10
81.67708666666665
 20
179.6564225
 30
0.0
 10
85.45851166666665
 20
173.4761086111111
 30
0.0
 10
81.83019222222221
 20
169.3697752777778
 30
0.0
 10
82.32584499999999
 20
163.9147725
 30
0.0
  0
SPLINE
  5
BE
330
1F
100
AcDbEntity
  8
DEFAULT
 62
     1
100
AcDbSpline
210
0.0
220
0.0
230
1.0
 70
    11
 71
     3
 72
    59
 73
    55
 74
     0
 42
0.000000001
 43
0.0000000001
 40
1.0
 40
1.0
 40
1.0
 40
1.0
 40
2.0
 40
2.0
 40
2.0
 40
3.0
 40
3.0
 40
3.0
 40
4.0
 40
4.0
 40
4.0
 40
5.0
 40
5.0
 40
5.0
 40
17.89700000000005
 40
17.89700000000005
 40
17.89700000000005
 40
26.40100000000004
 40
26.40100000000004
 40
26.40100000000004
 40
39.29800000000009
 40
39.29800000000009
 40
39.29800000000009
 40
40.29800000000009
 40
40.29800000000009
 40
40.29800000000009
 40
41.29800000000009
 40
41.29800000000009
 40
41.29800000000009
 40
42.29800000000009
 40
42.29800000000009
 40
42.29800000000009
 40
43.29800000000009
 40
43.29800000000009
 40
43.29800000000009
 40
44.29800000000009
 40
44.29800000000009
 40
44.29800000000009
 40
45.29800000000009
 40
45.29800000000009
 40
45.29800000000009
 40
46.29800000000009
 40
46.29800000000009
 40
46.29800000000009
 40
55.36800000000008
 40
55.36800000000008
 40
55.36800000000008
 40
56.36800000000008
 40
56.36800000000008
 40
56.36800000000008
 40
57.36800000000008
 40
57.36800000000008
 40
57.36800000000008
 40
58.36800000000008
 40
58.36800000000008
 40
58.36800000000008
 40
58.36800000000008
 10
63.26515583333333
 20
187.0373097222222
 30
0.0
 10
62.2925475
 20
190.3897569444444
 30
0.0
 10
61.60427805555555
 20
195.3014819444444
 30
0.0
 10
64.25081694444445
 20
195.3014819444444
 30
0.0
 10
66.35584194444444
 20
195.3014819444444
 30
0.0
 10
66.92593083333334
 20
194.6594263888888
 30
0.0
 10
72.44266972222222
 20
194.6594263888888
 30
0.0
 10
72.44266972222222
 20
193.5220708333333
 30
0.0
 10
72.50722805555556
 20
193.6508347222222
 30
0.0
 10
72.50722805555556
 20
192.3847152777778
 30
0.0
 10
72.50722805555556
 20
191.1235347222222
 30
0.0
 10
72.44266972222222
 20
191.2473597222222
 30
0.0
 10
72.44266972222222
 20
190.1100041666666
 30
0.0
 10
72.44266972222222
 20
188.5934125
 30
0.0
 10
72.44266972222222
 20
187.0768208333333
 30
0.0
 10
72.44266972222222
 20
185.5602291666666
 30
0.0
 10
73.44267712962962
 20
185.5602291666666
 30
0.0
 10
74.44268453703704
 20
185.5602291666666
 30
0.0
 10
75.44269194444445
 20
185.5602291666666
 30
0.0
 10
75.44269194444445
 20
187.0768208333333
 30
0.0
 10
75.44269194444445
 20
188.5934125
 30
0.0
 10
75.44269194444445
 20
190.1100041666666
 30
0.0
 10
75.44269194444445
 20
191.2473597222222
 30
0.0
 10
75.37813361111111
 20
191.1235347222222
 30
0.0
 10
75.37813361111111
 20
192.3847152777778
 30
0.0
 10
75.37813361111111
 20
193.6508347222222
 30
0.0
 10
75.44269194444445
 20
193.5220708333333
 30
0.0
 10
75.44269194444445
 20
194.6594263888888
 30
0.0
 10
80.95943083333333
 20
194.6594263888888
 30
0.0
 10
81.5266975
 20
195.3014819444444
 30
0.0
 10
83.6317225
 20
195.3014819444444
 30
0.0
 10
86.27790861111112
 20
195.3014819444444
 30
0.0
 10
85.59034472222221
 20
190.3897569444444
 30
0.0
 10
84.61738361111111
 20
187.0373097222222
 30
0.0
 10
82.30668916666666
 20
179.0574763888889
 30
0.0
 10
85.5762336111111
 20
183.8820652777778
 30
0.0
 10
85.5762336111111
 20
169.0735125
 30
0.0
 10
85.5762336111111
 20
164.7946708333333
 30
0.0
 10
84.61315027777778
 20
163.4555263888889
 30
0.0
 10
76.67035861111111
 20
163.4555263888889
 30
0.0
 10
76.31228916666667
 20
163.4555263888889
 30
0.0
 10
75.54111694444444
 20
164.0379625
 30
0.0
 10
75.54111694444444
 20
166.0579680555555
 30
0.0
 10
74.47455212962963
 20
166.0579680555555
 30
0.0
 10
73.40798731481482
 20
166.0579680555555
 30
0.0
 10
72.34142250000001
 20
166.0579680555555
 30
0.0
 10
72.34142250000001
 20
164.0379625
 30
0.0
 10
71.57025027777777
 20
163.4555263888889
 30
0.0
 10
71.21253361111111
 20
163.4555263888889
 30
0.0
 10
63.26974194444445
 20
163.4555263888889
 30
0.0
 10
62.30630583333333
 20
164.7946708333333
 30
0.0
 10
62.30630583333333
 20
169.0735125
 30
0.0
 10
62.30630583333333
 20
183.8820652777778
 30
0.0
 10
65.57620305555555
 20
179.0574763888889
 30
0.0
 10
63.26515583333333
 20
187.0373097222222
 30
0.0
  0
SPLINE
  5
BF
330
1F
100
AcDbEntity
  8
DEFAULT
 62
     3
100
AcDbSpline
210
0.0
220
0.0
230
1.0
 70
    11
 71
     3
 72
    17
 73
    13
 74
     0
 42
0.000000001
 43
0.0000000001
 40
0.0
 40
0.0
 40
0.0
 40
0.0
 40
1.0
 40
1.0
 40
1.0
 40
2.0
 40
2.0
 40
2.0
 40
3.0
 40
3.0
 40
3.0
 40
4.0
 40
4.0
 40
4.0
 40
4.0
 10
68.12911472222223
 20
159.4879052777778
 30
0.0
 10
67.25210916666667
 20
159.4879052777778
 30
0.0
 10
67.06196194444443
 20
158.2087330555555
 30
0.0
 10
67.87123416666667
 20
156.8731163888889
 30
0.0
 10
69.07808694444444
 20
154.8809802777778
 30
0.0
 10
68.57996472222221
 20
152.2249163888889
 30
0.0
 10
69.41005083333333
 20
153.3453386111111
 30
0.0
 10
70.24013694444444
 20
154.4661136111111
 30
0.0
 10
69.24424527777778
 20
156.4995247222222
 30
0.0
 10
70.0743313888889
 20
156.9976469444444
 30
0.0
 10
70.9044175
 20
157.4957691666667
 30
0.0
 10
70.08526749999999
 20
159.4879052777778
 30
0.0
 10
68.12911472222223
 20
159.4879052777778
 30
0.0
  0
SPLINE
  5
C0
330
1F
100
AcDbEntity
  8
DEFAULT
 62
     3
100
AcDbSpline
210
0.0
220
0.0
230
1.0
 70
    11
 71
     3
 72
    17
 73
    13
 74
     0
 42
0.000000001
 43
0.0000000001
 40
0.0
 40
0.0
 40
0.0
 40
0.0
 40
1.0
 40
1.0
 40
1.0
 40
2.0
 40
2.0
 40
2.0
 40
3.0
 40
3.0
 40
3.0
 40
4.0
 40
4.0
 40
4.0
 40
4.0
 10
79.75353055555556
 20
159.4879052777778
 30
0.0
 10
80.6305361111111
 20
159.4879052777778
 30
0.0
 10
80.82033055555556
 20
158.2087330555555
 30
0.0
 10
80.01105833333332
 20
156.8731163888889
 30
0.0
 10
78.80455833333333
 20
154.8809802777778
 30
0.0
 10
79.30232777777778
 20
152.2249163888889
 30
0.0
 10
78.47224166666666
 20
153.3453386111111
 30
0.0
 10
77.64215555555555
 20
154.4661136111111
 30
0.0
 10
78.63839999999999
 20
156.4995247222222
 30
0.0
 10
77.80831388888888
 20
156.9976469444444
 30
0.0
 10
76.97822777777778
 20
157.4957691666667
 30
0.0
 10
77.79737777777778
 20
159.4879052777778
 30
0.0
 10
79.75353055555556
 20
159.4879052777778
 30
0.0
  0
SPLINE
  5
C1
330
1F
100
AcDbEntity
  8
DEFAULT
 62
     3
100
AcDbSpline
210
0.0
220
0.0
230
1.0
 70
    11
 71
     3
 72
    23
 73
    19
 74
     0
 42
0.000000001
 43
0.0000000001
 40
0.0
 40
0.0
 40
0.0
 40
0.0
 40
1.0
 40
1.0
 40
1.0
 40
2.0
 40
2.0
 40
2.0
 40
3.0
 40
3.0
 40
3.0
 40
4.0
 40
4.0
 40
4.0
 40
5.0
 40
5.0
 40
5.0
 40
6.0
 40
6.0
 40
6.0
 40
6.0
 10
68.64568722222221
 20
140.1058002777778
 30
0.0
 10
70.45190944444444
 20
140.9771613888889
 30
0.0
 10
73.30235388888887
 20
143.1573280555556
 30
0.0
 10
71.51024277777778
 20
145.0940780555555
 30
0.0
 10
70.22613166666666
 20
146.4804947222222
 30
0.0
 10
72.82963166666666
 20
145.6938002777778
 30
0.0
 10
73.94440944444443
 20
145.6938002777778
 30
0.0
 10
75.05530666666667
 20
145.6938002777778
 30
0.0
 10
77.65915944444444
 20
146.4804947222222
 30
0.0
 10
76.37504833333332
 20
145.0940780555555
 30
0.0
 10
74.58293722222221
 20
143.1573280555556
 30
0.0
 10
77.43338166666666
 20
140.9771613888889
 30
0.0
 10
79.23960388888888
 20
140.1058002777778
 30
0.0
 10
81.0458261111111
 20
139.2344391666666
 30
0.0
 10
77.8073261111111
 20
138.9204669444444
 30
0.0
 10
73.94440944444443
 20
138.9204669444444
 30
0.0
 10
70.07796499999999
 20
138.9204669444444
 30
0.0
 10
66.83946499999999
 20
139.2344391666666
 30
0.0
 10
68.64568722222221
 20
140.1058002777778
 30
0.0
  0
SPLINE
  5
C2
330
1F
100
AcDbEntity
  8
DEFAULT
 62
     5
100
AcDbSpline
210
0.0
220
0.0
230
1.0
 70
     8
 71
     3
 72
    17
 73
    13
 74
     0
 42
0.000000001
 43
0.0000000001
 40
0.0
 40
0.0
 40
0.0
 40
0.0
 40
1.0
 40
1.0
 40
1.0
 40
2.0
 40
2.0
 40
2.0
 40
3.0
 40
3.0
 40
3.0
 40
4.0
 40
4.0
 40
4.0
 40
4.0
 10
65.03507722222223
 20
161.6273261111111
 30
0.0
 10
64.80894666666667
 20
158.7581844444445
 30
0.0
 10
65.75827166666667
 20
156.7685177777778
 30
0.0
 10
65.97734666666666
 20
155.9705344444444
 30
0.0
 10
67.45689666666667
 20
150.59279
 30
0.0
 10
67.91621333333333
 20
150.1447622222222
 30
0.0
 10
66.95983277777778
 20
147.884515
 30
0.0
 10
65.85387444444444
 20
145.2721955555556
 30
0.0
 10
77.04186888888889
 20
144.5144288888889
 30
0.0
 10
65.76920777777777
 20
141.3807038888889
 30
0.0
 10
64.30623833333333
 20
140.9743038888889
 30
0.0
 10
64.96452166666667
 20
139.3712816666666
 30
0.0
 10
65.73181333333333
 20
137.3632705555555
 30
0.0
  0
POLYLINE
  5
C3
330
1F
100
AcDbEntity
  8
DEFAULT
 62
     7
100
AcDb2dPolyline
 66
     1
 10
0.0
 20
0.0
 30
0.0
  0
VERTEX
  5
C4
330
C3
100
AcDbEntity
  8
DEFAULT
 62
     7
100
AcDbVertex
100
AcDb2dVertex
 10
75.19137305555554
 20
151.5371408333333
 30
0.0
  0
VERTEX
  5
C5
330
C3
100
AcDbEntity
  8
DEFAULT
 62
     7
100
AcDbVertex
100
AcDb2dVertex
 10
72.69123694444444
 20
151.5371408333333
 30
0.0
  0
SEQEND
  5
C6
330
C3
100
AcDbEntity
  8
DEFAULT
 62
     7
  0
SPLINE
  5
C7
330
1F
100
AcDbEntity
  8
DEFAULT
 62
     7
100
AcDbSpline
210
0.0
220
0.0
230
1.0
 70
     8
 71
     3
 72
    20
 73
    16
 74
     0
 42
0.000000001
 43
0.0000000001
 40
0.0
 40
0.0
 40
0.0
 40
0.0
 40
1.004000000000002
 40
1.004000000000002
 40
1.004000000000002
 40
2.008000000000004
 40
2.008000000000004
 40
2.008000000000004
 40
3.012000000000006
 40
3.012000000000006
 40
3.012000000000006
 40
4.016000000000008
 40
4.016000000000008
 40
4.016000000000008
 40
5.02000000000001
 40
5.02000000000001
 40
5.02000000000001
 40
5.02000000000001
 10
73.30087222222222
 20
147.727035
 30
0.0
 10
73.30087222222222
 20
147.727035
 30
0.0
 10
73.30863333333333
 20
150.1072266666667
 30
0.0
 10
73.30087222222222
 20
150.2356377777778
 30
0.0
 10
73.42505
 20
150.4476572222222
 30
0.0
 10
73.59085555555555
 20
150.5372627777778
 30
0.0
 10
73.83250833333334
 20
150.5372627777778
 30
0.0
 10
74.20504166666666
 20
150.5372627777778
 30
0.0
 10
74.58145555555555
 20
150.2522183333333
 30
0.0
 10
74.58145555555555
 20
149.6789544444444
 30
0.0
 10
74.58498333333333
 20
149.1921211111111
 30
0.0
 10
74.291825
 20
148.86051
 30
0.0
 10
73.8773111111111
 20
148.86051
 30
0.0
 10
73.60814166666667
 20
148.86051
 30
0.0
 10
73.41481944444445
 20
148.9765738888889
 30
0.0
 10
73.30087222222222
 20
149.1554322222222
 30
0.0
  0
SPLINE
  5
C8
330
1F
100
AcDbEntity
  8
DEFAULT
 62
     5
100
AcDbSpline
210
0.0
220
0.0
230
1.0
 70
     8
 71
     3
 72
    17
 73
    13
 74
     0
 42
0.000000001
 43
0.0000000001
 40
0.0
 40
0.0
 40
0.0
 40
0.0
 40
1.0
 40
1.0
 40
1.0
 40
2.0
 40
2.0
 40
2.0
 40
3.0
 40
3.0
 40
3.0
 40
4.0
 40
4.0
 40
4.0
 40
4.0
 10
82.84742694444444
 20
161.6273261111111
 30
0.0
 10
83.07355749999999
 20
158.7581844444445
 30
0.0
 10
82.12423249999999
 20
156.7685177777778
 30
0.0
 10
81.90515749999999
 20
155.9705344444444
 30
0.0
 10
80.42596027777776
 20
150.59279
 30
0.0
 10
79.96629083333332
 20
150.1447622222222
 30
0.0
 10
80.92302416666665
 20
147.884515
 30
0.0
 10
82.0286297222222
 20
145.2721955555556
 30
0.0
 10
70.84063527777776
 20
144.5144288888889
 30
0.0
 10
82.11364916666665
 20
141.3807038888889
 30
0.0
 10
83.57626583333332
 20
140.9743038888889
 30
0.0
 10
82.91833527777777
 20
139.3712816666666
 30
0.0
 10
82.15069083333333
 20
137.3632705555555
 30
0.0
  0
SPLINE
  5
C9
330
1F
100
AcDbEntity
  8
DEFAULT
 62
     1
100
AcDbSpline
210
0.0
220
0.0
230
1.0
 70
    11
 71
     3
 72
    53
 73
    49
 74
     0
 42
0.000000001
 43
0.0000000001
 40
1.0
 40
1.0
 40
1.0
 40
1.0
 40
2.0
 40
2.0
 40
2.0
 40
3.0
 40
3.0
 40
3.0
 40
4.0
 40
4.0
 40
4.0
 40
5.0
 40
5.0
 40
5.0
 40
17.89699999999999
 40
17.89699999999999
 40
17.89699999999999
 40
26.40099999999998
 40
26.40099999999998
 40
26.40099999999998
 40
39.30999999999997
 40
39.30999999999997
 40
39.30999999999997
 40
40.30999999999997
 40
40.30999999999997
 40
40.30999999999997
 40
41.30999999999997
 40
41.30999999999997
 40
41.30999999999997
 40
42.30999999999997
 40
42.30999999999997
 40
42.30999999999997
 40
43.30999999999997
 40
43.30999999999997
 40
43.30999999999997
 40
44.30999999999997
 40
44.30999999999997
 40
44.30999999999997
 40
45.30999999999997
 40
45.30999999999997
 40
45.30999999999997
 40
60.78099999999998
 40
60.78099999999998
 40
60.78099999999998
 40
61.78099999999998
 40
61.78099999999998
 40
61.78099999999998
 40
62.78099999999998
 40
62.78099999999998
 40
62.78099999999998
 40
62.78099999999998
 10
64.04892222222222
 20
155.4404505555555
 30
0.0
 10
63.2968
 20
158.1787116666667
 30
0.0
 10
62.38875
 20
161.6274672222222
 30
0.0
 10
65.03493611111111
 20
161.6274672222222
 30
0.0
 10
67.1399611111111
 20
161.6274672222222
 30
0.0
 10
66.92547222222223
 20
161.7971533333333
 30
0.0
 10
72.44256388888888
 20
161.7971533333333
 30
0.0
 10
72.44256388888888
 20
160.659445
 30
0.0
 10
72.50676944444444
 20
160.792795
 30
0.0
 10
72.50676944444444
 20
159.5224422222222
 30
0.0
 10
72.50676944444444
 20
158.2612616666667
 30
0.0
 10
72.44256388888888
 20
158.3850866666666
 30
0.0
 10
72.44256388888888
 20
157.2477311111111
 30
0.0
 10
72.44256388888888
 20
155.7311394444444
 30
0.0
 10
72.44256388888888
 20
154.2145477777778
 30
0.0
 10
72.44256388888888
 20
152.6979561111111
 30
0.0
 10
73.4425712962963
 20
152.6979561111111
 30
0.0
 10
74.44257870370372
 20
152.6979561111111
 30
0.0
 10
75.44258611111111
 20
152.6979561111111
 30
0.0
 10
75.44258611111111
 20
154.2159588888889
 30
0.0
 10
75.44258611111111
 20
155.7339616666667
 30
0.0
 10
75.44258611111111
 20
157.2519644444444
 30
0.0
 10
75.44258611111111
 20
158.3850866666666
 30
0.0
 10
75.37873333333333
 20
158.2612616666667
 30
0.0
 10
75.37873333333333
 20
159.5224422222222
 30
0.0
 10
75.37873333333333
 20
160.792795
 30
0.0
 10
75.44258611111111
 20
160.659445
 30
0.0
 10
75.44258611111111
 20
161.7971533333333
 30
0.0
 10
80.96003055555555
 20
161.7971533333333
 30
0.0
 10
80.74236666666665
 20
161.6274672222222
 30
0.0
 10
82.84739166666667
 20
161.6274672222222
 30
0.0
 10
85.49393055555555
 20
161.6274672222222
 30
0.0
 10
84.58552777777777
 20
158.1787116666667
 30
0.0
 10
83.83375833333334
 20
155.4404505555555
 30
0.0
 10
81.39394722222222
 20
146.5709116666667
 30
0.0
 10
84.79225555555554
 20
149.1807616666667
 30
0.0
 10
84.79225555555554
 20
141.1455422222222
 30
0.0
 10
84.79225555555554
 20
137.7426477777778
 30
0.0
 10
84.61304444444444
 20
137.0960061111111
 30
0.0
 10
76.67025277777778
 20
137.0960061111111
 30
0.0
 10
74.85097777777777
 20
137.0960061111111
 30
0.0
 10
73.03170277777778
 20
137.0960061111111
 30
0.0
 10
71.21242777777778
 20
137.0960061111111
 30
0.0
 10
63.26963611111111
 20
137.0960061111111
 30
0.0
 10
63.090425
 20
137.7426477777778
 30
0.0
 10
63.090425
 20
141.1455422222222
 30
0.0
 10
63.090425
 20
149.1807616666667
 30
0.0
 10
66.4890861111111
 20
146.5709116666667
 30
0.0
 10
64.04892222222222
 20
155.4404505555555
 30
0.0
  0
SPLINE
  5
CA
330
1F
100
AcDbEntity
  8
DEFAULT
 62
     3
100
AcDbSpline
210
0.0
220
0.0
230
1.0
 70
    11
 71
     3
 72
    17
 73
    13
 74
     0
 42
0.000000001
 43
0.0000000001
 40
0.0
 40
0.0
 40
0.0
 40
0.0
 40
1.0
 40
1.0
 40
1.0
 40
2.0
 40
2.0
 40
2.0
 40
3.0
 40
3.0
 40
3.0
 40
4.0
 40
4.0
 40
4.0
 40
4.0
 10
66.87855277777777
 20
125.0815944444444
 30
0.0
 10
68.70594166666666
 20
123.4686944444444
 30
0.0
 10
69.700775
 20
122.7991222222222
 30
0.0
 10
69.700775
 20
125.5797166666667
 30
0.0
 10
69.700775
 20
128.3603111111111
 30
0.0
 10
70.67408888888889
 20
129.581275
 30
0.0
 10
69.82530555555554
 20
130.6844111111111
 30
0.0
 10
68.99521944444444
 20
131.7635583333333
 30
0.0
 10
69.40726388888888
 20
132.718175
 30
0.0
 10
68.28825277777777
 20
132.3862111111111
 30
0.0
 10
67.16888888888889
 20
132.0542472222222
 30
0.0
 10
65.45932777777777
 20
126.3343083333333
 30
0.0
 10
66.87855277777777
 20
125.0815944444444
 30
0.0
  0
SPLINE
  5
CB
330
1F
100
AcDbEntity
  8
DEFAULT
 62
     3
100
AcDbSpline
210
0.0
220
0.0
230
1.0
 70
    11
 71
     3
 72
    17
 73
    13
 74
     0
 42
0.000000001
 43
0.0000000001
 40
0.0
 40
0.0
 40
0.0
 40
0.0
 40
1.0
 40
1.0
 40
1.0
 40
2.0
 40
2.0
 40
2.0
 40
3.0
 40
3.0
 40
3.0
 40
4.0
 40
4.0
 40
4.0
 40
4.0
 10
81.00412777777777
 20
125.0815944444444
 30
0.0
 10
79.17673888888888
 20
123.4686944444444
 30
0.0
 10
78.18190555555555
 20
122.7991222222222
 30
0.0
 10
78.18190555555555
 20
125.5797166666667
 30
0.0
 10
78.18190555555555
 20
128.3603111111111
 30
0.0
 10
77.20859166666665
 20
129.581275
 30
0.0
 10
78.057375
 20
130.6844111111111
 30
0.0
 10
78.88746111111111
 20
131.7635583333333
 30
0.0
 10
78.47541666666666
 20
132.718175
 30
0.0
 10
79.59442777777777
 20
132.3862111111111
 30
0.0
 10
80.71343888888887
 20
132.0542472222222
 30
0.0
 10
82.42335277777777
 20
126.3343083333333
 30
0.0
 10
81.00412777777777
 20
125.0815944444444
 30
0.0
  0
SPLINE
  5
CC
330
1F
100
AcDbEntity
  8
DEFAULT
 62
     3
100
AcDbSpline
210
0.0
220
0.0
230
1.0
 70
    11
 71
     3
 72
    35
 73
    31
 74
     0
 42
0.000000001
 43
0.0000000001
 40
1.0
 40
1.0
 40
1.0
 40
1.0
 40
2.0
 40
2.0
 40
2.0
 40
3.0
 40
3.0
 40
3.0
 40
4.0
 40
4.0
 40
4.0
 40
5.0
 40
5.0
 40
5.0
 40
6.0
 40
6.0
 40
6.0
 40
7.0
 40
7.0
 40
7.0
 40
8.0
 40
8.0
 40
8.0
 40
9.0
 40
9.0
 40
9.0
 40
10.0
 40
10.0
 40
10.0
 40
11.0
 40
11.0
 40
11.0
 40
11.0
 10
67.6436925
 20
113.0266838888889
 30
0.0
 10
69.01247027777777
 20
112.5892394444444
 30
0.0
 10
71.75355361111112
 20
113.1007672222222
 30
0.0
 10
71.43958138888888
 20
115.707795
 30
0.0
 10
71.12913694444444
 20
118.3183505555555
 30
0.0
 10
73.02355361111111
 20
117.0236561111111
 30
0.0
 10
73.94077583333333
 20
117.0236561111111
 30
0.0
 10
74.85799805555554
 20
117.0236561111111
 30
0.0
 10
76.74888694444444
 20
118.3183505555555
 30
0.0
 10
76.4384425
 20
115.707795
 30
0.0
 10
76.12799805555555
 20
113.1007672222222
 30
0.0
 10
78.86555361111111
 20
112.5892394444444
 30
0.0
 10
80.23785916666665
 20
113.0266838888889
 30
0.0
 10
81.60663694444443
 20
113.4606005555556
 30
0.0
 10
82.10405361111111
 20
108.5428783333333
 30
0.0
 10
80.79524805555555
 20
109.3048783333333
 30
0.0
 10
79.48997027777777
 20
110.0704061111111
 30
0.0
 10
78.49160916666666
 20
108.2324338888889
 30
0.0
 10
78.38224805555555
 20
109.4918505555556
 30
0.0
 10
78.27288694444444
 20
110.754795
 30
0.0
 10
76.93585916666666
 20
110.9699894444444
 30
0.0
 10
73.94077583333333
 20
110.9699894444444
 30
0.0
 10
70.94216472222222
 20
110.9699894444444
 30
0.0
 10
69.60513694444444
 20
110.754795
 30
0.0
 10
69.49577583333333
 20
109.4918505555556
 30
0.0
 10
69.38641472222221
 20
108.2324338888889
 30
0.0
 10
68.39158138888888
 20
110.0704061111111
 30
0.0
 10
67.08277583333333
 20
109.3048783333333
 30
0.0
 10
65.77749805555555
 20
108.5428783333333
 30
0.0
 10
66.27491472222222
 20
113.4606005555556
 30
0.0
 10
67.6436925
 20
113.0266838888889
 30
0.0
  0
SPLINE
  5
CD
330
1F
100
AcDbEntity
  8
DEFAULT
 62
     5
100
AcDbSpline
210
0.0
220
0.0
230
1.0
 70
     8
 71
     3
 72
    17
 73
    13
 74
     0
 42
0.000000001
 43
0.0000000001
 40
0.0
 40
0.0
 40
0.0
 40
0.0
 40
1.0
 40
1.0
 40
1.0
 40
2.0
 40
2.0
 40
2.0
 40
3.0
 40
3.0
 40
3.0
 40
4.0
 40
4.0
 40
4.0
 40
4.0
 10
64.91636749999999
 20
134.1512994444444
 30
0.0
 10
65.25715083333334
 20
132.5380466666667
 30
0.0
 10
63.72080361111111
 20
131.4885327777778
 30
0.0
 10
63.97727305555555
 20
125.7252022222222
 30
0.0
 10
64.15824805555556
 20
121.6544994444445
 30
0.0
 10
71.49426194444445
 20
120.2366855555556
 30
0.0
 10
70.01012583333333
 20
115.8855244444444
 30
0.0
 10
68.4247425
 20
111.2383827777778
 30
0.0
 10
64.30253416666666
 20
120.1188577777778
 30
0.0
 10
64.30253416666666
 20
111.3674994444444
 30
0.0
 10
64.30253416666666
 20
108.5484522222222
 30
0.0
 10
63.89225361111112
 20
105.4267216666667
 30
0.0
 10
63.09038972222223
 20
103.6797661111111
 30
0.0
  0
POLYLINE
  5
CE
330
1F
100
AcDbEntity
  8
DEFAULT
 62
     7
100
AcDb2dPolyline
 66
     1
 10
0.0
 20
0.0
 30
0.0
  0
VERTEX
  5
CF
330
CE
100
AcDbEntity
  8
DEFAULT
 62
     7
100
AcDbVertex
100
AcDb2dVertex
 10
75.19137305555554
 20
123.2127894444444
 30
0.0
  0
VERTEX
  5
D0
330
CE
100
AcDbEntity
  8
DEFAULT
 62
     7
100
AcDbVertex
100
AcDb2dVertex
 10
72.69123694444444
 20
123.2127894444444
 30
0.0
  0
SEQEND
  5
D1
330
CE
100
AcDbEntity
  8
DEFAULT
 62
     7
  0
SPLINE
  5
D2
330
1F
100
AcDbEntity
  8
DEFAULT
 62
     7
100
AcDbSpline
210
0.0
220
0.0
230
1.0
 70
     8
 71
     3
 72
    17
 73
    13
 74
     0
 42
0.000000001
 43
0.0000000001
 40
0.0
 40
0.0
 40
0.0
 40
0.0
 40
1.0
 40
1.0
 40
1.0
 40
2.0
 40
2.0
 40
2.0
 40
3.0
 40
3.0
 40
3.0
 40
4.0
 40
4.0
 40
4.0
 40
4.0
 10
73.20459916666665
 20
122.1036208333333
 30
0.0
 10
73.2942047222222
 20
122.1505402777778
 30
0.0
 10
73.4928186111111
 20
122.2129819444444
 30
0.0
 10
73.74646583333332
 20
122.2129819444444
 30
0.0
 10
74.31549638888887
 20
122.2129819444444
 30
0.0
 10
74.68591305555555
 20
121.8270430555555
 30
0.0
 10
74.68591305555555
 20
121.2502513888889
 30
0.0
 10
74.68591305555555
 20
120.6692263888889
 30
0.0
 10
74.28797972222222
 20
120.2483625
 30
0.0
 10
73.67238249999998
 20
120.2483625
 30
0.0
 10
73.46953527777777
 20
120.2483625
 30
0.0
 10
73.29032416666665
 20
120.2991625
 30
0.0
 10
73.19683805555555
 20
120.3457291666667
 30
0.0
  0
SPLINE
  5
D3
330
1F
100
AcDbEntity
  8
DEFAULT
 62
     5
100
AcDbSpline
210
0.0
220
0.0
230
1.0
 70
     8
 71
     3
 72
    17
 73
    13
 74
     0
 42
0.000000001
 43
0.0000000001
 40
0.0
 40
0.0
 40
0.0
 40
0.0
 40
1.0
 40
1.0
 40
1.0
 40
2.0
 40
2.0
 40
2.0
 40
3.0
 40
3.0
 40
3.0
 40
4.0
 40
4.0
 40
4.0
 40
4.0
 10
82.96610138888887
 20
134.1512994444444
 30
0.0
 10
82.62531805555554
 20
132.5380466666667
 30
0.0
 10
84.16166527777777
 20
131.4885327777778
 30
0.0
 10
83.9055486111111
 20
125.7252022222222
 30
0.0
 10
83.72422083333332
 20
121.6544994444445
 30
0.0
 10
76.38820694444443
 20
120.2366855555556
 30
0.0
 10
77.87269583333332
 20
115.8855244444444
 30
0.0
 10
79.45772638888889
 20
111.2383827777778
 30
0.0
 10
83.5802875
 20
120.1188577777778
 30
0.0
 10
83.5802875
 20
111.3674994444444
 30
0.0
 10
83.5802875
 20
108.5484522222222
 30
0.0
 10
83.99021527777776
 20
105.4267216666667
 30
0.0
 10
84.79207916666665
 20
103.6797661111111
 30
0.0
  0
SPLINE
  5
D4
330
1F
100
AcDbEntity
  8
DEFAULT
 62
     1
100
AcDbSpline
210
0.0
220
0.0
230
1.0
 70
    11
 71
     3
 72
    71
 73
    67
 74
     0
 42
0.000000001
 43
0.0000000001
 40
11.05000000000001
 40
11.05000000000001
 40
11.05000000000001
 40
11.05000000000001
 40
12.05000000000001
 40
12.05000000000001
 40
12.05000000000001
 40
13.05000000000001
 40
13.05000000000001
 40
13.05000000000001
 40
14.05000000000001
 40
14.05000000000001
 40
14.05000000000001
 40
15.05000000000001
 40
15.05000000000001
 40
15.05000000000001
 40
27.94600000000003
 40
27.94600000000003
 40
27.94600000000003
 40
36.45000000000002
 40
36.45000000000002
 40
36.45000000000002
 40
49.34600000000003
 40
49.34600000000003
 40
49.34600000000003
 40
50.34600000000003
 40
50.34600000000003
 40
50.34600000000003
 40
51.34600000000003
 40
51.34600000000003
 40
51.34600000000003
 40
52.34600000000003
 40
52.34600000000003
 40
52.34600000000003
 40
53.34600000000003
 40
53.34600000000003
 40
53.34600000000003
 40
64.39600000000004
 40
64.39600000000004
 40
64.39600000000004
 40
65.39600000000004
 40
65.39600000000004
 40
65.39600000000004
 40
66.39600000000004
 40
66.39600000000004
 40
66.39600000000004
 40
67.39600000000004
 40
67.39600000000004
 40
67.39600000000004
 40
68.39600000000004
 40
68.39600000000004
 40
68.39600000000004
 40
80.20000000000002
 40
80.20000000000002
 40
80.20000000000002
 40
81.20000000000002
 40
81.20000000000002
 40
81.20000000000002
 40
82.20000000000002
 40
82.20000000000002
 40
82.20000000000002
 40
83.20000000000002
 40
83.20000000000002
 40
83.20000000000002
 40
84.20000000000002
 40
84.20000000000002
 40
84.20000000000002
 40
95.25000000000003
 40
95.25000000000003
 40
95.25000000000003
 40
95.25000000000003
 10
62.30567083333332
 20
115.2656233333333
 30
0.0
 10
62.30567083333332
 20
130.5878205555555
 30
0.0
 10
60.19147361111111
 20
132.2388205555555
 30
0.0
 10
64.91975416666666
 20
134.1512288888889
 30
0.0
 10
72.92710416666665
 20
137.3844372222222
 30
0.0
 10
69.77291805555555
 20
133.4770705555555
 30
0.0
 10
72.44203472222222
 20
133.4724844444444
 30
0.0
 10
72.44203472222222
 20
132.3351288888889
 30
0.0
 10
72.50165416666667
 20
132.46354
 30
0.0
 10
72.50165416666667
 20
131.1977733333333
 30
0.0
 10
72.50165416666667
 20
129.9365927777777
 30
0.0
 10
72.44203472222222
 20
130.0604177777778
 30
0.0
 10
72.44203472222222
 20
128.9230622222222
 30
0.0
 10
72.44203472222222
 20
127.4065881481481
 30
0.0
 10
72.44203472222222
 20
125.890114074074
 30
0.0
 10
72.44203472222222
 20
124.37364
 30
0.0
 10
73.44204212962963
 20
124.37364
 30
0.0
 10
74.44204953703702
 20
124.37364
 30
0.0
 10
75.44205694444443
 20
124.37364
 30
0.0
 10
75.44205694444443
 20
125.890114074074
 30
0.0
 10
75.44205694444443
 20
127.4065881481481
 30
0.0
 10
75.44205694444443
 20
128.9230622222222
 30
0.0
 10
75.44205694444443
 20
130.0604177777778
 30
0.0
 10
75.37785138888889
 20
129.9365927777777
 30
0.0
 10
75.37785138888889
 20
131.1977733333333
 30
0.0
 10
75.37785138888889
 20
132.46354
 30
0.0
 10
75.44205694444443
 20
132.3351288888889
 30
0.0
 10
75.44205694444443
 20
133.4724844444444
 30
0.0
 10
78.12034583333333
 20
133.4724844444444
 30
0.0
 10
74.95416527777778
 20
137.3844372222222
 30
0.0
 10
82.96610138888887
 20
134.1512288888889
 30
0.0
 10
87.69438194444443
 20
132.2388205555555
 30
0.0
 10
85.58018472222221
 20
130.5878205555555
 30
0.0
 10
85.58018472222221
 20
115.2656233333333
 30
0.0
 10
85.58018472222221
 20
113.9662251851852
 30
0.0
 10
85.58018472222221
 20
112.666827037037
 30
0.0
 10
85.58018472222221
 20
111.3674288888889
 30
0.0
 10
85.58018472222221
 20
106.1667788888889
 30
0.0
 10
86.95143194444444
 20
104.8184622222222
 30
0.0
 10
85.58018472222221
 20
104.0846844444444
 30
0.0
 10
82.08098194444443
 20
102.2227233333333
 30
0.0
 10
82.96151527777776
 20
103.3417344444444
 30
0.0
 10
82.24149583333332
 20
104.7038094444444
 30
0.0
 10
81.26924027777777
 20
106.5382538888889
 30
0.0
 10
77.91679305555554
 20
106.1667788888889
 30
0.0
 10
76.67395694444444
 20
106.1667788888889
 30
0.0
 10
76.31624027777777
 20
106.1667788888889
 30
0.0
 10
76.02731527777776
 20
106.749215
 30
0.0
 10
76.02731527777776
 20
108.7671038888889
 30
0.0
 10
74.63925231481481
 20
108.7671038888889
 30
0.0
 10
73.25118935185185
 20
108.7671038888889
 30
0.0
 10
71.86312638888889
 20
108.7671038888889
 30
0.0
 10
71.86312638888889
 20
106.749215
 30
0.0
 10
71.57420138888888
 20
106.1667788888889
 30
0.0
 10
71.21189861111111
 20
106.1667788888889
 30
0.0
 10
69.96447638888888
 20
106.1667788888889
 30
0.0
 10
66.61202916666666
 20
106.5382538888889
 30
0.0
 10
65.6397736111111
 20
104.7038094444444
 30
0.0
 10
64.91975416666666
 20
103.3417344444444
 30
0.0
 10
65.8002875
 20
102.2227233333333
 30
0.0
 10
62.30108472222221
 20
104.0846844444444
 30
0.0
 10
60.92983749999999
 20
104.8184622222222
 30
0.0
 10
62.30567083333332
 20
106.1667788888889
 30
0.0
 10
62.30567083333332
 20
111.3674288888889
 30
0.0
 10
62.30567083333332
 20
112.666827037037
 30
0.0
 10
62.30567083333332
 20
113.9662251851852
 30
0.0
 10
62.30567083333332
 20
115.2656233333333
 30
0.0
  0
SPLINE
  5
D5
330
1F
100
AcDbEntity
  8
DEFAULT
 62
     3
100
AcDbSpline
210
0.0
220
0.0
230
1.0
 70
    11
 71
     3
 72
    17
 73
    13
 74
     0
 42
0.000000001
 43
0.0000000001
 40
0.0
 40
0.0
 40
0.0
 40
0.0
 40
1.0
 40
1.0
 40
1.0
 40
2.0
 40
2.0
 40
2.0
 40
3.0
 40
3.0
 40
3.0
 40
4.0
 40
4.0
 40
4.0
 40
4.0
 10
67.95752361111111
 20
93.24872694444443
 30
0.0
 10
66.35944027777778
 20
93.9828575
 30
0.0
 10
66.2543125
 20
93.9126547222222
 30
0.0
 10
67.06429027777777
 20
95.90479083333331
 30
0.0
 10
67.87462083333332
 20
97.89692694444442
 30
0.0
 10
68.82923749999999
 20
96.81777972222221
 30
0.0
 10
69.03667083333333
 20
98.35342138888888
 30
0.0
 10
69.24410416666666
 20
99.88906305555552
 30
0.0
 10
70.49893472222222
 20
100.3871852777778
 30
0.0
 10
70.49893472222222
 20
99.3496658333333
 30
0.0
 10
70.49893472222222
 20
98.31214638888888
 30
0.0
 10
71.02880694444444
 20
91.83761583333332
 30
0.0
 10
67.95752361111111
 20
93.24872694444443
 30
0.0
  0
SPLINE
  5
D6
330
1F
100
AcDbEntity
  8
DEFAULT
 62
     3
100
AcDbSpline
210
0.0
220
0.0
230
1.0
 70
    11
 71
     3
 72
    17
 73
    13
 74
     0
 42
0.000000001
 43
0.0000000001
 40
0.0
 40
0.0
 40
0.0
 40
0.0
 40
1.0
 40
1.0
 40
1.0
 40
2.0
 40
2.0
 40
2.0
 40
3.0
 40
3.0
 40
3.0
 40
4.0
 40
4.0
 40
4.0
 40
4.0
 10
79.92494527777777
 20
93.24872694444443
 30
0.0
 10
81.52338138888888
 20
93.9828575
 30
0.0
 10
81.62850916666666
 20
93.9126547222222
 30
0.0
 10
80.81817861111111
 20
95.90479083333331
 30
0.0
 10
80.00784805555556
 20
97.89692694444442
 30
0.0
 10
79.05323138888888
 20
96.81777972222221
 30
0.0
 10
78.84579805555555
 20
98.35342138888888
 30
0.0
 10
78.63836472222222
 20
99.88906305555552
 30
0.0
 10
77.38388694444444
 20
100.3871852777778
 30
0.0
 10
77.38388694444444
 20
99.3496658333333
 30
0.0
 10
77.38388694444444
 20
98.31214638888888
 30
0.0
 10
76.85366194444444
 20
91.83761583333332
 30
0.0
 10
79.92494527777777
 20
93.24872694444443
 30
0.0
  0
SPLINE
  5
D7
330
1F
100
AcDbEntity
  8
DEFAULT
 62
     5
100
AcDbSpline
210
0.0
220
0.0
230
1.0
 70
     8
 71
     3
 72
    23
 73
    19
 74
     0
 42
0.000000001
 43
0.0000000001
 40
0.0
 40
0.0
 40
0.0
 40
0.0
 40
1.0
 40
1.0
 40
1.0
 40
2.0
 40
2.0
 40
2.0
 40
3.0
 40
3.0
 40
3.0
 40
4.0
 40
4.0
 40
4.0
 40
5.0
 40
5.0
 40
5.0
 40
6.0
 40
6.0
 40
6.0
 40
6.0
 10
66.49370749999999
 20
101.4077361111111
 30
0.0
 10
68.00359638888888
 20
99.89784722222221
 30
0.0
 10
67.68750749999998
 20
99.00108611111109
 30
0.0
 10
66.56814361111111
 20
98.40136388888888
 30
0.0
 10
65.44877972222221
 20
97.80128888888888
 30
0.0
 10
65.44877972222221
 20
97.80128888888888
 30
0.0
 10
64.68148805555555
 20
96.19015277777775
 30
0.0
 10
63.68630194444444
 20
94.10064999999997
 30
0.0
 10
63.9106686111111
 20
93.4779972222222
 30
0.0
 10
63.92089916666666
 20
93.45259722222221
 30
0.0
 10
64.02391027777777
 20
93.19295277777776
 30
0.0
 10
64.99052138888888
 20
92.81054166666665
 30
0.0
 10
65.63046027777777
 20
92.55795277777776
 30
0.0
 10
67.78522694444443
 20
91.70705277777776
 30
0.0
 10
71.39202694444444
 20
89.65529722222222
 30
0.0
 10
71.39202694444444
 20
84.88644722222222
 30
0.0
 10
71.39202694444444
 20
83.34692499999998
 30
0.0
 10
70.9320047222222
 20
81.78376666666665
 30
0.0
 10
69.39177694444443
 20
80.98825277777776
 30
0.0
  0
POLYLINE
  5
D8
330
1F
100
AcDbEntity
  8
DEFAULT
 62
     7
100
AcDb2dPolyline
 66
     1
 10
0.0
 20
0.0
 30
0.0
  0
VERTEX
  5
D9
330
D8
100
AcDbEntity
  8
DEFAULT
 62
     7
100
AcDbVertex
100
AcDb2dVertex
 10
75.30662555555556
 20
92.82878027777778
 30
0.0
  0
VERTEX
  5
DA
330
D8
100
AcDbEntity
  8
DEFAULT
 62
     7
100
AcDbVertex
100
AcDb2dVertex
 10
72.80684222222222
 20
92.82878027777778
 30
0.0
  0
SEQEND
  5
DB
330
D8
100
AcDbEntity
  8
DEFAULT
 62
     7
  0
SPLINE
  5
DC
330
1F
100
AcDbEntity
  8
DEFAULT
 62
     7
100
AcDbSpline
210
0.0
220
0.0
230
1.0
 70
    11
 71
     3
 72
    23
 73
    19
 74
     0
 42
0.000000001
 43
0.0000000001
 40
0.0
 40
0.0
 40
0.0
 40
0.0
 40
1.002210188971158
 40
1.002210188971158
 40
1.002210188971158
 40
2.004420377942316
 40
2.004420377942316
 40
2.004420377942316
 40
3.006630566913474
 40
3.006630566913474
 40
3.006630566913474
 40
4.008840755884632
 40
4.008840755884632
 40
4.008840755884632
 40
5.011050944855791
 40
5.011050944855791
 40
5.011050944855791
 40
9.069000000000017
 40
9.069000000000017
 40
9.069000000000017
 40
9.069000000000017
 10
74.58177305555556
 20
90.4470011111111
 30
0.0
 10
74.46782583333332
 20
90.26814277777777
 30
0.0
 10
74.2745036111111
 20
90.15207888888888
 30
0.0
 10
74.00533416666667
 20
90.15207888888888
 30
0.0
 10
73.59082027777778
 20
90.15207888888888
 30
0.0
 10
73.29730916666666
 20
90.48368999999998
 30
0.0
 10
73.30083694444444
 20
90.97052333333332
 30
0.0
 10
73.30083694444444
 20
91.5437872222222
 30
0.0
 10
73.67725083333333
 20
91.82883166666664
 30
0.0
 10
74.05013694444443
 20
91.82883166666664
 30
0.0
 10
74.29178972222222
 20
91.82883166666664
 30
0.0
 10
74.45759527777777
 20
91.73922611111111
 30
0.0
 10
74.58177305555556
 20
91.52720666666666
 30
0.0
 10
74.57401194444445
 20
91.39844277777777
 30
0.0
 10
74.58177305555556
 20
89.01860388888888
 30
0.0
 10
74.58177305555556
 20
89.01860388888888
 30
0.0
 10
74.58177305555556
 20
89.4947362962963
 30
0.0
 10
74.58177305555556
 20
89.97086870370369
 30
0.0
 10
74.58177305555556
 20
90.4470011111111
 30
0.0
  0
SPLINE
  5
DD
330
1F
100
AcDbEntity
  8
DEFAULT
 62
     5
100
AcDbSpline
210
0.0
220
0.0
230
1.0
 70
     8
 71
     3
 72
    23
 73
    19
 74
     0
 42
0.000000001
 43
0.0000000001
 40
0.0
 40
0.0
 40
0.0
 40
0.0
 40
1.0
 40
1.0
 40
1.0
 40
2.0
 40
2.0
 40
2.0
 40
3.0
 40
3.0
 40
3.0
 40
4.0
 40
4.0
 40
4.0
 40
5.0
 40
5.0
 40
5.0
 40
6.0
 40
6.0
 40
6.0
 40
6.0
 10
81.38893777777777
 20
101.4077361111111
 30
0.0
 10
79.87904888888887
 20
99.89784722222221
 30
0.0
 10
80.19513777777777
 20
99.00108611111109
 30
0.0
 10
81.31450166666666
 20
98.40136388888888
 30
0.0
 10
82.43386555555554
 20
97.80128888888888
 30
0.0
 10
82.43386555555554
 20
97.80128888888888
 30
0.0
 10
83.20115722222221
 20
96.19015277777775
 30
0.0
 10
84.19634333333332
 20
94.10064999999997
 30
0.0
 10
83.97197666666666
 20
93.4779972222222
 30
0.0
 10
83.96174611111111
 20
93.45259722222221
 30
0.0
 10
83.858735
 20
93.19295277777776
 30
0.0
 10
82.89212388888888
 20
92.81054166666665
 30
0.0
 10
82.25183222222222
 20
92.55795277777776
 30
0.0
 10
80.09741833333332
 20
91.70705277777776
 30
0.0
 10
76.49061833333333
 20
89.65529722222222
 30
0.0
 10
76.49061833333333
 20
84.88644722222222
 30
0.0
 10
76.49061833333333
 20
83.34692499999998
 30
0.0
 10
76.95064055555555
 20
81.78376666666665
 30
0.0
 10
78.49086833333332
 20
80.98825277777776
 30
0.0
  0
SPLINE
  5
DE
330
1F
100
AcDbEntity
  8
DEFAULT
 62
     1
100
AcDbSpline
210
0.0
220
0.0
230
1.0
 70
    11
 71
     3
 72
    65
 73
    61
 74
     0
 42
0.000000001
 43
0.0000000001
 40
11.05000000000001
 40
11.05000000000001
 40
11.05000000000001
 40
11.05000000000001
 40
12.05000000000001
 40
12.05000000000001
 40
12.05000000000001
 40
13.05000000000001
 40
13.05000000000001
 40
13.05000000000001
 40
14.05000000000001
 40
14.05000000000001
 40
14.05000000000001
 40
15.05000000000001
 40
15.05000000000001
 40
15.05000000000001
 40
16.05000000000001
 40
16.05000000000001
 40
16.05000000000001
 40
28.94700000000006
 40
28.94700000000006
 40
28.94700000000006
 40
37.45100000000008
 40
37.45100000000008
 40
37.45100000000008
 40
50.34800000000013
 40
50.34800000000013
 40
50.34800000000013
 40
51.34800000000013
 40
51.34800000000013
 40
51.34800000000013
 40
52.34800000000013
 40
52.34800000000013
 40
52.34800000000013
 40
53.34800000000013
 40
53.34800000000013
 40
53.34800000000013
 40
54.34800000000013
 40
54.34800000000013
 40
54.34800000000013
 40
55.34800000000013
 40
55.34800000000013
 40
55.34800000000013
 40
66.39800000000014
 40
66.39800000000014
 40
66.39800000000014
 40
67.39800000000014
 40
67.39800000000014
 40
67.39800000000014
 40
68.39800000000014
 40
68.39800000000014
 40
68.39800000000014
 40
80.20200000000014
 40
80.20200000000014
 40
80.20200000000014
 40
81.20200000000014
 40
81.20200000000014
 40
81.20200000000014
 40
82.20200000000014
 40
82.20200000000014
 40
82.20200000000014
 40
93.25200000000015
 40
93.25200000000015
 40
93.25200000000015
 40
93.25200000000015
 10
69.39191805555555
 20
84.88644722222222
 30
0.0
 10
69.39191805555555
 20
96.15875555555553
 30
0.0
 10
58.64771805555556
 20
88.1711611111111
 30
0.0
 10
62.87575972222222
 20
97.0498722222222
 30
0.0
 10
64.74336527777778
 20
100.9720555555555
 30
0.0
 10
66.4938486111111
 20
99.6329111111111
 30
0.0
 10
66.4938486111111
 20
101.4077361111111
 30
0.0
 10
66.4938486111111
 20
102.5285111111111
 30
0.0
 10
69.5690125
 20
103.0887222222222
 30
0.0
 10
72.43991805555555
 20
103.0887222222222
 30
0.0
 10
72.43991805555555
 20
101.9513666666666
 30
0.0
 10
72.50412361111111
 20
102.079425
 30
0.0
 10
72.50412361111111
 20
100.8140111111111
 30
0.0
 10
72.50412361111111
 20
99.55283055555554
 30
0.0
 10
72.43991805555555
 20
99.67665555555554
 30
0.0
 10
72.43991805555555
 20
98.5393
 30
0.0
 10
72.43991805555555
 20
97.02270833333334
 30
0.0
 10
72.43991805555555
 20
95.50611666666664
 30
0.0
 10
72.43991805555555
 20
93.98952499999997
 30
0.0
 10
73.43992546296296
 20
93.98952499999997
 30
0.0
 10
74.43993287037038
 20
93.98952499999997
 30
0.0
 10
75.43994027777778
 20
93.98952499999997
 30
0.0
 10
75.43994027777778
 20
95.50611666666664
 30
0.0
 10
75.43994027777778
 20
97.02270833333334
 30
0.0
 10
75.43994027777778
 20
98.5393
 30
0.0
 10
75.43994027777778
 20
99.67665555555554
 30
0.0
 10
75.37573472222222
 20
99.55283055555554
 30
0.0
 10
75.37573472222222
 20
100.8140111111111
 30
0.0
 10
75.37573472222222
 20
102.079425
 30
0.0
 10
75.43994027777778
 20
101.9513666666666
 30
0.0
 10
75.43994027777778
 20
103.0887222222222
 30
0.0
 10
78.31084583333333
 20
103.0887222222222
 30
0.0
 10
81.38883194444445
 20
102.5285111111111
 30
0.0
 10
81.38883194444445
 20
101.4077361111111
 30
0.0
 10
81.38883194444445
 20
99.6329111111111
 30
0.0
 10
83.13931527777777
 20
100.9720555555555
 30
0.0
 10
85.00692083333333
 20
97.0498722222222
 30
0.0
 10
89.2349625
 20
88.1711611111111
 30
0.0
 10
78.4907625
 20
96.15875555555553
 30
0.0
 10
78.4907625
 20
84.88644722222222
 30
0.0
 10
78.4907625
 20
83.58704907407406
 30
0.0
 10
78.4907625
 20
82.2876509259259
 30
0.0
 10
78.4907625
 20
80.98825277777776
 30
0.0
 10
78.4907625
 20
78.1127611111111
 30
0.0
 10
80.77005972222221
 20
75.78760277777776
 30
0.0
 10
76.67007638888889
 20
75.78760277777776
 30
0.0
 10
76.31235972222221
 20
75.78760277777776
 30
0.0
 10
76.02343472222222
 20
76.36968611111111
 30
0.0
 10
76.02343472222222
 20
78.38792777777778
 30
0.0
 10
74.63537175925926
 20
78.38792777777778
 30
0.0
 10
73.2473087962963
 20
78.38792777777778
 30
0.0
 10
71.85924583333333
 20
78.38792777777778
 30
0.0
 10
71.85924583333333
 20
76.36968611111111
 30
0.0
 10
71.57032083333334
 20
75.78760277777776
 30
0.0
 10
71.21260416666667
 20
75.78760277777776
 30
0.0
 10
67.11262083333332
 20
75.78760277777776
 30
0.0
 10
69.39191805555555
 20
78.1127611111111
 30
0.0
 10
69.39191805555555
 20
80.98825277777776
 30
0.0
 10
69.39191805555555
 20
82.2876509259259
 30
0.0
 10
69.39191805555555
 20
83.58704907407406
 30
0.0
 10
69.39191805555555
 20
84.88644722222222
 30
0.0
  0
SPLINE
  5
DF
330
1F
100
AcDbEntity
  8
DEFAULT
 62
     3
100
AcDbSpline
210
0.0
220
0.0
230
1.0
 70
    11
 71
     3
 72
    20
 73
    16
 74
     0
 42
0.000000001
 43
0.0000000001
 40
0.0
 40
0.0
 40
0.0
 40
0.0
 40
1.0
 40
1.0
 40
1.0
 40
2.0
 40
2.0
 40
2.0
 40
3.0
 40
3.0
 40
3.0
 40
4.0
 40
4.0
 40
4.0
 40
5.0
 40
5.0
 40
5.0
 40
5.0
 10
67.99904555555554
 20
69.50875805555555
 30
0.0
 10
67.45329833333332
 20
71.33297194444444
 30
0.0
 10
67.66708166666666
 20
71.74995527777777
 30
0.0
 10
68.74622888888888
 20
71.25183305555555
 30
0.0
 10
69.8253761111111
 20
70.75371083333333
 30
0.0
 10
70.40252055555554
 20
70.67080805555555
 30
0.0
 10
70.38382333333332
 20
69.13516638888889
 30
0.0
 10
70.36477333333332
 20
67.59952472222221
 30
0.0
 10
70.65158166666666
 20
62.35759972222223
 30
0.0
 10
70.25929277777777
 20
61.45096083333333
 30
0.0
 10
69.86665111111111
 20
60.54396916666666
 30
0.0
 10
67.74998444444444
 20
59.50644972222221
 30
0.0
 10
68.1235761111111
 20
60.87593305555555
 30
0.0
 10
68.49716777777778
 20
62.24576916666666
 30
0.0
 10
69.335015
 20
65.04259138888888
 30
0.0
 10
67.99904555555554
 20
69.50875805555555
 30
0.0
  0
SPLINE
  5
E0
330
1F
100
AcDbEntity
  8
DEFAULT
 62
     3
100
AcDbSpline
210
0.0
220
0.0
230
1.0
 70
    11
 71
     3
 72
    20
 73
    16
 74
     0
 42
0.000000001
 43
0.0000000001
 40
0.0
 40
0.0
 40
0.0
 40
0.0
 40
1.0
 40
1.0
 40
1.0
 40
2.0
 40
2.0
 40
2.0
 40
3.0
 40
3.0
 40
3.0
 40
4.0
 40
4.0
 40
4.0
 40
5.0
 40
5.0
 40
5.0
 40
5.0
 10
79.88342333333333
 20
69.50875805555555
 30
0.0
 10
80.42917055555554
 20
71.33297194444444
 30
0.0
 10
80.21538722222222
 20
71.74995527777777
 30
0.0
 10
79.13624
 20
71.25183305555555
 30
0.0
 10
78.05744555555556
 20
70.75371083333333
 30
0.0
 10
77.47994833333334
 20
70.67080805555555
 30
0.0
 10
77.49899833333333
 20
69.13516638888889
 30
0.0
 10
77.51769555555556
 20
67.59952472222221
 30
0.0
 10
77.23088722222222
 20
62.35759972222223
 30
0.0
 10
77.62352888888888
 20
61.45096083333333
 30
0.0
 10
78.01581777777777
 20
60.54396916666666
 30
0.0
 10
80.13248444444443
 20
59.50644972222221
 30
0.0
 10
79.75889277777777
 20
60.87593305555555
 30
0.0
 10
79.3853011111111
 20
62.24576916666666
 30
0.0
 10
78.54745388888888
 20
65.04259138888888
 30
0.0
 10
79.88342333333333
 20
69.50875805555555
 30
0.0
  0
SPLINE
  5
E1
330
1F
100
AcDbEntity
  8
DEFAULT
 62
     3
100
AcDbSpline
210
0.0
220
0.0
230
1.0
 70
    11
 71
     3
 72
    35
 73
    31
 74
     0
 42
0.000000001
 43
0.0000000001
 40
1.0
 40
1.0
 40
1.0
 40
1.0
 40
2.0
 40
2.0
 40
2.0
 40
3.0
 40
3.0
 40
3.0
 40
4.0
 40
4.0
 40
4.0
 40
5.0
 40
5.0
 40
5.0
 40
6.0
 40
6.0
 40
6.0
 40
7.0
 40
7.0
 40
7.0
 40
8.0
 40
8.0
 40
8.0
 40
9.0
 40
9.0
 40
9.0
 40
10.0
 40
10.0
 40
10.0
 40
11.0
 40
11.0
 40
11.0
 40
11.0
 10
70.69881861111111
 20
50.04533777777777
 30
0.0
 10
71.90179083333332
 20
52.45092944444444
 30
0.0
 10
70.99162416666667
 20
57.57008777777778
 30
0.0
 10
72.06759638888889
 20
56.17308777777778
 30
0.0
 10
73.14709638888888
 20
54.77608777777778
 30
0.0
 10
72.99540194444444
 20
54.19400444444444
 30
0.0
 10
73.94437416666666
 20
54.19400444444444
 30
0.0
 10
74.88981861111111
 20
54.19400444444444
 30
0.0
 10
74.73812416666667
 20
54.77608777777778
 30
0.0
 10
75.81762416666666
 20
56.17308777777778
 30
0.0
 10
76.89359638888888
 20
57.57008777777778
 30
0.0
 10
75.98342972222221
 20
52.45092944444444
 30
0.0
 10
77.18640194444444
 20
50.04533777777777
 30
0.0
 10
78.05423527777778
 20
48.30261555555555
 30
0.0
 10
81.29626305555554
 20
49.96067111111111
 30
0.0
 10
80.4637075
 20
49.17362388888889
 30
0.0
 10
79.63467972222222
 20
48.38375444444444
 30
0.0
 10
79.30306861111112
 20
46.14326277777778
 30
0.0
 10
78.18123527777777
 20
46.43289333333333
 30
0.0
 10
77.06292972222222
 20
46.72217111111112
 30
0.0
 10
75.56715194444445
 20
45.97781
 30
0.0
 10
73.94437416666666
 20
45.97781
 30
0.0
 10
72.31806861111112
 20
45.97781
 30
0.0
 10
70.82229083333333
 20
46.72217111111112
 30
0.0
 10
69.70398527777778
 20
46.43289333333333
 30
0.0
 10
68.58215194444445
 20
46.14326277777778
 30
0.0
 10
68.25054083333333
 20
48.38375444444444
 30
0.0
 10
67.42151305555555
 20
49.17362388888889
 30
0.0
 10
66.58895749999999
 20
49.96067111111111
 30
0.0
 10
69.83098527777777
 20
48.30261555555555
 30
0.0
 10
70.69881861111111
 20
50.04533777777777
 30
0.0
  0
SPLINE
  5
E2
330
1F
100
AcDbEntity
  8
DEFAULT
 62
     5
100
AcDbSpline
210
0.0
220
0.0
230
1.0
 70
     8
 71
     3
 72
    20
 73
    16
 74
     0
 42
0.000000001
 43
0.0000000001
 40
0.0
 40
0.0
 40
0.0
 40
0.0
 40
1.0
 40
1.0
 40
1.0
 40
2.0
 40
2.0
 40
2.0
 40
3.0
 40
3.0
 40
3.0
 40
4.0
 40
4.0
 40
4.0
 40
5.0
 40
5.0
 40
5.0
 40
5.0
 10
65.11603972222223
 20
73.3491675
 30
0.0
 10
65.44306472222222
 20
71.99591194444443
 30
0.0
 10
66.39662305555555
 20
67.80843972222222
 30
0.0
 10
66.4925786111111
 20
67.32654527777777
 30
0.0
 10
68.01798972222223
 20
59.66844527777778
 30
0.0
 10
65.07405916666667
 20
59.89175361111111
 30
0.0
 10
65.07405916666667
 20
57.5789425
 30
0.0
 10
65.07405916666667
 20
53.87971472222223
 30
0.0
 10
70.01012583333333
 20
62.84415083333333
 30
0.0
 10
70.01012583333333
 20
54.5023675
 30
0.0
 10
70.01012583333333
 20
46.40893972222223
 30
0.0
 10
63.59768416666667
 20
55.99638138888889
 30
0.0
 10
64.75973416666668
 20
50.75551472222222
 30
0.0
 10
64.97775083333333
 20
49.7716175
 30
0.0
 10
66.83512583333332
 20
48.52560638888889
 30
0.0
 10
65.90026472222223
 20
44.53251472222222
 30
0.0
  0
POLYLINE
  5
E3
330
1F
100
AcDbEntity
  8
DEFAULT
 62
     7
100
AcDb2dPolyline
 66
     1
 10
0.0
 20
0.0
 30
0.0
  0
VERTEX
  5
E4
330
E3
100
AcDbEntity
  8
DEFAULT
 62
     7
100
AcDbVertex
100
AcDb2dVertex
 10
75.19137305555554
 20
63.02509055555554
 30
0.0
  0
VERTEX
  5
E5
330
E3
100
AcDbEntity
  8
DEFAULT
 62
     7
100
AcDbVertex
100
AcDb2dVertex
 10
72.69123694444444
 20
63.02509055555554
 30
0.0
  0
SEQEND
  5
E6
330
E3
100
AcDbEntity
  8
DEFAULT
 62
     7
  0
SPLINE
  5
E7
330
1F
100
AcDbEntity
  8
DEFAULT
 62
     7
100
AcDbSpline
210
0.0
220
0.0
230
1.0
 70
     8
 71
     3
 72
    23
 73
    19
 74
     0
 42
0.000000001
 43
0.0000000001
 40
0.0
 40
0.0
 40
0.0
 40
0.0
 40
1.0
 40
1.0
 40
1.0
 40
2.0
 40
2.0
 40
2.0
 40
3.0
 40
3.0
 40
3.0
 40
4.0
 40
4.0
 40
4.0
 40
5.0
 40
5.0
 40
5.0
 40
6.0
 40
6.0
 40
6.0
 40
6.0
 10
74.5342186111111
 20
60.51049055555555
 30
0.0
 10
74.5342186111111
 20
60.34785999999999
 30
0.0
 10
74.20437138888887
 20
60.185935
 30
0.0
 10
73.96659916666665
 20
60.185935
 30
0.0
 10
73.46988805555554
 20
60.185935
 30
0.0
 10
73.35276583333332
 20
60.44663777777777
 30
0.0
 10
73.35276583333332
 20
60.82481555555555
 30
0.0
 10
73.35276583333332
 20
60.82481555555555
 30
0.0
 10
73.37181583333333
 20
61.59563499999999
 30
0.0
 10
73.34853249999999
 20
61.72404611111111
 30
0.0
 10
73.34853249999999
 20
61.91525166666666
 30
0.0
 10
73.8343075
 20
62.02496555555555
 30
0.0
 10
74.05267694444443
 20
62.02496555555555
 30
0.0
 10
74.36241583333333
 20
62.02496555555555
 30
0.0
 10
74.52081305555555
 20
61.80694888888889
 30
0.0
 10
74.52081305555555
 20
61.58540444444444
 30
0.0
 10
74.52081305555555
 20
61.21498777777778
 30
0.0
 10
74.38957972222221
 20
60.88372944444444
 30
0.0
 10
73.35276583333332
 20
61.0160211111111
 30
0.0
  0
SPLINE
  5
E8
330
1F
100
AcDbEntity
  8
DEFAULT
 62
     5
100
AcDbSpline
210
0.0
220
0.0
230
1.0
 70
     8
 71
     3
 72
    20
 73
    16
 74
     0
 42
0.000000001
 43
0.0000000001
 40
0.0
 40
0.0
 40
0.0
 40
0.0
 40
1.0
 40
1.0
 40
1.0
 40
2.0
 40
2.0
 40
2.0
 40
3.0
 40
3.0
 40
3.0
 40
4.0
 40
4.0
 40
4.0
 40
5.0
 40
5.0
 40
5.0
 40
5.0
 10
82.76646444444444
 20
73.3491675
 30
0.0
 10
82.43943944444443
 20
71.99591194444443
 30
0.0
 10
81.4858811111111
 20
67.80843972222222
 30
0.0
 10
81.38992555555555
 20
67.32654527777777
 30
0.0
 10
79.86451444444444
 20
59.66844527777778
 30
0.0
 10
82.80879777777777
 20
59.89175361111111
 30
0.0
 10
82.80879777777777
 20
57.5789425
 30
0.0
 10
82.80879777777777
 20
53.87971472222223
 30
0.0
 10
77.87237833333333
 20
62.84415083333333
 30
0.0
 10
77.87237833333333
 20
54.5023675
 30
0.0
 10
77.87237833333333
 20
46.40893972222223
 30
0.0
 10
84.28482
 20
55.99638138888889
 30
0.0
 10
83.12312277777777
 20
50.75551472222222
 30
0.0
 10
82.9051061111111
 20
49.7716175
 30
0.0
 10
81.04737833333333
 20
48.52560638888889
 30
0.0
 10
81.98223944444443
 20
44.53251472222222
 30
0.0
  0
SPLINE
  5
E9
330
1F
100
AcDbEntity
  8
DEFAULT
 62
     1
100
AcDbSpline
210
0.0
220
0.0
230
1.0
 70
    11
 71
     3
 72
    74
 73
    70
 74
     0
 42
0.000000001
 43
0.0000000001
 40
11.05000000000001
 40
11.05000000000001
 40
11.05000000000001
 40
11.05000000000001
 40
12.05000000000001
 40
12.05000000000001
 40
12.05000000000001
 40
13.05000000000001
 40
13.05000000000001
 40
13.05000000000001
 40
14.05000000000001
 40
14.05000000000001
 40
14.05000000000001
 40
15.05000000000001
 40
15.05000000000001
 40
15.05000000000001
 40
16.05000000000001
 40
16.05000000000001
 40
16.05000000000001
 40
17.05000000000001
 40
17.05000000000001
 40
17.05000000000001
 40
29.946
 40
29.946
 40
29.946
 40
38.44999999999999
 40
38.44999999999999
 40
38.44999999999999
 40
51.34599999999998
 40
51.34599999999998
 40
51.34599999999998
 40
52.34599999999998
 40
52.34599999999998
 40
52.34599999999998
 40
53.34599999999998
 40
53.34599999999998
 40
53.34599999999998
 40
54.34599999999998
 40
54.34599999999998
 40
54.34599999999998
 40
55.34599999999998
 40
55.34599999999998
 40
55.34599999999998
 40
56.34599999999998
 40
56.34599999999998
 40
56.34599999999998
 40
57.34599999999998
 40
57.34599999999998
 40
57.34599999999998
 40
68.39599999999999
 40
68.39599999999999
 40
68.39599999999999
 40
69.39599999999999
 40
69.39599999999999
 40
69.39599999999999
 40
70.39599999999999
 40
70.39599999999999
 40
70.39599999999999
 40
71.39599999999999
 40
71.39599999999999
 40
71.39599999999999
 40
72.39599999999999
 40
72.39599999999999
 40
72.39599999999999
 40
73.39599999999999
 40
73.39599999999999
 40
73.39599999999999
 40
74.39599999999999
 40
74.39599999999999
 40
74.39599999999999
 40
85.446
 40
85.446
 40
85.446
 40
85.446
 10
62.30637638888889
 20
55.08723777777778
 30
0.0
 10
62.30637638888889
 20
59.56751555555555
 30
0.0
 10
65.65882361111112
 20
58.18251
 30
0.0
 10
64.32426527777777
 20
67.04322944444444
 30
0.0
 10
64.02158194444443
 20
69.05653222222223
 30
0.0
 10
62.50816527777777
 20
72.17050166666667
 30
0.0
 10
65.25983194444443
 20
73.42250999999999
 30
0.0
 10
67.64460972222221
 20
74.50941833333333
 30
0.0
 10
67.79595138888888
 20
74.11959888888889
 30
0.0
 10
68.68107083333332
 20
73.48671555555556
 30
0.0
 10
69.75422083333332
 20
72.71624888888888
 30
0.0
 10
70.86053194444443
 20
73.28457388888889
 30
0.0
 10
72.44274027777777
 20
73.28457388888889
 30
0.0
 10
72.44274027777777
 20
72.14757111111112
 30
0.0
 10
72.50694583333332
 20
72.27598222222221
 30
0.0
 10
72.50694583333332
 20
71.01021555555555
 30
0.0
 10
72.50694583333332
 20
69.749035
 30
0.0
 10
72.44274027777777
 20
69.87286
 30
0.0
 10
72.44274027777777
 20
68.73550444444444
 30
0.0
 10
72.44274027777777
 20
67.21903037037036
 30
0.0
 10
72.44274027777777
 20
65.7025562962963
 30
0.0
 10
72.44274027777777
 20
64.18608222222223
 30
0.0
 10
73.44274768518518
 20
64.18608222222223
 30
0.0
 10
74.44275509259258
 20
64.18608222222223
 30
0.0
 10
75.44276249999999
 20
64.18608222222223
 30
0.0
 10
75.44276249999999
 20
65.7025562962963
 30
0.0
 10
75.44276249999999
 20
67.21903037037036
 30
0.0
 10
75.44276249999999
 20
68.73550444444444
 30
0.0
 10
75.44276249999999
 20
69.87286
 30
0.0
 10
75.37855694444444
 20
69.749035
 30
0.0
 10
75.37855694444444
 20
71.01021555555555
 30
0.0
 10
75.37855694444444
 20
72.27598222222221
 30
0.0
 10
75.44276249999999
 20
72.14757111111112
 30
0.0
 10
75.44276249999999
 20
73.28457388888889
 30
0.0
 10
77.02497083333333
 20
73.28457388888889
 30
0.0
 10
78.12845972222222
 20
72.71624888888888
 30
0.0
 10
79.20160972222222
 20
73.48671555555556
 30
0.0
 10
80.08672916666666
 20
74.11959888888889
 30
0.0
 10
80.23348472222222
 20
74.50941833333333
 30
0.0
 10
82.61826249999999
 20
73.42250999999999
 30
0.0
 10
85.36992916666665
 20
72.17050166666667
 30
0.0
 10
83.8610986111111
 20
69.05653222222223
 30
0.0
 10
83.55841527777777
 20
67.04322944444444
 30
0.0
 10
82.22385694444444
 20
58.18251
 30
0.0
 10
85.57630416666666
 20
59.56751555555555
 30
0.0
 10
85.57630416666666
 20
55.08723777777778
 30
0.0
 10
85.57630416666666
 20
53.78783962962962
 30
0.0
 10
85.57630416666666
 20
52.48844148148148
 30
0.0
 10
85.57630416666666
 20
51.18904333333333
 30
0.0
 10
85.57630416666666
 20
49.50594055555555
 30
0.0
 10
82.42564583333333
 20
48.57954611111111
 30
0.0
 10
83.84275416666667
 20
45.63984888888889
 30
0.0
 10
84.16836805555555
 20
44.96569055555555
 30
0.0
 10
82.8292236111111
 20
44.28694611111111
 30
0.0
 10
79.63270416666666
 20
44.52965722222223
 30
0.0
 10
77.92667083333332
 20
44.66265444444445
 30
0.0
 10
75.05576527777778
 20
43.76377666666666
 30
0.0
 10
73.94134027777777
 20
43.76377666666666
 30
0.0
 10
72.82691527777777
 20
43.76377666666666
 30
0.0
 10
69.95600972222222
 20
44.66265444444445
 30
0.0
 10
68.24997638888888
 20
44.52965722222223
 30
0.0
 10
65.05345694444443
 20
44.28694611111111
 30
0.0
 10
63.7143125
 20
44.96569055555555
 30
0.0
 10
64.03992638888887
 20
45.63984888888889
 30
0.0
 10
65.45703472222222
 20
48.57954611111111
 30
0.0
 10
62.30637638888889
 20
49.50594055555555
 30
0.0
 10
62.30637638888889
 20
51.18904333333333
 30
0.0
 10
62.30637638888889
 20
52.48844148148148
 30
0.0
 10
62.30637638888889
 20
53.78783962962964
 30
0.0
 10
62.30637638888889
 20
55.08723777777778
 30
0.0
  0
SPLINE
  5
EA
330
1F
100
AcDbEntity
  8
DEFAULT
 62
     3
100
AcDbSpline
210
0.0
220
0.0
230
1.0
 70
    11
 71
     3
 72
    17
 73
    13
 74
     0
 42
0.000000001
 43
0.0000000001
 40
0.0
 40
0.0
 40
0.0
 40
0.0
 40
1.0
 40
1.0
 40
1.0
 40
2.0
 40
2.0
 40
2.0
 40
3.0
 40
3.0
 40
3.0
 40
4.0
 40
4.0
 40
4.0
 40
4.0
 10
48.43709444444444
 20
233.3843722222222
 30
0.0
 10
47.96860555555555
 20
234.2790166666666
 30
0.0
 10
47.34171944444444
 20
234.9200138888889
 30
0.0
 10
48.83149999999999
 20
235.1066333333333
 30
0.0
 10
50.32128055555555
 20
235.2936055555556
 30
0.0
 10
51.33833888888888
 20
235.2311638888889
 30
0.0
 10
52.1476111111111
 20
234.2455027777778
 30
0.0
 10
52.95688333333333
 20
233.2598416666667
 30
0.0
 10
52.76991111111111
 20
232.3606111111111
 30
0.0
 10
51.31752499999999
 20
232.8724916666666
 30
0.0
 10
49.8647861111111
 20
233.3843722222222
 30
0.0
 10
49.43721944444444
 20
231.4751388888889
 30
0.0
 10
48.43709444444444
 20
233.3843722222222
 30
0.0
  0
SPLINE
  5
EB
330
1F
100
AcDbEntity
  8
DEFAULT
 62
     3
100
AcDbSpline
210
0.0
220
0.0
230
1.0
 70
    11
 71
     3
 72
    17
 73
    13
 74
     0
 42
0.000000001
 43
0.0000000001
 40
0.0
 40
0.0
 40
0.0
 40
0.0
 40
1.0
 40
1.0
 40
1.0
 40
2.0
 40
2.0
 40
2.0
 40
3.0
 40
3.0
 40
3.0
 40
4.0
 40
4.0
 40
4.0
 40
4.0
 10
51.58799972222221
 20
248.6180575
 30
0.0
 10
50.58999138888888
 20
250.6398269444444
 30
0.0
 10
49.6897025
 20
250.0510408333333
 30
0.0
 10
48.74531638888889
 20
248.5979491666666
 30
0.0
 10
48.26236361111111
 20
247.8549991666666
 30
0.0
 10
45.92415249999999
 20
248.0536130555555
 30
0.0
 10
47.14546916666666
 20
246.7867880555555
 30
0.0
 10
48.05069694444445
 20
245.8473408333333
 30
0.0
 10
49.30376361111111
 20
245.9365936111111
 30
0.0
 10
50.30000805555554
 20
246.5098575
 30
0.0
 10
51.29625249999999
 20
247.0831213888889
 30
0.0
 10
51.88115805555555
 20
248.0243325
 30
0.0
 10
51.58799972222221
 20
248.6180575
 30
0.0
  0
SPLINE
  5
EC
330
1F
100
AcDbEntity
  8
DEFAULT
 62
     3
100
AcDbSpline
210
0.0
220
0.0
230
1.0
 70
     8
 71
     3
 72
    44
 73
    40
 74
     0
 42
0.000000001
 43
0.0000000001
 40
0.0
 40
0.0
 40
0.0
 40
0.0
 40
1.0
 40
1.0
 40
1.0
 40
2.0
 40
2.0
 40
2.0
 40
3.0
 40
3.0
 40
3.0
 40
4.0
 40
4.0
 40
4.0
 40
5.0
 40
5.0
 40
5.0
 40
6.0
 40
6.0
 40
6.0
 40
7.0
 40
7.0
 40
7.0
 40
8.0
 40
8.0
 40
8.0
 40
9.0
 40
9.0
 40
9.0
 40
10.0
 40
10.0
 40
10.0
 40
11.0
 40
11.0
 40
11.0
 40
12.0
 40
12.0
 40
12.0
 40
13.0
 40
13.0
 40
13.0
 40
13.0
 10
54.12856416666666
 20
238.9109888888889
 30
0.0
 10
54.12856416666666
 20
237.2522277777777
 30
0.0
 10
55.58447805555556
 20
236.2270555555555
 30
0.0
 10
56.31437527777778
 20
235.6922444444444
 30
0.0
 10
57.28345583333333
 20
234.9824555555555
 30
0.0
 10
57.34801416666667
 20
232.7109194444444
 30
0.0
 10
56.56766972222222
 20
232.6788166666666
 30
0.0
 10
52.70792805555556
 20
232.5197138888889
 30
0.0
 10
54.56883083333333
 20
237.29315
 30
0.0
 10
48.95190305555555
 20
236.5593722222222
 30
0.0
 10
42.12635861111112
 20
235.6682555555555
 30
0.0
 10
49.26693361111111
 20
232.0699222222222
 30
0.0
 10
46.9509475
 20
231.4896027777777
 30
0.0
 10
46.13850027777778
 20
231.28605
 30
0.0
 10
42.71585027777778
 20
231.3855333333333
 30
0.0
 10
42.9028225
 20
232.2120916666666
 30
0.0
 10
43.17693083333334
 20
233.4252944444444
 30
0.0
 10
43.05839750000001
 20
235.1380305555555
 30
0.0
 10
41.81309194444444
 20
237.4413166666666
 30
0.0
 10
40.90645305555556
 20
239.1191277777777
 30
0.0
 10
41.11035861111111
 20
241.5483555555555
 30
0.0
 10
41.74218361111112
 20
242.1780638888888
 30
0.0
 10
43.01676972222222
 20
243.4491222222222
 30
0.0
 10
43.12119194444445
 20
244.9406666666666
 30
0.0
 10
43.80910861111111
 20
245.9781861111111
 30
0.0
 10
44.8014725
 20
247.4746694444444
 30
0.0
 10
47.84841416666667
 20
243.23675
 30
0.0
 10
50.44591694444445
 20
244.8602333333333
 30
0.0
 10
57.75053361111111
 20
249.4255305555555
 30
0.0
 10
48.47847527777778
 20
249.3422749999999
 30
0.0
 10
54.82459472222222
 20
253.4408472222222
 30
0.0
 10
55.32412805555556
 20
253.7636388888888
 30
0.0
 10
56.63081694444444
 20
252.7543416666666
 30
0.0
 10
58.07015027777778
 20
252.2809138888888
 30
0.0
 10
58.93939472222222
 20
251.9951638888889
 30
0.0
 10
58.31074472222222
 20
250.1102722222222
 30
0.0
 10
56.19407805555555
 20
247.7755888888889
 30
0.0
 10
54.75756694444444
 20
246.1912638888889
 30
0.0
 10
54.12891694444445
 20
243.2607388888889
 30
0.0
 10
54.12891694444445
 20
241.9106583333333
 30
0.0
  0
SPLINE
  5
ED
330
1F
100
AcDbEntity
  8
DEFAULT
 62
     5
100
AcDbSpline
210
0.0
220
0.0
230
1.0
 70
     8
 71
     3
 72
    44
 73
    40
 74
     0
 42
0.000000001
 43
0.0000000001
 40
0.0
 40
0.0
 40
0.0
 40
0.0
 40
1.0
 40
1.0
 40
1.0
 40
2.0
 40
2.0
 40
2.0
 40
3.0
 40
3.0
 40
3.0
 40
4.0
 40
4.0
 40
4.0
 40
5.0
 40
5.0
 40
5.0
 40
6.0
 40
6.0
 40
6.0
 40
7.0
 40
7.0
 40
7.0
 40
8.0
 40
8.0
 40
8.0
 40
9.0
 40
9.0
 40
9.0
 40
10.0
 40
10.0
 40
10.0
 40
11.0
 40
11.0
 40
11.0
 40
12.0
 40
12.0
 40
12.0
 40
13.0
 40
13.0
 40
13.0
 40
13.0
 10
56.40338111111111
 20
241.8475816666666
 30
0.0
 10
56.40338111111111
 20
245.1576955555555
 30
0.0
 10
57.8162561111111
 20
246.9237011111111
 30
0.0
 10
58.67315333333332
 20
248.297065
 30
0.0
 10
59.80486444444444
 20
250.1103427777778
 30
0.0
 10
60.507245
 20
252.2714594444444
 30
0.0
 10
60.16857833333333
 20
253.0313427777778
 30
0.0
 10
60.10296166666666
 20
253.1784511111111
 30
0.0
 10
55.54824777777777
 20
254.9571566666666
 30
0.0
 10
55.20076166666666
 20
254.9571566666666
 30
0.0
 10
54.73544777777777
 20
254.9571566666666
 30
0.0
 10
53.92617555555555
 20
254.5186538888888
 30
0.0
 10
52.72602555555555
 20
253.6180122222222
 30
0.0
 10
51.72237277777777
 20
252.8641261111111
 30
0.0
 10
42.65175055555555
 20
247.9591038888888
 30
0.0
 10
42.37164499999999
 20
246.4340455555555
 30
0.0
 10
42.09153944444444
 20
244.9086344444444
 30
0.0
 10
40.66420055555555
 20
243.5398566666667
 30
0.0
 10
40.33788111111111
 20
242.7044788888888
 30
0.0
 10
40.01156166666667
 20
241.8687483333333
 30
0.0
 10
40.05565888888889
 20
238.5579288888889
 30
0.0
 10
40.44159777777777
 20
237.3757705555555
 30
0.0
 10
40.82788944444444
 20
236.193965
 30
0.0
 10
41.84247833333333
 20
233.2359233333333
 30
0.0
 10
41.34435611111111
 20
231.0257705555555
 30
0.0
 10
41.22194222222222
 20
230.4828455555555
 30
0.0
 10
45.61755333333333
 20
229.8718344444444
 30
0.0
 10
46.14495611111111
 20
229.8118622222222
 30
0.0
 10
46.8402811111111
 20
229.73284
 30
0.0
 10
51.18085888888888
 20
231.0571677777777
 30
0.0
 10
53.76672
 20
231.1855788888889
 30
0.0
 10
55.71616999999999
 20
231.2825927777778
 30
0.0
 10
57.47935333333334
 20
231.2014538888889
 30
0.0
 10
58.04062277777777
 20
231.5651677777777
 30
0.0
 10
58.602245
 20
231.9285288888889
 30
0.0
 10
58.55603111111111
 20
235.4259677777777
 30
0.0
 10
58.16762277777777
 20
236.1364622222222
 30
0.0
 10
57.77956722222222
 20
236.8466038888888
 30
0.0
 10
56.40338111111111
 20
237.4692566666667
 30
0.0
 10
56.40338111111111
 20
238.9745594444444
 30
0.0
  0
POLYLINE
  5
EE
330
1F
100
AcDbEntity
  8
DEFAULT
 62
     7
100
AcDb2dPolyline
 66
     1
 10
0.0
 20
0.0
 30
0.0
  0
VERTEX
  5
EF
330
EE
100
AcDbEntity
  8
DEFAULT
 62
     7
100
AcDbVertex
100
AcDb2dVertex
 10
48.47861638888889
 20
241.9216297222222
 30
0.0
  0
VERTEX
  5
F0
330
EE
100
AcDbEntity
  8
DEFAULT
 62
     7
100
AcDbVertex
100
AcDb2dVertex
 10
48.47861638888889
 20
238.9216075
 30
0.0
  0
SEQEND
  5
F1
330
EE
100
AcDbEntity
  8
DEFAULT
 62
     7
  0
POLYLINE
  5
F2
330
1F
100
AcDbEntity
  8
DEFAULT
 62
     7
100
AcDb2dPolyline
 66
     1
 10
0.0
 20
0.0
 30
0.0
  0
VERTEX
  5
F3
330
F2
100
AcDbEntity
  8
DEFAULT
 62
     7
100
AcDbVertex
100
AcDb2dVertex
 10
44.9813538888889
 20
240.9992216666666
 30
0.0
  0
VERTEX
  5
F4
330
F2
100
AcDbEntity
  8
DEFAULT
 62
     7
100
AcDbVertex
100
AcDb2dVertex
 10
44.29520111111112
 20
241.84483
 30
0.0
  0
VERTEX
  5
F5
330
F2
100
AcDbEntity
  8
DEFAULT
 62
     7
100
AcDbVertex
100
AcDb2dVertex
 10
46.82849833333333
 20
241.84483
 30
0.0
  0
SEQEND
  5
F6
330
F2
100
AcDbEntity
  8
DEFAULT
 62
     7
  0
SPLINE
  5
F7
330
1F
100
AcDbEntity
  8
DEFAULT
 62
     7
100
AcDbSpline
210
0.0
220
0.0
230
1.0
 70
     8
 71
     3
 72
    29
 73
    25
 74
     0
 42
0.000000001
 43
0.0000000001
 40
0.0
 40
0.0
 40
0.0
 40
0.0
 40
1.0
 40
1.0
 40
1.0
 40
2.0
 40
2.0
 40
2.0
 40
3.0
 40
3.0
 40
3.0
 40
4.0
 40
4.0
 40
4.0
 40
5.0
 40
5.0
 40
5.0
 40
6.0
 40
6.0
 40
6.0
 40
7.0
 40
7.0
 40
7.0
 40
8.0
 40
8.0
 40
8.0
 40
8.0
 10
46.56522027777778
 20
240.4521338888889
 30
0.0
 10
46.71127027777777
 20
240.3512394444444
 30
0.0
 10
46.82874527777778
 20
240.0527894444444
 30
0.0
 10
46.82874527777778
 20
239.7723311111111
 30
0.0
 10
46.82874527777778
 20
239.3243033333333
 30
0.0
 10
46.49783972222222
 20
239.0032755555555
 30
0.0
 10
46.06286472222222
 20
239.0032755555555
 30
0.0
 10
45.53087583333333
 20
239.0032755555555
 30
0.0
 10
45.22925083333333
 20
239.4029727777777
 30
0.0
 10
45.22925083333333
 20
239.8174866666666
 30
0.0
 10
45.22925083333333
 20
240.1311061111111
 30
0.0
 10
45.37212583333333
 20
240.3819311111111
 30
0.0
 10
45.50159527777778
 20
240.4602477777778
 30
0.0
 10
45.63847305555555
 20
240.4531922222222
 30
0.0
 10
46.9966675
 20
240.4521338888889
 30
0.0
 10
46.9966675
 20
240.4521338888889
 30
0.0
 10
47.42917305555556
 20
240.4521338888889
 30
0.0
 10
47.48067861111111
 20
240.3766394444444
 30
0.0
 10
47.64436749999999
 20
240.2157727777778
 30
0.0
 10
47.81581749999999
 20
240.0545533333333
 30
0.0
 10
47.87049805555555
 20
239.8213672222222
 30
0.0
 10
47.87049805555555
 20
239.61217
 30
0.0
 10
47.87049805555555
 20
239.4128505555555
 30
0.0
 10
47.81581749999999
 20
239.1934227777778
 30
0.0
 10
47.71457027777778
 20
239.05972
 30
0.0
  0
SPLINE
  5
F8
330
1F
100
AcDbEntity
  8
DEFAULT
 62
     1
100
AcDbSpline
210
0.0
220
0.0
230
1.0
 70
    11
 71
     3
 72
    56
 73
    52
 74
     0
 42
0.000000001
 43
0.0000000001
 40
0.0
 40
0.0
 40
0.0
 40
0.0
 40
11.79201530697788
 40
11.79201530697788
 40
11.79201530697788
 40
12.79201530697788
 40
12.79201530697788
 40
12.79201530697788
 40
13.79201530697788
 40
13.79201530697788
 40
13.79201530697788
 40
14.79201530697788
 40
14.79201530697788
 40
14.79201530697788
 40
15.79201530697788
 40
15.79201530697788
 40
15.79201530697788
 40
16.79201530697788
 40
16.79201530697788
 40
16.79201530697788
 40
17.79201530697788
 40
17.79201530697788
 40
17.79201530697788
 40
30.69001534574357
 40
30.69001534574357
 40
30.69001534574357
 40
39.19401534574348
 40
39.19401534574348
 40
39.19401534574348
 40
52.09101534574347
 40
52.09101534574347
 40
52.09101534574347
 40
53.09101534574347
 40
53.09101534574347
 40
53.09101534574347
 40
54.09101534574347
 40
54.09101534574347
 40
54.09101534574347
 40
55.09101534574347
 40
55.09101534574347
 40
55.09101534574347
 40
56.09101534574347
 40
56.09101534574347
 40
56.09101534574347
 40
57.09101534574347
 40
57.09101534574347
 40
57.09101534574347
 40
58.09101534574347
 40
58.09101534574347
 40
58.09101534574347
 40
59.09101534574347
 40
59.09101534574347
 40
59.09101534574347
 40
59.09101534574347
 10
39.17928833333332
 20
238.4689583333332
 30
0.0
 10
39.17705407407406
 20
239.8556101851851
 30
0.0
 10
39.1748198148148
 20
241.242262037037
 30
0.0
 10
39.17258555555554
 20
242.6289138888888
 30
0.0
 10
39.17258555555555
 20
244.0396722222222
 30
0.0
 10
41.17354111111111
 20
244.9660666666667
 30
0.0
 10
41.24903555555555
 20
246.5443944444444
 30
0.0
 10
41.34252166666666
 20
248.4882
 30
0.0
 10
47.53624111111111
 20
252.222
 30
0.0
 10
51.52509944444444
 20
255.2170833333333
 30
0.0
 10
55.53724111111111
 20
258.2298055555555
 30
0.0
 10
55.78277444444443
 20
256.6849916666666
 30
0.0
 10
59.99564666666666
 20
255.381125
 30
0.0
 10
65.67783833333333
 20
253.6225277777778
 30
0.0
 10
58.67802166666666
 20
246.4054
 30
0.0
 10
58.67802166666666
 20
241.9110111111111
 30
0.0
 10
57.54031333333333
 20
241.9110111111111
 30
0.0
 10
57.66942999999999
 20
241.8475111111111
 30
0.0
 10
56.40331055555555
 20
241.8475111111111
 30
0.0
 10
55.14212999999999
 20
241.8471583333333
 30
0.0
 10
55.26560222222222
 20
241.9110111111111
 30
0.0
 10
54.12895222222222
 20
241.9106583333333
 30
0.0
 10
52.61224296296296
 20
241.9107759259259
 30
0.0
 10
51.0955337037037
 20
241.9108935185185
 30
0.0
 10
49.57882444444444
 20
241.9110111111111
 30
0.0
 10
49.57882444444444
 20
240.9110037037036
 30
0.0
 10
49.57882444444444
 20
239.9109962962963
 30
0.0
 10
49.57882444444444
 20
238.9109888888889
 30
0.0
 10
51.0954161111111
 20
238.9109888888889
 30
0.0
 10
52.61200777777776
 20
238.9109888888889
 30
0.0
 10
54.12859944444443
 20
238.9109888888889
 30
0.0
 10
55.265955
 20
238.9106361111111
 30
0.0
 10
55.14248277777777
 20
238.9744888888889
 30
0.0
 10
56.40331055555555
 20
238.9748416666666
 30
0.0
 10
57.66942999999999
 20
238.9744888888889
 30
0.0
 10
57.54031333333333
 20
238.9113416666667
 30
0.0
 10
58.67802166666666
 20
238.9106361111111
 30
0.0
 10
58.67766888888888
 20
237.1897861111111
 30
0.0
 10
60.63488
 20
238.5987805555555
 30
0.0
 10
60.23412444444444
 20
233.9449361111111
 30
0.0
 10
59.94273
 20
230.5579166666667
 30
0.0
 10
60.44402722222222
 20
229.0960055555556
 30
0.0
 10
56.32534666666666
 20
229.6879666666667
 30
0.0
 10
52.20701888888889
 20
230.2806333333333
 30
0.0
 10
46.78341333333333
 20
227.4301888888889
 30
0.0
 10
43.81337722222221
 20
228.8557638888889
 30
0.0
 10
40.84298833333332
 20
230.2809861111111
 30
0.0
 10
40.24502999999999
 20
229.2099527777778
 30
0.0
 10
40.50890777777777
 20
231.4818416666666
 30
0.0
 10
40.83311047825959
 20
234.2758410005252
 30
0.0
 10
39.1792891219371
 20
236.9985792572525
 30
0.0
 10
39.17928833333332
 20
238.4689583333332
 30
0.0
  0
SPLINE
  5
F9
330
1F
100
AcDbEntity
  8
DEFAULT
 62
     3
100
AcDbSpline
210
0.0
220
0.0
230
1.0
 70
    11
 71
     3
 72
    17
 73
    13
 74
     0
 42
0.000000001
 43
0.0000000001
 40
0.0
 40
0.0
 40
0.0
 40
0.0
 40
1.0
 40
1.0
 40
1.0
 40
2.0
 40
2.0
 40
2.0
 40
3.0
 40
3.0
 40
3.0
 40
4.0
 40
4.0
 40
4.0
 40
4.0
 10
99.4481261111111
 20
233.3843722222222
 30
0.0
 10
99.91661499999998
 20
234.2790166666666
 30
0.0
 10
100.5438538888889
 20
234.9200138888889
 30
0.0
 10
99.05372055555554
 20
235.1066333333333
 30
0.0
 10
97.56393999999999
 20
235.2936055555556
 30
0.0
 10
96.54688166666665
 20
235.2311638888889
 30
0.0
 10
95.73760944444444
 20
234.2455027777778
 30
0.0
 10
94.9283372222222
 20
233.2598416666667
 30
0.0
 10
95.11530944444443
 20
232.3606111111111
 30
0.0
 10
96.56769555555553
 20
232.8724916666666
 30
0.0
 10
98.02043444444442
 20
233.3843722222222
 30
0.0
 10
98.4480011111111
 20
231.4751388888889
 30
0.0
 10
99.4481261111111
 20
233.3843722222222
 30
0.0
  0
SPLINE
  5
FA
330
1F
100
AcDbEntity
  8
DEFAULT
 62
     3
100
AcDbSpline
210
0.0
220
0.0
230
1.0
 70
    11
 71
     3
 72
    17
 73
    13
 74
     0
 42
0.000000001
 43
0.0000000001
 40
0.0
 40
0.0
 40
0.0
 40
0.0
 40
1.0
 40
1.0
 40
1.0
 40
2.0
 40
2.0
 40
2.0
 40
3.0
 40
3.0
 40
3.0
 40
4.0
 40
4.0
 40
4.0
 40
4.0
 10
96.2972561111111
 20
248.6180575
 30
0.0
 10
97.29526444444443
 20
250.6398269444444
 30
0.0
 10
98.19555333333332
 20
250.0510408333333
 30
0.0
 10
99.13993944444442
 20
248.5979491666666
 30
0.0
 10
99.62289222222222
 20
247.8549991666666
 30
0.0
 10
101.9611033333333
 20
248.0536130555555
 30
0.0
 10
100.7397866666667
 20
246.7867880555555
 30
0.0
 10
99.83455888888886
 20
245.8473408333333
 30
0.0
 10
98.58149222222221
 20
245.9365936111111
 30
0.0
 10
97.58524777777777
 20
246.5098575
 30
0.0
 10
96.58900333333332
 20
247.0831213888889
 30
0.0
 10
96.00409777777776
 20
248.0243325
 30
0.0
 10
96.2972561111111
 20
248.6180575
 30
0.0
  0
SPLINE
  5
FB
330
1F
100
AcDbEntity
  8
DEFAULT
 62
     3
100
AcDbSpline
210
0.0
220
0.0
230
1.0
 70
     8
 71
     3
 72
    44
 73
    40
 74
     0
 42
0.000000001
 43
0.0000000001
 40
0.0
 40
0.0
 40
0.0
 40
0.0
 40
1.0
 40
1.0
 40
1.0
 40
2.0
 40
2.0
 40
2.0
 40
3.0
 40
3.0
 40
3.0
 40
4.0
 40
4.0
 40
4.0
 40
5.0
 40
5.0
 40
5.0
 40
6.0
 40
6.0
 40
6.0
 40
7.0
 40
7.0
 40
7.0
 40
8.0
 40
8.0
 40
8.0
 40
9.0
 40
9.0
 40
9.0
 40
10.0
 40
10.0
 40
10.0
 40
11.0
 40
11.0
 40
11.0
 40
12.0
 40
12.0
 40
12.0
 40
13.0
 40
13.0
 40
13.0
 40
13.0
 10
93.75683277777777
 20
238.9109888888889
 30
0.0
 10
93.75683277777777
 20
237.2522277777777
 30
0.0
 10
92.30091888888889
 20
236.2270555555555
 30
0.0
 10
91.57102166666665
 20
235.6922444444444
 30
0.0
 10
90.60158833333332
 20
234.9824555555555
 30
0.0
 10
90.53738277777778
 20
232.7109194444444
 30
0.0
 10
91.31772722222222
 20
232.6788166666666
 30
0.0
 10
95.17746888888888
 20
232.5197138888889
 30
0.0
 10
93.31656611111111
 20
237.29315
 30
0.0
 10
98.93349388888888
 20
236.5593722222222
 30
0.0
 10
105.7586855555556
 20
235.6682555555555
 30
0.0
 10
98.61846333333332
 20
232.0699222222222
 30
0.0
 10
100.9344494444444
 20
231.4896027777777
 30
0.0
 10
101.7465438888889
 20
231.28605
 30
0.0
 10
105.1695466666667
 20
231.3855333333333
 30
0.0
 10
104.9825744444445
 20
232.2120916666666
 30
0.0
 10
104.7084661111111
 20
233.4252944444444
 30
0.0
 10
104.8269994444444
 20
235.1380305555555
 30
0.0
 10
106.0719522222222
 20
237.4413166666666
 30
0.0
 10
106.9789438888889
 20
239.1191277777777
 30
0.0
 10
106.7750383333333
 20
241.5483555555555
 30
0.0
 10
106.1432133333333
 20
242.1780638888888
 30
0.0
 10
104.8686272222222
 20
243.4491222222222
 30
0.0
 10
104.764205
 20
244.9406666666666
 30
0.0
 10
104.0762883333333
 20
245.9781861111111
 30
0.0
 10
103.0835716666667
 20
247.4746694444444
 30
0.0
 10
100.0369827777778
 20
243.23675
 30
0.0
 10
97.43912722222221
 20
244.8602333333333
 30
0.0
 10
90.13486333333333
 20
249.4255305555555
 30
0.0
 10
99.40656888888888
 20
249.3422749999999
 30
0.0
 10
93.06080222222221
 20
253.4408472222222
 30
0.0
 10
92.56126888888888
 20
253.7636388888888
 30
0.0
 10
91.25422722222221
 20
252.7543416666666
 30
0.0
 10
89.81524666666667
 20
252.2809138888888
 30
0.0
 10
88.94600222222222
 20
251.9951638888889
 30
0.0
 10
89.57465222222223
 20
250.1102722222222
 30
0.0
 10
91.69131888888887
 20
247.7755888888889
 30
0.0
 10
93.12747722222223
 20
246.1912638888889
 30
0.0
 10
93.75648
 20
243.2607388888889
 30
0.0
 10
93.75648
 20
241.9106583333333
 30
0.0
  0
SPLINE
  5
FC
330
1F
100
AcDbEntity
  8
DEFAULT
 62
     5
100
AcDbSpline
210
0.0
220
0.0
230
1.0
 70
     8
 71
     3
 72
    44
 73
    40
 74
     0
 42
0.000000001
 43
0.0000000001
 40
0.0
 40
0.0
 40
0.0
 40
0.0
 40
1.0
 40
1.0
 40
1.0
 40
2.0
 40
2.0
 40
2.0
 40
3.0
 40
3.0
 40
3.0
 40
4.0
 40
4.0
 40
4.0
 40
5.0
 40
5.0
 40
5.0
 40
6.0
 40
6.0
 40
6.0
 40
7.0
 40
7.0
 40
7.0
 40
8.0
 40
8.0
 40
8.0
 40
9.0
 40
9.0
 40
9.0
 40
10.0
 40
10.0
 40
10.0
 40
11.0
 40
11.0
 40
11.0
 40
12.0
 40
12.0
 40
12.0
 40
13.0
 40
13.0
 40
13.0
 40
13.0
 10
91.4820511111111
 20
241.8475816666666
 30
0.0
 10
91.4820511111111
 20
245.1576955555555
 30
0.0
 10
90.06917611111112
 20
246.9237011111111
 30
0.0
 10
89.21192611111111
 20
248.297065
 30
0.0
 10
88.080215
 20
250.1103427777778
 30
0.0
 10
87.37818722222222
 20
252.2714594444444
 30
0.0
 10
87.71685388888889
 20
253.0313427777778
 30
0.0
 10
87.78247055555556
 20
253.1784511111111
 30
0.0
 10
92.33683166666667
 20
254.9571566666666
 30
0.0
 10
92.68467055555556
 20
254.9571566666666
 30
0.0
 10
93.14998444444444
 20
254.9571566666666
 30
0.0
 10
93.95925666666666
 20
254.5186538888888
 30
0.0
 10
95.15905388888889
 20
253.6180122222222
 30
0.0
 10
96.16305944444444
 20
252.8641261111111
 30
0.0
 10
105.2333288888889
 20
247.9591038888888
 30
0.0
 10
105.5134344444444
 20
246.4340455555555
 30
0.0
 10
105.7938927777778
 20
244.9086344444444
 30
0.0
 10
107.2212316666667
 20
243.5398566666667
 30
0.0
 10
107.5475511111111
 20
242.7044788888888
 30
0.0
 10
107.8735177777778
 20
241.8687483333333
 30
0.0
 10
107.8297733333333
 20
238.5579288888889
 30
0.0
 10
107.4434816666667
 20
237.3757705555555
 30
0.0
 10
107.0575427777778
 20
236.193965
 30
0.0
 10
106.0426011111111
 20
233.2359233333333
 30
0.0
 10
106.5410761111111
 20
231.0257705555555
 30
0.0
 10
106.6631372222222
 20
230.4828455555555
 30
0.0
 10
102.2675261111111
 20
229.8718344444444
 30
0.0
 10
101.7404761111111
 20
229.8118622222222
 30
0.0
 10
101.0451511111111
 20
229.73284
 30
0.0
 10
96.70457333333333
 20
231.0571677777777
 30
0.0
 10
94.11871222222221
 20
231.1855788888889
 30
0.0
 10
92.16926222222222
 20
231.2825927777778
 30
0.0
 10
90.40607888888889
 20
231.2014538888889
 30
0.0
 10
89.84445666666667
 20
231.5651677777777
 30
0.0
 10
89.28318722222222
 20
231.9285288888889
 30
0.0
 10
89.32940111111111
 20
235.4259677777777
 30
0.0
 10
89.71745666666666
 20
236.1364622222222
 30
0.0
 10
90.10551222222223
 20
236.8466038888888
 30
0.0
 10
91.4820511111111
 20
237.4692566666667
 30
0.0
 10
91.4820511111111
 20
238.9745594444444
 30
0.0
  0
POLYLINE
  5
FD
330
1F
100
AcDbEntity
  8
DEFAULT
 62
     7
100
AcDb2dPolyline
 66
     1
 10
0.0
 20
0.0
 30
0.0
  0
VERTEX
  5
FE
330
FD
100
AcDbEntity
  8
DEFAULT
 62
     7
100
AcDbVertex
100
AcDb2dVertex
 10
99.40660416666667
 20
238.9216427777777
 30
0.0
  0
VERTEX
  5
FF
330
FD
100
AcDbEntity
  8
DEFAULT
 62
     7
100
AcDbVertex
100
AcDb2dVertex
 10
99.40660416666667
 20
241.921665
 30
0.0
  0
SEQEND
  5
100
330
FD
100
AcDbEntity
  8
DEFAULT
 62
     7
  0
POLYLINE
  5
101
330
1F
100
AcDbEntity
  8
DEFAULT
 62
     7
100
AcDb2dPolyline
 66
     1
 10
0.0
 20
0.0
 30
0.0
  0
VERTEX
  5
102
330
101
100
AcDbEntity
  8
DEFAULT
 62
     7
100
AcDbVertex
100
AcDb2dVertex
 10
102.9039019444445
 20
239.8440861111111
 30
0.0
  0
VERTEX
  5
103
330
101
100
AcDbEntity
  8
DEFAULT
 62
     7
100
AcDbVertex
100
AcDb2dVertex
 10
103.5900547222222
 20
238.9984777777778
 30
0.0
  0
VERTEX
  5
104
330
101
100
AcDbEntity
  8
DEFAULT
 62
     7
100
AcDbVertex
100
AcDb2dVertex
 10
101.0567575
 20
238.9984777777778
 30
0.0
  0
SEQEND
  5
105
330
101
100
AcDbEntity
  8
DEFAULT
 62
     7
  0
SPLINE
  5
106
330
1F
100
AcDbEntity
  8
DEFAULT
 62
     7
100
AcDbSpline
210
0.0
220
0.0
230
1.0
 70
     8
 71
     3
 72
    29
 73
    25
 74
     0
 42
0.000000001
 43
0.0000000001
 40
0.0
 40
0.0
 40
0.0
 40
0.0
 40
1.0
 40
1.0
 40
1.0
 40
2.0
 40
2.0
 40
2.0
 40
3.0
 40
3.0
 40
3.0
 40
4.0
 40
4.0
 40
4.0
 40
5.0
 40
5.0
 40
5.0
 40
6.0
 40
6.0
 40
6.0
 40
7.0
 40
7.0
 40
7.0
 40
8.0
 40
8.0
 40
8.0
 40
8.0
 10
101.3200355555555
 20
240.3911738888889
 30
0.0
 10
101.1739855555555
 20
240.4920683333333
 30
0.0
 10
101.0565105555555
 20
240.7905183333333
 30
0.0
 10
101.0565105555555
 20
241.0709766666667
 30
0.0
 10
101.0565105555555
 20
241.5190044444444
 30
0.0
 10
101.3874161111111
 20
241.8400322222222
 30
0.0
 10
101.8223911111111
 20
241.8400322222222
 30
0.0
 10
102.35438
 20
241.8400322222222
 30
0.0
 10
102.656005
 20
241.440335
 30
0.0
 10
102.656005
 20
241.0258211111111
 30
0.0
 10
102.656005
 20
240.7122016666666
 30
0.0
 10
102.51313
 20
240.4613766666666
 30
0.0
 10
102.3836605555555
 20
240.38306
 30
0.0
 10
102.2467827777778
 20
240.3901155555555
 30
0.0
 10
100.8885883333333
 20
240.3911738888889
 30
0.0
 10
100.8885883333333
 20
240.3911738888889
 30
0.0
 10
100.4560827777778
 20
240.3911738888889
 30
0.0
 10
100.4045772222222
 20
240.4666683333333
 30
0.0
 10
100.2408883333333
 20
240.627535
 30
0.0
 10
100.0694383333333
 20
240.7887544444444
 30
0.0
 10
100.0147577777778
 20
241.0219405555555
 30
0.0
 10
100.0147577777778
 20
241.2311377777777
 30
0.0
 10
100.0147577777778
 20
241.4304572222222
 30
0.0
 10
100.0694383333333
 20
241.649885
 30
0.0
 10
100.1706855555556
 20
241.7835877777778
 30
0.0
  0
SPLINE
  5
107
330
1F
100
AcDbEntity
  8
DEFAULT
 62
     1
100
AcDbSpline
210
0.0
220
0.0
230
1.0
 70
    11
 71
     3
 72
    56
 73
    52
 74
     0
 42
0.000000001
 43
0.0000000001
 40
0.0
 40
0.0
 40
0.0
 40
0.0
 40
11.79201696063912
 40
11.79201696063912
 40
11.79201696063912
 40
12.79201696063912
 40
12.79201696063912
 40
12.79201696063912
 40
13.79201696063912
 40
13.79201696063912
 40
13.79201696063912
 40
14.79201696063912
 40
14.79201696063912
 40
14.79201696063912
 40
15.79201696063912
 40
15.79201696063912
 40
15.79201696063912
 40
16.79201696063912
 40
16.79201696063912
 40
16.79201696063912
 40
17.79201696063912
 40
17.79201696063912
 40
17.79201696063912
 40
30.69001699940485
 40
30.69001699940485
 40
30.69001699940485
 40
39.19401699940475
 40
39.19401699940475
 40
39.19401699940475
 40
52.09001699940477
 40
52.09001699940477
 40
52.09001699940477
 40
53.09001699940477
 40
53.09001699940477
 40
53.09001699940477
 40
54.09001699940477
 40
54.09001699940477
 40
54.09001699940477
 40
55.09001699940477
 40
55.09001699940477
 40
55.09001699940477
 40
56.09001699940477
 40
56.09001699940477
 40
56.09001699940477
 40
57.09001699940477
 40
57.09001699940477
 40
57.09001699940477
 40
58.09001699940477
 40
58.09001699940477
 40
58.09001699940477
 40
59.09001699940477
 40
59.09001699940477
 40
59.09001699940477
 40
59.09001699940477
 10
108.7059674999999
 20
238.4689583333333
 30
0.0
 10
108.7083193518518
 20
239.8556101851851
 30
0.0
 10
108.7106712037037
 20
241.242262037037
 30
0.0
 10
108.7130230555555
 20
242.6289138888888
 30
0.0
 10
108.7130230555555
 20
244.0396722222222
 30
0.0
 10
106.7117147222222
 20
244.9660666666667
 30
0.0
 10
106.6362202777778
 20
246.5443944444444
 30
0.0
 10
106.5427341666666
 20
248.4882
 30
0.0
 10
100.3490147222222
 20
252.222
 30
0.0
 10
96.36015638888888
 20
255.2170833333333
 30
0.0
 10
92.34801472222222
 20
258.2298055555555
 30
0.0
 10
92.10248138888888
 20
256.6849916666666
 30
0.0
 10
87.88960916666666
 20
255.381125
 30
0.0
 10
82.20777027777777
 20
253.6225277777778
 30
0.0
 10
89.20723416666667
 20
246.4054
 30
0.0
 10
89.20758694444443
 20
241.9110111111111
 30
0.0
 10
90.3449425
 20
241.9110111111111
 30
0.0
 10
90.21582583333333
 20
241.8475111111111
 30
0.0
 10
91.48194527777777
 20
241.8475111111111
 30
0.0
 10
92.74312583333331
 20
241.8471583333333
 30
0.0
 10
92.6196536111111
 20
241.9110111111111
 30
0.0
 10
93.7563036111111
 20
241.9106583333333
 30
0.0
 10
95.27301287037035
 20
241.9107759259259
 30
0.0
 10
96.78972212962962
 20
241.9108935185185
 30
0.0
 10
98.30643138888888
 20
241.9110111111111
 30
0.0
 10
98.30643138888888
 20
240.9110037037036
 30
0.0
 10
98.30643138888888
 20
239.9109962962963
 30
0.0
 10
98.30643138888888
 20
238.9109888888889
 30
0.0
 10
96.7899573148148
 20
238.9109888888889
 30
0.0
 10
95.27348324074073
 20
238.9109888888889
 30
0.0
 10
93.75700916666666
 20
238.9109888888889
 30
0.0
 10
92.61930083333331
 20
238.9106361111111
 30
0.0
 10
92.74277305555555
 20
238.9744888888889
 30
0.0
 10
91.48194527777777
 20
238.9748416666666
 30
0.0
 10
90.21582583333333
 20
238.9744888888889
 30
0.0
 10
90.3449425
 20
238.9113416666667
 30
0.0
 10
89.20723416666667
 20
238.9106361111111
 30
0.0
 10
89.20758694444443
 20
237.1897861111111
 30
0.0
 10
87.25072861111111
 20
238.5987805555555
 30
0.0
 10
87.65113138888888
 20
233.9449361111111
 30
0.0
 10
87.9428786111111
 20
230.5579166666667
 30
0.0
 10
87.4412286111111
 20
229.0960055555556
 30
0.0
 10
91.55990916666666
 20
229.6879666666667
 30
0.0
 10
95.67823694444442
 20
230.2806333333333
 30
0.0
 10
101.1018425
 20
227.4301888888889
 30
0.0
 10
104.0718786111111
 20
228.8557638888889
 30
0.0
 10
107.0426202777778
 20
230.2809861111111
 30
0.0
 10
107.6402258333333
 20
229.2099527777778
 30
0.0
 10
107.3767008333333
 20
231.4818416666666
 30
0.0
 10
107.0524981328515
 20
234.2758410005252
 30
0.0
 10
108.7059667115644
 20
236.9985792572525
 30
0.0
 10
108.7059674999999
 20
238.4689583333333
 30
0.0
  0
SPLINE
  5
108
330
1F
100
AcDbEntity
  8
DEFAULT
 62
     3
100
AcDbSpline
210
0.0
220
0.0
230
1.0
 70
    11
 71
     3
 72
    17
 73
    13
 74
     0
 42
0.000000001
 43
0.0000000001
 40
0.0
 40
0.0
 40
0.0
 40
0.0
 40
1.0
 40
1.0
 40
1.0
 40
2.0
 40
2.0
 40
2.0
 40
3.0
 40
3.0
 40
3.0
 40
4.0
 40
4.0
 40
4.0
 40
4.0
 10
52.02466805555555
 20
214.7475808333333
 30
0.0
 10
52.2253986111111
 20
215.1829086111111
 30
0.0
 10
51.15824583333333
 20
215.7290086111111
 30
0.0
 10
50.82628194444444
 20
217.2050308333333
 30
0.0
 10
50.52889027777777
 20
218.5261836111111
 30
0.0
 10
46.73159027777778
 20
215.2682808333333
 30
0.0
 10
46.90374583333333
 20
214.6872558333333
 30
0.0
 10
47.02968749999999
 20
214.2621586111111
 30
0.0
 10
47.89046527777777
 20
214.0646030555555
 30
0.0
 10
49.32697638888889
 20
214.0646030555555
 30
0.0
 10
51.19317083333333
 20
214.0646030555555
 30
0.0
 10
51.82570138888888
 20
214.3157808333333
 30
0.0
 10
52.02466805555555
 20
214.7475808333333
 30
0.0
  0
SPLINE
  5
109
330
1F
100
AcDbEntity
  8
DEFAULT
 62
     3
100
AcDbSpline
210
0.0
220
0.0
230
1.0
 70
     8
 71
     3
 72
    41
 73
    37
 74
     0
 42
0.000000001
 43
0.0000000001
 40
0.0
 40
0.0
 40
0.0
 40
0.0
 40
1.0
 40
1.0
 40
1.0
 40
2.0
 40
2.0
 40
2.0
 40
3.0
 40
3.0
 40
3.0
 40
4.0
 40
4.0
 40
4.0
 40
5.0
 40
5.0
 40
5.0
 40
6.0
 40
6.0
 40
6.0
 40
7.0
 40
7.0
 40
7.0
 40
8.0
 40
8.0
 40
8.0
 40
9.0
 40
9.0
 40
9.0
 40
10.0
 40
10.0
 40
10.0
 40
11.0
 40
11.0
 40
11.0
 40
12.0
 40
12.0
 40
12.0
 40
12.0
 10
54.97692416666666
 20
207.6438005555555
 30
0.0
 10
54.97692416666666
 20
205.9215394444444
 30
0.0
 10
56.52173805555555
 20
203.8355644444444
 30
0.0
 10
56.03596305555556
 20
203.2404283333333
 30
0.0
 10
55.67930472222223
 20
202.8033366666666
 30
0.0
 10
54.56593805555556
 20
204.2652477777777
 30
0.0
 10
49.96853805555556
 20
203.1698727777778
 30
0.0
 10
46.44040749999999
 20
202.3295561111111
 30
0.0
 10
53.33544916666667
 20
205.7846616666666
 30
0.0
 10
46.44040749999999
 20
205.7846616666666
 30
0.0
 10
42.40604083333333
 20
205.7846616666666
 30
0.0
 10
49.03402972222222
 20
203.0326422222222
 30
0.0
 10
46.07951583333333
 20
202.1051894444444
 30
0.0
 10
44.66099638888888
 20
201.6596311111111
 30
0.0
 10
43.71272972222222
 20
201.44867
 30
0.0
 10
43.4940075
 20
201.7383005555555
 30
0.0
 10
42.80221027777777
 20
202.6541116666666
 30
0.0
 10
41.62640194444445
 20
207.6681422222222
 30
0.0
 10
42.74012138888889
 20
211.3585505555555
 30
0.0
 10
43.61889083333333
 20
214.272495
 30
0.0
 10
42.93062138888889
 20
217.8147366666666
 30
0.0
 10
44.42498805555555
 20
218.0387505555555
 30
0.0
 10
45.63289916666667
 20
218.2197255555555
 30
0.0
 10
46.6277325
 20
218.2140811111111
 30
0.0
 10
47.66525194444444
 20
218.380945
 30
0.0
 10
51.27699083333333
 20
218.9623227777777
 30
0.0
 10
39.36439083333333
 20
212.8232838888889
 30
0.0
 10
48.67454916666666
 20
212.8232838888889
 30
0.0
 10
58.95414083333333
 20
212.8232838888889
 30
0.0
 10
49.32683527777778
 20
217.6337616666666
 30
0.0
 10
52.75724638888889
 20
219.9702088888889
 30
0.0
 10
54.67600472222222
 20
221.2776033333333
 30
0.0
 10
56.06171583333332
 20
222.82277
 30
0.0
 10
56.90626583333333
 20
223.4034422222222
 30
0.0
 10
57.75046305555555
 20
223.9837616666666
 30
0.0
 10
54.97798249999999
 20
215.4341922222222
 30
0.0
 10
54.97798249999999
 20
210.6480561111111
 30
0.0
  0
SPLINE
  5
10A
330
1F
100
AcDbEntity
  8
DEFAULT
 62
     5
100
AcDbSpline
210
0.0
220
0.0
230
1.0
 70
     8
 71
     3
 72
    35
 73
    31
 74
     0
 42
0.000000001
 43
0.0000000001
 40
0.0
 40
0.0
 40
0.0
 40
0.0
 40
1.0
 40
1.0
 40
1.0
 40
2.0
 40
2.0
 40
2.0
 40
3.0
 40
3.0
 40
3.0
 40
4.0
 40
4.0
 40
4.0
 40
5.0
 40
5.0
 40
5.0
 40
6.0
 40
6.0
 40
6.0
 40
7.0
 40
7.0
 40
7.0
 40
8.0
 40
8.0
 40
8.0
 40
9.0
 40
9.0
 40
9.0
 40
10.0
 40
10.0
 40
10.0
 40
10.0
 10
57.25413999999999
 20
210.5781708333333
 30
0.0
 10
57.35291777777777
 20
213.2317652777778
 30
0.0
 10
57.93782333333332
 20
217.0078986111111
 30
0.0
 10
58.16501222222221
 20
218.4867430555555
 30
0.0
 10
58.46734277777777
 20
220.4563013888888
 30
0.0
 10
58.65854833333332
 20
225.1856402777778
 30
0.0
 10
57.86127055555555
 20
225.6728263888889
 30
0.0
 10
57.06363999999999
 20
226.1596597222222
 30
0.0
 10
54.11547611111111
 20
222.1337597222222
 30
0.0
 10
49.68846777777777
 20
220.4531263888888
 30
0.0
 10
47.85155388888889
 20
219.7556847222222
 30
0.0
 10
44.60846777777777
 20
219.4886319444444
 30
0.0
 10
42.93524277777777
 20
219.3824458333333
 30
0.0
 10
42.03107333333332
 20
219.3252958333333
 30
0.0
 10
43.23757333333333
 20
216.5037791666666
 30
0.0
 10
41.53330388888888
 20
211.9790513888888
 30
0.0
 10
41.04435388888889
 20
210.6818875
 30
0.0
 10
40.7677761111111
 20
207.9016458333333
 30
0.0
 10
41.09621222222222
 20
206.2675791666666
 30
0.0
 10
41.93794
 20
202.0808125
 30
0.0
 10
41.89772333333332
 20
200.4869625
 30
0.0
 10
42.8093011111111
 20
199.9987180555555
 30
0.0
 10
43.72087888888888
 20
199.5104736111111
 30
0.0
 10
49.50855111111111
 20
201.9160652777778
 30
0.0
 10
52.81478444444443
 20
202.1658319444444
 30
0.0
 10
54.98013444444444
 20
202.3295208333333
 30
0.0
 10
56.36478722222222
 20
201.1018541666666
 30
0.0
 10
57.10526777777777
 20
201.5481180555555
 30
0.0
 10
57.8461011111111
 20
201.9943819444444
 30
0.0
 10
57.250965
 20
203.4157236111111
 30
0.0
 10
57.250965
 20
207.7076180555555
 30
0.0
  0
POLYLINE
  5
10B
330
1F
100
AcDbEntity
  8
DEFAULT
 62
     7
100
AcDb2dPolyline
 66
     1
 10
0.0
 20
0.0
 30
0.0
  0
VERTEX
  5
10C
330
10B
100
AcDbEntity
  8
DEFAULT
 62
     7
100
AcDbVertex
100
AcDb2dVertex
 10
49.32697638888889
 20
210.6532772222222
 30
0.0
  0
VERTEX
  5
10D
330
10B
100
AcDbEntity
  8
DEFAULT
 62
     7
100
AcDbVertex
100
AcDb2dVertex
 10
49.32697638888889
 20
207.653255
 30
0.0
  0
SEQEND
  5
10E
330
10B
100
AcDbEntity
  8
DEFAULT
 62
     7
  0
POLYLINE
  5
10F
330
1F
100
AcDbEntity
  8
DEFAULT
 62
     7
100
AcDb2dPolyline
 66
     1
 10
0.0
 20
0.0
 30
0.0
  0
VERTEX
  5
110
330
10F
100
AcDbEntity
  8
DEFAULT
 62
     7
100
AcDbVertex
100
AcDb2dVertex
 10
46.4796011111111
 20
209.6807041666667
 30
0.0
  0
VERTEX
  5
111
330
10F
100
AcDbEntity
  8
DEFAULT
 62
     7
100
AcDbVertex
100
AcDb2dVertex
 10
45.79344833333334
 20
210.5263125
 30
0.0
  0
VERTEX
  5
112
330
10F
100
AcDbEntity
  8
DEFAULT
 62
     7
100
AcDbVertex
100
AcDb2dVertex
 10
48.32674555555555
 20
210.5263125
 30
0.0
  0
SEQEND
  5
113
330
10F
100
AcDbEntity
  8
DEFAULT
 62
     7
  0
SPLINE
  5
114
330
1F
100
AcDbEntity
  8
DEFAULT
 62
     7
100
AcDbSpline
210
0.0
220
0.0
230
1.0
 70
     8
 71
     3
 72
    11
 73
     7
 74
     0
 42
0.000000001
 43
0.0000000001
 40
0.0
 40
0.0
 40
0.0
 40
0.0
 40
5.347000000000008
 40
5.347000000000008
 40
5.347000000000008
 40
6.347000000000008
 40
6.347000000000008
 40
6.347000000000008
 40
6.347000000000008
 10
48.32685138888888
 20
208.3121380555555
 30
0.0
 10
47.69808379629629
 20
208.3121380555555
 30
0.0
 10
47.06931620370369
 20
208.3121380555555
 30
0.0
 10
46.4405486111111
 20
208.3121380555555
 30
0.0
 10
45.62986527777777
 20
208.3121380555555
 30
0.0
 10
45.30601527777777
 20
208.7277102777777
 30
0.0
 10
45.57130416666666
 20
209.2822769444444
 30
0.0
  0
POLYLINE
  5
115
330
1F
100
AcDbEntity
  8
DEFAULT
 62
     7
100
AcDb2dPolyline
 66
     1
 10
0.0
 20
0.0
 30
0.0
  0
VERTEX
  5
116
330
115
100
AcDbEntity
  8
DEFAULT
 62
     7
100
AcDbVertex
100
AcDb2dVertex
 10
46.44051333333334
 20
207.7819483333333
 30
0.0
  0
VERTEX
  5
117
330
115
100
AcDbEntity
  8
DEFAULT
 62
     7
100
AcDbVertex
100
AcDb2dVertex
 10
46.44051333333334
 20
209.1066288888889
 30
0.0
  0
SEQEND
  5
118
330
115
100
AcDbEntity
  8
DEFAULT
 62
     7
  0
SPLINE
  5
119
330
1F
100
AcDbEntity
  8
DEFAULT
 62
     1
100
AcDbSpline
210
0.0
220
0.0
230
1.0
 70
    11
 71
     3
 72
    62
 73
    58
 74
     0
 42
0.000000001
 43
0.0000000001
 40
1.0
 40
1.0
 40
1.0
 40
1.0
 40
2.0
 40
2.0
 40
2.0
 40
3.0
 40
3.0
 40
3.0
 40
4.0
 40
4.0
 40
4.0
 40
16.89801256008072
 40
16.89801256008072
 40
16.89801256008072
 40
25.40201256008073
 40
25.40201256008073
 40
25.40201256008073
 40
38.30301395532135
 40
38.30301395532135
 40
38.30301395532135
 40
39.30301395532135
 40
39.30301395532135
 40
39.30301395532135
 40
40.30301395532135
 40
40.30301395532135
 40
40.30301395532135
 40
41.30301395532135
 40
41.30301395532135
 40
41.30301395532135
 40
42.30301395532135
 40
42.30301395532135
 40
42.30301395532135
 40
43.30301395532135
 40
43.30301395532135
 40
43.30301395532135
 40
44.30301395532135
 40
44.30301395532135
 40
44.30301395532135
 40
45.30301395532135
 40
45.30301395532135
 40
45.30301395532135
 40
46.30301395532135
 40
46.30301395532135
 40
46.30301395532135
 40
58.10001463345975
 40
58.10001463345975
 40
58.10001463345975
 40
59.10001463345975
 40
59.10001463345975
 40
59.10001463345975
 40
60.10001463345975
 40
60.10001463345975
 40
60.10001463345975
 40
61.10001463345975
 40
61.10001463345975
 40
61.10001463345975
 40
62.10001463345975
 40
62.10001463345975
 40
62.10001463345975
 40
62.10001463345975
 10
59.55495666666667
 20
201.21372
 30
0.0
 10
59.26885388888888
 20
203.6669366666666
 30
0.0
 10
59.52355944444444
 20
204.6596533333333
 30
0.0
 10
59.52285388888888
 20
207.6388616666666
 30
0.0
 10
58.387615
 20
207.6420366666666
 30
0.0
 10
58.51390944444444
 20
207.7030672222222
 30
0.0
 10
57.250965
 20
207.7076533333333
 30
0.0
 10
55.987315
 20
207.7076533333333
 30
0.0
 10
56.11290388888889
 20
207.6448588888889
 30
0.0
 10
54.97695944444445
 20
207.6438005555555
 30
0.0
 10
53.46025018518518
 20
207.6459172222222
 30
0.0
 10
51.94354092592592
 20
207.6480338888889
 30
0.0
 10
50.42683166666666
 20
207.6501505555555
 30
0.0
 10
50.42683166666666
 20
208.6501579629629
 30
0.0
 10
50.42683166666666
 20
209.6501653703704
 30
0.0
 10
50.42683166666666
 20
210.6501727777778
 30
0.0
 10
51.9438937037037
 20
210.6494672222222
 30
0.0
 10
53.46095574074074
 20
210.6487616666667
 30
0.0
 10
54.97801777777778
 20
210.6480561111111
 30
0.0
 10
56.11749
 20
210.6438227777778
 30
0.0
 10
55.99154833333333
 20
210.5827922222222
 30
0.0
 10
57.25414
 20
210.5782061111111
 30
0.0
 10
58.51814277777778
 20
210.5782061111111
 30
0.0
 10
58.39255388888889
 20
210.6406477777778
 30
0.0
 10
59.52814555555555
 20
210.6420588888889
 30
0.0
 10
59.55354555555556
 20
218.46032
 30
0.0
 10
61.07613444444445
 20
219.5063061111111
 30
0.0
 10
60.21747333333333
 20
224.1862561111111
 30
0.0
 10
59.37327611111112
 20
228.7875366666667
 30
0.0
 10
58.91678166666667
 20
228.3165783333333
 30
0.0
 10
57.12255388888889
 20
227.5337644444444
 30
0.0
 10
55.32973722222222
 20
226.7555366666667
 30
0.0
 10
51.98505111111111
 20
223.2930227777778
 30
0.0
 10
49.07569277777778
 20
222.3567505555555
 30
0.0
 10
46.68668166666667
 20
221.587695
 30
0.0
 10
43.24956777777778
 20
221.4589311111111
 30
0.0
 10
42.08399
 20
221.2423255555555
 30
0.0
 10
40.91700111111111
 20
221.0214866666666
 30
0.0
 10
41.3015288888889
 20
218.9616172222222
 30
0.0
 10
41.22779833333334
 20
217.1504561111111
 30
0.0
 10
41.07434
 20
213.3849061111111
 30
0.0
 10
40.02835388888889
 20
212.253195
 30
0.0
 10
40.02835388888889
 20
211.2463672222222
 30
0.0
 10
40.02788351851851
 20
209.8591274074074
 30
0.0
 10
40.02741314814815
 20
208.4718875925926
 30
0.0
 10
40.02694277777778
 20
207.0846477777778
 30
0.0
 10
40.02694277777778
 20
205.0099616666666
 30
0.0
 10
40.42664
 20
204.4137672222222
 30
0.0
 10
41.14419
 20
200.7748644444444
 30
0.0
 10
41.53859555555556
 20
198.7739088888889
 30
0.0
 10
42.58952055555555
 20
197.768845
 30
0.0
 10
44.21864833333333
 20
198.2401561111111
 30
0.0
 10
45.85095111111111
 20
198.70547
 30
0.0
 10
51.62557055555556
 20
201.1128255555556
 30
0.0
 10
55.85678722222222
 20
199.8396505555556
 30
0.0
 10
60.08835666666667
 20
198.5696505555555
 30
0.0
 10
59.84105944444445
 20
198.7605033333333
 30
0.0
 10
59.55495666666667
 20
201.21372
 30
0.0
  0
SPLINE
  5
11A
330
1F
100
AcDbEntity
  8
DEFAULT
 62
     3
100
AcDbSpline
210
0.0
220
0.0
230
1.0
 70
    11
 71
     3
 72
    17
 73
    13
 74
     0
 42
0.000000001
 43
0.0000000001
 40
0.0
 40
0.0
 40
0.0
 40
0.0
 40
1.0
 40
1.0
 40
1.0
 40
2.0
 40
2.0
 40
2.0
 40
3.0
 40
3.0
 40
3.0
 40
4.0
 40
4.0
 40
4.0
 40
4.0
 10
95.86058777777777
 20
214.7475808333333
 30
0.0
 10
95.66020999999999
 20
215.1829086111111
 30
0.0
 10
96.72700999999999
 20
215.7290086111111
 30
0.0
 10
97.05897388888887
 20
217.2050308333333
 30
0.0
 10
97.35636555555554
 20
218.5261836111111
 30
0.0
 10
101.1540183333333
 20
215.2682808333333
 30
0.0
 10
100.98151
 20
214.6872558333333
 30
0.0
 10
100.8555683333333
 20
214.2621586111111
 30
0.0
 10
99.99514333333333
 20
214.0646030555555
 30
0.0
 10
98.55827944444442
 20
214.0646030555555
 30
0.0
 10
96.69208499999999
 20
214.0646030555555
 30
0.0
 10
96.05955444444444
 20
214.3157808333333
 30
0.0
 10
95.86058777777777
 20
214.7475808333333
 30
0.0
  0
POLYLINE
  5
11B
330
1F
100
AcDbEntity
  8
DEFAULT
 62
     7
100
AcDb2dPolyline
 66
     1
 10
0.0
 20
0.0
 30
0.0
  0
VERTEX
  5
11C
330
11B
100
AcDbEntity
  8
DEFAULT
 62
     7
100
AcDbVertex
100
AcDb2dVertex
 10
98.55842055555554
 20
207.6532902777778
 30
0.0
  0
VERTEX
  5
11D
330
11B
100
AcDbEntity
  8
DEFAULT
 62
     7
100
AcDbVertex
100
AcDb2dVertex
 10
98.55842055555554
 20
210.6533125
 30
0.0
  0
SEQEND
  5
11E
330
11B
100
AcDbEntity
  8
DEFAULT
 62
     7
  0
POLYLINE
  5
11F
330
1F
100
AcDbEntity
  8
DEFAULT
 62
     7
100
AcDb2dPolyline
 66
     1
 10
0.0
 20
0.0
 30
0.0
  0
VERTEX
  5
120
330
11F
100
AcDbEntity
  8
DEFAULT
 62
     7
100
AcDbVertex
100
AcDb2dVertex
 10
101.4056194444444
 20
208.6260044444445
 30
0.0
  0
VERTEX
  5
121
330
11F
100
AcDbEntity
  8
DEFAULT
 62
     7
100
AcDbVertex
100
AcDb2dVertex
 10
102.0917722222222
 20
207.7803961111111
 30
0.0
  0
VERTEX
  5
122
330
11F
100
AcDbEntity
  8
DEFAULT
 62
     7
100
AcDbVertex
100
AcDb2dVertex
 10
99.558475
 20
207.7803961111111
 30
0.0
  0
SEQEND
  5
123
330
11F
100
AcDbEntity
  8
DEFAULT
 62
     7
  0
SPLINE
  5
124
330
1F
100
AcDbEntity
  8
DEFAULT
 62
     7
100
AcDbSpline
210
0.0
220
0.0
230
1.0
 70
     8
 71
     3
 72
    11
 73
     7
 74
     0
 42
0.000000001
 43
0.0000000001
 40
0.0
 40
0.0
 40
0.0
 40
0.0
 40
5.34699999999998
 40
5.34699999999998
 40
5.34699999999998
 40
6.34699999999998
 40
6.34699999999998
 40
6.34699999999998
 40
6.34699999999998
 10
99.55836916666665
 20
209.9943941666666
 30
0.0
 10
100.1871367592592
 20
209.9943941666666
 30
0.0
 10
100.8159043518518
 20
209.9943941666666
 30
0.0
 10
101.4446719444444
 20
209.9943941666666
 30
0.0
 10
102.2557080555555
 20
209.9943941666666
 30
0.0
 10
102.5792052777778
 20
209.5788219444444
 30
0.0
 10
102.3142691666667
 20
209.0242552777777
 30
0.0
  0
POLYLINE
  5
125
330
1F
100
AcDbEntity
  8
DEFAULT
 62
     7
100
AcDb2dPolyline
 66
     1
 10
0.0
 20
0.0
 30
0.0
  0
VERTEX
  5
126
330
125
100
AcDbEntity
  8
DEFAULT
 62
     7
100
AcDbVertex
100
AcDb2dVertex
 10
101.4447425
 20
210.5247602777778
 30
0.0
  0
VERTEX
  5
127
330
125
100
AcDbEntity
  8
DEFAULT
 62
     7
100
AcDbVertex
100
AcDb2dVertex
 10
101.4447425
 20
209.2000797222222
 30
0.0
  0
SEQEND
  5
128
330
125
100
AcDbEntity
  8
DEFAULT
 62
     7
  0
SPLINE
  5
129
330
1F
100
AcDbEntity
  8
DEFAULT
 62
     3
100
AcDbSpline
210
0.0
220
0.0
230
1.0
 70
     8
 71
     3
 72
    41
 73
    37
 74
     0
 42
0.000000001
 43
0.0000000001
 40
0.0
 40
0.0
 40
0.0
 40
0.0
 40
1.0
 40
1.0
 40
1.0
 40
2.0
 40
2.0
 40
2.0
 40
3.0
 40
3.0
 40
3.0
 40
4.0
 40
4.0
 40
4.0
 40
5.0
 40
5.0
 40
5.0
 40
6.0
 40
6.0
 40
6.0
 40
7.0
 40
7.0
 40
7.0
 40
8.0
 40
8.0
 40
8.0
 40
9.0
 40
9.0
 40
9.0
 40
10.0
 40
10.0
 40
10.0
 40
11.0
 40
11.0
 40
11.0
 40
12.0
 40
12.0
 40
12.0
 40
12.0
 10
92.90829638888889
 20
207.6438005555555
 30
0.0
 10
92.90829638888889
 20
205.9215394444444
 30
0.0
 10
91.36383527777777
 20
203.8355644444444
 30
0.0
 10
91.8492575
 20
203.2404283333333
 30
0.0
 10
92.20591583333334
 20
202.8033366666666
 30
0.0
 10
93.3192825
 20
204.2652477777777
 30
0.0
 10
97.9166825
 20
203.1698727777778
 30
0.0
 10
101.4448130555555
 20
202.3295561111111
 30
0.0
 10
94.54977138888889
 20
205.7846616666666
 30
0.0
 10
101.4448130555555
 20
205.7846616666666
 30
0.0
 10
105.4791797222222
 20
205.7846616666666
 30
0.0
 10
98.8515436111111
 20
203.0326422222222
 30
0.0
 10
101.8057047222222
 20
202.1051894444444
 30
0.0
 10
103.2245769444444
 20
201.6596311111111
 30
0.0
 10
104.1724908333333
 20
201.44867
 30
0.0
 10
104.3912130555556
 20
201.7383005555555
 30
0.0
 10
105.0830102777778
 20
202.6541116666666
 30
0.0
 10
106.2588186111111
 20
207.6681422222222
 30
0.0
 10
105.1454519444444
 20
211.3585505555555
 30
0.0
 10
104.2663297222222
 20
214.272495
 30
0.0
 10
104.9545991666667
 20
217.8147366666666
 30
0.0
 10
103.4602325
 20
218.0387505555555
 30
0.0
 10
102.2523213888889
 20
218.2197255555555
 30
0.0
 10
101.2574880555555
 20
218.2140811111111
 30
0.0
 10
100.2199686111111
 20
218.380945
 30
0.0
 10
96.60822972222222
 20
218.9623227777777
 30
0.0
 10
108.5208297222222
 20
212.8232838888889
 30
0.0
 10
99.21067138888888
 20
212.8232838888889
 30
0.0
 10
88.93107972222221
 20
212.8232838888889
 30
0.0
 10
98.55838527777777
 20
217.6337616666666
 30
0.0
 10
95.12797416666665
 20
219.9702088888889
 30
0.0
 10
93.20921583333333
 20
221.2776033333333
 30
0.0
 10
91.82350472222221
 20
222.82277
 30
0.0
 10
90.97895472222221
 20
223.4034422222222
 30
0.0
 10
90.13475749999999
 20
223.9837616666666
 30
0.0
 10
92.90723805555555
 20
215.4341922222222
 30
0.0
 10
92.90723805555555
 20
210.6480561111111
 30
0.0
  0
SPLINE
  5
12A
330
1F
100
AcDbEntity
  8
DEFAULT
 62
     5
100
AcDbSpline
210
0.0
220
0.0
230
1.0
 70
     8
 71
     3
 72
    35
 73
    31
 74
     0
 42
0.000000001
 43
0.0000000001
 40
0.0
 40
0.0
 40
0.0
 40
0.0
 40
1.0
 40
1.0
 40
1.0
 40
2.0
 40
2.0
 40
2.0
 40
3.0
 40
3.0
 40
3.0
 40
4.0
 40
4.0
 40
4.0
 40
5.0
 40
5.0
 40
5.0
 40
6.0
 40
6.0
 40
6.0
 40
7.0
 40
7.0
 40
7.0
 40
8.0
 40
8.0
 40
8.0
 40
9.0
 40
9.0
 40
9.0
 40
10.0
 40
10.0
 40
10.0
 40
10.0
 10
90.63125694444444
 20
210.5781708333333
 30
0.0
 10
90.53247916666668
 20
213.2317652777778
 30
0.0
 10
89.94757361111111
 20
217.0078986111111
 30
0.0
 10
89.72038472222222
 20
218.4867430555555
 30
0.0
 10
89.41770138888889
 20
220.4563013888888
 30
0.0
 10
89.22684861111111
 20
225.1856402777778
 30
0.0
 10
90.02412638888889
 20
225.6728263888889
 30
0.0
 10
90.82140416666667
 20
226.1596597222222
 30
0.0
 10
93.76992083333333
 20
222.1337597222222
 30
0.0
 10
98.19692916666668
 20
220.4531263888888
 30
0.0
 10
100.0338430555556
 20
219.7556847222222
 30
0.0
 10
103.2769291666667
 20
219.4886319444444
 30
0.0
 10
104.9501541666667
 20
219.3824458333333
 30
0.0
 10
105.8539708333333
 20
219.3252958333333
 30
0.0
 10
104.6478236111111
 20
216.5037791666666
 30
0.0
 10
106.3520930555556
 20
211.9790513888888
 30
0.0
 10
106.8406902777778
 20
210.6818875
 30
0.0
 10
107.1176208333333
 20
207.9016458333333
 30
0.0
 10
106.7891847222222
 20
206.2675791666666
 30
0.0
 10
105.9474569444444
 20
202.0808125
 30
0.0
 10
105.9873208333333
 20
200.4869625
 30
0.0
 10
105.0760958333333
 20
199.9987180555555
 30
0.0
 10
104.1645180555556
 20
199.5104736111111
 30
0.0
 10
98.37684583333333
 20
201.9160652777778
 30
0.0
 10
95.0706125
 20
202.1658319444444
 30
0.0
 10
92.9052625
 20
202.3295208333333
 30
0.0
 10
91.52060972222223
 20
201.1018541666666
 30
0.0
 10
90.77977638888889
 20
201.5481180555555
 30
0.0
 10
90.03929583333334
 20
201.9943819444444
 30
0.0
 10
90.63407916666667
 20
203.4157236111111
 30
0.0
 10
90.63407916666667
 20
207.7076180555555
 30
0.0
  0
SPLINE
  5
12B
330
1F
100
AcDbEntity
  8
DEFAULT
 62
     1
100
AcDbSpline
210
0.0
220
0.0
230
1.0
 70
    11
 71
     3
 72
    62
 73
    58
 74
     0
 42
0.000000001
 43
0.0000000001
 40
1.0
 40
1.0
 40
1.0
 40
1.0
 40
2.0
 40
2.0
 40
2.0
 40
3.0
 40
3.0
 40
3.0
 40
4.0
 40
4.0
 40
4.0
 40
16.89801256008069
 40
16.89801256008069
 40
16.89801256008069
 40
25.40201256008071
 40
25.40201256008071
 40
25.40201256008071
 40
38.30401395521316
 40
38.30401395521316
 40
38.30401395521316
 40
39.30401395521316
 40
39.30401395521316
 40
39.30401395521316
 40
40.30401395521316
 40
40.30401395521316
 40
40.30401395521316
 40
41.30401395521316
 40
41.30401395521316
 40
41.30401395521316
 40
42.30401395521316
 40
42.30401395521316
 40
42.30401395521316
 40
43.30401395521316
 40
43.30401395521316
 40
43.30401395521316
 40
44.30401395521316
 40
44.30401395521316
 40
44.30401395521316
 40
45.30401395521316
 40
45.30401395521316
 40
45.30401395521316
 40
46.30401395521316
 40
46.30401395521316
 40
46.30401395521316
 40
58.10101463335156
 40
58.10101463335156
 40
58.10101463335156
 40
59.10101463335156
 40
59.10101463335156
 40
59.10101463335156
 40
60.10101463335156
 40
60.10101463335156
 40
60.10101463335156
 40
61.10101463335156
 40
61.10101463335156
 40
61.10101463335156
 40
62.10101463335156
 40
62.10101463335156
 40
62.10101463335156
 40
62.10101463335156
 10
88.33044027777777
 20
201.21372
 30
0.0
 10
88.61654305555555
 20
203.6669366666666
 30
0.0
 10
88.3618375
 20
204.6596533333333
 30
0.0
 10
88.36254305555555
 20
207.6388616666666
 30
0.0
 10
89.49742916666666
 20
207.6420366666666
 30
0.0
 10
89.37148749999999
 20
207.7030672222222
 30
0.0
 10
90.63407916666667
 20
207.7076533333333
 30
0.0
 10
91.89808194444444
 20
207.7076533333333
 30
0.0
 10
91.77249305555554
 20
207.6448588888889
 30
0.0
 10
92.90843749999999
 20
207.6438005555555
 30
0.0
 10
94.42514675925925
 20
207.6459172222222
 30
0.0
 10
95.94185601851852
 20
207.6480338888889
 30
0.0
 10
97.45856527777777
 20
207.6501505555555
 30
0.0
 10
97.45856527777777
 20
208.6501579629629
 30
0.0
 10
97.45856527777777
 20
209.6501653703704
 30
0.0
 10
97.45856527777777
 20
210.6501727777778
 30
0.0
 10
95.94138564814814
 20
210.6494672222222
 30
0.0
 10
94.42420601851852
 20
210.6487616666667
 30
0.0
 10
92.90702638888888
 20
210.6480561111111
 30
0.0
 10
91.76790694444443
 20
210.6438227777778
 30
0.0
 10
91.89384861111111
 20
210.5827922222222
 30
0.0
 10
90.63125694444444
 20
210.5782061111111
 30
0.0
 10
89.36725416666665
 20
210.5782061111111
 30
0.0
 10
89.49284305555554
 20
210.6406477777778
 30
0.0
 10
88.3568986111111
 20
210.6420588888889
 30
0.0
 10
88.33185138888888
 20
218.46032
 30
0.0
 10
86.80926249999999
 20
219.5063061111111
 30
0.0
 10
87.6679236111111
 20
224.1862561111111
 30
0.0
 10
88.51212083333333
 20
228.7875366666667
 30
0.0
 10
88.9682625
 20
228.3165783333333
 30
0.0
 10
90.76284305555555
 20
227.5337644444444
 30
0.0
 10
92.55565972222222
 20
226.7555366666667
 30
0.0
 10
95.90034583333333
 20
223.2930227777778
 30
0.0
 10
98.80970416666666
 20
222.3567505555555
 30
0.0
 10
101.1987152777778
 20
221.587695
 30
0.0
 10
104.6354763888889
 20
221.4589311111111
 30
0.0
 10
105.8014069444444
 20
221.2423255555555
 30
0.0
 10
106.9683958333333
 20
221.0214866666666
 30
0.0
 10
106.5838680555555
 20
218.9616172222222
 30
0.0
 10
106.6575986111111
 20
217.1504561111111
 30
0.0
 10
106.8110569444444
 20
213.3849061111111
 30
0.0
 10
107.8570430555555
 20
212.253195
 30
0.0
 10
107.8570430555555
 20
211.2463672222222
 30
0.0
 10
107.8575134259259
 20
209.8591274074074
 30
0.0
 10
107.8579837962963
 20
208.4718875925926
 30
0.0
 10
107.8584541666667
 20
207.0846477777778
 30
0.0
 10
107.8584541666667
 20
205.0099616666666
 30
0.0
 10
107.4587569444444
 20
204.4137672222222
 30
0.0
 10
106.7412069444444
 20
200.7748644444444
 30
0.0
 10
106.3468013888889
 20
198.7739088888889
 30
0.0
 10
105.2955236111111
 20
197.768845
 30
0.0
 10
103.6667486111111
 20
198.2401561111111
 30
0.0
 10
102.0344458333333
 20
198.70547
 30
0.0
 10
96.25947361111109
 20
201.1128255555556
 30
0.0
 10
92.02825694444444
 20
199.8396505555556
 30
0.0
 10
87.79704027777777
 20
198.5696505555555
 30
0.0
 10
88.0443375
 20
198.7605033333333
 30
0.0
 10
88.33044027777777
 20
201.21372
 30
0.0
  0
SPLINE
  5
12C
330
1F
100
AcDbEntity
  8
DEFAULT
 62
     3
100
AcDbSpline
210
0.0
220
0.0
230
1.0
 70
    11
 71
     3
 72
    17
 73
    13
 74
     0
 42
0.000000001
 43
0.0000000001
 40
0.0
 40
0.0
 40
0.0
 40
0.0
 40
1.0
 40
1.0
 40
1.0
 40
2.0
 40
2.0
 40
2.0
 40
3.0
 40
3.0
 40
3.0
 40
4.0
 40
4.0
 40
4.0
 40
4.0
 10
51.55614388888889
 20
188.6335938888889
 30
0.0
 10
51.28944388888889
 20
187.6006605555555
 30
0.0
 10
51.42385222222222
 20
187.4196855555555
 30
0.0
 10
52.72877722222223
 20
188.0419855555555
 30
0.0
 10
54.39953277777778
 20
188.8392633333333
 30
0.0
 10
55.46950777777777
 20
186.0173938888888
 30
0.0
 10
55.18128833333333
 20
187.295155
 30
0.0
 10
54.66905500000001
 20
189.5673966666666
 30
0.0
 10
55.82052166666666
 20
190.93688
 30
0.0
 10
54.29546333333333
 20
190.6454855555555
 30
0.0
 10
53.15916611111111
 20
190.4281744444444
 30
0.0
 10
52.08531055555556
 20
190.68288
 30
0.0
 10
51.55614388888889
 20
188.6335938888889
 30
0.0
  0
SPLINE
  5
12D
330
1F
100
AcDbEntity
  8
DEFAULT
 62
     3
100
AcDbSpline
210
0.0
220
0.0
230
1.0
 70
     8
 71
     3
 72
    38
 73
    34
 74
     0
 42
0.000000001
 43
0.0000000001
 40
0.0
 40
0.0
 40
0.0
 40
0.0
 40
1.0
 40
1.0
 40
1.0
 40
2.0
 40
2.0
 40
2.0
 40
3.0
 40
3.0
 40
3.0
 40
4.0
 40
4.0
 40
4.0
 40
5.0
 40
5.0
 40
5.0
 40
6.0
 40
6.0
 40
6.0
 40
7.0
 40
7.0
 40
7.0
 40
8.0
 40
8.0
 40
8.0
 40
9.0
 40
9.0
 40
9.0
 40
10.0
 40
10.0
 40
10.0
 40
11.0
 40
11.0
 40
11.0
 40
11.0
 10
56.39269194444444
 20
176.2326436111111
 30
0.0
 10
56.39269194444444
 20
175.0723575
 30
0.0
 10
57.56073916666666
 20
172.5030769444444
 30
0.0
 10
56.81673083333332
 20
172.8823130555555
 30
0.0
 10
53.32634749999999
 20
174.6603130555555
 30
0.0
 10
49.3875836111111
 20
174.7612075
 30
0.0
 10
44.87308638888888
 20
173.9113658333333
 30
0.0
 10
44.17564472222222
 20
173.7801325
 30
0.0
 10
45.23715305555555
 20
176.0580186111111
 30
0.0
 10
44.7030475
 20
179.5424047222222
 30
0.0
 10
44.53089194444444
 20
180.6670602777778
 30
0.0
 10
45.52537249999999
 20
182.6613130555555
 30
0.0
 10
45.59804472222222
 20
186.9450936111111
 30
0.0
 10
45.61074472222222
 20
187.6996852777777
 30
0.0
 10
50.27129194444444
 20
189.8103547222222
 30
0.0
 10
48.13204749999999
 20
183.0927602777778
 30
0.0
 10
47.25539472222221
 20
180.3400352777778
 30
0.0
 10
53.4547586111111
 20
180.3223963888889
 30
0.0
 10
53.85939472222221
 20
183.9955186111111
 30
0.0
 10
54.41466694444443
 20
189.0321269444444
 30
0.0
 10
49.56503083333333
 20
182.7191686111111
 30
0.0
 10
49.56503083333333
 20
187.3260936111111
 30
0.0
 10
49.56503083333333
 20
191.3103658333333
 30
0.0
 10
51.84326972222221
 20
192.5771908333333
 30
0.0
 10
53.55847527777777
 20
192.4000963888888
 30
0.0
 10
55.1025836111111
 20
192.2402880555555
 30
0.0
 10
56.06002249999999
 20
192.3267186111111
 30
0.0
 10
56.61035583333332
 20
192.5401491666667
 30
0.0
 10
57.4806586111111
 20
192.8774047222222
 30
0.0
 10
55.86211416666666
 20
190.8852686111111
 30
0.0
 10
56.87881972222221
 20
187.9339297222222
 30
0.0
 10
57.60483638888888
 20
185.8274936111111
 30
0.0
 10
56.39269194444444
 20
180.8617936111111
 30
0.0
 10
56.39269194444444
 20
179.2326658333333
 30
0.0
  0
SPLINE
  5
12E
330
1F
100
AcDbEntity
  8
DEFAULT
 62
     5
100
AcDbSpline
210
0.0
220
0.0
230
1.0
 70
     8
 71
     3
 72
    35
 73
    31
 74
     0
 42
0.000000001
 43
0.0000000001
 40
0.0
 40
0.0
 40
0.0
 40
0.0
 40
1.0
 40
1.0
 40
1.0
 40
2.0
 40
2.0
 40
2.0
 40
3.0
 40
3.0
 40
3.0
 40
4.0
 40
4.0
 40
4.0
 40
5.0
 40
5.0
 40
5.0
 40
6.0
 40
6.0
 40
6.0
 40
7.0
 40
7.0
 40
7.0
 40
8.0
 40
8.0
 40
8.0
 40
9.0
 40
9.0
 40
9.0
 40
10.0
 40
10.0
 40
10.0
 40
10.0
 10
58.66733249999999
 20
179.1168488888889
 30
0.0
 10
58.56714361111111
 20
184.6036016666666
 30
0.0
 10
59.54927694444444
 20
186.6705266666667
 30
0.0
 10
58.33677972222221
 20
189.6091655555555
 30
0.0
 10
57.6051186111111
 20
191.383285
 30
0.0
 10
59.18238805555555
 20
194.5787461111111
 30
0.0
 10
57.78468249999999
 20
194.3363877777778
 30
0.0
 10
56.74963249999999
 20
194.1568238888889
 30
0.0
 10
55.26091027777777
 20
193.7416044444444
 30
0.0
 10
53.43422694444443
 20
193.7902877777778
 30
0.0
 10
51.59061027777777
 20
193.8393238888889
 30
0.0
 10
49.58718527777777
 20
192.3139127777777
 30
0.0
 10
47.66348805555555
 20
190.52921
 30
0.0
 10
45.63148805555555
 20
188.6439655555555
 30
0.0
 10
44.00447694444444
 20
188.49721
 30
0.0
 10
44.14594083333333
 20
187.66536
 30
0.0
 10
44.64406305555555
 20
184.7394211111111
 30
0.0
 10
43.04986027777777
 20
180.8535738888889
 30
0.0
 10
43.21213805555555
 20
179.37861
 30
0.0
 10
43.55468527777777
 20
176.2656988888889
 30
0.0
 10
42.61382694444444
 20
172.9033738888889
 30
0.0
 10
43.21213805555555
 20
172.3780877777778
 30
0.0
 10
43.81044916666666
 20
171.8524488888889
 30
0.0
 10
45.66923527777777
 20
172.8038905555555
 30
0.0
 10
47.97640194444443
 20
172.8822072222222
 30
0.0
 10
55.03195749999999
 20
173.1217433333333
 30
0.0
 10
58.67579916666666
 20
169.7643572222222
 30
0.0
 10
58.47612694444444
 20
171.0163655555556
 30
0.0
 10
58.18437972222221
 20
172.8490461111111
 30
0.0
 10
58.66733249999999
 20
174.2495738888889
 30
0.0
 10
58.66733249999999
 20
176.2960377777778
 30
0.0
  0
POLYLINE
  5
12F
330
1F
100
AcDbEntity
  8
DEFAULT
 62
     7
100
AcDb2dPolyline
 66
     1
 10
0.0
 20
0.0
 30
0.0
  0
VERTEX
  5
130
330
12F
100
AcDbEntity
  8
DEFAULT
 62
     7
100
AcDbVertex
100
AcDb2dVertex
 10
50.74341444444443
 20
179.2324541666667
 30
0.0
  0
VERTEX
  5
131
330
12F
100
AcDbEntity
  8
DEFAULT
 62
     7
100
AcDbVertex
100
AcDb2dVertex
 10
50.74341444444443
 20
176.2324319444444
 30
0.0
  0
SEQEND
  5
132
330
12F
100
AcDbEntity
  8
DEFAULT
 62
     7
  0
POLYLINE
  5
133
330
1F
100
AcDbEntity
  8
DEFAULT
 62
     7
100
AcDb2dPolyline
 66
     1
 10
0.0
 20
0.0
 30
0.0
  0
VERTEX
  5
134
330
133
100
AcDbEntity
  8
DEFAULT
 62
     7
100
AcDbVertex
100
AcDb2dVertex
 10
47.89621555555556
 20
178.3260269444444
 30
0.0
  0
VERTEX
  5
135
330
133
100
AcDbEntity
  8
DEFAULT
 62
     7
100
AcDbVertex
100
AcDb2dVertex
 10
47.21006277777779
 20
179.1716352777778
 30
0.0
  0
VERTEX
  5
136
330
133
100
AcDbEntity
  8
DEFAULT
 62
     7
100
AcDbVertex
100
AcDb2dVertex
 10
49.74335999999999
 20
179.1716352777778
 30
0.0
  0
SEQEND
  5
137
330
133
100
AcDbEntity
  8
DEFAULT
 62
     7
  0
SPLINE
  5
138
330
1F
100
AcDbEntity
  8
DEFAULT
 62
     7
100
AcDbSpline
210
0.0
220
0.0
230
1.0
 70
     8
 71
     3
 72
    23
 73
    19
 74
     0
 42
0.000000001
 43
0.0000000001
 40
0.0
 40
0.0
 40
0.0
 40
0.0
 40
1.0
 40
1.0
 40
1.0
 40
2.0
 40
2.0
 40
2.0
 40
3.0
 40
3.0
 40
3.0
 40
7.696010647347355
 40
7.696010647347355
 40
7.696010647347355
 40
8.696010647347354
 40
8.696010647347354
 40
8.696010647347354
 40
9.696010647347354
 40
9.696010647347354
 40
9.696010647347354
 40
9.696010647347354
 10
48.79237694444444
 20
176.2795630555555
 30
0.0
 10
48.22334638888888
 20
176.2795630555555
 30
0.0
 10
47.77496583333333
 20
176.6147019444444
 30
0.0
 10
47.77496583333333
 20
177.1643297222222
 30
0.0
 10
47.77496583333333
 20
177.7802797222222
 30
0.0
 10
48.3168325
 20
177.9439686111111
 30
0.0
 10
48.66396583333333
 20
177.9439686111111
 30
0.0
 10
48.73416861111111
 20
177.9439686111111
 30
0.0
 10
48.75357138888889
 20
177.9400880555555
 30
0.0
 10
48.78884916666667
 20
177.9362075
 30
0.0
 10
48.79002509259259
 20
177.3839926851852
 30
0.0
 10
48.79120101851851
 20
176.8317778703704
 30
0.0
 10
48.79237694444444
 20
176.2795630555555
 30
0.0
 10
49.3614075
 20
176.2795630555555
 30
0.0
 10
49.74346583333333
 20
176.6266963888889
 30
0.0
 10
49.74346583333333
 20
177.2070158333333
 30
0.0
 10
49.74346583333333
 20
177.5072297222222
 30
0.0
 10
49.68137694444444
 20
177.7139575
 30
0.0
 10
49.62669638888889
 20
177.8349602777778
 30
0.0
  0
SPLINE
  5
139
330
1F
100
AcDbEntity
  8
DEFAULT
 62
     1
100
AcDbSpline
210
0.0
220
0.0
230
1.0
 70
    11
 71
     3
 72
    56
 73
    52
 74
     0
 42
0.000000001
 43
0.0000000001
 40
1.0
 40
1.0
 40
1.0
 40
1.0
 40
2.0
 40
2.0
 40
2.0
 40
3.0
 40
3.0
 40
3.0
 40
4.0
 40
4.0
 40
4.0
 40
5.0
 40
5.0
 40
5.0
 40
6.0
 40
6.0
 40
6.0
 40
17.05500004522835
 40
17.05500004522835
 40
17.05500004522835
 40
18.05500004522835
 40
18.05500004522835
 40
18.05500004522835
 40
19.05500004522835
 40
19.05500004522835
 40
19.05500004522835
 40
20.05500004522835
 40
20.05500004522835
 40
20.05500004522835
 40
21.05500004522835
 40
21.05500004522835
 40
21.05500004522835
 40
22.05500004522835
 40
22.05500004522835
 40
22.05500004522835
 40
23.05500004522835
 40
23.05500004522835
 40
23.05500004522835
 40
35.95000004522836
 40
35.95000004522836
 40
35.95000004522836
 40
44.45400004522838
 40
44.45400004522838
 40
44.45400004522838
 40
57.34900004522839
 40
57.34900004522839
 40
57.34900004522839
 40
58.34900004522839
 40
58.34900004522839
 40
58.34900004522839
 40
59.34900004522839
 40
59.34900004522839
 40
59.34900004522839
 40
59.34900004522839
 10
60.94246694444444
 20
179.2326305555555
 30
0.0
 10
60.81828916666667
 20
192.1167805555555
 30
0.0
 10
60.14589472222222
 20
187.5701805555555
 30
0.0
 10
59.74443361111111
 20
195.0966944444444
 30
0.0
 10
59.58885861111111
 20
198.0155777777778
 30
0.0
 10
57.19490861111111
 20
195.5923472222222
 30
0.0
 10
53.89820027777778
 20
195.7256972222222
 30
0.0
 10
50.60113916666667
 20
195.8590472222222
 30
0.0
 10
48.11370305555555
 20
193.0699861111111
 30
0.0
 10
45.40825027777778
 20
190.7275416666666
 30
0.0
 10
42.7027975
 20
188.3850972222222
 30
0.0
 10
42.26958638888889
 20
190.23965
 30
0.0
 10
43.01888638888889
 20
188.4934
 30
0.0
 10
43.76818638888889
 20
186.74715
 30
0.0
 10
42.41810583333334
 20
182.9981805555555
 30
0.0
 10
42.41810583333334
 20
180.120925
 30
0.0
 10
42.41798824074075
 20
178.8209388888888
 30
0.0
 10
42.41787064814815
 20
177.5209527777778
 30
0.0
 10
42.41775305555556
 20
176.2209666666666
 30
0.0
 10
42.41775305555556
 20
172.9757638888889
 30
0.0
 10
40.8549475
 20
169.6709416666666
 30
0.0
 10
43.1885725
 20
170.5363055555555
 30
0.0
 10
45.5221975
 20
171.4016694444444
 30
0.0
 10
52.27718638888889
 20
171.2513861111111
 30
0.0
 10
54.08481972222222
 20
170.4516388888889
 30
0.0
 10
55.89245305555556
 20
169.6518916666666
 30
0.0
 10
60.99750027777777
 20
167.535225
 30
0.0
 10
60.57099194444444
 20
170.3031194444444
 30
0.0
 10
60.13954472222222
 20
173.1024111111111
 30
0.0
 10
60.94246694444444
 20
173.6908444444444
 30
0.0
 10
60.94246694444444
 20
176.2326083333333
 30
0.0
 10
59.80511138888889
 20
176.2326083333333
 30
0.0
 10
59.93387527777777
 20
176.2964611111111
 30
0.0
 10
58.66740305555555
 20
176.2961083333333
 30
0.0
 10
57.4062225
 20
176.2964611111111
 30
0.0
 10
57.53004749999999
 20
176.2326083333333
 30
0.0
 10
56.39269194444444
 20
176.2326083333333
 30
0.0
 10
54.87633546296296
 20
176.2326083333333
 30
0.0
 10
53.35997898148148
 20
176.2326083333333
 30
0.0
 10
51.8436225
 20
176.2326083333333
 30
0.0
 10
51.8436225
 20
177.2326157407407
 30
0.0
 10
51.8436225
 20
178.2326231481481
 30
0.0
 10
51.8436225
 20
179.2326305555555
 30
0.0
 10
53.35997898148148
 20
179.2326305555556
 30
0.0
 10
54.87633546296297
 20
179.2326305555556
 30
0.0
 10
56.39269194444444
 20
179.2326305555555
 30
0.0
 10
57.53004749999999
 20
179.2322777777778
 30
0.0
 10
57.40657527777778
 20
179.1165666666666
 30
0.0
 10
58.66740305555555
 20
179.1169194444444
 30
0.0
 10
59.93387527777777
 20
179.1165666666666
 30
0.0
 10
59.80511138888889
 20
179.2326305555555
 30
0.0
 10
60.94246694444444
 20
179.2326305555555
 30
0.0
  0
SPLINE
  5
13A
330
1F
100
AcDbEntity
  8
DEFAULT
 62
     3
100
AcDbSpline
210
0.0
220
0.0
230
1.0
 70
    11
 71
     3
 72
    17
 73
    13
 74
     0
 42
0.000000001
 43
0.0000000001
 40
0.0
 40
0.0
 40
0.0
 40
0.0
 40
1.0
 40
1.0
 40
1.0
 40
2.0
 40
2.0
 40
2.0
 40
3.0
 40
3.0
 40
3.0
 40
4.0
 40
4.0
 40
4.0
 40
4.0
 10
96.32911194444443
 20
188.6335938888889
 30
0.0
 10
96.59581194444442
 20
187.6006605555555
 30
0.0
 10
96.4614036111111
 20
187.4196855555555
 30
0.0
 10
95.15683138888889
 20
188.0419855555555
 30
0.0
 10
93.48572305555554
 20
188.8392633333333
 30
0.0
 10
92.41610083333333
 20
186.0173938888888
 30
0.0
 10
92.70396749999999
 20
187.295155
 30
0.0
 10
93.21655361111111
 20
189.5673966666666
 30
0.0
 10
92.06473416666665
 20
190.93688
 30
0.0
 10
93.58979249999999
 20
190.6454855555555
 30
0.0
 10
94.72608972222221
 20
190.4281744444444
 30
0.0
 10
95.79994527777777
 20
190.68288
 30
0.0
 10
96.32911194444443
 20
188.6335938888889
 30
0.0
  0
SPLINE
  5
13B
330
1F
100
AcDbEntity
  8
DEFAULT
 62
     3
100
AcDbSpline
210
0.0
220
0.0
230
1.0
 70
     8
 71
     3
 72
    38
 73
    34
 74
     0
 42
0.000000001
 43
0.0000000001
 40
0.0
 40
0.0
 40
0.0
 40
0.0
 40
1.0
 40
1.0
 40
1.0
 40
2.0
 40
2.0
 40
2.0
 40
3.0
 40
3.0
 40
3.0
 40
4.0
 40
4.0
 40
4.0
 40
5.0
 40
5.0
 40
5.0
 40
6.0
 40
6.0
 40
6.0
 40
7.0
 40
7.0
 40
7.0
 40
8.0
 40
8.0
 40
8.0
 40
9.0
 40
9.0
 40
9.0
 40
10.0
 40
10.0
 40
10.0
 40
11.0
 40
11.0
 40
11.0
 40
11.0
 10
91.49252861111111
 20
176.2326436111111
 30
0.0
 10
91.49252861111111
 20
175.0723575
 30
0.0
 10
90.3244813888889
 20
172.5030769444444
 30
0.0
 10
91.06848972222222
 20
172.8823130555555
 30
0.0
 10
94.55887305555555
 20
174.6603130555555
 30
0.0
 10
98.49763694444445
 20
174.7612075
 30
0.0
 10
103.0121341666667
 20
173.9113658333333
 30
0.0
 10
103.7095758333333
 20
173.7801325
 30
0.0
 10
102.6480675
 20
176.0580186111111
 30
0.0
 10
103.1821730555556
 20
179.5424047222222
 30
0.0
 10
103.3546813888889
 20
180.6670602777778
 30
0.0
 10
102.3602008333333
 20
182.6613130555555
 30
0.0
 10
102.2871758333333
 20
186.9450936111111
 30
0.0
 10
102.2744758333333
 20
187.6996852777777
 30
0.0
 10
97.61392861111109
 20
189.8103547222222
 30
0.0
 10
99.75317305555555
 20
183.0927602777778
 30
0.0
 10
100.6298258333333
 20
180.3400352777778
 30
0.0
 10
94.43046194444443
 20
180.3223963888889
 30
0.0
 10
94.02582583333333
 20
183.9955186111111
 30
0.0
 10
93.47090638888889
 20
189.0321269444444
 30
0.0
 10
98.32018972222221
 20
182.7191686111111
 30
0.0
 10
98.32018972222221
 20
187.3260936111111
 30
0.0
 10
98.32018972222221
 20
191.3103658333333
 30
0.0
 10
96.04195083333333
 20
192.5771908333333
 30
0.0
 10
94.32674527777777
 20
192.4000963888888
 30
0.0
 10
92.78263694444443
 20
192.2402880555555
 30
0.0
 10
91.82519805555555
 20
192.3267186111111
 30
0.0
 10
91.27486472222222
 20
192.5401491666667
 30
0.0
 10
90.40456194444444
 20
192.8774047222222
 30
0.0
 10
92.02310638888889
 20
190.8852686111111
 30
0.0
 10
91.00640083333333
 20
187.9339297222222
 30
0.0
 10
90.28038416666666
 20
185.8274936111111
 30
0.0
 10
91.49252861111111
 20
180.8617936111111
 30
0.0
 10
91.49252861111111
 20
179.2326658333333
 30
0.0
  0
SPLINE
  5
13C
330
1F
100
AcDbEntity
  8
DEFAULT
 62
     5
100
AcDbSpline
210
0.0
220
0.0
230
1.0
 70
     8
 71
     3
 72
    35
 73
    31
 74
     0
 42
0.000000001
 43
0.0000000001
 40
0.0
 40
0.0
 40
0.0
 40
0.0
 40
1.0
 40
1.0
 40
1.0
 40
2.0
 40
2.0
 40
2.0
 40
3.0
 40
3.0
 40
3.0
 40
4.0
 40
4.0
 40
4.0
 40
5.0
 40
5.0
 40
5.0
 40
6.0
 40
6.0
 40
6.0
 40
7.0
 40
7.0
 40
7.0
 40
8.0
 40
8.0
 40
8.0
 40
9.0
 40
9.0
 40
9.0
 40
10.0
 40
10.0
 40
10.0
 40
10.0
 10
89.21792333333332
 20
179.1168488888889
 30
0.0
 10
89.31846499999999
 20
184.6036016666666
 30
0.0
 10
88.33597888888887
 20
186.6705266666667
 30
0.0
 10
89.5484761111111
 20
189.6091655555555
 30
0.0
 10
90.28013722222221
 20
191.383285
 30
0.0
 10
88.70286777777777
 20
194.5787461111111
 30
0.0
 10
90.10057333333333
 20
194.3363877777778
 30
0.0
 10
91.13562333333333
 20
194.1568238888889
 30
0.0
 10
92.62434555555554
 20
193.7416044444444
 30
0.0
 10
94.45102888888887
 20
193.7902877777778
 30
0.0
 10
96.29464555555553
 20
193.8393238888889
 30
0.0
 10
98.29842333333332
 20
192.3139127777777
 30
0.0
 10
100.2217677777778
 20
190.52921
 30
0.0
 10
102.2537677777778
 20
188.6439655555555
 30
0.0
 10
103.8807788888889
 20
188.49721
 30
0.0
 10
103.739315
 20
187.66536
 30
0.0
 10
103.2411927777778
 20
184.7394211111111
 30
0.0
 10
104.8353955555556
 20
180.8535738888889
 30
0.0
 10
104.6731177777778
 20
179.37861
 30
0.0
 10
104.3309233333333
 20
176.2656988888889
 30
0.0
 10
105.2714288888889
 20
172.9033738888889
 30
0.0
 10
104.6731177777778
 20
172.3780877777778
 30
0.0
 10
104.0748066666667
 20
171.8524488888889
 30
0.0
 10
102.2160205555555
 20
172.8038905555555
 30
0.0
 10
99.90885388888887
 20
172.8822072222222
 30
0.0
 10
92.85329833333331
 20
173.1217433333333
 30
0.0
 10
89.20945666666665
 20
169.7643572222222
 30
0.0
 10
89.40912888888887
 20
171.0163655555556
 30
0.0
 10
89.7008761111111
 20
172.8490461111111
 30
0.0
 10
89.21792333333332
 20
174.2495738888889
 30
0.0
 10
89.21792333333332
 20
176.2960377777778
 30
0.0
  0
POLYLINE
  5
13D
330
1F
100
AcDbEntity
  8
DEFAULT
 62
     7
100
AcDb2dPolyline
 66
     1
 10
0.0
 20
0.0
 30
0.0
  0
VERTEX
  5
13E
330
13D
100
AcDbEntity
  8
DEFAULT
 62
     7
100
AcDbVertex
100
AcDb2dVertex
 10
97.1418061111111
 20
176.2324672222222
 30
0.0
  0
VERTEX
  5
13F
330
13D
100
AcDbEntity
  8
DEFAULT
 62
     7
100
AcDbVertex
100
AcDb2dVertex
 10
97.1418061111111
 20
179.2324894444444
 30
0.0
  0
SEQEND
  5
140
330
13D
100
AcDbEntity
  8
DEFAULT
 62
     7
  0
POLYLINE
  5
141
330
1F
100
AcDbEntity
  8
DEFAULT
 62
     7
100
AcDb2dPolyline
 66
     1
 10
0.0
 20
0.0
 30
0.0
  0
VERTEX
  5
142
330
141
100
AcDbEntity
  8
DEFAULT
 62
     7
100
AcDbVertex
100
AcDb2dVertex
 10
99.98900499999999
 20
177.1390355555555
 30
0.0
  0
VERTEX
  5
143
330
141
100
AcDbEntity
  8
DEFAULT
 62
     7
100
AcDbVertex
100
AcDb2dVertex
 10
100.6751577777778
 20
176.2934272222222
 30
0.0
  0
VERTEX
  5
144
330
141
100
AcDbEntity
  8
DEFAULT
 62
     7
100
AcDbVertex
100
AcDb2dVertex
 10
98.14186055555555
 20
176.2934272222222
 30
0.0
  0
SEQEND
  5
145
330
141
100
AcDbEntity
  8
DEFAULT
 62
     7
  0
SPLINE
  5
146
330
1F
100
AcDbEntity
  8
DEFAULT
 62
     7
100
AcDbSpline
210
0.0
220
0.0
230
1.0
 70
     8
 71
     3
 72
    23
 73
    19
 74
     0
 42
0.000000001
 43
0.0000000001
 40
0.0
 40
0.0
 40
0.0
 40
0.0
 40
1.0
 40
1.0
 40
1.0
 40
2.0
 40
2.0
 40
2.0
 40
3.0
 40
3.0
 40
3.0
 40
7.696012883287238
 40
7.696012883287238
 40
7.696012883287238
 40
8.696012883287239
 40
8.696012883287239
 40
8.696012883287239
 40
9.696012883287239
 40
9.696012883287239
 40
9.696012883287239
 40
9.696012883287239
 10
99.0926672222222
 20
179.1855347222222
 30
0.0
 10
99.66169777777776
 20
179.1855347222222
 30
0.0
 10
100.1100783333333
 20
178.8503958333333
 30
0.0
 10
100.1100783333333
 20
178.3004152777778
 30
0.0
 10
100.1100783333333
 20
177.6848180555555
 30
0.0
 10
99.56821166666664
 20
177.5211291666666
 30
0.0
 10
99.22143111111109
 20
177.5211291666666
 30
0.0
 10
99.15122833333331
 20
177.5211291666666
 30
0.0
 10
99.13147277777776
 20
177.5250097222222
 30
0.0
 10
99.09654777777776
 20
177.5288902777778
 30
0.0
 10
99.09525425925925
 20
178.0811050925926
 30
0.0
 10
99.09396074074073
 20
178.6333199074074
 30
0.0
 10
99.0926672222222
 20
179.1855347222222
 30
0.0
 10
98.52363666666665
 20
179.1855347222222
 30
0.0
 10
98.14157833333331
 20
178.8384013888889
 30
0.0
 10
98.14157833333331
 20
178.2577291666666
 30
0.0
 10
98.14157833333331
 20
177.9578680555555
 30
0.0
 10
98.20402
 20
177.7511402777778
 30
0.0
 10
98.25870055555554
 20
177.6301375
 30
0.0
  0
SPLINE
  5
147
330
1F
100
AcDbEntity
  8
DEFAULT
 62
     1
100
AcDbSpline
210
0.0
220
0.0
230
1.0
 70
    11
 71
     3
 72
    56
 73
    52
 74
     0
 42
0.000000001
 43
0.0000000001
 40
1.0
 40
1.0
 40
1.0
 40
1.0
 40
2.0
 40
2.0
 40
2.0
 40
3.0
 40
3.0
 40
3.0
 40
4.0
 40
4.0
 40
4.0
 40
5.0
 40
5.0
 40
5.0
 40
6.0
 40
6.0
 40
6.0
 40
17.05499999999995
 40
17.05499999999995
 40
17.05499999999995
 40
18.05499999999995
 40
18.05499999999995
 40
18.05499999999995
 40
19.05499999999995
 40
19.05499999999995
 40
19.05499999999995
 40
20.05499999999995
 40
20.05499999999995
 40
20.05499999999995
 40
21.05499999999995
 40
21.05499999999995
 40
21.05499999999995
 40
22.05499999999995
 40
22.05499999999995
 40
22.05499999999995
 40
23.05499999999995
 40
23.05499999999995
 40
23.05499999999995
 40
35.95099999999996
 40
35.95099999999996
 40
35.95099999999996
 40
44.45499999999998
 40
44.45499999999998
 40
44.45499999999998
 40
57.351
 40
57.351
 40
57.351
 40
58.351
 40
58.351
 40
58.351
 40
59.351
 40
59.351
 40
59.351
 40
59.351
 10
86.94292999999999
 20
179.2326305555555
 30
0.0
 10
87.066755
 20
192.1167805555555
 30
0.0
 10
87.73914944444444
 20
187.5701805555555
 30
0.0
 10
88.14096333333332
 20
195.0966944444444
 30
0.0
 10
88.29653833333333
 20
198.0155777777778
 30
0.0
 10
90.69048833333332
 20
195.5923472222222
 30
0.0
 10
93.98719666666666
 20
195.7256972222222
 30
0.0
 10
97.28390499999999
 20
195.8590472222222
 30
0.0
 10
99.7713411111111
 20
193.0699861111111
 30
0.0
 10
102.4767938888889
 20
190.7275416666666
 30
0.0
 10
105.1822466666667
 20
188.3850972222222
 30
0.0
 10
105.6158105555555
 20
190.23965
 30
0.0
 10
104.8665105555555
 20
188.4934
 30
0.0
 10
104.1168577777778
 20
186.74715
 30
0.0
 10
105.4669383333333
 20
182.9981805555555
 30
0.0
 10
105.4672911111111
 20
180.120925
 30
0.0
 10
105.4672911111111
 20
178.8209388888888
 30
0.0
 10
105.4672911111111
 20
177.5209527777778
 30
0.0
 10
105.4672911111111
 20
176.2209666666666
 30
0.0
 10
105.4672911111111
 20
172.9757638888889
 30
0.0
 10
107.0304494444444
 20
169.6709416666666
 30
0.0
 10
104.6968244444444
 20
170.5363055555555
 30
0.0
 10
102.3631994444444
 20
171.4016694444444
 30
0.0
 10
95.60821055555554
 20
171.2513861111111
 30
0.0
 10
93.80022444444444
 20
170.4516388888889
 30
0.0
 10
91.99259111111111
 20
169.6518916666666
 30
0.0
 10
86.88789666666666
 20
167.535225
 30
0.0
 10
87.314405
 20
170.3031194444444
 30
0.0
 10
87.74549944444445
 20
173.1024111111111
 30
0.0
 10
86.94292999999999
 20
173.6908444444444
 30
0.0
 10
86.94292999999999
 20
176.2326083333333
 30
0.0
 10
88.08028555555555
 20
176.2326083333333
 30
0.0
 10
87.95152166666666
 20
176.2964611111111
 30
0.0
 10
89.21799388888888
 20
176.2961083333333
 30
0.0
 10
90.47882166666668
 20
176.2964611111111
 30
0.0
 10
90.35534944444444
 20
176.2326083333333
 30
0.0
 10
91.49235222222222
 20
176.2326083333333
 30
0.0
 10
93.0088262962963
 20
176.2326083333333
 30
0.0
 10
94.52530037037037
 20
176.2326083333333
 30
0.0
 10
96.04177444444446
 20
176.2326083333333
 30
0.0
 10
96.04177444444446
 20
177.2326157407407
 30
0.0
 10
96.04177444444446
 20
178.2326231481481
 30
0.0
 10
96.04177444444446
 20
179.2326305555555
 30
0.0
 10
94.52530037037037
 20
179.2326305555556
 30
0.0
 10
93.0088262962963
 20
179.2326305555556
 30
0.0
 10
91.49235222222222
 20
179.2326305555555
 30
0.0
 10
90.35534944444444
 20
179.2322777777778
 30
0.0
 10
90.47882166666668
 20
179.1165666666666
 30
0.0
 10
89.21799388888888
 20
179.1169194444444
 30
0.0
 10
87.95152166666666
 20
179.1165666666666
 30
0.0
 10
88.08028555555555
 20
179.2326305555555
 30
0.0
 10
86.94292999999999
 20
179.2326305555555
 30
0.0
  0
SPLINE
  5
148
330
1F
100
AcDbEntity
  8
DEFAULT
 62
     3
100
AcDbSpline
210
0.0
220
0.0
230
1.0
 70
    11
 71
     3
 72
    17
 73
    13
 74
     0
 42
0.000000001
 43
0.0000000001
 40
0.0
 40
0.0
 40
0.0
 40
0.0
 40
1.0
 40
1.0
 40
1.0
 40
2.0
 40
2.0
 40
2.0
 40
3.0
 40
3.0
 40
3.0
 40
4.0
 40
4.0
 40
4.0
 40
4.0
 10
24.97324472222222
 20
178.4580011111111
 30
0.0
 10
24.99546972222222
 20
179.4426038888889
 30
0.0
 10
24.29520583333333
 20
179.8867511111111
 30
0.0
 10
23.8528225
 20
179.8246622222222
 30
0.0
 10
23.41008638888889
 20
179.7618677777778
 30
0.0
 10
23.11692805555555
 20
178.9356622222222
 30
0.0
 10
23.23158083333333
 20
178.2403372222222
 30
0.0
 10
23.38574472222222
 20
177.3033594444444
 30
0.0
 10
23.93925305555555
 20
176.6535427777778
 30
0.0
 10
24.38198916666666
 20
176.7163372222222
 30
0.0
 10
24.8243725
 20
176.7784261111111
 30
0.0
 10
24.95736972222222
 20
177.7535038888889
 30
0.0
 10
24.97324472222222
 20
178.4580011111111
 30
0.0
  0
SPLINE
  5
149
330
1F
100
AcDbEntity
  8
DEFAULT
 62
     3
100
AcDbSpline
210
0.0
220
0.0
230
1.0
 70
     8
 71
     3
 72
    59
 73
    55
 74
     0
 42
0.000000001
 43
0.0000000001
 40
0.0
 40
0.0
 40
0.0
 40
0.0
 40
1.0
 40
1.0
 40
1.0
 40
2.0
 40
2.0
 40
2.0
 40
3.0
 40
3.0
 40
3.0
 40
4.0
 40
4.0
 40
4.0
 40
5.0
 40
5.0
 40
5.0
 40
6.0
 40
6.0
 40
6.0
 40
7.0
 40
7.0
 40
7.0
 40
8.0
 40
8.0
 40
8.0
 40
9.0
 40
9.0
 40
9.0
 40
10.0
 40
10.0
 40
10.0
 40
11.0
 40
11.0
 40
11.0
 40
12.0
 40
12.0
 40
12.0
 40
13.0
 40
13.0
 40
13.0
 40
14.0
 40
14.0
 40
14.0
 40
15.0
 40
15.0
 40
15.0
 40
16.0
 40
16.0
 40
16.0
 40
17.0
 40
17.0
 40
17.0
 40
18.0
 40
18.0
 40
18.0
 40
18.0
 10
36.60199972222222
 20
176.2326436111111
 30
0.0
 10
36.60199972222222
 20
174.9474741666667
 30
0.0
 10
37.35835527777778
 20
174.0782297222222
 30
0.0
 10
36.58365527777777
 20
174.1593686111111
 30
0.0
 10
27.37121638888889
 20
175.1242158333333
 30
0.0
 10
24.91623583333333
 20
170.7698797222222
 30
0.0
 10
24.0738025
 20
171.2528325
 30
0.0
 10
21.61141361111111
 20
172.6650019444444
 30
0.0
 10
22.79004416666666
 20
173.8072963888889
 30
0.0
 10
23.53793305555555
 20
173.0869241666666
 30
0.0
 10
24.42164138888888
 20
172.2360241666667
 30
0.0
 10
25.89343027777777
 20
173.7857769444444
 30
0.0
 10
24.6516525
 20
173.7857769444444
 30
0.0
 10
23.84238027777777
 20
173.7857769444444
 30
0.0
 10
22.63870249999999
 20
173.9723963888889
 30
0.0
 10
21.85871083333333
 20
175.2441602777778
 30
0.0
 10
20.93090527777778
 20
176.7561658333333
 30
0.0
 10
20.17948861111111
 20
175.2177019444444
 30
0.0
 10
21.11364416666666
 20
173.8168213888889
 30
0.0
 10
22.87435805555555
 20
171.1759269444444
 30
0.0
 10
21.73594416666666
 20
172.7584880555555
 30
0.0
 10
19.43054138888889
 20
173.2929463888889
 30
0.0
 10
18.81071083333333
 20
173.4365269444444
 30
0.0
 10
20.34458861111111
 20
176.7127741666666
 30
0.0
 10
20.34282472222222
 20
178.5172325
 30
0.0
 10
20.34106083333333
 20
180.1834019444444
 30
0.0
 10
19.20229416666666
 20
182.9266019444444
 30
0.0
 10
19.62774416666666
 20
183.3241825
 30
0.0
 10
20.17948861111111
 20
183.8399436111111
 30
0.0
 10
22.44432194444444
 20
182.8874436111111
 30
0.0
 10
24.59979416666666
 20
183.1241575
 30
0.0
 10
27.15214138888889
 20
183.4042630555555
 30
0.0
 10
28.42214138888889
 20
184.7405852777777
 30
0.0
 10
27.37121638888889
 20
182.8750963888889
 30
0.0
 10
25.03547472222222
 20
178.7288991666667
 30
0.0
 10
24.03429138888889
 20
183.4353075
 30
0.0
 10
22.35859694444444
 20
180.1978658333333
 30
0.0
 10
20.29061361111111
 20
176.2026575
 30
0.0
 10
26.2740775
 20
171.6758130555556
 30
0.0
 10
26.2740775
 20
178.8343797222222
 30
0.0
 10
26.2740775
 20
180.9450491666666
 30
0.0
 10
28.96365527777777
 20
183.7154130555555
 30
0.0
 10
30.32714138888889
 20
182.9061408333333
 30
0.0
 10
31.6557025
 20
182.1176825
 30
0.0
 10
32.98884972222221
 20
180.2066852777778
 30
0.0
 10
34.34281083333333
 20
181.5606463888888
 30
0.0
 10
35.99239972222222
 20
183.2102352777778
 30
0.0
 10
33.9671025
 20
183.8709880555556
 30
0.0
 10
31.32338583333333
 20
183.8709880555556
 30
0.0
 10
28.29373027777777
 20
183.8709880555556
 30
0.0
 10
37.83707472222222
 20
186.2028491666666
 30
0.0
 10
37.99511916666666
 20
185.9873019444444
 30
0.0
 10
38.45161361111111
 20
185.3650019444444
 30
0.0
 10
36.5974136111111
 20
183.9665908333333
 30
0.0
 10
36.5974136111111
 20
179.2280797222222
 30
0.0
  0
SPLINE
  5
14A
330
1F
100
AcDbEntity
  8
DEFAULT
 62
     5
100
AcDbSpline
210
0.0
220
0.0
230
1.0
 70
     8
 71
     3
 72
    32
 73
    28
 74
     0
 42
0.000000001
 43
0.0000000001
 40
0.0
 40
0.0
 40
0.0
 40
0.0
 40
1.0
 40
1.0
 40
1.0
 40
2.0
 40
2.0
 40
2.0
 40
3.0
 40
3.0
 40
3.0
 40
4.0
 40
4.0
 40
4.0
 40
5.0
 40
5.0
 40
5.0
 40
6.0
 40
6.0
 40
6.0
 40
7.0
 40
7.0
 40
7.0
 40
8.0
 40
8.0
 40
8.0
 40
9.0
 40
9.0
 40
9.0
 40
9.0
 10
38.87198361111111
 20
179.1635566666667
 30
0.0
 10
38.87198361111111
 20
184.5317761111111
 30
0.0
 10
40.05414194444444
 20
187.2873233333333
 30
0.0
 10
39.54931694444444
 20
187.7166538888889
 30
0.0
 10
38.51179749999999
 20
188.5993038888889
 30
0.0
 10
34.69368361111111
 20
186.6071677777778
 30
0.0
 10
26.10636694444444
 20
185.0715261111111
 30
0.0
 10
22.0176725
 20
184.3402177777778
 30
0.0
 10
18.8490225
 20
185.3174122222222
 30
0.0
 10
18.08031972222222
 20
184.4143011111111
 30
0.0
 10
17.67780027777777
 20
183.9415788888889
 30
0.0
 10
18.83985027777777
 20
181.3497205555555
 30
0.0
 10
18.84302527777778
 20
178.5158566666667
 30
0.0
 10
18.84514194444444
 20
175.9345816666666
 30
0.0
 10
17.6647475
 20
173.0918983333333
 30
0.0
 10
17.80515305555555
 20
172.6636261111111
 30
0.0
 10
18.10007527777778
 20
171.7658066666667
 30
0.0
 10
19.43040027777777
 20
172.0423844444445
 30
0.0
 10
20.79000583333333
 20
171.4169094444444
 30
0.0
 10
22.9415975
 20
170.4263094444444
 30
0.0
 10
23.20829749999999
 20
169.5644733333333
 30
0.0
 10
24.32307527777778
 20
169.7641455555555
 30
0.0
 10
25.43820583333333
 20
169.9641705555555
 30
0.0
 10
28.65941972222222
 20
174.1904483333333
 30
0.0
 10
36.80117805555555
 20
172.859065
 30
0.0
 10
37.98651138888889
 20
172.66539
 30
0.0
 10
38.87198361111111
 20
174.3220344444444
 30
0.0
 10
38.87198361111111
 20
176.2968844444444
 30
0.0
  0
POLYLINE
  5
14B
330
1F
100
AcDbEntity
  8
DEFAULT
 62
     7
100
AcDb2dPolyline
 66
     1
 10
0.0
 20
0.0
 30
0.0
  0
VERTEX
  5
14C
330
14B
100
AcDbEntity
  8
DEFAULT
 62
     7
100
AcDbVertex
100
AcDb2dVertex
 10
30.94792444444444
 20
179.2279738888889
 30
0.0
  0
VERTEX
  5
14D
330
14B
100
AcDbEntity
  8
DEFAULT
 62
     7
100
AcDbVertex
100
AcDb2dVertex
 10
30.94792444444444
 20
176.2279516666667
 30
0.0
  0
SEQEND
  5
14E
330
14B
100
AcDbEntity
  8
DEFAULT
 62
     7
  0
SPLINE
  5
14F
330
1F
100
AcDbEntity
  8
DEFAULT
 62
     7
100
AcDbSpline
210
0.0
220
0.0
230
1.0
 70
     8
 71
     3
 72
    17
 73
    13
 74
     0
 42
0.000000001
 43
0.0000000001
 40
0.0
 40
0.0
 40
0.0
 40
0.0
 40
1.0
 40
1.0
 40
1.0
 40
2.0
 40
2.0
 40
2.0
 40
3.0
 40
3.0
 40
3.0
 40
6.146000000000015
 40
6.146000000000015
 40
6.146000000000015
 40
6.146000000000015
 10
28.00166555555555
 20
177.9656997222222
 30
0.0
 10
27.52400444444444
 20
177.9656997222222
 30
0.0
 10
27.37125166666666
 20
178.3216525
 30
0.0
 10
27.37125166666666
 20
178.5668330555555
 30
0.0
 10
27.37125166666666
 20
179.0236802777778
 30
0.0
 10
27.63830444444444
 20
179.2162969444444
 30
0.0
 10
28.00096
 20
179.2162969444444
 30
0.0
 10
28.46874333333333
 20
179.2162969444444
 30
0.0
 10
29.94794055555555
 20
178.0496608333333
 30
0.0
 10
29.94794055555555
 20
178.0496608333333
 30
0.0
 10
29.94794055555555
 20
178.4196071296296
 30
0.0
 10
29.94794055555555
 20
178.7895534259259
 30
0.0
 10
29.94794055555555
 20
179.1594997222222
 30
0.0
  0
SPLINE
  5
150
330
1F
100
AcDbEntity
  8
DEFAULT
 62
     7
100
AcDbSpline
210
0.0
220
0.0
230
1.0
 70
     8
 71
     3
 72
    23
 73
    19
 74
     0
 42
0.000000001
 43
0.0000000001
 40
0.0
 40
0.0
 40
0.0
 40
0.0
 40
1.0
 40
1.0
 40
1.0
 40
2.0
 40
2.0
 40
2.0
 40
3.0
 40
3.0
 40
3.0
 40
6.916015449407723
 40
6.916015449407723
 40
6.916015449407723
 40
7.916015449407723
 40
7.916015449407723
 40
7.916015449407723
 40
8.916015449407723
 40
8.916015449407723
 40
8.916015449407723
 40
8.916015449407723
 10
28.9969575
 20
176.3039047222222
 30
0.0
 10
28.42792694444444
 20
176.3039047222222
 30
0.0
 10
27.97954638888889
 20
176.5833047222222
 30
0.0
 10
27.97954638888889
 20
177.0415630555555
 30
0.0
 10
27.97954638888889
 20
177.5555602777778
 30
0.0
 10
28.52106027777778
 20
177.6917325
 30
0.0
 10
28.86819361111111
 20
177.6917325
 30
0.0
 10
28.93839638888889
 20
177.6917325
 30
0.0
 10
28.95815194444444
 20
177.6885575
 30
0.0
 10
28.99307694444444
 20
177.6853825
 30
0.0
 10
28.99437046296296
 20
177.2248899074074
 30
0.0
 10
28.99566398148148
 20
176.7643973148148
 30
0.0
 10
28.9969575
 20
176.3039047222222
 30
0.0
 10
29.56563527777778
 20
176.3039047222222
 30
0.0
 10
29.94769361111111
 20
176.5931825
 30
0.0
 10
29.94769361111111
 20
177.0775463888889
 30
0.0
 10
29.94769361111111
 20
177.3276658333333
 30
0.0
 10
29.90606583333333
 20
177.4581936111111
 30
0.0
 10
29.77624361111111
 20
177.5410963888889
 30
0.0
  0
SPLINE
  5
151
330
1F
100
AcDbEntity
  8
DEFAULT
 62
     1
100
AcDbSpline
210
0.0
220
0.0
230
1.0
 70
    11
 71
     3
 72
    50
 73
    46
 74
     0
 42
0.000000001
 43
0.0000000001
 40
1.0
 40
1.0
 40
1.0
 40
1.0
 40
2.0
 40
2.0
 40
2.0
 40
3.0
 40
3.0
 40
3.0
 40
4.0
 40
4.0
 40
4.0
 40
5.0
 40
5.0
 40
5.0
 40
6.0
 40
6.0
 40
6.0
 40
7.0
 40
7.0
 40
7.0
 40
8.0
 40
8.0
 40
8.0
 40
9.0
 40
9.0
 40
9.0
 40
10.0
 40
10.0
 40
10.0
 40
22.90900654581908
 40
22.90900654581908
 40
22.90900654581908
 40
31.4130065458191
 40
31.4130065458191
 40
31.4130065458191
 40
44.3090065458191
 40
44.3090065458191
 40
44.3090065458191
 40
45.3090065458191
 40
45.3090065458191
 40
45.3090065458191
 40
46.3090065458191
 40
46.3090065458191
 40
46.3090065458191
 40
47.3090065458191
 40
47.3090065458191
 40
47.3090065458191
 40
47.3090065458191
 10
35.06103111111111
 20
188.6303130555555
 30
0.0
 10
27.47560333333333
 20
186.3831186111111
 30
0.0
 10
21.80293666666666
 20
186.0056463888889
 30
0.0
 10
18.49141166666666
 20
186.3234991666667
 30
0.0
 10
16.15743388888889
 20
186.5478658333333
 30
0.0
 10
17.12898388888889
 20
183.6176936111111
 30
0.0
 10
17.77597833333333
 20
181.0815741666667
 30
0.0
 10
18.42226722222222
 20
178.5458075
 30
0.0
 10
17.34488388888889
 20
173.5832825
 30
0.0
 10
16.42766166666666
 20
172.1248991666667
 30
0.0
 10
15.51043944444444
 20
170.6711019444444
 30
0.0
 10
18.78915611111111
 20
170.7084963888889
 30
0.0
 10
20.29798666666666
 20
170.0484491666667
 30
0.0
 10
21.81140333333333
 20
169.3926352777778
 30
0.0
 10
23.67442277777777
 20
166.2553825
 30
0.0
 10
26.26310611111111
 20
168.6546241666667
 30
0.0
 10
30.10132833333333
 20
172.2123880555556
 30
0.0
 10
32.44200888888889
 20
170.8337325
 30
0.0
 10
36.81292555555555
 20
170.8591325
 30
0.0
 10
40.63421444444444
 20
170.8813575
 30
0.0
 10
41.15597277777778
 20
173.3017658333333
 30
0.0
 10
41.15138666666666
 20
176.2372297222222
 30
0.0
 10
40.01403111111111
 20
176.2372297222222
 30
0.0
 10
40.14244222222221
 20
176.3014352777778
 30
0.0
 10
38.87208944444444
 20
176.2968491666666
 30
0.0
 10
37.615495
 20
176.2968491666666
 30
0.0
 10
37.73931999999999
 20
176.2372297222222
 30
0.0
 10
36.60196444444444
 20
176.2326436111111
 30
0.0
 10
35.08396166666666
 20
176.2311149074074
 30
0.0
 10
33.56595888888889
 20
176.2295862037037
 30
0.0
 10
32.04795611111111
 20
176.2280575
 30
0.0
 10
32.04795611111111
 20
177.2280649074074
 30
0.0
 10
32.04795611111111
 20
178.2280723148148
 30
0.0
 10
32.04795611111111
 20
179.2280797222222
 30
0.0
 10
33.56443018518518
 20
179.2280797222222
 30
0.0
 10
35.08090425925926
 20
179.2280797222222
 30
0.0
 10
36.59737833333333
 20
179.2280797222222
 30
0.0
 10
37.73931999999999
 20
179.2323130555556
 30
0.0
 10
37.61090888888888
 20
179.1635213888889
 30
0.0
 10
38.87208944444444
 20
179.1635213888889
 30
0.0
 10
40.13785611111111
 20
179.1681075
 30
0.0
 10
40.00944499999999
 20
179.2280797222222
 30
0.0
 10
41.14680055555555
 20
179.2323130555556
 30
0.0
 10
41.45406999999999
 20
191.2158213888889
 30
0.0
 10
41.37152
 20
190.5014463888889
 30
0.0
 10
35.06103111111111
 20
188.6303130555555
 30
0.0
  0
SPLINE
  5
152
330
1F
100
AcDbEntity
  8
DEFAULT
 62
     3
100
AcDbSpline
210
0.0
220
0.0
230
1.0
 70
    11
 71
     3
 72
    17
 73
    13
 74
     0
 42
0.000000001
 43
0.0000000001
 40
0.0
 40
0.0
 40
0.0
 40
0.0
 40
1.0
 40
1.0
 40
1.0
 40
2.0
 40
2.0
 40
2.0
 40
3.0
 40
3.0
 40
3.0
 40
4.0
 40
4.0
 40
4.0
 40
4.0
 10
122.9119758333333
 20
178.4580011111111
 30
0.0
 10
122.8897508333333
 20
179.4426038888889
 30
0.0
 10
123.5900147222222
 20
179.8867511111111
 30
0.0
 10
124.0323980555555
 20
179.8246622222222
 30
0.0
 10
124.4751341666666
 20
179.7618677777778
 30
0.0
 10
124.7682925
 20
178.9356622222222
 30
0.0
 10
124.6536397222222
 20
178.2403372222222
 30
0.0
 10
124.4994758333333
 20
177.3033594444444
 30
0.0
 10
123.9459675
 20
176.6535427777778
 30
0.0
 10
123.5032313888889
 20
176.7163372222222
 30
0.0
 10
123.0608480555556
 20
176.7784261111111
 30
0.0
 10
122.9278508333333
 20
177.7535038888889
 30
0.0
 10
122.9119758333333
 20
178.4580011111111
 30
0.0
  0
POLYLINE
  5
153
330
1F
100
AcDbEntity
  8
DEFAULT
 62
     7
100
AcDb2dPolyline
 66
     1
 10
0.0
 20
0.0
 30
0.0
  0
VERTEX
  5
154
330
153
100
AcDbEntity
  8
DEFAULT
 62
     7
100
AcDbVertex
100
AcDb2dVertex
 10
116.9373313888889
 20
176.2279869444444
 30
0.0
  0
VERTEX
  5
155
330
153
100
AcDbEntity
  8
DEFAULT
 62
     7
100
AcDbVertex
100
AcDb2dVertex
 10
116.9373313888889
 20
179.2280091666667
 30
0.0
  0
SEQEND
  5
156
330
153
100
AcDbEntity
  8
DEFAULT
 62
     7
  0
SPLINE
  5
157
330
1F
100
AcDbEntity
  8
DEFAULT
 62
     7
100
AcDbSpline
210
0.0
220
0.0
230
1.0
 70
     8
 71
     3
 72
    17
 73
    13
 74
     0
 42
0.000000001
 43
0.0000000001
 40
0.0
 40
0.0
 40
0.0
 40
0.0
 40
1.0
 40
1.0
 40
1.0
 40
2.0
 40
2.0
 40
2.0
 40
3.0
 40
3.0
 40
3.0
 40
6.146000000000015
 40
6.146000000000015
 40
6.146000000000015
 40
6.146000000000015
 10
119.8837313888889
 20
177.4900847222222
 30
0.0
 10
120.3613925
 20
177.4900847222222
 30
0.0
 10
120.5141452777778
 20
177.1341319444444
 30
0.0
 10
120.5141452777778
 20
176.8893041666667
 30
0.0
 10
120.5141452777778
 20
176.4321041666666
 30
0.0
 10
120.2467397222222
 20
176.2394875
 30
0.0
 10
119.8840841666667
 20
176.2394875
 30
0.0
 10
119.4163008333333
 20
176.2394875
 30
0.0
 10
117.9374563888889
 20
177.4061236111111
 30
0.0
 10
117.9374563888889
 20
177.4061236111111
 30
0.0
 10
117.9374563888889
 20
177.0361773148148
 30
0.0
 10
117.9374563888889
 20
176.6662310185185
 30
0.0
 10
117.9374563888889
 20
176.2962847222222
 30
0.0
  0
SPLINE
  5
158
330
1F
100
AcDbEntity
  8
DEFAULT
 62
     7
100
AcDbSpline
210
0.0
220
0.0
230
1.0
 70
     8
 71
     3
 72
    23
 73
    19
 74
     0
 42
0.000000001
 43
0.0000000001
 40
0.0
 40
0.0
 40
0.0
 40
0.0
 40
1.0
 40
1.0
 40
1.0
 40
2.0
 40
2.0
 40
2.0
 40
3.0
 40
3.0
 40
3.0
 40
6.917015445463521
 40
6.917015445463521
 40
6.917015445463521
 40
7.917015445463521
 40
7.917015445463521
 40
7.917015445463521
 40
8.917015445463521
 40
8.917015445463521
 40
8.917015445463521
 40
8.917015445463521
 10
118.8886511111111
 20
179.1522325
 30
0.0
 10
119.4576816666666
 20
179.1522325
 30
0.0
 10
119.9057094444444
 20
178.8724797222222
 30
0.0
 10
119.9057094444444
 20
178.4142213888889
 30
0.0
 10
119.9057094444444
 20
177.9005769444444
 30
0.0
 10
119.3641955555555
 20
177.7640519444444
 30
0.0
 10
119.0170622222222
 20
177.7640519444444
 30
0.0
 10
118.9468594444444
 20
177.7640519444444
 30
0.0
 10
118.9271038888889
 20
177.7675797222222
 30
0.0
 10
118.8925316666666
 20
177.7704019444444
 30
0.0
 10
118.8912381481481
 20
178.2310121296296
 30
0.0
 10
118.8899446296296
 20
178.6916223148148
 30
0.0
 10
118.8886511111111
 20
179.1522325
 30
0.0
 10
118.3196205555555
 20
179.1522325
 30
0.0
 10
117.9375622222222
 20
178.8626019444444
 30
0.0
 10
117.9375622222222
 20
178.3782380555556
 30
0.0
 10
117.9375622222222
 20
178.1281186111111
 30
0.0
 10
117.97919
 20
177.9975908333333
 30
0.0
 10
118.1090122222222
 20
177.9146880555556
 30
0.0
  0
SPLINE
  5
159
330
1F
100
AcDbEntity
  8
DEFAULT
 62
     3
100
AcDbSpline
210
0.0
220
0.0
230
1.0
 70
     8
 71
     3
 72
    59
 73
    55
 74
     0
 42
0.000000001
 43
0.0000000001
 40
0.0
 40
0.0
 40
0.0
 40
0.0
 40
1.0
 40
1.0
 40
1.0
 40
2.0
 40
2.0
 40
2.0
 40
3.0
 40
3.0
 40
3.0
 40
4.0
 40
4.0
 40
4.0
 40
5.0
 40
5.0
 40
5.0
 40
6.0
 40
6.0
 40
6.0
 40
7.0
 40
7.0
 40
7.0
 40
8.0
 40
8.0
 40
8.0
 40
9.0
 40
9.0
 40
9.0
 40
10.0
 40
10.0
 40
10.0
 40
11.0
 40
11.0
 40
11.0
 40
12.0
 40
12.0
 40
12.0
 40
13.0
 40
13.0
 40
13.0
 40
14.0
 40
14.0
 40
14.0
 40
15.0
 40
15.0
 40
15.0
 40
16.0
 40
16.0
 40
16.0
 40
17.0
 40
17.0
 40
17.0
 40
18.0
 40
18.0
 40
18.0
 40
18.0
 10
111.2833972222222
 20
176.2326436111111
 30
0.0
 10
111.2833972222222
 20
174.9474741666667
 30
0.0
 10
110.5270416666667
 20
174.0782297222222
 30
0.0
 10
111.3013888888889
 20
174.1593686111111
 30
0.0
 10
120.5141805555555
 20
175.1242158333333
 30
0.0
 10
122.9688083333333
 20
170.7698797222222
 30
0.0
 10
123.8115944444444
 20
171.2528325
 30
0.0
 10
126.2736305555556
 20
172.6650019444444
 30
0.0
 10
125.0953527777778
 20
173.8072963888889
 30
0.0
 10
124.3474638888889
 20
173.0869241666666
 30
0.0
 10
123.4637555555556
 20
172.2360241666667
 30
0.0
 10
121.9919666666667
 20
173.7857769444444
 30
0.0
 10
123.2337444444444
 20
173.7857769444444
 30
0.0
 10
124.0430166666667
 20
173.7857769444444
 30
0.0
 10
125.2466944444444
 20
173.9723963888889
 30
0.0
 10
126.0266861111111
 20
175.2441602777778
 30
0.0
 10
126.9541388888889
 20
176.7561658333333
 30
0.0
 10
127.7055555555555
 20
175.2177019444444
 30
0.0
 10
126.7717527777778
 20
173.8168213888889
 30
0.0
 10
125.0110388888889
 20
171.1759269444444
 30
0.0
 10
126.1491
 20
172.7584880555555
 30
0.0
 10
128.4548555555556
 20
173.2929463888889
 30
0.0
 10
129.0746861111111
 20
173.4365269444444
 30
0.0
 10
127.5408083333333
 20
176.7127741666666
 30
0.0
 10
127.5425722222222
 20
178.5172325
 30
0.0
 10
127.5439833333333
 20
180.1834019444444
 30
0.0
 10
128.68275
 20
182.9266019444444
 30
0.0
 10
128.2576527777778
 20
183.3241825
 30
0.0
 10
127.7055555555555
 20
183.8399436111111
 30
0.0
 10
125.441075
 20
182.8874436111111
 30
0.0
 10
123.2856027777778
 20
183.1241575
 30
0.0
 10
120.7332555555555
 20
183.4042630555555
 30
0.0
 10
119.4629027777778
 20
184.7405852777777
 30
0.0
 10
120.5141805555555
 20
182.8750963888889
 30
0.0
 10
122.8499222222222
 20
178.7288991666667
 30
0.0
 10
123.8511055555555
 20
183.4353075
 30
0.0
 10
125.5268
 20
180.1978658333333
 30
0.0
 10
127.5947833333333
 20
176.2026575
 30
0.0
 10
121.6109666666667
 20
171.6758130555556
 30
0.0
 10
121.6109666666667
 20
178.8343797222222
 30
0.0
 10
121.6109666666667
 20
180.9450491666666
 30
0.0
 10
118.9217416666667
 20
183.7154130555555
 30
0.0
 10
117.5582555555555
 20
182.9061408333333
 30
0.0
 10
116.2296944444444
 20
182.1176825
 30
0.0
 10
114.8965472222222
 20
180.2066852777778
 30
0.0
 10
113.5425861111111
 20
181.5606463888888
 30
0.0
 10
111.8929972222222
 20
183.2102352777778
 30
0.0
 10
113.9179416666667
 20
183.8709880555556
 30
0.0
 10
116.5620111111111
 20
183.8709880555556
 30
0.0
 10
119.5916666666667
 20
183.8709880555556
 30
0.0
 10
110.0483222222222
 20
186.2028491666666
 30
0.0
 10
109.8902777777778
 20
185.9873019444444
 30
0.0
 10
109.4337833333333
 20
185.3650019444444
 30
0.0
 10
111.2879833333333
 20
183.9665908333333
 30
0.0
 10
111.2879833333333
 20
179.2280797222222
 30
0.0
  0
SPLINE
  5
15A
330
1F
100
AcDbEntity
  8
DEFAULT
 62
     5
100
AcDbSpline
210
0.0
220
0.0
230
1.0
 70
     8
 71
     3
 72
    32
 73
    28
 74
     0
 42
0.000000001
 43
0.0000000001
 40
0.0
 40
0.0
 40
0.0
 40
0.0
 40
1.0
 40
1.0
 40
1.0
 40
2.0
 40
2.0
 40
2.0
 40
3.0
 40
3.0
 40
3.0
 40
4.0
 40
4.0
 40
4.0
 40
5.0
 40
5.0
 40
5.0
 40
6.0
 40
6.0
 40
6.0
 40
7.0
 40
7.0
 40
7.0
 40
8.0
 40
8.0
 40
8.0
 40
9.0
 40
9.0
 40
9.0
 40
9.0
 10
109.0132722222222
 20
179.1635566666667
 30
0.0
 10
109.0132722222222
 20
184.5317761111111
 30
0.0
 10
107.8311138888889
 20
187.2873233333333
 30
0.0
 10
108.3359388888889
 20
187.7166538888889
 30
0.0
 10
109.3734583333333
 20
188.5993038888889
 30
0.0
 10
113.191925
 20
186.6071677777778
 30
0.0
 10
121.7788888888889
 20
185.0715261111111
 30
0.0
 10
125.8675833333333
 20
184.3402177777778
 30
0.0
 10
129.0362333333333
 20
185.3174122222222
 30
0.0
 10
129.8049361111111
 20
184.4143011111111
 30
0.0
 10
130.2074555555555
 20
183.9415788888889
 30
0.0
 10
129.0454055555555
 20
181.3497205555555
 30
0.0
 10
129.0425833333333
 20
178.5158566666667
 30
0.0
 10
129.0401138888889
 20
175.9345816666666
 30
0.0
 10
130.2205083333333
 20
173.0918983333333
 30
0.0
 10
130.0801027777778
 20
172.6636261111111
 30
0.0
 10
129.7851805555555
 20
171.7658066666667
 30
0.0
 10
128.4548555555556
 20
172.0423844444445
 30
0.0
 10
127.09525
 20
171.4169094444444
 30
0.0
 10
124.9436583333333
 20
170.4263094444444
 30
0.0
 10
124.6773111111111
 20
169.5644733333333
 30
0.0
 10
123.5621805555555
 20
169.7641455555555
 30
0.0
 10
122.44705
 20
169.9641705555555
 30
0.0
 10
119.2258361111111
 20
174.1904483333333
 30
0.0
 10
111.0840777777778
 20
172.859065
 30
0.0
 10
109.8987444444444
 20
172.66539
 30
0.0
 10
109.0132722222222
 20
174.3220344444444
 30
0.0
 10
109.0132722222222
 20
176.2968844444444
 30
0.0
  0
SPLINE
  5
15B
330
1F
100
AcDbEntity
  8
DEFAULT
 62
     1
100
AcDbSpline
210
0.0
220
0.0
230
1.0
 70
    11
 71
     3
 72
    50
 73
    46
 74
     0
 42
0.000000001
 43
0.0000000001
 40
1.0
 40
1.0
 40
1.0
 40
1.0
 40
2.0
 40
2.0
 40
2.0
 40
3.0
 40
3.0
 40
3.0
 40
4.0
 40
4.0
 40
4.0
 40
5.0
 40
5.0
 40
5.0
 40
6.0
 40
6.0
 40
6.0
 40
7.0
 40
7.0
 40
7.0
 40
8.0
 40
8.0
 40
8.0
 40
9.0
 40
9.0
 40
9.0
 40
10.0
 40
10.0
 40
10.0
 40
22.90900654581908
 40
22.90900654581908
 40
22.90900654581908
 40
31.4130065458191
 40
31.4130065458191
 40
31.4130065458191
 40
44.30900654581912
 40
44.30900654581912
 40
44.30900654581912
 40
45.30900654581912
 40
45.30900654581912
 40
45.30900654581912
 40
46.30900654581912
 40
46.30900654581912
 40
46.30900654581912
 40
47.30900654581912
 40
47.30900654581912
 40
47.30900654581912
 40
47.30900654581912
 10
112.8244011111111
 20
188.6303130555555
 30
0.0
 10
120.4098288888889
 20
186.3831186111111
 30
0.0
 10
126.0824955555556
 20
186.0056463888889
 30
0.0
 10
129.3940205555556
 20
186.3234991666667
 30
0.0
 10
131.7279983333333
 20
186.5478658333333
 30
0.0
 10
130.7560955555555
 20
183.6176936111111
 30
0.0
 10
130.1094538888889
 20
181.0815741666667
 30
0.0
 10
129.4628122222222
 20
178.5458075
 30
0.0
 10
130.5405483333333
 20
173.5832825
 30
0.0
 10
131.4577705555556
 20
172.1248991666667
 30
0.0
 10
132.3749927777778
 20
170.6711019444444
 30
0.0
 10
129.0962761111111
 20
170.7084963888889
 30
0.0
 10
127.5874455555555
 20
170.0484491666667
 30
0.0
 10
126.0740288888889
 20
169.3926352777778
 30
0.0
 10
124.2110094444444
 20
166.2553825
 30
0.0
 10
121.6223261111111
 20
168.6546241666667
 30
0.0
 10
117.7837511111111
 20
172.2123880555556
 30
0.0
 10
115.4434233333333
 20
170.8337325
 30
0.0
 10
111.0725066666667
 20
170.8591325
 30
0.0
 10
107.2512177777778
 20
170.8813575
 30
0.0
 10
106.7294594444444
 20
173.3017658333333
 30
0.0
 10
106.7340455555556
 20
176.2372297222222
 30
0.0
 10
107.8714011111111
 20
176.2372297222222
 30
0.0
 10
107.74299
 20
176.3014352777778
 30
0.0
 10
109.0133427777778
 20
176.2968491666666
 30
0.0
 10
110.2699372222222
 20
176.2968491666666
 30
0.0
 10
110.1461122222222
 20
176.2372297222222
 30
0.0
 10
111.2834677777778
 20
176.2326436111111
 30
0.0
 10
112.8014705555556
 20
176.2311149074074
 30
0.0
 10
114.3194733333333
 20
176.2295862037037
 30
0.0
 10
115.8374761111111
 20
176.2280575
 30
0.0
 10
115.8374761111111
 20
177.2280649074074
 30
0.0
 10
115.8374761111111
 20
178.2280723148148
 30
0.0
 10
115.8374761111111
 20
179.2280797222222
 30
0.0
 10
114.321002037037
 20
179.2280797222222
 30
0.0
 10
112.804527962963
 20
179.2280797222222
 30
0.0
 10
111.2880538888889
 20
179.2280797222222
 30
0.0
 10
110.1461122222222
 20
179.2323130555556
 30
0.0
 10
110.2745233333333
 20
179.1635213888889
 30
0.0
 10
109.0133427777778
 20
179.1635213888889
 30
0.0
 10
107.7475761111111
 20
179.1681075
 30
0.0
 10
107.8759872222222
 20
179.2280797222222
 30
0.0
 10
106.7386316666667
 20
179.2323130555556
 30
0.0
 10
106.4313622222222
 20
191.2158213888889
 30
0.0
 10
106.5139122222222
 20
190.5014463888889
 30
0.0
 10
112.8244011111111
 20
188.6303130555555
 30
0.0
  0
SPLINE
  5
15C
330
1F
100
AcDbEntity
  8
DEFAULT
 62
     3
100
AcDbSpline
210
0.0
220
0.0
230
1.0
 70
    11
 71
     3
 72
    26
 73
    22
 74
     0
 42
0.000000001
 43
0.0000000001
 40
0.0
 40
0.0
 40
0.0
 40
0.0
 40
1.0
 40
1.0
 40
1.0
 40
2.0
 40
2.0
 40
2.0
 40
3.0
 40
3.0
 40
3.0
 40
4.0
 40
4.0
 40
4.0
 40
5.0
 40
5.0
 40
5.0
 40
6.0
 40
6.0
 40
6.0
 40
7.0
 40
7.0
 40
7.0
 40
7.0
 10
47.2614625
 20
150.0068261111111
 30
0.0
 10
49.1378875
 20
151.1533538888889
 30
0.0
 10
50.21703472222222
 20
153.2104011111111
 30
0.0
 10
50.21703472222222
 20
155.2356983333333
 30
0.0
 10
50.21703472222222
 20
157.2257177777778
 30
0.0
 10
50.89895416666667
 20
156.0432066666667
 30
0.0
 10
53.40649861111111
 20
155.9497205555556
 30
0.0
 10
55.91404305555556
 20
155.8562344444445
 30
0.0
 10
56.32397083333333
 20
154.6328011111111
 30
0.0
 10
55.97613194444445
 20
153.2414455555555
 30
0.0
 10
55.60289305555555
 20
151.7474316666667
 30
0.0
 10
55.50940694444444
 20
154.4542955555555
 30
0.0
 10
53.39274027777778
 20
154.7979011111111
 30
0.0
 10
49.78982083333333
 20
155.3831594444444
 30
0.0
 10
52.77290972222222
 20
148.6380483333333
 30
0.0
 10
53.14367916666667
 20
151.6539455555555
 30
0.0
 10
53.36169583333334
 20
153.4259483333333
 30
0.0
 10
58.27941805555555
 20
148.8214927777778
 30
0.0
 10
51.99185972222222
 20
148.8214927777778
 30
0.0
 10
49.1283625
 20
148.8214927777778
 30
0.0
 10
45.17654583333334
 20
148.7332983333333
 30
0.0
 10
47.2614625
 20
150.0068261111111
 30
0.0
  0
POLYLINE
  5
15D
330
1F
100
AcDbEntity
  8
DEFAULT
 62
     7
100
AcDb2dPolyline
 66
     1
 10
0.0
 20
0.0
 30
0.0
  0
VERTEX
  5
15E
330
15D
100
AcDbEntity
  8
DEFAULT
 62
     7
100
AcDbVertex
100
AcDb2dVertex
 10
47.85832722222222
 20
146.3462627777778
 30
0.0
  0
VERTEX
  5
15F
330
15D
100
AcDbEntity
  8
DEFAULT
 62
     7
100
AcDbVertex
100
AcDb2dVertex
 10
47.17217444444444
 20
146.9791461111111
 30
0.0
  0
VERTEX
  5
160
330
15D
100
AcDbEntity
  8
DEFAULT
 62
     7
100
AcDbVertex
100
AcDb2dVertex
 10
49.70547166666665
 20
146.9791461111111
 30
0.0
  0
SEQEND
  5
161
330
15D
100
AcDbEntity
  8
DEFAULT
 62
     7
  0
SPLINE
  5
162
330
1F
100
AcDbEntity
  8
DEFAULT
 62
     7
100
AcDbSpline
210
0.0
220
0.0
230
1.0
 70
     8
 71
     3
 72
    20
 73
    16
 74
     0
 42
0.000000001
 43
0.0000000001
 40
0.0
 40
0.0
 40
0.0
 40
0.0
 40
1.003399999999999
 40
1.003399999999999
 40
1.003399999999999
 40
2.006799999999998
 40
2.006799999999998
 40
2.006799999999998
 40
3.010199999999998
 40
3.010199999999998
 40
3.010199999999998
 40
4.013599999999997
 40
4.013599999999997
 40
4.013599999999997
 40
5.016999999999996
 40
5.016999999999996
 40
5.016999999999996
 40
5.016999999999996
 10
47.01240138888888
 20
145.6927066666667
 30
0.0
 10
47.01240138888888
 20
145.6927066666667
 30
0.0
 10
49.39259305555554
 20
145.6860038888889
 30
0.0
 10
49.52100416666666
 20
145.6927066666667
 30
0.0
 10
49.7330236111111
 20
145.5865205555555
 30
0.0
 10
49.82262916666667
 20
145.4447038888889
 30
0.0
 10
49.82262916666667
 20
145.2379761111111
 30
0.0
 10
49.82262916666667
 20
144.9194177777777
 30
0.0
 10
49.53758472222221
 20
144.5973316666666
 30
0.0
 10
48.96432083333332
 20
144.5973316666666
 30
0.0
 10
48.47748749999999
 20
144.5945094444444
 30
0.0
 10
48.14587638888888
 20
144.8453344444444
 30
0.0
 10
48.14587638888888
 20
145.1998761111111
 30
0.0
 10
48.14587638888888
 20
145.4298872222222
 30
0.0
 10
48.26194027777778
 20
145.59534
 30
0.0
 10
48.44079861111111
 20
145.6927066666667
 30
0.0
  0
POLYLINE
  5
163
330
1F
100
AcDbEntity
  8
DEFAULT
 62
     7
100
AcDb2dPolyline
 66
     1
 10
0.0
 20
0.0
 30
0.0
  0
VERTEX
  5
164
330
163
100
AcDbEntity
  8
DEFAULT
 62
     7
100
AcDbVertex
100
AcDb2dVertex
 10
50.82250722222221
 20
147.2883205555555
 30
0.0
  0
VERTEX
  5
165
330
163
100
AcDbEntity
  8
DEFAULT
 62
     7
100
AcDbVertex
100
AcDb2dVertex
 10
50.82250722222221
 20
144.2882983333333
 30
0.0
  0
SEQEND
  5
166
330
163
100
AcDbEntity
  8
DEFAULT
 62
     7
  0
SPLINE
  5
167
330
1F
100
AcDbEntity
  8
DEFAULT
 62
     1
100
AcDbSpline
210
0.0
220
0.0
230
1.0
 70
    11
 71
     3
 72
    56
 73
    52
 74
     0
 42
0.000000001
 43
0.0000000001
 40
1.0
 40
1.0
 40
1.0
 40
1.0
 40
2.0
 40
2.0
 40
2.0
 40
3.0
 40
3.0
 40
3.0
 40
4.0
 40
4.0
 40
4.0
 40
5.0
 40
5.0
 40
5.0
 40
6.0
 40
6.0
 40
6.0
 40
7.0
 40
7.0
 40
7.0
 40
8.0
 40
8.0
 40
8.0
 40
9.0
 40
9.0
 40
9.0
 40
10.0
 40
10.0
 40
10.0
 40
22.90200139513245
 40
22.90200139513245
 40
22.90200139513245
 40
31.40600139513247
 40
31.40600139513247
 40
31.40600139513247
 40
44.30200174407786
 40
44.30200174407786
 40
44.30200174407786
 40
45.30200174407786
 40
45.30200174407786
 40
45.30200174407786
 40
46.30200174407786
 40
46.30200174407786
 40
46.30200174407786
 40
47.30200174407786
 40
47.30200174407786
 40
47.30200174407786
 40
48.30200174407786
 40
48.30200174407786
 40
48.30200174407786
 40
49.30200174407786
 40
49.30200174407786
 40
49.30200174407786
 40
49.30200174407786
 10
56.43678916666666
 20
165.4563761111111
 30
0.0
 10
52.56434749999999
 20
164.8552427777778
 30
0.0
 10
48.38463638888889
 20
160.0518205555555
 30
0.0
 10
47.33088916666666
 20
158.1425872222222
 30
0.0
 10
46.27996416666666
 20
156.2368816666666
 30
0.0
 10
47.32771416666666
 20
154.62504
 30
0.0
 10
43.79817249999999
 20
153.6855927777778
 30
0.0
 10
40.63551972222221
 20
152.843865
 30
0.0
 10
40.86870583333333
 20
148.5604372222222
 30
0.0
 10
40.87258638888888
 20
146.69389
 30
0.0
 10
40.8722336111111
 20
146.1901233333333
 30
0.0
 10
40.87505583333333
 20
143.5566372222222
 30
0.0
 10
40.87540861111111
 20
143.0535761111111
 30
0.0
 10
40.87999472222221
 20
140.270865
 30
0.0
 10
40.27956694444444
 20
138.8890344444444
 30
0.0
 10
45.23856416666666
 20
138.0455427777778
 30
0.0
 10
50.19438638888888
 20
137.197465
 30
0.0
 10
51.51060027777777
 20
132.5549094444444
 30
0.0
 10
53.68794472222221
 20
136.2611927777778
 30
0.0
 10
55.87128638888888
 20
139.9681816666667
 30
0.0
 10
61.02819194444443
 20
140.372465
 30
0.0
 10
61.02607527777777
 20
144.2928844444444
 30
0.0
 10
59.88766138888889
 20
144.2957066666667
 30
0.0
 10
60.01677805555555
 20
144.3577955555555
 30
0.0
 10
58.74818916666666
 20
144.35709
 30
0.0
 10
57.48983083333333
 20
144.353915
 30
0.0
 10
57.61189194444443
 20
144.2942955555555
 30
0.0
 10
56.4741836111111
 20
144.290415
 30
0.0
 10
54.95700398148148
 20
144.2897094444444
 30
0.0
 10
53.43982435185185
 20
144.2890038888889
 30
0.0
 10
51.92264472222222
 20
144.2882983333333
 30
0.0
 10
51.92264472222221
 20
145.2883057407407
 30
0.0
 10
51.92264472222221
 20
146.2883131481481
 30
0.0
 10
51.92264472222222
 20
147.2883205555555
 30
0.0
 10
53.43911879629629
 20
147.2879677777778
 30
0.0
 10
54.95559287037036
 20
147.287615
 30
0.0
 10
56.47206694444444
 20
147.2872622222222
 30
0.0
 10
57.60942249999999
 20
147.29079
 30
0.0
 10
57.4838336111111
 20
147.2258788888889
 30
0.0
 10
58.74571972222221
 20
147.2258788888889
 30
0.0
 10
60.0143086111111
 20
147.2269372222222
 30
0.0
 10
59.88483916666666
 20
147.2922011111111
 30
0.0
 10
61.02360583333333
 20
147.2897316666667
 30
0.0
 10
61.02007805555554
 20
148.7731622222222
 30
0.0
 10
62.1242725
 20
151.0443455555555
 30
0.0
 10
62.21881694444443
 20
154.9252538888889
 30
0.0
 10
62.31583083333332
 20
158.80969
 30
0.0
 10
60.78301138888888
 20
161.1069788888889
 30
0.0
 10
60.39636694444443
 20
164.8668844444444
 30
0.0
 10
60.01007527777777
 20
168.6193816666666
 30
0.0
 10
60.30923083333332
 20
166.0568038888889
 30
0.0
 10
56.43678916666666
 20
165.4563761111111
 30
0.0
  0
SPLINE
  5
168
330
1F
100
AcDbEntity
  8
DEFAULT
 62
     3
100
AcDbSpline
210
0.0
220
0.0
230
1.0
 70
     8
 71
     3
 72
    38
 73
    34
 74
     0
 42
0.000000001
 43
0.0000000001
 40
0.0
 40
0.0
 40
0.0
 40
0.0
 40
1.0
 40
1.0
 40
1.0
 40
2.0
 40
2.0
 40
2.0
 40
3.0
 40
3.0
 40
3.0
 40
4.0
 40
4.0
 40
4.0
 40
5.0
 40
5.0
 40
5.0
 40
6.0
 40
6.0
 40
6.0
 40
7.0
 40
7.0
 40
7.0
 40
8.0
 40
8.0
 40
8.0
 40
9.0
 40
9.0
 40
9.0
 40
10.0
 40
10.0
 40
10.0
 40
11.0
 40
11.0
 40
11.0
 40
11.0
 10
56.47418361111111
 20
144.2903797222222
 30
0.0
 10
56.47418361111111
 20
143.4225463888889
 30
0.0
 10
56.14116138888889
 20
143.0337852777778
 30
0.0
 10
55.01121416666667
 20
142.1913519444444
 30
0.0
 10
51.92264472222222
 20
139.8880658333333
 30
0.0
 10
51.92264472222222
 20
138.4871852777778
 30
0.0
 10
51.22238083333333
 20
139.0403408333333
 30
0.0
 10
50.58985027777778
 20
139.5395213888889
 30
0.0
 10
51.92264472222222
 20
142.1811213888889
 30
0.0
 10
49.28386694444444
 20
142.1811213888889
 30
0.0
 10
45.31688083333333
 20
142.1811213888889
 30
0.0
 10
43.10178916666666
 20
140.6451269444444
 30
0.0
 10
43.10178916666666
 20
141.8177602777778
 30
0.0
 10
43.10178916666666
 20
142.4961519444444
 30
0.0
 10
44.39683638888889
 20
144.6533880555555
 30
0.0
 10
44.24126138888889
 20
146.3463686111111
 30
0.0
 10
44.11673083333334
 20
147.7006825
 30
0.0
 10
42.71585027777778
 20
150.2223380555555
 30
0.0
 10
43.61190583333333
 20
150.3369908333333
 30
0.0
 10
49.04574194444445
 20
151.0333741666666
 30
0.0
 10
48.49893638888889
 20
155.7584797222222
 30
0.0
 10
49.15968916666667
 20
156.9445186111111
 30
0.0
 10
51.12042805555556
 20
160.4631241666666
 30
0.0
 10
57.09542527777778
 20
162.9583213888889
 30
0.0
 10
57.32649472222222
 20
162.0149936111111
 30
0.0
 10
58.62189472222222
 20
156.7279130555555
 30
0.0
 10
59.86720027777778
 20
155.5140047222222
 30
0.0
 10
55.7583975
 20
158.5955186111111
 30
0.0
 10
53.88902805555556
 20
159.9974575
 30
0.0
 10
50.31115583333333
 20
157.3816102777778
 30
0.0
 10
53.29918361111111
 20
157.3816102777778
 30
0.0
 10
61.36121416666667
 20
157.3816102777778
 30
0.0
 10
56.47206694444444
 20
150.0978075
 30
0.0
 10
56.47206694444444
 20
147.2872269444444
 30
0.0
  0
SPLINE
  5
169
330
1F
100
AcDbEntity
  8
DEFAULT
 62
     5
100
AcDbSpline
210
0.0
220
0.0
230
1.0
 70
     8
 71
     3
 72
    41
 73
    37
 74
     0
 42
0.000000001
 43
0.0000000001
 40
0.0
 40
0.0
 40
0.0
 40
0.0
 40
1.0
 40
1.0
 40
1.0
 40
2.0
 40
2.0
 40
2.0
 40
3.0
 40
3.0
 40
3.0
 40
4.0
 40
4.0
 40
4.0
 40
5.0
 40
5.0
 40
5.0
 40
6.0
 40
6.0
 40
6.0
 40
7.0
 40
7.0
 40
7.0
 40
8.0
 40
8.0
 40
8.0
 40
9.0
 40
9.0
 40
9.0
 40
10.0
 40
10.0
 40
10.0
 40
11.0
 40
11.0
 40
11.0
 40
12.0
 40
12.0
 40
12.0
 40
12.0
 10
58.85455166666666
 20
147.2263022222222
 30
0.0
 10
58.87536555555555
 20
148.2578244444444
 30
0.0
 10
59.40559055555555
 20
149.6985688888889
 30
0.0
 10
59.46485722222221
 20
149.9433966666667
 30
0.0
 10
59.77812388888888
 20
151.2352688888889
 30
0.0
 10
60.16723777777777
 20
152.8428772222222
 30
0.0
 10
60.21944888888888
 20
154.973655
 30
0.0
 10
60.26742666666666
 20
156.8948827777778
 30
0.0
 10
59.85644055555554
 20
158.36138
 30
0.0
 10
59.38054333333333
 20
160.0592994444444
 30
0.0
 10
59.04787388888888
 20
161.2471022222222
 30
0.0
 10
58.70532666666666
 20
162.4694772222222
 30
0.0
 10
58.49859888888889
 20
163.9148077777778
 30
0.0
 10
54.11533499999999
 20
163.9148077777778
 30
0.0
 10
49.05015166666666
 20
160.1693661111111
 30
0.0
 10
47.80837388888887
 20
157.596205
 30
0.0
 10
46.88021555555555
 20
155.672155
 30
0.0
 10
48.03415166666666
 20
152.98928
 30
0.0
 10
43.06704055555554
 20
151.7457383333333
 30
0.0
 10
41.76211555555555
 20
151.4187133333333
 30
0.0
 10
41.53316277777777
 20
149.2064438888889
 30
0.0
 10
42.15581555555554
 20
147.3931661111111
 30
0.0
 10
42.94956555555554
 20
145.0810605555556
 30
0.0
 10
41.19061555555555
 20
142.0044855555555
 30
0.0
 10
41.88770444444444
 20
140.6328855555556
 30
0.0
 10
42.27152666666666
 20
139.8768827777778
 30
0.0
 10
44.43264333333332
 20
140.1474633333333
 30
0.0
 10
46.67736833333333
 20
140.1474633333333
 30
0.0
 10
50.44609333333332
 20
140.1474633333333
 30
0.0
 10
49.28298499999999
 20
136.53643
 30
0.0
 10
51.78911833333333
 20
136.9982161111111
 30
0.0
 10
52.51372388888888
 20
137.1319188888889
 30
0.0
 10
53.88885166666666
 20
139.6874411111111
 30
0.0
 10
56.42990999999999
 20
141.43863
 30
0.0
 10
57.61771277777777
 20
142.2570744444444
 30
0.0
 10
58.74836555555555
 20
143.4279438888889
 30
0.0
 10
58.74836555555555
 20
144.3571605555556
 30
0.0
  0
SPLINE
  5
16A
330
1F
100
AcDbEntity
  8
DEFAULT
 62
     3
100
AcDbSpline
210
0.0
220
0.0
230
1.0
 70
    11
 71
     3
 72
    26
 73
    22
 74
     0
 42
0.000000001
 43
0.0000000001
 40
0.0
 40
0.0
 40
0.0
 40
0.0
 40
1.0
 40
1.0
 40
1.0
 40
2.0
 40
2.0
 40
2.0
 40
3.0
 40
3.0
 40
3.0
 40
4.0
 40
4.0
 40
4.0
 40
5.0
 40
5.0
 40
5.0
 40
6.0
 40
6.0
 40
6.0
 40
7.0
 40
7.0
 40
7.0
 40
7.0
 10
100.6239344444444
 20
150.0068261111111
 30
0.0
 10
98.74750944444443
 20
151.1533538888889
 30
0.0
 10
97.66800944444444
 20
153.2104011111111
 30
0.0
 10
97.66800944444444
 20
155.2356983333333
 30
0.0
 10
97.66800944444444
 20
157.2257177777778
 30
0.0
 10
96.98608999999999
 20
156.0432066666667
 30
0.0
 10
94.47889833333333
 20
155.9497205555556
 30
0.0
 10
91.97135388888888
 20
155.8562344444445
 30
0.0
 10
91.5614261111111
 20
154.6328011111111
 30
0.0
 10
91.90891222222221
 20
153.2414455555555
 30
0.0
 10
92.2825038888889
 20
151.7474316666667
 30
0.0
 10
92.37563722222222
 20
154.4542955555555
 30
0.0
 10
94.49265666666666
 20
154.7979011111111
 30
0.0
 10
98.09557611111111
 20
155.3831594444444
 30
0.0
 10
95.11248722222221
 20
148.6380483333333
 30
0.0
 10
94.74171777777778
 20
151.6539455555555
 30
0.0
 10
94.5237011111111
 20
153.4259483333333
 30
0.0
 10
89.6056261111111
 20
148.8214927777778
 30
0.0
 10
95.89318444444443
 20
148.8214927777778
 30
0.0
 10
98.75703444444444
 20
148.8214927777778
 30
0.0
 10
102.7084983333333
 20
148.7332983333333
 30
0.0
 10
100.6239344444444
 20
150.0068261111111
 30
0.0
  0
POLYLINE
  5
16B
330
1F
100
AcDbEntity
  8
DEFAULT
 62
     7
100
AcDb2dPolyline
 66
     1
 10
0.0
 20
0.0
 30
0.0
  0
VERTEX
  5
16C
330
16B
100
AcDbEntity
  8
DEFAULT
 62
     7
100
AcDbVertex
100
AcDb2dVertex
 10
100.0268933333333
 20
145.2303913888889
 30
0.0
  0
VERTEX
  5
16D
330
16B
100
AcDbEntity
  8
DEFAULT
 62
     7
100
AcDbVertex
100
AcDb2dVertex
 10
100.7130461111111
 20
144.5975080555556
 30
0.0
  0
VERTEX
  5
16E
330
16B
100
AcDbEntity
  8
DEFAULT
 62
     7
100
AcDbVertex
100
AcDb2dVertex
 10
98.17974888888888
 20
144.5975080555556
 30
0.0
  0
SEQEND
  5
16F
330
16B
100
AcDbEntity
  8
DEFAULT
 62
     7
  0
SPLINE
  5
170
330
1F
100
AcDbEntity
  8
DEFAULT
 62
     7
100
AcDbSpline
210
0.0
220
0.0
230
1.0
 70
     8
 71
     3
 72
    20
 73
    16
 74
     0
 42
0.000000001
 43
0.0000000001
 40
0.0
 40
0.0
 40
0.0
 40
0.0
 40
1.003399999999999
 40
1.003399999999999
 40
1.003399999999999
 40
2.006799999999998
 40
2.006799999999998
 40
2.006799999999998
 40
3.010199999999998
 40
3.010199999999998
 40
3.010199999999998
 40
4.013599999999997
 40
4.013599999999997
 40
4.013599999999997
 40
5.016999999999996
 40
5.016999999999996
 40
5.016999999999996
 40
5.016999999999996
 10
100.8728544444444
 20
145.8839122222222
 30
0.0
 10
100.8728544444444
 20
145.8839122222222
 30
0.0
 10
98.49301555555556
 20
145.890615
 30
0.0
 10
98.36425166666666
 20
145.8839122222222
 30
0.0
 10
98.15223222222222
 20
145.9900983333333
 30
0.0
 10
98.06262666666666
 20
146.131915
 30
0.0
 10
98.06262666666666
 20
146.3386427777777
 30
0.0
 10
98.06262666666666
 20
146.6572011111111
 30
0.0
 10
98.3476711111111
 20
146.9792872222222
 30
0.0
 10
98.92093499999999
 20
146.9792872222222
 30
0.0
 10
99.40812111111111
 20
146.9821094444444
 30
0.0
 10
99.73937944444444
 20
146.7312844444444
 30
0.0
 10
99.73937944444444
 20
146.3767427777778
 30
0.0
 10
99.73937944444444
 20
146.1467316666667
 30
0.0
 10
99.62331555555556
 20
145.9812788888889
 30
0.0
 10
99.44445722222223
 20
145.8839122222222
 30
0.0
  0
POLYLINE
  5
171
330
1F
100
AcDbEntity
  8
DEFAULT
 62
     7
100
AcDb2dPolyline
 66
     1
 10
0.0
 20
0.0
 30
0.0
  0
VERTEX
  5
172
330
171
100
AcDbEntity
  8
DEFAULT
 62
     7
100
AcDbVertex
100
AcDb2dVertex
 10
97.0627486111111
 20
144.2883336111111
 30
0.0
  0
VERTEX
  5
173
330
171
100
AcDbEntity
  8
DEFAULT
 62
     7
100
AcDbVertex
100
AcDb2dVertex
 10
97.0627486111111
 20
147.2883558333333
 30
0.0
  0
SEQEND
  5
174
330
171
100
AcDbEntity
  8
DEFAULT
 62
     7
  0
SPLINE
  5
175
330
1F
100
AcDbEntity
  8
DEFAULT
 62
     3
100
AcDbSpline
210
0.0
220
0.0
230
1.0
 70
     8
 71
     3
 72
    38
 73
    34
 74
     0
 42
0.000000001
 43
0.0000000001
 40
0.0
 40
0.0
 40
0.0
 40
0.0
 40
1.0
 40
1.0
 40
1.0
 40
2.0
 40
2.0
 40
2.0
 40
3.0
 40
3.0
 40
3.0
 40
4.0
 40
4.0
 40
4.0
 40
5.0
 40
5.0
 40
5.0
 40
6.0
 40
6.0
 40
6.0
 40
7.0
 40
7.0
 40
7.0
 40
8.0
 40
8.0
 40
8.0
 40
9.0
 40
9.0
 40
9.0
 40
10.0
 40
10.0
 40
10.0
 40
11.0
 40
11.0
 40
11.0
 40
11.0
 10
91.41107222222222
 20
144.2903797222222
 30
0.0
 10
91.41107222222222
 20
143.4225463888889
 30
0.0
 10
91.74409444444444
 20
143.0337852777778
 30
0.0
 10
92.87404166666666
 20
142.1913519444444
 30
0.0
 10
95.9626111111111
 20
139.8880658333333
 30
0.0
 10
95.9626111111111
 20
138.4871852777778
 30
0.0
 10
96.66287499999999
 20
139.0403408333333
 30
0.0
 10
97.29540555555555
 20
139.5395213888889
 30
0.0
 10
95.9626111111111
 20
142.1811213888889
 30
0.0
 10
98.60138888888888
 20
142.1811213888889
 30
0.0
 10
102.568375
 20
142.1811213888889
 30
0.0
 10
104.7838194444444
 20
140.6451269444444
 30
0.0
 10
104.7838194444444
 20
141.8177602777778
 30
0.0
 10
104.7838194444444
 20
142.4961519444444
 30
0.0
 10
103.4884194444444
 20
144.6533880555555
 30
0.0
 10
103.6439944444444
 20
146.3463686111111
 30
0.0
 10
103.768525
 20
147.7006825
 30
0.0
 10
105.1694055555555
 20
150.2223380555555
 30
0.0
 10
104.27335
 20
150.3369908333333
 30
0.0
 10
98.83951388888889
 20
151.0333741666666
 30
0.0
 10
99.38631944444444
 20
155.7584797222222
 30
0.0
 10
98.72556666666665
 20
156.9445186111111
 30
0.0
 10
96.76482777777777
 20
160.4631241666666
 30
0.0
 10
90.78983055555554
 20
162.9583213888889
 30
0.0
 10
90.5587611111111
 20
162.0149936111111
 30
0.0
 10
89.26336111111111
 20
156.7279130555555
 30
0.0
 10
88.01805555555555
 20
155.5140047222222
 30
0.0
 10
92.12685833333332
 20
158.5955186111111
 30
0.0
 10
93.99622777777776
 20
159.9974575
 30
0.0
 10
97.57409999999997
 20
157.3816102777778
 30
0.0
 10
94.58607222222221
 20
157.3816102777778
 30
0.0
 10
86.52404166666665
 20
157.3816102777778
 30
0.0
 10
91.41318888888887
 20
150.0978075
 30
0.0
 10
91.41318888888887
 20
147.2872269444444
 30
0.0
  0
SPLINE
  5
176
330
1F
100
AcDbEntity
  8
DEFAULT
 62
     5
100
AcDbSpline
210
0.0
220
0.0
230
1.0
 70
     8
 71
     3
 72
    41
 73
    37
 74
     0
 42
0.000000001
 43
0.0000000001
 40
0.0
 40
0.0
 40
0.0
 40
0.0
 40
1.0
 40
1.0
 40
1.0
 40
2.0
 40
2.0
 40
2.0
 40
3.0
 40
3.0
 40
3.0
 40
4.0
 40
4.0
 40
4.0
 40
5.0
 40
5.0
 40
5.0
 40
6.0
 40
6.0
 40
6.0
 40
7.0
 40
7.0
 40
7.0
 40
8.0
 40
8.0
 40
8.0
 40
9.0
 40
9.0
 40
9.0
 40
10.0
 40
10.0
 40
10.0
 40
11.0
 40
11.0
 40
11.0
 40
12.0
 40
12.0
 40
12.0
 40
12.0
 10
89.03066888888888
 20
147.2263022222222
 30
0.0
 10
89.00985499999999
 20
148.2578244444444
 30
0.0
 10
88.47962999999999
 20
149.6985688888889
 30
0.0
 10
88.42036333333333
 20
149.9433966666667
 30
0.0
 10
88.10744944444444
 20
151.2352688888889
 30
0.0
 10
87.71798277777776
 20
152.8428772222222
 30
0.0
 10
87.66577166666666
 20
154.973655
 30
0.0
 10
87.61814666666666
 20
156.8948827777778
 30
0.0
 10
88.02877999999998
 20
158.36138
 30
0.0
 10
88.5046772222222
 20
160.0592994444444
 30
0.0
 10
88.83734666666665
 20
161.2471022222222
 30
0.0
 10
89.17989388888888
 20
162.4694772222222
 30
0.0
 10
89.38662166666666
 20
163.9148077777778
 30
0.0
 10
93.77023833333331
 20
163.9148077777778
 30
0.0
 10
98.83506888888887
 20
160.1693661111111
 30
0.0
 10
100.0768466666667
 20
157.596205
 30
0.0
 10
101.005005
 20
155.672155
 30
0.0
 10
99.85106888888888
 20
152.98928
 30
0.0
 10
104.81818
 20
151.7457383333333
 30
0.0
 10
106.1234577777778
 20
151.4187133333333
 30
0.0
 10
106.3524105555556
 20
149.2064438888889
 30
0.0
 10
105.729405
 20
147.3931661111111
 30
0.0
 10
104.9360077777778
 20
145.0810605555556
 30
0.0
 10
106.694605
 20
142.0044855555555
 30
0.0
 10
105.9978688888889
 20
140.6328855555556
 30
0.0
 10
105.6136938888889
 20
139.8768827777778
 30
0.0
 10
103.4525772222222
 20
140.1474633333333
 30
0.0
 10
101.2078522222222
 20
140.1474633333333
 30
0.0
 10
97.43912722222221
 20
140.1474633333333
 30
0.0
 10
98.60223555555554
 20
136.53643
 30
0.0
 10
96.09645499999999
 20
136.9982161111111
 30
0.0
 10
95.37149666666666
 20
137.1319188888889
 30
0.0
 10
93.99636888888888
 20
139.6874411111111
 30
0.0
 10
91.45531055555556
 20
141.43863
 30
0.0
 10
90.26786055555554
 20
142.2570744444444
 30
0.0
 10
89.13720777777776
 20
143.4279438888889
 30
0.0
 10
89.13720777777776
 20
144.3571605555556
 30
0.0
  0
SPLINE
  5
177
330
1F
100
AcDbEntity
  8
DEFAULT
 62
     1
100
AcDbSpline
210
0.0
220
0.0
230
1.0
 70
    11
 71
     3
 72
    56
 73
    52
 74
     0
 42
0.000000001
 43
0.0000000001
 40
1.0
 40
1.0
 40
1.0
 40
1.0
 40
2.0
 40
2.0
 40
2.0
 40
3.0
 40
3.0
 40
3.0
 40
4.0
 40
4.0
 40
4.0
 40
5.0
 40
5.0
 40
5.0
 40
6.0
 40
6.0
 40
6.0
 40
7.0
 40
7.0
 40
7.0
 40
8.0
 40
8.0
 40
8.0
 40
9.0
 40
9.0
 40
9.0
 40
10.0
 40
10.0
 40
10.0
 40
22.90200139513245
 40
22.90200139513245
 40
22.90200139513245
 40
31.40600139513247
 40
31.40600139513247
 40
31.40600139513247
 40
44.30200174407789
 40
44.30200174407789
 40
44.30200174407789
 40
45.30200174407789
 40
45.30200174407789
 40
45.30200174407789
 40
46.30200174407789
 40
46.30200174407789
 40
46.30200174407789
 40
47.30200174407789
 40
47.30200174407789
 40
47.30200174407789
 40
48.30200174407789
 40
48.30200174407789
 40
48.30200174407789
 40
49.30200174407789
 40
49.30200174407789
 40
49.30200174407789
 40
49.30200174407789
 10
91.44860777777777
 20
165.4563761111111
 30
0.0
 10
95.32104944444443
 20
164.8552427777778
 30
0.0
 10
99.50040777777778
 20
160.0518205555555
 30
0.0
 10
100.5545077777778
 20
158.1425872222222
 30
0.0
 10
101.6054327777778
 20
156.2368816666666
 30
0.0
 10
100.55733
 20
154.62504
 30
0.0
 10
104.0872244444444
 20
153.6855927777778
 30
0.0
 10
107.2498772222222
 20
152.843865
 30
0.0
 10
107.0163383333333
 20
148.5604372222222
 30
0.0
 10
107.0128105555555
 20
146.69389
 30
0.0
 10
107.0131633333333
 20
146.1901233333333
 30
0.0
 10
107.0103411111111
 20
143.5566372222222
 30
0.0
 10
107.0099883333333
 20
143.0535761111111
 30
0.0
 10
107.0054022222222
 20
140.270865
 30
0.0
 10
107.60583
 20
138.8890344444444
 30
0.0
 10
102.6468327777778
 20
138.0455427777778
 30
0.0
 10
97.69065777777777
 20
137.197465
 30
0.0
 10
96.37479666666665
 20
132.5549094444444
 30
0.0
 10
94.19745222222221
 20
136.2611927777778
 30
0.0
 10
92.01375777777776
 20
139.9681816666667
 30
0.0
 10
86.857205
 20
140.372465
 30
0.0
 10
86.85932166666666
 20
144.2928844444444
 30
0.0
 10
87.99773555555555
 20
144.2957066666667
 30
0.0
 10
87.86861888888889
 20
144.3577955555555
 30
0.0
 10
89.13720777777777
 20
144.35709
 30
0.0
 10
90.3955661111111
 20
144.353915
 30
0.0
 10
90.273505
 20
144.2942955555555
 30
0.0
 10
91.41121333333332
 20
144.290415
 30
0.0
 10
92.92839296296295
 20
144.2897094444444
 30
0.0
 10
94.44557259259257
 20
144.2890038888889
 30
0.0
 10
95.9627522222222
 20
144.2882983333333
 30
0.0
 10
95.9627522222222
 20
145.2883057407407
 30
0.0
 10
95.9627522222222
 20
146.2883131481481
 30
0.0
 10
95.9627522222222
 20
147.2883205555555
 30
0.0
 10
94.44627814814812
 20
147.2879677777778
 30
0.0
 10
92.92980407407406
 20
147.287615
 30
0.0
 10
91.41332999999999
 20
147.2872622222222
 30
0.0
 10
90.27597444444443
 20
147.29079
 30
0.0
 10
90.40156333333331
 20
147.2258788888889
 30
0.0
 10
89.13932444444444
 20
147.2258788888889
 30
0.0
 10
87.87073555555556
 20
147.2269372222222
 30
0.0
 10
88.00055777777777
 20
147.2922011111111
 30
0.0
 10
86.8617911111111
 20
147.2897316666667
 30
0.0
 10
86.8649661111111
 20
148.7731622222222
 30
0.0
 10
85.76112444444443
 20
151.0443455555555
 30
0.0
 10
85.66658
 20
154.9252538888889
 30
0.0
 10
85.56921333333332
 20
158.80969
 30
0.0
 10
87.10238555555556
 20
161.1069788888889
 30
0.0
 10
87.48867722222222
 20
164.8668844444444
 30
0.0
 10
87.87532166666666
 20
168.6193816666666
 30
0.0
 10
87.5761661111111
 20
166.0568038888889
 30
0.0
 10
91.44860777777777
 20
165.4563761111111
 30
0.0
  0
SPLINE
  5
178
330
1F
100
AcDbEntity
  8
DEFAULT
 62
     3
100
AcDbSpline
210
0.0
220
0.0
230
1.0
 70
    11
 71
     3
 72
    17
 73
    13
 74
     0
 42
0.000000001
 43
0.0000000001
 40
0.0
 40
0.0
 40
0.0
 40
0.0
 40
1.0
 40
1.0
 40
1.0
 40
2.0
 40
2.0
 40
2.0
 40
3.0
 40
3.0
 40
3.0
 40
4.0
 40
4.0
 40
4.0
 40
4.0
 10
51.25571833333333
 20
121.2208297222222
 30
0.0
 10
51.25571833333333
 20
121.6332269444444
 30
0.0
 10
50.01535166666666
 20
124.3397380555556
 30
0.0
 10
49.64387666666666
 20
123.5876158333333
 30
0.0
 10
49.26499333333333
 20
122.8199713888889
 30
0.0
 10
48.15550722222221
 20
121.6332269444444
 30
0.0
 10
48.15550722222221
 20
121.2208297222222
 30
0.0
 10
48.15550722222221
 20
120.8080797222222
 30
0.0
 10
48.84977388888888
 20
120.4736463888889
 30
0.0
 10
49.70561277777777
 20
120.4736463888889
 30
0.0
 10
50.56180444444443
 20
120.4736463888889
 30
0.0
 10
51.25571833333333
 20
120.8080797222222
 30
0.0
 10
51.25571833333333
 20
121.2208297222222
 30
0.0
  0
POLYLINE
  5
179
330
1F
100
AcDbEntity
  8
DEFAULT
 62
     7
100
AcDb2dPolyline
 66
     1
 10
0.0
 20
0.0
 30
0.0
  0
VERTEX
  5
17A
330
179
100
AcDbEntity
  8
DEFAULT
 62
     7
100
AcDbVertex
100
AcDb2dVertex
 10
50.10710916666666
 20
117.5550805555555
 30
0.0
  0
VERTEX
  5
17B
330
179
100
AcDbEntity
  8
DEFAULT
 62
     7
100
AcDbVertex
100
AcDb2dVertex
 10
50.10710916666666
 20
114.5550583333333
 30
0.0
  0
SEQEND
  5
17C
330
179
100
AcDbEntity
  8
DEFAULT
 62
     7
  0
SPLINE
  5
17D
330
1F
100
AcDbEntity
  8
DEFAULT
 62
     7
100
AcDbSpline
210
0.0
220
0.0
230
1.0
 70
     8
 71
     3
 72
    17
 73
    13
 74
     0
 42
0.000000001
 43
0.0000000001
 40
0.0
 40
0.0
 40
0.0
 40
0.0
 40
1.0
 40
1.0
 40
1.0
 40
2.0
 40
2.0
 40
2.0
 40
3.0
 40
3.0
 40
3.0
 40
4.0
 40
4.0
 40
4.0
 40
4.0
 10
48.99797583333333
 20
116.0254713888889
 30
0.0
 10
49.04489527777778
 20
115.9475075
 30
0.0
 10
49.10698416666666
 20
115.7746463888889
 30
0.0
 10
49.10698416666666
 20
115.5538075
 30
0.0
 10
49.10698416666666
 20
115.0585075
 30
0.0
 10
48.72139805555555
 20
114.7360686111111
 30
0.0
 10
48.14425361111111
 20
114.7360686111111
 30
0.0
 10
47.56358138888888
 20
114.7360686111111
 30
0.0
 10
47.14236472222222
 20
115.0821436111111
 30
0.0
 10
47.14236472222222
 20
115.6183658333333
 30
0.0
 10
47.14236472222222
 20
115.7947547222222
 30
0.0
 10
47.19316472222221
 20
115.9510352777778
 30
0.0
 10
47.24008416666666
 20
116.0325269444444
 30
0.0
  0
POLYLINE
  5
17E
330
1F
100
AcDbEntity
  8
DEFAULT
 62
     7
100
AcDb2dPolyline
 66
     1
 10
0.0
 20
0.0
 30
0.0
  0
VERTEX
  5
17F
330
17E
100
AcDbEntity
  8
DEFAULT
 62
     7
100
AcDbVertex
100
AcDb2dVertex
 10
47.25973388888889
 20
116.7074261111111
 30
0.0
  0
VERTEX
  5
180
330
17E
100
AcDbEntity
  8
DEFAULT
 62
     7
100
AcDbVertex
100
AcDb2dVertex
 10
46.5735811111111
 20
117.3403094444445
 30
0.0
  0
VERTEX
  5
181
330
17E
100
AcDbEntity
  8
DEFAULT
 62
     7
100
AcDbVertex
100
AcDb2dVertex
 10
49.10687833333332
 20
117.3403094444444
 30
0.0
  0
SEQEND
  5
182
330
17E
100
AcDbEntity
  8
DEFAULT
 62
     7
  0
SPLINE
  5
183
330
1F
100
AcDbEntity
  8
DEFAULT
 62
     5
100
AcDbSpline
210
0.0
220
0.0
230
1.0
 70
     8
 71
     3
 72
    44
 73
    40
 74
     0
 42
0.000000001
 43
0.0000000001
 40
0.0
 40
0.0
 40
0.0
 40
0.0
 40
1.0
 40
1.0
 40
1.0
 40
2.0
 40
2.0
 40
2.0
 40
3.0
 40
3.0
 40
3.0
 40
4.0
 40
4.0
 40
4.0
 40
5.0
 40
5.0
 40
5.0
 40
6.0
 40
6.0
 40
6.0
 40
7.0
 40
7.0
 40
7.0
 40
8.0
 40
8.0
 40
8.0
 40
9.0
 40
9.0
 40
9.0
 40
10.0
 40
10.0
 40
10.0
 40
11.0
 40
11.0
 40
11.0
 40
12.0
 40
12.0
 40
12.0
 40
13.0
 40
13.0
 40
13.0
 40
13.0
 10
58.03272055555555
 20
117.49151
 30
0.0
 10
58.03272055555555
 20
120.1683877777778
 30
0.0
 10
58.10539277777777
 20
121.958735
 30
0.0
 10
58.07822888888887
 20
123.19381
 30
0.0
 10
58.00978999999999
 20
126.3303572222222
 30
0.0
 10
58.49873999999999
 20
132.2146905555556
 30
0.0
 10
57.09221499999999
 20
132.7576155555556
 30
0.0
 10
56.36690388888888
 20
133.0377211111111
 30
0.0
 10
55.38300666666666
 20
131.5609933333333
 30
0.0
 10
53.75493722222221
 20
130.4575044444445
 30
0.0
 10
51.24633444444444
 20
128.7571155555556
 30
0.0
 10
47.40881777777776
 20
126.5092155555556
 30
0.0
 10
44.40562055555554
 20
126.3395294444445
 30
0.0
 10
43.33035388888888
 20
126.2788516666667
 30
0.0
 10
42.17853444444444
 20
127.5552016666667
 30
0.0
 10
41.69487611111111
 20
123.8736127777778
 30
0.0
 10
41.46909833333333
 20
122.1538211111111
 30
0.0
 10
41.47932888888888
 20
114.7987572222222
 30
0.0
 10
41.48462055555554
 20
114.2209072222222
 30
0.0
 10
41.54141777777777
 20
108.2049877777778
 30
0.0
 10
37.78715666666665
 20
106.8351516666667
 30
0.0
 10
40.59738444444444
 20
105.7563572222222
 30
0.0
 10
42.23815388888888
 20
105.1262961111111
 30
0.0
 10
41.61197333333332
 20
108.8533933333333
 30
0.0
 10
45.87705666666666
 20
108.915835
 30
0.0
 10
49.04993999999999
 20
108.9624016666667
 30
0.0
 10
50.02572333333332
 20
107.067985
 30
0.0
 10
50.68294833333332
 20
105.9084044444444
 30
0.0
 10
51.49186777777777
 20
104.4800072222222
 30
0.0
 10
52.19248444444443
 20
104.921685
 30
0.0
 10
53.76693166666665
 20
104.0129294444444
 30
0.0
 10
54.63547055555555
 20
103.511985
 30
0.0
 10
56.20815388888888
 20
102.4409516666667
 30
0.0
 10
56.97403444444443
 20
103.207185
 30
0.0
 10
57.62737888888888
 20
103.8601766666667
 30
0.0
 10
56.59021222222221
 20
106.4231072222222
 30
0.0
 10
57.1825261111111
 20
107.8684377777778
 30
0.0
 10
57.72121777777777
 20
109.1814766666667
 30
0.0
 10
58.03272055555555
 20
112.07496
 30
0.0
 10
58.03272055555555
 20
114.6184877777778
 30
0.0
  0
SPLINE
  5
184
330
1F
100
AcDbEntity
  8
DEFAULT
 62
     1
100
AcDbSpline
210
0.0
220
0.0
230
1.0
 70
    11
 71
     3
 72
    59
 73
    55
 74
     0
 42
0.000000001
 43
0.0000000001
 40
1.0
 40
1.0
 40
1.0
 40
1.0
 40
2.0
 40
2.0
 40
2.0
 40
3.0
 40
3.0
 40
3.0
 40
4.0
 40
4.0
 40
4.0
 40
5.0
 40
5.0
 40
5.0
 40
6.0
 40
6.0
 40
6.0
 40
7.0
 40
7.0
 40
7.0
 40
8.0
 40
8.0
 40
8.0
 40
9.0
 40
9.0
 40
9.0
 40
10.0
 40
10.0
 40
10.0
 40
11.0
 40
11.0
 40
11.0
 40
12.0
 40
12.0
 40
12.0
 40
13.0
 40
13.0
 40
13.0
 40
14.0
 40
14.0
 40
14.0
 40
26.89700000000002
 40
26.89700000000002
 40
26.89700000000002
 40
35.40100000000004
 40
35.40100000000004
 40
35.40100000000004
 40
48.30000000000004
 40
48.30000000000004
 40
48.30000000000004
 40
49.30000000000004
 40
49.30000000000004
 40
49.30000000000004
 40
50.30000000000004
 40
50.30000000000004
 40
50.30000000000004
 40
50.30000000000004
 10
60.30718472222222
 20
117.5550805555555
 30
0.0
 10
59.76179027777778
 20
124.1086333333333
 30
0.0
 10
60.67089861111111
 20
134.48665
 30
0.0
 10
57.46132638888888
 20
134.7798083333333
 30
0.0
 10
54.22741249999999
 20
135.0750833333333
 30
0.0
 10
49.22008472222222
 20
127.1411111111111
 30
0.0
 10
44.5627125
 20
128.5631583333333
 30
0.0
 10
40.56468194444444
 20
129.7837694444444
 30
0.0
 10
40.80527638888888
 20
121.9073
 30
0.0
 10
40.80527638888888
 20
118.0073416666666
 30
0.0
 10
40.80527638888888
 20
117.0322638888889
 30
0.0
 10
40.72449027777778
 20
115.0796388888889
 30
0.0
 10
40.80527638888888
 20
114.1073833333333
 30
0.0
 10
41.29316805555555
 20
108.2480972222222
 30
0.0
 10
35.91648194444444
 20
106.9029555555555
 30
0.0
 10
38.48611527777778
 20
104.9094083333333
 30
0.0
 10
39.52010694444444
 20
104.1075444444444
 30
0.0
 10
40.64088194444444
 20
103.7498277777778
 30
0.0
 10
42.24002361111111
 20
103.8210888888889
 30
0.0
 10
43.80882638888889
 20
103.8912916666667
 30
0.0
 10
42.91100694444444
 20
108.169075
 30
0.0
 10
47.80403472222221
 20
106.5505305555555
 30
0.0
 10
50.81675694444444
 20
105.5535805555555
 30
0.0
 10
49.15623194444444
 20
103.876475
 30
0.0
 10
53.42942916666666
 20
102.2205361111111
 30
0.0
 10
56.19167916666666
 20
101.1502083333333
 30
0.0
 10
57.56962916666667
 20
100.7233472222222
 30
0.0
 10
58.54082638888888
 20
101.9644194444444
 30
0.0
 10
60.03131249999999
 20
103.8687138888889
 30
0.0
 10
58.23038194444444
 20
105.1510611111111
 30
0.0
 10
59.03330416666667
 20
107.1096833333333
 30
0.0
 10
59.84751527777777
 20
109.096175
 30
0.0
 10
60.37456527777778
 20
111.9635527777777
 30
0.0
 10
60.30718472222222
 20
114.5550583333333
 30
0.0
 10
59.17018194444444
 20
114.5550583333333
 30
0.0
 10
59.29859305555555
 20
114.6185583333333
 30
0.0
 10
58.03282638888889
 20
114.6185583333333
 30
0.0
 10
56.77129305555555
 20
114.6185583333333
 30
0.0
 10
56.89511805555555
 20
114.5550583333333
 30
0.0
 10
55.75705694444444
 20
114.5550583333333
 30
0.0
 10
54.24046527777777
 20
114.5550583333333
 30
0.0
 10
52.7238736111111
 20
114.5550583333333
 30
0.0
 10
51.20728194444443
 20
114.5550583333333
 30
0.0
 10
51.20728194444442
 20
115.5550657407407
 30
0.0
 10
51.20728194444442
 20
116.5550731481481
 30
0.0
 10
51.20728194444443
 20
117.5550805555555
 30
0.0
 10
52.72410879629629
 20
117.5550805555555
 30
0.0
 10
54.24093564814814
 20
117.5550805555555
 30
0.0
 10
55.75776249999999
 20
117.5550805555555
 30
0.0
 10
56.89511805555555
 20
117.5550805555555
 30
0.0
 10
56.77129305555555
 20
117.4915805555555
 30
0.0
 10
58.03282638888889
 20
117.4915805555555
 30
0.0
 10
59.29859305555555
 20
117.4915805555555
 30
0.0
 10
59.17018194444444
 20
117.5550805555555
 30
0.0
 10
60.30718472222222
 20
117.5550805555555
 30
0.0
  0
SPLINE
  5
185
330
1F
100
AcDbEntity
  8
DEFAULT
 62
     3
100
AcDbSpline
210
0.0
220
0.0
230
1.0
 70
     8
 71
     3
 72
    68
 73
    64
 74
     0
 42
0.000000001
 43
0.0000000001
 40
0.0
 40
0.0
 40
0.0
 40
0.0
 40
1.0
 40
1.0
 40
1.0
 40
2.0
 40
2.0
 40
2.0
 40
3.0
 40
3.0
 40
3.0
 40
4.0
 40
4.0
 40
4.0
 40
5.0
 40
5.0
 40
5.0
 40
6.0
 40
6.0
 40
6.0
 40
7.0
 40
7.0
 40
7.0
 40
8.0
 40
8.0
 40
8.0
 40
9.0
 40
9.0
 40
9.0
 40
10.0
 40
10.0
 40
10.0
 40
11.0
 40
11.0
 40
11.0
 40
12.0
 40
12.0
 40
12.0
 40
13.0
 40
13.0
 40
13.0
 40
14.0
 40
14.0
 40
14.0
 40
15.0
 40
15.0
 40
15.0
 40
16.0
 40
16.0
 40
16.0
 40
17.0
 40
17.0
 40
17.0
 40
18.0
 40
18.0
 40
18.0
 40
19.0
 40
19.0
 40
19.0
 40
20.0
 40
20.0
 40
20.0
 40
21.0
 40
21.0
 40
21.0
 40
21.0
 10
55.75709222222222
 20
114.5550936111111
 30
0.0
 10
55.75709222222222
 20
112.9936991666667
 30
0.0
 10
56.30566166666667
 20
112.3096630555555
 30
0.0
 10
56.19418388888889
 20
111.2816686111111
 30
0.0
 10
55.78954777777778
 20
107.5464575
 30
0.0
 10
54.73121444444445
 20
113.4918213888889
 30
0.0
 10
51.64934777777778
 20
112.2158241666666
 30
0.0
 10
49.80008666666667
 20
111.4495908333333
 30
0.0
 10
52.23919222222221
 20
108.5663380555555
 30
0.0
 10
52.58315055555555
 20
108.2400186111111
 30
0.0
 10
54.23309222222223
 20
106.6750963888889
 30
0.0
 10
55.98286999999999
 20
109.1752325
 30
0.0
 10
55.50944222222222
 20
107.6088991666667
 30
0.0
 10
55.10445333333333
 20
106.2704602777778
 30
0.0
 10
56.06965333333333
 20
104.4025019444444
 30
0.0
 10
55.65584499999999
 20
104.6663797222222
 30
0.0
 10
55.18700333333333
 20
104.9648297222222
 30
0.0
 10
54.28001166666666
 20
105.6943741666666
 30
0.0
 10
52.80892833333333
 20
106.0513852777778
 30
0.0
 10
52.22402277777778
 20
106.1932019444444
 30
0.0
 10
51.93262833333333
 20
106.7456519444444
 30
0.0
 10
51.93262833333333
 20
106.7456519444444
 30
0.0
 10
51.25741166666667
 20
107.9419213888889
 30
0.0
 10
49.33230333333334
 20
111.0950491666667
 30
0.0
 10
45.65212555555555
 20
110.5348380555555
 30
0.0
 10
41.85376722222222
 20
109.9562825
 30
0.0
 10
41.55073111111111
 20
108.1063158333333
 30
0.0
 10
42.30320611111111
 20
109.8102325
 30
0.0
 10
43.80533388888889
 20
113.2117158333333
 30
0.0
 10
42.12223111111111
 20
114.3497769444444
 30
0.0
 10
44.24101444444444
 20
113.0871852777778
 30
0.0
 10
50.24881999999999
 20
109.5075491666666
 30
0.0
 10
50.10700333333333
 20
114.3324908333333
 30
0.0
 10
46.65013388888889
 20
113.4607769444444
 30
0.0
 10
45.62390333333334
 20
113.2021908333333
 30
0.0
 10
45.61085055555556
 20
114.4718380555556
 30
0.0
 10
45.61085055555556
 20
116.0551047222222
 30
0.0
 10
45.61085055555556
 20
117.8659130555555
 30
0.0
 10
43.64975888888889
 20
117.8659130555555
 30
0.0
 10
44.24101444444444
 20
115.8265047222222
 30
0.0
 10
44.83685611111111
 20
113.7722797222222
 30
0.0
 10
44.83685611111111
 20
113.7722797222222
 30
0.0
 10
43.92986444444444
 20
114.3324908333333
 30
0.0
 10
42.64046166666667
 20
115.1283575
 30
0.0
 10
42.97983388888889
 20
115.5082991666666
 30
0.0
 10
42.97807
 20
116.7260880555555
 30
0.0
 10
42.974895
 20
119.5140908333333
 30
0.0
 10
43.13152833333333
 20
123.5900852777778
 30
0.0
 10
43.37706166666666
 20
124.6776991666667
 30
0.0
 10
43.51499777777778
 20
125.2890630555555
 30
0.0
 10
44.02723111111111
 20
124.5305908333333
 30
0.0
 10
46.35768111111111
 20
124.9362852777778
 30
0.0
 10
53.39277555555555
 20
126.1607769444444
 30
0.0
 10
40.80248944444445
 20
119.2674991666667
 30
0.0
 10
49.10687833333333
 20
119.2674991666667
 30
0.0
 10
59.97102277777778
 20
119.2674991666667
 30
0.0
 10
46.16718111111111
 20
124.2014491666666
 30
0.0
 10
53.06045888888888
 20
127.3228269444444
 30
0.0
 10
55.26038111111112
 20
128.3190713888889
 30
0.0
 10
56.4637061111111
 20
130.1242352777778
 30
0.0
 10
56.55860333333333
 20
129.2320602777777
 30
0.0
 10
56.79531722222222
 20
127.0032102777778
 30
0.0
 10
55.75779777777778
 20
124.7912936111111
 30
0.0
 10
55.75779777777778
 20
117.5551158333333
 30
0.0
  0
SPLINE
  5
186
330
1F
100
AcDbEntity
  8
DEFAULT
 62
     3
100
AcDbSpline
210
0.0
220
0.0
230
1.0
 70
    11
 71
     3
 72
    17
 73
    13
 74
     0
 42
0.000000001
 43
0.0000000001
 40
0.0
 40
0.0
 40
0.0
 40
0.0
 40
1.0
 40
1.0
 40
1.0
 40
2.0
 40
2.0
 40
2.0
 40
3.0
 40
3.0
 40
3.0
 40
4.0
 40
4.0
 40
4.0
 40
4.0
 10
96.6295375
 20
121.2208297222222
 30
0.0
 10
96.6295375
 20
121.6332269444444
 30
0.0
 10
97.86990416666667
 20
124.3397380555556
 30
0.0
 10
98.24137916666668
 20
123.5876158333333
 30
0.0
 10
98.62026249999998
 20
122.8199713888889
 30
0.0
 10
99.7297486111111
 20
121.6332269444444
 30
0.0
 10
99.7297486111111
 20
121.2208297222222
 30
0.0
 10
99.7297486111111
 20
120.8080797222222
 30
0.0
 10
99.03548194444444
 20
120.4736463888889
 30
0.0
 10
98.17964305555556
 20
120.4736463888889
 30
0.0
 10
97.32345138888888
 20
120.4736463888889
 30
0.0
 10
96.6295375
 20
120.8080797222222
 30
0.0
 10
96.6295375
 20
121.2208297222222
 30
0.0
  0
POLYLINE
  5
187
330
1F
100
AcDbEntity
  8
DEFAULT
 62
     7
100
AcDb2dPolyline
 66
     1
 10
0.0
 20
0.0
 30
0.0
  0
VERTEX
  5
188
330
187
100
AcDbEntity
  8
DEFAULT
 62
     7
100
AcDbVertex
100
AcDb2dVertex
 10
97.77828777777778
 20
114.5550936111111
 30
0.0
  0
VERTEX
  5
189
330
187
100
AcDbEntity
  8
DEFAULT
 62
     7
100
AcDbVertex
100
AcDb2dVertex
 10
97.77828777777778
 20
117.5551158333333
 30
0.0
  0
SEQEND
  5
18A
330
187
100
AcDbEntity
  8
DEFAULT
 62
     7
  0
SPLINE
  5
18B
330
1F
100
AcDbEntity
  8
DEFAULT
 62
     7
100
AcDbSpline
210
0.0
220
0.0
230
1.0
 70
     8
 71
     3
 72
    17
 73
    13
 74
     0
 42
0.000000001
 43
0.0000000001
 40
0.0
 40
0.0
 40
0.0
 40
0.0
 40
1.0
 40
1.0
 40
1.0
 40
2.0
 40
2.0
 40
2.0
 40
3.0
 40
3.0
 40
3.0
 40
4.0
 40
4.0
 40
4.0
 40
4.0
 10
98.88727999999999
 20
116.0845263888889
 30
0.0
 10
98.84071333333333
 20
116.1628430555555
 30
0.0
 10
98.77827166666665
 20
116.3357041666666
 30
0.0
 10
98.77827166666665
 20
116.5561902777778
 30
0.0
 10
98.77827166666665
 20
117.0518430555556
 30
0.0
 10
99.16421055555556
 20
117.3739291666666
 30
0.0
 10
99.74100222222222
 20
117.3739291666666
 30
0.0
 10
100.3216744444444
 20
117.3739291666666
 30
0.0
 10
100.7428911111111
 20
117.0278541666666
 30
0.0
 10
100.7428911111111
 20
116.4916319444444
 30
0.0
 10
100.7428911111111
 20
116.3152430555555
 30
0.0
 10
100.6920911111111
 20
116.1593152777778
 30
0.0
 10
100.6451716666667
 20
116.0778236111111
 30
0.0
  0
POLYLINE
  5
18C
330
1F
100
AcDbEntity
  8
DEFAULT
 62
     7
100
AcDb2dPolyline
 66
     1
 10
0.0
 20
0.0
 30
0.0
  0
VERTEX
  5
18D
330
18C
100
AcDbEntity
  8
DEFAULT
 62
     7
100
AcDbVertex
100
AcDb2dVertex
 10
100.6254866666666
 20
115.4027480555555
 30
0.0
  0
VERTEX
  5
18E
330
18C
100
AcDbEntity
  8
DEFAULT
 62
     7
100
AcDbVertex
100
AcDb2dVertex
 10
101.3119922222222
 20
114.7698647222222
 30
0.0
  0
VERTEX
  5
18F
330
18C
100
AcDbEntity
  8
DEFAULT
 62
     7
100
AcDbVertex
100
AcDb2dVertex
 10
98.77834222222221
 20
114.7698647222222
 30
0.0
  0
SEQEND
  5
190
330
18C
100
AcDbEntity
  8
DEFAULT
 62
     7
  0
SPLINE
  5
191
330
1F
100
AcDbEntity
  8
DEFAULT
 62
     3
100
AcDbSpline
210
0.0
220
0.0
230
1.0
 70
     8
 71
     3
 72
    68
 73
    64
 74
     0
 42
0.000000001
 43
0.0000000001
 40
0.0
 40
0.0
 40
0.0
 40
0.0
 40
1.0
 40
1.0
 40
1.0
 40
2.0
 40
2.0
 40
2.0
 40
3.0
 40
3.0
 40
3.0
 40
4.0
 40
4.0
 40
4.0
 40
5.0
 40
5.0
 40
5.0
 40
6.0
 40
6.0
 40
6.0
 40
7.0
 40
7.0
 40
7.0
 40
8.0
 40
8.0
 40
8.0
 40
9.0
 40
9.0
 40
9.0
 40
10.0
 40
10.0
 40
10.0
 40
11.0
 40
11.0
 40
11.0
 40
12.0
 40
12.0
 40
12.0
 40
13.0
 40
13.0
 40
13.0
 40
14.0
 40
14.0
 40
14.0
 40
15.0
 40
15.0
 40
15.0
 40
16.0
 40
16.0
 40
16.0
 40
17.0
 40
17.0
 40
17.0
 40
18.0
 40
18.0
 40
18.0
 40
19.0
 40
19.0
 40
19.0
 40
20.0
 40
20.0
 40
20.0
 40
21.0
 40
21.0
 40
21.0
 40
21.0
 10
92.12834
 20
114.5550936111111
 30
0.0
 10
92.12834
 20
112.9936991666667
 30
0.0
 10
91.57977055555556
 20
112.3096630555555
 30
0.0
 10
91.69124833333333
 20
111.2816686111111
 30
0.0
 10
92.09588444444445
 20
107.5464575
 30
0.0
 10
93.15421777777777
 20
113.4918213888889
 30
0.0
 10
96.23573166666668
 20
112.2158241666666
 30
0.0
 10
98.08534555555556
 20
111.4495908333333
 30
0.0
 10
95.64623999999999
 20
108.5663380555555
 30
0.0
 10
95.30192888888888
 20
108.2400186111111
 30
0.0
 10
93.65234
 20
106.6750963888889
 30
0.0
 10
91.90220944444444
 20
109.1752325
 30
0.0
 10
92.37599
 20
107.6088991666667
 30
0.0
 10
92.7806261111111
 20
106.2704602777778
 30
0.0
 10
91.81577888888887
 20
104.4025019444444
 30
0.0
 10
92.22958722222221
 20
104.6663797222222
 30
0.0
 10
92.6980761111111
 20
104.9648297222222
 30
0.0
 10
93.60542055555555
 20
105.6943741666666
 30
0.0
 10
95.07650388888888
 20
106.0513852777778
 30
0.0
 10
95.66140944444443
 20
106.1932019444444
 30
0.0
 10
95.9528038888889
 20
106.7456519444444
 30
0.0
 10
95.9528038888889
 20
106.7456519444444
 30
0.0
 10
96.62766777777779
 20
107.9419213888889
 30
0.0
 10
98.55312888888888
 20
111.0950491666667
 30
0.0
 10
102.2329538888889
 20
110.5348380555555
 30
0.0
 10
106.031665
 20
109.9562825
 30
0.0
 10
106.3350538888889
 20
108.1063158333333
 30
0.0
 10
105.5822261111111
 20
109.8102325
 30
0.0
 10
104.0797455555555
 20
113.2117158333333
 30
0.0
 10
105.7632011111111
 20
114.3497769444444
 30
0.0
 10
103.644065
 20
113.0871852777778
 30
0.0
 10
97.63661222222221
 20
109.5075491666666
 30
0.0
 10
97.7784288888889
 20
114.3324908333333
 30
0.0
 10
101.2352983333333
 20
113.4607769444444
 30
0.0
 10
102.2611761111111
 20
113.2021908333333
 30
0.0
 10
102.2745816666667
 20
114.4718380555556
 30
0.0
 10
102.2745816666667
 20
116.0551047222222
 30
0.0
 10
102.2745816666667
 20
117.8659130555555
 30
0.0
 10
104.2356733333333
 20
117.8659130555555
 30
0.0
 10
103.644065
 20
115.8265047222222
 30
0.0
 10
103.0485761111111
 20
113.7722797222222
 30
0.0
 10
103.0485761111111
 20
113.7722797222222
 30
0.0
 10
103.955215
 20
114.3324908333333
 30
0.0
 10
105.2449705555555
 20
115.1283575
 30
0.0
 10
104.9055983333333
 20
115.5082991666666
 30
0.0
 10
104.9070094444444
 20
116.7260880555555
 30
0.0
 10
104.9105372222222
 20
119.5140908333333
 30
0.0
 10
104.7539038888889
 20
123.5900852777778
 30
0.0
 10
104.5083705555556
 20
124.6776991666667
 30
0.0
 10
104.3704344444444
 20
125.2890630555555
 30
0.0
 10
103.8582011111111
 20
124.5305908333333
 30
0.0
 10
101.5273983333333
 20
124.9362852777778
 30
0.0
 10
94.49265666666666
 20
126.1607769444444
 30
0.0
 10
107.0829427777778
 20
119.2674991666667
 30
0.0
 10
98.77820111111112
 20
119.2674991666667
 30
0.0
 10
87.91440944444444
 20
119.2674991666667
 30
0.0
 10
101.7178983333333
 20
124.2014491666666
 30
0.0
 10
94.82462055555554
 20
127.3228269444444
 30
0.0
 10
92.62505111111112
 20
128.3190713888889
 30
0.0
 10
91.42137333333332
 20
130.1242352777778
 30
0.0
 10
91.32682888888888
 20
129.2320602777777
 30
0.0
 10
91.090115
 20
127.0032102777778
 30
0.0
 10
92.12763444444444
 20
124.7912936111111
 30
0.0
 10
92.12763444444444
 20
117.5551158333333
 30
0.0
  0
SPLINE
  5
192
330
1F
100
AcDbEntity
  8
DEFAULT
 62
     5
100
AcDbSpline
210
0.0
220
0.0
230
1.0
 70
     8
 71
     3
 72
    44
 73
    40
 74
     0
 42
0.000000001
 43
0.0000000001
 40
0.0
 40
0.0
 40
0.0
 40
0.0
 40
1.0
 40
1.0
 40
1.0
 40
2.0
 40
2.0
 40
2.0
 40
3.0
 40
3.0
 40
3.0
 40
4.0
 40
4.0
 40
4.0
 40
5.0
 40
5.0
 40
5.0
 40
6.0
 40
6.0
 40
6.0
 40
7.0
 40
7.0
 40
7.0
 40
8.0
 40
8.0
 40
8.0
 40
9.0
 40
9.0
 40
9.0
 40
10.0
 40
10.0
 40
10.0
 40
11.0
 40
11.0
 40
11.0
 40
12.0
 40
12.0
 40
12.0
 40
13.0
 40
13.0
 40
13.0
 40
13.0
 10
89.85267638888888
 20
117.49151
 30
0.0
 10
89.85267638888888
 20
120.1683877777778
 30
0.0
 10
89.78000416666666
 20
121.958735
 30
0.0
 10
89.80716805555555
 20
123.19381
 30
0.0
 10
89.87525416666666
 20
126.3303572222222
 30
0.0
 10
89.38665694444444
 20
132.2146905555556
 30
0.0
 10
90.79318194444444
 20
132.7576155555556
 30
0.0
 10
91.51814027777776
 20
133.0377211111111
 30
0.0
 10
92.50239027777776
 20
131.5609933333333
 30
0.0
 10
94.13045972222221
 20
130.4575044444445
 30
0.0
 10
96.6390625
 20
128.7571155555556
 30
0.0
 10
99.76044027777778
 20
126.3395294444445
 30
0.0
 10
103.4794236111111
 20
126.3395294444445
 30
0.0
 10
104.5568069444444
 20
126.3395294444445
 30
0.0
 10
105.7065097222222
 20
127.5552016666667
 30
0.0
 10
106.1905208333333
 20
123.8736127777778
 30
0.0
 10
106.4162986111111
 20
122.1538211111111
 30
0.0
 10
106.4060680555556
 20
114.7987572222222
 30
0.0
 10
106.4004236111111
 20
114.2209072222222
 30
0.0
 10
106.3436263888889
 20
108.2049877777778
 30
0.0
 10
110.0982402777778
 20
106.8351516666667
 30
0.0
 10
107.2880125
 20
105.7563572222222
 30
0.0
 10
105.6472430555555
 20
105.1262961111111
 30
0.0
 10
106.2734236111111
 20
108.8533933333333
 30
0.0
 10
102.0083402777778
 20
108.915835
 30
0.0
 10
98.83510416666667
 20
108.9624016666667
 30
0.0
 10
97.85967361111109
 20
107.067985
 30
0.0
 10
97.2024486111111
 20
105.9084044444444
 30
0.0
 10
96.39352916666667
 20
104.4800072222222
 30
0.0
 10
95.69291249999999
 20
104.921685
 30
0.0
 10
94.11846527777777
 20
104.0129294444444
 30
0.0
 10
93.2495736111111
 20
103.511985
 30
0.0
 10
91.67724305555555
 20
102.4409516666667
 30
0.0
 10
90.9113625
 20
103.207185
 30
0.0
 10
90.25801805555555
 20
103.8601766666667
 30
0.0
 10
91.35162916666665
 20
106.4474488888889
 30
0.0
 10
90.70251805555556
 20
107.8684377777778
 30
0.0
 10
89.77824027777777
 20
109.8916183333333
 30
0.0
 10
89.85267638888888
 20
112.07496
 30
0.0
 10
89.85267638888888
 20
114.6184877777778
 30
0.0
  0
SPLINE
  5
193
330
1F
100
AcDbEntity
  8
DEFAULT
 62
     1
100
AcDbSpline
210
0.0
220
0.0
230
1.0
 70
    11
 71
     3
 72
    59
 73
    55
 74
     0
 42
0.000000001
 43
0.0000000001
 40
1.0
 40
1.0
 40
1.0
 40
1.0
 40
2.0
 40
2.0
 40
2.0
 40
3.0
 40
3.0
 40
3.0
 40
4.0
 40
4.0
 40
4.0
 40
5.0
 40
5.0
 40
5.0
 40
6.0
 40
6.0
 40
6.0
 40
7.0
 40
7.0
 40
7.0
 40
8.0
 40
8.0
 40
8.0
 40
9.0
 40
9.0
 40
9.0
 40
10.0
 40
10.0
 40
10.0
 40
11.0
 40
11.0
 40
11.0
 40
12.0
 40
12.0
 40
12.0
 40
13.0
 40
13.0
 40
13.0
 40
14.0
 40
14.0
 40
14.0
 40
26.89699999999999
 40
26.89699999999999
 40
26.89699999999999
 40
35.40100000000001
 40
35.40100000000001
 40
35.40100000000001
 40
48.30000000000001
 40
48.30000000000001
 40
48.30000000000001
 40
49.30000000000001
 40
49.30000000000001
 40
49.30000000000001
 40
50.30000000000001
 40
50.30000000000001
 40
50.30000000000001
 40
50.30000000000001
 10
87.5782122222222
 20
117.5550805555555
 30
0.0
 10
88.12360666666666
 20
124.1086333333333
 30
0.0
 10
87.21449833333332
 20
134.48665
 30
0.0
 10
90.42407055555555
 20
134.7798083333333
 30
0.0
 10
93.65798444444442
 20
135.0750833333333
 30
0.0
 10
98.66531222222221
 20
127.1411111111111
 30
0.0
 10
103.3223316666667
 20
128.5631583333333
 30
0.0
 10
107.320715
 20
129.7837694444444
 30
0.0
 10
107.0801205555555
 20
121.9073
 30
0.0
 10
107.0801205555555
 20
118.0073416666666
 30
0.0
 10
107.0801205555555
 20
117.0322638888889
 30
0.0
 10
107.1609066666666
 20
115.0796388888889
 30
0.0
 10
107.0801205555555
 20
114.1073833333333
 30
0.0
 10
106.5922288888889
 20
108.2480972222222
 30
0.0
 10
111.9685622222222
 20
106.9029555555555
 30
0.0
 10
109.3992816666667
 20
104.9094083333333
 30
0.0
 10
108.3649372222222
 20
104.1075444444444
 30
0.0
 10
107.244515
 20
103.7498277777778
 30
0.0
 10
105.6453733333333
 20
103.8210888888889
 30
0.0
 10
104.0765705555555
 20
103.8912916666667
 30
0.0
 10
104.97439
 20
108.169075
 30
0.0
 10
100.0813622222222
 20
106.5505305555555
 30
0.0
 10
97.06828722222221
 20
105.5535805555555
 30
0.0
 10
98.72916499999998
 20
103.876475
 30
0.0
 10
94.45596777777776
 20
102.2205361111111
 30
0.0
 10
91.69371777777776
 20
101.1502083333333
 30
0.0
 10
90.31576777777776
 20
100.7233472222222
 30
0.0
 10
89.34457055555555
 20
101.9644194444444
 30
0.0
 10
87.85408444444444
 20
103.8687138888889
 30
0.0
 10
89.65501499999999
 20
105.1510611111111
 30
0.0
 10
88.85209277777777
 20
107.1096833333333
 30
0.0
 10
88.03752888888887
 20
109.096175
 30
0.0
 10
87.51083166666666
 20
111.9635527777777
 30
0.0
 10
87.5782122222222
 20
114.5550583333333
 30
0.0
 10
88.715215
 20
114.5550583333333
 30
0.0
 10
88.58680388888888
 20
114.6185583333333
 30
0.0
 10
89.85257055555554
 20
114.6185583333333
 30
0.0
 10
91.1137511111111
 20
114.6185583333333
 30
0.0
 10
90.99027888888888
 20
114.5550583333333
 30
0.0
 10
92.12834
 20
114.5550583333333
 30
0.0
 10
93.64493166666665
 20
114.5550583333333
 30
0.0
 10
95.16152333333332
 20
114.5550583333333
 30
0.0
 10
96.67811499999999
 20
114.5550583333333
 30
0.0
 10
96.67811499999999
 20
115.5550657407407
 30
0.0
 10
96.67811499999999
 20
116.5550731481481
 30
0.0
 10
96.67811499999999
 20
117.5550805555555
 30
0.0
 10
95.16128814814813
 20
117.5550805555555
 30
0.0
 10
93.6444612962963
 20
117.5550805555555
 30
0.0
 10
92.12763444444444
 20
117.5550805555555
 30
0.0
 10
90.99027888888888
 20
117.5550805555555
 30
0.0
 10
91.1137511111111
 20
117.4915805555555
 30
0.0
 10
89.85257055555554
 20
117.4915805555555
 30
0.0
 10
88.58680388888888
 20
117.4915805555555
 30
0.0
 10
88.715215
 20
117.5550805555555
 30
0.0
 10
87.5782122222222
 20
117.5550805555555
 30
0.0
  0
POLYLINE
  5
194
330
1F
100
AcDbEntity
  8
DEFAULT
 62
     7
100
AcDb2dPolyline
 66
     1
 10
0.0
 20
0.0
 30
0.0
  0
VERTEX
  5
195
330
194
100
AcDbEntity
  8
DEFAULT
 62
     7
100
AcDbVertex
100
AcDb2dVertex
 10
50.2802525
 20
276.9778983333333
 30
0.0
  0
VERTEX
  5
196
330
194
100
AcDbEntity
  8
DEFAULT
 62
     7
100
AcDbVertex
100
AcDb2dVertex
 10
50.2802525
 20
273.9778761111111
 30
0.0
  0
SEQEND
  5
197
330
194
100
AcDbEntity
  8
DEFAULT
 62
     7
  0
SPLINE
  5
198
330
1F
100
AcDbEntity
  8
DEFAULT
 62
     7
100
AcDbSpline
210
0.0
220
0.0
230
1.0
 70
     8
 71
     3
 72
    17
 73
    13
 74
     0
 42
0.000000001
 43
0.0000000001
 40
0.0
 40
0.0
 40
0.0
 40
0.0
 40
3.072000000000003
 40
3.072000000000003
 40
3.072000000000003
 40
4.072000000000003
 40
4.072000000000003
 40
4.072000000000003
 40
5.072000000000003
 40
5.072000000000003
 40
5.072000000000003
 40
6.072000000000003
 40
6.072000000000003
 40
6.072000000000003
 40
6.072000000000003
 10
49.45478777777777
 20
275.3137397222222
 30
0.0
 10
49.09354333333332
 20
275.3137397222222
 30
0.0
 10
48.73229888888888
 20
275.3137397222222
 30
0.0
 10
48.37105444444444
 20
275.3137397222222
 30
0.0
 10
48.06696
 20
275.3137397222222
 30
0.0
 10
47.80978499999999
 20
275.1835647222222
 30
0.0
 10
47.80978499999999
 20
274.8099730555555
 30
0.0
 10
47.80978499999999
 20
274.5538563888889
 30
0.0
 10
47.96571277777777
 20
274.3510091666666
 30
0.0
 10
48.15303777777778
 20
274.2793952777778
 30
0.0
 10
48.19960444444445
 20
274.2568175
 30
0.0
 10
48.25005166666666
 20
274.2522313888889
 30
0.0
 10
48.31637388888888
 20
274.2522313888889
 30
0.0
  0
POLYLINE
  5
199
330
1F
100
AcDbEntity
  8
DEFAULT
 62
     7
100
AcDb2dPolyline
 66
     1
 10
0.0
 20
0.0
 30
0.0
  0
VERTEX
  5
19A
330
199
100
AcDbEntity
  8
DEFAULT
 62
     7
100
AcDbVertex
100
AcDb2dVertex
 10
49.45478777777777
 20
274.2521608333333
 30
0.0
  0
VERTEX
  5
19B
330
199
100
AcDbEntity
  8
DEFAULT
 62
     7
100
AcDbVertex
100
AcDb2dVertex
 10
46.68724611111111
 20
274.2521608333333
 30
0.0
  0
SEQEND
  5
19C
330
199
100
AcDbEntity
  8
DEFAULT
 62
     7
  0
POLYLINE
  5
19D
330
1F
100
AcDbEntity
  8
DEFAULT
 62
     7
100
AcDb2dPolyline
 66
     1
 10
0.0
 20
0.0
 30
0.0
  0
VERTEX
  5
19E
330
19D
100
AcDbEntity
  8
DEFAULT
 62
     7
100
AcDbVertex
100
AcDb2dVertex
 10
47.60753749999999
 20
275.8582522222221
 30
0.0
  0
VERTEX
  5
19F
330
19D
100
AcDbEntity
  8
DEFAULT
 62
     7
100
AcDbVertex
100
AcDb2dVertex
 10
46.92103194444442
 20
276.7038605555555
 30
0.0
  0
VERTEX
  5
1A0
330
19D
100
AcDbEntity
  8
DEFAULT
 62
     7
100
AcDbVertex
100
AcDb2dVertex
 10
49.45468194444444
 20
276.7038605555556
 30
0.0
  0
SEQEND
  5
1A1
330
19D
100
AcDbEntity
  8
DEFAULT
 62
     7
  0
SPLINE
  5
1A2
330
1F
100
AcDbEntity
  8
DEFAULT
 62
     1
100
AcDbSpline
210
0.0
220
0.0
230
1.0
 70
    11
 71
     3
 72
    50
 73
    46
 74
     0
 42
0.000000001
 43
0.0000000001
 40
1.0
 40
1.0
 40
1.0
 40
1.0
 40
2.0
 40
2.0
 40
2.0
 40
3.0
 40
3.0
 40
3.0
 40
4.0
 40
4.0
 40
4.0
 40
15.05500000000006
 40
15.05500000000006
 40
15.05500000000006
 40
16.05500000000006
 40
16.05500000000006
 40
16.05500000000006
 40
17.05500000000006
 40
17.05500000000006
 40
17.05500000000006
 40
18.05500000000006
 40
18.05500000000006
 40
18.05500000000006
 40
19.05500000000006
 40
19.05500000000006
 40
19.05500000000006
 40
20.05500000000006
 40
20.05500000000006
 40
20.05500000000006
 40
21.05500000000006
 40
21.05500000000006
 40
21.05500000000006
 40
33.95200000000008
 40
33.95200000000008
 40
33.95200000000008
 40
42.4560000000001
 40
42.4560000000001
 40
42.4560000000001
 40
55.35300000000012
 40
55.35300000000012
 40
55.35300000000012
 40
56.35300000000012
 40
56.35300000000012
 40
56.35300000000012
 40
57.35300000000012
 40
57.35300000000012
 40
57.35300000000012
 40
57.35300000000012
 10
60.47962249999999
 20
273.977735
 30
0.0
 10
60.73856138888888
 20
260.2412738888889
 30
0.0
 10
60.47680027777777
 20
263.7436516666667
 30
0.0
 10
52.73015305555555
 20
265.0499877777777
 30
0.0
 10
45.40825027777777
 20
266.2854155555556
 30
0.0
 10
39.76168916666666
 20
263.9457933333333
 30
0.0
 10
40.78439194444444
 20
266.2423766666666
 30
0.0
 10
41.7358336111111
 20
268.3787988888889
 30
0.0
 10
40.98018361111111
 20
269.6272794444444
 30
0.0
 10
40.98053638888889
 20
273.5272377777778
 30
0.0
 10
40.98053638888889
 20
274.8272238888889
 30
0.0
 10
40.98053638888889
 20
276.12721
 30
0.0
 10
40.98053638888889
 20
277.4271961111111
 30
0.0
 10
40.98088916666666
 20
280.5909072222222
 30
0.0
 10
44.25925305555555
 20
283.3954905555556
 30
0.0
 10
46.70753083333332
 20
283.49956
 30
0.0
 10
51.14265305555555
 20
283.6879433333333
 30
0.0
 10
53.34398638888888
 20
288.1026044444444
 30
0.0
 10
57.48595027777777
 20
292.1098072222222
 30
0.0
 10
59.24348916666666
 20
293.8101961111111
 30
0.0
 10
61.92071972222222
 20
286.4343183333334
 30
0.0
 10
62.17083916666667
 20
284.05836
 30
0.0
 10
62.54478361111111
 20
280.5072988888889
 30
0.0
 10
60.57099194444444
 20
280.1940322222222
 30
0.0
 10
60.47962249999999
 20
276.9777572222222
 30
0.0
 10
59.34226694444444
 20
276.9777572222222
 30
0.0
 10
59.47067805555555
 20
276.9139044444444
 30
0.0
 10
58.2045586111111
 20
276.9139044444444
 30
0.0
 10
56.94337805555555
 20
276.9139044444444
 30
0.0
 10
57.06720305555555
 20
276.9777572222222
 30
0.0
 10
55.93020027777778
 20
276.9777572222222
 30
0.0
 10
54.41360861111111
 20
276.9777572222222
 30
0.0
 10
52.89701694444444
 20
276.9777572222222
 30
0.0
 10
51.38042527777777
 20
276.9777572222222
 30
0.0
 10
51.38042527777777
 20
275.9777498148148
 30
0.0
 10
51.38042527777777
 20
274.9777424074074
 30
0.0
 10
51.38042527777777
 20
273.977735
 30
0.0
 10
52.89701694444444
 20
273.977735
 30
0.0
 10
54.41360861111111
 20
273.977735
 30
0.0
 10
55.93020027777778
 20
273.977735
 30
0.0
 10
57.06720305555555
 20
273.977735
 30
0.0
 10
56.94337805555555
 20
274.041235
 30
0.0
 10
58.2045586111111
 20
274.0408822222222
 30
0.0
 10
59.47032527777777
 20
274.0408822222222
 30
0.0
 10
59.34191416666666
 20
273.977735
 30
0.0
 10
60.47962249999999
 20
273.977735
 30
0.0
  0
SPLINE
  5
1A3
330
1F
100
AcDbEntity
  8
DEFAULT
 62
     3
100
AcDbSpline
210
0.0
220
0.0
230
1.0
 70
     8
 71
     3
 72
    35
 73
    31
 74
     0
 42
0.000000001
 43
0.0000000001
 40
0.0
 40
0.0
 40
0.0
 40
0.0
 40
1.0
 40
1.0
 40
1.0
 40
2.0
 40
2.0
 40
2.0
 40
3.0
 40
3.0
 40
3.0
 40
4.0
 40
4.0
 40
4.0
 40
5.0
 40
5.0
 40
5.0
 40
6.0
 40
6.0
 40
6.0
 40
7.0
 40
7.0
 40
7.0
 40
8.0
 40
8.0
 40
8.0
 40
9.0
 40
9.0
 40
9.0
 40
10.0
 40
10.0
 40
10.0
 40
10.0
 10
55.93037666666666
 20
273.9779113888889
 30
0.0
 10
55.93037666666666
 20
270.9655419444445
 30
0.0
 10
57.61206833333333
 20
267.1336697222222
 30
0.0
 10
57.06561555555555
 20
267.3548613888889
 30
0.0
 10
55.02691277777777
 20
268.1796558333333
 30
0.0
 10
53.50749888888888
 20
268.4114308333333
 30
0.0
 10
52.00748777777777
 20
268.6312113888889
 30
0.0
 10
49.56414888888889
 20
268.9889280555555
 30
0.0
 10
58.68980444444444
 20
272.2263697222222
 30
0.0
 10
49.56414888888889
 20
272.2263697222222
 30
0.0
 10
41.00646555555555
 20
272.2263697222222
 30
0.0
 10
50.43586277777778
 20
269.0824141666667
 30
0.0
 10
47.36951833333333
 20
268.6933002777778
 30
0.0
 10
46.279435
 20
268.5550113888889
 30
0.0
 10
45.34175166666667
 20
268.2699669444444
 30
0.0
 10
43.83644888888889
 20
267.8840280555555
 30
0.0
 10
43.29211277777777
 20
267.7446808333333
 30
0.0
 10
44.02342111111111
 20
269.0513697222222
 30
0.0
 10
43.45685999999999
 20
276.8332947222222
 30
0.0
 10
43.37007666666666
 20
278.0228613888889
 30
0.0
 10
43.90594611111111
 20
279.9747808333333
 30
0.0
 10
46.79237388888889
 20
280.0015919444444
 30
0.0
 10
57.04480166666666
 20
280.0964891666667
 30
0.0
 10
54.55489611111111
 20
282.1009725
 30
0.0
 10
57.31467666666666
 20
286.9858863888889
 30
0.0
 10
57.81032944444444
 20
287.8628919444445
 30
0.0
 10
58.68980444444444
 20
285.1334502777777
 30
0.0
 10
58.68980444444444
 20
283.8317002777778
 30
0.0
 10
58.68980444444444
 20
282.2544308333333
 30
0.0
 10
55.93037666666666
 20
280.2785225
 30
0.0
 10
55.93037666666666
 20
276.9779336111111
 30
0.0
  0
SPLINE
  5
1A4
330
1F
100
AcDbEntity
  8
DEFAULT
 62
     5
100
AcDbSpline
210
0.0
220
0.0
230
1.0
 70
     8
 71
     3
 72
    35
 73
    31
 74
     0
 42
0.000000001
 43
0.0000000001
 40
0.0
 40
0.0
 40
0.0
 40
0.0
 40
1.0
 40
1.0
 40
1.0
 40
2.0
 40
2.0
 40
2.0
 40
3.0
 40
3.0
 40
3.0
 40
4.0
 40
4.0
 40
4.0
 40
5.0
 40
5.0
 40
5.0
 40
6.0
 40
6.0
 40
6.0
 40
7.0
 40
7.0
 40
7.0
 40
8.0
 40
8.0
 40
8.0
 40
9.0
 40
9.0
 40
9.0
 40
10.0
 40
10.0
 40
10.0
 40
10.0
 10
58.20462916666666
 20
276.9140102777777
 30
0.0
 10
58.20462916666666
 20
280.2788047222222
 30
0.0
 10
60.30295138888889
 20
281.7357769444444
 30
0.0
 10
60.18159583333333
 20
283.8489158333333
 30
0.0
 10
60.09410694444443
 20
285.3736213888889
 30
0.0
 10
58.70663194444444
 20
289.8157991666666
 30
0.0
 10
58.02541805555554
 20
289.8157991666666
 30
0.0
 10
57.34420416666666
 20
289.8157991666666
 30
0.0
 10
55.75352916666666
 20
287.9619519444444
 30
0.0
 10
55.13581527777777
 20
286.6122241666666
 30
0.0
 10
53.55854583333333
 20
283.1677019444444
 30
0.0
 10
51.4411736111111
 20
281.5904325
 30
0.0
 10
46.79262083333333
 20
281.5015324999999
 30
0.0
 10
43.0242486111111
 20
281.4292130555555
 30
0.0
 10
41.95674305555555
 20
278.8320630555555
 30
0.0
 10
41.95674305555555
 20
276.8145269444444
 30
0.0
 10
41.95674305555555
 20
276.8145269444444
 30
0.0
 10
42.12607638888888
 20
270.6320963888888
 30
0.0
 10
42.12607638888888
 20
269.7632047222222
 30
0.0
 10
42.12607638888888
 20
267.5174213888889
 30
0.0
 10
41.78176527777777
 20
266.8545519444444
 30
0.0
 10
42.52965416666666
 20
266.4700241666666
 30
0.0
 10
43.27789583333333
 20
266.0854963888888
 30
0.0
 10
45.57483194444443
 20
267.2235574999999
 30
0.0
 10
49.03487638888888
 20
267.345618611111
 30
0.0
 10
54.6701486111111
 20
267.5445852777777
 30
0.0
 10
57.78023749999999
 20
265.3167936111111
 30
0.0
 10
58.37149305555555
 20
265.7429491666666
 30
0.0
 10
58.96239583333332
 20
266.1687519444444
 30
0.0
 10
58.24802083333332
 20
271.339768611111
 30
0.0
 10
58.20462916666666
 20
274.0406352777778
 30
0.0
  0
POLYLINE
  5
1A5
330
1F
100
AcDbEntity
  8
DEFAULT
 62
     7
100
AcDb2dPolyline
 66
     1
 10
0.0
 20
0.0
 30
0.0
  0
VERTEX
  5
1A6
330
1A5
100
AcDbEntity
  8
DEFAULT
 62
     7
100
AcDbVertex
100
AcDb2dVertex
 10
29.604335
 20
276.9778983333333
 30
0.0
  0
VERTEX
  5
1A7
330
1A5
100
AcDbEntity
  8
DEFAULT
 62
     7
100
AcDbVertex
100
AcDb2dVertex
 10
29.604335
 20
273.9778761111111
 30
0.0
  0
SEQEND
  5
1A8
330
1A5
100
AcDbEntity
  8
DEFAULT
 62
     7
  0
SPLINE
  5
1A9
330
1F
100
AcDbEntity
  8
DEFAULT
 62
     7
100
AcDbSpline
210
0.0
220
0.0
230
1.0
 70
     8
 71
     3
 72
    17
 73
    13
 74
     0
 42
0.000000001
 43
0.0000000001
 40
0.0
 40
0.0
 40
0.0
 40
0.0
 40
3.072000000000003
 40
3.072000000000003
 40
3.072000000000003
 40
4.072000000000003
 40
4.072000000000003
 40
4.072000000000003
 40
5.072000000000003
 40
5.072000000000003
 40
5.072000000000003
 40
6.072000000000003
 40
6.072000000000003
 40
6.072000000000003
 40
6.072000000000003
 10
28.77872916666666
 20
274.9849155555555
 30
0.0
 10
28.41748472222222
 20
274.9849155555555
 30
0.0
 10
28.05624027777777
 20
274.9849155555555
 30
0.0
 10
27.69499583333333
 20
274.9849155555555
 30
0.0
 10
27.39090138888889
 20
274.9849155555555
 30
0.0
 10
27.13372638888889
 20
274.8677933333333
 30
0.0
 10
27.13372638888889
 20
274.5323016666666
 30
0.0
 10
27.13372638888889
 20
274.3015849999999
 30
0.0
 10
27.28965416666666
 20
274.1195516666666
 30
0.0
 10
27.47697916666667
 20
274.0549933333333
 30
0.0
 10
27.52354583333333
 20
274.034885
 30
0.0
 10
27.57399305555555
 20
274.0306516666666
 30
0.0
 10
27.64031527777777
 20
274.0306516666666
 30
0.0
  0
POLYLINE
  5
1AA
330
1F
100
AcDbEntity
  8
DEFAULT
 62
     7
100
AcDb2dPolyline
 66
     1
 10
0.0
 20
0.0
 30
0.0
  0
VERTEX
  5
1AB
330
1AA
100
AcDbEntity
  8
DEFAULT
 62
     7
100
AcDbVertex
100
AcDb2dVertex
 10
28.77872916666666
 20
274.0307927777778
 30
0.0
  0
VERTEX
  5
1AC
330
1AA
100
AcDbEntity
  8
DEFAULT
 62
     7
100
AcDbVertex
100
AcDb2dVertex
 10
26.0111875
 20
274.0307927777778
 30
0.0
  0
SEQEND
  5
1AD
330
1AA
100
AcDbEntity
  8
DEFAULT
 62
     7
  0
SPLINE
  5
1AE
330
1F
100
AcDbEntity
  8
DEFAULT
 62
     7
100
AcDbSpline
210
0.0
220
0.0
230
1.0
 70
     8
 71
     3
 72
    17
 73
    13
 74
     0
 42
0.000000001
 43
0.0000000001
 40
0.0
 40
0.0
 40
0.0
 40
0.0
 40
1.0
 40
1.0
 40
1.0
 40
2.0
 40
2.0
 40
2.0
 40
3.0
 40
3.0
 40
3.0
 40
6.769999999999982
 40
6.769999999999982
 40
6.769999999999982
 40
6.769999999999982
 10
26.83241888888889
 20
275.5564508333333
 30
0.0
 10
26.35475777777778
 20
275.5564508333333
 30
0.0
 10
26.202005
 20
275.9452119444445
 30
0.0
 10
26.202005
 20
276.2126175
 30
0.0
 10
26.202005
 20
276.7117980555556
 30
0.0
 10
26.46941055555556
 20
276.9220536111111
 30
0.0
 10
26.83206611111111
 20
276.9220536111111
 30
0.0
 10
27.29984944444444
 20
276.9220536111111
 30
0.0
 10
28.77869388888888
 20
275.4993008333333
 30
0.0
 10
28.77869388888888
 20
275.4993008333333
 30
0.0
 10
28.77869388888888
 20
275.9426249074074
 30
0.0
 10
28.77869388888888
 20
276.3859489814815
 30
0.0
 10
28.77869388888888
 20
276.8292730555555
 30
0.0
  0
SPLINE
  5
1AF
330
1F
100
AcDbEntity
  8
DEFAULT
 62
     1
100
AcDbSpline
210
0.0
220
0.0
230
1.0
 70
    11
 71
     3
 72
    44
 73
    40
 74
     0
 42
0.000000001
 43
0.0000000001
 40
1.0
 40
1.0
 40
1.0
 40
1.0
 40
2.0
 40
2.0
 40
2.0
 40
3.0
 40
3.0
 40
3.0
 40
15.88900096981918
 40
15.88900096981918
 40
15.88900096981918
 40
24.39300096981921
 40
24.39300096981921
 40
24.39300096981921
 40
37.29700968804316
 40
37.29700968804316
 40
37.29700968804316
 40
38.29700968804316
 40
38.29700968804316
 40
38.29700968804316
 40
39.29700968804316
 40
39.29700968804316
 40
39.29700968804316
 40
40.29700968804316
 40
40.29700968804316
 40
40.29700968804316
 40
41.29700968804316
 40
41.29700968804316
 40
41.29700968804316
 40
42.29700968804316
 40
42.29700968804316
 40
42.29700968804316
 40
43.29700968804316
 40
43.29700968804316
 40
43.29700968804316
 40
44.29700968804316
 40
44.29700968804316
 40
44.29700968804316
 40
45.29700968804316
 40
45.29700968804316
 40
45.29700968804316
 40
45.29700968804316
 10
39.80268194444444
 20
273.9755125
 30
0.0
 10
38.6635625
 20
273.9755125
 30
0.0
 10
38.79126805555555
 20
274.0351319444444
 30
0.0
 10
37.52691249999999
 20
274.0407763888888
 30
0.0
 10
36.26396805555555
 20
274.0368958333333
 30
0.0
 10
36.39026249999999
 20
273.9765708333333
 30
0.0
 10
35.25114305555555
 20
273.9762180555555
 30
0.0
 10
33.73549212962963
 20
273.9768060185185
 30
0.0
 10
32.2198412037037
 20
273.9773939814814
 30
0.0
 10
30.70419027777777
 20
273.9779819444444
 30
0.0
 10
30.70419027777777
 20
274.9779893518518
 30
0.0
 10
30.70419027777777
 20
275.9779967592593
 30
0.0
 10
30.70419027777777
 20
276.9780041666667
 30
0.0
 10
32.22160509259259
 20
276.9762402777778
 30
0.0
 10
33.7390199074074
 20
276.9744763888889
 30
0.0
 10
35.25643472222222
 20
276.9727125
 30
0.0
 10
36.39096805555555
 20
276.9720069444444
 30
0.0
 10
36.26820138888888
 20
276.9081541666666
 30
0.0
 10
37.52761805555555
 20
276.9070958333333
 30
0.0
 10
38.79585416666666
 20
276.9067430555555
 30
0.0
 10
38.66426805555555
 20
276.9713013888889
 30
0.0
 10
39.80338749999999
 20
276.9709486111111
 30
0.0
 10
39.59665972222221
 20
280.9961430555555
 30
0.0
 10
39.80867916666666
 20
283.7703875
 30
0.0
 10
37.82712638888889
 20
284.1665569444444
 30
0.0
 10
33.78076527777777
 20
284.9758291666666
 30
0.0
 10
32.14846249999999
 20
284.0250930555555
 30
0.0
 10
29.23451805555555
 20
282.9600569444444
 30
0.0
 10
21.05783472222222
 20
279.9727347222222
 30
0.0
 10
18.49949027777777
 20
280.2965847222222
 30
0.0
 10
21.03419861111111
 20
276.8908680555555
 30
0.0
 10
22.46647638888889
 20
274.9661125
 30
0.0
 10
25.44956527777778
 20
272.2038625
 30
0.0
 10
28.93183472222222
 20
270.1245902777778
 30
0.0
 10
31.19596249999999
 20
268.7727458333333
 30
0.0
 10
34.00230972222222
 20
266.5625930555555
 30
0.0
 10
37.42249027777778
 20
266.9280708333333
 30
0.0
 10
39.91310138888888
 20
267.1940652777778
 30
0.0
 10
39.79915416666666
 20
272.2257347222222
 30
0.0
 10
39.80268194444444
 20
273.9755125
 30
0.0
  0
SPLINE
  5
1B0
330
1F
100
AcDbEntity
  8
DEFAULT
 62
     3
100
AcDbSpline
210
0.0
220
0.0
230
1.0
 70
     8
 71
     3
 72
    11
 73
     7
 74
     0
 42
0.000000001
 43
0.0000000001
 40
0.0
 40
0.0
 40
0.0
 40
0.0
 40
1.0
 40
1.0
 40
1.0
 40
2.0
 40
2.0
 40
2.0
 40
2.0
 10
35.25636416666666
 20
276.9725713888889
 30
0.0
 10
35.25636416666666
 20
278.6228658333333
 30
0.0
 10
36.48015027777777
 20
279.7644547222222
 30
0.0
 10
36.02718361111111
 20
280.7603463888889
 30
0.0
 10
35.60914194444445
 20
281.6786269444444
 30
0.0
 10
30.7044725
 20
279.9510741666666
 30
0.0
 10
30.7044725
 20
276.9778630555555
 30
0.0
  0
SPLINE
  5
1B1
330
1F
100
AcDbEntity
  8
DEFAULT
 62
     3
100
AcDbSpline
210
0.0
220
0.0
230
1.0
 70
     8
 71
     3
 72
    11
 73
     7
 74
     0
 42
0.000000001
 43
0.0000000001
 40
0.0
 40
0.0
 40
0.0
 40
0.0
 40
1.0
 40
1.0
 40
1.0
 40
2.0
 40
2.0
 40
2.0
 40
2.0
 10
30.70433138888889
 20
273.9779113888889
 30
0.0
 10
30.70433138888889
 20
272.2313086111111
 30
0.0
 10
35.41638416666666
 20
270.4257919444444
 30
0.0
 10
35.85806194444444
 20
270.7852725
 30
0.0
 10
36.29973972222222
 20
271.1447530555556
 30
0.0
 10
35.25093138888889
 20
272.7086169444444
 30
0.0
 10
35.25093138888889
 20
273.9765002777777
 30
0.0
  0
SPLINE
  5
1B2
330
1F
100
AcDbEntity
  8
DEFAULT
 62
     5
100
AcDbSpline
210
0.0
220
0.0
230
1.0
 70
     8
 71
     3
 72
    23
 73
    19
 74
     0
 42
0.000000001
 43
0.0000000001
 40
0.0
 40
0.0
 40
0.0
 40
0.0
 40
1.0
 40
1.0
 40
1.0
 40
2.0
 40
2.0
 40
2.0
 40
3.0
 40
3.0
 40
3.0
 40
4.0
 40
4.0
 40
4.0
 40
5.0
 40
5.0
 40
5.0
 40
6.0
 40
6.0
 40
6.0
 40
6.0
 10
37.52701833333333
 20
274.0406
 30
0.0
 10
37.41412944444444
 20
271.8318583333333
 30
0.0
 10
37.28748222222222
 20
269.1983722222222
 30
0.0
 10
36.66659333333333
 20
268.8882805555555
 30
0.0
 10
36.04535166666666
 20
268.5778361111111
 30
0.0
 10
31.61340444444444
 20
270.094075
 30
0.0
 10
28.58233777777777
 20
271.98955
 30
0.0
 10
27.01318222222222
 20
272.9709777777778
 30
0.0
 10
20.77959888888889
 20
277.7070194444444
 30
0.0
 10
21.07205166666666
 20
278.5004166666666
 30
0.0
 10
21.36450444444444
 20
279.2938138888888
 30
0.0
 10
22.80524888888889
 20
279.7563055555555
 30
0.0
 10
23.78879333333333
 20
279.9365749999999
 30
0.0
 10
30.08869888888888
 20
281.092275
 30
0.0
 10
35.60402666666666
 20
284.1519166666666
 30
0.0
 10
37.34498499999999
 20
282.2229277777777
 30
0.0
 10
37.95317388888888
 20
281.5491222222222
 30
0.0
 10
37.47586555555555
 20
278.1927944444444
 30
0.0
 10
37.52737111111111
 20
276.9069194444444
 30
0.0
  0
POLYLINE
  5
1B3
330
1F
100
AcDbEntity
  8
DEFAULT
 62
     7
100
AcDb2dPolyline
 66
     1
 10
0.0
 20
0.0
 30
0.0
  0
VERTEX
  5
1B4
330
1B3
100
AcDbEntity
  8
DEFAULT
 62
     7
100
AcDbVertex
100
AcDb2dVertex
 10
27.73553
 20
241.9109758333333
 30
0.0
  0
VERTEX
  5
1B5
330
1B3
100
AcDbEntity
  8
DEFAULT
 62
     7
100
AcDbVertex
100
AcDb2dVertex
 10
27.73553
 20
238.9109536111111
 30
0.0
  0
SEQEND
  5
1B6
330
1B3
100
AcDbEntity
  8
DEFAULT
 62
     7
  0
SPLINE
  5
1B7
330
1F
100
AcDbEntity
  8
DEFAULT
 62
     7
100
AcDbSpline
210
0.0
220
0.0
230
1.0
 70
     8
 71
     3
 72
    17
 73
    13
 74
     0
 42
0.000000001
 43
0.0000000001
 40
0.0
 40
0.0
 40
0.0
 40
0.0
 40
1.0
 40
1.0
 40
1.0
 40
2.0
 40
2.0
 40
2.0
 40
3.0
 40
3.0
 40
3.0
 40
6.644000000000005
 40
6.644000000000005
 40
6.644000000000005
 40
6.644000000000005
 10
24.13938388888888
 20
240.640235
 30
0.0
 10
23.66172277777777
 20
240.640235
 30
0.0
 10
23.50896999999999
 20
241.0018322222222
 30
0.0
 10
23.50896999999999
 20
241.2505405555555
 30
0.0
 10
23.50896999999999
 20
241.7151488888889
 30
0.0
 10
23.77602277777777
 20
241.9109405555555
 30
0.0
 10
24.13867833333333
 20
241.9109405555555
 30
0.0
 10
24.60646166666666
 20
241.9109405555555
 30
0.0
 10
26.08565888888888
 20
240.5869655555556
 30
0.0
 10
26.08565888888888
 20
240.5869655555556
 30
0.0
 10
26.08565888888888
 20
241.015472962963
 30
0.0
 10
26.08565888888888
 20
241.4439803703704
 30
0.0
 10
26.08565888888888
 20
241.8724877777778
 30
0.0
  0
SPLINE
  5
1B8
330
1F
100
AcDbEntity
  8
DEFAULT
 62
     7
100
AcDbSpline
210
0.0
220
0.0
230
1.0
 70
     8
 71
     3
 72
    29
 73
    25
 74
     0
 42
0.000000001
 43
0.0000000001
 40
0.0
 40
0.0
 40
0.0
 40
0.0
 40
1.0
 40
1.0
 40
1.0
 40
2.0
 40
2.0
 40
2.0
 40
3.0
 40
3.0
 40
3.0
 40
4.0
 40
4.0
 40
4.0
 40
5.0
 40
5.0
 40
5.0
 40
6.0
 40
6.0
 40
6.0
 40
7.0
 40
7.0
 40
7.0
 40
8.0
 40
8.0
 40
8.0
 40
8.0
 10
25.82213388888889
 20
240.2209586111111
 30
0.0
 10
25.96818388888889
 20
240.1313530555555
 30
0.0
 10
26.08565888888889
 20
239.8660641666666
 30
0.0
 10
26.08565888888889
 20
239.6170030555555
 30
0.0
 10
26.08565888888889
 20
239.2187169444444
 30
0.0
 10
25.75475333333333
 20
238.9333197222222
 30
0.0
 10
25.31977833333333
 20
238.9333197222222
 30
0.0
 10
24.78778944444444
 20
238.9333197222222
 30
0.0
 10
24.48616444444444
 20
239.2882141666666
 30
0.0
 10
24.48616444444444
 20
239.6568669444444
 30
0.0
 10
24.48616444444444
 20
239.9355613888889
 30
0.0
 10
24.62903944444444
 20
240.1585169444444
 30
0.0
 10
24.75850888888889
 20
240.2283669444444
 30
0.0
 10
24.89538666666667
 20
240.2220169444444
 30
0.0
 10
26.25358111111111
 20
240.2209586111111
 30
0.0
 10
26.25358111111111
 20
240.2209586111111
 30
0.0
 10
26.68608666666666
 20
240.2209586111111
 30
0.0
 10
26.73759222222222
 20
240.1539308333333
 30
0.0
 10
26.90128111111111
 20
240.0107030555555
 30
0.0
 10
27.07273111111111
 20
239.8674752777777
 30
0.0
 10
27.12741166666667
 20
239.6603947222222
 30
0.0
 10
27.12741166666667
 20
239.4741280555555
 30
0.0
 10
27.12741166666667
 20
239.2973863888888
 30
0.0
 10
27.07273111111111
 20
239.1023002777777
 30
0.0
 10
26.97148388888889
 20
238.9834141666666
 30
0.0
  0
SPLINE
  5
1B9
330
1F
100
AcDbEntity
  8
DEFAULT
 62
     1
100
AcDbSpline
210
0.0
220
0.0
230
1.0
 70
    11
 71
     3
 72
    44
 73
    40
 74
     0
 42
0.000000001
 43
0.0000000001
 40
1.0
 40
1.0
 40
1.0
 40
1.0
 40
2.0
 40
2.0
 40
2.0
 40
3.0
 40
3.0
 40
3.0
 40
4.0
 40
4.0
 40
4.0
 40
5.0
 40
5.0
 40
5.0
 40
6.0
 40
6.0
 40
6.0
 40
18.89202051658311
 40
18.89202051658311
 40
18.89202051658311
 40
27.39602051658313
 40
27.39602051658313
 40
27.39602051658313
 40
40.29802923615855
 40
40.29802923615855
 40
40.29802923615855
 40
41.29802923615855
 40
41.29802923615855
 40
41.29802923615855
 40
42.29802923615855
 40
42.29802923615855
 40
42.29802923615855
 40
43.29802923615855
 40
43.29802923615855
 40
43.29802923615855
 40
44.29802923615855
 40
44.29802923615855
 40
44.29802923615855
 40
45.29802923615855
 40
45.29802923615855
 40
45.29802923615855
 40
45.29802923615855
 10
10.9756575
 20
237.4931397222222
 30
0.0
 10
10.67967694444445
 20
235.2861619444444
 30
0.0
 10
13.20591861111111
 20
234.6338758333333
 30
0.0
 10
15.22310194444444
 20
233.8619980555555
 30
0.0
 10
20.61213527777777
 20
231.7986008333333
 30
0.0
 10
31.70135194444444
 20
234.0881286111111
 30
0.0
 10
36.94821583333333
 20
232.6117536111111
 30
0.0
 10
39.66777972222221
 20
231.8465786111111
 30
0.0
 10
37.98891027777777
 20
236.0255841666666
 30
0.0
 10
37.93105472222222
 20
238.9109536111111
 30
0.0
 10
36.79546305555555
 20
238.9116591666666
 30
0.0
 10
36.92740194444444
 20
238.9762175
 30
0.0
 10
35.65916583333333
 20
238.9769230555555
 30
0.0
 10
34.39692694444444
 20
238.9779813888888
 30
0.0
 10
34.52181027777777
 20
238.9158925
 30
0.0
 10
33.38339638888888
 20
238.9134230555555
 30
0.0
 10
31.86739268518518
 20
238.9161276851852
 30
0.0
 10
30.35138898148148
 20
238.9188323148148
 30
0.0
 10
28.83538527777777
 20
238.9215369444444
 30
0.0
 10
28.83538527777777
 20
239.9215443518518
 30
0.0
 10
28.83538527777777
 20
240.9215517592592
 30
0.0
 10
28.83538527777777
 20
241.9215591666666
 30
0.0
 10
30.3525649074074
 20
241.9197952777778
 30
0.0
 10
31.86974453703704
 20
241.9180313888889
 30
0.0
 10
33.38692416666667
 20
241.9162675
 30
0.0
 10
34.52533805555555
 20
241.9190897222222
 30
0.0
 10
34.40045472222221
 20
241.8545313888888
 30
0.0
 10
35.66234083333332
 20
241.8534730555555
 30
0.0
 10
36.92740194444444
 20
241.8492397222222
 30
0.0
 10
36.79934361111111
 20
241.9148563888889
 30
0.0
 10
37.93811027777777
 20
241.9109758333333
 30
0.0
 10
37.96739083333333
 20
242.7710480555555
 30
0.0
 10
40.11192694444444
 20
247.1158591666666
 30
0.0
 10
35.16492416666667
 20
246.4134786111111
 30
0.0
 10
24.25950472222222
 20
244.8640786111111
 30
0.0
 10
15.26684638888889
 20
247.3853813888889
 30
0.0
 10
11.51399638888889
 20
242.9784813888888
 30
0.0
 10
10.76222694444444
 20
242.0951258333333
 30
0.0
 10
11.03774638888889
 20
237.9556313888889
 30
0.0
 10
10.9756575
 20
237.4931397222222
 30
0.0
  0
SPLINE
  5
1BA
330
1F
100
AcDbEntity
  8
DEFAULT
 62
     3
100
AcDbSpline
210
0.0
220
0.0
230
1.0
 70
     8
 71
     3
 72
    26
 73
    22
 74
     0
 42
0.000000001
 43
0.0000000001
 40
0.0
 40
0.0
 40
0.0
 40
0.0
 40
1.0
 40
1.0
 40
1.0
 40
2.0
 40
2.0
 40
2.0
 40
3.0
 40
3.0
 40
3.0
 40
4.0
 40
4.0
 40
4.0
 40
5.0
 40
5.0
 40
5.0
 40
6.0
 40
6.0
 40
6.0
 40
7.0
 40
7.0
 40
7.0
 40
7.0
 10
33.38688888888888
 20
241.9161263888889
 30
0.0
 10
33.38688888888888
 20
242.3570986111111
 30
0.0
 10
33.87372222222222
 20
242.7042319444444
 30
0.0
 10
34.65124444444444
 20
243.2408069444444
 30
0.0
 10
35.30882222222222
 20
243.6944791666666
 30
0.0
 10
28.49068611111111
 20
242.8266458333333
 30
0.0
 10
21.87081111111111
 20
242.8887347222222
 30
0.0
 10
17.07515
 20
242.9338902777777
 30
0.0
 10
13.77879444444444
 20
241.7111625
 30
0.0
 10
13.230225
 20
241.0373569444444
 30
0.0
 10
12.88344444444444
 20
240.6112013888889
 30
0.0
 10
13.28137777777778
 20
239.0180569444444
 30
0.0
 10
13.28137777777778
 20
238.4141013888888
 30
0.0
 10
13.28137777777778
 20
237.7688708333333
 30
0.0
 10
14.39262777777778
 20
235.8151875
 30
0.0
 10
22.14280277777777
 20
236.2797958333333
 30
0.0
 10
29.56983333333333
 20
236.7253541666666
 30
0.0
 10
34.12983888888888
 20
235.9181986111111
 30
0.0
 10
34.65124444444444
 20
236.1764319444444
 30
0.0
 10
35.17265
 20
236.4350180555555
 30
0.0
 10
33.38336111111111
 20
237.7491152777777
 30
0.0
 10
33.38336111111111
 20
238.9132819444444
 30
0.0
  0
SPLINE
  5
1BB
330
1F
100
AcDbEntity
  8
DEFAULT
 62
     5
100
AcDbSpline
210
0.0
220
0.0
230
1.0
 70
     8
 71
     3
 72
    29
 73
    25
 74
     0
 42
0.000000001
 43
0.0000000001
 40
0.0
 40
0.0
 40
0.0
 40
0.0
 40
1.0
 40
1.0
 40
1.0
 40
2.0
 40
2.0
 40
2.0
 40
3.0
 40
3.0
 40
3.0
 40
4.0
 40
4.0
 40
4.0
 40
5.0
 40
5.0
 40
5.0
 40
6.0
 40
6.0
 40
6.0
 40
7.0
 40
7.0
 40
7.0
 40
8.0
 40
8.0
 40
8.0
 40
8.0
 10
35.65909527777777
 20
238.9767819444444
 30
0.0
 10
35.65909527777777
 20
236.4798208333333
 30
0.0
 10
37.0430425
 20
235.2659125
 30
0.0
 10
36.43344249999999
 20
234.7829597222222
 30
0.0
 10
35.8238425
 20
234.3000069444444
 30
0.0
 10
33.46340638888888
 20
235.0461319444444
 30
0.0
 10
27.01251194444444
 20
235.0461319444444
 30
0.0
 10
25.53437305555555
 20
235.0461319444444
 30
0.0
 10
23.32351472222222
 20
234.7677902777777
 30
0.0
 10
21.88382861111111
 20
234.7677902777777
 30
0.0
 10
16.4055425
 20
234.7677902777777
 30
0.0
 10
11.78133138888889
 20
235.4423013888889
 30
0.0
 10
11.78133138888889
 20
238.4141013888888
 30
0.0
 10
11.78133138888889
 20
240.2485458333333
 30
0.0
 10
11.53227027777777
 20
241.1079125
 30
0.0
 10
11.9541925
 20
241.8960180555555
 30
0.0
 10
13.7861675
 20
243.8489958333333
 30
0.0
 10
19.00198694444444
 20
243.8087791666666
 30
0.0
 10
24.05799805555555
 20
243.8087791666666
 30
0.0
 10
27.92267861111111
 20
243.8087791666666
 30
0.0
 10
35.9222675
 20
244.9464875
 30
0.0
 10
36.42885638888889
 20
244.4758819444444
 30
0.0
 10
36.93473972222222
 20
244.0052763888889
 30
0.0
 10
35.66227027777777
 20
243.1413236111111
 30
0.0
 10
35.66227027777777
 20
241.8536847222222
 30
0.0
  0
POLYLINE
  5
1BC
330
1F
100
AcDbEntity
  8
DEFAULT
 62
     7
100
AcDb2dPolyline
 66
     1
 10
0.0
 20
0.0
 30
0.0
  0
VERTEX
  5
1BD
330
1BC
100
AcDbEntity
  8
DEFAULT
 62
     7
100
AcDbVertex
100
AcDb2dVertex
 10
28.43127833333333
 20
210.6501727777778
 30
0.0
  0
VERTEX
  5
1BE
330
1BC
100
AcDbEntity
  8
DEFAULT
 62
     7
100
AcDbVertex
100
AcDb2dVertex
 10
28.43127833333333
 20
207.6501505555555
 30
0.0
  0
SEQEND
  5
1BF
330
1BC
100
AcDbEntity
  8
DEFAULT
 62
     7
  0
SPLINE
  5
1C0
330
1F
100
AcDbEntity
  8
DEFAULT
 62
     7
100
AcDbSpline
210
0.0
220
0.0
230
1.0
 70
     8
 71
     3
 72
    17
 73
    13
 74
     0
 42
0.000000001
 43
0.0000000001
 40
0.0
 40
0.0
 40
0.0
 40
0.0
 40
1.0
 40
1.0
 40
1.0
 40
2.0
 40
2.0
 40
2.0
 40
3.0
 40
3.0
 40
3.0
 40
6.463000000000079
 40
6.463000000000079
 40
6.463000000000079
 40
6.463000000000079
 10
25.48501944444444
 20
209.4376755555555
 30
0.0
 10
25.00735833333333
 20
209.4376755555555
 30
0.0
 10
24.85460555555555
 20
209.7777533333333
 30
0.0
 10
24.85460555555555
 20
210.011645
 30
0.0
 10
24.85460555555555
 20
210.4480311111111
 30
0.0
 10
25.12201111111111
 20
210.6321811111111
 30
0.0
 10
25.48431388888889
 20
210.6321811111111
 30
0.0
 10
25.95209722222222
 20
210.6321811111111
 30
0.0
 10
27.43129444444444
 20
209.3875811111111
 30
0.0
 10
27.43129444444444
 20
209.3875811111111
 30
0.0
 10
27.43129444444444
 20
209.7948042592592
 30
0.0
 10
27.43129444444444
 20
210.2020274074074
 30
0.0
 10
27.43129444444444
 20
210.6092505555555
 30
0.0
  0
SPLINE
  5
1C1
330
1F
100
AcDbEntity
  8
DEFAULT
 62
     7
100
AcDbSpline
210
0.0
220
0.0
230
1.0
 70
     8
 71
     3
 72
    11
 73
     7
 74
     0
 42
0.000000001
 43
0.0000000001
 40
0.0
 40
0.0
 40
0.0
 40
0.0
 40
5.346999999999994
 40
5.346999999999994
 40
5.346999999999994
 40
6.346999999999994
 40
6.346999999999994
 40
6.346999999999994
 40
6.346999999999994
 10
27.43132972222222
 20
207.9635230555555
 30
0.0
 10
26.80256212962962
 20
207.9635230555556
 30
0.0
 10
26.17379453703704
 20
207.9635230555556
 30
0.0
 10
25.54502694444444
 20
207.9635230555555
 30
0.0
 10
24.73399083333333
 20
207.9635230555555
 30
0.0
 10
24.41049361111111
 20
208.3790952777777
 30
0.0
 10
24.67542972222222
 20
208.9336619444444
 30
0.0
  0
POLYLINE
  5
1C2
330
1F
100
AcDbEntity
  8
DEFAULT
 62
     7
100
AcDb2dPolyline
 66
     1
 10
0.0
 20
0.0
 30
0.0
  0
VERTEX
  5
1C3
330
1C2
100
AcDbEntity
  8
DEFAULT
 62
     7
100
AcDbVertex
100
AcDb2dVertex
 10
25.54495638888888
 20
207.7249394444444
 30
0.0
  0
VERTEX
  5
1C4
330
1C2
100
AcDbEntity
  8
DEFAULT
 62
     7
100
AcDbVertex
100
AcDb2dVertex
 10
25.54495638888888
 20
208.614645
 30
0.0
  0
SEQEND
  5
1C5
330
1C2
100
AcDbEntity
  8
DEFAULT
 62
     7
  0
SPLINE
  5
1C6
330
1F
100
AcDbEntity
  8
DEFAULT
 62
     1
100
AcDbSpline
210
0.0
220
0.0
230
1.0
 70
    11
 71
     3
 72
    50
 73
    46
 74
     0
 42
0.000000001
 43
0.0000000001
 40
1.0
 40
1.0
 40
1.0
 40
1.0
 40
2.0
 40
2.0
 40
2.0
 40
3.0
 40
3.0
 40
3.0
 40
4.0
 40
4.0
 40
4.0
 40
5.0
 40
5.0
 40
5.0
 40
6.0
 40
6.0
 40
6.0
 40
7.0
 40
7.0
 40
7.0
 40
8.0
 40
8.0
 40
8.0
 40
20.8980001550628
 40
20.8980001550628
 40
20.8980001550628
 40
29.40200015506282
 40
29.40200015506282
 40
29.40200015506282
 40
42.30000019382851
 40
42.30000019382851
 40
42.30000019382851
 40
43.30000019382851
 40
43.30000019382851
 40
43.30000019382851
 40
44.30000019382851
 40
44.30000019382851
 40
44.30000019382851
 40
45.30000019382851
 40
45.30000019382851
 40
45.30000019382851
 40
46.30000019382851
 40
46.30000019382851
 40
46.30000019382851
 40
47.30000019382851
 40
47.30000019382851
 40
47.30000019382851
 40
47.30000019382851
 10
15.88113833333333
 20
212.9664763888889
 30
0.0
 10
12.83913555555556
 20
213.3136097222222
 30
0.0
 10
12.19461055555556
 20
209.4976125
 30
0.0
 10
12.162155
 20
206.5155819444444
 30
0.0
 10
12.14063555555555
 20
204.5252097222222
 30
0.0
 10
18.89633
 20
201.3177541666666
 30
0.0
 10
21.02181611111111
 20
201.0447041666666
 30
0.0
 10
23.14624388888889
 20
200.7674208333333
 30
0.0
 10
35.80003
 20
199.8357347222222
 30
0.0
 10
38.48325777777777
 20
199.1322958333333
 30
0.0
 10
39.78888833333333
 20
198.7925708333333
 30
0.0
 10
39.61673277777777
 20
200.9462791666666
 30
0.0
 10
38.95703833333334
 20
203.4203097222222
 30
0.0
 10
38.60002722222222
 20
204.7580430555555
 30
0.0
 10
38.61025777777778
 20
206.4051625
 30
0.0
 10
38.61025777777778
 20
207.6501152777777
 30
0.0
 10
37.47149111111111
 20
207.6525847222222
 30
0.0
 10
37.60237166666667
 20
207.7167902777778
 30
0.0
 10
36.33448833333333
 20
207.7164375
 30
0.0
 10
35.07648277777778
 20
207.7178486111111
 30
0.0
 10
35.19572166666666
 20
207.6522319444444
 30
0.0
 10
34.06154111111111
 20
207.6539958333333
 30
0.0
 10
32.54483185185185
 20
207.6537606481481
 30
0.0
 10
31.02812259259259
 20
207.6535254629629
 30
0.0
 10
29.51141333333333
 20
207.6532902777777
 30
0.0
 10
29.51141333333333
 20
208.6532976851852
 30
0.0
 10
29.51141333333333
 20
209.6533050925925
 30
0.0
 10
29.51141333333333
 20
210.6533125
 30
0.0
 10
31.0281225925926
 20
210.6534300925925
 30
0.0
 10
32.54483185185185
 20
210.6535476851851
 30
0.0
 10
34.06154111111111
 20
210.6536652777777
 30
0.0
 10
35.20066055555555
 20
210.6511958333333
 30
0.0
 10
35.07471888888888
 20
210.5901652777777
 30
0.0
 10
36.33766333333333
 20
210.5873430555555
 30
0.0
 10
37.60589944444444
 20
210.5880486111111
 30
0.0
 10
37.47537166666666
 20
210.6515486111111
 30
0.0
 10
38.61025777777778
 20
210.6501374999999
 30
0.0
 10
38.57039388888889
 20
213.1873152777777
 30
0.0
 10
39.91236055555556
 20
214.3938152777777
 30
0.0
 10
40.02630777777777
 20
216.5094236111111
 30
0.0
 10
40.26866611111111
 20
221.2031319444444
 30
0.0
 10
38.75736611111111
 20
221.7192458333333
 30
0.0
 10
32.03165777777777
 20
218.1272625
 30
0.0
 10
23.48032444444445
 20
213.5598486111111
 30
0.0
 10
18.62469111111111
 20
212.6535625
 30
0.0
 10
15.88113833333333
 20
212.9664763888889
 30
0.0
  0
SPLINE
  5
1C7
330
1F
100
AcDbEntity
  8
DEFAULT
 62
     3
100
AcDbSpline
210
0.0
220
0.0
230
1.0
 70
     8
 71
     3
 72
    26
 73
    22
 74
     0
 42
0.000000001
 43
0.0000000001
 40
0.0
 40
0.0
 40
0.0
 40
0.0
 40
1.0
 40
1.0
 40
1.0
 40
2.0
 40
2.0
 40
2.0
 40
3.0
 40
3.0
 40
3.0
 40
4.0
 40
4.0
 40
4.0
 40
5.0
 40
5.0
 40
5.0
 40
6.0
 40
6.0
 40
6.0
 40
7.0
 40
7.0
 40
7.0
 40
7.0
 10
33.90727138888889
 20
207.6543133333333
 30
0.0
 10
33.90727138888889
 20
205.4646216666667
 30
0.0
 10
36.01335472222222
 20
202.8258438888889
 30
0.0
 10
35.24676861111111
 20
202.9108633333333
 30
0.0
 10
34.4801825
 20
202.9958827777778
 30
0.0
 10
26.87358805555555
 20
204.3844161111111
 30
0.0
 10
21.20832972222222
 20
204.5265855555555
 30
0.0
 10
16.56965472222222
 20
204.6426494444444
 30
0.0
 10
25.26986027777778
 20
211.7920438888889
 30
0.0
 10
14.88937416666666
 20
207.2793105555555
 30
0.0
 10
14.03036027777778
 20
206.9057188888889
 30
0.0
 10
14.89784083333333
 20
209.8030827777777
 30
0.0
 10
15.19311583333333
 20
210.2772161111111
 30
0.0
 10
15.57411583333333
 20
210.8899911111111
 30
0.0
 10
18.50005472222222
 20
209.8627022222222
 30
0.0
 10
25.08782694444444
 20
211.9483244444444
 30
0.0
 10
31.17394916666666
 20
213.8751966666667
 30
0.0
 10
36.1057825
 20
216.6533216666666
 30
0.0
 10
35.85284083333333
 20
215.9950383333333
 30
0.0
 10
35.25347138888888
 20
214.4354077777778
 30
0.0
 10
33.90727138888889
 20
212.5134744444444
 30
0.0
 10
33.90727138888889
 20
210.6543355555555
 30
0.0
  0
SPLINE
  5
1C8
330
1F
100
AcDbEntity
  8
DEFAULT
 62
     5
100
AcDbSpline
210
0.0
220
0.0
230
1.0
 70
     8
 71
     3
 72
    26
 73
    22
 74
     0
 42
0.000000001
 43
0.0000000001
 40
0.0
 40
0.0
 40
0.0
 40
0.0
 40
1.0
 40
1.0
 40
1.0
 40
2.0
 40
2.0
 40
2.0
 40
3.0
 40
3.0
 40
3.0
 40
4.0
 40
4.0
 40
4.0
 40
5.0
 40
5.0
 40
5.0
 40
6.0
 40
6.0
 40
6.0
 40
7.0
 40
7.0
 40
7.0
 40
7.0
 10
36.18342888888888
 20
210.5879780555555
 30
0.0
 10
36.18342888888888
 20
213.7901419444444
 30
0.0
 10
38.26905111111111
 20
217.4710252777778
 30
0.0
 10
37.52751222222222
 20
218.0255919444444
 30
0.0
 10
36.78597333333333
 20
218.5794530555555
 30
0.0
 10
35.82818166666666
 20
217.8816586111111
 30
0.0
 10
32.81969277777777
 20
216.3633030555555
 30
0.0
 10
18.18717611111111
 20
208.9779002777778
 30
0.0
 10
15.35578166666667
 20
212.7452141666667
 30
0.0
 10
14.24417888888889
 20
211.5094336111111
 30
0.0
 10
13.759815
 20
210.9707419444445
 30
0.0
 10
12.62563444444444
 20
208.9779002777778
 30
0.0
 10
12.87469555555555
 20
206.8196058333333
 30
0.0
 10
13.01968722222222
 20
205.5630113888889
 30
0.0
 10
18.71599
 20
203.0833363888889
 30
0.0
 10
21.12264
 20
203.0286558333333
 30
0.0
 10
26.34410388888888
 20
202.9108280555555
 30
0.0
 10
36.60499833333333
 20
201.0058280555556
 30
0.0
 10
37.20965944444444
 20
201.3808308333333
 30
0.0
 10
37.81432055555555
 20
201.7561863888889
 30
0.0
 10
36.33441777777777
 20
203.3334558333333
 30
0.0
 10
36.33441777777777
 20
207.7163669444444
 30
0.0
  0
SPLINE
  5
1C9
330
1F
100
AcDbEntity
  8
DEFAULT
 62
     5
100
AcDbSpline
210
0.0
220
0.0
230
1.0
 70
     8
 71
     3
 72
    38
 73
    34
 74
     0
 42
0.000000001
 43
0.0000000001
 40
0.0
 40
0.0
 40
0.0
 40
0.0
 40
1.0
 40
1.0
 40
1.0
 40
2.0
 40
2.0
 40
2.0
 40
3.0
 40
3.0
 40
3.0
 40
4.0
 40
4.0
 40
4.0
 40
5.0
 40
5.0
 40
5.0
 40
6.0
 40
6.0
 40
6.0
 40
7.0
 40
7.0
 40
7.0
 40
8.0
 40
8.0
 40
8.0
 40
9.0
 40
9.0
 40
9.0
 40
10.0
 40
10.0
 40
10.0
 40
11.0
 40
11.0
 40
11.0
 40
11.0
 10
36.38204277777778
 20
117.49151
 30
0.0
 10
36.36687333333333
 20
119.1033516666667
 30
0.0
 10
33.46915666666666
 20
128.3870516666667
 30
0.0
 10
37.80973444444444
 20
131.14401
 30
0.0
 10
38.35865666666666
 20
131.4925544444444
 30
0.0
 10
36.22787888888889
 20
134.1803683333333
 30
0.0
 10
35.33887888888889
 20
133.6579044444445
 30
0.0
 10
33.72033444444444
 20
132.7064627777778
 30
0.0
 10
30.02040111111111
 20
129.3476655555556
 30
0.0
 10
28.23393444444444
 20
126.4499488888889
 30
0.0
 10
25.98250666666667
 20
122.7972877777778
 30
0.0
 10
20.38498166666667
 20
119.4712988888889
 30
0.0
 10
20.08653166666667
 20
119.228235
 30
0.0
 10
19.360515
 20
118.377335
 30
0.0
 10
18.20164
 20
113.8201516666667
 30
0.0
 10
18.68318166666667
 20
112.7177211111111
 30
0.0
 10
18.86909555555555
 20
112.2919183333333
 30
0.0
 10
20.77903444444445
 20
110.9735877777778
 30
0.0
 10
21.02809555555555
 20
110.9989877777778
 30
0.0
 10
21.50469833333333
 20
111.0466127777778
 30
0.0
 10
23.43756777777778
 20
112.8732961111111
 30
0.0
 10
25.58774833333333
 20
112.8390766666667
 30
0.0
 10
27.71288166666666
 20
112.8059155555556
 30
0.0
 10
28.16655388888889
 20
111.1030572222222
 30
0.0
 10
29.28979833333333
 20
111.0212127777778
 30
0.0
 10
30.00558444444444
 20
110.9690016666667
 30
0.0
 10
32.03899555555555
 20
110.8550544444444
 30
0.0
 10
33.70022611111111
 20
110.3093072222222
 30
0.0
 10
33.84063166666667
 20
110.2630933333333
 30
0.0
 10
33.97010111111111
 20
110.23981
 30
0.0
 10
34.08475388888888
 20
110.23981
 30
0.0
 10
34.87427055555555
 20
110.23981
 30
0.0
 10
36.30407888888889
 20
112.3959877777778
 30
0.0
 10
36.38204277777778
 20
114.6184877777778
 30
0.0
  0
POLYLINE
  5
1CA
330
1F
100
AcDbEntity
  8
DEFAULT
 62
     7
100
AcDb2dPolyline
 66
     1
 10
0.0
 20
0.0
 30
0.0
  0
VERTEX
  5
1CB
330
1CA
100
AcDbEntity
  8
DEFAULT
 62
     7
100
AcDbVertex
100
AcDb2dVertex
 10
28.45643138888888
 20
114.5562930555555
 30
0.0
  0
VERTEX
  5
1CC
330
1CA
100
AcDbEntity
  8
DEFAULT
 62
     7
100
AcDbVertex
100
AcDb2dVertex
 10
28.45643138888888
 20
117.5549041666666
 30
0.0
  0
SEQEND
  5
1CD
330
1CA
100
AcDbEntity
  8
DEFAULT
 62
     7
  0
SPLINE
  5
1CE
330
1F
100
AcDbEntity
  8
DEFAULT
 62
     7
100
AcDbSpline
210
0.0
220
0.0
230
1.0
 70
     8
 71
     3
 72
    17
 73
    13
 74
     0
 42
0.000000001
 43
0.0000000001
 40
0.0
 40
0.0
 40
0.0
 40
0.0
 40
1.0
 40
1.0
 40
1.0
 40
2.0
 40
2.0
 40
2.0
 40
3.0
 40
3.0
 40
3.0
 40
5.913000000000011
 40
5.913000000000011
 40
5.913000000000011
 40
5.913000000000011
 10
25.5101725
 20
116.3709819444444
 30
0.0
 10
25.03251138888889
 20
116.3709819444444
 30
0.0
 10
24.8797586111111
 20
116.7001236111111
 30
0.0
 10
24.8797586111111
 20
116.9266069444444
 30
0.0
 10
24.8797586111111
 20
117.3492347222222
 30
0.0
 10
25.14716416666666
 20
117.5273875
 30
0.0
 10
25.50981972222221
 20
117.5273875
 30
0.0
 10
25.97760305555555
 20
117.5273875
 30
0.0
 10
27.45644749999999
 20
116.4052013888889
 30
0.0
 10
27.45644749999999
 20
116.4052013888889
 30
0.0
 10
27.45644749999999
 20
116.7477486111111
 30
0.0
 10
27.45644749999999
 20
117.0902958333333
 30
0.0
 10
27.45644749999999
 20
117.4328430555555
 30
0.0
  0
SPLINE
  5
1CF
330
1F
100
AcDbEntity
  8
DEFAULT
 62
     7
100
AcDbSpline
210
0.0
220
0.0
230
1.0
 70
     8
 71
     3
 72
    17
 73
    13
 74
     0
 42
0.000000001
 43
0.0000000001
 40
0.0
 40
0.0
 40
0.0
 40
0.0
 40
1.0
 40
1.0
 40
1.0
 40
2.0
 40
2.0
 40
2.0
 40
3.0
 40
3.0
 40
3.0
 40
4.0
 40
4.0
 40
4.0
 40
4.0
 10
27.34743916666667
 20
115.7836069444444
 30
0.0
 10
27.39435861111111
 20
115.7052902777778
 30
0.0
 10
27.4564475
 20
115.6276791666666
 30
0.0
 10
27.4564475
 20
115.4061347222222
 30
0.0
 10
27.4564475
 20
114.9087180555555
 30
0.0
 10
27.07050861111111
 20
114.5848680555555
 30
0.0
 10
26.49371694444444
 20
114.5848680555555
 30
0.0
 10
25.91304472222222
 20
114.5848680555555
 30
0.0
 10
25.49182805555555
 20
114.9323541666666
 30
0.0
 10
25.49182805555555
 20
115.4710458333333
 30
0.0
 10
25.49182805555555
 20
115.6481402777778
 30
0.0
 10
25.54262805555556
 20
115.7088180555555
 30
0.0
 10
25.5895475
 20
115.7906625
 30
0.0
  0
SPLINE
  5
1D0
330
1F
100
AcDbEntity
  8
DEFAULT
 62
     1
100
AcDbSpline
210
0.0
220
0.0
230
1.0
 70
    11
 71
     3
 72
    53
 73
    49
 74
     0
 42
0.000000001
 43
0.0000000001
 40
1.0
 40
1.0
 40
1.0
 40
1.0
 40
2.0
 40
2.0
 40
2.0
 40
3.0
 40
3.0
 40
3.0
 40
4.0
 40
4.0
 40
4.0
 40
5.0
 40
5.0
 40
5.0
 40
6.0
 40
6.0
 40
6.0
 40
7.0
 40
7.0
 40
7.0
 40
8.0
 40
8.0
 40
8.0
 40
9.0
 40
9.0
 40
9.0
 40
10.0
 40
10.0
 40
10.0
 40
11.0
 40
11.0
 40
11.0
 40
12.0
 40
12.0
 40
12.0
 40
24.89700000000001
 40
24.89700000000001
 40
24.89700000000001
 40
33.40100000000002
 40
33.40100000000002
 40
33.40100000000002
 40
46.30000000000003
 40
46.30000000000003
 40
46.30000000000003
 40
47.30000000000003
 40
47.30000000000003
 40
47.30000000000003
 40
48.30000000000003
 40
48.30000000000003
 40
48.30000000000003
 40
48.30000000000003
 10
38.65650694444444
 20
117.5550805555555
 30
0.0
 10
38.65650694444444
 20
120.0227611111111
 30
0.0
 10
35.34004305555555
 20
128.5381111111111
 30
0.0
 10
39.4287375
 20
129.7474333333333
 30
0.0
 10
43.51778472222222
 20
130.9567555555555
 30
0.0
 10
40.15616527777777
 20
131.9978027777778
 30
0.0
 10
38.11534583333333
 20
134.5173416666667
 30
0.0
 10
36.07417361111111
 20
137.0365277777778
 30
0.0
 10
29.97499861111111
 20
130.6568944444444
 30
0.0
 10
27.63819861111111
 20
127.1143
 30
0.0
 10
25.30104583333333
 20
123.5717055555555
 30
0.0
 10
20.97175694444444
 20
121.2306722222222
 30
0.0
 10
19.49961527777778
 20
120.0097083333333
 30
0.0
 10
18.02712083333333
 20
118.7890972222222
 30
0.0
 10
16.90034861111111
 20
112.3561944444444
 30
0.0
 10
18.31357638888889
 20
111.2537638888889
 30
0.0
 10
18.90130416666667
 20
110.7955055555555
 30
0.0
 10
19.21527638888889
 20
110.4783583333333
 30
0.0
 10
20.47222361111111
 20
109.5837138888889
 30
0.0
 10
23.7601125
 20
107.241975
 30
0.0
 10
24.04057083333333
 20
112.1445277777778
 30
0.0
 10
26.60279583333334
 20
110.4910583333333
 30
0.0
 10
29.7481625
 20
108.4608222222222
 30
0.0
 10
29.41690416666667
 20
109.6115833333333
 30
0.0
 10
33.07591527777777
 20
108.4093166666666
 30
0.0
 10
36.85734027777778
 20
107.1668333333333
 30
0.0
 10
38.65650694444444
 20
113.1160777777777
 30
0.0
 10
38.65650694444444
 20
114.5550583333333
 30
0.0
 10
37.51950416666666
 20
114.5550583333333
 30
0.0
 10
37.64791527777778
 20
114.6185583333333
 30
0.0
 10
36.38214861111111
 20
114.6185583333333
 30
0.0
 10
35.12096805555555
 20
114.6185583333333
 30
0.0
 10
35.24444027777778
 20
114.5550583333333
 30
0.0
 10
34.10637916666666
 20
114.5550583333333
 30
0.0
 10
32.5897875
 20
114.5550583333333
 30
0.0
 10
31.07319583333333
 20
114.5550583333333
 30
0.0
 10
29.55660416666666
 20
114.5550583333333
 30
0.0
 10
29.55660416666666
 20
115.5550657407407
 30
0.0
 10
29.55660416666666
 20
116.5550731481481
 30
0.0
 10
29.55660416666666
 20
117.5550805555555
 30
0.0
 10
31.07343101851852
 20
117.5550805555555
 30
0.0
 10
32.59025787037037
 20
117.5550805555555
 30
0.0
 10
34.10708472222222
 20
117.5550805555555
 30
0.0
 10
35.24444027777778
 20
117.5550805555555
 30
0.0
 10
35.12096805555555
 20
117.4915805555555
 30
0.0
 10
36.38214861111111
 20
117.4915805555555
 30
0.0
 10
37.64791527777778
 20
117.4915805555555
 30
0.0
 10
37.51950416666666
 20
117.5550805555555
 30
0.0
 10
38.65650694444444
 20
117.5550805555555
 30
0.0
  0
SPLINE
  5
1D1
330
1F
100
AcDbEntity
  8
DEFAULT
 62
     3
100
AcDbSpline
210
0.0
220
0.0
230
1.0
 70
     8
 71
     3
 72
    44
 73
    40
 74
     0
 42
0.000000001
 43
0.0000000001
 40
0.0
 40
0.0
 40
0.0
 40
0.0
 40
1.0
 40
1.0
 40
1.0
 40
2.0
 40
2.0
 40
2.0
 40
3.0
 40
3.0
 40
3.0
 40
4.0
 40
4.0
 40
4.0
 40
5.0
 40
5.0
 40
5.0
 40
6.0
 40
6.0
 40
6.0
 40
7.0
 40
7.0
 40
7.0
 40
8.0
 40
8.0
 40
8.0
 40
9.0
 40
9.0
 40
9.0
 40
10.0
 40
10.0
 40
10.0
 40
11.0
 40
11.0
 40
11.0
 40
12.0
 40
12.0
 40
12.0
 40
13.0
 40
13.0
 40
13.0
 40
13.0
 10
34.10637916666666
 20
114.5550936111111
 30
0.0
 10
34.06334027777778
 20
113.3281325
 30
0.0
 10
34.57134027777778
 20
112.2708575
 30
0.0
 10
33.85767083333333
 20
111.8309436111111
 30
0.0
 10
33.14400138888889
 20
111.3906769444444
 30
0.0
 10
32.7263125
 20
111.9971019444444
 30
0.0
 10
29.87586805555555
 20
112.1533825
 30
0.0
 10
27.65936527777778
 20
112.2750908333333
 30
0.0
 10
33.9899625
 20
113.7564047222222
 30
0.0
 10
25.52682361111111
 20
113.7564047222222
 30
0.0
 10
23.38581527777778
 20
113.7564047222222
 30
0.0
 10
22.27350694444444
 20
113.0406186111111
 30
0.0
 10
21.24833472222222
 20
112.5269741666666
 30
0.0
 10
20.8041875
 20
112.3043713888889
 30
0.0
 10
20.48950972222222
 20
113.1647963888889
 30
0.0
 10
20.06370694444444
 20
113.4068019444444
 30
0.0
 10
19.56770138888889
 20
113.6890241666667
 30
0.0
 10
20.56429861111111
 20
117.7883019444444
 30
0.0
 10
21.3312375
 20
118.2550269444444
 30
0.0
 10
22.9536625
 20
119.2420991666666
 30
0.0
 10
24.90910972222222
 20
120.0862963888889
 30
0.0
 10
26.47438472222222
 20
121.9824769444444
 30
0.0
 10
27.45651805555555
 20
123.1723963888889
 30
0.0
 10
28.83305694444445
 20
124.2342575
 30
0.0
 10
28.83305694444445
 20
123.2337797222222
 30
0.0
 10
28.83305694444445
 20
115.1840963888889
 30
0.0
 10
35.02395416666666
 20
125.0643436111111
 30
0.0
 10
30.9387875
 20
125.0643436111111
 30
0.0
 10
27.25402361111111
 20
125.0643436111111
 30
0.0
 10
33.68904305555555
 20
131.3900019444444
 30
0.0
 10
35.52525138888889
 20
132.2151491666667
 30
0.0
 10
35.90272361111111
 20
132.3844825
 30
0.0
 10
36.50562083333333
 20
131.8041630555555
 30
0.0
 10
36.21845972222222
 20
131.4732575
 30
0.0
 10
33.08649861111111
 20
127.8622241666666
 30
0.0
 10
33.84638194444445
 20
124.7916463888889
 30
0.0
 10
34.34274027777778
 20
121.4737713888889
 30
0.0
 10
34.70363194444444
 20
119.0600658333333
 30
0.0
 10
34.10708472222222
 20
118.9154269444444
 30
0.0
 10
34.10708472222222
 20
117.5551158333333
 30
0.0
  0
POLYLINE
  5
1D2
330
1F
100
AcDbEntity
  8
DEFAULT
 62
     7
100
AcDb2dPolyline
 66
     1
 10
0.0
 20
0.0
 30
0.0
  0
VERTEX
  5
1D3
330
1D2
100
AcDbEntity
  8
DEFAULT
 62
     7
100
AcDbVertex
100
AcDb2dVertex
 10
45.8904975
 20
56.68472138888888
 30
0.0
  0
VERTEX
  5
1D4
330
1D2
100
AcDbEntity
  8
DEFAULT
 62
     7
100
AcDbVertex
100
AcDb2dVertex
 10
45.20434472222222
 20
57.31760472222221
 30
0.0
  0
VERTEX
  5
1D5
330
1D2
100
AcDbEntity
  8
DEFAULT
 62
     7
100
AcDbVertex
100
AcDb2dVertex
 10
47.73764194444444
 20
57.31760472222221
 30
0.0
  0
SEQEND
  5
1D6
330
1D2
100
AcDbEntity
  8
DEFAULT
 62
     7
  0
SPLINE
  5
1D7
330
1F
100
AcDbEntity
  8
DEFAULT
 62
     7
100
AcDbSpline
210
0.0
220
0.0
230
1.0
 70
     8
 71
     3
 72
    23
 73
    19
 74
     0
 42
0.000000001
 43
0.0000000001
 40
0.0
 40
0.0
 40
0.0
 40
0.0
 40
1.0
 40
1.0
 40
1.0
 40
2.0
 40
2.0
 40
2.0
 40
3.0
 40
3.0
 40
3.0
 40
4.0
 40
4.0
 40
4.0
 40
5.0
 40
5.0
 40
5.0
 40
6.0
 40
6.0
 40
6.0
 40
6.0
 10
46.22313166666666
 20
54.97597166666666
 30
0.0
 10
46.06085388888888
 20
54.97597166666666
 30
0.0
 10
45.89892888888888
 20
55.30617166666666
 30
0.0
 10
45.89892888888888
 20
55.54359111111111
 30
0.0
 10
45.89892888888888
 20
56.04065499999999
 30
0.0
 10
46.15927888888888
 20
56.15742444444444
 30
0.0
 10
46.53745666666666
 20
56.15742444444444
 30
0.0
 10
46.53745666666666
 20
56.15742444444444
 30
0.0
 10
47.30862888888888
 20
56.13872722222222
 30
0.0
 10
47.43704
 20
56.16201055555555
 30
0.0
 10
47.62824555555555
 20
56.16201055555555
 30
0.0
 10
47.73795944444444
 20
55.67588277777778
 30
0.0
 10
47.73795944444444
 20
55.45786611111111
 30
0.0
 10
47.73795944444444
 20
55.14777444444444
 30
0.0
 10
47.51958999999999
 20
54.98937722222222
 30
0.0
 10
47.29804555555555
 20
54.98937722222222
 30
0.0
 10
46.92798166666665
 20
54.98937722222222
 30
0.0
 10
46.59637055555554
 20
55.12061055555555
 30
0.0
 10
46.72866222222221
 20
56.15742444444444
 30
0.0
  0
POLYLINE
  5
1D8
330
1F
100
AcDbEntity
  8
DEFAULT
 62
     7
100
AcDb2dPolyline
 66
     1
 10
0.0
 20
0.0
 30
0.0
  0
VERTEX
  5
1D9
330
1D8
100
AcDbEntity
  8
DEFAULT
 62
     7
100
AcDbVertex
100
AcDb2dVertex
 10
48.73787277777777
 20
57.577355
 30
0.0
  0
VERTEX
  5
1DA
330
1D8
100
AcDbEntity
  8
DEFAULT
 62
     7
100
AcDbVertex
100
AcDb2dVertex
 10
48.73787277777777
 20
54.71667999999999
 30
0.0
  0
SEQEND
  5
1DB
330
1D8
100
AcDbEntity
  8
DEFAULT
 62
     7
  0
SPLINE
  5
1DC
330
1F
100
AcDbEntity
  8
DEFAULT
 62
     1
100
AcDbSpline
210
0.0
220
0.0
230
1.0
 70
    11
 71
     3
 72
    56
 73
    52
 74
     0
 42
0.000000001
 43
0.0000000001
 40
1.0
 40
1.0
 40
1.0
 40
1.0
 40
2.0
 40
2.0
 40
2.0
 40
3.0
 40
3.0
 40
3.0
 40
4.0
 40
4.0
 40
4.0
 40
5.0
 40
5.0
 40
5.0
 40
6.0
 40
6.0
 40
6.0
 40
7.0
 40
7.0
 40
7.0
 40
8.0
 40
8.0
 40
8.0
 40
9.0
 40
9.0
 40
9.0
 40
21.89499999999998
 40
21.89499999999998
 40
21.89499999999998
 40
30.39899999999997
 40
30.39899999999997
 40
30.39899999999997
 40
43.29699999999997
 40
43.29699999999997
 40
43.29699999999997
 40
44.29699999999997
 40
44.29699999999997
 40
44.29699999999997
 40
45.29699999999997
 40
45.29699999999997
 40
45.29699999999997
 40
46.29699999999997
 40
46.29699999999997
 40
46.29699999999997
 40
47.29699999999997
 40
47.29699999999997
 40
47.29699999999997
 40
48.29699999999997
 40
48.29699999999997
 40
48.29699999999997
 40
49.29699999999997
 40
49.29699999999997
 40
49.29699999999997
 40
49.29699999999997
 10
34.81158194444444
 20
63.93250555555555
 30
0.0
 10
33.31580416666667
 20
63.31867222222221
 30
0.0
 10
35.69987638888889
 20
58.45598333333333
 30
0.0
 10
36.40119861111111
 20
55.16456666666667
 30
0.0
 10
37.10252083333333
 20
51.87315
 30
0.0
 10
36.08934305555555
 20
48.48260277777776
 30
0.0
 10
40.31279861111111
 20
48.63641388888888
 30
0.0
 10
42.29011805555555
 20
48.70838055555555
 30
0.0
 10
45.88668749999999
 20
47.92450833333333
 30
0.0
 10
49.02005972222221
 20
47.41086388888888
 30
0.0
 10
53.28725972222222
 20
46.71165833333333
 30
0.0
 10
57.41405416666665
 20
45.86005277777778
 30
0.0
 10
57.86384583333334
 20
44.13179444444444
 30
0.0
 10
58.3168125
 20
42.39154166666666
 30
0.0
 10
59.39842916666665
 20
45.09487777777777
 30
0.0
 10
60.98698749999999
 20
49.08832222222222
 30
0.0
 10
61.64632916666666
 20
50.746025
 30
0.0
 10
58.93629027777777
 20
52.95370833333332
 30
0.0
 10
58.93629027777777
 20
54.64704166666666
 30
0.0
 10
57.79964027777777
 20
54.64704166666666
 30
0.0
 10
57.9276986111111
 20
54.71018888888889
 30
0.0
 10
56.66228472222222
 20
54.71018888888889
 30
0.0
 10
55.40110416666666
 20
54.71018888888889
 30
0.0
 10
55.52457638888888
 20
54.64704166666666
 30
0.0
 10
54.38686805555555
 20
54.64704166666666
 30
0.0
 10
52.87051157407407
 20
54.64704166666666
 30
0.0
 10
51.35415509259258
 20
54.64704166666666
 30
0.0
 10
49.83779861111111
 20
54.64704166666666
 30
0.0
 10
49.83779861111111
 20
55.64704907407407
 30
0.0
 10
49.83779861111111
 20
56.64705648148148
 30
0.0
 10
49.83779861111111
 20
57.64706388888888
 30
0.0
 10
51.35450787037038
 20
57.64706388888888
 30
0.0
 10
52.87121712962963
 20
57.64706388888888
 30
0.0
 10
54.38792638888889
 20
57.64706388888888
 30
0.0
 10
55.52457638888888
 20
57.64706388888888
 30
0.0
 10
55.40110416666666
 20
57.58321111111111
 30
0.0
 10
56.66228472222222
 20
57.58321111111111
 30
0.0
 10
57.9276986111111
 20
57.58321111111111
 30
0.0
 10
57.79964027777777
 20
57.64706388888888
 30
0.0
 10
58.93629027777777
 20
57.64706388888888
 30
0.0
 10
58.93629027777777
 20
59.29735833333332
 30
0.0
 10
61.79202638888889
 20
61.72058888888888
 30
0.0
 10
61.91902638888889
 20
66.80552777777777
 30
0.0
 10
61.97405972222221
 20
68.99239722222221
 30
0.0
 10
61.29355138888888
 20
75.74456388888888
 30
0.0
 10
58.02047916666666
 20
74.10485277777778
 30
0.0
 10
47.09071805555555
 20
68.63009444444444
 30
0.0
 10
48.29333749999999
 20
67.46416388888888
 30
0.0
 10
46.62081805555555
 20
69.24463333333333
 30
0.0
 10
43.49979305555555
 20
72.56674166666666
 30
0.0
 10
38.58489305555555
 20
65.48119999999999
 30
0.0
 10
34.81158194444444
 20
63.93250555555555
 30
0.0
  0
SPLINE
  5
1DD
330
1F
100
AcDbEntity
  8
DEFAULT
 62
     3
100
AcDbSpline
210
0.0
220
0.0
230
1.0
 70
     8
 71
     3
 72
    65
 73
    61
 74
     0
 42
0.000000001
 43
0.0000000001
 40
0.0
 40
0.0
 40
0.0
 40
0.0
 40
1.0
 40
1.0
 40
1.0
 40
2.0
 40
2.0
 40
2.0
 40
3.0
 40
3.0
 40
3.0
 40
4.0
 40
4.0
 40
4.0
 40
5.0
 40
5.0
 40
5.0
 40
6.0
 40
6.0
 40
6.0
 40
7.0
 40
7.0
 40
7.0
 40
8.0
 40
8.0
 40
8.0
 40
9.0
 40
9.0
 40
9.0
 40
10.0
 40
10.0
 40
10.0
 40
11.0
 40
11.0
 40
11.0
 40
12.0
 40
12.0
 40
12.0
 40
13.0
 40
13.0
 40
13.0
 40
14.0
 40
14.0
 40
14.0
 40
15.0
 40
15.0
 40
15.0
 40
16.0
 40
16.0
 40
16.0
 40
17.0
 40
17.0
 40
17.0
 40
18.0
 40
18.0
 40
18.0
 40
19.0
 40
19.0
 40
19.0
 40
20.0
 40
20.0
 40
20.0
 40
20.0
 10
54.38697388888888
 20
54.64693583333332
 30
0.0
 10
54.38697388888888
 20
51.82683027777777
 30
0.0
 10
57.06702666666666
 20
50.86198305555556
 30
0.0
 10
57.03457111111111
 20
49.74297194444443
 30
0.0
 10
56.97248222222222
 20
47.59526083333333
 30
0.0
 10
56.553735
 20
50.20299416666666
 30
0.0
 10
45.89878777777777
 20
51.73510805555555
 30
0.0
 10
42.21790444444444
 20
52.26427472222222
 30
0.0
 10
43.80540444444444
 20
52.26427472222222
 30
0.0
 10
43.80540444444444
 20
54.64693583333332
 30
0.0
 10
43.80540444444444
 20
57.79512472222222
 30
0.0
 10
39.27644333333333
 20
55.69715527777777
 30
0.0
 10
41.53316277777777
 20
54.44303027777777
 30
0.0
 10
42.653585
 20
53.8203775
 30
0.0
 10
41.46472388888888
 20
52.66114972222222
 30
0.0
 10
40.96554333333333
 20
52.43819416666666
 30
0.0
 10
40.15274333333333
 20
52.07518583333333
 30
0.0
 10
38.81465722222222
 20
52.29531916666666
 30
0.0
 10
38.78361277777778
 20
53.32260805555555
 30
0.0
 10
38.729285
 20
55.10695805555554
 30
0.0
 10
38.29501555555555
 20
58.49115527777776
 30
0.0
 10
36.79147666666666
 20
61.49858583333332
 30
0.0
 10
36.50078777777777
 20
62.07961083333332
 30
0.0
 10
39.07394888888889
 20
63.31574416666666
 30
0.0
 10
39.07394888888889
 20
62.03798305555554
 30
0.0
 10
39.07394888888889
 20
59.36110527777777
 30
0.0
 10
40.65121833333333
 20
59.14344138888888
 30
0.0
 10
43.80540444444444
 20
59.14344138888888
 30
0.0
 10
46.35704611111111
 20
59.14344138888888
 30
0.0
 10
46.98040444444444
 20
59.94248305555555
 30
0.0
 10
46.98040444444444
 20
60.87381638888888
 30
0.0
 10
46.98040444444444
 20
62.14205249999999
 30
0.0
 10
45.66595444444444
 20
63.58561916666665
 30
0.0
 10
43.90912111111111
 20
62.63982194444444
 30
0.0
 10
40.52774611111111
 20
60.8194886111111
 30
0.0
 10
41.50211833333333
 20
66.1852386111111
 30
0.0
 10
43.43992666666666
 20
66.1852386111111
 30
0.0
 10
44.51519333333333
 20
66.1852386111111
 30
0.0
 10
44.82211
 20
64.47250249999999
 30
0.0
 10
47.67361277777777
 20
64.47250249999999
 30
0.0
 10
48.7573461111111
 20
64.47250249999999
 30
0.0
 10
49.82873222222222
 20
64.68028861111111
 30
0.0
 10
50.8401461111111
 20
66.00179416666666
 30
0.0
 10
52.12672666666666
 20
67.68242749999999
 30
0.0
 10
55.23011277777777
 20
69.6509275
 30
0.0
 10
57.12629333333332
 20
70.04109972222221
 30
0.0
 10
57.89605444444444
 20
70.19914416666666
 30
0.0
 10
58.5458711111111
 20
67.79531638888888
 30
0.0
 10
57.69955722222221
 20
64.4453386111111
 30
0.0
 10
57.12805722222222
 20
62.18332749999999
 30
0.0
 10
55.97094611111111
 20
59.88074694444444
 30
0.0
 10
55.21882388888888
 20
62.1212386111111
 30
0.0
 10
53.24750166666666
 20
67.99393027777776
 30
0.0
 10
54.18130444444444
 20
63.98884416666665
 30
0.0
 10
50.25912111111111
 20
62.32867194444444
 30
0.0
 10
48.17032388888888
 20
61.44496361111111
 30
0.0
 10
52.36555722222222
 20
58.73880527777776
 30
0.0
 10
53.11238777777778
 20
60.51292472222221
 30
0.0
 10
53.61051
 20
61.6957886111111
 30
0.0
 10
54.38767944444444
 20
60.53197472222221
 30
0.0
 10
54.38767944444444
 20
57.64695805555554
 30
0.0
  0
SPLINE
  5
1DE
330
1F
100
AcDbEntity
  8
DEFAULT
 62
     5
100
AcDbSpline
210
0.0
220
0.0
230
1.0
 70
     8
 71
     3
 72
    47
 73
    43
 74
     0
 42
0.000000001
 43
0.0000000001
 40
0.0
 40
0.0
 40
0.0
 40
0.0
 40
1.0
 40
1.0
 40
1.0
 40
2.0
 40
2.0
 40
2.0
 40
3.0
 40
3.0
 40
3.0
 40
4.0
 40
4.0
 40
4.0
 40
5.0
 40
5.0
 40
5.0
 40
6.0
 40
6.0
 40
6.0
 40
7.0
 40
7.0
 40
7.0
 40
8.0
 40
8.0
 40
8.0
 40
9.0
 40
9.0
 40
9.0
 40
10.0
 40
10.0
 40
10.0
 40
11.0
 40
11.0
 40
11.0
 40
12.0
 40
12.0
 40
12.0
 40
13.0
 40
13.0
 40
13.0
 40
14.0
 40
14.0
 40
14.0
 40
14.0
 10
56.66228472222222
 20
57.58321111111111
 30
0.0
 10
56.66228472222222
 20
59.85933333333333
 30
0.0
 10
59.91983472222222
 20
61.88286666666666
 30
0.0
 10
59.91983472222222
 20
66.85526944444445
 30
0.0
 10
59.91983472222222
 20
68.87668611111111
 30
0.0
 10
59.75649861111111
 20
71.97195833333333
 30
0.0
 10
58.8660875
 20
72.29192777777779
 30
0.0
 10
57.4373375
 20
72.80486666666665
 30
0.0
 10
51.75302916666666
 20
69.21817499999999
 30
0.0
 10
50.37119861111111
 20
68.22933888888889
 30
0.0
 10
48.99360138888888
 20
67.243325
 30
0.0
 10
48.65140694444445
 20
66.46333333333332
 30
0.0
 10
47.69220416666667
 20
66.4718
 30
0.0
 10
46.14492083333334
 20
66.48626388888889
 30
0.0
 10
45.39844305555555
 20
68.00885277777778
 30
0.0
 10
44.71052638888889
 20
68.12068333333333
 30
0.0
 10
41.31680416666666
 20
68.67313333333334
 30
0.0
 10
40.57879305555555
 20
66.62031944444443
 30
0.0
 10
39.06255416666666
 20
65.47943611111111
 30
0.0
 10
36.80336527777777
 20
63.77869444444445
 30
0.0
 10
35.8632125
 20
64.00447222222222
 30
0.0
 10
35.2186875
 20
62.68049722222222
 30
0.0
 10
34.85673749999999
 20
61.93684166666667
 30
0.0
 10
35.77995694444444
 20
60.43718333333333
 30
0.0
 10
36.14825694444444
 20
59.4487
 30
0.0
 10
36.54865972222222
 20
58.37378611111112
 30
0.0
 10
37.47822916666667
 20
55.02345555555555
 30
0.0
 10
37.54702083333333
 20
53.25392222222222
 30
0.0
 10
37.64050694444444
 20
50.84233333333333
 30
0.0
 10
39.1810875
 20
50.64089722222222
 30
0.0
 10
40.57738194444445
 20
50.64089722222222
 30
0.0
 10
42.25060694444444
 20
50.64089722222222
 30
0.0
 10
44.53907638888889
 20
50.18475555555555
 30
0.0
 10
46.97782916666667
 20
49.79599444444444
 30
0.0
 10
52.79936805555555
 20
48.86818888888889
 30
0.0
 10
57.33362083333333
 20
46.96918611111111
 30
0.0
 10
57.96791527777777
 20
46.96918611111111
 30
0.0
 10
58.60220972222222
 20
46.96918611111111
 30
0.0
 10
58.7136875
 20
50.37772499999999
 30
0.0
 10
58.29882083333333
 20
51.13972500000001
 30
0.0
 10
58.02400694444444
 20
51.64455
 30
0.0
 10
56.66228472222222
 20
53.11704444444445
 30
0.0
 10
56.66228472222222
 20
54.71018888888889
 30
0.0
  0
POLYLINE
  5
1DF
330
1F
100
AcDbEntity
  8
DEFAULT
 62
     7
100
AcDb2dPolyline
 66
     1
 10
0.0
 20
0.0
 30
0.0
  0
VERTEX
  5
1E0
330
1DF
100
AcDbEntity
  8
DEFAULT
 62
     7
100
AcDbVertex
100
AcDb2dVertex
 10
97.60500333333331
 20
273.9779113888889
 30
0.0
  0
VERTEX
  5
1E1
330
1DF
100
AcDbEntity
  8
DEFAULT
 62
     7
100
AcDbVertex
100
AcDb2dVertex
 10
97.60500333333331
 20
276.9779336111111
 30
0.0
  0
SEQEND
  5
1E2
330
1DF
100
AcDbEntity
  8
DEFAULT
 62
     7
  0
SPLINE
  5
1E3
330
1F
100
AcDbEntity
  8
DEFAULT
 62
     7
100
AcDbSpline
210
0.0
220
0.0
230
1.0
 70
     8
 71
     3
 72
    17
 73
    13
 74
     0
 42
0.000000001
 43
0.0000000001
 40
0.0
 40
0.0
 40
0.0
 40
0.0
 40
3.072000000000003
 40
3.072000000000003
 40
3.072000000000003
 40
4.072000000000003
 40
4.072000000000003
 40
4.072000000000003
 40
5.072000000000003
 40
5.072000000000003
 40
5.072000000000003
 40
6.072000000000003
 40
6.072000000000003
 40
6.072000000000003
 40
6.072000000000003
 10
98.43043277777777
 20
275.6422463888889
 30
0.0
 10
98.79167722222222
 20
275.6422463888889
 30
0.0
 10
99.15292166666666
 20
275.6422463888889
 30
0.0
 10
99.51416611111111
 20
275.6422463888889
 30
0.0
 10
99.81826055555555
 20
275.6422463888889
 30
0.0
 10
100.0754355555555
 20
275.7724213888889
 30
0.0
 10
100.0754355555555
 20
276.1460130555556
 30
0.0
 10
100.0754355555555
 20
276.4021297222222
 30
0.0
 10
99.91950777777777
 20
276.6049769444444
 30
0.0
 10
99.73253555555554
 20
276.6765908333333
 30
0.0
 10
99.6856161111111
 20
276.6991686111111
 30
0.0
 10
99.63516888888888
 20
276.7037547222222
 30
0.0
 10
99.56884666666664
 20
276.7037547222222
 30
0.0
  0
POLYLINE
  5
1E4
330
1F
100
AcDbEntity
  8
DEFAULT
 62
     7
100
AcDb2dPolyline
 66
     1
 10
0.0
 20
0.0
 30
0.0
  0
VERTEX
  5
1E5
330
1E4
100
AcDbEntity
  8
DEFAULT
 62
     7
100
AcDbVertex
100
AcDb2dVertex
 10
98.43043277777777
 20
276.7036841666666
 30
0.0
  0
VERTEX
  5
1E6
330
1E4
100
AcDbEntity
  8
DEFAULT
 62
     7
100
AcDbVertex
100
AcDb2dVertex
 10
101.1979744444444
 20
276.7036841666666
 30
0.0
  0
SEQEND
  5
1E7
330
1E4
100
AcDbEntity
  8
DEFAULT
 62
     7
  0
POLYLINE
  5
1E8
330
1F
100
AcDbEntity
  8
DEFAULT
 62
     7
100
AcDb2dPolyline
 66
     1
 10
0.0
 20
0.0
 30
0.0
  0
VERTEX
  5
1E9
330
1E8
100
AcDbEntity
  8
DEFAULT
 62
     7
100
AcDbVertex
100
AcDb2dVertex
 10
100.2777183333333
 20
275.0977338888889
 30
0.0
  0
VERTEX
  5
1EA
330
1E8
100
AcDbEntity
  8
DEFAULT
 62
     7
100
AcDbVertex
100
AcDb2dVertex
 10
100.9642238888889
 20
274.2521255555556
 30
0.0
  0
VERTEX
  5
1EB
330
1E8
100
AcDbEntity
  8
DEFAULT
 62
     7
100
AcDbVertex
100
AcDb2dVertex
 10
98.43057388888889
 20
274.2521255555556
 30
0.0
  0
SEQEND
  5
1EC
330
1E8
100
AcDbEntity
  8
DEFAULT
 62
     7
  0
SPLINE
  5
1ED
330
1F
100
AcDbEntity
  8
DEFAULT
 62
     3
100
AcDbSpline
210
0.0
220
0.0
230
1.0
 70
     8
 71
     3
 72
    35
 73
    31
 74
     0
 42
0.000000001
 43
0.0000000001
 40
0.0
 40
0.0
 40
0.0
 40
0.0
 40
1.0
 40
1.0
 40
1.0
 40
2.0
 40
2.0
 40
2.0
 40
3.0
 40
3.0
 40
3.0
 40
4.0
 40
4.0
 40
4.0
 40
5.0
 40
5.0
 40
5.0
 40
6.0
 40
6.0
 40
6.0
 40
7.0
 40
7.0
 40
7.0
 40
8.0
 40
8.0
 40
8.0
 40
9.0
 40
9.0
 40
9.0
 40
10.0
 40
10.0
 40
10.0
 40
10.0
 10
91.95505555555556
 20
273.9779113888889
 30
0.0
 10
91.95505555555556
 20
270.9655419444445
 30
0.0
 10
90.27301111111112
 20
267.1336697222222
 30
0.0
 10
90.81946388888889
 20
267.3548613888889
 30
0.0
 10
92.85851944444444
 20
268.1796558333333
 30
0.0
 10
94.37758055555557
 20
268.4114308333333
 30
0.0
 10
95.87794444444445
 20
268.6312113888889
 30
0.0
 10
98.32128333333333
 20
268.9889280555555
 30
0.0
 10
89.195275
 20
272.2263697222222
 30
0.0
 10
98.32128333333333
 20
272.2263697222222
 30
0.0
 10
106.8789666666667
 20
272.2263697222222
 30
0.0
 10
97.44921666666667
 20
269.0824141666667
 30
0.0
 10
100.5159138888889
 20
268.6933002777778
 30
0.0
 10
101.6059972222222
 20
268.5550113888889
 30
0.0
 10
102.5433277777778
 20
268.2699669444444
 30
0.0
 10
104.0486305555556
 20
267.8840280555555
 30
0.0
 10
104.5929666666667
 20
267.7446808333333
 30
0.0
 10
103.8620111111111
 20
269.0513697222222
 30
0.0
 10
104.4285722222222
 20
276.8332947222222
 30
0.0
 10
104.5153555555555
 20
278.0228613888889
 30
0.0
 10
103.9791333333333
 20
279.9747808333333
 30
0.0
 10
101.0927055555556
 20
280.0015919444444
 30
0.0
 10
90.84027777777777
 20
280.0964891666667
 30
0.0
 10
93.33053611111112
 20
282.1009725
 30
0.0
 10
90.57075555555556
 20
286.9858863888889
 30
0.0
 10
90.07510277777777
 20
287.8628919444445
 30
0.0
 10
89.195275
 20
285.1334502777777
 30
0.0
 10
89.195275
 20
283.8317002777778
 30
0.0
 10
89.195275
 20
282.2544308333333
 30
0.0
 10
91.95505555555556
 20
280.2785225
 30
0.0
 10
91.95505555555556
 20
276.9779336111111
 30
0.0
  0
SPLINE
  5
1EE
330
1F
100
AcDbEntity
  8
DEFAULT
 62
     5
100
AcDbSpline
210
0.0
220
0.0
230
1.0
 70
     8
 71
     3
 72
    35
 73
    31
 74
     0
 42
0.000000001
 43
0.0000000001
 40
0.0
 40
0.0
 40
0.0
 40
0.0
 40
1.0
 40
1.0
 40
1.0
 40
2.0
 40
2.0
 40
2.0
 40
3.0
 40
3.0
 40
3.0
 40
4.0
 40
4.0
 40
4.0
 40
5.0
 40
5.0
 40
5.0
 40
6.0
 40
6.0
 40
6.0
 40
7.0
 40
7.0
 40
7.0
 40
8.0
 40
8.0
 40
8.0
 40
9.0
 40
9.0
 40
9.0
 40
10.0
 40
10.0
 40
10.0
 40
10.0
 10
89.68059138888889
 20
276.9140102777777
 30
0.0
 10
89.68059138888889
 20
280.2788047222222
 30
0.0
 10
87.58226916666666
 20
281.7357769444444
 30
0.0
 10
87.70362472222222
 20
283.8489158333333
 30
0.0
 10
87.79111361111111
 20
285.3736213888889
 30
0.0
 10
89.17858861111111
 20
289.8157991666666
 30
0.0
 10
89.8598025
 20
289.8157991666666
 30
0.0
 10
90.54136916666667
 20
289.8157991666666
 30
0.0
 10
92.13169138888888
 20
287.9619519444444
 30
0.0
 10
92.74940527777777
 20
286.6122241666666
 30
0.0
 10
94.32667472222221
 20
283.1677019444444
 30
0.0
 10
96.44404694444444
 20
281.5904325
 30
0.0
 10
101.0929525
 20
281.5015324999999
 30
0.0
 10
104.8609719444444
 20
281.4292130555555
 30
0.0
 10
105.9284775
 20
278.8320630555555
 30
0.0
 10
105.9288302777778
 20
276.8145269444444
 30
0.0
 10
105.9288302777778
 20
276.8145269444444
 30
0.0
 10
105.7594969444444
 20
270.6320963888888
 30
0.0
 10
105.7594969444444
 20
269.7632047222222
 30
0.0
 10
105.7594969444444
 20
267.5174213888889
 30
0.0
 10
106.1034552777778
 20
266.8545519444444
 30
0.0
 10
105.3555663888889
 20
266.4700241666666
 30
0.0
 10
104.6076775
 20
266.0854963888888
 30
0.0
 10
102.3103886111111
 20
267.2235574999999
 30
0.0
 10
98.85034416666667
 20
267.345618611111
 30
0.0
 10
93.21507194444443
 20
267.5445852777777
 30
0.0
 10
90.10498305555555
 20
265.3167936111111
 30
0.0
 10
89.51372749999999
 20
265.7429491666666
 30
0.0
 10
88.92282472222222
 20
266.1687519444444
 30
0.0
 10
89.6375525
 20
271.339768611111
 30
0.0
 10
89.68094416666666
 20
274.0406352777778
 30
0.0
  0
SPLINE
  5
1EF
330
1F
100
AcDbEntity
  8
DEFAULT
 62
     1
100
AcDbSpline
210
0.0
220
0.0
230
1.0
 70
    11
 71
     3
 72
    50
 73
    46
 74
     0
 42
0.000000001
 43
0.0000000001
 40
1.0
 40
1.0
 40
1.0
 40
1.0
 40
2.0
 40
2.0
 40
2.0
 40
3.0
 40
3.0
 40
3.0
 40
4.0
 40
4.0
 40
4.0
 40
15.05500000000006
 40
15.05500000000006
 40
15.05500000000006
 40
16.05500000000006
 40
16.05500000000006
 40
16.05500000000006
 40
17.05500000000006
 40
17.05500000000006
 40
17.05500000000006
 40
18.05500000000006
 40
18.05500000000006
 40
18.05500000000006
 40
19.05500000000006
 40
19.05500000000006
 40
19.05500000000006
 40
20.05500000000006
 40
20.05500000000006
 40
20.05500000000006
 40
21.05500000000006
 40
21.05500000000006
 40
21.05500000000006
 40
33.95200000000006
 40
33.95200000000006
 40
33.95200000000006
 40
42.45600000000007
 40
42.45600000000007
 40
42.45600000000007
 40
55.35300000000007
 40
55.35300000000007
 40
55.35300000000007
 40
56.35300000000007
 40
56.35300000000007
 40
56.35300000000007
 40
57.35300000000007
 40
57.35300000000007
 40
57.35300000000007
 40
57.35300000000007
 10
87.40563333333333
 20
273.977735
 30
0.0
 10
87.14669444444444
 20
260.2412738888889
 30
0.0
 10
87.40880833333333
 20
263.7436516666667
 30
0.0
 10
95.15510277777777
 20
265.0499877777777
 30
0.0
 10
102.4770055555555
 20
266.2854155555556
 30
0.0
 10
108.1235666666667
 20
263.9457933333333
 30
0.0
 10
107.1008638888889
 20
266.2423766666666
 30
0.0
 10
106.1494222222222
 20
268.3787988888889
 30
0.0
 10
106.9050722222222
 20
269.6272794444444
 30
0.0
 10
106.9050722222222
 20
273.5272377777778
 30
0.0
 10
106.9050722222222
 20
274.8272238888889
 30
0.0
 10
106.9050722222222
 20
276.12721
 30
0.0
 10
106.9050722222222
 20
277.4271961111111
 30
0.0
 10
106.9047194444445
 20
280.5909072222222
 30
0.0
 10
103.6263555555556
 20
283.3954905555556
 30
0.0
 10
101.177725
 20
283.49956
 30
0.0
 10
96.74260277777776
 20
283.6879433333333
 30
0.0
 10
94.54162222222222
 20
288.1026044444444
 30
0.0
 10
90.39930555555554
 20
292.1098072222222
 30
0.0
 10
88.64176666666665
 20
293.8101961111111
 30
0.0
 10
85.96488888888888
 20
286.4343183333334
 30
0.0
 10
85.71476944444444
 20
284.05836
 30
0.0
 10
85.34047222222222
 20
280.5072988888889
 30
0.0
 10
87.31426388888889
 20
280.1940322222222
 30
0.0
 10
87.40563333333333
 20
276.9777572222222
 30
0.0
 10
88.54334166666666
 20
276.9777572222222
 30
0.0
 10
88.41457777777778
 20
276.9139044444444
 30
0.0
 10
89.68069722222222
 20
276.9139044444444
 30
0.0
 10
90.94187777777778
 20
276.9139044444444
 30
0.0
 10
90.81805277777778
 20
276.9777572222222
 30
0.0
 10
91.95505555555556
 20
276.9777572222222
 30
0.0
 10
93.47164722222222
 20
276.9777572222222
 30
0.0
 10
94.98823888888889
 20
276.9777572222222
 30
0.0
 10
96.50483055555556
 20
276.9777572222222
 30
0.0
 10
96.50483055555556
 20
275.9777498148148
 30
0.0
 10
96.50483055555556
 20
274.9777424074074
 30
0.0
 10
96.50483055555556
 20
273.977735
 30
0.0
 10
94.98823888888889
 20
273.977735
 30
0.0
 10
93.47164722222222
 20
273.977735
 30
0.0
 10
91.95505555555556
 20
273.977735
 30
0.0
 10
90.81805277777778
 20
273.977735
 30
0.0
 10
90.94223055555554
 20
274.041235
 30
0.0
 10
89.68104999999998
 20
274.0408822222222
 30
0.0
 10
88.41493055555554
 20
274.0408822222222
 30
0.0
 10
88.54334166666666
 20
273.977735
 30
0.0
 10
87.40563333333333
 20
273.977735
 30
0.0
  0
SPLINE
  5
1F0
330
1F
100
AcDbEntity
  8
DEFAULT
 62
     3
100
AcDbSpline
210
0.0
220
0.0
230
1.0
 70
     8
 71
     3
 72
    11
 73
     7
 74
     0
 42
0.000000001
 43
0.0000000001
 40
0.0
 40
0.0
 40
0.0
 40
0.0
 40
1.0
 40
1.0
 40
1.0
 40
2.0
 40
2.0
 40
2.0
 40
2.0
 10
112.6288916666666
 20
276.9725713888889
 30
0.0
 10
112.6288916666666
 20
278.6228658333333
 30
0.0
 10
111.4051055555555
 20
279.7644547222222
 30
0.0
 10
111.858425
 20
280.7603463888889
 30
0.0
 10
112.2761138888889
 20
281.6786269444444
 30
0.0
 10
117.1811361111111
 20
279.9510741666666
 30
0.0
 10
117.1811361111111
 20
276.9778630555555
 30
0.0
  0
SPLINE
  5
1F1
330
1F
100
AcDbEntity
  8
DEFAULT
 62
     3
100
AcDbSpline
210
0.0
220
0.0
230
1.0
 70
     8
 71
     3
 72
    11
 73
     7
 74
     0
 42
0.000000001
 43
0.0000000001
 40
0.0
 40
0.0
 40
0.0
 40
0.0
 40
1.0
 40
1.0
 40
1.0
 40
2.0
 40
2.0
 40
2.0
 40
2.0
 10
117.1810655555555
 20
273.9779113888889
 30
0.0
 10
117.1810655555555
 20
272.2313086111111
 30
0.0
 10
112.4690127777778
 20
270.4257919444444
 30
0.0
 10
112.027335
 20
270.7852725
 30
0.0
 10
111.5856572222222
 20
271.1447530555556
 30
0.0
 10
112.6344655555556
 20
272.7086169444444
 30
0.0
 10
112.6344655555556
 20
273.9765002777777
 30
0.0
  0
SPLINE
  5
1F2
330
1F
100
AcDbEntity
  8
DEFAULT
 62
     5
100
AcDbSpline
210
0.0
220
0.0
230
1.0
 70
     8
 71
     3
 72
    23
 73
    19
 74
     0
 42
0.000000001
 43
0.0000000001
 40
0.0
 40
0.0
 40
0.0
 40
0.0
 40
1.0
 40
1.0
 40
1.0
 40
2.0
 40
2.0
 40
2.0
 40
3.0
 40
3.0
 40
3.0
 40
4.0
 40
4.0
 40
4.0
 40
5.0
 40
5.0
 40
5.0
 40
6.0
 40
6.0
 40
6.0
 40
6.0
 10
110.3577083333333
 20
276.9069194444444
 30
0.0
 10
110.4092138888889
 20
278.1927944444444
 30
0.0
 10
109.9319055555555
 20
281.5491222222222
 30
0.0
 10
110.5400944444444
 20
282.2229277777777
 30
0.0
 10
112.2814055555555
 20
284.1519166666666
 30
0.0
 10
117.7967333333333
 20
281.092275
 30
0.0
 10
124.0966388888889
 20
279.9365749999999
 30
0.0
 10
125.0798305555555
 20
279.7563055555555
 30
0.0
 10
126.520575
 20
279.2938138888888
 30
0.0
 10
126.8133805555555
 20
278.5004166666666
 30
0.0
 10
127.1054805555555
 20
277.7070194444444
 30
0.0
 10
120.87225
 20
272.9709777777778
 30
0.0
 10
119.3030944444444
 20
271.98955
 30
0.0
 10
116.271675
 20
270.094075
 30
0.0
 10
111.8397277777778
 20
268.5778361111111
 30
0.0
 10
111.2188388888889
 20
268.8882805555555
 30
0.0
 10
110.59795
 20
269.1983722222222
 30
0.0
 10
110.4713027777778
 20
271.8318583333333
 30
0.0
 10
110.3584138888889
 20
274.0406
 30
0.0
  0
POLYLINE
  5
1F3
330
1F
100
AcDbEntity
  8
DEFAULT
 62
     7
100
AcDb2dPolyline
 66
     1
 10
0.0
 20
0.0
 30
0.0
  0
VERTEX
  5
1F4
330
1F3
100
AcDbEntity
  8
DEFAULT
 62
     7
100
AcDbVertex
100
AcDb2dVertex
 10
118.2809208333333
 20
273.9779113888889
 30
0.0
  0
VERTEX
  5
1F5
330
1F3
100
AcDbEntity
  8
DEFAULT
 62
     7
100
AcDbVertex
100
AcDb2dVertex
 10
118.2809208333333
 20
276.9779336111111
 30
0.0
  0
SEQEND
  5
1F6
330
1F3
100
AcDbEntity
  8
DEFAULT
 62
     7
  0
SPLINE
  5
1F7
330
1F
100
AcDbEntity
  8
DEFAULT
 62
     7
100
AcDbSpline
210
0.0
220
0.0
230
1.0
 70
     8
 71
     3
 72
    17
 73
    13
 74
     0
 42
0.000000001
 43
0.0000000001
 40
0.0
 40
0.0
 40
0.0
 40
0.0
 40
3.072000000000003
 40
3.072000000000003
 40
3.072000000000003
 40
4.072000000000003
 40
4.072000000000003
 40
4.072000000000003
 40
5.072000000000003
 40
5.072000000000003
 40
5.072000000000003
 40
6.072000000000003
 40
6.072000000000003
 40
6.072000000000003
 40
6.072000000000003
 10
119.1065266666667
 20
275.9708941666667
 30
0.0
 10
119.4677711111111
 20
275.9708941666667
 30
0.0
 10
119.8290155555555
 20
275.9708941666667
 30
0.0
 10
120.19026
 20
275.9708941666667
 30
0.0
 10
120.4943544444444
 20
275.9708941666667
 30
0.0
 10
120.7515294444444
 20
276.0880163888889
 30
0.0
 10
120.7515294444444
 20
276.4238608333333
 30
0.0
 10
120.7515294444444
 20
276.6542247222222
 30
0.0
 10
120.5956016666667
 20
276.8362580555556
 30
0.0
 10
120.4086294444444
 20
276.9008163888889
 30
0.0
 10
120.36171
 20
276.9209247222222
 30
0.0
 10
120.3112627777778
 20
276.9251580555556
 30
0.0
 10
120.2449405555555
 20
276.9251580555556
 30
0.0
  0
POLYLINE
  5
1F8
330
1F
100
AcDbEntity
  8
DEFAULT
 62
     7
100
AcDb2dPolyline
 66
     1
 10
0.0
 20
0.0
 30
0.0
  0
VERTEX
  5
1F9
330
1F8
100
AcDbEntity
  8
DEFAULT
 62
     7
100
AcDbVertex
100
AcDb2dVertex
 10
119.1065266666667
 20
276.9251933333333
 30
0.0
  0
VERTEX
  5
1FA
330
1F8
100
AcDbEntity
  8
DEFAULT
 62
     7
100
AcDbVertex
100
AcDb2dVertex
 10
121.8740683333333
 20
276.9251933333333
 30
0.0
  0
SEQEND
  5
1FB
330
1F8
100
AcDbEntity
  8
DEFAULT
 62
     7
  0
SPLINE
  5
1FC
330
1F
100
AcDbEntity
  8
DEFAULT
 62
     7
100
AcDbSpline
210
0.0
220
0.0
230
1.0
 70
     8
 71
     3
 72
    17
 73
    13
 74
     0
 42
0.000000001
 43
0.0000000001
 40
0.0
 40
0.0
 40
0.0
 40
0.0
 40
1.0
 40
1.0
 40
1.0
 40
2.0
 40
2.0
 40
2.0
 40
3.0
 40
3.0
 40
3.0
 40
6.769999999999982
 40
6.769999999999982
 40
6.769999999999982
 40
6.769999999999982
 10
121.0528369444444
 20
275.3993588888889
 30
0.0
 10
121.5304980555555
 20
275.3993588888889
 30
0.0
 10
121.6832508333333
 20
275.0105977777777
 30
0.0
 10
121.6832508333333
 20
274.7431922222221
 30
0.0
 10
121.6832508333333
 20
274.2443644444444
 30
0.0
 10
121.4158452777778
 20
274.0337561111111
 30
0.0
 10
121.0531897222222
 20
274.0337561111111
 30
0.0
 10
120.5857591666667
 20
274.0337561111111
 30
0.0
 10
119.1065619444444
 20
275.4565088888888
 30
0.0
 10
119.1065619444444
 20
275.4565088888888
 30
0.0
 10
119.1065619444444
 20
275.0131848148148
 30
0.0
 10
119.1065619444444
 20
274.5698607407408
 30
0.0
 10
119.1065619444444
 20
274.1265366666667
 30
0.0
  0
SPLINE
  5
1FD
330
1F
100
AcDbEntity
  8
DEFAULT
 62
     1
100
AcDbSpline
210
0.0
220
0.0
230
1.0
 70
    11
 71
     3
 72
    44
 73
    40
 74
     0
 42
0.000000001
 43
0.0000000001
 40
1.0
 40
1.0
 40
1.0
 40
1.0
 40
2.0
 40
2.0
 40
2.0
 40
3.0
 40
3.0
 40
3.0
 40
15.8890009698192
 40
15.8890009698192
 40
15.8890009698192
 40
24.39300096981922
 40
24.39300096981922
 40
24.39300096981922
 40
37.29700968804318
 40
37.29700968804318
 40
37.29700968804318
 40
38.29700968804318
 40
38.29700968804318
 40
38.29700968804318
 40
39.29700968804318
 40
39.29700968804318
 40
39.29700968804318
 40
40.29700968804318
 40
40.29700968804318
 40
40.29700968804318
 40
41.29700968804318
 40
41.29700968804318
 40
41.29700968804318
 40
42.29700968804318
 40
42.29700968804318
 40
42.29700968804318
 40
43.29700968804318
 40
43.29700968804318
 40
43.29700968804318
 40
44.29700968804318
 40
44.29700968804318
 40
44.29700968804318
 40
45.29700968804318
 40
45.29700968804318
 40
45.29700968804318
 40
45.29700968804318
 10
108.0827502777778
 20
273.9755125
 30
0.0
 10
109.2218697222222
 20
273.9755125
 30
0.0
 10
109.0941641666667
 20
274.0351319444444
 30
0.0
 10
110.3585197222222
 20
274.0407763888888
 30
0.0
 10
111.6214641666667
 20
274.0368958333333
 30
0.0
 10
111.4951697222222
 20
273.9765708333333
 30
0.0
 10
112.6342891666667
 20
273.9762180555555
 30
0.0
 10
114.1499400925926
 20
273.9768060185185
 30
0.0
 10
115.6655910185185
 20
273.9773939814814
 30
0.0
 10
117.1812419444444
 20
273.9779819444444
 30
0.0
 10
117.1812419444444
 20
274.9779893518518
 30
0.0
 10
117.1812419444444
 20
275.9779967592593
 30
0.0
 10
117.1812419444444
 20
276.9780041666667
 30
0.0
 10
115.6638271296296
 20
276.9762402777778
 30
0.0
 10
114.1464123148148
 20
276.9744763888889
 30
0.0
 10
112.6289975
 20
276.9727125
 30
0.0
 10
111.4941113888889
 20
276.9720069444444
 30
0.0
 10
111.6172308333333
 20
276.9081541666666
 30
0.0
 10
110.3578141666667
 20
276.9070958333333
 30
0.0
 10
109.0895780555555
 20
276.9067430555555
 30
0.0
 10
109.2211641666667
 20
276.9713013888889
 30
0.0
 10
108.0816919444444
 20
276.9709486111111
 30
0.0
 10
108.2887725
 20
280.9961430555555
 30
0.0
 10
108.0764002777778
 20
283.7703875
 30
0.0
 10
110.0583058333333
 20
284.1665569444444
 30
0.0
 10
114.1046669444444
 20
284.9758291666666
 30
0.0
 10
115.7366169444444
 20
284.0250930555555
 30
0.0
 10
118.6509141666667
 20
282.9600569444444
 30
0.0
 10
126.8275975
 20
279.9727347222222
 30
0.0
 10
129.3859419444444
 20
280.2965847222222
 30
0.0
 10
126.8508808333333
 20
276.8908680555555
 30
0.0
 10
125.4189558333333
 20
274.9661125
 30
0.0
 10
122.4358669444444
 20
272.2038625
 30
0.0
 10
118.9535975
 20
270.1245902777778
 30
0.0
 10
116.6894697222222
 20
268.7727458333333
 30
0.0
 10
113.8827697222222
 20
266.5625930555555
 30
0.0
 10
110.4629419444444
 20
266.9280708333333
 30
0.0
 10
107.9723308333333
 20
267.1940652777778
 30
0.0
 10
108.0859252777778
 20
272.2257347222222
 30
0.0
 10
108.0827502777778
 20
273.9755125
 30
0.0
  0
POLYLINE
  5
1FE
330
1F
100
AcDbEntity
  8
DEFAULT
 62
     7
100
AcDb2dPolyline
 66
     1
 10
0.0
 20
0.0
 30
0.0
  0
VERTEX
  5
1FF
330
1FE
100
AcDbEntity
  8
DEFAULT
 62
     7
100
AcDbVertex
100
AcDb2dVertex
 10
120.1496905555555
 20
238.9109888888889
 30
0.0
  0
VERTEX
  5
200
330
1FE
100
AcDbEntity
  8
DEFAULT
 62
     7
100
AcDbVertex
100
AcDb2dVertex
 10
120.1496905555555
 20
241.9110111111111
 30
0.0
  0
SEQEND
  5
201
330
1FE
100
AcDbEntity
  8
DEFAULT
 62
     7
  0
SPLINE
  5
202
330
1F
100
AcDbEntity
  8
DEFAULT
 62
     7
100
AcDbSpline
210
0.0
220
0.0
230
1.0
 70
     8
 71
     3
 72
    17
 73
    13
 74
     0
 42
0.000000001
 43
0.0000000001
 40
0.0
 40
0.0
 40
0.0
 40
0.0
 40
1.0
 40
1.0
 40
1.0
 40
2.0
 40
2.0
 40
2.0
 40
3.0
 40
3.0
 40
3.0
 40
6.644000000000005
 40
6.644000000000005
 40
6.644000000000005
 40
6.644000000000005
 10
123.7460483333333
 20
240.1816944444444
 30
0.0
 10
124.2237094444444
 20
240.1816944444444
 30
0.0
 10
124.3764622222222
 20
239.8200972222222
 30
0.0
 10
124.3764622222222
 20
239.5710361111111
 30
0.0
 10
124.3764622222222
 20
239.1067805555555
 30
0.0
 10
124.1090566666667
 20
238.9109888888889
 30
0.0
 10
123.7464011111111
 20
238.9109888888889
 30
0.0
 10
123.2789705555555
 20
238.9109888888889
 30
0.0
 10
121.7997733333333
 20
240.2349638888889
 30
0.0
 10
121.7997733333333
 20
240.2349638888889
 30
0.0
 10
121.7997733333333
 20
239.8064564814814
 30
0.0
 10
121.7997733333333
 20
239.3779490740741
 30
0.0
 10
121.7997733333333
 20
238.9494416666666
 30
0.0
  0
SPLINE
  5
203
330
1F
100
AcDbEntity
  8
DEFAULT
 62
     7
100
AcDbSpline
210
0.0
220
0.0
230
1.0
 70
     8
 71
     3
 72
    29
 73
    25
 74
     0
 42
0.000000001
 43
0.0000000001
 40
0.0
 40
0.0
 40
0.0
 40
0.0
 40
1.0
 40
1.0
 40
1.0
 40
2.0
 40
2.0
 40
2.0
 40
3.0
 40
3.0
 40
3.0
 40
4.0
 40
4.0
 40
4.0
 40
5.0
 40
5.0
 40
5.0
 40
6.0
 40
6.0
 40
6.0
 40
7.0
 40
7.0
 40
7.0
 40
8.0
 40
8.0
 40
8.0
 40
8.0
 10
122.0632983333333
 20
240.6009708333333
 30
0.0
 10
121.9168955555555
 20
240.6905763888889
 30
0.0
 10
121.7997733333333
 20
240.9558652777777
 30
0.0
 10
121.7997733333333
 20
241.2049263888889
 30
0.0
 10
121.7997733333333
 20
241.6032125
 30
0.0
 10
122.1306788888889
 20
241.8886097222222
 30
0.0
 10
122.5653011111111
 20
241.8886097222222
 30
0.0
 10
123.0976427777778
 20
241.8886097222222
 30
0.0
 10
123.3992677777778
 20
241.5333625
 30
0.0
 10
123.3992677777778
 20
241.1650625
 30
0.0
 10
123.3992677777778
 20
240.8863680555555
 30
0.0
 10
123.2563927777778
 20
240.6634125
 30
0.0
 10
123.1269233333333
 20
240.5935625
 30
0.0
 10
122.9900455555555
 20
240.5999125
 30
0.0
 10
121.6318511111111
 20
240.6009708333333
 30
0.0
 10
121.6318511111111
 20
240.6009708333333
 30
0.0
 10
121.1993455555555
 20
240.6009708333333
 30
0.0
 10
121.14784
 20
240.6679986111111
 30
0.0
 10
120.9841511111111
 20
240.8112263888889
 30
0.0
 10
120.8127011111111
 20
240.9544541666666
 30
0.0
 10
120.7580205555555
 20
241.1615347222222
 30
0.0
 10
120.7580205555555
 20
241.3474486111111
 30
0.0
 10
120.7580205555555
 20
241.5245430555556
 30
0.0
 10
120.8127011111111
 20
241.7192763888889
 30
0.0
 10
120.9139483333333
 20
241.8385152777778
 30
0.0
  0
SPLINE
  5
204
330
1F
100
AcDbEntity
  8
DEFAULT
 62
     3
100
AcDbSpline
210
0.0
220
0.0
230
1.0
 70
     8
 71
     3
 72
    26
 73
    22
 74
     0
 42
0.000000001
 43
0.0000000001
 40
0.0
 40
0.0
 40
0.0
 40
0.0
 40
1.0
 40
1.0
 40
1.0
 40
2.0
 40
2.0
 40
2.0
 40
3.0
 40
3.0
 40
3.0
 40
4.0
 40
4.0
 40
4.0
 40
5.0
 40
5.0
 40
5.0
 40
6.0
 40
6.0
 40
6.0
 40
7.0
 40
7.0
 40
7.0
 40
7.0
 10
114.4985433333333
 20
241.9161263888889
 30
0.0
 10
114.4985433333333
 20
242.3570986111111
 30
0.0
 10
114.01171
 20
242.7042319444444
 30
0.0
 10
113.2341877777778
 20
243.2408069444444
 30
0.0
 10
112.57661
 20
243.6944791666666
 30
0.0
 10
119.3943933333333
 20
242.8266458333333
 30
0.0
 10
126.0142683333333
 20
242.8887347222222
 30
0.0
 10
130.8099294444444
 20
242.9338902777777
 30
0.0
 10
134.106285
 20
241.7111625
 30
0.0
 10
134.6548544444444
 20
241.0373569444444
 30
0.0
 10
135.001635
 20
240.6112013888889
 30
0.0
 10
134.6037016666666
 20
239.0180569444444
 30
0.0
 10
134.6037016666666
 20
238.4141013888888
 30
0.0
 10
134.6037016666666
 20
237.7688708333333
 30
0.0
 10
133.4928044444444
 20
235.8151875
 30
0.0
 10
125.7426294444444
 20
236.2797958333333
 30
0.0
 10
118.3155988888889
 20
236.7253541666666
 30
0.0
 10
113.7555933333333
 20
235.9181986111111
 30
0.0
 10
113.2341877777778
 20
236.1764319444444
 30
0.0
 10
112.7127822222222
 20
236.4350180555555
 30
0.0
 10
114.5017183333333
 20
237.7491152777777
 30
0.0
 10
114.5017183333333
 20
238.9132819444444
 30
0.0
  0
SPLINE
  5
205
330
1F
100
AcDbEntity
  8
DEFAULT
 62
     5
100
AcDbSpline
210
0.0
220
0.0
230
1.0
 70
     8
 71
     3
 72
    29
 73
    25
 74
     0
 42
0.000000001
 43
0.0000000001
 40
0.0
 40
0.0
 40
0.0
 40
0.0
 40
1.0
 40
1.0
 40
1.0
 40
2.0
 40
2.0
 40
2.0
 40
3.0
 40
3.0
 40
3.0
 40
4.0
 40
4.0
 40
4.0
 40
5.0
 40
5.0
 40
5.0
 40
6.0
 40
6.0
 40
6.0
 40
7.0
 40
7.0
 40
7.0
 40
8.0
 40
8.0
 40
8.0
 40
8.0
 10
112.2228797222222
 20
241.8536141666666
 30
0.0
 10
112.2228797222222
 20
243.1412530555555
 30
0.0
 10
110.9504102777778
 20
244.0055586111111
 30
0.0
 10
111.4566463888889
 20
244.4761641666666
 30
0.0
 10
111.9628825
 20
244.9467697222222
 30
0.0
 10
119.9624713888889
 20
243.8087086111111
 30
0.0
 10
123.8275047222222
 20
243.8087086111111
 30
0.0
 10
128.8831630555555
 20
243.8087086111111
 30
0.0
 10
134.0989825
 20
243.8489252777777
 30
0.0
 10
135.9309575
 20
241.8963002777778
 30
0.0
 10
136.3528797222222
 20
241.1078419444444
 30
0.0
 10
136.1038186111111
 20
240.2488280555555
 30
0.0
 10
136.1038186111111
 20
238.4140308333333
 30
0.0
 10
136.1038186111111
 20
235.4425836111111
 30
0.0
 10
131.4796075
 20
234.7680725
 30
0.0
 10
126.0013213888889
 20
234.7680725
 30
0.0
 10
124.5619880555555
 20
234.7680725
 30
0.0
 10
122.3507769444444
 20
235.0460613888889
 30
0.0
 10
120.8729908333333
 20
235.0460613888889
 30
0.0
 10
114.4220963888889
 20
235.0460613888889
 30
0.0
 10
112.0613075
 20
234.2999363888889
 30
0.0
 10
111.4517075
 20
234.7828891666666
 30
0.0
 10
110.8421075
 20
235.2658419444444
 30
0.0
 10
112.2260547222222
 20
236.4801030555555
 30
0.0
 10
112.2260547222222
 20
238.9767113888889
 30
0.0
  0
SPLINE
  5
206
330
1F
100
AcDbEntity
  8
DEFAULT
 62
     1
100
AcDbSpline
210
0.0
220
0.0
230
1.0
 70
    11
 71
     3
 72
    44
 73
    40
 74
     0
 42
0.000000001
 43
0.0000000001
 40
1.0
 40
1.0
 40
1.0
 40
1.0
 40
2.0
 40
2.0
 40
2.0
 40
3.0
 40
3.0
 40
3.0
 40
4.0
 40
4.0
 40
4.0
 40
5.0
 40
5.0
 40
5.0
 40
6.0
 40
6.0
 40
6.0
 40
18.89202051658317
 40
18.89202051658317
 40
18.89202051658317
 40
27.39602051658319
 40
27.39602051658319
 40
27.39602051658319
 40
40.2970292368345
 40
40.2970292368345
 40
40.2970292368345
 40
41.2970292368345
 40
41.2970292368345
 40
41.2970292368345
 40
42.2970292368345
 40
42.2970292368345
 40
42.2970292368345
 40
43.2970292368345
 40
43.2970292368345
 40
43.2970292368345
 40
44.2970292368345
 40
44.2970292368345
 40
44.2970292368345
 40
45.2970292368345
 40
45.2970292368345
 40
45.2970292368345
 40
45.2970292368345
 10
136.9095630555555
 20
237.4931397222222
 30
0.0
 10
137.2055436111111
 20
235.2861619444444
 30
0.0
 10
134.6793019444444
 20
234.6338758333333
 30
0.0
 10
132.6621186111111
 20
233.8619980555555
 30
0.0
 10
127.2734380555555
 20
231.7986008333333
 30
0.0
 10
116.1838686111111
 20
234.0881286111111
 30
0.0
 10
110.9370047222222
 20
232.6117536111111
 30
0.0
 10
108.2174408333333
 20
231.8465786111111
 30
0.0
 10
109.8963102777778
 20
236.0255841666666
 30
0.0
 10
109.9541658333333
 20
238.9109536111111
 30
0.0
 10
111.0897575
 20
238.9116591666666
 30
0.0
 10
110.9578186111111
 20
238.9762175
 30
0.0
 10
112.2260547222222
 20
238.9769230555555
 30
0.0
 10
113.4882936111111
 20
238.9779813888888
 30
0.0
 10
113.3634102777778
 20
238.9158925
 30
0.0
 10
114.5018241666667
 20
238.9134230555555
 30
0.0
 10
116.0178278703704
 20
238.9161276851852
 30
0.0
 10
117.5338315740741
 20
238.9188323148148
 30
0.0
 10
119.0498352777778
 20
238.9215369444444
 30
0.0
 10
119.0498352777778
 20
239.9215443518518
 30
0.0
 10
119.0498352777778
 20
240.9215517592592
 30
0.0
 10
119.0498352777778
 20
241.9215591666666
 30
0.0
 10
117.5327732407408
 20
241.9197952777778
 30
0.0
 10
116.0157112037037
 20
241.9180313888889
 30
0.0
 10
114.4986491666667
 20
241.9162675
 30
0.0
 10
113.3598825
 20
241.9190897222222
 30
0.0
 10
113.4847658333333
 20
241.8545313888888
 30
0.0
 10
112.2228797222222
 20
241.8534730555555
 30
0.0
 10
110.9578186111111
 20
241.8492397222222
 30
0.0
 10
111.0858769444444
 20
241.9148563888889
 30
0.0
 10
109.9471102777778
 20
241.9109758333333
 30
0.0
 10
109.9178297222222
 20
242.7710480555555
 30
0.0
 10
107.7732936111111
 20
247.1158591666666
 30
0.0
 10
112.7202963888889
 20
246.4134786111111
 30
0.0
 10
123.6257158333333
 20
244.8640786111111
 30
0.0
 10
132.6183741666667
 20
247.3853813888889
 30
0.0
 10
136.3712241666667
 20
242.9784813888888
 30
0.0
 10
137.1229936111111
 20
242.0951258333333
 30
0.0
 10
136.8474741666667
 20
237.9556313888889
 30
0.0
 10
136.9095630555555
 20
237.4931397222222
 30
0.0
  0
SPLINE
  5
207
330
1F
100
AcDbEntity
  8
DEFAULT
 62
     3
100
AcDbSpline
210
0.0
220
0.0
230
1.0
 70
     8
 71
     3
 72
    26
 73
    22
 74
     0
 42
0.000000001
 43
0.0000000001
 40
0.0
 40
0.0
 40
0.0
 40
0.0
 40
1.0
 40
1.0
 40
1.0
 40
2.0
 40
2.0
 40
2.0
 40
3.0
 40
3.0
 40
3.0
 40
4.0
 40
4.0
 40
4.0
 40
5.0
 40
5.0
 40
5.0
 40
6.0
 40
6.0
 40
6.0
 40
7.0
 40
7.0
 40
7.0
 40
7.0
 10
113.8238205555555
 20
207.6539605555555
 30
0.0
 10
113.8238205555555
 20
205.4642688888889
 30
0.0
 10
111.7177372222222
 20
202.8254911111111
 30
0.0
 10
112.4843233333333
 20
202.9105105555555
 30
0.0
 10
113.2509094444444
 20
202.99553
 30
0.0
 10
120.8575038888889
 20
204.3840633333333
 30
0.0
 10
126.5227622222222
 20
204.52588
 30
0.0
 10
131.1614372222222
 20
204.6422966666667
 30
0.0
 10
122.4612316666666
 20
211.7913383333333
 30
0.0
 10
132.8417177777777
 20
207.2789577777778
 30
0.0
 10
133.7007316666667
 20
206.9053661111111
 30
0.0
 10
132.8332511111111
 20
209.8023772222222
 30
0.0
 10
132.5379761111111
 20
210.2768633333333
 30
0.0
 10
132.1569761111111
 20
210.8896383333333
 30
0.0
 10
129.2306844444444
 20
209.8623494444444
 30
0.0
 10
122.643265
 20
211.9479716666667
 30
0.0
 10
116.5571427777778
 20
213.8748438888889
 30
0.0
 10
111.6253094444444
 20
216.6529688888889
 30
0.0
 10
111.8782511111111
 20
215.9946855555555
 30
0.0
 10
112.4776205555555
 20
214.4347022222222
 30
0.0
 10
113.8238205555555
 20
212.5127688888889
 30
0.0
 10
113.8238205555555
 20
210.65363
 30
0.0
  0
SPLINE
  5
208
330
1F
100
AcDbEntity
  8
DEFAULT
 62
     5
100
AcDbSpline
210
0.0
220
0.0
230
1.0
 70
     8
 71
     3
 72
    26
 73
    22
 74
     0
 42
0.000000001
 43
0.0000000001
 40
0.0
 40
0.0
 40
0.0
 40
0.0
 40
1.0
 40
1.0
 40
1.0
 40
2.0
 40
2.0
 40
2.0
 40
3.0
 40
3.0
 40
3.0
 40
4.0
 40
4.0
 40
4.0
 40
5.0
 40
5.0
 40
5.0
 40
6.0
 40
6.0
 40
6.0
 40
7.0
 40
7.0
 40
7.0
 40
7.0
 10
111.5476630555555
 20
210.5874841666667
 30
0.0
 10
111.5476630555555
 20
213.7896480555555
 30
0.0
 10
109.4620408333333
 20
217.4708841666667
 30
0.0
 10
110.2035797222222
 20
218.0250980555555
 30
0.0
 10
110.9451186111111
 20
218.5793119444444
 30
0.0
 10
111.9029102777778
 20
217.8815175
 30
0.0
 10
114.9113991666667
 20
216.3631619444444
 30
0.0
 10
129.5439158333333
 20
208.9774063888889
 30
0.0
 10
132.3753102777778
 20
212.7447202777778
 30
0.0
 10
133.4869130555555
 20
211.5089397222222
 30
0.0
 10
133.9712769444444
 20
210.9702480555556
 30
0.0
 10
135.1054575
 20
208.9774063888889
 30
0.0
 10
134.8563963888889
 20
206.8191119444444
 30
0.0
 10
134.7114047222222
 20
205.5628702777778
 30
0.0
 10
129.0151019444444
 20
203.0828425
 30
0.0
 10
126.6084519444444
 20
203.0285147222222
 30
0.0
 10
121.3866352777778
 20
202.9106869444444
 30
0.0
 10
111.1260936111111
 20
201.0053341666666
 30
0.0
 10
110.5214325
 20
201.3806897222222
 30
0.0
 10
109.9167713888889
 20
201.7556925
 30
0.0
 10
111.3966741666667
 20
203.3329619444445
 30
0.0
 10
111.3966741666667
 20
207.7158730555556
 30
0.0
  0
POLYLINE
  5
209
330
1F
100
AcDbEntity
  8
DEFAULT
 62
     7
100
AcDb2dPolyline
 66
     1
 10
0.0
 20
0.0
 30
0.0
  0
VERTEX
  5
20A
330
209
100
AcDbEntity
  8
DEFAULT
 62
     7
100
AcDbVertex
100
AcDb2dVertex
 10
119.4539775
 20
207.6501858333333
 30
0.0
  0
VERTEX
  5
20B
330
209
100
AcDbEntity
  8
DEFAULT
 62
     7
100
AcDbVertex
100
AcDb2dVertex
 10
119.4539775
 20
210.6502080555555
 30
0.0
  0
SEQEND
  5
20C
330
209
100
AcDbEntity
  8
DEFAULT
 62
     7
  0
SPLINE
  5
20D
330
1F
100
AcDbEntity
  8
DEFAULT
 62
     7
100
AcDbSpline
210
0.0
220
0.0
230
1.0
 70
     8
 71
     3
 72
    17
 73
    13
 74
     0
 42
0.000000001
 43
0.0000000001
 40
0.0
 40
0.0
 40
0.0
 40
0.0
 40
1.0
 40
1.0
 40
1.0
 40
2.0
 40
2.0
 40
2.0
 40
3.0
 40
3.0
 40
3.0
 40
6.463000000000079
 40
6.463000000000079
 40
6.463000000000079
 40
6.463000000000079
 10
122.4003775
 20
208.8625066666666
 30
0.0
 10
122.8780386111111
 20
208.8625066666666
 30
0.0
 10
123.0307913888889
 20
208.5227816666666
 30
0.0
 10
123.0307913888889
 20
208.2885372222222
 30
0.0
 10
123.0307913888889
 20
207.8521511111111
 30
0.0
 10
122.7633858333333
 20
207.6680011111111
 30
0.0
 10
122.4007302777778
 20
207.6680011111111
 30
0.0
 10
121.9329469444444
 20
207.6680011111111
 30
0.0
 10
120.4541025
 20
208.9126011111111
 30
0.0
 10
120.4541025
 20
208.9126011111111
 30
0.0
 10
120.4541025
 20
208.505377962963
 30
0.0
 10
120.4541025
 20
208.0981548148148
 30
0.0
 10
120.4541025
 20
207.6909316666666
 30
0.0
  0
SPLINE
  5
20E
330
1F
100
AcDbEntity
  8
DEFAULT
 62
     7
100
AcDbSpline
210
0.0
220
0.0
230
1.0
 70
     8
 71
     3
 72
    11
 73
     7
 74
     0
 42
0.000000001
 43
0.0000000001
 40
0.0
 40
0.0
 40
0.0
 40
0.0
 40
5.34699999999998
 40
5.34699999999998
 40
5.34699999999998
 40
6.34699999999998
 40
6.34699999999998
 40
6.34699999999998
 40
6.34699999999998
 10
120.4539261111111
 20
210.3366591666667
 30
0.0
 10
121.0826937037037
 20
210.3366591666667
 30
0.0
 10
121.7114612962963
 20
210.3366591666667
 30
0.0
 10
122.3402288888889
 20
210.3366591666667
 30
0.0
 10
123.151265
 20
210.3366591666667
 30
0.0
 10
123.4747622222222
 20
209.9210869444445
 30
0.0
 10
123.2098261111111
 20
209.3665202777778
 30
0.0
  0
POLYLINE
  5
20F
330
1F
100
AcDbEntity
  8
DEFAULT
 62
     7
100
AcDb2dPolyline
 66
     1
 10
0.0
 20
0.0
 30
0.0
  0
VERTEX
  5
210
330
20F
100
AcDbEntity
  8
DEFAULT
 62
     7
100
AcDbVertex
100
AcDb2dVertex
 10
122.3402641666666
 20
210.5754191666666
 30
0.0
  0
VERTEX
  5
211
330
20F
100
AcDbEntity
  8
DEFAULT
 62
     7
100
AcDbVertex
100
AcDb2dVertex
 10
122.3402641666666
 20
209.6853608333333
 30
0.0
  0
SEQEND
  5
212
330
20F
100
AcDbEntity
  8
DEFAULT
 62
     7
  0
SPLINE
  5
213
330
1F
100
AcDbEntity
  8
DEFAULT
 62
     1
100
AcDbSpline
210
0.0
220
0.0
230
1.0
 70
    11
 71
     3
 72
    50
 73
    46
 74
     0
 42
0.000000001
 43
0.0000000001
 40
1.0
 40
1.0
 40
1.0
 40
1.0
 40
2.0
 40
2.0
 40
2.0
 40
3.0
 40
3.0
 40
3.0
 40
4.0
 40
4.0
 40
4.0
 40
5.0
 40
5.0
 40
5.0
 40
6.0
 40
6.0
 40
6.0
 40
7.0
 40
7.0
 40
7.0
 40
8.0
 40
8.0
 40
8.0
 40
20.89800015506282
 40
20.89800015506282
 40
20.89800015506282
 40
29.40200015506284
 40
29.40200015506284
 40
29.40200015506284
 40
42.30000019382857
 40
42.30000019382857
 40
42.30000019382857
 40
43.30000019382857
 40
43.30000019382857
 40
43.30000019382857
 40
44.30000019382857
 40
44.30000019382857
 40
44.30000019382857
 40
45.30000019382857
 40
45.30000019382857
 40
45.30000019382857
 40
46.30000019382857
 40
46.30000019382857
 40
46.30000019382857
 40
47.30000019382857
 40
47.30000019382857
 40
47.30000019382857
 40
47.30000019382857
 10
132.0041175
 20
212.9664763888889
 30
0.0
 10
135.0461202777778
 20
213.3136097222222
 30
0.0
 10
135.6906452777778
 20
209.4976125
 30
0.0
 10
135.7231008333333
 20
206.5155819444444
 30
0.0
 10
135.7446202777778
 20
204.5252097222222
 30
0.0
 10
128.9889258333333
 20
201.3177541666666
 30
0.0
 10
126.8634397222222
 20
201.0447041666666
 30
0.0
 10
124.7393647222222
 20
200.7674208333333
 30
0.0
 10
112.0855786111111
 20
199.8357347222222
 30
0.0
 10
109.4019980555556
 20
199.1322958333333
 30
0.0
 10
108.0963675
 20
198.7925708333333
 30
0.0
 10
108.2685230555556
 20
200.9462791666666
 30
0.0
 10
108.9282175
 20
203.4203097222222
 30
0.0
 10
109.2852286111111
 20
204.7580430555555
 30
0.0
 10
109.2753508333333
 20
206.4051625
 30
0.0
 10
109.2749980555555
 20
207.6501152777777
 30
0.0
 10
110.4137647222222
 20
207.6525847222222
 30
0.0
 10
110.2828841666667
 20
207.7167902777778
 30
0.0
 10
111.5511202777778
 20
207.7164375
 30
0.0
 10
112.8091258333333
 20
207.7178486111111
 30
0.0
 10
112.6895341666667
 20
207.6522319444444
 30
0.0
 10
113.8237147222222
 20
207.6539958333333
 30
0.0
 10
115.3404239814815
 20
207.6537606481481
 30
0.0
 10
116.8571332407407
 20
207.6535254629629
 30
0.0
 10
118.3738425
 20
207.6532902777777
 30
0.0
 10
118.3738425
 20
208.6532976851852
 30
0.0
 10
118.3738425
 20
209.6533050925925
 30
0.0
 10
118.3738425
 20
210.6533125
 30
0.0
 10
116.8571332407407
 20
210.6534300925925
 30
0.0
 10
115.3404239814815
 20
210.6535476851851
 30
0.0
 10
113.8237147222222
 20
210.6536652777777
 30
0.0
 10
112.6845952777778
 20
210.6511958333333
 30
0.0
 10
112.8105369444445
 20
210.5901652777777
 30
0.0
 10
111.5475925
 20
210.5873430555555
 30
0.0
 10
110.2797091666667
 20
210.5880486111111
 30
0.0
 10
110.4098841666667
 20
210.6515486111111
 30
0.0
 10
109.2749980555555
 20
210.6501374999999
 30
0.0
 10
109.3152147222222
 20
213.1873152777777
 30
0.0
 10
107.9728952777778
 20
214.3938152777777
 30
0.0
 10
107.8589480555556
 20
216.5094236111111
 30
0.0
 10
107.6169425
 20
221.2031319444444
 30
0.0
 10
109.1278897222222
 20
221.7192458333333
 30
0.0
 10
115.8535980555556
 20
218.1272625
 30
0.0
 10
124.4049313888889
 20
213.5598486111111
 30
0.0
 10
129.2605647222222
 20
212.6535625
 30
0.0
 10
132.0041175
 20
212.9664763888889
 30
0.0
  0
SPLINE
  5
214
330
1F
100
AcDbEntity
  8
DEFAULT
 62
     3
100
AcDbSpline
210
0.0
220
0.0
230
1.0
 70
     8
 71
     3
 72
    44
 73
    40
 74
     0
 42
0.000000001
 43
0.0000000001
 40
0.0
 40
0.0
 40
0.0
 40
0.0
 40
1.0
 40
1.0
 40
1.0
 40
2.0
 40
2.0
 40
2.0
 40
3.0
 40
3.0
 40
3.0
 40
4.0
 40
4.0
 40
4.0
 40
5.0
 40
5.0
 40
5.0
 40
6.0
 40
6.0
 40
6.0
 40
7.0
 40
7.0
 40
7.0
 40
8.0
 40
8.0
 40
8.0
 40
9.0
 40
9.0
 40
9.0
 40
10.0
 40
10.0
 40
10.0
 40
11.0
 40
11.0
 40
11.0
 40
12.0
 40
12.0
 40
12.0
 40
13.0
 40
13.0
 40
13.0
 40
13.0
 10
113.7788766666667
 20
114.5550936111111
 30
0.0
 10
113.8222683333333
 20
113.3281325
 30
0.0
 10
113.3142683333333
 20
112.2708575
 30
0.0
 10
114.027585
 20
111.8309436111111
 30
0.0
 10
114.7412544444444
 20
111.3906769444444
 30
0.0
 10
115.1589433333333
 20
111.9971019444444
 30
0.0
 10
118.0093877777778
 20
112.1533825
 30
0.0
 10
120.2262433333333
 20
112.2750908333333
 30
0.0
 10
113.8956461111111
 20
113.7564047222222
 30
0.0
 10
122.358785
 20
113.7564047222222
 30
0.0
 10
124.4994405555556
 20
113.7564047222222
 30
0.0
 10
125.6117488888889
 20
113.0406186111111
 30
0.0
 10
126.6369211111111
 20
112.5269741666666
 30
0.0
 10
127.0810683333333
 20
112.3043713888889
 30
0.0
 10
127.3957461111111
 20
113.1647963888889
 30
0.0
 10
127.8215488888889
 20
113.4068019444444
 30
0.0
 10
128.3179072222222
 20
113.6890241666667
 30
0.0
 10
127.3209572222222
 20
117.7883019444444
 30
0.0
 10
126.5543711111111
 20
118.2550269444444
 30
0.0
 10
124.9315933333333
 20
119.2420991666666
 30
0.0
 10
122.9764988888889
 20
120.0862963888889
 30
0.0
 10
121.4112238888889
 20
121.9824769444444
 30
0.0
 10
120.4287377777778
 20
123.1723963888889
 30
0.0
 10
119.0521988888889
 20
124.2342575
 30
0.0
 10
119.0521988888889
 20
123.2337797222222
 30
0.0
 10
119.0521988888889
 20
115.1840963888889
 30
0.0
 10
112.8613016666667
 20
125.0643436111111
 30
0.0
 10
116.9464683333333
 20
125.0643436111111
 30
0.0
 10
120.6312322222222
 20
125.0643436111111
 30
0.0
 10
114.1962127777778
 20
131.3900019444444
 30
0.0
 10
112.3600044444444
 20
132.2151491666667
 30
0.0
 10
111.9825322222222
 20
132.3844825
 30
0.0
 10
111.3799877777778
 20
131.8041630555555
 30
0.0
 10
111.6671488888889
 20
131.4732575
 30
0.0
 10
114.7987572222222
 20
127.8622241666666
 30
0.0
 10
114.0388738888889
 20
124.7916463888889
 30
0.0
 10
113.5428683333333
 20
121.4737713888889
 30
0.0
 10
113.1816238888889
 20
119.0600658333333
 30
0.0
 10
113.7781711111111
 20
118.9154269444444
 30
0.0
 10
113.7781711111111
 20
117.5551158333333
 30
0.0
  0
SPLINE
  5
215
330
1F
100
AcDbEntity
  8
DEFAULT
 62
     5
100
AcDbSpline
210
0.0
220
0.0
230
1.0
 70
     8
 71
     3
 72
    38
 73
    34
 74
     0
 42
0.000000001
 43
0.0000000001
 40
0.0
 40
0.0
 40
0.0
 40
0.0
 40
1.0
 40
1.0
 40
1.0
 40
2.0
 40
2.0
 40
2.0
 40
3.0
 40
3.0
 40
3.0
 40
4.0
 40
4.0
 40
4.0
 40
5.0
 40
5.0
 40
5.0
 40
6.0
 40
6.0
 40
6.0
 40
7.0
 40
7.0
 40
7.0
 40
8.0
 40
8.0
 40
8.0
 40
9.0
 40
9.0
 40
9.0
 40
10.0
 40
10.0
 40
10.0
 40
11.0
 40
11.0
 40
11.0
 40
11.0
 10
111.5032130555555
 20
117.49151
 30
0.0
 10
111.5183825
 20
119.1033516666667
 30
0.0
 10
114.4164519444444
 20
128.3870516666667
 30
0.0
 10
110.0758741666667
 20
131.14401
 30
0.0
 10
109.5269519444444
 20
131.4925544444444
 30
0.0
 10
111.6573769444444
 20
134.1803683333333
 30
0.0
 10
112.5463769444444
 20
133.6579044444445
 30
0.0
 10
114.1649213888889
 20
132.7064627777778
 30
0.0
 10
117.8648547222222
 20
129.3476655555556
 30
0.0
 10
119.6513213888889
 20
126.4499488888889
 30
0.0
 10
121.9027491666666
 20
122.7972877777778
 30
0.0
 10
126.7513269444444
 20
119.9613072222222
 30
0.0
 10
127.5447241666666
 20
119.4088572222222
 30
0.0
 10
128.5462602777777
 20
118.7110627777778
 30
0.0
 10
129.9026908333333
 20
112.8295516666667
 30
0.0
 10
128.7328797222222
 20
112.5476822222222
 30
0.0
 10
127.9581797222222
 20
112.3610627777778
 30
0.0
 10
127.4332463888889
 20
110.8857461111111
 30
0.0
 10
126.7823713888889
 20
110.8666961111111
 30
0.0
 10
126.0768158333333
 20
110.846235
 30
0.0
 10
124.4469825
 20
112.7769877777778
 30
0.0
 10
122.2975075
 20
112.8390766666667
 30
0.0
 10
118.0458297222222
 20
112.9629016666667
 30
0.0
 10
121.4109769444444
 20
111.0744822222222
 30
0.0
 10
118.5954575
 20
111.0212127777778
 30
0.0
 10
117.8779075
 20
111.0078072222222
 30
0.0
 10
115.8462602777777
 20
110.8550544444444
 30
0.0
 10
114.1850297222222
 20
110.3093072222222
 30
0.0
 10
114.0446241666667
 20
110.2630933333333
 30
0.0
 10
113.9151547222222
 20
110.23981
 30
0.0
 10
113.8005019444444
 20
110.23981
 30
0.0
 10
113.0109852777778
 20
110.23981
 30
0.0
 10
111.5811769444444
 20
112.3959877777778
 30
0.0
 10
111.5032130555555
 20
114.6184877777778
 30
0.0
  0
POLYLINE
  5
216
330
1F
100
AcDbEntity
  8
DEFAULT
 62
     7
100
AcDb2dPolyline
 66
     1
 10
0.0
 20
0.0
 30
0.0
  0
VERTEX
  5
217
330
216
100
AcDbEntity
  8
DEFAULT
 62
     7
100
AcDbVertex
100
AcDb2dVertex
 10
119.4288244444444
 20
117.5549041666666
 30
0.0
  0
VERTEX
  5
218
330
216
100
AcDbEntity
  8
DEFAULT
 62
     7
100
AcDbVertex
100
AcDb2dVertex
 10
119.4288244444444
 20
114.5562930555555
 30
0.0
  0
SEQEND
  5
219
330
216
100
AcDbEntity
  8
DEFAULT
 62
     7
  0
SPLINE
  5
21A
330
1F
100
AcDbEntity
  8
DEFAULT
 62
     7
100
AcDbSpline
210
0.0
220
0.0
230
1.0
 70
     8
 71
     3
 72
    17
 73
    13
 74
     0
 42
0.000000001
 43
0.0000000001
 40
0.0
 40
0.0
 40
0.0
 40
0.0
 40
1.0
 40
1.0
 40
1.0
 40
2.0
 40
2.0
 40
2.0
 40
3.0
 40
3.0
 40
3.0
 40
5.913000000000011
 40
5.913000000000011
 40
5.913000000000011
 40
5.913000000000011
 10
122.3750833333333
 20
115.7402152777778
 30
0.0
 10
122.8527444444444
 20
115.7402152777778
 30
0.0
 10
123.0054972222222
 20
115.4110736111111
 30
0.0
 10
123.0054972222222
 20
115.1845902777778
 30
0.0
 10
123.0054972222222
 20
114.7619625
 30
0.0
 10
122.7380916666666
 20
114.5838097222222
 30
0.0
 10
122.3754361111111
 20
114.5838097222222
 30
0.0
 10
121.9080055555555
 20
114.5838097222222
 30
0.0
 10
120.4288083333333
 20
115.7059958333333
 30
0.0
 10
120.4288083333333
 20
115.7059958333333
 30
0.0
 10
120.4288083333333
 20
115.3634486111111
 30
0.0
 10
120.4288083333333
 20
115.0209013888889
 30
0.0
 10
120.4288083333333
 20
114.6783541666667
 30
0.0
  0
SPLINE
  5
21B
330
1F
100
AcDbEntity
  8
DEFAULT
 62
     7
100
AcDbSpline
210
0.0
220
0.0
230
1.0
 70
     8
 71
     3
 72
    17
 73
    13
 74
     0
 42
0.000000001
 43
0.0000000001
 40
0.0
 40
0.0
 40
0.0
 40
0.0
 40
1.0
 40
1.0
 40
1.0
 40
2.0
 40
2.0
 40
2.0
 40
3.0
 40
3.0
 40
3.0
 40
4.0
 40
4.0
 40
4.0
 40
4.0
 10
120.5377813888889
 20
116.3275902777778
 30
0.0
 10
120.4912147222222
 20
116.4059069444444
 30
0.0
 10
120.4287730555555
 20
116.4835180555555
 30
0.0
 10
120.4287730555555
 20
116.7050625
 30
0.0
 10
120.4287730555555
 20
117.2024791666667
 30
0.0
 10
120.8147119444444
 20
117.5263291666667
 30
0.0
 10
121.3915036111111
 20
117.5263291666667
 30
0.0
 10
121.9721758333333
 20
117.5263291666667
 30
0.0
 10
122.3933925
 20
117.1788430555555
 30
0.0
 10
122.3933925
 20
116.6401513888889
 30
0.0
 10
122.3933925
 20
116.4630569444444
 30
0.0
 10
122.3425925
 20
116.4023791666666
 30
0.0
 10
122.2960258333333
 20
116.3205347222222
 30
0.0
  0
SPLINE
  5
21C
330
1F
100
AcDbEntity
  8
DEFAULT
 62
     1
100
AcDbSpline
210
0.0
220
0.0
230
1.0
 70
    11
 71
     3
 72
    53
 73
    49
 74
     0
 42
0.000000001
 43
0.0000000001
 40
1.0
 40
1.0
 40
1.0
 40
1.0
 40
2.0
 40
2.0
 40
2.0
 40
3.0
 40
3.0
 40
3.0
 40
4.0
 40
4.0
 40
4.0
 40
5.0
 40
5.0
 40
5.0
 40
6.0
 40
6.0
 40
6.0
 40
7.0
 40
7.0
 40
7.0
 40
8.0
 40
8.0
 40
8.0
 40
9.0
 40
9.0
 40
9.0
 40
10.0
 40
10.0
 40
10.0
 40
11.0
 40
11.0
 40
11.0
 40
12.0
 40
12.0
 40
12.0
 40
24.89699999999999
 40
24.89699999999999
 40
24.89699999999999
 40
33.40100000000001
 40
33.40100000000001
 40
33.40100000000001
 40
46.30000000000001
 40
46.30000000000001
 40
46.30000000000001
 40
47.30000000000001
 40
47.30000000000001
 40
47.30000000000001
 40
48.30000000000001
 40
48.30000000000001
 40
48.30000000000001
 40
48.30000000000001
 10
109.2287488888889
 20
117.5550805555555
 30
0.0
 10
109.2287488888889
 20
120.0227611111111
 30
0.0
 10
112.5452127777778
 20
128.5381111111111
 30
0.0
 10
108.4565183333333
 20
129.7474333333333
 30
0.0
 10
104.3678238888889
 20
130.9567555555555
 30
0.0
 10
107.7290905555556
 20
131.9978027777778
 30
0.0
 10
109.7702627777778
 20
134.5173416666667
 30
0.0
 10
111.8110822222222
 20
137.0365277777778
 30
0.0
 10
117.9102572222222
 20
130.6568944444444
 30
0.0
 10
120.2470572222222
 20
127.1143
 30
0.0
 10
122.58421
 20
123.5717055555555
 30
0.0
 10
126.9134988888889
 20
121.2306722222222
 30
0.0
 10
128.3859933333333
 20
120.0097083333333
 30
0.0
 10
129.858135
 20
118.7890972222222
 30
0.0
 10
130.9849072222222
 20
112.3561944444444
 30
0.0
 10
129.5716794444444
 20
111.2537638888889
 30
0.0
 10
128.9839516666667
 20
110.7955055555555
 30
0.0
 10
128.6699794444444
 20
110.4783583333333
 30
0.0
 10
127.413385
 20
109.5837138888889
 30
0.0
 10
124.1251433333333
 20
107.241975
 30
0.0
 10
123.844685
 20
112.1445277777778
 30
0.0
 10
121.2828127777778
 20
110.4910583333333
 30
0.0
 10
118.1370933333333
 20
108.4608222222222
 30
0.0
 10
118.4683516666666
 20
109.6115833333333
 30
0.0
 10
114.8093405555556
 20
108.4093166666666
 30
0.0
 10
111.0282683333333
 20
107.1668333333333
 30
0.0
 10
109.2287488888889
 20
113.1160777777777
 30
0.0
 10
109.2287488888889
 20
114.5550583333333
 30
0.0
 10
110.3657516666667
 20
114.5550583333333
 30
0.0
 10
110.2373405555555
 20
114.6185583333333
 30
0.0
 10
111.5031072222222
 20
114.6185583333333
 30
0.0
 10
112.7646405555555
 20
114.6185583333333
 30
0.0
 10
112.6408155555555
 20
114.5550583333333
 30
0.0
 10
113.7788766666667
 20
114.5550583333333
 30
0.0
 10
115.2954683333333
 20
114.5550583333333
 30
0.0
 10
116.81206
 20
114.5550583333333
 30
0.0
 10
118.3286516666667
 20
114.5550583333333
 30
0.0
 10
118.3286516666667
 20
115.5550657407407
 30
0.0
 10
118.3286516666667
 20
116.5550731481481
 30
0.0
 10
118.3286516666667
 20
117.5550805555555
 30
0.0
 10
116.8118248148148
 20
117.5550805555555
 30
0.0
 10
115.294997962963
 20
117.5550805555555
 30
0.0
 10
113.7781711111111
 20
117.5550805555555
 30
0.0
 10
112.6408155555555
 20
117.5550805555555
 30
0.0
 10
112.7646405555555
 20
117.4915805555555
 30
0.0
 10
111.5031072222222
 20
117.4915805555555
 30
0.0
 10
110.2373405555555
 20
117.4915805555555
 30
0.0
 10
110.3657516666667
 20
117.5550805555555
 30
0.0
 10
109.2287488888889
 20
117.5550805555555
 30
0.0
  0
POLYLINE
  5
21D
330
1F
100
AcDbEntity
  8
DEFAULT
 62
     7
100
AcDb2dPolyline
 66
     1
 10
0.0
 20
0.0
 30
0.0
  0
VERTEX
  5
21E
330
21D
100
AcDbEntity
  8
DEFAULT
 62
     7
100
AcDbVertex
100
AcDb2dVertex
 10
101.9947583333333
 20
55.60917249999997
 30
0.0
  0
VERTEX
  5
21F
330
21D
100
AcDbEntity
  8
DEFAULT
 62
     7
100
AcDbVertex
100
AcDb2dVertex
 10
102.6809111111111
 20
54.97593638888888
 30
0.0
  0
VERTEX
  5
220
330
21D
100
AcDbEntity
  8
DEFAULT
 62
     7
100
AcDbVertex
100
AcDb2dVertex
 10
100.1476138888889
 20
54.97593638888888
 30
0.0
  0
SEQEND
  5
221
330
21D
100
AcDbEntity
  8
DEFAULT
 62
     7
  0
SPLINE
  5
222
330
1F
100
AcDbEntity
  8
DEFAULT
 62
     7
100
AcDbSpline
210
0.0
220
0.0
230
1.0
 70
     8
 71
     3
 72
    23
 73
    19
 74
     0
 42
0.000000001
 43
0.0000000001
 40
0.0
 40
0.0
 40
0.0
 40
0.0
 40
1.0
 40
1.0
 40
1.0
 40
2.0
 40
2.0
 40
2.0
 40
3.0
 40
3.0
 40
3.0
 40
4.0
 40
4.0
 40
4.0
 40
5.0
 40
5.0
 40
5.0
 40
6.0
 40
6.0
 40
6.0
 40
6.0
 10
101.6621241666667
 20
57.31760472222221
 30
0.0
 10
101.8244019444444
 20
57.31760472222221
 30
0.0
 10
101.9863269444444
 20
56.98775749999999
 30
0.0
 10
101.9863269444444
 20
56.74998527777777
 30
0.0
 10
101.9863269444444
 20
56.25292138888889
 30
0.0
 10
101.7259769444444
 20
56.13615194444444
 30
0.0
 10
101.3477991666667
 20
56.13615194444444
 30
0.0
 10
101.3477991666667
 20
56.13615194444444
 30
0.0
 10
100.5766269444444
 20
56.15484916666666
 30
0.0
 10
100.4482158333333
 20
56.13191861111111
 30
0.0
 10
100.2570102777778
 20
56.13191861111111
 30
0.0
 10
100.1472963888889
 20
56.6176936111111
 30
0.0
 10
100.1472963888889
 20
56.83606305555555
 30
0.0
 10
100.1472963888889
 20
57.14580194444444
 30
0.0
 10
100.3656658333333
 20
57.30419916666666
 30
0.0
 10
100.5872102777778
 20
57.30419916666666
 30
0.0
 10
100.9572741666667
 20
57.30419916666666
 30
0.0
 10
101.2888852777778
 20
57.17296583333333
 30
0.0
 10
101.1565936111111
 20
56.13615194444444
 30
0.0
  0
POLYLINE
  5
223
330
1F
100
AcDbEntity
  8
DEFAULT
 62
     7
100
AcDb2dPolyline
 66
     1
 10
0.0
 20
0.0
 30
0.0
  0
VERTEX
  5
224
330
223
100
AcDbEntity
  8
DEFAULT
 62
     7
100
AcDbVertex
100
AcDb2dVertex
 10
99.14738305555555
 20
54.71653888888888
 30
0.0
  0
VERTEX
  5
225
330
223
100
AcDbEntity
  8
DEFAULT
 62
     7
100
AcDbVertex
100
AcDb2dVertex
 10
99.14738305555555
 20
57.57721388888888
 30
0.0
  0
SEQEND
  5
226
330
223
100
AcDbEntity
  8
DEFAULT
 62
     7
  0
SPLINE
  5
227
330
1F
100
AcDbEntity
  8
DEFAULT
 62
     3
100
AcDbSpline
210
0.0
220
0.0
230
1.0
 70
     8
 71
     3
 72
    65
 73
    61
 74
     0
 42
0.000000001
 43
0.0000000001
 40
0.0
 40
0.0
 40
0.0
 40
0.0
 40
1.0
 40
1.0
 40
1.0
 40
2.0
 40
2.0
 40
2.0
 40
3.0
 40
3.0
 40
3.0
 40
4.0
 40
4.0
 40
4.0
 40
5.0
 40
5.0
 40
5.0
 40
6.0
 40
6.0
 40
6.0
 40
7.0
 40
7.0
 40
7.0
 40
8.0
 40
8.0
 40
8.0
 40
9.0
 40
9.0
 40
9.0
 40
10.0
 40
10.0
 40
10.0
 40
11.0
 40
11.0
 40
11.0
 40
12.0
 40
12.0
 40
12.0
 40
13.0
 40
13.0
 40
13.0
 40
14.0
 40
14.0
 40
14.0
 40
15.0
 40
15.0
 40
15.0
 40
16.0
 40
16.0
 40
16.0
 40
17.0
 40
17.0
 40
17.0
 40
18.0
 40
18.0
 40
18.0
 40
19.0
 40
19.0
 40
19.0
 40
20.0
 40
20.0
 40
20.0
 40
20.0
 10
93.49828194444443
 20
54.64693583333332
 30
0.0
 10
93.49828194444443
 20
51.82683027777777
 30
0.0
 10
90.81822916666665
 20
50.86198305555556
 30
0.0
 10
90.85068472222221
 20
49.74297194444443
 30
0.0
 10
90.91277361111109
 20
47.59526083333333
 30
0.0
 10
91.33152083333331
 20
50.20299416666666
 30
0.0
 10
101.9864680555555
 20
51.73510805555555
 30
0.0
 10
105.6673513888889
 20
52.26427472222222
 30
0.0
 10
104.0798513888889
 20
52.26427472222222
 30
0.0
 10
104.0798513888889
 20
54.64693583333332
 30
0.0
 10
104.0798513888889
 20
57.79512472222222
 30
0.0
 10
108.6088125
 20
55.69715527777777
 30
0.0
 10
106.3524458333333
 20
54.44303027777777
 30
0.0
 10
105.2316708333333
 20
53.8203775
 30
0.0
 10
106.4205319444444
 20
52.66114972222222
 30
0.0
 10
106.9197125
 20
52.43819416666666
 30
0.0
 10
107.7325125
 20
52.07518583333333
 30
0.0
 10
109.0705986111111
 20
52.29531916666666
 30
0.0
 10
109.1016430555555
 20
53.32260805555555
 30
0.0
 10
109.1559708333333
 20
55.10695805555554
 30
0.0
 10
109.5902402777778
 20
58.49115527777776
 30
0.0
 10
111.0937791666666
 20
61.49858583333332
 30
0.0
 10
111.3844680555555
 20
62.07961083333332
 30
0.0
 10
108.8113069444444
 20
63.31574416666666
 30
0.0
 10
108.8113069444444
 20
62.03798305555554
 30
0.0
 10
108.8113069444444
 20
59.36110527777777
 30
0.0
 10
107.2343902777778
 20
59.14344138888888
 30
0.0
 10
104.0798513888889
 20
59.14344138888888
 30
0.0
 10
101.5285625
 20
59.14344138888888
 30
0.0
 10
100.9048513888889
 20
59.94248305555555
 30
0.0
 10
100.9048513888889
 20
60.87381638888888
 30
0.0
 10
100.9048513888889
 20
62.14205249999999
 30
0.0
 10
102.2196541666666
 20
63.58561916666665
 30
0.0
 10
103.9761347222222
 20
62.63982194444444
 30
0.0
 10
107.3575097222222
 20
60.8194886111111
 30
0.0
 10
106.3831375
 20
66.1852386111111
 30
0.0
 10
104.4456819444444
 20
66.1852386111111
 30
0.0
 10
103.3700625
 20
66.1852386111111
 30
0.0
 10
103.0631458333333
 20
64.47250249999999
 30
0.0
 10
100.2116430555555
 20
64.47250249999999
 30
0.0
 10
99.12790972222221
 20
64.47250249999999
 30
0.0
 10
98.05652361111109
 20
64.68028861111111
 30
0.0
 10
97.0451097222222
 20
66.00179416666666
 30
0.0
 10
95.75852916666665
 20
67.68242749999999
 30
0.0
 10
92.65549583333332
 20
69.6509275
 30
0.0
 10
90.7589625
 20
70.04109972222221
 30
0.0
 10
89.98920138888887
 20
70.19914416666666
 30
0.0
 10
89.3393847222222
 20
67.79531638888888
 30
0.0
 10
90.18605138888887
 20
64.4453386111111
 30
0.0
 10
90.75719861111111
 20
62.18332749999999
 30
0.0
 10
91.9143097222222
 20
59.88074694444444
 30
0.0
 10
92.66643194444443
 20
62.1212386111111
 30
0.0
 10
94.63775416666665
 20
67.99393027777776
 30
0.0
 10
93.70395138888888
 20
63.98884416666665
 30
0.0
 10
97.62613472222222
 20
62.32867194444444
 30
0.0
 10
99.71493194444443
 20
61.44496361111111
 30
0.0
 10
95.5196986111111
 20
58.73880527777776
 30
0.0
 10
94.77286805555553
 20
60.51292472222221
 30
0.0
 10
94.27474583333333
 20
61.6957886111111
 30
0.0
 10
93.49757638888887
 20
60.53197472222221
 30
0.0
 10
93.49757638888887
 20
57.64695805555554
 30
0.0
  0
SPLINE
  5
228
330
1F
100
AcDbEntity
  8
DEFAULT
 62
     5
100
AcDbSpline
210
0.0
220
0.0
230
1.0
 70
     8
 71
     3
 72
    47
 73
    43
 74
     0
 42
0.000000001
 43
0.0000000001
 40
0.0
 40
0.0
 40
0.0
 40
0.0
 40
1.0
 40
1.0
 40
1.0
 40
2.0
 40
2.0
 40
2.0
 40
3.0
 40
3.0
 40
3.0
 40
4.0
 40
4.0
 40
4.0
 40
5.0
 40
5.0
 40
5.0
 40
6.0
 40
6.0
 40
6.0
 40
7.0
 40
7.0
 40
7.0
 40
8.0
 40
8.0
 40
8.0
 40
9.0
 40
9.0
 40
9.0
 40
10.0
 40
10.0
 40
10.0
 40
11.0
 40
11.0
 40
11.0
 40
12.0
 40
12.0
 40
12.0
 40
13.0
 40
13.0
 40
13.0
 40
14.0
 40
14.0
 40
14.0
 40
14.0
 10
91.2229711111111
 20
57.58321111111111
 30
0.0
 10
91.2229711111111
 20
59.85933333333333
 30
0.0
 10
87.96542111111108
 20
61.88286666666666
 30
0.0
 10
87.96542111111108
 20
66.85526944444445
 30
0.0
 10
87.96542111111108
 20
68.87668611111111
 30
0.0
 10
88.1287572222222
 20
71.97195833333333
 30
0.0
 10
89.01916833333331
 20
72.29192777777779
 30
0.0
 10
90.44791833333332
 20
72.80486666666665
 30
0.0
 10
96.13222666666665
 20
69.21817499999999
 30
0.0
 10
97.51405722222219
 20
68.22933888888889
 30
0.0
 10
98.89165444444443
 20
67.243325
 30
0.0
 10
99.23384888888886
 20
66.46333333333332
 30
0.0
 10
100.1934044444444
 20
66.4718
 30
0.0
 10
101.740335
 20
66.48626388888889
 30
0.0
 10
102.4868127777777
 20
68.00885277777778
 30
0.0
 10
103.1747294444444
 20
68.12068333333333
 30
0.0
 10
106.5688044444444
 20
68.67313333333334
 30
0.0
 10
107.3064627777778
 20
66.62031944444443
 30
0.0
 10
108.8227016666666
 20
65.47943611111111
 30
0.0
 10
111.0822433333333
 20
63.77869444444445
 30
0.0
 10
112.0220433333333
 20
64.00447222222222
 30
0.0
 10
112.6665683333333
 20
62.68049722222222
 30
0.0
 10
113.0285183333333
 20
61.93684166666667
 30
0.0
 10
112.1052988888889
 20
60.43718333333333
 30
0.0
 10
111.7369988888889
 20
59.4487
 30
0.0
 10
111.3365961111111
 20
58.37378611111112
 30
0.0
 10
110.4070266666666
 20
55.02345555555555
 30
0.0
 10
110.3385877777777
 20
53.25392222222222
 30
0.0
 10
110.2447488888889
 20
50.84233333333333
 30
0.0
 10
108.7041683333333
 20
50.64089722222222
 30
0.0
 10
107.3078738888889
 20
50.64089722222222
 30
0.0
 10
105.6346488888889
 20
50.64089722222222
 30
0.0
 10
103.3461794444444
 20
50.18475555555555
 30
0.0
 10
100.9074266666667
 20
49.79599444444444
 30
0.0
 10
95.08588777777776
 20
48.86818888888889
 30
0.0
 10
90.55163499999998
 20
46.96918611111111
 30
0.0
 10
89.91734055555554
 20
46.96918611111111
 30
0.0
 10
89.28304611111109
 20
46.96918611111111
 30
0.0
 10
89.17192111111109
 20
50.37772499999999
 30
0.0
 10
89.58643499999998
 20
51.13972500000001
 30
0.0
 10
89.86124888888887
 20
51.64455
 30
0.0
 10
91.2229711111111
 20
53.11704444444445
 30
0.0
 10
91.2229711111111
 20
54.71018888888889
 30
0.0
  0
SPLINE
  5
229
330
1F
100
AcDbEntity
  8
DEFAULT
 62
     1
100
AcDbSpline
210
0.0
220
0.0
230
1.0
 70
    11
 71
     3
 72
    56
 73
    52
 74
     0
 42
0.000000001
 43
0.0000000001
 40
1.0
 40
1.0
 40
1.0
 40
1.0
 40
2.0
 40
2.0
 40
2.0
 40
3.0
 40
3.0
 40
3.0
 40
4.0
 40
4.0
 40
4.0
 40
5.0
 40
5.0
 40
5.0
 40
6.0
 40
6.0
 40
6.0
 40
7.0
 40
7.0
 40
7.0
 40
8.0
 40
8.0
 40
8.0
 40
9.0
 40
9.0
 40
9.0
 40
21.89600000000002
 40
21.89600000000002
 40
21.89600000000002
 40
30.40000000000001
 40
30.40000000000001
 40
30.40000000000001
 40
43.29800000000003
 40
43.29800000000003
 40
43.29800000000003
 40
44.29800000000003
 40
44.29800000000003
 40
44.29800000000003
 40
45.29800000000003
 40
45.29800000000003
 40
45.29800000000003
 40
46.29800000000003
 40
46.29800000000003
 40
46.29800000000003
 40
47.29800000000003
 40
47.29800000000003
 40
47.29800000000003
 40
48.29800000000003
 40
48.29800000000003
 40
48.29800000000003
 40
49.29800000000003
 40
49.29800000000003
 40
49.29800000000003
 40
49.29800000000003
 10
113.073815
 20
63.93250555555555
 30
0.0
 10
114.5695927777778
 20
63.31867222222221
 30
0.0
 10
112.1855205555556
 20
58.45598333333333
 30
0.0
 10
111.4841983333333
 20
55.16456666666667
 30
0.0
 10
110.7828761111111
 20
51.87315
 30
0.0
 10
111.7957011111111
 20
48.48260277777776
 30
0.0
 10
107.5722455555555
 20
48.63641388888888
 30
0.0
 10
105.5952788888889
 20
48.70838055555555
 30
0.0
 10
101.9983566666667
 20
47.92450833333333
 30
0.0
 10
98.86533722222221
 20
47.41086388888888
 30
0.0
 10
94.5981372222222
 20
46.71165833333333
 30
0.0
 10
90.47134277777778
 20
45.86005277777778
 30
0.0
 10
90.02155111111111
 20
44.13179444444444
 30
0.0
 10
89.56858444444443
 20
42.39154166666666
 30
0.0
 10
88.48696777777778
 20
45.09487777777777
 30
0.0
 10
86.89840944444444
 20
49.08832222222222
 30
0.0
 10
86.23906777777778
 20
50.746025
 30
0.0
 10
88.94910666666667
 20
52.95370833333332
 30
0.0
 10
88.94910666666667
 20
54.64704166666666
 30
0.0
 10
90.08575666666665
 20
54.64704166666666
 30
0.0
 10
89.95769833333333
 20
54.71018888888889
 30
0.0
 10
91.22311222222221
 20
54.71018888888889
 30
0.0
 10
92.48429277777778
 20
54.71018888888889
 30
0.0
 10
92.36046777777779
 20
54.64704166666666
 30
0.0
 10
93.4981761111111
 20
54.64704166666666
 30
0.0
 10
95.01465018518518
 20
54.64704166666666
 30
0.0
 10
96.53112425925924
 20
54.64704166666666
 30
0.0
 10
98.04759833333333
 20
54.64704166666666
 30
0.0
 10
98.04759833333333
 20
55.64704907407407
 30
0.0
 10
98.04759833333333
 20
56.64705648148148
 30
0.0
 10
98.04759833333333
 20
57.64706388888888
 30
0.0
 10
96.53088907407407
 20
57.64706388888888
 30
0.0
 10
95.0141798148148
 20
57.64706388888888
 30
0.0
 10
93.49747055555554
 20
57.64706388888888
 30
0.0
 10
92.36046777777779
 20
57.64706388888888
 30
0.0
 10
92.48429277777778
 20
57.58321111111111
 30
0.0
 10
91.22311222222221
 20
57.58321111111111
 30
0.0
 10
89.95769833333333
 20
57.58321111111111
 30
0.0
 10
90.08575666666665
 20
57.64706388888888
 30
0.0
 10
88.94910666666667
 20
57.64706388888888
 30
0.0
 10
88.94910666666667
 20
59.29735833333332
 30
0.0
 10
86.09337055555554
 20
61.72058888888888
 30
0.0
 10
85.96637055555554
 20
66.80552777777777
 30
0.0
 10
85.91133722222223
 20
68.99239722222221
 30
0.0
 10
86.59184555555555
 20
75.74456388888888
 30
0.0
 10
89.86491777777778
 20
74.10485277777778
 30
0.0
 10
100.7946788888889
 20
68.63009444444444
 30
0.0
 10
99.59205944444443
 20
67.46416388888888
 30
0.0
 10
101.2645788888889
 20
69.24463333333333
 30
0.0
 10
104.3856038888889
 20
72.56674166666666
 30
0.0
 10
109.3001511111111
 20
65.48119999999999
 30
0.0
 10
113.073815
 20
63.93250555555555
 30
0.0
  0
POLYLINE
  5
22A
330
1F
100
AcDbEntity
  8
DEFAULT
 62
     7
100
AcDb2dPolyline
 66
     1
 10
0.0
 20
0.0
 30
0.0
  0
VERTEX
  5
22B
330
22A
100
AcDbEntity
  8
DEFAULT
 62
     7
100
AcDbVertex
100
AcDb2dVertex
 10
113.5070613888889
 20
15.67532777777777
 30
0.0
  0
VERTEX
  5
22C
330
22A
100
AcDbEntity
  8
DEFAULT
 62
     7
100
AcDbVertex
100
AcDb2dVertex
 10
113.9272197222222
 20
18.13948055555555
 30
0.0
  0
SEQEND
  5
22D
330
22A
100
AcDbEntity
  8
DEFAULT
 62
     7
  0
SPLINE
  5
22E
330
1F
100
AcDbEntity
  8
DEFAULT
 62
     7
100
AcDbSpline
210
0.0
220
0.0
230
1.0
 70
     8
 71
     3
 72
    17
 73
    13
 74
     0
 42
0.000000001
 43
0.0000000001
 40
0.0
 40
0.0
 40
0.0
 40
0.0
 40
3.071819167854853
 40
3.071819167854853
 40
3.071819167854853
 40
4.071819167854853
 40
4.071819167854853
 40
4.071819167854853
 40
5.071819167854853
 40
5.071819167854853
 40
5.071819167854853
 40
6.071819167854853
 40
6.071819167854853
 40
6.071819167854853
 40
6.071819167854853
 10
112.82045
 20
17.59874277777778
 30
0.0
 10
112.4643796296296
 20
17.65953814814815
 30
0.0
 10
112.1083092592592
 20
17.72033351851852
 30
0.0
 10
111.7522388888889
 20
17.78112888888889
 30
0.0
 10
111.4527305555555
 20
17.83192888888889
 30
0.0
 10
111.1772111111111
 20
17.74690944444444
 30
0.0
 10
111.1144166666666
 20
17.37860944444444
 30
0.0
 10
111.0713777777778
 20
17.12602055555555
 30
0.0
 10
111.1909694444444
 20
16.90024277777778
 30
0.0
 10
111.3634777777778
 20
16.79758444444444
 30
0.0
 10
111.4058111111111
 20
16.76795111111111
 30
0.0
 10
111.4548472222222
 20
16.75454555555556
 30
0.0
 10
111.5201111111111
 20
16.74360944444444
 30
0.0
  0
POLYLINE
  5
22F
330
1F
100
AcDbEntity
  8
DEFAULT
 62
     7
100
AcDb2dPolyline
 66
     1
 10
0.0
 20
0.0
 30
0.0
  0
VERTEX
  5
230
330
22F
100
AcDbEntity
  8
DEFAULT
 62
     7
100
AcDbVertex
100
AcDb2dVertex
 10
112.6421561111111
 20
16.55247444444445
 30
0.0
  0
VERTEX
  5
231
330
22F
100
AcDbEntity
  8
DEFAULT
 62
     7
100
AcDbVertex
100
AcDb2dVertex
 10
109.9141255555555
 20
17.01743555555555
 30
0.0
  0
SEQEND
  5
232
330
22F
100
AcDbEntity
  8
DEFAULT
 62
     7
  0
POLYLINE
  5
233
330
1F
100
AcDbEntity
  8
DEFAULT
 62
     7
100
AcDb2dPolyline
 66
     1
 10
0.0
 20
0.0
 30
0.0
  0
VERTEX
  5
234
330
233
100
AcDbEntity
  8
DEFAULT
 62
     7
100
AcDbVertex
100
AcDb2dVertex
 10
145.1230411111111
 20
16.17591944444446
 30
0.0
  0
VERTEX
  5
235
330
233
100
AcDbEntity
  8
DEFAULT
 62
     7
100
AcDbVertex
100
AcDb2dVertex
 10
143.8512772222222
 20
18.32856944444444
 30
0.0
  0
SEQEND
  5
236
330
233
100
AcDbEntity
  8
DEFAULT
 62
     7
  0
SPLINE
  5
237
330
1F
100
AcDbEntity
  8
DEFAULT
 62
     7
100
AcDbSpline
210
0.0
220
0.0
230
1.0
 70
     8
 71
     3
 72
    29
 73
    25
 74
     0
 42
0.000000001
 43
0.0000000001
 40
0.0
 40
0.0
 40
0.0
 40
0.0
 40
1.0
 40
1.0
 40
1.0
 40
2.0
 40
2.0
 40
2.0
 40
3.0
 40
3.0
 40
3.0
 40
4.0
 40
4.0
 40
4.0
 40
5.0
 40
5.0
 40
5.0
 40
6.0
 40
6.0
 40
6.0
 40
7.0
 40
7.0
 40
7.0
 40
8.0
 40
8.0
 40
8.0
 40
8.0
 10
141.9521686111111
 20
16.59103305555555
 30
0.0
 10
142.1292630555556
 20
16.57868583333333
 30
0.0
 10
142.3822047222222
 20
16.38113027777777
 30
0.0
 10
142.5247269444444
 20
16.14018305555555
 30
0.0
 10
142.7529741666666
 20
15.75424416666666
 30
0.0
 10
142.6312658333333
 20
15.30939138888889
 30
0.0
 10
142.2569686111111
 20
15.08819972222222
 30
0.0
 10
141.7987102777778
 20
14.81761916666667
 30
0.0
 10
141.3358658333333
 20
15.00811916666666
 30
0.0
 10
141.1249047222222
 20
15.3647775
 30
0.0
 10
140.9654491666666
 20
15.63500527777778
 30
0.0
 10
140.9605102777778
 20
15.9235775
 30
0.0
 10
141.0324769444444
 20
16.0569275
 30
0.0
 10
141.1534797222222
 20
16.1204275
 30
0.0
 10
142.3236436111111
 20
16.81046083333333
 30
0.0
 10
142.3236436111111
 20
16.81046083333333
 30
0.0
 10
142.6958241666667
 20
17.03059416666667
 30
0.0
 10
142.9625241666666
 20
17.10044416666667
 30
0.0
 10
143.1854797222222
 20
17.04470527777778
 30
0.0
 10
143.4147852777778
 20
16.9935525
 30
0.0
 10
143.5805908333333
 20
16.82033861111111
 30
0.0
 10
143.6871297222222
 20
16.64042194444444
 30
0.0
 10
143.7883769444444
 20
16.46897194444444
 30
0.0
 10
143.8529352777778
 20
16.25236638888889
 30
0.0
 10
143.8338852777778
 20
16.0855025
 30
0.0
  0
POLYLINE
  5
238
330
1F
100
AcDbEntity
  8
DEFAULT
 62
     7
100
AcDb2dPolyline
 66
     1
 10
0.0
 20
0.0
 30
0.0
  0
VERTEX
  5
239
330
238
100
AcDbEntity
  8
DEFAULT
 62
     7
100
AcDbVertex
100
AcDb2dVertex
 10
170.1531888888889
 20
35.80401638888888
 30
0.0
  0
VERTEX
  5
23A
330
238
100
AcDbEntity
  8
DEFAULT
 62
     7
100
AcDbVertex
100
AcDb2dVertex
 10
168.0061833333333
 20
37.08459972222222
 30
0.0
  0
SEQEND
  5
23B
330
238
100
AcDbEntity
  8
DEFAULT
 62
     7
  0
SPLINE
  5
23C
330
1F
100
AcDbEntity
  8
DEFAULT
 62
     7
100
AcDbSpline
210
0.0
220
0.0
230
1.0
 70
     8
 71
     3
 72
    11
 73
     7
 74
     0
 42
0.000000001
 43
0.0000000001
 40
0.0
 40
0.0
 40
0.0
 40
0.0
 40
5.34768828560526
 40
5.34768828560526
 40
5.34768828560526
 40
6.34768828560526
 40
6.34768828560526
 40
6.34768828560526
 40
6.34768828560526
 10
168.7611983333333
 20
35.48154222222224
 30
0.0
 10
168.4391122222222
 20
34.94143944444446
 30
0.0
 10
168.1170261111111
 20
34.40133666666667
 30
0.0
 10
167.79494
 20
33.8612338888889
 30
0.0
 10
167.3793677777778
 20
33.16555611111111
 30
0.0
 10
166.8569038888889
 20
33.09993944444444
 30
0.0
 10
166.5164733333333
 20
33.61182
 30
0.0
  0
POLYLINE
  5
23D
330
1F
100
AcDbEntity
  8
DEFAULT
 62
     7
100
AcDb2dPolyline
 66
     1
 10
0.0
 20
0.0
 30
0.0
  0
VERTEX
  5
23E
330
23D
100
AcDbEntity
  8
DEFAULT
 62
     7
100
AcDbVertex
100
AcDb2dVertex
 10
168.2503055555555
 20
33.58984194444442
 30
0.0
  0
VERTEX
  5
23F
330
23D
100
AcDbEntity
  8
DEFAULT
 62
     7
100
AcDbVertex
100
AcDb2dVertex
 10
167.1125972222222
 20
34.26858638888888
 30
0.0
  0
SEQEND
  5
240
330
23D
100
AcDbEntity
  8
DEFAULT
 62
     7
  0
POLYLINE
  5
241
330
1F
100
AcDbEntity
  8
DEFAULT
 62
     7
100
AcDb2dPolyline
 66
     1
 10
0.0
 20
0.0
 30
0.0
  0
VERTEX
  5
242
330
241
100
AcDbEntity
  8
DEFAULT
 62
     7
100
AcDbVertex
100
AcDb2dVertex
 10
183.7756322222222
 20
64.54298750000001
 30
0.0
  0
VERTEX
  5
243
330
241
100
AcDbEntity
  8
DEFAULT
 62
     7
100
AcDbVertex
100
AcDb2dVertex
 10
181.3135961111111
 20
64.97725694444446
 30
0.0
  0
SEQEND
  5
244
330
241
100
AcDbEntity
  8
DEFAULT
 62
     7
  0
SPLINE
  5
245
330
1F
100
AcDbEntity
  8
DEFAULT
 62
     7
100
AcDbSpline
210
0.0
220
0.0
230
1.0
 70
     8
 71
     3
 72
    23
 73
    19
 74
     0
 42
0.000000001
 43
0.0000000001
 40
0.0
 40
0.0
 40
0.0
 40
0.0
 40
1.0
 40
1.0
 40
1.0
 40
2.0
 40
2.0
 40
2.0
 40
3.0
 40
3.0
 40
3.0
 40
7.695862540577701
 40
7.695862540577701
 40
7.695862540577701
 40
8.6958625405777
 40
8.6958625405777
 40
8.6958625405777
 40
9.6958625405777
 40
9.6958625405777
 40
9.6958625405777
 40
9.6958625405777
 10
183.0250622222222
 20
62.69390277777777
 30
0.0
 10
182.9259316666666
 20
62.13369166666666
 30
0.0
 10
182.5181205555555
 20
61.75057499999999
 30
0.0
 10
181.9766066666666
 20
61.84617777777778
 30
0.0
 10
181.3701816666666
 20
61.95342222222222
 30
0.0
 10
181.3031538888888
 20
62.51504444444444
 30
0.0
 10
181.3634788888889
 20
62.85688611111112
 30
0.0
 10
181.3758261111111
 20
62.92603055555556
 30
0.0
 10
181.3832344444444
 20
62.94472777777778
 30
0.0
 10
181.3931122222222
 20
62.97859444444445
 30
0.0
 10
181.9370955555555
 20
62.88369722222222
 30
0.0
 10
182.4810788888888
 20
62.7888
 30
0.0
 10
183.0250622222222
 20
62.69390277777777
 30
0.0
 10
183.12384
 20
63.25446666666666
 30
0.0
 10
182.8486733333333
 20
63.69085277777777
 30
0.0
 10
182.2768205555555
 20
63.7921
 30
0.0
 10
181.9811927777777
 20
63.8443111111111
 30
0.0
 10
181.7670566666666
 20
63.81891111111111
 30
0.0
 10
181.6382927777777
 20
63.78610277777778
 30
0.0
  0
POLYLINE
  5
246
330
1F
100
AcDbEntity
  8
DEFAULT
 62
     7
100
AcDb2dPolyline
 66
     1
 10
0.0
 20
0.0
 30
0.0
  0
VERTEX
  5
247
330
246
100
AcDbEntity
  8
DEFAULT
 62
     7
100
AcDbVertex
100
AcDb2dVertex
 10
182.5541744444444
 20
95.92073638888888
 30
0.0
  0
VERTEX
  5
248
330
246
100
AcDbEntity
  8
DEFAULT
 62
     7
100
AcDbVertex
100
AcDb2dVertex
 10
180.5461633333333
 20
94.43166138888887
 30
0.0
  0
SEQEND
  5
249
330
246
100
AcDbEntity
  8
DEFAULT
 62
     7
  0
SPLINE
  5
24A
330
1F
100
AcDbEntity
  8
DEFAULT
 62
     7
100
AcDbSpline
210
0.0
220
0.0
230
1.0
 70
     8
 71
     3
 72
    20
 73
    16
 74
     0
 42
0.000000001
 43
0.0000000001
 40
0.0
 40
0.0
 40
0.0
 40
0.0
 40
1.004000000000012
 40
1.004000000000012
 40
1.004000000000012
 40
2.008000000000025
 40
2.008000000000025
 40
2.008000000000025
 40
3.012000000000037
 40
3.012000000000037
 40
3.012000000000037
 40
4.01600000000005
 40
4.01600000000005
 40
4.01600000000005
 40
5.020000000000062
 40
5.020000000000062
 40
5.020000000000062
 40
5.020000000000062
 10
183.3050266666666
 20
91.73425194444444
 30
0.0
 10
183.3050266666666
 20
91.73425194444444
 30
0.0
 10
181.8939155555555
 20
93.65054083333334
 30
0.0
 10
181.8110127777777
 20
93.74896583333334
 30
0.0
 10
181.7842016666666
 20
93.99344083333334
 30
0.0
 10
181.8642822222222
 20
94.16418527777778
 30
0.0
 10
182.05831
 20
94.30811861111111
 30
0.0
 10
182.3578183333333
 20
94.53001583333334
 30
0.0
 10
182.829835
 20
94.5257825
 30
0.0
 10
183.1713238888888
 20
94.06505472222223
 30
0.0
 10
183.4641294444444
 20
93.67594083333334
 30
0.0
 10
183.4256766666666
 20
93.23496861111111
 30
0.0
 10
183.0930072222222
 20
92.98802416666666
 30
0.0
 10
182.8767544444444
 20
92.82786305555557
 30
0.0
 10
182.6523877777777
 20
92.80563805555555
 30
0.0
 10
182.4541266666666
 20
92.88148527777778
 30
0.0
  0
POLYLINE
  5
24B
330
1F
100
AcDbEntity
  8
DEFAULT
 62
     7
100
AcDb2dPolyline
 66
     1
 10
0.0
 20
0.0
 30
0.0
  0
VERTEX
  5
24C
330
24B
100
AcDbEntity
  8
DEFAULT
 62
     7
100
AcDbVertex
100
AcDb2dVertex
 10
149.8846591666667
 20
103.5493794444444
 30
0.0
  0
VERTEX
  5
24D
330
24B
100
AcDbEntity
  8
DEFAULT
 62
     7
100
AcDbVertex
100
AcDb2dVertex
 10
151.1059758333333
 20
101.3681544444444
 30
0.0
  0
SEQEND
  5
24E
330
24B
100
AcDbEntity
  8
DEFAULT
 62
     7
  0
POLYLINE
  5
24F
330
1F
100
AcDbEntity
  8
DEFAULT
 62
     7
100
AcDb2dPolyline
 66
     1
 10
0.0
 20
0.0
 30
0.0
  0
VERTEX
  5
250
330
24F
100
AcDbEntity
  8
DEFAULT
 62
     7
100
AcDbVertex
100
AcDb2dVertex
 10
152.3291269444444
 20
103.5121613888889
 30
0.0
  0
VERTEX
  5
251
330
24F
100
AcDbEntity
  8
DEFAULT
 62
     7
100
AcDbVertex
100
AcDb2dVertex
 10
153.1581547222222
 20
105.1271780555555
 30
0.0
  0
SEQEND
  5
252
330
24F
100
AcDbEntity
  8
DEFAULT
 62
     7
  0
POLYLINE
  5
253
330
1F
100
AcDbEntity
  8
DEFAULT
 62
     7
100
AcDb2dPolyline
 66
     1
 10
0.0
 20
0.0
 30
0.0
  0
VERTEX
  5
254
330
253
100
AcDbEntity
  8
DEFAULT
 62
     7
100
AcDbVertex
100
AcDb2dVertex
 10
154.1619133333333
 20
103.3349258333333
 30
0.0
  0
VERTEX
  5
255
330
253
100
AcDbEntity
  8
DEFAULT
 62
     7
100
AcDbVertex
100
AcDb2dVertex
 10
152.3327605555555
 20
103.5141369444444
 30
0.0
  0
VERTEX
  5
256
330
253
100
AcDbEntity
  8
DEFAULT
 62
     7
100
AcDbVertex
100
AcDb2dVertex
 10
151.3566244444444
 20
102.9673313888889
 30
0.0
  0
SEQEND
  5
257
330
253
100
AcDbEntity
  8
DEFAULT
 62
     7
  0
POLYLINE
  5
258
330
1F
100
AcDbEntity
  8
DEFAULT
 62
     7
100
AcDb2dPolyline
 66
     1
 10
0.0
 20
0.0
 30
0.0
  0
VERTEX
  5
259
330
258
100
AcDbEntity
  8
DEFAULT
 62
     7
100
AcDbVertex
100
AcDb2dVertex
 10
127.4920544444445
 20
32.86326083333334
 30
0.0
  0
VERTEX
  5
25A
330
258
100
AcDbEntity
  8
DEFAULT
 62
     7
100
AcDbVertex
100
AcDb2dVertex
 10
129.9558544444444
 20
32.44028027777779
 30
0.0
  0
SEQEND
  5
25B
330
258
100
AcDbEntity
  8
DEFAULT
 62
     7
  0
POLYLINE
  5
25C
330
1F
100
AcDbEntity
  8
DEFAULT
 62
     7
100
AcDb2dPolyline
 66
     1
 10
0.0
 20
0.0
 30
0.0
  0
VERTEX
  5
25D
330
25C
100
AcDbEntity
  8
DEFAULT
 62
     7
100
AcDbVertex
100
AcDb2dVertex
 10
130.2993188888889
 20
36.06168527777777
 30
0.0
  0
VERTEX
  5
25E
330
25C
100
AcDbEntity
  8
DEFAULT
 62
     7
100
AcDbVertex
100
AcDb2dVertex
 10
129.8548188888889
 20
33.47229638888888
 30
0.0
  0
SEQEND
  5
25F
330
25C
100
AcDbEntity
  8
DEFAULT
 62
     7
  0
POLYLINE
  5
260
330
1F
100
AcDbEntity
  8
DEFAULT
 62
     7
100
AcDb2dPolyline
 66
     1
 10
0.0
 20
0.0
 30
0.0
  0
VERTEX
  5
261
330
260
100
AcDbEntity
  8
DEFAULT
 62
     7
100
AcDbVertex
100
AcDb2dVertex
 10
130.0633105555555
 20
34.68606361111109
 30
0.0
  0
VERTEX
  5
262
330
260
100
AcDbEntity
  8
DEFAULT
 62
     7
100
AcDbVertex
100
AcDb2dVertex
 10
128.1385549999999
 20
35.01661638888888
 30
0.0
  0
SEQEND
  5
263
330
260
100
AcDbEntity
  8
DEFAULT
 62
     7
  0
POLYLINE
  5
264
330
1F
100
AcDbEntity
  8
DEFAULT
 62
     7
100
AcDb2dPolyline
 66
     1
 10
0.0
 20
0.0
 30
0.0
  0
VERTEX
  5
265
330
264
100
AcDbEntity
  8
DEFAULT
 62
     7
100
AcDbVertex
100
AcDb2dVertex
 10
127.930275
 20
33.80274333333333
 30
0.0
  0
VERTEX
  5
266
330
264
100
AcDbEntity
  8
DEFAULT
 62
     7
100
AcDbVertex
100
AcDb2dVertex
 10
128.374775
 20
36.39213222222222
 30
0.0
  0
SEQEND
  5
267
330
264
100
AcDbEntity
  8
DEFAULT
 62
     7
  0
POLYLINE
  5
268
330
1F
100
AcDbEntity
  8
DEFAULT
 62
     7
100
AcDb2dPolyline
 66
     1
 10
0.0
 20
0.0
 30
0.0
  0
VERTEX
  5
269
330
268
100
AcDbEntity
  8
DEFAULT
 62
     7
100
AcDbVertex
100
AcDb2dVertex
 10
142.3752197222222
 20
42.22291388888888
 30
0.0
  0
VERTEX
  5
26A
330
268
100
AcDbEntity
  8
DEFAULT
 62
     7
100
AcDbVertex
100
AcDb2dVertex
 10
144.5275169444444
 20
43.49432499999998
 30
0.0
  0
SEQEND
  5
26B
330
268
100
AcDbEntity
  8
DEFAULT
 62
     7
  0
SPLINE
  5
26C
330
1F
100
AcDbEntity
  8
DEFAULT
 62
     7
100
AcDbSpline
210
0.0
220
0.0
230
1.0
 70
     8
 71
     3
 72
    26
 73
    22
 74
     0
 42
0.000000001
 43
0.0000000001
 40
0.0
 40
0.0
 40
0.0
 40
0.0
 40
2.451801378578593
 40
2.451801378578593
 40
2.451801378578593
 40
6.032081814522098
 40
6.032081814522098
 40
6.032081814522098
 40
7.032081814522098
 40
7.032081814522098
 40
7.032081814522098
 40
8.032081814522098
 40
8.032081814522098
 40
8.032081814522098
 40
9.032081814522098
 40
9.032081814522098
 40
9.032081814522098
 40
10.0320818145221
 40
10.0320818145221
 40
10.0320818145221
 40
11.0320818145221
 40
11.0320818145221
 40
11.0320818145221
 40
11.0320818145221
 10
142.4103563888889
 20
45.03959750000002
 30
0.0
 10
142.6585943518519
 20
45.18623546296298
 30
0.0
 10
142.9068323148149
 20
45.33287342592595
 30
0.0
 10
143.1550702777778
 20
45.4795113888889
 30
0.0
 10
143.3693239814815
 20
45.11709101851853
 30
0.0
 10
143.5835776851852
 20
44.75467064814816
 30
0.0
 10
143.7978313888889
 20
44.39225027777778
 30
0.0
 10
143.6944675
 20
44.26771972222222
 30
0.0
 10
143.4817425
 20
44.03806138888888
 30
0.0
 10
143.1762369444444
 20
43.85743916666667
 30
0.0
 10
142.8340425
 20
43.6552975
 30
0.0
 10
142.5006675
 20
43.57627527777777
 30
0.0
 10
142.1542397222222
 20
43.65670861111111
 30
0.0
 10
141.8483813888889
 20
43.72973361111111
 30
0.0
 10
141.5495786111111
 20
43.96045027777777
 30
0.0
 10
141.3410869444444
 20
44.31252249999999
 30
0.0
 10
140.9459758333333
 20
44.98915027777777
 30
0.0
 10
141.1174258333333
 20
45.75608916666666
 30
0.0
 10
141.8758980555556
 20
46.20446972222221
 30
0.0
 10
142.1380119444444
 20
46.35898638888889
 30
0.0
 10
142.3761369444445
 20
46.42283916666666
 30
0.0
 10
142.5013730555555
 20
46.43306972222221
 30
0.0
  0
POLYLINE
  5
26D
330
1F
100
AcDbEntity
  8
DEFAULT
 62
     7
100
AcDb2dPolyline
 66
     1
 10
0.0
 20
0.0
 30
0.0
  0
VERTEX
  5
26E
330
26D
100
AcDbEntity
  8
DEFAULT
 62
     7
100
AcDbVertex
100
AcDb2dVertex
 10
155.2379913888888
 20
57.3644536111111
 30
0.0
  0
VERTEX
  5
26F
330
26D
100
AcDbEntity
  8
DEFAULT
 62
     7
100
AcDbVertex
100
AcDb2dVertex
 10
156.5168108333333
 20
59.51251749999999
 30
0.0
  0
SEQEND
  5
270
330
26D
100
AcDbEntity
  8
DEFAULT
 62
     7
  0
POLYLINE
  5
271
330
1F
100
AcDbEntity
  8
DEFAULT
 62
     7
100
AcDb2dPolyline
 66
     1
 10
0.0
 20
0.0
 30
0.0
  0
VERTEX
  5
272
330
271
100
AcDbEntity
  8
DEFAULT
 62
     7
100
AcDbVertex
100
AcDb2dVertex
 10
153.3933163888888
 20
59.09320583333331
 30
0.0
  0
VERTEX
  5
273
330
271
100
AcDbEntity
  8
DEFAULT
 62
     7
100
AcDbVertex
100
AcDb2dVertex
 10
154.0752358333333
 20
60.23867527777777
 30
0.0
  0
SEQEND
  5
274
330
271
100
AcDbEntity
  8
DEFAULT
 62
     7
  0
POLYLINE
  5
275
330
1F
100
AcDbEntity
  8
DEFAULT
 62
     7
100
AcDb2dPolyline
 66
     1
 10
0.0
 20
0.0
 30
0.0
  0
VERTEX
  5
276
330
275
100
AcDbEntity
  8
DEFAULT
 62
     7
100
AcDbVertex
100
AcDb2dVertex
 10
154.6559433333333
 20
58.34147166666665
 30
0.0
  0
VERTEX
  5
277
330
275
100
AcDbEntity
  8
DEFAULT
 62
     7
100
AcDbVertex
100
AcDb2dVertex
 10
152.3985183333333
 20
59.68555499999999
 30
0.0
  0
VERTEX
  5
278
330
275
100
AcDbEntity
  8
DEFAULT
 62
     7
100
AcDbVertex
100
AcDb2dVertex
 10
153.1224183333333
 20
60.90122722222222
 30
0.0
  0
SEQEND
  5
279
330
275
100
AcDbEntity
  8
DEFAULT
 62
     7
  0
POLYLINE
  5
27A
330
1F
100
AcDbEntity
  8
DEFAULT
 62
     7
100
AcDb2dPolyline
 66
     1
 10
0.0
 20
0.0
 30
0.0
  0
VERTEX
  5
27B
330
27A
100
AcDbEntity
  8
DEFAULT
 62
     7
100
AcDbVertex
100
AcDb2dVertex
 10
162.1908886111111
 20
79.42664666666666
 30
0.0
  0
VERTEX
  5
27C
330
27A
100
AcDbEntity
  8
DEFAULT
 62
     7
100
AcDbVertex
100
AcDb2dVertex
 10
162.6258636111111
 20
81.88868277777776
 30
0.0
  0
SEQEND
  5
27D
330
27A
100
AcDbEntity
  8
DEFAULT
 62
     7
  0
POLYLINE
  5
27E
330
1F
100
AcDbEntity
  8
DEFAULT
 62
     7
100
AcDb2dPolyline
 66
     1
 10
0.0
 20
0.0
 30
0.0
  0
VERTEX
  5
27F
330
27E
100
AcDbEntity
  8
DEFAULT
 62
     7
100
AcDbVertex
100
AcDb2dVertex
 10
160.3190144444444
 20
81.65736638888887
 30
0.0
  0
VERTEX
  5
280
330
27E
100
AcDbEntity
  8
DEFAULT
 62
     7
100
AcDbVertex
100
AcDb2dVertex
 10
160.0823005555555
 20
80.31786916666667
 30
0.0
  0
SEQEND
  5
281
330
27E
100
AcDbEntity
  8
DEFAULT
 62
     7
  0
POLYLINE
  5
282
330
1F
100
AcDbEntity
  8
DEFAULT
 62
     7
100
AcDb2dPolyline
 66
     1
 10
0.0
 20
0.0
 30
0.0
  0
VERTEX
  5
283
330
282
100
AcDbEntity
  8
DEFAULT
 62
     7
100
AcDbVertex
100
AcDb2dVertex
 10
161.5521844444444
 20
81.55812999999998
 30
0.0
  0
VERTEX
  5
284
330
282
100
AcDbEntity
  8
DEFAULT
 62
     7
100
AcDbVertex
100
AcDb2dVertex
 10
161.2950094444444
 20
80.10327444444444
 30
0.0
  0
VERTEX
  5
285
330
282
100
AcDbEntity
  8
DEFAULT
 62
     7
100
AcDbVertex
100
AcDb2dVertex
 10
158.70809
 20
80.56047444444444
 30
0.0
  0
VERTEX
  5
286
330
282
100
AcDbEntity
  8
DEFAULT
 62
     7
100
AcDbVertex
100
AcDb2dVertex
 10
158.9550344444444
 20
81.95782722222222
 30
0.0
  0
SEQEND
  5
287
330
282
100
AcDbEntity
  8
DEFAULT
 62
     7
  0
POLYLINE
  5
288
330
1F
100
AcDbEntity
  8
DEFAULT
 62
     7
100
AcDb2dPolyline
 66
     1
 10
0.0
 20
0.0
 30
0.0
  0
VERTEX
  5
289
330
288
100
AcDbEntity
  8
DEFAULT
 62
     7
100
AcDbVertex
100
AcDb2dVertex
 10
160.5804933333334
 20
93.18790805555557
 30
0.0
  0
VERTEX
  5
28A
330
288
100
AcDbEntity
  8
DEFAULT
 62
     7
100
AcDbVertex
100
AcDb2dVertex
 10
159.0896544444445
 20
95.19486083333335
 30
0.0
  0
SEQEND
  5
28B
330
288
100
AcDbEntity
  8
DEFAULT
 62
     7
  0
SPLINE
  5
28C
330
1F
100
AcDbEntity
  8
DEFAULT
 62
     7
100
AcDbSpline
210
0.0
220
0.0
230
1.0
 70
    11
 71
     3
 72
    26
 73
    22
 74
     0
 42
0.000000001
 43
0.0000000001
 40
0.0
 40
0.0
 40
0.0
 40
0.0
 40
1.0
 40
1.0
 40
1.0
 40
2.0
 40
2.0
 40
2.0
 40
3.0
 40
3.0
 40
3.0
 40
4.0
 40
4.0
 40
4.0
 40
5.0
 40
5.0
 40
5.0
 40
6.0
 40
6.0
 40
6.0
 40
13.32487706381479
 40
13.32487706381479
 40
13.32487706381479
 40
13.32487706381479
 10
157.5772255555555
 20
91.16821999999999
 30
0.0
 10
157.4290588888888
 20
91.31532833333331
 30
0.0
 10
157.2636061111111
 20
91.49877277777777
 30
0.0
 10
157.103445
 20
91.71431999999999
 30
0.0
 10
156.8127561111111
 20
92.10555055555554
 30
0.0
 10
156.6966922222222
 20
92.45162555555554
 30
0.0
 10
156.7316172222222
 20
92.76383388888888
 30
0.0
 10
156.7644255555555
 20
93.07956999999999
 30
0.0
 10
156.9270561111111
 20
93.37061166666665
 30
0.0
 10
157.2681922222222
 20
93.62390611111111
 30
0.0
 10
157.6121505555555
 20
93.87966999999998
 30
0.0
 10
157.9730422222222
 20
93.98232833333331
 30
0.0
 10
158.3134727777777
 20
93.92905888888889
 30
0.0
 10
158.6570783333333
 20
93.87861166666666
 30
0.0
 10
159.0049172222222
 20
93.63201999999998
 30
0.0
 10
159.3093644444444
 20
93.22209222222222
 30
0.0
 10
159.4532977777777
 20
93.02806444444442
 30
0.0
 10
159.5651283333333
 20
92.8587311111111
 30
0.0
 10
159.6515588888889
 20
92.70915333333332
 30
0.0
 10
158.9601144444444
 20
92.19550888888887
 30
0.0
 10
158.26867
 20
91.68186444444443
 30
0.0
 10
157.5772255555555
 20
91.16821999999999
 30
0.0
  0
SPLINE
  5
28D
330
1F
100
AcDbEntity
  8
DEFAULT
 62
     1
100
AcDbSpline
210
0.0
220
0.0
230
1.0
 70
    11
 71
     3
 72
   395
 73
   391
 74
     0
 42
0.000000001
 43
0.0000000001
 40
1.0
 40
1.0
 40
1.0
 40
1.0
 40
2.0
 40
2.0
 40
2.0
 40
3.0
 40
3.0
 40
3.0
 40
15.90153859041623
 40
15.90153859041623
 40
15.90153859041623
 40
24.40582986012234
 40
24.40582986012234
 40
24.40582986012234
 40
37.29899878789179
 40
37.29899878789179
 40
37.29899878789179
 40
38.29899878789179
 40
38.29899878789179
 40
38.29899878789179
 40
39.29899878789179
 40
39.29899878789179
 40
39.29899878789179
 40
40.29899878789179
 40
40.29899878789179
 40
40.29899878789179
 40
41.29899878789179
 40
41.29899878789179
 40
41.29899878789179
 40
42.29899878789179
 40
42.29899878789179
 40
42.29899878789179
 40
43.29899878789179
 40
43.29899878789179
 40
43.29899878789179
 40
56.19942502116022
 40
56.19942502116022
 40
56.19942502116022
 40
64.70394834701456
 40
64.70394834701456
 40
64.70394834701456
 40
65.70394834701456
 40
65.70394834701456
 40
65.70394834701456
 40
66.70394834701456
 40
66.70394834701456
 40
66.70394834701456
 40
67.70394834701456
 40
67.70394834701456
 40
67.70394834701456
 40
68.70394834701456
 40
68.70394834701456
 40
68.70394834701456
 40
71.55333880814837
 40
71.55333880814837
 40
71.55333880814837
 40
94.93210695362598
 40
94.93210695362598
 40
94.93210695362598
 40
95.93210695362598
 40
95.93210695362598
 40
95.93210695362598
 40
96.93210695362598
 40
96.93210695362598
 40
96.93210695362598
 40
97.93210695362598
 40
97.93210695362598
 40
97.93210695362598
 40
98.93210695362598
 40
98.93210695362598
 40
98.93210695362598
 40
99.93210695362598
 40
99.93210695362598
 40
99.93210695362598
 40
100.932106953626
 40
100.932106953626
 40
100.932106953626
 40
113.8263533061663
 40
113.8263533061663
 40
113.8263533061663
 40
122.3301334068039
 40
122.3301334068039
 40
122.3301334068039
 40
135.2263968191261
 40
135.2263968191261
 40
135.2263968191261
 40
136.2263968191261
 40
136.2263968191261
 40
136.2263968191261
 40
137.2263968191261
 40
137.2263968191261
 40
137.2263968191261
 40
138.2263968191261
 40
138.2263968191261
 40
138.2263968191261
 40
139.2263968191261
 40
139.2263968191261
 40
139.2263968191261
 40
140.2263968191261
 40
140.2263968191261
 40
140.2263968191261
 40
141.2263968191261
 40
141.2263968191261
 40
141.2263968191261
 40
142.2263968191261
 40
142.2263968191261
 40
142.2263968191261
 40
143.2263968191261
 40
143.2263968191261
 40
143.2263968191261
 40
156.1203424526396
 40
156.1203424526396
 40
156.1203424526396
 40
164.6249333305125
 40
164.6249333305125
 40
164.6249333305125
 40
165.6249333305125
 40
165.6249333305125
 40
165.6249333305125
 40
166.6249333305125
 40
166.6249333305125
 40
166.6249333305125
 40
167.6249333305125
 40
167.6249333305125
 40
167.6249333305125
 40
168.6249333305125
 40
168.6249333305125
 40
168.6249333305125
 40
171.4553622732702
 40
171.4553622732702
 40
171.4553622732702
 40
194.8151193995761
 40
194.8151193995761
 40
194.8151193995761
 40
195.8151193995761
 40
195.8151193995761
 40
195.8151193995761
 40
196.8151193995761
 40
196.8151193995761
 40
196.8151193995761
 40
197.8151193995761
 40
197.8151193995761
 40
197.8151193995761
 40
198.8151193995761
 40
198.8151193995761
 40
198.8151193995761
 40
199.8151193995761
 40
199.8151193995761
 40
199.8151193995761
 40
200.8151193995761
 40
200.8151193995761
 40
200.8151193995761
 40
213.7213303462482
 40
213.7213303462482
 40
213.7213303462482
 40
222.2251382580016
 40
222.2251382580016
 40
222.2251382580016
 40
235.1191557855219
 40
235.1191557855219
 40
235.1191557855219
 40
236.1191557855219
 40
236.1191557855219
 40
236.1191557855219
 40
237.1191557855219
 40
237.1191557855219
 40
237.1191557855219
 40
238.1191557855219
 40
238.1191557855219
 40
238.1191557855219
 40
239.1191557855219
 40
239.1191557855219
 40
239.1191557855219
 40
240.1191557855219
 40
240.1191557855219
 40
240.1191557855219
 40
241.1191557855219
 40
241.1191557855219
 40
241.1191557855219
 40
242.1191557855219
 40
242.1191557855219
 40
242.1191557855219
 40
243.1191557855219
 40
243.1191557855219
 40
243.1191557855219
 40
256.0121500071913
 40
256.0121500071913
 40
256.0121500071913
 40
264.5155931333608
 40
264.5155931333608
 40
264.5155931333608
 40
265.5155931333608
 40
265.5155931333608
 40
265.5155931333608
 40
266.5155931333608
 40
266.5155931333608
 40
266.5155931333608
 40
267.5155931333608
 40
267.5155931333608
 40
267.5155931333608
 40
273.9771704175848
 40
273.9771704175848
 40
273.9771704175848
 40
274.9771704175848
 40
274.9771704175848
 40
274.9771704175848
 40
277.8205397217731
 40
277.8205397217731
 40
277.8205397217731
 40
301.2109768489411
 40
301.2109768489411
 40
301.2109768489411
 40
302.2109768489411
 40
302.2109768489411
 40
302.2109768489411
 40
303.2109768489411
 40
303.2109768489411
 40
303.2109768489411
 40
304.2109768489411
 40
304.2109768489411
 40
304.2109768489411
 40
305.2109768489411
 40
305.2109768489411
 40
305.2109768489411
 40
306.2109768489411
 40
306.2109768489411
 40
306.2109768489411
 40
307.2109768489411
 40
307.2109768489411
 40
307.2109768489411
 40
320.1201802713061
 40
320.1201802713061
 40
320.1201802713061
 40
328.624647332798
 40
328.624647332798
 40
328.624647332798
 40
341.5252017782473
 40
341.5252017782473
 40
341.5252017782473
 40
342.5252017782473
 40
342.5252017782473
 40
342.5252017782473
 40
343.5252017782473
 40
343.5252017782473
 40
343.5252017782473
 40
344.5252017782473
 40
344.5252017782473
 40
344.5252017782473
 40
345.5252017782473
 40
345.5252017782473
 40
345.5252017782473
 40
346.5252017782473
 40
346.5252017782473
 40
346.5252017782473
 40
347.5252017782473
 40
347.5252017782473
 40
347.5252017782473
 40
348.5252017782473
 40
348.5252017782473
 40
348.5252017782473
 40
349.5252017782473
 40
349.5252017782473
 40
349.5252017782473
 40
362.4169127973478
 40
362.4169127973478
 40
362.4169127973478
 40
370.9205189147547
 40
370.9205189147547
 40
370.9205189147547
 40
371.9205189147547
 40
371.9205189147547
 40
371.9205189147547
 40
372.9205189147547
 40
372.9205189147547
 40
372.9205189147547
 40
373.9205189147547
 40
373.9205189147547
 40
373.9205189147547
 40
374.9205189147547
 40
374.9205189147547
 40
374.9205189147547
 40
377.7653396472439
 40
377.7653396472439
 40
377.7653396472439
 40
401.1528045162714
 40
401.1528045162714
 40
401.1528045162714
 40
402.1528045162714
 40
402.1528045162714
 40
402.1528045162714
 40
403.1528045162714
 40
403.1528045162714
 40
403.1528045162714
 40
404.1528045162714
 40
404.1528045162714
 40
404.1528045162714
 40
405.1528045162714
 40
405.1528045162714
 40
405.1528045162714
 40
418.0559260378258
 40
418.0559260378258
 40
418.0559260378258
 40
426.5593962118195
 40
426.5593962118195
 40
426.5593962118195
 40
439.46124801689
 40
439.46124801689
 40
439.46124801689
 40
440.46124801689
 40
440.46124801689
 40
440.46124801689
 40
441.46124801689
 40
441.46124801689
 40
441.46124801689
 40
442.46124801689
 40
442.46124801689
 40
442.46124801689
 40
443.46124801689
 40
443.46124801689
 40
443.46124801689
 40
444.46124801689
 40
444.46124801689
 40
444.46124801689
 40
445.46124801689
 40
445.46124801689
 40
445.46124801689
 40
458.3632689826147
 40
458.3632689826147
 40
458.3632689826147
 40
466.8671933708016
 40
466.8671933708016
 40
466.8671933708016
 40
467.8671933708016
 40
467.8671933708016
 40
467.8671933708016
 40
468.8671933708016
 40
468.8671933708016
 40
468.8671933708016
 40
469.8671933708016
 40
469.8671933708016
 40
469.8671933708016
 40
470.8671933708016
 40
470.8671933708016
 40
470.8671933708016
 40
471.8671933708016
 40
471.8671933708016
 40
471.8671933708016
 40
472.8671933708016
 40
472.8671933708016
 40
472.8671933708016
 40
473.8671933708016
 40
473.8671933708016
 40
473.8671933708016
 40
474.8671933708016
 40
474.8671933708016
 40
474.8671933708016
 40
475.8671933708016
 40
475.8671933708016
 40
475.8671933708016
 40
488.7753615212403
 40
488.7753615212403
 40
488.7753615212403
 40
497.2795031592894
 40
497.2795031592894
 40
497.2795031592894
 40
510.1859262501383
 40
510.1859262501383
 40
510.1859262501383
 40
511.1859262501383
 40
511.1859262501383
 40
511.1859262501383
 40
512.1859262501383
 40
512.1859262501383
 40
512.1859262501383
 40
513.1859262501383
 40
513.1859262501383
 40
513.1859262501383
 40
514.1859262501383
 40
514.1859262501383
 40
514.1859262501383
 40
515.1859262501383
 40
515.1859262501383
 40
515.1859262501383
 40
516.1859262501383
 40
516.1859262501383
 40
516.1859262501383
 40
517.1859262501383
 40
517.1859262501383
 40
517.1859262501383
 40
518.1859262501383
 40
518.1859262501383
 40
518.1859262501383
 40
518.1859262501383
 10
168.5534827777778
 20
102.5420225
 30
0.0
 10
167.6380244444444
 20
101.8657475
 30
0.0
 10
167.7830161111111
 20
101.8876197222222
 30
0.0
 10
166.7652522222222
 20
101.1354975
 30
0.0
 10
165.7524272222222
 20
100.3826697222222
 30
0.0
 10
165.81628
 20
100.5079058333333
 30
0.0
 10
164.9011744444444
 20
99.83127805555554
 30
0.0
 10
163.683267962963
 20
98.92663824074073
 30
0.0
 10
162.4653614814815
 20
98.02199842592591
 30
0.0
 10
161.247455
 20
97.1173586111111
 30
0.0
 10
161.843767037037
 20
96.31455398148148
 30
0.0
 10
162.440079074074
 20
95.51174935185185
 30
0.0
 10
163.0363911111111
 20
94.70894472222221
 30
0.0
 10
164.2539448148148
 20
95.6124086111111
 30
0.0
 10
165.4714985185185
 20
96.5158725
 30
0.0
 10
166.6890522222222
 20
97.41933638888888
 30
0.0
 10
167.603805
 20
98.09490583333333
 30
0.0
 10
167.4651633333333
 20
98.07726694444443
 30
0.0
 10
168.4772827777778
 20
98.82550861111109
 30
0.0
 10
169.4953994444444
 20
99.58151138888888
 30
0.0
 10
169.4301355555556
 20
99.45274749999999
 30
0.0
 10
170.340655
 20
100.1293752777778
 30
0.0
 10
171.2571716666666
 20
100.8095308333333
 30
0.0
 10
171.1174716666666
 20
100.7873058333333
 30
0.0
 10
172.1306494444444
 20
101.5404863888889
 30
0.0
 10
173.1480605555555
 20
102.2919030555556
 30
0.0
 10
173.090205
 20
102.1557308333333
 30
0.0
 10
174.0017827777778
 20
102.8369447222222
 30
0.0
 10
174.6780577777778
 20
101.9218391666667
 30
0.0
 10
174.9239438888889
 20
101.7002947222222
 30
0.0
 10
175.6771244444444
 20
100.6871169444444
 30
0.0
 10
176.4299522222222
 20
99.67429194444443
 30
0.0
 10
176.3040105555555
 20
99.73391138888888
 30
0.0
 10
176.9809911111111
 20
98.82303916666666
 30
0.0
 10
177.8839846296296
 20
97.60407435185185
 30
0.0
 10
178.7869781481481
 20
96.38510953703702
 30
0.0
 10
179.6899716666667
 20
95.16614472222221
 30
0.0
 10
180.4932466666667
 20
95.7618687962963
 30
0.0
 10
181.2965216666666
 20
96.35759287037037
 30
0.0
 10
182.0997966666667
 20
96.95331694444444
 30
0.0
 10
181.4196411111111
 20
97.86912805555555
 30
0.0
 10
181.4478633333333
 20
97.73295583333332
 30
0.0
 10
180.6950355555556
 20
98.74578083333331
 30
0.0
 10
179.9376216666666
 20
99.75931138888889
 30
0.0
 10
179.36718
 20
100.5925725
 30
0.0
 10
179.4934744444444
 20
100.6853530555556
 30
0.0
 10
181.1409466666667
 20
101.9126669444444
 30
0.0
 10
183.6033355555555
 20
101.4699308333333
 30
0.0
 10
184.8426438888889
 20
99.80058638888887
 30
0.0
 10
188.2405994444444
 20
95.22505861111111
 30
0.0
 10
189.7166216666666
 20
85.72581138888887
 30
0.0
 10
185.8766355555555
 20
86.40385027777776
 30
0.0
 10
185.5467883333333
 20
86.46276416666664
 30
0.0
 10
185.2169411111111
 20
86.52167805555553
 30
0.0
 10
184.8870938888889
 20
86.58059194444444
 30
0.0
 10
184.4073161111111
 20
83.87361046296296
 30
0.0
 10
183.9275383333334
 20
81.16662898148148
 30
0.0
 10
183.4477605555556
 20
78.4596475
 30
0.0
 10
182.3269855555556
 20
78.66143638888889
 30
0.0
 10
182.4419911111111
 20
78.57676972222221
 30
0.0
 10
181.1935105555555
 20
78.79619749999999
 30
0.0
 10
179.954555
 20
79.01633083333333
 30
0.0
 10
180.08473
 20
79.05584194444444
 30
0.0
 10
178.9692466666666
 20
79.25657249999999
 30
0.0
 10
177.8481188888889
 20
79.45377527777777
 30
0.0
 10
177.9617133333333
 20
79.3691086111111
 30
0.0
 10
176.7132327777778
 20
79.58853638888888
 30
0.0
 10
175.4749827777778
 20
79.8090225
 30
0.0
 10
175.6062161111111
 20
79.85311972222222
 30
0.0
 10
174.4896744444444
 20
80.04891138888888
 30
0.0
 10
173.3678411111111
 20
80.24646694444444
 30
0.0
 10
173.4824938888889
 20
80.16109472222222
 30
0.0
 10
172.2350716666666
 20
80.38440305555555
 30
0.0
 10
170.9964688888889
 20
80.60559472222221
 30
0.0
 10
171.1266438888889
 20
80.64510583333333
 30
0.0
 10
170.0055161111111
 20
80.84230861111111
 30
0.0
 10
168.5126781481481
 20
81.10783268518519
 30
0.0
 10
167.0198401851852
 20
81.37335675925927
 30
0.0
 10
165.5270022222222
 20
81.63888083333333
 30
0.0
 10
165.3529651851852
 20
80.65416046296296
 30
0.0
 10
165.1789281481481
 20
79.6694400925926
 30
0.0
 10
165.0048911111111
 20
78.68471972222221
 30
0.0
 10
166.4981994444444
 20
78.42048916666666
 30
0.0
 10
167.9915077777777
 20
78.15625861111111
 30
0.0
 10
169.4848161111111
 20
77.89202805555554
 30
0.0
 10
170.6045327777778
 20
77.69094472222221
 30
0.0
 10
170.4905855555555
 20
77.77561138888888
 30
0.0
 10
171.7351855555555
 20
77.5579475
 30
0.0
 10
172.982255
 20
77.33428638888888
 30
0.0
 10
172.8432605555556
 20
77.29724472222222
 30
0.0
 10
173.9629772222222
 20
77.09580861111111
 30
0.0
 10
175.0848105555555
 20
76.89860583333332
 30
0.0
 10
174.9701577777778
 20
76.98362527777776
 30
0.0
 10
176.2129938888889
 20
76.76172805555555
 30
0.0
 10
177.4618272222222
 20
76.54230027777777
 30
0.0
 10
177.3214216666667
 20
76.50102527777777
 30
0.0
 10
178.4429022222222
 20
76.3038225
 30
0.0
 10
179.5629716666666
 20
76.10238638888887
 30
0.0
 10
179.4543161111111
 20
76.1895225
 30
0.0
 10
180.6929188888888
 20
75.96903638888888
 30
0.0
 10
181.9403411111111
 20
75.74608083333332
 30
0.0
 10
181.8009938888889
 20
75.70903916666666
 30
0.0
 10
182.9214161111111
 20
75.50725027777777
 30
0.0
 10
182.7238605555555
 20
74.38576972222222
 30
0.0
 10
182.8099383333333
 20
74.50465583333333
 30
0.0
 10
182.58663
 20
73.25758638888888
 30
0.0
 10
182.3693188888889
 20
72.01298638888889
 30
0.0
 10
182.2479633333333
 20
71.70501138888888
 30
0.0
 10
182.0507605555555
 20
70.58353083333333
 30
0.0
 10
181.7867651851851
 20
69.09045768518517
 30
0.0
 10
181.5227698148148
 20
67.59738453703703
 30
0.0
 10
181.2587744444444
 20
66.10431138888887
 30
0.0
 10
182.2436124074074
 20
65.93039194444444
 30
0.0
 10
183.2284503703703
 20
65.7564725
 30
0.0
 10
184.2132883333333
 20
65.58255305555555
 30
0.0
 10
184.4136661111111
 20
66.69838916666666
 30
0.0
 10
184.3304105555555
 20
66.58832249999999
 30
0.0
 10
184.5526605555555
 20
67.8311586111111
 30
0.0
 10
184.7696188888889
 20
69.0757586111111
 30
0.0
 10
184.9823438888889
 20
70.06353638888888
 30
0.0
 10
185.136155
 20
70.03496138888887
 30
0.0
 10
187.2559966666666
 20
69.66031138888889
 30
0.0
 10
188.5443411111111
 20
67.65794472222221
 30
0.0
 10
188.1658105555556
 20
65.53951416666666
 30
0.0
 10
186.5754883333333
 20
56.57684194444445
 30
0.0
 10
181.0739188888889
 20
54.7773225
 30
0.0
 10
179.8543661111111
 20
55.5026336111111
 30
0.0
 10
179.5683809259259
 20
55.67290768518518
 30
0.0
 10
179.2823957407407
 20
55.84318175925926
 30
0.0
 10
178.9964105555555
 20
56.01345583333333
 30
0.0
 10
177.5902383333333
 20
53.65372527777777
 30
0.0
 10
176.1840661111111
 20
51.29399472222222
 30
0.0
 10
174.7778938888889
 20
48.93426416666666
 30
0.0
 10
173.7992883333333
 20
49.51987527777777
 30
0.0
 10
173.8790161111111
 20
49.39746138888889
 30
0.0
 10
172.7903438888889
 20
50.04727805555555
 30
0.0
 10
171.7044938888889
 20
50.69180305555555
 30
0.0
 10
171.8445466666666
 20
50.68121972222222
 30
0.0
 10
170.87088
 20
51.26612527777777
 30
0.0
 10
169.8908633333333
 20
51.84679749999999
 30
0.0
 10
169.9709438888889
 20
51.72473638888888
 30
0.0
 10
168.8819188888889
 20
52.37490583333333
 30
0.0
 10
167.7964216666666
 20
53.01978361111111
 30
0.0
 10
167.93718
 20
53.01343361111111
 30
0.0
 10
166.9621022222222
 20
53.59340027777777
 30
0.0
 10
165.9824383333333
 20
54.17477805555554
 30
0.0
 10
166.0635772222222
 20
54.05695027777777
 30
0.0
 10
164.9734938888889
 20
54.70218083333332
 30
0.0
 10
163.889055
 20
55.35093916666666
 30
0.0
 10
164.0291077777778
 20
55.3407086111111
 30
0.0
 10
163.0550883333333
 20
55.92490861111111
 30
0.0
 10
161.7508688888888
 20
56.70101972222221
 30
0.0
 10
160.4466494444444
 20
57.47713083333332
 30
0.0
 10
159.14243
 20
58.25324194444443
 30
0.0
 10
158.6309022222222
 20
57.39399287037036
 30
0.0
 10
158.1193744444444
 20
56.53474379629629
 30
0.0
 10
157.6078466666667
 20
55.67549472222222
 30
0.0
 10
158.9105374074074
 20
54.89961879629629
 30
0.0
 10
160.2132281481481
 20
54.12374287037036
 30
0.0
 10
161.5159188888889
 20
53.34786694444443
 30
0.0
 10
162.4902911111111
 20
52.76331416666667
 30
0.0
 10
162.41903
 20
52.88361138888888
 30
0.0
 10
163.5034688888889
 20
52.23450027777777
 30
0.0
 10
164.5893188888889
 20
51.5896225
 30
0.0
 10
164.4450327777778
 20
51.6023225
 30
0.0
 10
165.4232855555555
 20
51.01600583333333
 30
0.0
 10
166.4029494444444
 20
50.43462805555556
 30
0.0
 10
166.3263966666667
 20
50.55175027777777
 30
0.0
 10
167.4118938888889
 20
49.9068725
 30
0.0
 10
168.4963327777778
 20
49.25811416666667
 30
0.0
 10
168.3566327777778
 20
49.26905027777777
 30
0.0
 10
169.3317105555556
 20
48.68873083333333
 30
0.0
 10
170.3113744444444
 20
48.10735305555555
 30
0.0
 10
170.2348216666666
 20
48.22447527777777
 30
0.0
 10
171.3199661111111
 20
47.57924472222221
 30
0.0
 10
172.4047577777777
 20
46.93048638888888
 30
0.0
 10
172.2650577777778
 20
46.94177527777777
 30
0.0
 10
173.2397827777777
 20
46.36110305555555
 30
0.0
 10
172.6598161111111
 20
45.38567249999999
 30
0.0
 10
172.5465744444444
 20
45.07558083333333
 30
0.0
 10
171.9006383333333
 20
43.98514472222222
 30
0.0
 10
171.2529383333333
 20
42.90564472222221
 30
0.0
 10
171.2635216666667
 20
43.04534472222223
 30
0.0
 10
170.6817911111111
 20
42.06532805555555
 30
0.0
 10
169.9061503703704
 20
40.7626373148148
 30
0.0
 10
169.1305096296296
 20
39.45994657407406
 30
0.0
 10
168.3548688888889
 20
38.15725583333332
 30
0.0
 10
169.2136475925926
 20
37.64502249999999
 30
0.0
 10
170.0724262962963
 20
37.13278916666666
 30
0.0
 10
170.931205
 20
36.62055583333333
 30
0.0
 10
171.5132883333333
 20
37.60021972222222
 30
0.0
 10
171.3958133333333
 20
37.52331416666666
 30
0.0
 10
172.0406911111111
 20
38.60881138888888
 30
0.0
 10
172.6908605555555
 20
39.69783638888889
 30
0.0
 10
173.2348438888889
 20
40.54485583333332
 30
0.0
 10
173.3692522222222
 20
40.46406972222222
 30
0.0
 10
175.2223938888889
 20
39.36481416666666
 30
0.0
 10
175.719105
 20
37.03683361111111
 30
0.0
 10
174.6152633333333
 20
35.18545583333334
 30
0.0
 10
174.2261494444444
 20
34.53281694444444
 30
0.0
 10
173.8370355555555
 20
33.88017805555555
 30
0.0
 10
173.4479216666667
 20
33.22753916666667
 30
0.0
 10
169.8654633333333
 20
27.21902805555555
 30
0.0
 10
165.0694494444444
 20
25.46078361111111
 30
0.0
 10
163.08578
 20
28.81746416666666
 30
0.0
 10
162.9160938888889
 20
29.10556601851852
 30
0.0
 10
162.7464077777778
 20
29.39366787037037
 30
0.0
 10
162.5767216666667
 20
29.68176972222222
 30
0.0
 10
160.2080540740741
 20
28.2835937962963
 30
0.0
 10
157.8393864814815
 20
26.88541787037037
 30
0.0
 10
155.4707188888889
 20
25.48724194444444
 30
0.0
 10
154.8939272222222
 20
26.46514194444444
 30
0.0
 10
154.9048633333333
 20
26.31909194444444
 30
0.0
 10
154.2599855555555
 20
27.41129194444444
 30
0.0
 10
153.6182827777778
 20
28.49749472222222
 30
0.0
 10
153.735405
 20
28.42200027777777
 30
0.0
 10
153.1589661111111
 20
29.40378083333333
 30
0.0
 10
152.5775883333333
 20
30.38273916666667
 30
0.0
 10
152.5888772222222
 20
30.23598361111111
 30
0.0
 10
151.9439994444444
 20
31.32853638888888
 30
0.0
 10
151.3022966666666
 20
32.41544472222222
 30
0.0
 10
151.4232994444444
 20
32.33783361111111
 30
0.0
 10
150.8433327777778
 20
33.32173083333333
 30
0.0
 10
150.2661883333333
 20
34.29892527777778
 30
0.0
 10
150.2732438888889
 20
34.15428638888889
 30
0.0
 10
149.6325994444444
 20
35.24472249999999
 30
0.0
 10
148.9905438888889
 20
36.33092527777777
 30
0.0
 10
149.1073133333333
 20
36.25543083333333
 30
0.0
 10
148.5305216666667
 20
37.23333083333333
 30
0.0
 10
147.7588790740741
 20
38.54060768518518
 30
0.0
 10
146.9872364814815
 20
39.84788453703703
 30
0.0
 10
146.2155938888889
 20
41.15516138888889
 30
0.0
 10
145.3545809259259
 20
40.64645583333333
 30
0.0
 10
144.4935679629629
 20
40.13775027777778
 30
0.0
 10
143.632555
 20
39.62904472222221
 30
0.0
 10
144.4047855555555
 20
38.32329657407407
 30
0.0
 10
145.1770161111111
 20
37.01754842592592
 30
0.0
 10
145.9492466666667
 20
35.71180027777778
 30
0.0
 10
146.52498
 20
34.72931416666666
 30
0.0
 10
146.5172188888889
 20
34.8700725
 30
0.0
 10
147.1589216666667
 20
33.78386972222222
 30
0.0
 10
147.8052105555555
 20
32.69590305555555
 30
0.0
 10
147.6835022222222
 20
32.77280861111111
 30
0.0
 10
148.2609994444444
 20
31.79561416666666
 30
0.0
 10
148.8409661111111
 20
30.81206972222222
 30
0.0
 10
148.833205
 20
30.95247527777777
 30
0.0
 10
149.4749077777778
 20
29.86591972222222
 30
0.0
 10
150.1169633333333
 20
28.77971694444444
 30
0.0
 10
149.995255
 20
28.85662249999999
 30
0.0
 10
150.5769855555556
 20
27.87801694444445
 30
0.0
 10
151.1523661111111
 20
26.89553083333332
 30
0.0
 10
151.144605
 20
27.03628916666666
 30
0.0
 10
151.7866605555555
 20
25.94973361111111
 30
0.0
 10
152.4325966666667
 20
24.86211972222222
 30
0.0
 10
152.3108883333333
 20
24.93902527777777
 30
0.0
 10
152.8929716666667
 20
23.96006694444444
 30
0.0
 10
151.9147188888889
 20
23.3829225
 30
0.0
 10
152.05583
 20
23.39103638888888
 30
0.0
 10
150.9689216666667
 20
22.74898083333333
 30
0.0
 10
149.8823661111111
 20
22.10763083333334
 30
0.0
 10
149.5662772222222
 20
21.9968586111111
 30
0.0
 10
148.5876716666667
 20
21.41477527777777
 30
0.0
 10
147.2821587037037
 20
20.64419101851851
 30
0.0
 10
145.9766457407407
 20
19.87360675925925
 30
0.0
 10
144.6711327777778
 20
19.10302249999999
 30
0.0
 10
145.1798383333333
 20
18.24212712962962
 30
0.0
 10
145.6885438888889
 20
17.38123175925925
 30
0.0
 10
146.1972494444444
 20
16.52033638888888
 30
0.0
 10
147.1755022222222
 20
17.09748083333333
 30
0.0
 10
147.03933
 20
17.08830861111111
 30
0.0
 10
148.12518
 20
17.73001138888888
 30
0.0
 10
149.2131466666667
 20
18.3759475
 30
0.0
 10
150.1024994444444
 20
18.85925305555555
 30
0.0
 10
150.1829327777778
 20
18.7220225
 30
0.0
 10
151.2804244444444
 20
16.86852805555555
 30
0.0
 10
150.5942716666667
 20
14.58923083333333
 30
0.0
 10
148.7365438888889
 20
13.49315027777778
 30
0.0
 10
143.1668883333333
 20
10.20349749999999
 30
0.0
 10
134.7280911111111
 20
9.859891944444442
 30
0.0
 10
135.3831994444444
 20
13.70164194444445
 30
0.0
 10
135.4403494444444
 20
14.03125398148148
 30
0.0
 10
135.4974994444445
 20
14.36086601851852
 30
0.0
 10
135.5546494444444
 20
14.69047805555556
 30
0.0
 10
132.843905
 20
15.15461601851852
 30
0.0
 10
130.1331605555555
 20
15.61875398148148
 30
0.0
 10
127.4224161111111
 20
16.08289194444444
 30
0.0
 10
127.6153855555555
 20
17.20578361111111
 30
0.0
 10
127.5307188888889
 20
17.09077805555556
 30
0.0
 10
127.7434438888889
 20
18.33678916666666
 30
0.0
 10
127.9572272222222
 20
19.58209472222222
 30
0.0
 10
127.9999133333333
 20
19.44627527777778
 30
0.0
 10
128.1928827777778
 20
20.56916694444444
 30
0.0
 10
128.3851466666667
 20
21.69100027777777
 30
0.0
 10
128.2994216666667
 20
21.57281972222222
 30
0.0
 10
128.5142633333333
 20
22.82271138888889
 30
0.0
 10
128.7255772222222
 20
24.06378361111111
 30
0.0
 10
128.7696744444444
 20
23.9321975
 30
0.0
 10
128.9612327777778
 20
25.05050305555555
 30
0.0
 10
129.2166438888889
 20
26.54616324074074
 30
0.0
 10
129.472055
 20
28.04182342592592
 30
0.0
 10
129.7274661111111
 20
29.53748361111111
 30
0.0
 10
128.7419225925926
 20
29.70658175925925
 30
0.0
 10
127.7563790740741
 20
29.8756799074074
 30
0.0
 10
126.7708355555555
 20
30.04477805555555
 30
0.0
 10
126.5142485185185
 20
28.54947064814814
 30
0.0
 10
126.2576614814815
 20
27.05416324074073
 30
0.0
 10
126.0010744444444
 20
25.55885583333333
 30
0.0
 10
125.8084577777778
 20
24.43702249999999
 30
0.0
 10
125.8924188888889
 20
24.55096972222222
 30
0.0
 10
125.6796938888889
 20
23.30531138888889
 30
0.0
 10
125.4659105555555
 20
22.05965305555555
 30
0.0
 10
125.4278105555556
 20
22.19406138888888
 30
0.0
 10
125.2362522222222
 20
21.07681416666666
 30
0.0
 10
125.0436355555556
 20
19.9539225
 30
0.0
 10
125.1272438888889
 20
20.06398916666667
 30
0.0
 10
124.9148716666667
 20
18.82326972222222
 30
0.0
 10
124.7007355555555
 20
17.57302527777778
 30
0.0
 10
124.6594605555556
 20
17.71307805555555
 30
0.0
 10
124.4664911111111
 20
16.59018638888888
 30
0.0
 10
123.3435994444444
 20
16.78315583333333
 30
0.0
 10
123.0186911111111
 20
16.77363083333334
 30
0.0
 10
121.7687994444444
 20
16.98776694444445
 30
0.0
 10
120.5273744444444
 20
17.20013916666667
 30
0.0
 10
120.6589605555555
 20
17.24388361111111
 30
0.0
 10
119.5395966666667
 20
17.43120861111111
 30
0.0
 10
118.0442892592592
 20
17.68791324074074
 30
0.0
 10
116.5489818518518
 20
17.94461787037037
 30
0.0
 10
115.0536744444444
 20
18.2013225
 30
0.0
 10
114.8856346296296
 20
17.2155437962963
 30
0.0
 10
114.7175948148148
 20
16.22976509259259
 30
0.0
 10
114.549555
 20
15.24398638888889
 30
0.0
 10
115.667155
 20
15.05242805555555
 30
0.0
 10
115.5574411111111
 20
15.13533083333333
 30
0.0
 10
116.7978077777778
 20
14.91943083333333
 30
0.0
 10
118.0473466666666
 20
14.70494194444444
 30
0.0
 10
119.0382994444444
 20
14.50174194444445
 30
0.0
 10
119.0093716666667
 20
14.34793083333333
 30
0.0
 10
118.64848
 20
12.22420861111111
 30
0.0
 10
116.6574022222222
 20
10.92775027777777
 30
0.0
 10
114.5297994444444
 20
11.28970027777777
 30
0.0
 10
92.98001611111111
 20
14.98257805555556
 30
0.0
 10
88.54312999999999
 20
25.52357805555555
 30
0.0
 10
95.20816055555554
 20
22.64702805555556
 30
0.0
 10
103.8526272222222
 20
18.91746138888889
 30
0.0
 10
116.1144772222222
 20
24.9164475
 30
0.0
 10
129.6724327777778
 20
55.80955027777777
 30
0.0
 10
135.8058272222222
 20
69.78060861111109
 30
0.0
 10
149.4375133333333
 20
79.56666416666665
 30
0.0
 10
146.1739661111111
 20
85.07564194444444
 30
0.0
 10
142.8765522222222
 20
90.64776694444443
 30
0.0
 10
141.9928438888889
 20
93.08193361111111
 30
0.0
 10
140.7665883333333
 20
95.27127249999998
 30
0.0
 10
141.7571883333333
 20
95.82548638888889
 30
0.0
 10
141.6171355555555
 20
95.81772527777778
 30
0.0
 10
142.7202716666667
 20
96.43579194444443
 30
0.0
 10
143.8191744444444
 20
97.05491694444444
 30
0.0
 10
143.7433272222222
 20
96.9381475
 30
0.0
 10
144.7335744444444
 20
97.49271416666666
 30
0.0
 10
146.0580198148148
 20
98.23425305555554
 30
0.0
 10
147.3824651851852
 20
98.97579194444442
 30
0.0
 10
148.7069105555555
 20
99.71733083333332
 30
0.0
 10
148.2183133333333
 20
100.5898678703704
 30
0.0
 10
147.7297161111111
 20
101.4624049074074
 30
0.0
 10
147.2411188888889
 20
102.3349419444444
 30
0.0
 10
145.9169087037037
 20
101.5934030555555
 30
0.0
 10
144.5926985185185
 20
100.8518641666667
 30
0.0
 10
143.2684883333333
 20
100.1103252777778
 30
0.0
 10
142.2782411111111
 20
99.55575861111112
 30
0.0
 10
142.4175883333333
 20
99.55963916666666
 30
0.0
 10
141.3190383333333
 20
98.94439472222221
 30
0.0
 10
140.2116688888889
 20
98.32809194444444
 30
0.0
 10
140.2917494444444
 20
98.44345027777777
 30
0.0
 10
139.3015022222222
 20
97.88923638888888
 30
0.0
 10
138.2495188888889
 20
99.76777805555555
 30
0.0
 10
138.3250133333333
 20
103.2916752777778
 30
0.0
 10
140.2056716666667
 20
104.3478919444444
 30
0.0
 10
141.1959188888889
 20
104.9024586111111
 30
0.0
 10
143.1862911111111
 20
106.0130030555555
 30
0.0
 10
144.1765383333333
 20
106.5675697222222
 30
0.0
 10
153.8288911111111
 20
111.9657752777778
 30
0.0
 10
167.2891272222222
 20
111.8793447222222
 30
0.0
 10
169.6164022222222
 20
108.7442086111111
 30
0.0
 10
169.8601716666666
 20
108.4164780555555
 30
0.0
 10
172.2103772222222
 20
105.2506502777778
 30
0.0
 10
172.2103772222222
 20
105.2506502777778
 30
0.0
 10
171.2949188888889
 20
104.5750808333333
 30
0.0
 10
171.4349716666667
 20
104.5976586111111
 30
0.0
 10
170.4175605555555
 20
103.8458891666667
 30
0.0
 10
169.4047355555555
 20
103.0930613888889
 30
0.0
 10
169.4685883333333
 20
103.2172391666667
 30
0.0
 10
168.5534827777778
 20
102.5420225
 30
0.0
  0
POLYLINE
  5
28E
330
1F
100
AcDbEntity
  8
DEFAULT
 62
     7
100
AcDb2dPolyline
 66
     1
 10
0.0
 20
0.0
 30
0.0
  0
VERTEX
  5
28F
330
28E
100
AcDbEntity
  8
DEFAULT
 62
     7
100
AcDbVertex
100
AcDb2dVertex
 10
169.6476230555555
 20
190.5025752777778
 30
0.0
  0
VERTEX
  5
290
330
28E
100
AcDbEntity
  8
DEFAULT
 62
     7
100
AcDbVertex
100
AcDb2dVertex
 10
169.7506341666666
 20
193.0005947222222
 30
0.0
  0
SEQEND
  5
291
330
28E
100
AcDbEntity
  8
DEFAULT
 62
     7
  0
POLYLINE
  5
292
330
1F
100
AcDbEntity
  8
DEFAULT
 62
     7
100
AcDb2dPolyline
 66
     1
 10
0.0
 20
0.0
 30
0.0
  0
VERTEX
  5
293
330
292
100
AcDbEntity
  8
DEFAULT
 62
     7
100
AcDbVertex
100
AcDb2dVertex
 10
166.1859911111111
 20
190.8999441666666
 30
0.0
  0
VERTEX
  5
294
330
292
100
AcDbEntity
  8
DEFAULT
 62
     7
100
AcDbVertex
100
AcDb2dVertex
 10
166.2667772222222
 20
192.8673858333333
 30
0.0
  0
VERTEX
  5
295
330
292
100
AcDbEntity
  8
DEFAULT
 62
     7
100
AcDbVertex
100
AcDb2dVertex
 10
168.6589633333333
 20
190.7979913888889
 30
0.0
  0
VERTEX
  5
296
330
292
100
AcDbEntity
  8
DEFAULT
 62
     7
100
AcDbVertex
100
AcDb2dVertex
 10
168.7408077777778
 20
192.7873052777778
 30
0.0
  0
SEQEND
  5
297
330
292
100
AcDbEntity
  8
DEFAULT
 62
     7
  0
POLYLINE
  5
298
330
1F
100
AcDbEntity
  8
DEFAULT
 62
     7
100
AcDb2dPolyline
 66
     1
 10
0.0
 20
0.0
 30
0.0
  0
VERTEX
  5
299
330
298
100
AcDbEntity
  8
DEFAULT
 62
     7
100
AcDbVertex
100
AcDb2dVertex
 10
140.3443486111111
 20
169.6008094444444
 30
0.0
  0
VERTEX
  5
29A
330
298
100
AcDbEntity
  8
DEFAULT
 62
     7
100
AcDbVertex
100
AcDb2dVertex
 10
142.8441319444444
 20
169.5750566666667
 30
0.0
  0
SEQEND
  5
29B
330
298
100
AcDbEntity
  8
DEFAULT
 62
     7
  0
SPLINE
  5
29C
330
1F
100
AcDbEntity
  8
DEFAULT
 62
     7
100
AcDbSpline
210
0.0
220
0.0
230
1.0
 70
    11
 71
     3
 72
    23
 73
    19
 74
     0
 42
0.000000001
 43
0.0000000001
 40
0.0
 40
0.0
 40
0.0
 40
0.0
 40
1.002210135769212
 40
1.002210135769212
 40
1.002210135769212
 40
2.004420271538425
 40
2.004420271538425
 40
2.004420271538425
 40
3.006630407307637
 40
3.006630407307637
 40
3.006630407307637
 40
4.008840543076849
 40
4.008840543076849
 40
4.008840543076849
 40
5.011050678846061
 40
5.011050678846061
 40
5.011050678846061
 40
9.06921782570408
 40
9.06921782570408
 40
9.06921782570408
 40
9.06921782570408
 10
141.093825
 20
171.9750038888889
 30
0.0
 10
141.2095361111111
 20
172.1528038888889
 30
0.0
 10
141.4039166666667
 20
172.2667511111111
 30
0.0
 10
141.6734388888889
 20
172.2639288888889
 30
0.0
 10
142.0876
 20
172.2596955555555
 30
0.0
 10
142.3775833333333
 20
171.9252622222222
 30
0.0
 10
142.3691166666667
 20
171.4384288888889
 30
0.0
 10
142.3634722222222
 20
170.865165
 30
0.0
 10
141.9838833333333
 20
170.5840011111111
 30
0.0
 10
141.61135
 20
170.5878816666666
 30
0.0
 10
141.3696972222222
 20
170.5903511111111
 30
0.0
 10
141.2045972222222
 20
170.6813677777778
 30
0.0
 10
141.0828888888889
 20
170.8947983333333
 30
0.0
 10
141.0920611111111
 20
171.0235622222222
 30
0.0
 10
141.1086416666666
 20
173.4034011111111
 30
0.0
 10
141.1086416666666
 20
173.4034011111111
 30
0.0
 10
141.1037027777778
 20
172.9272687037037
 30
0.0
 10
141.0987638888889
 20
172.4511362962963
 30
0.0
 10
141.093825
 20
171.9750038888889
 30
0.0
  0
POLYLINE
  5
29D
330
1F
100
AcDbEntity
  8
DEFAULT
 62
     7
100
AcDb2dPolyline
 66
     1
 10
0.0
 20
0.0
 30
0.0
  0
VERTEX
  5
29E
330
29D
100
AcDbEntity
  8
DEFAULT
 62
     7
100
AcDbVertex
100
AcDb2dVertex
 10
154.3863858333333
 20
193.5201305555556
 30
0.0
  0
VERTEX
  5
29F
330
29D
100
AcDbEntity
  8
DEFAULT
 62
     7
100
AcDbVertex
100
AcDb2dVertex
 10
156.2070719444444
 20
191.8070416666667
 30
0.0
  0
SEQEND
  5
2A0
330
29D
100
AcDbEntity
  8
DEFAULT
 62
     7
  0
SPLINE
  5
2A1
330
1F
100
AcDbEntity
  8
DEFAULT
 62
     7
100
AcDbSpline
210
0.0
220
0.0
230
1.0
 70
     8
 71
     3
 72
    17
 73
    13
 74
     0
 42
0.000000001
 43
0.0000000001
 40
0.0
 40
0.0
 40
0.0
 40
0.0
 40
1.0
 40
1.0
 40
1.0
 40
2.0
 40
2.0
 40
2.0
 40
3.0
 40
3.0
 40
3.0
 40
4.0
 40
4.0
 40
4.0
 40
4.0
 10
156.5932930555555
 20
192.9663047222222
 30
0.0
 10
156.4959263888889
 20
192.9938213888888
 30
0.0
 10
156.3086013888889
 20
193.0844852777778
 30
0.0
 10
156.1237458333333
 20
193.2584047222222
 30
0.0
 10
155.7095847222222
 20
193.6482241666666
 30
0.0
 10
155.7039402777778
 20
194.1830352777777
 30
0.0
 10
156.0994041666667
 20
194.6031936111111
 30
0.0
 10
156.4976902777778
 20
195.0261741666667
 30
0.0
 10
157.0755402777778
 20
195.0603936111111
 30
0.0
 10
157.5242736111111
 20
194.6381186111111
 30
0.0
 10
157.6717347222222
 20
194.4994769444444
 30
0.0
 10
157.7676902777778
 20
194.3396686111111
 30
0.0
 10
157.8036736111111
 20
194.2415963888889
 30
0.0
  0
POLYLINE
  5
2A2
330
1F
100
AcDbEntity
  8
DEFAULT
 62
     7
100
AcDb2dPolyline
 66
     1
 10
0.0
 20
0.0
 30
0.0
  0
VERTEX
  5
2A3
330
2A2
100
AcDbEntity
  8
DEFAULT
 62
     7
100
AcDbVertex
100
AcDb2dVertex
 10
144.7878316666666
 20
142.0271338888889
 30
0.0
  0
VERTEX
  5
2A4
330
2A2
100
AcDbEntity
  8
DEFAULT
 62
     7
100
AcDbVertex
100
AcDb2dVertex
 10
146.9119066666667
 20
143.3458172222222
 30
0.0
  0
SEQEND
  5
2A5
330
2A2
100
AcDbEntity
  8
DEFAULT
 62
     7
  0
SPLINE
  5
2A6
330
1F
100
AcDbEntity
  8
DEFAULT
 62
     7
100
AcDbSpline
210
0.0
220
0.0
230
1.0
 70
     8
 71
     3
 72
    23
 73
    19
 74
     0
 42
0.000000001
 43
0.0000000001
 40
0.0
 40
0.0
 40
0.0
 40
0.0
 40
1.0
 40
1.0
 40
1.0
 40
2.0
 40
2.0
 40
2.0
 40
3.0
 40
3.0
 40
3.0
 40
4.0
 40
4.0
 40
4.0
 40
5.0
 40
5.0
 40
5.0
 40
6.0
 40
6.0
 40
6.0
 40
6.0
 10
144.0195522222222
 20
144.5101955555556
 30
0.0
 10
143.9338272222222
 20
144.6481316666667
 30
0.0
 10
144.1289133333333
 20
144.9596344444444
 30
0.0
 10
144.3307022222222
 20
145.0852233333333
 30
0.0
 10
144.7529772222222
 20
145.3473372222222
 30
0.0
 10
144.9896911111111
 20
145.1875288888889
 30
0.0
 10
145.1890105555555
 20
144.8661483333333
 30
0.0
 10
145.1890105555555
 20
144.8661483333333
 30
0.0
 10
145.5798883333333
 20
144.2011622222222
 30
0.0
 10
145.6673772222222
 20
144.1045011111111
 30
0.0
 10
145.7682716666666
 20
143.9418705555555
 30
0.0
 10
145.4133772222222
 20
143.5926205555556
 30
0.0
 10
145.2278161111111
 20
143.4772622222222
 30
0.0
 10
144.9646438888889
 20
143.3139261111111
 30
0.0
 10
144.7148772222222
 20
143.4158788888889
 30
0.0
 10
144.5981077777778
 20
143.6039094444444
 30
0.0
 10
144.4026688888889
 20
143.9185872222222
 30
0.0
 10
144.3395216666667
 20
144.2692483333333
 30
0.0
 10
145.289905
 20
144.7038705555555
 30
0.0
  0
POLYLINE
  5
2A7
330
1F
100
AcDbEntity
  8
DEFAULT
 62
     7
100
AcDb2dPolyline
 66
     1
 10
0.0
 20
0.0
 30
0.0
  0
VERTEX
  5
2A8
330
2A7
100
AcDbEntity
  8
DEFAULT
 62
     7
100
AcDbVertex
100
AcDb2dVertex
 10
174.4898861111111
 20
128.4638161111111
 30
0.0
  0
VERTEX
  5
2A9
330
2A7
100
AcDbEntity
  8
DEFAULT
 62
     7
100
AcDbVertex
100
AcDb2dVertex
 10
175.2494166666667
 20
126.0822133333333
 30
0.0
  0
SEQEND
  5
2AA
330
2A7
100
AcDbEntity
  8
DEFAULT
 62
     7
  0
POLYLINE
  5
2AB
330
1F
100
AcDbEntity
  8
DEFAULT
 62
     7
100
AcDb2dPolyline
 66
     1
 10
0.0
 20
0.0
 30
0.0
  0
VERTEX
  5
2AC
330
2AB
100
AcDbEntity
  8
DEFAULT
 62
     7
100
AcDbVertex
100
AcDb2dVertex
 10
176.877345
 20
127.9375775
 30
0.0
  0
VERTEX
  5
2AD
330
2AB
100
AcDbEntity
  8
DEFAULT
 62
     7
100
AcDbVertex
100
AcDb2dVertex
 10
178.0132894444444
 20
129.3536275
 30
0.0
  0
SEQEND
  5
2AE
330
2AB
100
AcDbEntity
  8
DEFAULT
 62
     7
  0
POLYLINE
  5
2AF
330
1F
100
AcDbEntity
  8
DEFAULT
 62
     7
100
AcDb2dPolyline
 66
     1
 10
0.0
 20
0.0
 30
0.0
  0
VERTEX
  5
2B0
330
2AF
100
AcDbEntity
  8
DEFAULT
 62
     7
100
AcDbVertex
100
AcDb2dVertex
 10
178.6374238888889
 20
127.3966986111111
 30
0.0
  0
VERTEX
  5
2B1
330
2AF
100
AcDbEntity
  8
DEFAULT
 62
     7
100
AcDbVertex
100
AcDb2dVertex
 10
176.8812961111111
 20
127.9389180555556
 30
0.0
  0
VERTEX
  5
2B2
330
2AF
100
AcDbEntity
  8
DEFAULT
 62
     7
100
AcDbVertex
100
AcDb2dVertex
 10
175.8152016666667
 20
127.5988402777778
 30
0.0
  0
SEQEND
  5
2B3
330
2AF
100
AcDbEntity
  8
DEFAULT
 62
     7
  0
POLYLINE
  5
2B4
330
1F
100
AcDbEntity
  8
DEFAULT
 62
     7
100
AcDb2dPolyline
 66
     1
 10
0.0
 20
0.0
 30
0.0
  0
VERTEX
  5
2B5
330
2B4
100
AcDbEntity
  8
DEFAULT
 62
     7
100
AcDbVertex
100
AcDb2dVertex
 10
160.9613522222222
 20
172.3820388888889
 30
0.0
  0
VERTEX
  5
2B6
330
2B4
100
AcDbEntity
  8
DEFAULT
 62
     7
100
AcDbVertex
100
AcDb2dVertex
 10
159.2486161111111
 20
170.561
 30
0.0
  0
SEQEND
  5
2B7
330
2B4
100
AcDbEntity
  8
DEFAULT
 62
     7
  0
SPLINE
  5
2B8
330
1F
100
AcDbEntity
  8
DEFAULT
 62
     7
100
AcDbSpline
210
0.0
220
0.0
230
1.0
 70
     8
 71
     3
 72
    17
 73
    13
 74
     0
 42
0.000000001
 43
0.0000000001
 40
0.0
 40
0.0
 40
0.0
 40
0.0
 40
1.0
 40
1.0
 40
1.0
 40
2.0
 40
2.0
 40
2.0
 40
3.0
 40
3.0
 40
3.0
 40
4.0
 40
4.0
 40
4.0
 40
4.0
 10
160.2280683333333
 20
169.9913344444444
 30
0.0
 10
160.2679322222222
 20
170.1250372222222
 30
0.0
 10
160.3935211111111
 20
170.3494038888889
 30
0.0
 10
160.6125961111111
 20
170.5818844444444
 30
0.0
 10
161.1198905555555
 20
171.1212816666666
 30
0.0
 10
161.8427322222222
 20
171.2066538888889
 30
0.0
 10
162.4699711111111
 20
170.6168094444444
 30
0.0
 10
163.0689877777777
 20
170.0530705555555
 30
0.0
 10
163.0929766666666
 20
169.2653177777778
 30
0.0
 10
162.5348822222222
 20
168.6719455555555
 30
0.0
 10
162.3105155555556
 20
168.4334677777778
 30
0.0
 10
162.1178988888889
 20
168.3311622222222
 30
0.0
 10
162.0222961111111
 20
168.2976483333333
 30
0.0
  0
POLYLINE
  5
2B9
330
1F
100
AcDbEntity
  8
DEFAULT
 62
     7
100
AcDb2dPolyline
 66
     1
 10
0.0
 20
0.0
 30
0.0
  0
VERTEX
  5
2BA
330
2B9
100
AcDbEntity
  8
DEFAULT
 62
     7
100
AcDbVertex
100
AcDb2dVertex
 10
159.5124938888889
 20
158.5155438888889
 30
0.0
  0
VERTEX
  5
2BB
330
2B9
100
AcDbEntity
  8
DEFAULT
 62
     7
100
AcDbVertex
100
AcDb2dVertex
 10
159.4888577777778
 20
156.0157605555555
 30
0.0
  0
SEQEND
  5
2BC
330
2B9
100
AcDbEntity
  8
DEFAULT
 62
     7
  0
SPLINE
  5
2BD
330
1F
100
AcDbEntity
  8
DEFAULT
 62
     7
100
AcDbSpline
210
0.0
220
0.0
230
1.0
 70
    11
 71
     3
 72
    32
 73
    28
 74
     0
 42
0.000000001
 43
0.0000000001
 40
7.325324975726321
 40
7.325324975726321
 40
7.325324975726321
 40
7.325324975726321
 40
8.325324975726321
 40
8.325324975726321
 40
8.325324975726321
 40
9.325324975726321
 40
9.325324975726321
 40
9.325324975726321
 40
10.32532497572632
 40
10.32532497572632
 40
10.32532497572632
 40
11.32532497572632
 40
11.32532497572632
 40
11.32532497572632
 40
12.32532497572632
 40
12.32532497572632
 40
12.32532497572632
 40
13.32532497572632
 40
13.32532497572632
 40
13.32532497572632
 40
14.32532497572632
 40
14.32532497572632
 40
14.32532497572632
 40
15.32532497572632
 40
15.32532497572632
 40
15.32532497572632
 40
22.65064995145264
 40
22.65064995145264
 40
22.65064995145264
 40
22.65064995145264
 10
163.1236683333333
 20
158.0573561111111
 30
0.0
 10
163.1533016666667
 20
157.9091894444444
 30
0.0
 10
163.1748211111111
 20
157.674945
 30
0.0
 10
163.1723516666667
 20
157.4371727777778
 30
0.0
 10
163.1691766666667
 20
157.0981533333333
 30
0.0
 10
163.1088516666667
 20
156.8801366666667
 30
0.0
 10
162.9747961111111
 20
156.7178588888889
 30
0.0
 10
162.871785
 20
156.5823922222222
 30
0.0
 10
162.7155044444444
 20
156.5019588888889
 30
0.0
 10
162.5087766666666
 20
156.5040755555555
 30
0.0
 10
162.2554822222222
 20
156.506545
 30
0.0
 10
162.0364072222222
 20
156.8423894444444
 30
0.0
 10
161.9376294444444
 20
157.1200255555555
 30
0.0
 10
161.9376294444444
 20
157.1200255555555
 30
0.0
 10
161.6543488888889
 20
156.41447
 30
0.0
 10
161.2645294444444
 20
156.4183505555555
 30
0.0
 10
161.0383988888889
 20
156.4204672222222
 30
0.0
 10
160.8676544444444
 20
156.5118366666667
 30
0.0
 10
160.7403016666667
 20
156.6455394444444
 30
0.0
 10
160.5744961111111
 20
156.830395
 30
0.0
 10
160.4997072222222
 20
157.1274338888889
 30
0.0
 10
160.5035877777778
 20
157.5560588888889
 30
0.0
 10
160.5057044444444
 20
157.7899505555555
 30
0.0
 10
160.5229905555555
 20
157.9688088888889
 30
0.0
 10
160.5395711111111
 20
158.0816977777778
 30
0.0
 10
161.4009368518519
 20
158.0735838888889
 30
0.0
 10
162.2623025925926
 20
158.06547
 30
0.0
 10
163.1236683333333
 20
158.0573561111111
 30
0.0
  0
POLYLINE
  5
2BE
330
1F
100
AcDbEntity
  8
DEFAULT
 62
     7
100
AcDb2dPolyline
 66
     1
 10
0.0
 20
0.0
 30
0.0
  0
VERTEX
  5
2BF
330
2BE
100
AcDbEntity
  8
DEFAULT
 62
     7
100
AcDbVertex
100
AcDb2dVertex
 10
166.9311636111111
 20
142.9552569444444
 30
0.0
  0
VERTEX
  5
2C0
330
2BE
100
AcDbEntity
  8
DEFAULT
 62
     7
100
AcDbVertex
100
AcDb2dVertex
 10
168.2501997222222
 20
140.8315347222222
 30
0.0
  0
SEQEND
  5
2C1
330
2BE
100
AcDbEntity
  8
DEFAULT
 62
     7
  0
POLYLINE
  5
2C2
330
1F
100
AcDbEntity
  8
DEFAULT
 62
     7
100
AcDb2dPolyline
 66
     1
 10
0.0
 20
0.0
 30
0.0
  0
VERTEX
  5
2C3
330
2C2
100
AcDbEntity
  8
DEFAULT
 62
     7
100
AcDbVertex
100
AcDb2dVertex
 10
167.8603097222222
 20
143.3547072222222
 30
0.0
  0
VERTEX
  5
2C4
330
2C2
100
AcDbEntity
  8
DEFAULT
 62
     7
100
AcDbVertex
100
AcDb2dVertex
 10
170.6666569444444
 20
143.8157877777778
 30
0.0
  0
VERTEX
  5
2C5
330
2C2
100
AcDbEntity
  8
DEFAULT
 62
     7
100
AcDbVertex
100
AcDb2dVertex
 10
169.0202430555555
 20
141.4874544444444
 30
0.0
  0
SEQEND
  5
2C6
330
2C2
100
AcDbEntity
  8
DEFAULT
 62
     7
  0
POLYLINE
  5
2C7
330
1F
100
AcDbEntity
  8
DEFAULT
 62
     7
100
AcDb2dPolyline
 66
     1
 10
0.0
 20
0.0
 30
0.0
  0
VERTEX
  5
2C8
330
2C7
100
AcDbEntity
  8
DEFAULT
 62
     7
100
AcDbVertex
100
AcDb2dVertex
 10
169.5384383333334
 20
142.2174927777778
 30
0.0
  0
VERTEX
  5
2C9
330
2C7
100
AcDbEntity
  8
DEFAULT
 62
     7
100
AcDbVertex
100
AcDb2dVertex
 10
168.7425716666667
 20
143.4991344444445
 30
0.0
  0
SEQEND
  5
2CA
330
2C7
100
AcDbEntity
  8
DEFAULT
 62
     7
  0
POLYLINE
  5
2CB
330
1F
100
AcDbEntity
  8
DEFAULT
 62
     7
100
AcDb2dPolyline
 66
     1
 10
0.0
 20
0.0
 30
0.0
  0
VERTEX
  5
2CC
330
2CB
100
AcDbEntity
  8
DEFAULT
 62
     7
100
AcDbVertex
100
AcDb2dVertex
 10
182.4191311111111
 20
178.0733322222222
 30
0.0
  0
VERTEX
  5
2CD
330
2CB
100
AcDbEntity
  8
DEFAULT
 62
     7
100
AcDbVertex
100
AcDb2dVertex
 10
180.5420005555555
 20
180.6595461111111
 30
0.0
  0
SEQEND
  5
2CE
330
2CB
100
AcDbEntity
  8
DEFAULT
 62
     7
  0
POLYLINE
  5
2CF
330
1F
100
AcDbEntity
  8
DEFAULT
 62
     7
100
AcDb2dPolyline
 66
     1
 10
0.0
 20
0.0
 30
0.0
  0
VERTEX
  5
2D0
330
2CF
100
AcDbEntity
  8
DEFAULT
 62
     7
100
AcDbVertex
100
AcDb2dVertex
 10
180.6004558333333
 20
178.0328686111111
 30
0.0
  0
VERTEX
  5
2D1
330
2CF
100
AcDbEntity
  8
DEFAULT
 62
     7
100
AcDbVertex
100
AcDb2dVertex
 10
182.3604641666667
 20
180.6998686111111
 30
0.0
  0
SEQEND
  5
2D2
330
2CF
100
AcDbEntity
  8
DEFAULT
 62
     7
  0
POLYLINE
  5
2D3
330
1F
100
AcDbEntity
  8
DEFAULT
 62
     7
100
AcDb2dPolyline
 66
     1
 10
0.0
 20
0.0
 30
0.0
  0
VERTEX
  5
2D4
330
2D3
100
AcDbEntity
  8
DEFAULT
 62
     7
100
AcDbVertex
100
AcDb2dVertex
 10
180.3043341666667
 20
177.0231127777778
 30
0.0
  0
VERTEX
  5
2D5
330
2D3
100
AcDbEntity
  8
DEFAULT
 62
     7
100
AcDbVertex
100
AcDb2dVertex
 10
182.8034119444445
 20
177.0788516666667
 30
0.0
  0
SEQEND
  5
2D6
330
2D3
100
AcDbEntity
  8
DEFAULT
 62
     7
  0
SPLINE
  5
2D7
330
1F
100
AcDbEntity
  8
DEFAULT
 62
     1
100
AcDbSpline
210
0.0
220
0.0
230
1.0
 70
    11
 71
     3
 72
   287
 73
   283
 74
     0
 42
0.000000001
 43
0.0000000001
 40
1.0
 40
1.0
 40
1.0
 40
1.0
 40
2.0
 40
2.0
 40
2.0
 40
18.02149222138811
 40
18.02149222138811
 40
18.02149222138811
 40
19.02149222138811
 40
19.02149222138811
 40
19.02149222138811
 40
20.02149222138811
 40
20.02149222138811
 40
20.02149222138811
 40
21.02149222138811
 40
21.02149222138811
 40
21.02149222138811
 40
22.02149222138811
 40
22.02149222138811
 40
22.02149222138811
 40
34.91569002505162
 40
34.91569002505162
 40
34.91569002505162
 40
43.4194464303116
 40
43.4194464303116
 40
43.4194464303116
 40
56.3095785475554
 40
56.3095785475554
 40
56.3095785475554
 40
57.3095785475554
 40
57.3095785475554
 40
57.3095785475554
 40
58.3095785475554
 40
58.3095785475554
 40
58.3095785475554
 40
59.3095785475554
 40
59.3095785475554
 40
59.3095785475554
 40
60.3095785475554
 40
60.3095785475554
 40
60.3095785475554
 40
61.3095785475554
 40
61.3095785475554
 40
61.3095785475554
 40
62.3095785475554
 40
62.3095785475554
 40
62.3095785475554
 40
75.20003160398443
 40
75.20003160398443
 40
75.20003160398443
 40
83.70443170040507
 40
83.70443170040507
 40
83.70443170040507
 40
84.70443170040507
 40
84.70443170040507
 40
84.70443170040507
 40
85.70443170040507
 40
85.70443170040507
 40
85.70443170040507
 40
86.70443170040507
 40
86.70443170040507
 40
86.70443170040507
 40
87.70443170040507
 40
87.70443170040507
 40
87.70443170040507
 40
92.52159777601426
 40
92.52159777601426
 40
92.52159777601426
 40
104.842172478519
 40
104.842172478519
 40
104.842172478519
 40
105.842172478519
 40
105.842172478519
 40
105.842172478519
 40
106.842172478519
 40
106.842172478519
 40
106.842172478519
 40
107.842172478519
 40
107.842172478519
 40
107.842172478519
 40
108.842172478519
 40
108.842172478519
 40
108.842172478519
 40
121.736676423999
 40
121.736676423999
 40
121.736676423999
 40
130.2400527534343
 40
130.2400527534343
 40
130.2400527534343
 40
143.1337595129352
 40
143.1337595129352
 40
143.1337595129352
 40
144.1337595129352
 40
144.1337595129352
 40
144.1337595129352
 40
145.1337595129352
 40
145.1337595129352
 40
145.1337595129352
 40
146.1337595129352
 40
146.1337595129352
 40
146.1337595129352
 40
147.1337595129352
 40
147.1337595129352
 40
147.1337595129352
 40
148.1337595129352
 40
148.1337595129352
 40
148.1337595129352
 40
149.1337595129352
 40
149.1337595129352
 40
149.1337595129352
 40
162.0274558409864
 40
162.0274558409864
 40
162.0274558409864
 40
170.5319008552128
 40
170.5319008552128
 40
170.5319008552128
 40
171.5319008552128
 40
171.5319008552128
 40
171.5319008552128
 40
172.5319008552128
 40
172.5319008552128
 40
172.5319008552128
 40
173.5319008552128
 40
173.5319008552128
 40
173.5319008552128
 40
174.5319008552128
 40
174.5319008552128
 40
174.5319008552128
 40
179.3601669000782
 40
179.3601669000782
 40
179.3601669000782
 40
191.6917241821086
 40
191.6917241821086
 40
191.6917241821086
 40
192.6917241821086
 40
192.6917241821086
 40
192.6917241821086
 40
193.6917241821086
 40
193.6917241821086
 40
193.6917241821086
 40
194.6917241821086
 40
194.6917241821086
 40
194.6917241821086
 40
195.6917241821086
 40
195.6917241821086
 40
195.6917241821086
 40
208.5949633490775
 40
208.5949633490775
 40
208.5949633490775
 40
217.0997396541899
 40
217.0997396541899
 40
217.0997396541899
 40
230.0011732567009
 40
230.0011732567009
 40
230.0011732567009
 40
231.0011732567009
 40
231.0011732567009
 40
231.0011732567009
 40
232.0011732567009
 40
232.0011732567009
 40
232.0011732567009
 40
233.0011732567009
 40
233.0011732567009
 40
233.0011732567009
 40
234.0153153923246
 40
234.0153153923246
 40
234.0153153923246
 40
235.0153153923246
 40
235.0153153923246
 40
235.0153153923246
 40
236.0153153923246
 40
236.0153153923246
 40
236.0153153923246
 40
248.9185988891714
 40
248.9185988891714
 40
248.9185988891714
 40
257.4226899634721
 40
257.4226899634721
 40
257.4226899634721
 40
258.4226899634721
 40
258.4226899634721
 40
258.4226899634721
 40
259.4226899634721
 40
259.4226899634721
 40
259.4226899634721
 40
260.4226899634721
 40
260.4226899634721
 40
260.4226899634721
 40
261.4226899634721
 40
261.4226899634721
 40
261.4226899634721
 40
262.4226899634721
 40
262.4226899634721
 40
262.4226899634721
 40
263.4226899634721
 40
263.4226899634721
 40
263.4226899634721
 40
264.4226899634721
 40
264.4226899634721
 40
264.4226899634721
 40
265.4226899634721
 40
265.4226899634721
 40
265.4226899634721
 40
278.3205428855673
 40
278.3205428855673
 40
278.3205428855673
 40
286.8247071596156
 40
286.8247071596156
 40
286.8247071596156
 40
299.7311867725853
 40
299.7311867725853
 40
299.7311867725853
 40
300.7311867725853
 40
300.7311867725853
 40
300.7311867725853
 40
301.7311867725853
 40
301.7311867725853
 40
301.7311867725853
 40
302.7311867725853
 40
302.7311867725853
 40
302.7311867725853
 40
303.7311867725853
 40
303.7311867725853
 40
303.7311867725853
 40
304.7311867725853
 40
304.7311867725853
 40
304.7311867725853
 40
305.7311867725853
 40
305.7311867725853
 40
305.7311867725853
 40
318.6264480727684
 40
318.6264480727684
 40
318.6264480727684
 40
327.1295488013261
 40
327.1295488013261
 40
327.1295488013261
 40
340.0237879025682
 40
340.0237879025682
 40
340.0237879025682
 40
341.0237879025682
 40
341.0237879025682
 40
341.0237879025682
 40
342.0237879025682
 40
342.0237879025682
 40
342.0237879025682
 40
343.0237879025682
 40
343.0237879025682
 40
343.0237879025682
 40
344.0237879025682
 40
344.0237879025682
 40
344.0237879025682
 40
345.0237879025682
 40
345.0237879025682
 40
345.0237879025682
 40
346.0237879025682
 40
346.0237879025682
 40
346.0237879025682
 40
347.0237879025682
 40
347.0237879025682
 40
347.0237879025682
 40
348.0237879025682
 40
348.0237879025682
 40
348.0237879025682
 40
349.0237879025682
 40
349.0237879025682
 40
349.0237879025682
 40
350.0237879025682
 40
350.0237879025682
 40
350.0237879025682
 40
362.9196925625756
 40
362.9196925625756
 40
362.9196925625756
 40
371.4237774633747
 40
371.4237774633747
 40
371.4237774633747
 40
384.3196821233821
 40
384.3196821233821
 40
384.3196821233821
 40
385.3196821233821
 40
385.3196821233821
 40
385.3196821233821
 40
386.3196821233821
 40
386.3196821233821
 40
386.3196821233821
 40
386.3196821233821
 10
162.9880958333333
 20
125.0383438888889
 30
0.0
 10
161.8874291666667
 20
128.4888633333333
 30
0.0
 10
158.6249402777778
 20
124.969905
 30
0.0
 10
157.3080208333333
 20
127.0869244444444
 30
0.0
 10
156.3134226851852
 20
128.6870068518518
 30
0.0
 10
155.318824537037
 20
130.2870892592592
 30
0.0
 10
154.3242263888889
 20
131.8871716666666
 30
0.0
 10
155.2929541666667
 20
132.4872466666667
 30
0.0
 10
155.1493736111111
 20
132.4738411111111
 30
0.0
 10
156.2249930555556
 20
133.1412966666666
 30
0.0
 10
157.2967319444444
 20
133.8055772222222
 30
0.0
 10
157.2237069444444
 20
133.688455
 30
0.0
 10
158.1924347222222
 20
134.28853
 30
0.0
 10
159.1544597222222
 20
134.8893105555555
 30
0.0
 10
159.0144069444444
 20
134.8723772222222
 30
0.0
 10
160.0928486111111
 20
135.5430077777777
 30
0.0
 10
161.1617652777778
 20
136.2104633333333
 30
0.0
 10
161.0883875
 20
136.0866383333333
 30
0.0
 10
162.0539402777778
 20
136.6905938888889
 30
0.0
 10
163.3422847222222
 20
137.4901059259259
 30
0.0
 10
164.6306291666667
 20
138.2896179629629
 30
0.0
 10
165.9189736111111
 20
139.08913
 30
0.0
 10
165.3912180555556
 20
139.9385012962963
 30
0.0
 10
164.8634625
 20
140.7878725925926
 30
0.0
 10
164.3357069444444
 20
141.6372438888889
 30
0.0
 10
163.0486560185185
 20
140.8365559259259
 30
0.0
 10
161.7616050925926
 20
140.035867962963
 30
0.0
 10
160.4745541666666
 20
139.23518
 30
0.0
 10
159.5054736111111
 20
138.635105
 30
0.0
 10
159.6455263888889
 20
138.6456883333333
 30
0.0
 10
158.5737875
 20
137.9814077777778
 30
0.0
 10
157.4988736111111
 20
137.3139522222222
 30
0.0
 10
157.5750736111111
 20
137.4342494444444
 30
0.0
 10
156.6095208333333
 20
136.8369966666666
 30
0.0
 10
155.6411458333333
 20
136.2365688888889
 30
0.0
 10
155.7811986111111
 20
136.2471522222222
 30
0.0
 10
154.7094597222222
 20
135.5828716666666
 30
0.0
 10
153.6341930555556
 20
134.9154161111111
 30
0.0
 10
153.7103930555556
 20
135.0353605555555
 30
0.0
 10
152.7416652777778
 20
134.4352855555555
 30
0.0
 10
152.1447652777778
 20
135.4008383333333
 30
0.0
 10
151.9214569444444
 20
135.6386105555555
 30
0.0
 10
151.2508263888889
 20
136.717405
 30
0.0
 10
150.5865458333333
 20
137.7887911111111
 30
0.0
 10
150.7068430555556
 20
137.7125911111111
 30
0.0
 10
150.1060625
 20
138.6816716666666
 30
0.0
 10
149.3054921296296
 20
139.9688401851851
 30
0.0
 10
148.5049217592592
 20
141.2560087037037
 30
0.0
 10
147.7043513888889
 20
142.5431772222222
 30
0.0
 10
146.8547449074074
 20
142.0156568518518
 30
0.0
 10
146.0051384259259
 20
141.4881364814815
 30
0.0
 10
145.1555319444444
 20
140.9606161111111
 30
0.0
 10
145.7527847222222
 20
139.9957688888889
 30
0.0
 10
145.7386736111111
 20
140.1326466666666
 30
0.0
 10
146.4096569444444
 20
139.0602022222222
 30
0.0
 10
147.0771125
 20
137.9849355555556
 30
0.0
 10
147.5773513888889
 20
137.1114577777778
 30
0.0
 10
147.4436486111111
 20
137.0257327777778
 30
0.0
 10
145.6208458333333
 20
136.0739383333333
 30
0.0
 10
143.0212263888889
 20
137.0384327777778
 30
0.0
 10
141.8404791666667
 20
138.9003938888889
 30
0.0
 10
138.7885986111111
 20
143.7165161111111
 30
0.0
 10
138.6421958333333
 20
151.6155633333333
 30
0.0
 10
141.2178263888889
 20
151.5898105555555
 30
0.0
 10
141.7842699074074
 20
151.5851068518518
 30
0.0
 10
142.3507134259259
 20
151.5804031481481
 30
0.0
 10
142.9171569444444
 20
151.5756994444444
 30
0.0
 10
142.9311504629629
 20
153.0244401851851
 30
0.0
 10
142.9451439814815
 20
154.4731809259259
 30
0.0
 10
142.9591375
 20
155.9219216666666
 30
0.0
 10
144.0986097222222
 20
155.9116911111111
 30
0.0
 10
143.9705513888889
 20
155.9751911111111
 30
0.0
 10
145.2363180555556
 20
155.9631966666666
 30
0.0
 10
146.4978513888889
 20
155.9480272222222
 30
0.0
 10
146.3722625
 20
155.8884077777778
 30
0.0
 10
147.5110291666666
 20
155.8778244444444
 30
0.0
 10
148.6462680555555
 20
155.8647716666667
 30
0.0
 10
148.5192680555556
 20
155.9282716666667
 30
0.0
 10
149.7846819444444
 20
155.9162772222222
 30
0.0
 10
151.0465680555556
 20
155.9074577777778
 30
0.0
 10
150.9238013888889
 20
155.8443105555556
 30
0.0
 10
152.0593930555555
 20
155.830905
 30
0.0
 10
153.5756319444444
 20
155.8174994444444
 30
0.0
 10
155.0918708333333
 20
155.8040938888889
 30
0.0
 10
156.6081097222222
 20
155.7906883333333
 30
0.0
 10
156.6175171296296
 20
156.7905781481481
 30
0.0
 10
156.626924537037
 20
157.7904679629629
 30
0.0
 10
156.6363319444444
 20
158.7903577777778
 30
0.0
 10
155.1202106481481
 20
158.8062327777778
 30
0.0
 10
153.6040893518519
 20
158.8221077777777
 30
0.0
 10
152.0879680555555
 20
158.8379827777778
 30
0.0
 10
150.9523763888889
 20
158.8446855555555
 30
0.0
 10
151.0730263888889
 20
158.7815383333333
 30
0.0
 10
149.8143152777778
 20
158.79318
 30
0.0
 10
148.5492541666667
 20
158.8051744444444
 30
0.0
 10
148.6783708333333
 20
158.8683216666666
 30
0.0
 10
147.5392513888889
 20
158.8781994444444
 30
0.0
 10
146.4004847222222
 20
158.8887827777777
 30
0.0
 10
146.5250152777778
 20
158.821755
 30
0.0
 10
145.2627763888889
 20
158.8369244444444
 30
0.0
 10
143.9970097222222
 20
158.8492716666667
 30
0.0
 10
144.1264791666667
 20
158.9120661111111
 30
0.0
 10
142.9908875
 20
158.9254716666667
 30
0.0
 10
143.0011180555555
 20
160.0642383333333
 30
0.0
 10
142.9386763888889
 20
160.3842077777778
 30
0.0
 10
142.9506708333333
 20
161.6492688888889
 30
0.0
 10
142.9658402777778
 20
162.911155
 30
0.0
 10
143.0258125
 20
162.7855661111111
 30
0.0
 10
143.0356902777778
 20
163.9243327777777
 30
0.0
 10
143.0514476851852
 20
165.440454074074
 30
0.0
 10
143.0672050925926
 20
166.9565753703704
 30
0.0
 10
143.0829625
 20
168.4726966666666
 30
0.0
 10
142.0829550925926
 20
168.4829272222222
 30
0.0
 10
141.0829476851852
 20
168.4931577777778
 30
0.0
 10
140.0829402777778
 20
168.5033883333333
 30
0.0
 10
140.0723569444444
 20
167.3649744444444
 30
0.0
 10
140.1326819444444
 20
167.4891522222222
 30
0.0
 10
140.1242152777778
 20
166.2269133333333
 30
0.0
 10
140.1122208333333
 20
164.9618522222222
 30
0.0
 10
140.0649486111111
 20
163.9507911111111
 30
0.0
 10
139.9058458333333
 20
163.9543188888888
 30
0.0
 10
137.8618513888889
 20
164.12718
 30
0.0
 10
136.1783958333333
 20
166.3309827777778
 30
0.0
 10
136.1801597222222
 20
168.5407827777777
 30
0.0
 10
136.1889791666667
 20
174.2399077777777
 30
0.0
 10
140.9218458333333
 20
181.4714994444444
 30
0.0
 10
142.8166152777778
 20
179.687855
 30
0.0
 10
143.2301884259259
 20
179.2988587037037
 30
0.0
 10
143.6437615740741
 20
178.9098624074074
 30
0.0
 10
144.0573347222222
 20
178.5208661111111
 30
0.0
 10
145.0502865740741
 20
179.5776707407407
 30
0.0
 10
146.0432384259259
 20
180.6344753703703
 30
0.0
 10
147.0361902777778
 20
181.69128
 30
0.0
 10
147.8683930555555
 20
180.9109355555555
 30
0.0
 10
147.8186513888889
 20
181.0456966666666
 30
0.0
 10
148.7415180555555
 20
180.1810383333333
 30
0.0
 10
149.6605041666667
 20
179.313205
 30
0.0
 10
149.5225680555556
 20
179.35448
 30
0.0
 10
150.3540652777778
 20
178.5748411111111
 30
0.0
 10
151.1799180555556
 20
177.7944966666666
 30
0.0
 10
151.1298236111111
 20
177.9303161111111
 30
0.0
 10
152.0558652777778
 20
177.0617772222222
 30
0.0
 10
152.9716763888889
 20
176.1974716666666
 30
0.0
 10
152.8404430555556
 20
176.2383938888889
 30
0.0
 10
153.6659430555555
 20
175.4584022222222
 30
0.0
 10
154.7719013888889
 20
174.4195892592592
 30
0.0
 10
155.8778597222222
 20
173.3807762962963
 30
0.0
 10
156.9838180555556
 20
172.3419633333333
 30
0.0
 10
157.6691476851852
 20
173.0703318518518
 30
0.0
 10
158.3544773148148
 20
173.7987003703703
 30
0.0
 10
159.0398069444444
 20
174.5270688888889
 30
0.0
 10
157.935024537037
 20
175.5668225925926
 30
0.0
 10
156.8302421296296
 20
176.6065762962963
 30
0.0
 10
155.7254597222222
 20
177.64633
 30
0.0
 10
154.8964319444444
 20
178.4231466666666
 30
0.0
 10
154.9461736111111
 20
178.2947355555555
 30
0.0
 10
154.0233069444444
 20
179.1597466666666
 30
0.0
 10
153.1011458333333
 20
180.024405
 30
0.0
 10
153.2390819444445
 20
179.98313
 30
0.0
 10
152.4135819444444
 20
180.7624161111111
 30
0.0
 10
151.5817319444444
 20
181.5427605555555
 30
0.0
 10
151.6282986111111
 20
181.4111744444444
 30
0.0
 10
150.7128402777778
 20
182.27548
 30
0.0
 10
149.7899736111111
 20
183.1401383333333
 30
0.0
 10
149.9279097222222
 20
183.0992161111111
 30
0.0
 10
149.0992347222222
 20
183.8823827777778
 30
0.0
 10
149.8760513888889
 20
184.710705
 30
0.0
 10
150.0478541666667
 20
184.98058
 30
0.0
 10
150.9156875
 20
185.9066216666666
 30
0.0
 10
151.7803458333333
 20
186.8227855555555
 30
0.0
 10
151.7397763888889
 20
186.6911994444444
 30
0.0
 10
152.5194152777778
 20
187.5163466666667
 30
0.0
 10
153.5581106481481
 20
188.6224225925926
 30
0.0
 10
154.5968060185185
 20
189.7284985185185
 30
0.0
 10
155.6355013888889
 20
190.8345744444444
 30
0.0
 10
154.9071328703704
 20
191.5197864814815
 30
0.0
 10
154.1787643518519
 20
192.2049985185185
 30
0.0
 10
153.4503958333333
 20
192.8902105555555
 30
0.0
 10
152.6679347222222
 20
192.0615355555555
 30
0.0
 10
152.7991680555556
 20
192.108455
 30
0.0
 10
151.9345097222222
 20
191.1926438888889
 30
0.0
 10
151.0702041666667
 20
190.2697772222222
 30
0.0
 10
150.3533597222222
 20
189.5585772222222
 30
0.0
 10
150.2341208333333
 20
189.6672327777778
 30
0.0
 10
148.8477041666667
 20
191.1834716666667
 30
0.0
 10
149.1080541666666
 20
193.9450161111111
 30
0.0
 10
150.6084180555555
 20
195.5653244444444
 30
0.0
 10
152.9162902777778
 20
198.0626383333333
 30
0.0
 10
156.6377430555555
 20
201.3618161111111
 30
0.0
 10
161.6934013888889
 20
200.0607716666667
 30
0.0
 10
165.4681236111111
 20
199.0878105555555
 30
0.0
 10
175.7360736111111
 20
198.6602438888889
 30
0.0
 10
177.3041708333333
 20
198.5970966666667
 30
0.0
 10
179.5337263888889
 20
198.5071383333333
 30
0.0
 10
181.7826847222222
 20
196.66458
 30
0.0
 10
181.6221708333333
 20
192.7663855555555
 30
0.0
 10
180.4879902777778
 20
192.8122466666667
 30
0.0
 10
180.6118152777778
 20
192.7459244444444
 30
0.0
 10
179.3481652777778
 20
192.7963716666666
 30
0.0
 10
178.0873375
 20
192.8439966666667
 30
0.0
 10
178.2136319444444
 20
192.9039688888889
 30
0.0
 10
177.0794513888889
 20
192.9494772222222
 30
0.0
 10
175.5640356481481
 20
193.0116837037037
 30
0.0
 10
174.0486199074074
 20
193.0738901851852
 30
0.0
 10
172.5332041666667
 20
193.1360966666666
 30
0.0
 10
172.4921643518519
 20
192.1369124074074
 30
0.0
 10
172.451124537037
 20
191.1377281481481
 30
0.0
 10
172.4100847222222
 20
190.1385438888889
 30
0.0
 10
173.9265587962963
 20
190.0773957407407
 30
0.0
 10
175.4430328703703
 20
190.0162475925926
 30
0.0
 10
176.9595069444444
 20
189.9550994444444
 30
0.0
 10
178.0933347222222
 20
189.9095911111111
 30
0.0
 10
177.9726847222222
 20
189.9794411111111
 30
0.0
 10
179.2299847222222
 20
189.9286411111111
 30
0.0
 10
180.4999847222222
 20
189.8774883333333
 30
0.0
 10
180.3683986111111
 20
189.8178688888889
 30
0.0
 10
181.5022263888889
 20
189.7723605555555
 30
0.0
 10
181.4595402777778
 20
188.641355
 30
0.0
 10
188.3718680555555
 20
183.0664077777778
 30
0.0
 10
188.6336291666667
 20
171.3718244444444
 30
0.0
 10
188.7168847222222
 20
167.4739827777778
 30
0.0
 10
187.1946486111111
 20
166.0759244444444
 30
0.0
 10
183.2999819444444
 20
165.9891411111111
 30
0.0
 10
183.2738763888889
 20
167.1264966666666
 30
0.0
 10
183.2139041666667
 20
166.9959688888889
 30
0.0
 10
183.1867402777778
 20
168.2624411111111
 30
0.0
 10
183.1532263888889
 20
169.5232688888889
 30
0.0
 10
183.2230763888889
 20
169.4001494444444
 30
0.0
 10
183.1973236111111
 20
170.5371522222222
 30
0.0
 10
183.1632217592592
 20
172.0531559259259
 30
0.0
 10
183.1291199074074
 20
173.5691596296296
 30
0.0
 10
183.0950180555555
 20
175.0851633333333
 30
0.0
 10
182.0953634259259
 20
175.0629383333333
 30
0.0
 10
181.0957087962962
 20
175.0407133333333
 30
0.0
 10
180.0960541666666
 20
175.0184883333333
 30
0.0
 10
180.1300384259259
 20
173.5026022222222
 30
0.0
 10
180.1640226851852
 20
171.9867161111111
 30
0.0
 10
180.1980069444444
 20
170.47083
 30
0.0
 10
180.2230541666667
 20
169.33418
 30
0.0
 10
180.2809097222222
 20
169.46118
 30
0.0
 10
180.3108958333333
 20
168.1971772222222
 30
0.0
 10
180.3377069444444
 20
166.930705
 30
0.0
 10
180.2713847222222
 20
167.0566466666666
 30
0.0
 10
180.2967847222222
 20
165.9199966666666
 30
0.0
 10
180.1052263888889
 20
165.9175272222222
 30
0.0
 10
175.9540902777778
 20
165.8268633333333
 30
0.0
 10
176.0433430555555
 20
161.9286688888889
 30
0.0
 10
176.1343597222222
 20
157.7380216666666
 30
0.0
 10
176.2800569444444
 20
150.9720966666667
 30
0.0
 10
176.4059986111111
 20
145.3167161111111
 30
0.0
 10
176.4977208333333
 20
141.1518216666666
 30
0.0
 10
174.6689208333333
 20
138.04138
 30
0.0
 10
176.8766041666667
 20
135.6484883333333
 30
0.0
 10
178.9107208333333
 20
133.4432744444444
 30
0.0
 10
180.8767513888889
 20
137.4659994444444
 30
0.0
 10
181.0086902777778
 20
131.1209383333333
 30
0.0
 10
182.3908736111111
 20
131.1498661111111
 30
0.0
 10
180.7670375
 20
121.763155
 30
0.0
 10
178.7138708333333
 20
121.1083994444444
 30
0.0
 10
168.2931680555556
 20
117.7845272222222
 30
0.0
 10
165.4053291666667
 20
117.46103
 30
0.0
 10
163.8996736111111
 20
122.1801383333333
 30
0.0
 10
164.5551347222222
 20
122.3893355555555
 30
0.0
 10
165.6356930555555
 20
122.7583411111111
 30
0.0
 10
166.1285236111111
 20
122.9343772222222
 30
0.0
 10
166.3133791666667
 20
122.9745938888889
 30
0.0
 10
166.8316097222222
 20
123.1153522222222
 30
0.0
 10
168.2339013888889
 20
123.5626744444444
 30
0.0
 10
169.6786439814815
 20
124.0235198148148
 30
0.0
 10
171.1233865740741
 20
124.4843651851852
 30
0.0
 10
172.5681291666667
 20
124.9452105555555
 30
0.0
 10
172.2642699074074
 20
125.8979457407407
 30
0.0
 10
171.9604106481481
 20
126.8506809259259
 30
0.0
 10
171.6565513888889
 20
127.8034161111111
 30
0.0
 10
170.2118087962963
 20
127.3425707407407
 30
0.0
 10
168.7670662037037
 20
126.8817253703703
 30
0.0
 10
167.3223236111111
 20
126.42088
 30
0.0
 10
166.2385902777778
 20
126.0751577777778
 30
0.0
 10
166.3761736111111
 20
126.0518744444444
 30
0.0
 10
165.1746125
 20
125.668405
 30
0.0
 10
163.9688180555555
 20
125.2838772222222
 30
0.0
 10
164.0714763888889
 20
125.3837133333333
 30
0.0
 10
162.9880958333333
 20
125.0383438888889
 30
0.0
  0
ENDSEC
  0
SECTION
  2
OBJECTS
  0
DICTIONARY
  5
C
330
0
100
AcDbDictionary
  3
ACAD_GROUP
350
D
  3
ACAD_LAYOUT
350
1A
  3
ACAD_MATERIAL
350
43
  3
ACAD_MLEADERSTYLE
350
2FA
  3
ACAD_MLINESTYLE
350
17
  3
ACAD_PLOTSETTINGS
350
19
  3
ACAD_SCALELIST
350
47
  3
ACAD_VISUALSTYLE
350
2A
  3
ACDBHEADERROUNDTRIPXREC
350
2D8
  3
ACDBVARIABLEDICTIONARY
350
2F8
  0
DICTIONARY
  5
D
102
{ACAD_REACTORS
330
C
102
}
330
C
100
AcDbDictionary
  0
DICTIONARY
  5
1A
102
{ACAD_REACTORS
330
C
102
}
330
C
100
AcDbDictionary
  0
DICTIONARY
  5
43
102
{ACAD_REACTORS
330
C
102
}
330
C
100
AcDbDictionary
  3
BYBLOCK
350
45
  3
BYLAYER
350
44
  3
GLOBAL
350
46
  0
DICTIONARY
  5
2FA
102
{ACAD_REACTORS
330
C
102
}
330
C
100
AcDbDictionary
  0
DICTIONARY
  5
17
102
{ACAD_REACTORS
330
C
102
}
330
C
100
AcDbDictionary
  3
STANDARD
350
18
  0
DICTIONARY
  5
19
102
{ACAD_REACTORS
330
C
102
}
330
C
100
AcDbDictionary
  0
DICTIONARY
  5
47
102
{ACAD_REACTORS
330
C
102
}
330
C
100
AcDbDictionary
  3
A0
350
48
  3
A1
350
49
  3
A2
350
4A
  3
A3
350
4B
  3
A4
350
4C
  3
A5
350
4D
  3
A6
350
4E
  3
A7
350
4F
  3
A8
350
50
  3
A9
350
51
  3
B0
350
52
  3
B1
350
53
  3
B2
350
54
  3
B3
350
55
  3
B4
350
56
  3
B5
350
57
  3
B6
350
58
  3
B7
350
59
  3
B8
350
5A
  3
B9
350
5B
  3
C0
350
5C
  3
C1
350
5D
  3
C2
350
5E
  3
C3
350
5F
  3
C4
350
60
  3
C5
350
61
  3
C6
350
62
  3
C7
350
63
  3
C8
350
64
  3
C9
350
65
  3
D0
350
66
  3
D1
350
67
  3
D2
350
68
  0
DICTIONARY
  5
2A
102
{ACAD_REACTORS
330
C
102
}
330
C
100
AcDbDictionary
  3
2DWIREFRAME
350
2F
  3
BASIC
350
32
  3
BRIGHTEN
350
36
  3
COLORCHANGE
350
3A
  3
CONCEPTUAL
350
34
  3
DIM
350
35
  3
EDGECOLOROFF
350
3D
  3
FACEPATTERN
350
39
  3
FLAT
350
2B
  3
FLATWITHEDGES
350
2C
  3
GOURAUD
350
2D
  3
GOURAUDWITHEDGES
350
2E
  3
HIDDEN
350
31
  3
JITTEROFF
350
3B
  3
LINEPATTERN
350
38
  3
OVERHANGOFF
350
3C
  3
REALISTIC
350
33
  3
SHADED
350
42
  3
SHADED_WITH_EDGES
350
41
  3
SHADES_OF_GRAY
350
3E
  3
SKETCHY
350
3F
  3
THICKEN
350
37
  3
WIREFRAME
350
30
  3
X-RAY
350
40
  0
DICTIONARY
  5
2D8
102
{ACAD_REACTORS
330
C
102
}
330
C
100
AcDbDictionary
  3
CEPSNTYPE
350
2E1
  3
DIMSTYLEDATA
350
2F7
  3
FINGERPRINTGUID
350
2E2
  3
HYPERLINKBASE
350
2DB
  3
INSUNITS
350
2E0
  3
LAYOUTDICT
350
2DD
  3
LWETCUNION
350
2DF
  3
PLOTSETDICT
350
2DE
  3
PSVPSCALE
350
2E4
  3
PUCSBASE
350
2E7
  3
PUCSORGBACK
350
2ED
  3
PUCSORGBOTTOM
350
2E9
  3
PUCSORGFRONT
350
2EC
  3
PUCSORGLEFT
350
2EA
  3
PUCSORGRIGHT
350
2EB
  3
PUCSORGTOP
350
2E8
  3
PUCSORTHOREF
350
2E5
  3
PUCSORTHOVIEW
350
2E6
  3
STYLESHEET
350
2DC
  3
TSTACKALIGN
350
2D9
  3
TSTACKSIZE
350
2DA
  3
UCSBASE
350
2F0
  3
UCSORGBACK
350
2F6
  3
UCSORGBOTTOM
350
2F2
  3
UCSORGFRONT
350
2F5
  3
UCSORGLEFT
350
2F3
  3
UCSORGRIGHT
350
2F4
  3
UCSORGTOP
350
2F1
  3
UCSORTHOREF
350
2EE
  3
UCSORTHOVIEW
350
2EF
  3
VERSIONGUID
350
2E3
  0
DICTIONARY
  5
2F8
102
{ACAD_REACTORS
330
C
102
}
330
C
100
AcDbDictionary
  3
CANNOSCALE
350
2FF
  3
DIMASSOC
350
2FD
  3
HIDETEXT
350
2FE
  3
MSLTSCALE
350
300
  0
MATERIAL
  5
45
102
{ACAD_REACTORS
330
43
102
}
102
{ACAD_XDICTIONARY
360
303
102
}
330
43
100
AcDbMaterial
  1
BYBLOCK
  0
MATERIAL
  5
44
102
{ACAD_REACTORS
330
43
102
}
102
{ACAD_XDICTIONARY
360
301
102
}
330
43
100
AcDbMaterial
  1
BYLAYER
  0
MATERIAL
  5
46
102
{ACAD_REACTORS
330
43
102
}
102
{ACAD_XDICTIONARY
360
305
102
}
330
43
100
AcDbMaterial
  1
GLOBAL
  0
MLINESTYLE
  5
18
102
{ACAD_REACTORS
330
17
102
}
330
17
100
AcDbMlineStyle
  2
Standard
 70
     0
  3

 62
   256
 51
90.0
 52
90.0
 71
     2
 49
0.5
 62
   256
  6
BYLAYER
 49
-0.5
 62
   256
  6
BYLAYER
  0
ACAD_PROXY_OBJECT
  5
48
102
{ACAD_REACTORS
330
47
102
}
330
47
100
AcDbProxyObject
 90
      499
 91
      503
 93
       41
310
903313A31580
  0
ACAD_PROXY_OBJECT
  5
49
102
{ACAD_REACTORS
330
47
102
}
330
47
100
AcDbProxyObject
 90
      499
 91
      503
 93
      105
310
903313A324000000000000004000
  0
ACAD_PROXY_OBJECT
  5
4A
102
{ACAD_REACTORS
330
47
102
}
330
47
100
AcDbProxyObject
 90
      499
 91
      503
 93
      105
310
903313A344000000000000104000
  0
ACAD_PROXY_OBJECT
  5
4B
102
{ACAD_REACTORS
330
47
102
}
330
47
100
AcDbProxyObject
 90
      499
 91
      503
 93
      105
310
903313A354000000000000144000
  0
ACAD_PROXY_OBJECT
  5
4C
102
{ACAD_REACTORS
330
47
102
}
330
47
100
AcDbProxyObject
 90
      499
 91
      503
 93
      105
310
903313A384000000000000204000
  0
ACAD_PROXY_OBJECT
  5
4D
102
{ACAD_REACTORS
330
47
102
}
330
47
100
AcDbProxyObject
 90
      499
 91
      503
 93
      113
310
904313A31304000000000000244000
  0
ACAD_PROXY_OBJECT
  5
4E
102
{ACAD_REACTORS
330
47
102
}
330
47
100
AcDbProxyObject
 90
      499
 91
      503
 93
      113
310
904313A31364000000000000304000
  0
ACAD_PROXY_OBJECT
  5
4F
102
{ACAD_REACTORS
330
47
102
}
330
47
100
AcDbProxyObject
 90
      499
 91
      503
 93
      113
310
904313A32304000000000000344000
  0
ACAD_PROXY_OBJECT
  5
50
102
{ACAD_REACTORS
330
47
102
}
330
47
100
AcDbProxyObject
 90
      499
 91
      503
 93
      113
310
904313A333040000000000003E4000
  0
ACAD_PROXY_OBJECT
  5
51
102
{ACAD_REACTORS
330
47
102
}
330
47
100
AcDbProxyObject
 90
      499
 91
      503
 93
      113
310
904313A34304000000000000444000
  0
ACAD_PROXY_OBJECT
  5
52
102
{ACAD_REACTORS
330
47
102
}
330
47
100
AcDbProxyObject
 90
      499
 91
      503
 93
      113
310
904313A35304000000000000494000
  0
ACAD_PROXY_OBJECT
  5
53
102
{ACAD_REACTORS
330
47
102
}
330
47
100
AcDbProxyObject
 90
      499
 91
      503
 93
      121
310
905313A3130304000000000000594000
  0
ACAD_PROXY_OBJECT
  5
54
102
{ACAD_REACTORS
330
47
102
}
330
47
100
AcDbProxyObject
 90
      499
 91
      503
 93
      105
310
903323A310000000000000010100
  0
ACAD_PROXY_OBJECT
  5
55
102
{ACAD_REACTORS
330
47
102
}
330
47
100
AcDbProxyObject
 90
      499
 91
      503
 93
      105
310
903343A310000000000000410100
  0
ACAD_PROXY_OBJECT
  5
56
102
{ACAD_REACTORS
330
47
102
}
330
47
100
AcDbProxyObject
 90
      499
 91
      503
 93
      105
310
903383A310000000000000810100
  0
ACAD_PROXY_OBJECT
  5
57
102
{ACAD_REACTORS
330
47
102
}
330
47
100
AcDbProxyObject
 90
      499
 91
      503
 93
      113
310
90431303A310000000000000910100
  0
ACAD_PROXY_OBJECT
  5
58
102
{ACAD_REACTORS
330
47
102
}
330
47
100
AcDbProxyObject
 90
      499
 91
      503
 93
      121
310
9053130303A310000000000001650100
  0
ACAD_PROXY_OBJECT
  5
59
102
{ACAD_REACTORS
330
47
102
}
330
47
100
AcDbProxyObject
 90
      499
 91
      503
 93
      257
310
90E312F31323822203D2031272D3022000000000000200FC000000000000284000
  0
ACAD_PROXY_OBJECT
  5
5A
102
{ACAD_REACTORS
330
47
102
}
330
47
100
AcDbProxyObject
 90
      499
 91
      503
 93
      249
310
90D312F363422203D2031272D3022000000000000240FC000000000000284000
  0
ACAD_PROXY_OBJECT
  5
5B
102
{ACAD_REACTORS
330
47
102
}
330
47
100
AcDbProxyObject
 90
      499
 91
      503
 93
      249
310
90D312F333222203D2031272D3022000000000000280FC000000000000284000
  0
ACAD_PROXY_OBJECT
  5
5C
102
{ACAD_REACTORS
330
47
102
}
330
47
100
AcDbProxyObject
 90
      499
 91
      503
 93
      249
310
90D312F313622203D2031272D30220000000000002C0FC000000000000284000
  0
ACAD_PROXY_OBJECT
  5
5D
102
{ACAD_REACTORS
330
47
102
}
330
47
100
AcDbProxyObject
 90
      499
 91
      503
 93
      249
310
90D332F333222203D2031272D30220000000000002E0FC000000000000284000
  0
ACAD_PROXY_OBJECT
  5
5E
102
{ACAD_REACTORS
330
47
102
}
330
47
100
AcDbProxyObject
 90
      499
 91
      503
 93
      241
310
90C312F3822203D2031272D3022000000000000300FC000000000000284000
  0
ACAD_PROXY_OBJECT
  5
5F
102
{ACAD_REACTORS
330
47
102
}
330
47
100
AcDbProxyObject
 90
      499
 91
      503
 93
      249
310
90D332F313622203D2031272D3022000000000000320FC000000000000284000
  0
ACAD_PROXY_OBJECT
  5
60
102
{ACAD_REACTORS
330
47
102
}
330
47
100
AcDbProxyObject
 90
      499
 91
      503
 93
      241
310
90C312F3422203D2031272D3022000000000000340FC000000000000284000
  0
ACAD_PROXY_OBJECT
  5
61
102
{ACAD_REACTORS
330
47
102
}
330
47
100
AcDbProxyObject
 90
      499
 91
      503
 93
      241
310
90C332F3822203D2031272D3022000000000000360FC000000000000284000
  0
ACAD_PROXY_OBJECT
  5
62
102
{ACAD_REACTORS
330
47
102
}
330
47
100
AcDbProxyObject
 90
      499
 91
      503
 93
      241
310
90C312F3222203D2031272D3022000000000000380FC000000000000284000
  0
ACAD_PROXY_OBJECT
  5
63
102
{ACAD_REACTORS
330
47
102
}
330
47
100
AcDbProxyObject
 90
      499
 91
      503
 93
      241
310
90C332F3422203D2031272D30220000000000003A0FC000000000000284000
  0
ACAD_PROXY_OBJECT
  5
64
102
{ACAD_REACTORS
330
47
102
}
330
47
100
AcDbProxyObject
 90
      499
 91
      503
 93
      161
310
90A3122203D2031272D30224000000000000284000
  0
ACAD_PROXY_OBJECT
  5
65
102
{ACAD_REACTORS
330
47
102
}
330
47
100
AcDbProxyObject
 90
      499
 91
      503
 93
      257
310
90E312D312F3222203D2031272D30220000000000003E0FC000000000000284000
  0
ACAD_PROXY_OBJECT
  5
66
102
{ACAD_REACTORS
330
47
102
}
330
47
100
AcDbProxyObject
 90
      499
 91
      503
 93
      225
310
90A3322203D2031272D302200000000000002100000000000000284000
  0
ACAD_PROXY_OBJECT
  5
67
102
{ACAD_REACTORS
330
47
102
}
330
47
100
AcDbProxyObject
 90
      499
 91
      503
 93
      225
310
90A3622203D2031272D302200000000000006100000000000000284000
  0
ACAD_PROXY_OBJECT
  5
68
102
{ACAD_REACTORS
330
47
102
}
330
47
100
AcDbProxyObject
 90
      499
 91
      503
 93
      249
310
90D31272D3022203D2031272D30220000000000000A100000000000000284000
  0
ACAD_PROXY_OBJECT
  5
2F
102
{ACAD_REACTORS
330
2A
102
}
330
2A
100
AcDbProxyObject
 90
      499
 91
      501
 93
      436
310
42CC9915DA5C99599C985B595049028333333333333E33F0000000000000F90107901411070040501600405405064090741402480A0340
1001
ACAD
1000
AcDbSavedByObjectVersion
1070
     0
  0
ACAD_PROXY_OBJECT
  5
32
102
{ACAD_REACTORS
330
2A
102
}
330
2A
100
AcDbProxyObject
 90
      499
 91
      501
 93
      388
310
4150985CDA58D07406404333333333333E33F0000000000000F90107A41107004050150841D405064090741402480A0350
1001
ACAD
1000
AcDbSavedByObjectVersion
1070
     0
  0
ACAD_PROXY_OBJECT
  5
36
102
{ACAD_REACTORS
330
2A
102
}
330
2A
100
AcDbProxyObject
 90
      499
 91
      501
 93
      428
310
42109C9A59DA1D195B90C409028333333333333E33F0000000000000F9010790141107004050150841D405064090741402480A029950
1001
ACAD
1000
AcDbSavedByObjectVersion
1070
     0
  0
ACAD_PROXY_OBJECT
  5
3A
102
{ACAD_REACTORS
330
2A
102
}
330
2A
100
AcDbProxyObject
 90
      499
 91
      501
 93
      452
310
42D0DBDB1BDC90DA185B99D95104090240C333333333333E33F0000000000000F90108901411070040501508421405064090741402480A0350
1001
ACAD
1000
AcDbSavedByObjectVersion
1070
     0
  0
ACAD_PROXY_OBJECT
  5
34
102
{ACAD_REACTORS
330
2A
102
}
330
2A
100
AcDbProxyObject
 90
      499
 91
      501
 93
      500
310
4290DBDB98D95C1D1D585B10940D028333333333333E33F0000000000000F90107902409070040501000000000018199010841D405064090740C02480A0340
1001
ACAD
1000
AcDbSavedByObjectVersion
1070
     0
  0
ACAD_PROXY_OBJECT
  5
35
102
{ACAD_REACTORS
330
2A
102
}
330
2A
100
AcDbProxyObject
 90
      499
 91
      501
 93
      412
310
40D11A5B50B409028333333333333E33F0000000000000F9010790141107004050150841D405064090741402480A02677FFFFFD0
1001
ACAD
1000
AcDbSavedByObjectVersion
1070
     0
  0
ACAD_PROXY_OBJECT
  5
3D
102
{ACAD_REACTORS
330
2A
102
}
330
2A
100
AcDbProxyObject
 90
      499
 91
      501
 93
      452
310
43115919D950DBDB1BDC93D999916409028333333333333E33F0000000000000F9010790141107004050150841D405064090741402480A0350
1001
ACAD
1000
AcDbSavedByObjectVersion
1070
     0
  0
ACAD_PROXY_OBJECT
  5
39
102
{ACAD_REACTORS
330
2A
102
}
330
2A
100
AcDbProxyObject
 90
      499
 91
      501
 93
      444
310
42D19858D95C185D1D195C9B90F409028333333333333E33F0000000000000F9010790141107004050150841D405064090741402480A0350
1001
ACAD
1000
AcDbSavedByObjectVersion
1070
     0
  0
ACAD_PROXY_OBJECT
  5
2B
102
{ACAD_REACTORS
330
2A
102
}
330
2A
100
AcDbProxyObject
 90
      499
 91
      501
 93
      380
310
41119B185D240901404333333333333E33F0000000000000F9010740A907004050150841D405064090741402480A1B50
1001
ACAD
1000
AcDbSavedByObjectVersion
1070
     0
  0
ACAD_PROXY_OBJECT
  5
2C
102
{ACAD_REACTORS
330
2A
102
}
330
2A
100
AcDbProxyObject
 90
      499
 91
      501
 93
      468
310
43519B185D15DA5D1A115919D95CD0140901404333333333333E33F0000000000000F90107409019070040501600405405064090741402480A1B50
1001
ACAD
1000
AcDbSavedByObjectVersion
1070
     0
  0
ACAD_PROXY_OBJECT
  5
2D
102
{ACAD_REACTORS
330
2A
102
}
330
2A
100
AcDbProxyObject
 90
      499
 91
      501
 93
      404
310
41D1DBDD5C985D5910240902404333333333333E33F0000000000000F9010740A9070040501641D405064090741402480A1B50
1001
ACAD
1000
AcDbSavedByObjectVersion
1070
     0
  0
ACAD_PROXY_OBJECT
  5
2E
102
{ACAD_REACTORS
330
2A
102
}
330
2A
100
AcDbProxyObject
 90
      499
 91
      501
 93
      492
310
4411DBDD5C985D5915DA5D1A115919D95CD0340902404333333333333E33F0000000000000F90107409019070040501600405405064090741402480A1B50
1001
ACAD
1000
AcDbSavedByObjectVersion
1070
     0
  0
ACAD_PROXY_OBJECT
  5
31
102
{ACAD_REACTORS
330
2A
102
}
330
2A
100
AcDbProxyObject
 90
      499
 91
      501
 93
      476
310
41921A5919195B90640502408333333333333E33F0000000000000F901079024090700405020000000000001110200405405064090740C02480A0340
1001
ACAD
1000
AcDbSavedByObjectVersion
1070
     0
  0
ACAD_PROXY_OBJECT
  5
3B
102
{ACAD_REACTORS
330
2A
102
}
330
2A
100
AcDbProxyObject
 90
      499
 91
      501
 93
      428
310
42529A5D1D195C93D999914409028333333333333E33F0000000000000F9010790141107004050150A41D405064090741402480A0350
1001
ACAD
1000
AcDbSavedByObjectVersion
1070
     0
  0
ACAD_PROXY_OBJECT
  5
38
102
{ACAD_REACTORS
330
2A
102
}
330
2A
100
AcDbProxyObject
 90
      499
 91
      501
 93
      444
310
42D31A5B995C185D1D195C9B90E409028333333333333E33F0000000000000F9010790141107004050750841D405064090741402483A0350
1001
ACAD
1000
AcDbSavedByObjectVersion
1070
     0
  0
ACAD_PROXY_OBJECT
  5
3C
102
{ACAD_REACTORS
330
2A
102
}
330
2A
100
AcDbProxyObject
 90
      499
 91
      501
 93
      444
310
42D3DD995C9A185B99D3D999915409028333333333333E33F0000000000000F9010790141107004050150941D405064090741402480A0350
1001
ACAD
1000
AcDbSavedByObjectVersion
1070
     0
  0
ACAD_PROXY_OBJECT
  5
33
102
{ACAD_REACTORS
330
2A
102
}
330
2A
100
AcDbProxyObject
 90
      499
 91
      501
 93
      428
310
425499585B1A5CDD1A58D08409038333333333333E33F0000000000000F9010740A907004050150800405405064090740C02480A1B40
1001
ACAD
1000
AcDbSavedByObjectVersion
1070
     0
  0
ACAD_PROXY_OBJECT
  5
42
102
{ACAD_REACTORS
330
2A
102
}
330
2A
100
AcDbProxyObject
 90
      499
 91
      501
 93
      420
310
4194DA1859195911B40902404333333333333E33F0000000000000F9010740A41107004050150800405405064090840C02480A0B40
1001
ACAD
1000
AcDbSavedByObjectVersion
1070
     0
  0
ACAD_PROXY_OBJECT
  5
41
102
{ACAD_REACTORS
330
2A
102
}
330
2A
100
AcDbProxyObject
 90
      499
 91
      501
 93
      516
310
4454DA18591959081DDA5D1A08195919D95CD1A40902404333333333333E33F0000000000000F901074090142907004050250800405405064090740C02480A0B40
1001
ACAD
1000
AcDbSavedByObjectVersion
1070
     0
  0
ACAD_PROXY_OBJECT
  5
3E
102
{ACAD_REACTORS
330
2A
102
}
330
2A
100
AcDbProxyObject
 90
      499
 91
      501
 93
      532
310
4394DA1859195CC81BD98811DC985E5174090240C333333333333E33F0000000000000F901079024090741D01000000000000111010841D405064090740C02480A0340
1001
ACAD
1000
AcDbSavedByObjectVersion
1070
     0
  0
ACAD_PROXY_OBJECT
  5
3F
102
{ACAD_REACTORS
330
2A
102
}
330
2A
100
AcDbProxyObject
 90
      499
 91
      501
 93
      476
310
41D4DAD95D18DA1E51840502408333333333333E33F0000000000000F901079024090741D01000000000000111010B41D405064090741802480A0340
1001
ACAD
1000
AcDbSavedByObjectVersion
1070
     0
  0
ACAD_PROXY_OBJECT
  5
37
102
{ACAD_REACTORS
330
2A
102
}
330
2A
100
AcDbProxyObject
 90
      499
 91
      501
 93
      412
310
41D51A1A58DAD95B90D409028333333333333E33F0000000000000F9010790141107004050150C41D405064090741402480A0350
1001
ACAD
1000
AcDbSavedByObjectVersion
1070
     0
  0
ACAD_PROXY_OBJECT
  5
30
102
{ACAD_REACTORS
330
2A
102
}
330
2A
100
AcDbProxyObject
 90
      499
 91
      501
 93
      420
310
4255DA5C99599C985B595059028333333333333E33F0000000000000F90107901411070040501600405405064090740C02480A0340
1001
ACAD
1000
AcDbSavedByObjectVersion
1070
     0
  0
ACAD_PROXY_OBJECT
  5
40
102
{ACAD_REACTORS
330
2A
102
}
330
2A
100
AcDbProxyObject
 90
      499
 91
      501
 93
      404
310
41560B54985E51940902404000000000000E03F0000000000000F9010740501907004050150841D405064090740C02480A1B40
1001
ACAD
1000
AcDbSavedByObjectVersion
1070
     0
  0
XRECORD
  5
2E1
102
{ACAD_REACTORS
330
2D8
102
}
330
2D8
100
AcDbXrecord
 90
        0
  0
XRECORD
  5
2F7
102
{ACAD_REACTORS
330
2D8
102
}
330
2D8
100
AcDbXrecord
1000
DSTYLE
1002
{
1070
   279
 70
     2
1070
   340
340
11
1002
}
  0
XRECORD
  5
2E2
102
{ACAD_REACTORS
330
2D8
102
}
330
2D8
100
AcDbXrecord
  1
{6D358299-5A5A-46D2-9752-6F298A06AF06}
  0
XRECORD
  5
2DB
102
{ACAD_REACTORS
330
2D8
102
}
330
2D8
100
AcDbXrecord
  1

  0
XRECORD
  5
2E0
102
{ACAD_REACTORS
330
2D8
102
}
330
2D8
100
AcDbXrecord
 90
        4
  0
XRECORD
  5
2DD
102
{ACAD_REACTORS
330
2D8
102
}
330
2D8
100
AcDbXrecord
340
1A
  0
XRECORD
  5
2DF
102
{ACAD_REACTORS
330
2D8
102
}
330
2D8
100
AcDbXrecord
 90
    10781
  0
XRECORD
  5
2DE
102
{ACAD_REACTORS
330
2D8
102
}
330
2D8
100
AcDbXrecord
340
19
  0
XRECORD
  5
2E4
102
{ACAD_REACTORS
330
2D8
102
}
330
2D8
100
AcDbXrecord
 40
0.0
  0
XRECORD
  5
2E7
102
{ACAD_REACTORS
330
2D8
102
}
330
2D8
100
AcDbXrecord
340
0
  0
XRECORD
  5
2ED
102
{ACAD_REACTORS
330
2D8
102
}
330
2D8
100
AcDbXrecord
 10
0.0
 20
0.0
 30
0.0
  0
XRECORD
  5
2E9
102
{ACAD_REACTORS
330
2D8
102
}
330
2D8
100
AcDbXrecord
 10
0.0
 20
0.0
 30
0.0
  0
XRECORD
  5
2EC
102
{ACAD_REACTORS
330
2D8
102
}
330
2D8
100
AcDbXrecord
 10
0.0
 20
0.0
 30
0.0
  0
XRECORD
  5
2EA
102
{ACAD_REACTORS
330
2D8
102
}
330
2D8
100
AcDbXrecord
 10
0.0
 20
0.0
 30
0.0
  0
XRECORD
  5
2EB
102
{ACAD_REACTORS
330
2D8
102
}
330
2D8
100
AcDbXrecord
 10
0.0
 20
0.0
 30
0.0
  0
XRECORD
  5
2E8
102
{ACAD_REACTORS
330
2D8
102
}
330
2D8
100
AcDbXrecord
 10
0.0
 20
0.0
 30
0.0
  0
XRECORD
  5
2E5
102
{ACAD_REACTORS
330
2D8
102
}
330
2D8
100
AcDbXrecord
340
0
  0
XRECORD
  5
2E6
102
{ACAD_REACTORS
330
2D8
102
}
330
2D8
100
AcDbXrecord
 70
     0
  0
XRECORD
  5
2DC
102
{ACAD_REACTORS
330
2D8
102
}
330
2D8
100
AcDbXrecord
  1

  0
XRECORD
  5
2D9
102
{ACAD_REACTORS
330
2D8
102
}
330
2D8
100
AcDbXrecord
 90
        1
  0
XRECORD
  5
2DA
102
{ACAD_REACTORS
330
2D8
102
}
330
2D8
100
AcDbXrecord
 90
       70
  0
XRECORD
  5
2F0
102
{ACAD_REACTORS
330
2D8
102
}
330
2D8
100
AcDbXrecord
340
0
  0
XRECORD
  5
2F6
102
{ACAD_REACTORS
330
2D8
102
}
330
2D8
100
AcDbXrecord
 10
0.0
 20
0.0
 30
0.0
  0
XRECORD
  5
2F2
102
{ACAD_REACTORS
330
2D8
102
}
330
2D8
100
AcDbXrecord
 10
0.0
 20
0.0
 30
0.0
  0
XRECORD
  5
2F5
102
{ACAD_REACTORS
330
2D8
102
}
330
2D8
100
AcDbXrecord
 10
0.0
 20
0.0
 30
0.0
  0
XRECORD
  5
2F3
102
{ACAD_REACTORS
330
2D8
102
}
330
2D8
100
AcDbXrecord
 10
0.0
 20
0.0
 30
0.0
  0
XRECORD
  5
2F4
102
{ACAD_REACTORS
330
2D8
102
}
330
2D8
100
AcDbXrecord
 10
0.0
 20
0.0
 30
0.0
  0
XRECORD
  5
2F1
102
{ACAD_REACTORS
330
2D8
102
}
330
2D8
100
AcDbXrecord
 10
0.0
 20
0.0
 30
0.0
  0
XRECORD
  5
2EE
102
{ACAD_REACTORS
330
2D8
102
}
330
2D8
100
AcDbXrecord
340
0
  0
XRECORD
  5
2EF
102
{ACAD_REACTORS
330
2D8
102
}
330
2D8
100
AcDbXrecord
 70
     0
  0
XRECORD
  5
2E3
102
{ACAD_REACTORS
330
2D8
102
}
330
2D8
100
AcDbXrecord
  1
{FAEB1C32-E019-11D5-929B-00C0DF256EC4}
  0
DICTIONARYVAR
  5
2FF
102
{ACAD_REACTORS
330
2F8
102
}
330
2F8
100
DictionaryVariables
280
     0
  1
1:1
  0
DICTIONARYVAR
  5
2FD
102
{ACAD_REACTORS
330
2F8
102
}
330
2F8
100
DictionaryVariables
280
     0
  1
2
  0
DICTIONARYVAR
  5
2FE
102
{ACAD_REACTORS
330
2F8
102
}
330
2F8
100
DictionaryVariables
280
     0
  1
1
  0
DICTIONARYVAR
  5
300
102
{ACAD_REACTORS
330
2F8
102
}
330
2F8
100
DictionaryVariables
280
     0
  1
1
  0
DICTIONARY
  5
303
330
45
100
AcDbDictionary
280
     1
  3
ACAD_XREC_ROUNDTRIP
360
304
  0
DICTIONARY
  5
301
330
44
100
AcDbDictionary
280
     1
  3
ACAD_XREC_ROUNDTRIP
360
302
  0
DICTIONARY
  5
305
330
46
100
AcDbDictionary
280
     1
  3
ACAD_XREC_ROUNDTRIP
360
306
  0
XRECORD
  5
304
102
{ACAD_REACTORS
330
303
102
}
330
303
100
AcDbXrecord
102
MATERIAL
148
0.0
149
0.0
149
0.0
 93
        0
 94
      127
282
     0
 72
     1
 77
     1
171
     1
175
     1
179
     1
273
     0
  0
XRECORD
  5
302
102
{ACAD_REACTORS
330
301
102
}
330
301
100
AcDbXrecord
102
MATERIAL
148
0.0
149
0.0
149
0.0
 93
        0
 94
      127
282
     0
 72
     1
 77
     1
171
     1
175
     1
179
     1
273
     0
  0
XRECORD
  5
306
102
{ACAD_REACTORS
330
305
102
}
330
305
100
AcDbXrecord
102
MATERIAL
148
0.0
149
0.0
149
0.0
 93
        0
 94
      127
282
     0
 72
     1
 77
     1
171
     1
175
     1
179
     1
273
     0
  0
ENDSEC
  0
EOF
