  0
SECTION
  2
HEADER
  9
$ACADVER
  1
AC1014
  9
$ACADMAINTVER
 70
     9
  9
$DWGCODEPAGE
  3
ANSI_1252
  9
$INSBASE
 10
0.0
 20
0.0
 30
0.0
  9
$EXTMIN
 10
0.1000125
 20
0.1014588888888889
 30
0.0
  9
$EXTMAX
 10
200.1003886111111
 20
300.1000122222222
 30
0.0
  9
$LIMMIN
 10
0.0
 20
0.0
  9
$LIMMAX
 10
12.0
 20
9.0
  9
$ORTHOMODE
 70
     0
  9
$REGENMODE
 70
     1
  9
$FILLMODE
 70
     1
  9
$QTEXTMODE
 70
     0
  9
$MIRRTEXT
 70
     1
  9
$DRAGMODE
 70
     2
  9
$LTSCALE
 40
1.0
  9
$OSMODE
 70
    37
  9
$ATTMODE
 70
     1
  9
$TEXTSIZE
 40
0.2
  9
$TRACEWID
 40
0.05
  9
$TEXTSTYLE
  7
STANDARD
  9
$CLAYER
  8
DEFAULT
  9
$CELTYPE
  6
BYLAYER
  9
$CECOLOR
 62
   256
  9
$CELTSCALE
 40
1.0
  9
$DELOBJ
 70
     1
  9
$DISPSILH
 70
     0
  9
$DIMSCALE
 40
1.0
  9
$DIMASZ
 40
0.18
  9
$DIMEXO
 40
0.0625
  9
$DIMDLI
 40
0.38
  9
$DIMRND
 40
0.0
  9
$DIMDLE
 40
0.0
  9
$DIMEXE
 40
0.18
  9
$DIMTP
 40
0.0
  9
$DIMTM
 40
0.0
  9
$DIMTXT
 40
0.18
  9
$DIMCEN
 40
0.09
  9
$DIMTSZ
 40
0.0
  9
$DIMTOL
 70
     0
  9
$DIMLIM
 70
     0
  9
$DIMTIH
 70
     1
  9
$DIMTOH
 70
     1
  9
$DIMSE1
 70
     0
  9
$DIMSE2
 70
     0
  9
$DIMTAD
 70
     0
  9
$DIMZIN
 70
     0
  9
$DIMBLK
  1

  9
$DIMASO
 70
     1
  9
$DIMSHO
 70
     1
  9
$DIMPOST
  1

  9
$DIMAPOST
  1

  9
$DIMALT
 70
     0
  9
$DIMALTD
 70
     2
  9
$DIMALTF
 40
25.4
  9
$DIMLFAC
 40
1.0
  9
$DIMTOFL
 70
     0
  9
$DIMTVP
 40
0.0
  9
$DIMTIX
 70
     0
  9
$DIMSOXD
 70
     0
  9
$DIMSAH
 70
     0
  9
$DIMBLK1
  1

  9
$DIMBLK2
  1

  9
$DIMSTYLE
  2
STANDARD
  9
$DIMCLRD
 70
     0
  9
$DIMCLRE
 70
     0
  9
$DIMCLRT
 70
     0
  9
$DIMTFAC
 40
1.0
  9
$DIMGAP
 40
0.09
  9
$DIMJUST
 70
     0
  9
$DIMSD1
 70
     0
  9
$DIMSD2
 70
     0
  9
$DIMTOLJ
 70
     1
  9
$DIMTZIN
 70
     0
  9
$DIMALTZ
 70
     0
  9
$DIMALTTZ
 70
     0
  9
$DIMFIT
 70
     5
  9
$DIMUPT
 70
     0
  9
$DIMUNIT
 70
     2
  9
$DIMDEC
 70
     4
  9
$DIMTDEC
 70
     4
  9
$DIMALTU
 70
     2
  9
$DIMALTTD
 70
     2
  9
$DIMTXSTY
  7
STANDARD
  9
$DIMAUNIT
 70
     0
  9
$LUNITS
 70
     2
  9
$LUPREC
 70
     3
  9
$SKETCHINC
 40
0.1
  9
$FILLETRAD
 40
0.5
  9
$AUNITS
 70
     0
  9
$AUPREC
 70
     0
  9
$MENU
  1
.
  9
$ELEVATION
 40
0.0
  9
$PELEVATION
 40
0.0
  9
$THICKNESS
 40
0.0
  9
$LIMCHECK
 70
     0
  9
$CHAMFERA
 40
0.0
  9
$CHAMFERB
 40
0.0
  9
$CHAMFERC
 40
0.0
  9
$CHAMFERD
 40
0.0
  9
$SKPOLY
 70
     0
  9
$TDCREATE
 40
2459351.672417153
  9
$TDUPDATE
 40
2459351.672455232
  9
$TDINDWG
 40
0.0000000116
  9
$TDUSRTIMER
 40
0.0000000116
  9
$USRTIMER
 70
     1
  9
$ANGBASE
 50
0.0
  9
$ANGDIR
 70
     0
  9
$PDMODE
 70
     0
  9
$PDSIZE
 40
0.0
  9
$PLINEWID
 40
0.0
  9
$COORDS
 70
     1
  9
$SPLFRAME
 70
     0
  9
$SPLINETYPE
 70
     6
  9
$SPLINESEGS
 70
     8
  9
$ATTDIA
 70
     0
  9
$ATTREQ
 70
     1
  9
$HANDLING
 70
     1
  9
$HANDSEED
  5
2F4
  9
$SURFTAB1
 70
     6
  9
$SURFTAB2
 70
     6
  9
$SURFTYPE
 70
     6
  9
$SURFU
 70
     6
  9
$SURFV
 70
     6
  9
$UCSNAME
  2

  9
$UCSORG
 10
0.0
 20
0.0
 30
0.0
  9
$UCSXDIR
 10
1.0
 20
0.0
 30
0.0
  9
$UCSYDIR
 10
0.0
 20
1.0
 30
0.0
  9
$PUCSNAME
  2

  9
$PUCSORG
 10
0.0
 20
0.0
 30
0.0
  9
$PUCSXDIR
 10
1.0
 20
0.0
 30
0.0
  9
$PUCSYDIR
 10
0.0
 20
1.0
 30
0.0
  9
$USERI1
 70
     0
  9
$USERI2
 70
     0
  9
$USERI3
 70
     0
  9
$USERI4
 70
     0
  9
$USERI5
 70
     0
  9
$USERR1
 40
0.0
  9
$USERR2
 40
0.0
  9
$USERR3
 40
0.0
  9
$USERR4
 40
0.0
  9
$USERR5
 40
0.0
  9
$WORLDVIEW
 70
     1
  9
$SHADEDGE
 70
     3
  9
$SHADEDIF
 70
    70
  9
$TILEMODE
 70
     1
  9
$MAXACTVP
 70
    64
  9
$PINSBASE
 10
0.0
 20
0.0
 30
0.0
  9
$PLIMCHECK
 70
     0
  9
$PEXTMIN
 10
1.000000000000000E+20
 20
1.000000000000000E+20
 30
1.000000000000000E+20
  9
$PEXTMAX
 10
-1.000000000000000E+20
 20
-1.000000000000000E+20
 30
-1.000000000000000E+20
  9
$PLIMMIN
 10
0.0
 20
0.0
  9
$PLIMMAX
 10
12.0
 20
9.0
  9
$UNITMODE
 70
     0
  9
$VISRETAIN
 70
     1
  9
$PLINEGEN
 70
     0
  9
$PSLTSCALE
 70
     1
  9
$TREEDEPTH
 70
  3020
  9
$PICKSTYLE
 70
     1
  9
$CMLSTYLE
  2
STANDARD
  9
$CMLJUST
 70
     0
  9
$CMLSCALE
 40
1.0
  9
$PROXYGRAPHICS
 70
     1
  9
$MEASUREMENT
 70
     0
  0
ENDSEC
  0
SECTION
  2
CLASSES
  0
CLASS
  1
ACDBDICTIONARYWDFLT
  2
AcDbDictionaryWithDefault
  3
ObjectDBX Classes
 90
        0
280
     0
281
     0
  0
CLASS
  1
VISUALSTYLE
  2
AcDbVisualStyle
  3
ObjectDBX Classes
 90
     4095
280
     0
281
     0
  0
CLASS
  1
MATERIAL
  2
AcDbMaterial
  3
ObjectDBX Classes
 90
     1153
280
     0
281
     0
  0
CLASS
  1
SCALE
  2
AcDbScale
  3
ObjectDBX Classes
 90
     1153
280
     0
281
     0
  0
CLASS
  1
SUN
  2
AcDbSun
  3
SCENEOE
 90
     1153
280
     0
281
     0
  0
CLASS
  1
DICTIONARYVAR
  2
AcDbDictionaryVar
  3
ObjectDBX Classes
 90
        0
280
     0
281
     0
  0
CLASS
  1
XRECORD
  2
AcDbXrecord
  3
ObjectDBX Classes
 90
        0
280
     0
281
     0
  0
CLASS
  1
LWPOLYLINE
  2
AcDbPolyline
  3
ObjectDBX Classes
 90
        0
280
     0
281
     1
  0
CLASS
  1
HATCH
  2
AcDbHatch
  3
ObjectDBX Classes
 90
        0
280
     0
281
     1
  0
CLASS
  1
ACDBPLACEHOLDER
  2
AcDbPlaceHolder
  3
ObjectDBX Classes
 90
        0
280
     0
281
     0
  0
CLASS
  1
LAYOUT
  2
AcDbLayout
  3
ObjectDBX Classes
 90
        0
280
     0
281
     0
  0
ENDSEC
  0
SECTION
  2
TABLES
  0
TABLE
  2
VPORT
  5
8
330
0
100
AcDbSymbolTable
 70
     1
  0
VPORT
  5
29
330
8
100
AcDbSymbolTableRecord
100
AcDbViewportTableRecord
  2
*ACTIVE
 70
     0
 10
0.0
 20
0.0
 11
1.0
 21
1.0
 12
100.1002005555556
 22
150.1007355555555
 13
0.0
 23
0.0
 14
0.5
 24
0.5
 15
0.5
 25
0.5
 16
0.0
 26
0.0
 36
1.0
 17
0.0
 27
0.0
 37
0.0
 40
305.9985244
 41
0.6666711352067336
 42
50.0
 43
0.0
 44
0.0
 50
0.0
 51
0.0
 71
     0
 72
   100
 73
     1
 74
     3
 75
     0
 76
     0
 77
     0
 78
     0
  0
ENDTAB
  0
TABLE
  2
LTYPE
  5
5
330
0
100
AcDbSymbolTable
 70
     1
  0
LTYPE
  5
14
330
5
100
AcDbSymbolTableRecord
100
AcDbLinetypeTableRecord
  2
BYBLOCK
 70
     0
  3

 72
    65
 73
     0
 40
0.0
  0
LTYPE
  5
15
330
5
100
AcDbSymbolTableRecord
100
AcDbLinetypeTableRecord
  2
BYLAYER
 70
     0
  3

 72
    65
 73
     0
 40
0.0
  0
LTYPE
  5
16
330
5
100
AcDbSymbolTableRecord
100
AcDbLinetypeTableRecord
  2
CONTINUOUS
 70
     0
  3
Solid line
 72
    65
 73
     0
 40
0.0
  0
ENDTAB
  0
TABLE
  2
LAYER
  5
2
330
0
100
AcDbSymbolTable
 70
     2
  0
LAYER
  5
10
330
2
100
AcDbSymbolTableRecord
100
AcDbLayerTableRecord
  2
0
 70
     0
 62
     7
  6
CONTINUOUS
  0
LAYER
  5
6A
330
2
100
AcDbSymbolTableRecord
100
AcDbLayerTableRecord
  2
DEFAULT
 70
     0
 62
     7
  6
CONTINUOUS
  0
ENDTAB
  0
TABLE
  2
STYLE
  5
3
330
0
100
AcDbSymbolTable
 70
     1
  0
STYLE
  5
11
330
3
100
AcDbSymbolTableRecord
100
AcDbTextStyleTableRecord
  2
STANDARD
 70
     0
 40
0.0
 41
1.0
 50
0.0
 71
     0
 42
0.2
  3
txt
  4

  0
ENDTAB
  0
TABLE
  2
VIEW
  5
6
330
0
100
AcDbSymbolTable
 70
     0
  0
ENDTAB
  0
TABLE
  2
UCS
  5
7
330
0
100
AcDbSymbolTable
 70
     0
  0
ENDTAB
  0
TABLE
  2
APPID
  5
9
330
0
100
AcDbSymbolTable
 70
     1
  0
APPID
  5
12
330
9
100
AcDbSymbolTableRecord
100
AcDbRegAppTableRecord
  2
ACAD
 70
     0
  0
ENDTAB
  0
TABLE
  2
DIMSTYLE
  5
A
330
0
100
AcDbSymbolTable
 70
     1
  0
DIMSTYLE
105
27
330
A
100
AcDbSymbolTableRecord
100
AcDbDimStyleTableRecord
  2
STANDARD
 70
     0
  3

  4

  5

  6

  7

 40
1.0
 41
0.18
 42
0.0625
 43
0.38
 44
0.18
 45
0.0
 46
0.0
 47
0.0
 48
0.0
140
0.18
141
0.09
142
0.0
143
25.4
144
1.0
145
0.0
146
1.0
147
0.09
 71
     0
 72
     0
 73
     1
 74
     1
 75
     0
 76
     0
 77
     0
 78
     0
170
     0
171
     2
172
     0
173
     0
174
     0
175
     0
176
     0
177
     0
178
     0
270
     2
271
     4
272
     4
273
     2
274
     2
340
11
275
     0
280
     0
281
     0
282
     0
283
     1
284
     0
285
     0
286
     0
287
     3
288
     0
  0
ENDTAB
  0
TABLE
  2
BLOCK_RECORD
  5
1
330
0
100
AcDbSymbolTable
 70
     1
  0
BLOCK_RECORD
  5
1F
330
1
100
AcDbSymbolTableRecord
100
AcDbBlockTableRecord
  2
*MODEL_SPACE
  0
BLOCK_RECORD
  5
1B
330
1
100
AcDbSymbolTableRecord
100
AcDbBlockTableRecord
  2
*PAPER_SPACE
  0
ENDTAB
  0
ENDSEC
  0
SECTION
  2
BLOCKS
  0
BLOCK
  5
20
330
1F
100
AcDbEntity
  8
0
100
AcDbBlockBegin
  2
*MODEL_SPACE
 70
     0
 10
0.0
 20
0.0
 30
0.0
  3
*MODEL_SPACE
  1

  0
ENDBLK
  5
21
330
1F
100
AcDbEntity
  8
0
100
AcDbBlockEnd
  0
BLOCK
  5
1C
330
1B
100
AcDbEntity
 67
     1
  8
0
100
AcDbBlockBegin
  2
*PAPER_SPACE
 70
     0
 10
0.0
 20
0.0
 30
0.0
  3
*PAPER_SPACE
  1

  0
ENDBLK
  5
1D
330
1B
100
AcDbEntity
 67
     1
  8
0
100
AcDbBlockEnd
  0
ENDSEC
  0
SECTION
  2
ENTITIES
  0
SPLINE
  5
6B
330
1F
100
AcDbEntity
  8
DEFAULT
 62
     1
100
AcDbSpline
210
0.0
220
0.0
230
1.0
 70
     8
 71
     3
 72
     8
 73
     4
 74
     0
 42
0.000000001
 43
0.0000000001
 40
0.0
 40
0.0
 40
0.0
 40
0.0
 40
1.0
 40
1.0
 40
1.0
 40
1.0
 10
0.1034697222222222
 20
295.2775752777778
 30
0.0
 10
0.1951919444444444
 20
297.8987141666666
 30
0.0
 10
2.304803055555555
 20
300.0047974999999
 30
0.0
 10
4.925941944444444
 20
300.0965197222222
 30
0.0
  0
POLYLINE
  5
6C
330
1F
100
AcDbEntity
  8
DEFAULT
 62
     1
100
AcDb2dPolyline
 66
     1
 10
0.0
 20
0.0
 30
0.0
  0
VERTEX
  5
6D
330
6C
100
AcDbEntity
  8
DEFAULT
 62
     1
100
AcDbVertex
100
AcDb2dVertex
 10
194.9249975
 20
300.1000122222222
 30
0.0
  0
VERTEX
  5
6E
330
6C
100
AcDbEntity
  8
DEFAULT
 62
     1
100
AcDbVertex
100
AcDb2dVertex
 10
5.275191944444448
 20
300.1000122222222
 30
0.0
  0
SEQEND
  5
6F
330
6C
100
AcDbEntity
  8
DEFAULT
 62
     1
  0
SPLINE
  5
70
330
1F
100
AcDbEntity
  8
DEFAULT
 62
     1
100
AcDbSpline
210
0.0
220
0.0
230
1.0
 70
     8
 71
     3
 72
     8
 73
     4
 74
     0
 42
0.000000001
 43
0.0000000001
 40
0.0
 40
0.0
 40
0.0
 40
0.0
 40
1.0
 40
1.0
 40
1.0
 40
1.0
 10
195.2743180555555
 20
0.1048808333333333
 30
0.0
 10
197.8989847222222
 20
0.1930752777777778
 30
0.0
 10
200.0085958333333
 20
2.302333611111111
 30
0.0
 10
200.0967902777778
 20
4.927353055555555
 30
0.0
  0
POLYLINE
  5
71
330
1F
100
AcDbEntity
  8
DEFAULT
 62
     1
100
AcDb2dPolyline
 66
     1
 10
0.0
 20
0.0
 30
0.0
  0
VERTEX
  5
72
330
71
100
AcDbEntity
  8
DEFAULT
 62
     1
100
AcDbVertex
100
AcDb2dVertex
 10
200.1003886111111
 20
5.276673611111111
 30
0.0
  0
VERTEX
  5
73
330
71
100
AcDbEntity
  8
DEFAULT
 62
     1
100
AcDbVertex
100
AcDb2dVertex
 10
200.1003886111111
 20
294.9248680555555
 30
0.0
  0
SEQEND
  5
74
330
71
100
AcDbEntity
  8
DEFAULT
 62
     1
  0
POLYLINE
  5
75
330
1F
100
AcDbEntity
  8
DEFAULT
 62
     1
100
AcDb2dPolyline
 66
     1
 10
0.0
 20
0.0
 30
0.0
  0
VERTEX
  5
76
330
75
100
AcDbEntity
  8
DEFAULT
 62
     1
100
AcDbVertex
100
AcDb2dVertex
 10
0.1000125
 20
5.276673611111111
 30
0.0
  0
VERTEX
  5
77
330
75
100
AcDbEntity
  8
DEFAULT
 62
     1
100
AcDbVertex
100
AcDb2dVertex
 10
0.1000125
 20
294.9248680555555
 30
0.0
  0
SEQEND
  5
78
330
75
100
AcDbEntity
  8
DEFAULT
 62
     1
  0
POLYLINE
  5
79
330
1F
100
AcDbEntity
  8
DEFAULT
 62
     1
100
AcDb2dPolyline
 66
     1
 10
0.0
 20
0.0
 30
0.0
  0
VERTEX
  5
7A
330
79
100
AcDbEntity
  8
DEFAULT
 62
     1
100
AcDbVertex
100
AcDb2dVertex
 10
194.9249975
 20
0.1014588888888889
 30
0.0
  0
VERTEX
  5
7B
330
79
100
AcDbEntity
  8
DEFAULT
 62
     1
100
AcDbVertex
100
AcDb2dVertex
 10
5.275191944444448
 20
0.1014588888888889
 30
0.0
  0
SEQEND
  5
7C
330
79
100
AcDbEntity
  8
DEFAULT
 62
     1
  0
SPLINE
  5
7D
330
1F
100
AcDbEntity
  8
DEFAULT
 62
     1
100
AcDbSpline
210
0.0
220
0.0
230
1.0
 70
     8
 71
     3
 72
     8
 73
     4
 74
     0
 42
0.000000001
 43
0.0000000001
 40
0.0
 40
0.0
 40
0.0
 40
0.0
 40
1.0
 40
1.0
 40
1.0
 40
1.0
 10
0.1034697222222222
 20
4.927317777777778
 30
0.0
 10
0.1916641666666667
 20
2.302651111111111
 30
0.0
 10
2.301275277777778
 20
0.1965677777777777
 30
0.0
 10
4.925941944444444
 20
0.1048455555555556
 30
0.0
  0
SPLINE
  5
7E
330
1F
100
AcDbEntity
  8
DEFAULT
 62
     1
100
AcDbSpline
210
0.0
220
0.0
230
1.0
 70
     8
 71
     3
 72
     8
 73
     4
 74
     0
 42
0.000000001
 43
0.0000000001
 40
0.0
 40
0.0
 40
0.0
 40
0.0
 40
1.0
 40
1.0
 40
1.0
 40
1.0
 10
195.2743180555555
 20
300.096555
 30
0.0
 10
197.8989847222222
 20
300.0083605555556
 30
0.0
 10
200.0050680555555
 20
297.9022772222222
 30
0.0
 10
200.0967902777778
 20
295.2776105555556
 30
0.0
  0
SPLINE
  5
7F
330
1F
100
AcDbEntity
  8
DEFAULT
 62
     7
100
AcDbSpline
210
0.0
220
0.0
230
1.0
 70
     8
 71
     3
 72
    23
 73
    19
 74
     0
 42
0.000000001
 43
0.0000000001
 40
0.0
 40
0.0
 40
0.0
 40
0.0
 40
1.0
 40
1.0
 40
1.0
 40
2.0
 40
2.0
 40
2.0
 40
3.021000000000001
 40
3.021000000000001
 40
3.021000000000001
 40
4.021000000000001
 40
4.021000000000001
 40
4.021000000000001
 40
5.021000000000001
 40
5.021000000000001
 40
5.021000000000001
 40
6.021000000000001
 40
6.021000000000001
 40
6.021000000000001
 40
6.021000000000001
 10
28.59493194444444
 20
22.01604972222222
 30
0.0
 10
28.71029027777777
 20
22.11341638888889
 30
0.0
 10
28.93430416666666
 20
22.21148861111111
 30
0.0
 10
29.17172361111111
 20
22.21148861111111
 30
0.0
 10
29.60564027777777
 20
22.21148861111111
 30
0.0
 10
29.80249027777777
 20
21.91515527777777
 30
0.0
 10
29.80249027777777
 20
21.60718027777778
 30
0.0
 10
29.80249027777777
 20
21.34577194444444
 30
0.0
 10
29.66702361111111
 20
21.12387472222222
 30
0.0
 10
29.39538472222222
 20
21.00287194444444
 30
0.0
 10
29.66702361111111
 20
20.94043027777778
 30
0.0
 10
29.88715694444444
 20
20.70653861111111
 30
0.0
 10
29.88715694444444
 20
20.35199694444444
 30
0.0
 10
29.88715694444444
 20
19.94665527777778
 30
0.0
 10
29.61234305555555
 20
19.59211361111111
 30
0.0
 10
29.08352916666666
 20
19.59211361111111
 30
0.0
 10
28.83587916666666
 20
19.59211361111111
 30
0.0
 10
28.61856805555555
 20
19.68171916666666
 30
0.0
 10
28.51026527777778
 20
19.76321083333333
 30
0.0
  0
POLYLINE
  5
80
330
1F
100
AcDbEntity
  8
DEFAULT
 62
     7
100
AcDb2dPolyline
 66
     1
 10
0.0
 20
0.0
 30
0.0
  0
VERTEX
  5
81
330
80
100
AcDbEntity
  8
DEFAULT
 62
     7
100
AcDbVertex
100
AcDb2dVertex
 10
29.94314277777778
 20
18.768695
 30
0.0
  0
VERTEX
  5
82
330
80
100
AcDbEntity
  8
DEFAULT
 62
     7
100
AcDbVertex
100
AcDb2dVertex
 10
26.94312055555555
 20
18.768695
 30
0.0
  0
SEQEND
  5
83
330
80
100
AcDbEntity
  8
DEFAULT
 62
     7
  0
SPLINE
  5
84
330
1F
100
AcDbEntity
  8
DEFAULT
 62
     7
100
AcDbSpline
210
0.0
220
0.0
230
1.0
 70
     8
 71
     3
 72
    17
 73
    13
 74
     0
 42
0.000000001
 43
0.0000000001
 40
0.0
 40
0.0
 40
0.0
 40
0.0
 40
3.070999999999998
 40
3.070999999999998
 40
3.070999999999998
 40
4.070999999999998
 40
4.070999999999998
 40
4.070999999999998
 40
5.070999999999998
 40
5.070999999999998
 40
5.070999999999998
 40
6.070999999999998
 40
6.070999999999998
 40
6.070999999999998
 40
6.070999999999998
 10
27.95016
 20
19.59447722222222
 30
0.0
 10
27.95016
 20
19.95560407407407
 30
0.0
 10
27.95016
 20
20.31673092592592
 30
0.0
 10
27.95016
 20
20.67785777777777
 30
0.0
 10
27.95016
 20
20.982305
 30
0.0
 10
27.83303777777778
 20
21.23912722222222
 30
0.0
 10
27.49719333333333
 20
21.23912722222222
 30
0.0
 10
27.26682944444444
 20
21.23912722222222
 30
0.0
 10
27.08479611111111
 20
21.08355222222222
 30
0.0
 10
27.02023777777778
 20
20.89622722222222
 30
0.0
 10
27.00012944444445
 20
20.84966055555555
 30
0.0
 10
26.99589611111111
 20
20.79886055555555
 30
0.0
 10
26.99589611111111
 20
20.73289111111111
 30
0.0
  0
POLYLINE
  5
85
330
1F
100
AcDbEntity
  8
DEFAULT
 62
     7
100
AcDb2dPolyline
 66
     1
 10
0.0
 20
0.0
 30
0.0
  0
VERTEX
  5
86
330
85
100
AcDbEntity
  8
DEFAULT
 62
     7
100
AcDbVertex
100
AcDb2dVertex
 10
26.99586083333333
 20
19.59447722222222
 30
0.0
  0
VERTEX
  5
87
330
85
100
AcDbEntity
  8
DEFAULT
 62
     7
100
AcDbVertex
100
AcDb2dVertex
 10
26.99586083333333
 20
22.36201888888889
 30
0.0
  0
SEQEND
  5
88
330
85
100
AcDbEntity
  8
DEFAULT
 62
     7
  0
SPLINE
  5
89
330
1F
100
AcDbEntity
  8
DEFAULT
 62
     7
100
AcDbSpline
210
0.0
220
0.0
230
1.0
 70
     8
 71
     3
 72
    23
 73
    19
 74
     0
 42
0.000000001
 43
0.0000000001
 40
0.0
 40
0.0
 40
0.0
 40
0.0
 40
1.0
 40
1.0
 40
1.0
 40
2.0
 40
2.0
 40
2.0
 40
3.021000000000001
 40
3.021000000000001
 40
3.021000000000001
 40
4.021000000000001
 40
4.021000000000001
 40
4.021000000000001
 40
5.021000000000001
 40
5.021000000000001
 40
5.021000000000001
 40
6.021000000000001
 40
6.021000000000001
 40
6.021000000000001
 40
6.021000000000001
 10
45.49104722222221
 20
22.01604972222222
 30
0.0
 10
45.60640555555555
 20
22.11341638888889
 30
0.0
 10
45.83006666666667
 20
22.21148861111111
 30
0.0
 10
46.0674861111111
 20
22.21148861111111
 30
0.0
 10
46.50175555555555
 20
22.21148861111111
 30
0.0
 10
46.69860555555555
 20
21.91515527777777
 30
0.0
 10
46.69860555555555
 20
21.60718027777778
 30
0.0
 10
46.69860555555555
 20
21.34577194444444
 30
0.0
 10
46.56313888888888
 20
21.12387472222222
 30
0.0
 10
46.29149999999999
 20
21.00287194444444
 30
0.0
 10
46.56313888888888
 20
20.94043027777778
 30
0.0
 10
46.78327222222222
 20
20.70653861111111
 30
0.0
 10
46.78327222222222
 20
20.35199694444444
 30
0.0
 10
46.78327222222222
 20
19.94665527777778
 30
0.0
 10
46.50845833333332
 20
19.59211361111111
 30
0.0
 10
45.97964444444443
 20
19.59211361111111
 30
0.0
 10
45.73199444444444
 20
19.59211361111111
 30
0.0
 10
45.51468333333333
 20
19.68171916666666
 30
0.0
 10
45.40638055555554
 20
19.76321083333333
 30
0.0
  0
POLYLINE
  5
8A
330
1F
100
AcDbEntity
  8
DEFAULT
 62
     7
100
AcDb2dPolyline
 66
     1
 10
0.0
 20
0.0
 30
0.0
  0
VERTEX
  5
8B
330
8A
100
AcDbEntity
  8
DEFAULT
 62
     7
100
AcDbVertex
100
AcDb2dVertex
 10
46.83911694444444
 20
18.768695
 30
0.0
  0
VERTEX
  5
8C
330
8A
100
AcDbEntity
  8
DEFAULT
 62
     7
100
AcDbVertex
100
AcDb2dVertex
 10
43.83909472222221
 20
18.768695
 30
0.0
  0
SEQEND
  5
8D
330
8A
100
AcDbEntity
  8
DEFAULT
 62
     7
  0
SPLINE
  5
8E
330
1F
100
AcDbEntity
  8
DEFAULT
 62
     7
100
AcDbSpline
210
0.0
220
0.0
230
1.0
 70
     8
 71
     3
 72
    17
 73
    13
 74
     0
 42
0.000000001
 43
0.0000000001
 40
0.0
 40
0.0
 40
0.0
 40
0.0
 40
3.070999999999998
 40
3.070999999999998
 40
3.070999999999998
 40
4.070999999999998
 40
4.070999999999998
 40
4.070999999999998
 40
5.070999999999998
 40
5.070999999999998
 40
5.070999999999998
 40
6.070999999999998
 40
6.070999999999998
 40
6.070999999999998
 40
6.070999999999998
 10
44.84613416666667
 20
19.59447722222222
 30
0.0
 10
44.84613416666667
 20
19.95560407407407
 30
0.0
 10
44.84613416666667
 20
20.31673092592592
 30
0.0
 10
44.84613416666667
 20
20.67785777777777
 30
0.0
 10
44.84613416666667
 20
20.982305
 30
0.0
 10
44.72901194444444
 20
21.23912722222222
 30
0.0
 10
44.39352027777777
 20
21.23912722222222
 30
0.0
 10
44.16315638888889
 20
21.23912722222222
 30
0.0
 10
43.98077027777777
 20
21.08355222222222
 30
0.0
 10
43.91621194444444
 20
20.89622722222222
 30
0.0
 10
43.89610361111111
 20
20.84966055555555
 30
0.0
 10
43.89187027777778
 20
20.79886055555555
 30
0.0
 10
43.89187027777778
 20
20.73289111111111
 30
0.0
  0
POLYLINE
  5
8F
330
1F
100
AcDbEntity
  8
DEFAULT
 62
     7
100
AcDb2dPolyline
 66
     1
 10
0.0
 20
0.0
 30
0.0
  0
VERTEX
  5
90
330
8F
100
AcDbEntity
  8
DEFAULT
 62
     7
100
AcDbVertex
100
AcDb2dVertex
 10
43.89201138888888
 20
19.59447722222222
 30
0.0
  0
VERTEX
  5
91
330
8F
100
AcDbEntity
  8
DEFAULT
 62
     7
100
AcDbVertex
100
AcDb2dVertex
 10
43.89201138888888
 20
22.36201888888889
 30
0.0
  0
SEQEND
  5
92
330
8F
100
AcDbEntity
  8
DEFAULT
 62
     7
  0
POLYLINE
  5
93
330
1F
100
AcDbEntity
  8
DEFAULT
 62
     7
100
AcDb2dPolyline
 66
     1
 10
0.0
 20
0.0
 30
0.0
  0
VERTEX
  5
94
330
93
100
AcDbEntity
  8
DEFAULT
 62
     7
100
AcDbVertex
100
AcDb2dVertex
 10
20.95972722222222
 20
32.21834777777777
 30
0.0
  0
VERTEX
  5
95
330
93
100
AcDbEntity
  8
DEFAULT
 62
     7
100
AcDbVertex
100
AcDb2dVertex
 10
18.40138277777777
 20
33.78503388888888
 30
0.0
  0
SEQEND
  5
96
330
93
100
AcDbEntity
  8
DEFAULT
 62
     7
  0
SPLINE
  5
97
330
1F
100
AcDbEntity
  8
DEFAULT
 62
     7
100
AcDbSpline
210
0.0
220
0.0
230
1.0
 70
     8
 71
     3
 72
    17
 73
    13
 74
     0
 42
0.000000001
 43
0.0000000001
 40
0.0
 40
0.0
 40
0.0
 40
0.0
 40
3.072005208328922
 40
3.072005208328922
 40
3.072005208328922
 40
4.072005208328921
 40
4.072005208328921
 40
4.072005208328921
 40
5.072005208328921
 40
5.072005208328921
 40
5.072005208328921
 40
6.072005208328921
 40
6.072005208328921
 40
6.072005208328921
 40
6.072005208328921
 10
19.97166722222223
 20
33.79138388888889
 30
0.0
 10
20.16028574074074
 20
34.09947648148148
 30
0.0
 10
20.34890425925926
 20
34.40756907407408
 30
0.0
 10
20.53752277777778
 20
34.71566166666667
 30
0.0
 10
20.69662555555555
 20
34.97495333333333
 30
0.0
 10
20.71955611111111
 20
35.26211444444444
 30
0.0
 10
20.40135055555556
 20
35.45720055555555
 30
0.0
 10
20.18262833333333
 20
35.59125611111111
 30
0.0
 10
19.92827555555555
 20
35.56373944444444
 30
0.0
 10
19.76952555555555
 20
35.44203111111111
 30
0.0
 10
19.72613388888889
 20
35.41416166666666
 30
0.0
 10
19.69544222222222
 20
35.37288666666667
 30
0.0
 10
19.66087
 20
35.31644222222222
 30
0.0
  0
POLYLINE
  5
98
330
1F
100
AcDbEntity
  8
DEFAULT
 62
     7
100
AcDb2dPolyline
 66
     1
 10
0.0
 20
0.0
 30
0.0
  0
VERTEX
  5
99
330
98
100
AcDbEntity
  8
DEFAULT
 62
     7
100
AcDbVertex
100
AcDb2dVertex
 10
19.06647472222222
 20
34.34602111111111
 30
0.0
  0
VERTEX
  5
9A
330
98
100
AcDbEntity
  8
DEFAULT
 62
     7
100
AcDbVertex
100
AcDb2dVertex
 10
20.51180527777777
 20
36.70575166666665
 30
0.0
  0
SEQEND
  5
9B
330
98
100
AcDbEntity
  8
DEFAULT
 62
     7
  0
POLYLINE
  5
9C
330
1F
100
AcDbEntity
  8
DEFAULT
 62
     7
100
AcDb2dPolyline
 66
     1
 10
0.0
 20
0.0
 30
0.0
  0
VERTEX
  5
9D
330
9C
100
AcDbEntity
  8
DEFAULT
 62
     7
100
AcDbVertex
100
AcDb2dVertex
 10
21.15728277777778
 20
33.06550833333333
 30
0.0
  0
VERTEX
  5
9E
330
9C
100
AcDbEntity
  8
DEFAULT
 62
     7
100
AcDbVertex
100
AcDb2dVertex
 10
22.48055222222222
 20
35.22591944444444
 30
0.0
  0
VERTEX
  5
9F
330
9C
100
AcDbEntity
  8
DEFAULT
 62
     7
100
AcDbVertex
100
AcDb2dVertex
 10
21.40069944444444
 20
35.08269166666666
 30
0.0
  0
SEQEND
  5
A0
330
9C
100
AcDbEntity
  8
DEFAULT
 62
     7
  0
POLYLINE
  5
A1
330
1F
100
AcDbEntity
  8
DEFAULT
 62
     7
100
AcDb2dPolyline
 66
     1
 10
0.0
 20
0.0
 30
0.0
  0
VERTEX
  5
A2
330
A1
100
AcDbEntity
  8
DEFAULT
 62
     7
100
AcDbVertex
100
AcDb2dVertex
 10
55.37330527777777
 20
33.785175
 30
0.0
  0
VERTEX
  5
A3
330
A1
100
AcDbEntity
  8
DEFAULT
 62
     7
100
AcDbVertex
100
AcDb2dVertex
 10
52.81496083333332
 20
32.21848888888888
 30
0.0
  0
SEQEND
  5
A4
330
A1
100
AcDbEntity
  8
DEFAULT
 62
     7
  0
SPLINE
  5
A5
330
1F
100
AcDbEntity
  8
DEFAULT
 62
     7
100
AcDbSpline
210
0.0
220
0.0
230
1.0
 70
     8
 71
     3
 72
    17
 73
    13
 74
     0
 42
0.000000001
 43
0.0000000001
 40
0.0
 40
0.0
 40
0.0
 40
0.0
 40
3.071152389576245
 40
3.071152389576245
 40
3.071152389576245
 40
4.071152389576245
 40
4.071152389576245
 40
4.071152389576245
 40
5.071152389576245
 40
5.071152389576245
 40
5.071152389576245
 40
6.071152389576245
 40
6.071152389576245
 40
6.071152389576245
 40
6.071152389576245
 10
53.52295055555555
 20
33.62014555555556
 30
0.0
 10
53.33433203703704
 20
33.92812055555556
 30
0.0
 10
53.14571351851853
 20
34.23609555555556
 30
0.0
 10
52.957095
 20
34.54407055555556
 30
0.0
 10
52.798345
 20
34.80336222222222
 30
0.0
 10
52.55281166666666
 20
34.95470388888889
 30
0.0
 10
52.23460611111111
 20
34.75926499999999
 30
0.0
 10
52.01588388888889
 20
34.62591499999999
 30
0.0
 10
51.92451444444444
 20
34.38708444444444
 30
0.0
 10
51.96085055555555
 20
34.18988166666666
 30
0.0
 10
51.96614222222222
 20
34.13837611111111
 30
0.0
 10
51.98872
 20
34.09286777777778
 30
0.0
 10
52.02329222222222
 20
34.03642333333333
 30
0.0
  0
POLYLINE
  5
A6
330
1F
100
AcDbEntity
  8
DEFAULT
 62
     7
100
AcDb2dPolyline
 66
     1
 10
0.0
 20
0.0
 30
0.0
  0
VERTEX
  5
A7
330
A6
100
AcDbEntity
  8
DEFAULT
 62
     7
100
AcDbVertex
100
AcDb2dVertex
 10
52.61772277777778
 20
33.06550833333333
 30
0.0
  0
VERTEX
  5
A8
330
A6
100
AcDbEntity
  8
DEFAULT
 62
     7
100
AcDbVertex
100
AcDb2dVertex
 10
51.17239222222221
 20
35.42559166666666
 30
0.0
  0
SEQEND
  5
A9
330
A6
100
AcDbEntity
  8
DEFAULT
 62
     7
  0
POLYLINE
  5
AA
330
1F
100
AcDbEntity
  8
DEFAULT
 62
     7
100
AcDb2dPolyline
 66
     1
 10
0.0
 20
0.0
 30
0.0
  0
VERTEX
  5
AB
330
AA
100
AcDbEntity
  8
DEFAULT
 62
     7
100
AcDbVertex
100
AcDb2dVertex
 10
54.7085661111111
 20
34.34602111111111
 30
0.0
  0
VERTEX
  5
AC
330
AA
100
AcDbEntity
  8
DEFAULT
 62
     7
100
AcDbVertex
100
AcDb2dVertex
 10
53.38529666666665
 20
36.506785
 30
0.0
  0
VERTEX
  5
AD
330
AA
100
AcDbEntity
  8
DEFAULT
 62
     7
100
AcDbVertex
100
AcDb2dVertex
 10
53.02264111111111
 20
35.47984888888889
 30
0.0
  0
SEQEND
  5
AE
330
AA
100
AcDbEntity
  8
DEFAULT
 62
     7
  0
POLYLINE
  5
AF
330
1F
100
AcDbEntity
  8
DEFAULT
 62
     7
100
AcDb2dPolyline
 66
     1
 10
0.0
 20
0.0
 30
0.0
  0
VERTEX
  5
B0
330
AF
100
AcDbEntity
  8
DEFAULT
 62
     7
100
AcDbVertex
100
AcDb2dVertex
 10
19.41889972222222
 20
15.40559388888889
 30
0.0
  0
VERTEX
  5
B1
330
AF
100
AcDbEntity
  8
DEFAULT
 62
     7
100
AcDbVertex
100
AcDb2dVertex
 10
16.98155805555555
 20
13.65616888888889
 30
0.0
  0
SEQEND
  5
B2
330
AF
100
AcDbEntity
  8
DEFAULT
 62
     7
  0
SPLINE
  5
B3
330
1F
100
AcDbEntity
  8
DEFAULT
 62
     7
100
AcDbSpline
210
0.0
220
0.0
230
1.0
 70
     8
 71
     3
 72
    17
 73
    13
 74
     0
 42
0.000000001
 43
0.0000000001
 40
0.0
 40
0.0
 40
0.0
 40
0.0
 40
3.071271072373784
 40
3.071271072373784
 40
3.071271072373784
 40
4.071271072373784
 40
4.071271072373784
 40
4.071271072373784
 40
5.071271072373784
 40
5.071271072373784
 40
5.071271072373784
 40
6.071271072373784
 40
6.071271072373784
 40
6.071271072373784
 40
6.071271072373784
 10
17.31824916666666
 20
14.91431555555556
 30
0.0
 10
17.10764083333333
 20
15.20770907407407
 30
0.0
 10
16.8970325
 20
15.50110259259259
 30
0.0
 10
16.68642416666667
 20
15.79449611111111
 30
0.0
 10
16.50897694444444
 20
16.04144055555555
 30
0.0
 10
16.26414916666667
 20
16.18219888888889
 30
0.0
 10
15.99145194444444
 20
15.98640722222222
 30
0.0
 10
15.80412694444444
 20
15.85199888888889
 30
0.0
 10
15.74697694444444
 20
15.61916555555555
 30
0.0
 10
15.80377416666667
 20
15.42972388888889
 30
0.0
 10
15.81471027777778
 20
15.37962944444445
 30
0.0
 10
15.84081583333333
 20
15.33623777777778
 30
0.0
 10
15.87926861111111
 20
15.28261555555555
 30
0.0
  0
POLYLINE
  5
B4
330
1F
100
AcDbEntity
  8
DEFAULT
 62
     7
100
AcDb2dPolyline
 66
     1
 10
0.0
 20
0.0
 30
0.0
  0
VERTEX
  5
B5
330
B4
100
AcDbEntity
  8
DEFAULT
 62
     7
100
AcDbVertex
100
AcDb2dVertex
 10
16.54312583333333
 20
14.35794972222222
 30
0.0
  0
VERTEX
  5
B6
330
B4
100
AcDbEntity
  8
DEFAULT
 62
     7
100
AcDbVertex
100
AcDb2dVertex
 10
14.92952027777778
 20
16.60584972222222
 30
0.0
  0
SEQEND
  5
B7
330
B4
100
AcDbEntity
  8
DEFAULT
 62
     7
  0
SPLINE
  5
B8
330
1F
100
AcDbEntity
  8
DEFAULT
 62
     7
100
AcDbSpline
210
0.0
220
0.0
230
1.0
 70
     8
 71
     3
 72
    17
 73
    13
 74
     0
 42
0.000000001
 43
0.0000000001
 40
0.0
 40
0.0
 40
0.0
 40
0.0
 40
3.770619312526791
 40
3.770619312526791
 40
3.770619312526791
 40
4.77061931252679
 40
4.77061931252679
 40
4.77061931252679
 40
5.77061931252679
 40
5.77061931252679
 40
5.77061931252679
 40
6.77061931252679
 40
6.77061931252679
 40
6.77061931252679
 40
6.77061931252679
 10
18.81670805555555
 20
15.98986444444444
 30
0.0
 10
18.45652194444444
 20
15.73127833333333
 30
0.0
 10
18.09633583333333
 20
15.47269222222222
 30
0.0
 10
17.73614972222222
 20
15.21410611111111
 30
0.0
 10
17.73614972222222
 20
15.21410611111111
 30
0.0
 10
18.02966083333333
 20
17.24540055555555
 30
0.0
 10
17.75696361111111
 20
17.62534222222222
 30
0.0
 10
17.54529694444444
 20
17.91991166666666
 30
0.0
 10
17.21862472222222
 20
18.01410333333333
 30
0.0
 10
16.81328305555556
 20
17.72341444444444
 30
0.0
 10
16.59597194444444
 20
17.56748666666667
 30
0.0
 10
16.36913583333333
 20
17.21682555555556
 30
0.0
 10
16.64783027777778
 20
16.82877
 30
0.0
  0
POLYLINE
  5
B9
330
1F
100
AcDbEntity
  8
DEFAULT
 62
     7
100
AcDb2dPolyline
 66
     1
 10
0.0
 20
0.0
 30
0.0
  0
VERTEX
  5
BA
330
B9
100
AcDbEntity
  8
DEFAULT
 62
     7
100
AcDbVertex
100
AcDb2dVertex
 10
56.79320055555554
 20
13.65616888888889
 30
0.0
  0
VERTEX
  5
BB
330
B9
100
AcDbEntity
  8
DEFAULT
 62
     7
100
AcDbVertex
100
AcDb2dVertex
 10
54.35621166666665
 20
15.40559388888889
 30
0.0
  0
SEQEND
  5
BC
330
B9
100
AcDbEntity
  8
DEFAULT
 62
     7
  0
SPLINE
  5
BD
330
1F
100
AcDbEntity
  8
DEFAULT
 62
     7
100
AcDbSpline
210
0.0
220
0.0
230
1.0
 70
     8
 71
     3
 72
    17
 73
    13
 74
     0
 42
0.000000001
 43
0.0000000001
 40
0.0
 40
0.0
 40
0.0
 40
0.0
 40
3.071271072373761
 40
3.071271072373761
 40
3.071271072373761
 40
4.071271072373761
 40
4.071271072373761
 40
4.071271072373761
 40
5.071271072373761
 40
5.071271072373761
 40
5.071271072373761
 40
6.071271072373761
 40
6.071271072373761
 40
6.071271072373761
 40
6.071271072373761
 10
55.65563333333333
 20
15.48930805555556
 30
0.0
 10
55.86624166666667
 20
15.78270157407407
 30
0.0
 10
56.07685
 20
16.07609509259259
 30
0.0
 10
56.28745833333333
 20
16.36948861111111
 30
0.0
 10
56.46490555555556
 20
16.61643305555555
 30
0.0
 10
56.51958611111112
 20
16.89336361111111
 30
0.0
 10
56.24688888888888
 20
17.08915527777777
 30
0.0
 10
56.05991666666666
 20
17.22391638888889
 30
0.0
 10
55.82108611111111
 20
17.2031025
 30
0.0
 10
55.65951388888889
 20
17.08915527777777
 30
0.0
 10
55.61576944444445
 20
17.06269694444444
 30
0.0
 10
55.58260833333333
 20
17.02424416666667
 30
0.0
 10
55.54415555555556
 20
16.97026916666666
 30
0.0
  0
POLYLINE
  5
BE
330
1F
100
AcDbEntity
  8
DEFAULT
 62
     7
100
AcDb2dPolyline
 66
     1
 10
0.0
 20
0.0
 30
0.0
  0
VERTEX
  5
BF
330
BE
100
AcDbEntity
  8
DEFAULT
 62
     7
100
AcDbVertex
100
AcDb2dVertex
 10
54.8804747222222
 20
16.04567388888889
 30
0.0
  0
VERTEX
  5
C0
330
BE
100
AcDbEntity
  8
DEFAULT
 62
     7
100
AcDbVertex
100
AcDb2dVertex
 10
56.49408027777777
 20
18.29357388888888
 30
0.0
  0
SEQEND
  5
C1
330
BE
100
AcDbEntity
  8
DEFAULT
 62
     7
  0
SPLINE
  5
C2
330
1F
100
AcDbEntity
  8
DEFAULT
 62
     7
100
AcDbSpline
210
0.0
220
0.0
230
1.0
 70
     8
 71
     3
 72
    17
 73
    13
 74
     0
 42
0.000000001
 43
0.0000000001
 40
0.0
 40
0.0
 40
0.0
 40
0.0
 40
3.770036206722707
 40
3.770036206722707
 40
3.770036206722707
 40
4.770036206722707
 40
4.770036206722707
 40
4.770036206722707
 40
5.770036206722707
 40
5.770036206722707
 40
5.770036206722707
 40
6.770036206722707
 40
6.770036206722707
 40
6.770036206722707
 40
6.770036206722707
 10
57.15388055555556
 20
14.41375916666667
 30
0.0
 10
56.79369444444444
 20
14.67222768518518
 30
0.0
 10
56.43350833333333
 20
14.9306962037037
 30
0.0
 10
56.07332222222222
 20
15.18916472222222
 30
0.0
 10
56.07332222222222
 20
15.18916472222222
 30
0.0
 10
58.09191666666666
 20
15.5609925
 30
0.0
 10
58.36461388888888
 20
15.94128694444444
 30
0.0
 10
58.57592777777777
 20
16.23585638888889
 30
0.0
 10
58.56075833333333
 20
16.57558138888889
 30
0.0
 10
58.15541666666666
 20
16.86627027777778
 30
0.0
 10
57.93810555555555
 20
17.02255083333333
 30
0.0
 10
57.53346944444444
 20
17.12520916666666
 30
0.0
 10
57.254775
 20
16.73715361111111
 30
0.0
  0
POLYLINE
  5
C3
330
1F
100
AcDbEntity
  8
DEFAULT
 62
     7
100
AcDb2dPolyline
 66
     1
 10
0.0
 20
0.0
 30
0.0
  0
VERTEX
  5
C4
330
C3
100
AcDbEntity
  8
DEFAULT
 62
     7
100
AcDbVertex
100
AcDb2dVertex
 10
35.63824611111111
 20
28.36361555555555
 30
0.0
  0
VERTEX
  5
C5
330
C3
100
AcDbEntity
  8
DEFAULT
 62
     7
100
AcDbVertex
100
AcDb2dVertex
 10
38.13802944444444
 20
28.36361555555555
 30
0.0
  0
SEQEND
  5
C6
330
C3
100
AcDbEntity
  8
DEFAULT
 62
     7
  0
POLYLINE
  5
C7
330
1F
100
AcDbEntity
  8
DEFAULT
 62
     7
100
AcDb2dPolyline
 66
     1
 10
0.0
 20
0.0
 30
0.0
  0
VERTEX
  5
C8
330
C7
100
AcDbEntity
  8
DEFAULT
 62
     7
100
AcDbVertex
100
AcDb2dVertex
 10
37.86395638888889
 20
31.99098249999999
 30
0.0
  0
VERTEX
  5
C9
330
C7
100
AcDbEntity
  8
DEFAULT
 62
     7
100
AcDbVertex
100
AcDb2dVertex
 10
37.86395638888889
 20
29.36384638888888
 30
0.0
  0
SEQEND
  5
CA
330
C7
100
AcDbEntity
  8
DEFAULT
 62
     7
  0
POLYLINE
  5
CB
330
1F
100
AcDbEntity
  8
DEFAULT
 62
     7
100
AcDb2dPolyline
 66
     1
 10
0.0
 20
0.0
 30
0.0
  0
VERTEX
  5
CC
330
CB
100
AcDbEntity
  8
DEFAULT
 62
     7
100
AcDbVertex
100
AcDb2dVertex
 10
37.86395638888889
 20
30.59535833333333
 30
0.0
  0
VERTEX
  5
CD
330
CB
100
AcDbEntity
  8
DEFAULT
 62
     7
100
AcDbVertex
100
AcDb2dVertex
 10
35.91133138888889
 20
30.59535833333333
 30
0.0
  0
SEQEND
  5
CE
330
CB
100
AcDbEntity
  8
DEFAULT
 62
     7
  0
POLYLINE
  5
CF
330
1F
100
AcDbEntity
  8
DEFAULT
 62
     7
100
AcDb2dPolyline
 66
     1
 10
0.0
 20
0.0
 30
0.0
  0
VERTEX
  5
D0
330
CF
100
AcDbEntity
  8
DEFAULT
 62
     7
100
AcDbVertex
100
AcDb2dVertex
 10
35.91126083333333
 20
29.36374055555555
 30
0.0
  0
VERTEX
  5
D1
330
CF
100
AcDbEntity
  8
DEFAULT
 62
     7
100
AcDbVertex
100
AcDb2dVertex
 10
35.91126083333333
 20
31.99087666666667
 30
0.0
  0
SEQEND
  5
D2
330
CF
100
AcDbEntity
  8
DEFAULT
 62
     7
  0
SPLINE
  5
D3
330
1F
100
AcDbEntity
  8
DEFAULT
 62
     1
100
AcDbSpline
210
0.0
220
0.0
230
1.0
 70
     8
 71
     3
 72
    65
 73
    61
 74
     0
 42
0.000000001
 43
0.0000000001
 40
0.0
 40
0.0
 40
0.0
 40
0.0
 40
3.754810248201623
 40
3.754810248201623
 40
3.754810248201623
 40
4.754810248201623
 40
4.754810248201623
 40
4.754810248201623
 40
5.754810248201623
 40
5.754810248201623
 40
5.754810248201623
 40
6.754810248201623
 40
6.754810248201623
 40
6.754810248201623
 40
7.754810248201623
 40
7.754810248201623
 40
7.754810248201623
 40
11.44052591819029
 40
11.44052591819029
 40
11.44052591819029
 40
12.44052591819029
 40
12.44052591819029
 40
12.44052591819029
 40
13.44052591819029
 40
13.44052591819029
 40
13.44052591819029
 40
26.33598635975654
 40
26.33598635975654
 40
26.33598635975654
 40
34.83752151524463
 40
34.83752151524463
 40
34.83752151524463
 40
35.83752151524463
 40
35.83752151524463
 40
35.83752151524463
 40
36.83752151524463
 40
36.83752151524463
 40
36.83752151524463
 40
37.83752151524463
 40
37.83752151524463
 40
37.83752151524463
 40
38.83752151524463
 40
38.83752151524463
 40
38.83752151524463
 40
104.8075215152446
 40
104.8075215152446
 40
104.8075215152446
 40
105.8075215152446
 40
105.8075215152446
 40
105.8075215152446
 40
106.8075215152446
 40
106.8075215152446
 40
106.8075215152446
 40
107.8075215152446
 40
107.8075215152446
 40
107.8075215152446
 40
108.8075215152446
 40
108.8075215152446
 40
108.8075215152446
 40
112.5600673177632
 40
112.5600673177632
 40
112.5600673177632
 40
112.5600673177632
 10
18.69870388888888
 20
13.53558944444444
 30
0.0
 10
18.34004648148148
 20
13.27806166666667
 30
0.0
 10
17.98138907407407
 20
13.02053388888889
 30
0.0
 10
17.62273166666667
 20
12.76300611111111
 30
0.0
 10
18.28948166666666
 20
11.84225611111111
 30
0.0
 10
18.26478722222222
 20
11.97278388888889
 30
0.0
 10
19.00209277777778
 20
10.94972833333333
 30
0.0
 10
19.73587055555555
 20
9.923144999999998
 30
0.0
 10
20.29678722222222
 20
9.080006111111109
 30
0.0
 10
20.16978722222222
 20
8.988283888888889
 30
0.0
 10
17.00537055555555
 20
6.716395
 30
0.0
 10
15.05098166666666
 20
8.882450555555556
 30
0.0
 10
14.08789833333333
 20
10.22653388888889
 30
0.0
 10
9.537064999999998
 20
16.56242277777778
 30
0.0
 10
11.68900944444444
 20
21.73026444444444
 30
0.0
 10
14.95925944444444
 20
22.41147833333333
 30
0.0
 10
15.18621314814815
 20
22.78071907407407
 30
0.0
 10
15.41316685185185
 20
23.14995981481481
 30
0.0
 10
15.64012055555555
 20
23.51920055555555
 30
0.0
 10
16.22925944444444
 20
24.48933944444444
 30
0.0
 10
16.11284277777778
 20
24.41525611111111
 30
0.0
 10
16.77253722222222
 20
25.49122833333333
 30
0.0
 10
17.42870388888889
 20
26.57072833333333
 30
0.0
 10
17.41812055555555
 20
26.42961722222222
 30
0.0
 10
18.01078722222222
 20
27.39975611111111
 30
0.0
 10
18.80218537037037
 20
28.69327462962962
 30
0.0
 10
19.59358351851851
 20
29.98679314814814
 30
0.0
 10
20.38498166666666
 20
31.28031166666666
 30
0.0
 10
19.53243537037037
 20
31.80242277777777
 30
0.0
 10
18.67988907407407
 20
32.32453388888889
 30
0.0
 10
17.82734277777778
 20
32.846645
 30
0.0
 10
17.23467611111111
 20
31.87650611111111
 30
0.0
 10
17.35109277777778
 20
31.94670888888889
 30
0.0
 10
16.69492611111111
 20
30.87108944444444
 30
0.0
 10
16.03523166666666
 20
29.79158944444444
 30
0.0
 10
15.474315
 20
28.95197833333333
 30
0.0
 10
15.34025944444444
 20
29.03629222222222
 30
0.0
 10
12.013565
 20
31.068645
 30
0.0
 10
13.251815
 20
33.703895
 30
0.0
 10
14.11612055555555
 20
35.11853388888888
 30
0.0
 10
18.18717611111111
 20
41.77192277777777
 30
0.0
 10
24.89348166666666
 20
45.36637555555555
 30
0.0
 10
25.253315
 20
39.11550611111111
 30
0.0
 10
33.01089833333333
 20
39.11550611111111
 30
0.0
 10
40.76848166666667
 20
39.11550611111111
 30
0.0
 10
48.52606499999999
 20
39.11550611111111
 30
0.0
 10
48.88237055555555
 20
45.36637555555555
 30
0.0
 10
55.58867611111111
 20
41.77192277777777
 30
0.0
 10
59.65973166666666
 20
35.11853388888888
 30
0.0
 10
60.52050944444443
 20
33.71059777777778
 30
0.0
 10
61.76228722222221
 20
31.07217277777777
 30
0.0
 10
58.43912055555555
 20
29.03629222222222
 30
0.0
 10
58.30153722222222
 20
28.95197833333333
 30
0.0
 10
57.74414833333333
 20
29.79158944444444
 30
0.0
 10
57.08445388888888
 20
30.87426444444444
 30
0.0
 10
56.42475944444444
 20
31.94670888888889
 30
0.0
 10
56.54470388888888
 20
31.87650611111111
 30
0.0
 10
55.94850944444444
 20
32.846645
 30
0.0
 10
55.57221314814814
 20
32.61616351851851
 30
0.0
 10
55.19591685185185
 20
32.38568203703704
 30
0.0
 10
54.81962055555555
 20
32.15520055555555
 30
0.0
  0
SPLINE
  5
D4
330
1F
100
AcDbEntity
  8
DEFAULT
 62
     1
100
AcDbSpline
210
0.0
220
0.0
230
1.0
 70
     8
 71
     3
 72
   155
 73
   151
 74
     0
 42
0.000000001
 43
0.0000000001
 40
0.0
 40
0.0
 40
0.0
 40
0.0
 40
3.754227084234514
 40
3.754227084234514
 40
3.754227084234514
 40
16.6464550142705
 40
16.6464550142705
 40
16.6464550142705
 40
17.6464550142705
 40
17.6464550142705
 40
17.6464550142705
 40
18.6464550142705
 40
18.6464550142705
 40
18.6464550142705
 40
19.6464550142705
 40
19.6464550142705
 40
19.6464550142705
 40
20.6464550142705
 40
20.6464550142705
 40
20.6464550142705
 40
21.6464550142705
 40
21.6464550142705
 40
21.6464550142705
 40
34.54645501427051
 40
34.54645501427051
 40
34.54645501427051
 40
43.04645501427051
 40
43.04645501427051
 40
43.04645501427051
 40
55.94645501427051
 40
55.94645501427051
 40
55.94645501427051
 40
56.94645501427051
 40
56.94645501427051
 40
56.94645501427051
 40
57.94645501427051
 40
57.94645501427051
 40
57.94645501427051
 40
73.39645501427049
 40
73.39645501427049
 40
73.39645501427049
 40
74.39645501427049
 40
74.39645501427049
 40
74.39645501427049
 40
75.39645501427049
 40
75.39645501427049
 40
75.39645501427049
 40
76.39645501427049
 40
76.39645501427049
 40
76.39645501427049
 40
77.39645501427049
 40
77.39645501427049
 40
77.39645501427049
 40
78.39645501427049
 40
78.39645501427049
 40
78.39645501427049
 40
79.39645501427049
 40
79.39645501427049
 40
79.39645501427049
 40
92.28545501427048
 40
92.28545501427048
 40
92.28545501427048
 40
100.7854550142705
 40
100.7854550142705
 40
100.7854550142705
 40
113.6744550142705
 40
113.6744550142705
 40
113.6744550142705
 40
114.6744550142705
 40
114.6744550142705
 40
114.6744550142705
 40
115.6744550142705
 40
115.6744550142705
 40
115.6744550142705
 40
116.6744550142705
 40
116.6744550142705
 40
116.6744550142705
 40
117.6744550142705
 40
117.6744550142705
 40
117.6744550142705
 40
118.6744550142705
 40
118.6744550142705
 40
118.6744550142705
 40
119.6744550142705
 40
119.6744550142705
 40
119.6744550142705
 40
135.1144550142705
 40
135.1144550142705
 40
135.1144550142705
 40
136.1144550142705
 40
136.1144550142705
 40
136.1144550142705
 40
137.1144550142705
 40
137.1144550142705
 40
137.1144550142705
 40
150.0144550142705
 40
150.0144550142705
 40
150.0144550142705
 40
158.5244550142705
 40
158.5244550142705
 40
158.5244550142705
 40
171.4244550142705
 40
171.4244550142705
 40
171.4244550142705
 40
172.4244550142705
 40
172.4244550142705
 40
172.4244550142705
 40
173.4244550142705
 40
173.4244550142705
 40
173.4244550142705
 40
174.4244550142705
 40
174.4244550142705
 40
174.4244550142705
 40
175.4244550142705
 40
175.4244550142705
 40
175.4244550142705
 40
176.4244550142705
 40
176.4244550142705
 40
176.4244550142705
 40
189.3225107204612
 40
189.3225107204612
 40
189.3225107204612
 40
197.8283734045163
 40
197.8283734045163
 40
197.8283734045163
 40
198.8283734045163
 40
198.8283734045163
 40
198.8283734045163
 40
199.8283734045163
 40
199.8283734045163
 40
199.8283734045163
 40
200.8283734045163
 40
200.8283734045163
 40
200.8283734045163
 40
201.8283734045163
 40
201.8283734045163
 40
201.8283734045163
 40
205.514089074505
 40
205.514089074505
 40
205.514089074505
 40
206.514089074505
 40
206.514089074505
 40
206.514089074505
 40
207.514089074505
 40
207.514089074505
 40
207.514089074505
 40
220.4095495160712
 40
220.4095495160712
 40
220.4095495160712
 40
224.1620953185898
 40
224.1620953185898
 40
224.1620953185898
 40
224.1620953185898
 10
18.98448916666667
 20
13.74023583333333
 30
0.0
 10
19.34314657407408
 20
13.99764601851852
 30
0.0
 10
19.70180398148148
 20
14.2550562037037
 30
0.0
 10
20.06046138888889
 20
14.51246638888889
 30
0.0
 10
20.94358175925926
 20
13.28021361111111
 30
0.0
 10
21.82670212962963
 20
12.04796083333333
 30
0.0
 10
22.7098225
 20
10.81570805555556
 30
0.0
 10
23.3765725
 20
9.8879025
 30
0.0
 10
23.25310027777778
 20
9.954930277777777
 30
0.0
 10
23.98687805555556
 20
8.931874722222222
 30
0.0
 10
24.72418361111111
 20
7.897883055555556
 30
0.0
 10
24.69948916666667
 20
8.042874722222223
 30
0.0
 10
25.36623916666667
 20
7.118244166666667
 30
0.0
 10
25.98712805555555
 20
7.556041388888889
 30
0.0
 10
26.18115583333334
 20
8.568513611111111
 30
0.0
 10
26.94315583333333
 20
8.568513611111111
 30
0.0
 10
26.94315583333333
 20
9.707633055555556
 30
0.0
 10
27.00665583333333
 20
9.577458055555555
 30
0.0
 10
27.00665583333333
 20
10.84393027777778
 30
0.0
 10
27.00665583333333
 20
12.10687472222222
 30
0.0
 10
26.94315583333333
 20
11.97987472222222
 30
0.0
 10
26.94315583333333
 20
13.11934694444444
 30
0.0
 10
26.94315583333333
 20
14.63629138888889
 30
0.0
 10
26.94315583333333
 20
16.15323583333333
 30
0.0
 10
26.94315583333333
 20
17.67018027777778
 30
0.0
 10
27.94269287037037
 20
17.67018027777778
 30
0.0
 10
28.94222990740741
 20
17.67018027777778
 30
0.0
 10
29.94176694444444
 20
17.67018027777778
 30
0.0
 10
29.94176694444444
 20
16.15323583333333
 30
0.0
 10
29.94176694444444
 20
14.63629138888889
 30
0.0
 10
29.94176694444444
 20
13.11934694444444
 30
0.0
 10
29.94176694444444
 20
11.97987472222222
 30
0.0
 10
29.87826694444444
 20
12.10687472222222
 30
0.0
 10
29.87826694444444
 20
10.84393027777778
 30
0.0
 10
29.87826694444444
 20
9.577458055555555
 30
0.0
 10
29.94176694444444
 20
9.707633055555556
 30
0.0
 10
29.94176694444444
 20
8.568513611111111
 30
0.0
 10
31.7585725
 20
8.568513611111111
 30
0.0
 10
33.57537805555555
 20
8.568513611111111
 30
0.0
 10
35.39218361111111
 20
8.568513611111111
 30
0.0
 10
35.42746138888889
 20
8.568513611111111
 30
0.0
 10
35.45215583333334
 20
9.319930277777777
 30
0.0
 10
35.45215583333334
 20
9.542180277777778
 30
0.0
 10
35.45215583333334
 20
10.80159694444444
 30
0.0
 10
35.39218361111111
 20
10.67777194444444
 30
0.0
 10
35.39218361111111
 20
11.81406916666667
 30
0.0
 10
35.39218361111111
 20
12.95354138888889
 30
0.0
 10
35.45215583333334
 20
12.82266083333333
 30
0.0
 10
35.45215583333334
 20
14.08948583333333
 30
0.0
 10
35.45215583333334
 20
15.3520775
 30
0.0
 10
35.39218361111111
 20
15.22895805555556
 30
0.0
 10
35.39218361111111
 20
16.36454972222222
 30
0.0
 10
35.39218361111111
 20
17.50084694444444
 30
0.0
 10
35.45215583333334
 20
17.37384694444444
 30
0.0
 10
35.45215583333334
 20
18.64031916666666
 30
0.0
 10
35.45215583333334
 20
19.89973583333333
 30
0.0
 10
35.39218361111111
 20
19.77591083333333
 30
0.0
 10
35.39218361111111
 20
20.91573583333333
 30
0.0
 10
35.39218361111111
 20
22.43138675925926
 30
0.0
 10
35.39218361111111
 20
23.94703768518518
 30
0.0
 10
35.39218361111111
 20
25.46268861111111
 30
0.0
 10
36.39172064814814
 20
25.46268861111111
 30
0.0
 10
37.39125768518518
 20
25.46268861111111
 30
0.0
 10
38.39079472222222
 20
25.46268861111111
 30
0.0
 10
38.39079472222222
 20
23.94703768518518
 30
0.0
 10
38.39079472222222
 20
22.43138675925926
 30
0.0
 10
38.39079472222222
 20
20.91573583333333
 30
0.0
 10
38.39079472222222
 20
19.77591083333333
 30
0.0
 10
38.32729472222222
 20
19.89973583333333
 30
0.0
 10
38.32729472222222
 20
18.64031916666666
 30
0.0
 10
38.32729472222222
 20
17.37384694444444
 30
0.0
 10
38.38726694444444
 20
17.50084694444444
 30
0.0
 10
38.38726694444444
 20
16.36454972222222
 30
0.0
 10
38.38726694444444
 20
15.22895805555556
 30
0.0
 10
38.32729472222222
 20
15.3520775
 30
0.0
 10
38.32729472222222
 20
14.08948583333333
 30
0.0
 10
38.32729472222222
 20
12.82266083333333
 30
0.0
 10
38.39079472222222
 20
12.95354138888889
 30
0.0
 10
38.39079472222222
 20
11.81406916666667
 30
0.0
 10
38.39079472222222
 20
10.67777194444444
 30
0.0
 10
38.32729472222222
 20
10.80159694444444
 30
0.0
 10
38.32729472222222
 20
9.542180277777778
 30
0.0
 10
38.32729472222222
 20
9.319930277777777
 30
0.0
 10
38.34846138888889
 20
8.568513611111111
 30
0.0
 10
38.39079472222222
 20
8.568513611111111
 30
0.0
 10
40.20642435185184
 20
8.568513611111111
 30
0.0
 10
42.02205398148148
 20
8.568513611111111
 30
0.0
 10
43.83768361111111
 20
8.568513611111111
 30
0.0
 10
43.83768361111111
 20
9.707633055555556
 30
0.0
 10
43.90118361111111
 20
9.577458055555555
 30
0.0
 10
43.90118361111111
 20
10.84393027777778
 30
0.0
 10
43.90118361111111
 20
12.10687472222222
 30
0.0
 10
43.83768361111111
 20
11.97987472222222
 30
0.0
 10
43.83768361111111
 20
13.11934694444444
 30
0.0
 10
43.83768361111111
 20
14.63629138888889
 30
0.0
 10
43.83768361111111
 20
16.15323583333333
 30
0.0
 10
43.83768361111111
 20
17.67018027777778
 30
0.0
 10
44.83839657407407
 20
17.67018027777778
 30
0.0
 10
45.83910953703703
 20
17.67018027777778
 30
0.0
 10
46.83982249999999
 20
17.67018027777778
 30
0.0
 10
46.83982249999999
 20
16.15323583333333
 30
0.0
 10
46.83982249999999
 20
14.63629138888889
 30
0.0
 10
46.83982249999999
 20
13.11934694444444
 30
0.0
 10
46.83982249999999
 20
11.97987472222222
 30
0.0
 10
46.7763225
 20
12.10687472222222
 30
0.0
 10
46.7763225
 20
10.84393027777778
 30
0.0
 10
46.7763225
 20
9.577458055555555
 30
0.0
 10
46.83982249999999
 20
9.707633055555556
 30
0.0
 10
46.83982249999999
 20
8.568513611111111
 30
0.0
 10
47.6018225
 20
8.568513611111111
 30
0.0
 10
47.78879472222222
 20
7.556041388888889
 30
0.0
 10
48.40968361111111
 20
7.118244166666667
 30
0.0
 10
49.07290583333334
 20
8.042874722222223
 30
0.0
 10
49.05173916666667
 20
7.901763611111111
 30
0.0
 10
49.78904472222222
 20
8.931874722222222
 30
0.0
 10
50.5228225
 20
9.954930277777777
 30
0.0
 10
50.39935027777778
 20
9.8879025
 30
0.0
 10
51.0625725
 20
10.81570805555556
 30
0.0
 10
51.94686879629629
 20
12.04796083333333
 30
0.0
 10
52.83116509259259
 20
13.28021361111111
 30
0.0
 10
53.71546138888888
 20
14.51246638888889
 30
0.0
 10
54.5280262037037
 20
13.92920712962963
 30
0.0
 10
55.34059101851852
 20
13.34594787037037
 30
0.0
 10
56.15315583333334
 20
12.76268861111111
 30
0.0
 10
55.48640583333333
 20
11.84229138888889
 30
0.0
 10
55.51110027777778
 20
11.97281916666667
 30
0.0
 10
54.77732249999999
 20
10.94976361111111
 30
0.0
 10
54.03648916666667
 20
9.923180277777778
 30
0.0
 10
53.47910027777777
 20
9.083569166666667
 30
0.0
 10
53.60610027777777
 20
8.988319166666667
 30
0.0
 10
56.77404472222222
 20
6.719958055555557
 30
0.0
 10
58.72490583333333
 20
8.886013611111112
 30
0.0
 10
59.68798916666666
 20
10.22656916666667
 30
0.0
 10
64.23529472222222
 20
16.56245805555556
 30
0.0
 10
62.09040583333333
 20
21.73029972222222
 30
0.0
 10
58.82015583333334
 20
22.41151361111111
 30
0.0
 10
58.59320212962964
 20
22.78075435185185
 30
0.0
 10
58.36624842592593
 20
23.14999509259259
 30
0.0
 10
58.13929472222222
 20
23.51923583333333
 30
0.0
 10
57.54310027777777
 20
24.48937472222222
 30
0.0
 10
57.6665725
 20
24.41529138888889
 30
0.0
 10
57.00687805555555
 20
25.49126361111111
 30
0.0
 10
56.34718361111111
 20
26.57076361111111
 30
0.0
 10
56.35776694444444
 20
26.4296525
 30
0.0
 10
55.76510027777777
 20
27.39979138888889
 30
0.0
 10
54.97370212962962
 20
28.69330990740741
 30
0.0
 10
54.18230398148147
 20
29.98682842592592
 30
0.0
 10
53.39090583333333
 20
31.28034694444444
 30
0.0
 10
53.76720212962962
 20
31.51082842592593
 30
0.0
 10
54.14349842592592
 20
31.74130990740741
 30
0.0
 10
54.51979472222222
 20
31.97179138888889
 30
0.0
  0
POLYLINE
  5
D5
330
1F
100
AcDbEntity
  8
DEFAULT
 62
     7
100
AcDb2dPolyline
 66
     1
 10
0.0
 20
0.0
 30
0.0
  0
VERTEX
  5
D6
330
D5
100
AcDbEntity
  8
DEFAULT
 62
     7
100
AcDbVertex
100
AcDb2dVertex
 10
17.60713888888888
 20
57.82264138888888
 30
0.0
  0
VERTEX
  5
D7
330
D5
100
AcDbEntity
  8
DEFAULT
 62
     7
100
AcDbVertex
100
AcDb2dVertex
 10
15.03327222222222
 20
56.28135527777776
 30
0.0
  0
SEQEND
  5
D8
330
D5
100
AcDbEntity
  8
DEFAULT
 62
     7
  0
SPLINE
  5
D9
330
1F
100
AcDbEntity
  8
DEFAULT
 62
     7
100
AcDbSpline
210
0.0
220
0.0
230
1.0
 70
     8
 71
     3
 72
    17
 73
    13
 74
     0
 42
0.000000001
 43
0.0000000001
 40
0.0
 40
0.0
 40
0.0
 40
0.0
 40
3.643660247608165
 40
3.643660247608165
 40
3.643660247608165
 40
4.643660247608166
 40
4.643660247608166
 40
4.643660247608166
 40
5.643660247608166
 40
5.643660247608166
 40
5.643660247608166
 40
6.643660247608166
 40
6.643660247608166
 40
6.643660247608166
 40
6.643660247608166
 10
16.7262175
 20
59.21858305555556
 30
0.0
 10
16.35862305555555
 20
58.99844972222221
 30
0.0
 10
15.99102861111111
 20
58.77831638888889
 30
0.0
 10
15.62343416666667
 20
58.55818305555555
 30
0.0
 10
15.62343416666667
 20
58.55818305555555
 30
0.0
 10
15.9991425
 20
60.50692749999999
 30
0.0
 10
15.75890083333333
 20
60.9083886111111
 30
0.0
 10
15.57263416666666
 20
61.2195386111111
 30
0.0
 10
15.26748138888889
 20
61.34794972222222
 30
0.0
 10
14.8688425
 20
61.10947194444444
 30
0.0
 10
14.65541194444444
 20
60.98141361111111
 30
0.0
 10
14.42363694444444
 20
60.66497194444443
 30
0.0
 10
14.66917027777778
 20
60.25504416666666
 30
0.0
  0
SPLINE
  5
DA
330
1F
100
AcDbEntity
  8
DEFAULT
 62
     7
100
AcDbSpline
210
0.0
220
0.0
230
1.0
 70
     8
 71
     3
 72
    29
 73
    25
 74
     0
 42
0.000000001
 43
0.0000000001
 40
0.0
 40
0.0
 40
0.0
 40
0.0
 40
1.0
 40
1.0
 40
1.0
 40
2.0
 40
2.0
 40
2.0
 40
3.0
 40
3.0
 40
3.0
 40
4.0
 40
4.0
 40
4.0
 40
5.0
 40
5.0
 40
5.0
 40
6.0
 40
6.0
 40
6.0
 40
7.0
 40
7.0
 40
7.0
 40
8.0
 40
8.0
 40
8.0
 40
8.0
 10
15.17403055555555
 20
58.59607138888888
 30
0.0
 10
15.17226666666666
 20
58.42462138888889
 30
0.0
 10
15.00505
 20
58.18755472222222
 30
0.0
 10
14.79126666666667
 20
58.05949638888889
 30
0.0
 10
14.449425
 20
57.85488527777777
 30
0.0
 10
14.03491111111111
 20
57.99211583333333
 30
0.0
 10
13.81125
 20
58.36535472222221
 30
0.0
 10
13.53784722222222
 20
58.82149638888888
 30
0.0
 10
13.68777777777778
 20
59.26317416666666
 30
0.0
 10
14.00351388888889
 20
59.45226305555555
 30
0.0
 10
14.24269722222222
 20
59.59549083333332
 30
0.0
 10
14.50728055555555
 20
59.58772972222221
 30
0.0
 10
14.63392777777778
 20
59.51223527777778
 30
0.0
 10
14.69883888888889
 20
59.39158527777777
 30
0.0
 10
15.395575
 20
58.22565472222221
 30
0.0
 10
15.395575
 20
58.22565472222221
 30
0.0
 10
15.617825
 20
57.85453249999999
 30
0.0
 10
15.58678055555555
 20
57.77621583333332
 30
0.0
 10
15.54832777777778
 20
57.56207972222221
 30
0.0
 10
15.51340277777778
 20
57.34124083333333
 30
0.0
 10
15.363825
 20
57.18813527777777
 30
0.0
 10
15.20401666666666
 20
57.09253249999999
 30
0.0
 10
15.05232222222222
 20
57.00151583333332
 30
0.0
 10
14.85723611111111
 20
56.94824638888888
 30
0.0
 10
14.70307222222222
 20
56.97399916666665
 30
0.0
  0
POLYLINE
  5
DB
330
1F
100
AcDbEntity
  8
DEFAULT
 62
     7
100
AcDb2dPolyline
 66
     1
 10
0.0
 20
0.0
 30
0.0
  0
VERTEX
  5
DC
330
DB
100
AcDbEntity
  8
DEFAULT
 62
     7
100
AcDbVertex
100
AcDb2dVertex
 10
58.74638999999997
 20
56.28199027777775
 30
0.0
  0
VERTEX
  5
DD
330
DB
100
AcDbEntity
  8
DEFAULT
 62
     7
100
AcDbVertex
100
AcDb2dVertex
 10
56.17287611111109
 20
57.82327638888886
 30
0.0
  0
SEQEND
  5
DE
330
DB
100
AcDbEntity
  8
DEFAULT
 62
     7
  0
SPLINE
  5
DF
330
1F
100
AcDbEntity
  8
DEFAULT
 62
     7
100
AcDbSpline
210
0.0
220
0.0
230
1.0
 70
     8
 71
     3
 72
    17
 73
    13
 74
     0
 42
0.000000001
 43
0.0000000001
 40
0.0
 40
0.0
 40
0.0
 40
0.0
 40
3.643660247608178
 40
3.643660247608178
 40
3.643660247608178
 40
4.643660247608178
 40
4.643660247608178
 40
4.643660247608178
 40
5.643660247608178
 40
5.643660247608178
 40
5.643660247608178
 40
6.643660247608178
 40
6.643660247608178
 40
6.643660247608178
 40
6.643660247608178
 10
59.56116555555555
 20
57.71723138888889
 30
0.0
 10
59.1935711111111
 20
57.93736472222222
 30
0.0
 10
58.82597666666666
 20
58.15749805555557
 30
0.0
 10
58.45838222222221
 20
58.3776313888889
 30
0.0
 10
58.45838222222221
 20
58.37763138888889
 30
0.0
 10
60.35420999999999
 20
58.96641749999999
 30
0.0
 10
60.59445166666666
 20
59.36787861111111
 30
0.0
 10
60.7810711111111
 20
59.67902861111111
 30
0.0
 10
60.75002666666666
 20
60.00852305555555
 30
0.0
 10
60.35174055555556
 20
60.2473536111111
 30
0.0
 10
60.13830999999999
 20
60.37505916666666
 30
0.0
 10
59.74954888888888
 20
60.42973972222222
 30
0.0
 10
59.50401555555555
 20
60.02016472222221
 30
0.0
  0
SPLINE
  5
E0
330
1F
100
AcDbEntity
  8
DEFAULT
 62
     7
100
AcDbSpline
210
0.0
220
0.0
230
1.0
 70
     8
 71
     3
 72
    29
 73
    25
 74
     0
 42
0.000000001
 43
0.0000000001
 40
0.0
 40
0.0
 40
0.0
 40
0.0
 40
1.0
 40
1.0
 40
1.0
 40
2.0
 40
2.0
 40
2.0
 40
3.0
 40
3.0
 40
3.0
 40
4.0
 40
4.0
 40
4.0
 40
5.0
 40
5.0
 40
5.0
 40
6.0
 40
6.0
 40
6.0
 40
7.0
 40
7.0
 40
7.0
 40
8.0
 40
8.0
 40
8.0
 40
8.0
 10
58.27973555555555
 20
58.79175722222222
 30
0.0
 10
58.12768833333332
 20
58.71238222222222
 30
0.0
 10
57.83982166666666
 20
58.74836555555555
 30
0.0
 10
57.62603833333333
 20
58.8760711111111
 30
0.0
 10
57.28454944444444
 20
59.08068222222221
 30
0.0
 10
57.20940777777778
 20
59.51142388888888
 30
0.0
 10
57.43306888888888
 20
59.88466277777778
 30
0.0
 10
57.70647166666667
 20
60.34080444444443
 30
0.0
 10
58.16614111111111
 20
60.41700444444444
 30
0.0
 10
58.48223
 20
60.22791555555555
 30
0.0
 10
58.72106055555555
 20
60.08468777777777
 30
0.0
 10
58.83924111111111
 20
59.8476211111111
 30
0.0
 10
58.83218555555555
 20
59.70051277777777
 30
0.0
 10
58.75704388888889
 20
59.58656555555554
 30
0.0
 10
58.05819111111111
 20
58.42169333333332
 30
0.0
 10
58.05819111111111
 20
58.42169333333332
 30
0.0
 10
57.8359411111111
 20
58.0505711111111
 30
0.0
 10
57.75162722222222
 20
58.04104611111111
 30
0.0
 10
57.54489944444445
 20
57.9743711111111
 30
0.0
 10
57.33393833333333
 20
57.90064055555554
 30
0.0
 10
57.12791611111111
 20
57.96025999999999
 30
0.0
 10
56.96846055555555
 20
58.05586277777776
 30
0.0
 10
56.81676611111111
 20
58.14652666666665
 30
0.0
 10
56.67741888888889
 20
58.29363499999999
 30
0.0
 10
56.62732444444445
 20
58.44180166666666
 30
0.0
  0
POLYLINE
  5
E1
330
1F
100
AcDbEntity
  8
DEFAULT
 62
     7
100
AcDb2dPolyline
 66
     1
 10
0.0
 20
0.0
 30
0.0
  0
VERTEX
  5
E2
330
E1
100
AcDbEntity
  8
DEFAULT
 62
     7
100
AcDbVertex
100
AcDb2dVertex
 10
19.59839305555554
 20
75.89509416666664
 30
0.0
  0
VERTEX
  5
E3
330
E1
100
AcDbEntity
  8
DEFAULT
 62
     7
100
AcDbVertex
100
AcDb2dVertex
 10
17.0400486111111
 20
77.46178027777776
 30
0.0
  0
SEQEND
  5
E4
330
E1
100
AcDbEntity
  8
DEFAULT
 62
     7
  0
POLYLINE
  5
E5
330
1F
100
AcDbEntity
  8
DEFAULT
 62
     7
100
AcDb2dPolyline
 66
     1
 10
0.0
 20
0.0
 30
0.0
  0
VERTEX
  5
E6
330
E5
100
AcDbEntity
  8
DEFAULT
 62
     7
100
AcDbVertex
100
AcDb2dVertex
 10
20.39489472222223
 20
77.3421886111111
 30
0.0
  0
VERTEX
  5
E7
330
E5
100
AcDbEntity
  8
DEFAULT
 62
     7
100
AcDbVertex
100
AcDb2dVertex
 10
21.7178113888889
 20
79.50295249999999
 30
0.0
  0
VERTEX
  5
E8
330
E5
100
AcDbEntity
  8
DEFAULT
 62
     7
100
AcDbVertex
100
AcDb2dVertex
 10
20.63795861111111
 20
79.35937194444443
 30
0.0
  0
SEQEND
  5
E9
330
E5
100
AcDbEntity
  8
DEFAULT
 62
     7
  0
SPLINE
  5
EA
330
1F
100
AcDbEntity
  8
DEFAULT
 62
     7
100
AcDbSpline
210
0.0
220
0.0
230
1.0
 70
     8
 71
     3
 72
    29
 73
    25
 74
     0
 42
0.000000001
 43
0.0000000001
 40
0.0
 40
0.0
 40
0.0
 40
0.0
 40
1.0
 40
1.0
 40
1.0
 40
2.0
 40
2.0
 40
2.0
 40
3.0
 40
3.0
 40
3.0
 40
4.0
 40
4.0
 40
4.0
 40
5.0
 40
5.0
 40
5.0
 40
6.0
 40
6.0
 40
6.0
 40
7.0
 40
7.0
 40
7.0
 40
8.0
 40
8.0
 40
8.0
 40
8.0
 10
19.34449888888889
 20
78.29426527777777
 30
0.0
 10
19.18222111111111
 20
78.2222986111111
 30
0.0
 10
18.866485
 20
78.27839027777777
 30
0.0
 10
18.62730166666666
 20
78.42479305555555
 30
0.0
 10
18.24524333333333
 20
78.6586847222222
 30
0.0
 10
18.14399611111111
 20
79.10847638888887
 30
0.0
 10
18.371185
 20
79.47924583333332
 30
0.0
 10
18.64882111111111
 20
79.93327083333332
 30
0.0
 10
19.14729611111111
 20
79.98160138888888
 30
0.0
 10
19.50077944444444
 20
79.76499583333333
 30
0.0
 10
19.768185
 20
79.60165972222221
 30
0.0
 10
19.907885
 20
79.34836527777777
 30
0.0
 10
19.90682666666667
 20
79.1970236111111
 30
0.0
 10
19.82956833333333
 20
79.08413472222222
 30
0.0
 10
19.11942666666667
 20
77.92667083333332
 30
0.0
 10
19.11942666666667
 20
77.92667083333332
 30
0.0
 10
18.89329611111111
 20
77.55766527777777
 30
0.0
 10
18.80192666666667
 20
77.55307916666666
 30
0.0
 10
18.57932388888889
 20
77.49769305555554
 30
0.0
 10
18.352135
 20
77.43560416666666
 30
0.0
 10
18.12494611111111
 20
77.51074583333332
 30
0.0
 10
17.94644055555555
 20
77.61975416666665
 30
0.0
 10
17.77675444444444
 20
77.7238236111111
 30
0.0
 10
17.61800444444444
 20
77.88504305555554
 30
0.0
 10
17.55697388888889
 20
78.0413236111111
 30
0.0
  0
POLYLINE
  5
EB
330
1F
100
AcDbEntity
  8
DEFAULT
 62
     7
100
AcDb2dPolyline
 66
     1
 10
0.0
 20
0.0
 30
0.0
  0
VERTEX
  5
EC
330
EB
100
AcDbEntity
  8
DEFAULT
 62
     7
100
AcDbVertex
100
AcDb2dVertex
 10
56.73668555555555
 20
77.45708833333333
 30
0.0
  0
VERTEX
  5
ED
330
EB
100
AcDbEntity
  8
DEFAULT
 62
     7
100
AcDbVertex
100
AcDb2dVertex
 10
54.1783411111111
 20
75.890755
 30
0.0
  0
SEQEND
  5
EE
330
EB
100
AcDbEntity
  8
DEFAULT
 62
     7
  0
POLYLINE
  5
EF
330
1F
100
AcDbEntity
  8
DEFAULT
 62
     7
100
AcDb2dPolyline
 66
     1
 10
0.0
 20
0.0
 30
0.0
  0
VERTEX
  5
F0
330
EF
100
AcDbEntity
  8
DEFAULT
 62
     7
100
AcDbVertex
100
AcDb2dVertex
 10
55.80979722222222
 20
78.82445500000001
 30
0.0
  0
VERTEX
  5
F1
330
EF
100
AcDbEntity
  8
DEFAULT
 62
     7
100
AcDbVertex
100
AcDb2dVertex
 10
54.48688055555557
 20
80.9852188888889
 30
0.0
  0
VERTEX
  5
F2
330
EF
100
AcDbEntity
  8
DEFAULT
 62
     7
100
AcDbVertex
100
AcDb2dVertex
 10
54.12387222222222
 20
79.95828277777777
 30
0.0
  0
SEQEND
  5
F3
330
EF
100
AcDbEntity
  8
DEFAULT
 62
     7
  0
SPLINE
  5
F4
330
1F
100
AcDbEntity
  8
DEFAULT
 62
     7
100
AcDbSpline
210
0.0
220
0.0
230
1.0
 70
     8
 71
     3
 72
    29
 73
    25
 74
     0
 42
0.000000001
 43
0.0000000001
 40
0.0
 40
0.0
 40
0.0
 40
0.0
 40
1.0
 40
1.0
 40
1.0
 40
2.0
 40
2.0
 40
2.0
 40
3.0
 40
3.0
 40
3.0
 40
4.0
 40
4.0
 40
4.0
 40
5.0
 40
5.0
 40
5.0
 40
6.0
 40
6.0
 40
6.0
 40
7.0
 40
7.0
 40
7.0
 40
8.0
 40
8.0
 40
8.0
 40
8.0
 10
54.48427
 20
78.32181722222222
 30
0.0
 10
54.474745
 20
78.14472277777777
 30
0.0
 10
54.28107
 20
77.88825333333332
 30
0.0
 10
54.04223944444445
 20
77.74220333333332
 30
0.0
 10
53.6601811111111
 20
77.5079588888889
 30
0.0
 10
53.21321166666666
 20
77.62261166666666
 30
0.0
 10
52.98602277777777
 20
77.9933811111111
 30
0.0
 10
52.70838666666667
 20
78.44705333333333
 30
0.0
 10
52.8918311111111
 20
78.91307277777777
 30
0.0
 10
53.24531444444444
 20
79.12967833333333
 30
0.0
 10
53.51272
 20
79.29336722222222
 30
0.0
 10
53.80129222222222
 20
79.30253944444443
 30
0.0
 10
53.93570055555555
 20
79.23304222222221
 30
0.0
 10
54.00131722222222
 20
79.11274499999999
 30
0.0
 10
54.709695
 20
77.95387
 30
0.0
 10
54.709695
 20
77.95387
 30
0.0
 10
54.93547277777778
 20
77.58486444444443
 30
0.0
 10
54.89772555555555
 20
77.50160888888888
 30
0.0
 10
54.84586722222222
 20
77.27794777777777
 30
0.0
 10
54.79788944444444
 20
77.04758388888888
 30
0.0
 10
54.62785055555555
 20
76.87930888888889
 30
0.0
 10
54.449345
 20
76.76994777777777
 30
0.0
 10
54.27965888888888
 20
76.66587833333332
 30
0.0
 10
54.06375888888888
 20
76.59779222222221
 30
0.0
 10
53.896895
 20
76.61437277777777
 30
0.0
  0
POLYLINE
  5
F5
330
1F
100
AcDbEntity
  8
DEFAULT
 62
     7
100
AcDb2dPolyline
 66
     1
 10
0.0
 20
0.0
 30
0.0
  0
VERTEX
  5
F6
330
F5
100
AcDbEntity
  8
DEFAULT
 62
     7
100
AcDbVertex
100
AcDb2dVertex
 10
55.6075497222222
 20
56.87970166666664
 30
0.0
  0
VERTEX
  5
F7
330
F5
100
AcDbEntity
  8
DEFAULT
 62
     7
100
AcDbVertex
100
AcDb2dVertex
 10
58.18106361111109
 20
55.33841555555553
 30
0.0
  0
SEQEND
  5
F8
330
F5
100
AcDbEntity
  8
DEFAULT
 62
     7
  0
POLYLINE
  5
F9
330
1F
100
AcDbEntity
  8
DEFAULT
 62
     7
100
AcDb2dPolyline
 66
     1
 10
0.0
 20
0.0
 30
0.0
  0
VERTEX
  5
FA
330
F9
100
AcDbEntity
  8
DEFAULT
 62
     7
100
AcDbVertex
100
AcDb2dVertex
 10
35.63824611111111
 20
67.49093972222222
 30
0.0
  0
VERTEX
  5
FB
330
F9
100
AcDbEntity
  8
DEFAULT
 62
     7
100
AcDbVertex
100
AcDb2dVertex
 10
38.13802944444444
 20
67.49093972222222
 30
0.0
  0
SEQEND
  5
FC
330
F9
100
AcDbEntity
  8
DEFAULT
 62
     7
  0
SPLINE
  5
FD
330
1F
100
AcDbEntity
  8
DEFAULT
 62
     7
100
AcDbSpline
210
0.0
220
0.0
230
1.0
 70
     8
 71
     3
 72
    26
 73
    22
 74
     0
 42
0.000000001
 43
0.0000000001
 40
0.0
 40
0.0
 40
0.0
 40
0.0
 40
2.453000000000003
 40
2.453000000000003
 40
2.453000000000003
 40
6.033000000000015
 40
6.033000000000015
 40
6.033000000000015
 40
7.033000000000015
 40
7.033000000000015
 40
7.033000000000015
 40
8.033000000000015
 40
8.033000000000015
 40
8.033000000000015
 40
9.033000000000015
 40
9.033000000000015
 40
9.033000000000015
 40
10.03300000000002
 40
10.03300000000002
 40
10.03300000000002
 40
11.03300000000002
 40
11.03300000000002
 40
11.03300000000002
 40
11.03300000000002
 10
37.10121555555556
 20
69.89840111111111
 30
0.0
 10
37.38967018518518
 20
69.89840111111111
 30
0.0
 10
37.67812481481482
 20
69.89840111111111
 30
0.0
 10
37.96657944444444
 20
69.89840111111111
 30
0.0
 10
37.96657944444444
 20
69.47741962962964
 30
0.0
 10
37.96657944444444
 20
69.05643814814815
 30
0.0
 10
37.96657944444444
 20
68.63545666666666
 30
0.0
 10
37.81453222222222
 20
68.58112888888888
 30
0.0
 10
37.51431833333334
 20
68.49117055555556
 30
0.0
 10
37.15977666666667
 20
68.49117055555556
 30
0.0
 10
36.76219611111111
 20
68.49117055555556
 30
0.0
 10
36.43481833333333
 20
68.59277055555556
 30
0.0
 10
36.17764333333334
 20
68.83795111111111
 30
0.0
 10
35.95151277777778
 20
69.05632055555556
 30
0.0
 10
35.81110722222222
 20
69.40698166666667
 30
0.0
 10
35.81110722222222
 20
69.81655666666666
 30
0.0
 10
35.81498777777777
 20
70.60007611111111
 30
0.0
 10
36.35297388888889
 20
71.17298722222222
 30
0.0
 10
37.23386
 20
71.17298722222222
 30
0.0
 10
37.53795444444444
 20
71.17298722222222
 30
0.0
 10
37.77572666666666
 20
71.106665
 30
0.0
 10
37.88861555555555
 20
71.05198444444444
 30
0.0
  0
SPLINE
  5
FE
330
1F
100
AcDbEntity
  8
DEFAULT
 62
     1
100
AcDbSpline
210
0.0
220
0.0
230
1.0
 70
     8
 71
     3
 72
    65
 73
    61
 74
     0
 42
0.000000001
 43
0.0000000001
 40
0.0
 40
0.0
 40
0.0
 40
0.0
 40
3.76268521138829
 40
3.76268521138829
 40
3.76268521138829
 40
4.76268521138829
 40
4.76268521138829
 40
4.76268521138829
 40
5.76268521138829
 40
5.76268521138829
 40
5.76268521138829
 40
6.76268521138829
 40
6.76268521138829
 40
6.76268521138829
 40
7.76268521138829
 40
7.76268521138829
 40
7.76268521138829
 40
11.44317430932078
 40
11.44317430932078
 40
11.44317430932078
 40
12.44317430932078
 40
12.44317430932078
 40
12.44317430932078
 40
13.44317430932078
 40
13.44317430932078
 40
13.44317430932078
 40
26.33863475088703
 40
26.33863475088703
 40
26.33863475088703
 40
34.84016990637512
 40
34.84016990637512
 40
34.84016990637512
 40
35.84016990637512
 40
35.84016990637512
 40
35.84016990637512
 40
36.84016990637512
 40
36.84016990637512
 40
36.84016990637512
 40
37.84016990637512
 40
37.84016990637512
 40
37.84016990637512
 40
38.84016990637512
 40
38.84016990637512
 40
38.84016990637512
 40
112.5401699063751
 40
112.5401699063751
 40
112.5401699063751
 40
113.5401699063751
 40
113.5401699063751
 40
113.5401699063751
 40
114.5401699063751
 40
114.5401699063751
 40
114.5401699063751
 40
115.5401699063751
 40
115.5401699063751
 40
115.5401699063751
 40
116.5401699063751
 40
116.5401699063751
 40
116.5401699063751
 40
120.2927157088937
 40
120.2927157088937
 40
120.2927157088937
 40
120.2927157088937
 10
16.73725944444445
 20
56.01705416666666
 30
0.0
 10
16.35743537037037
 20
55.79010046296295
 30
0.0
 10
15.9776112962963
 20
55.56314675925925
 30
0.0
 10
15.59778722222222
 20
55.33619305555555
 30
0.0
 10
16.17987055555556
 20
54.36605416666666
 30
0.0
 10
16.172815
 20
54.50010972222221
 30
0.0
 10
16.81839833333333
 20
53.42060972222221
 30
0.0
 10
17.46398166666667
 20
52.33405416666666
 30
0.0
 10
17.95434277777778
 20
51.45563749999999
 30
0.0
 10
17.81675944444444
 20
51.36744305555555
 30
0.0
 10
14.46889833333333
 20
49.36719305555555
 30
0.0
 10
12.712065
 20
51.68811805555554
 30
0.0
 10
11.86539833333333
 20
53.1066375
 30
0.0
 10
7.854315
 20
59.79883194444444
 30
0.0
 10
10.11914833333333
 20
64.06391527777777
 30
0.0
 10
13.59400944444444
 20
66.08885972222222
 30
0.0
 10
13.81978722222222
 20
66.45810046296296
 30
0.0
 10
14.045565
 20
66.8273412037037
 30
0.0
 10
14.27134277777778
 20
67.19658194444443
 30
0.0
 10
14.86753722222222
 20
68.16319305555555
 30
0.0
 10
14.744065
 20
68.09228472222222
 30
0.0
 10
15.40728722222222
 20
69.16860972222221
 30
0.0
 10
16.06698166666667
 20
70.24810972222221
 30
0.0
 10
16.05639833333333
 20
70.10347083333333
 30
0.0
 10
16.649065
 20
71.07713749999999
 30
0.0
 10
17.44046314814815
 20
72.37065601851852
 30
0.0
 10
18.23186129629629
 20
73.66417453703703
 30
0.0
 10
19.02325944444444
 20
74.95769305555555
 30
0.0
 10
18.17071314814815
 20
75.47980416666665
 30
0.0
 10
17.31816685185185
 20
76.00191527777777
 30
0.0
 10
16.46562055555555
 20
76.52402638888888
 30
0.0
 10
15.86942611111111
 20
75.55035972222221
 30
0.0
 10
15.98937055555556
 20
75.62444305555555
 30
0.0
 10
15.32967611111111
 20
74.5519986111111
 30
0.0
 10
14.66645388888889
 20
73.46897083333333
 30
0.0
 10
14.11259277777778
 20
72.62935972222222
 30
0.0
 10
13.97500944444444
 20
72.71402638888888
 30
0.0
 10
10.65184277777778
 20
74.74955416666666
 30
0.0
 10
11.89009277777778
 20
77.38480416666665
 30
0.0
 10
12.75439833333333
 20
78.79238749999999
 30
0.0
 10
16.82545388888889
 20
85.44930416666666
 30
0.0
 10
23.53175944444444
 20
89.04410972222222
 30
0.0
 10
23.888065
 20
82.79288749999999
 30
0.0
 10
32.55463907407407
 20
82.79288749999999
 30
0.0
 10
41.22121314814814
 20
82.79288749999999
 30
0.0
 10
49.88778722222222
 20
82.79288749999999
 30
0.0
 10
50.24409277777778
 20
89.04058194444444
 30
0.0
 10
56.95039833333333
 20
85.44930416666666
 30
0.0
 10
61.02145388888889
 20
78.78885972222221
 30
0.0
 10
61.88575944444445
 20
77.38127638888888
 30
0.0
 10
63.12753722222222
 20
74.7424986111111
 30
0.0
 10
59.80084277777777
 20
72.70697083333333
 30
0.0
 10
59.66325944444444
 20
72.62583194444443
 30
0.0
 10
59.10939833333333
 20
73.46544305555555
 30
0.0
 10
58.44970388888888
 20
74.5519986111111
 30
0.0
 10
57.78648166666667
 20
75.62091527777777
 30
0.0
 10
57.90642611111111
 20
75.54683194444445
 30
0.0
 10
57.31023166666667
 20
76.52049861111111
 30
0.0
 10
56.93393537037036
 20
76.29001712962963
 30
0.0
 10
56.55763907407407
 20
76.05953564814814
 30
0.0
 10
56.18134277777777
 20
75.82905416666665
 30
0.0
  0
SPLINE
  5
FF
330
1F
100
AcDbEntity
  8
DEFAULT
 62
     1
100
AcDbSpline
210
0.0
220
0.0
230
1.0
 70
     8
 71
     3
 72
   137
 73
   133
 74
     0
 42
0.000000001
 43
0.0000000001
 40
0.0
 40
0.0
 40
0.0
 40
0.0
 40
3.754618622443595
 40
3.754618622443595
 40
3.754618622443595
 40
16.6350580947598
 40
16.6350580947598
 40
16.6350580947598
 40
17.6350580947598
 40
17.6350580947598
 40
17.6350580947598
 40
18.6350580947598
 40
18.6350580947598
 40
18.6350580947598
 40
38.33253511594198
 40
38.33253511594198
 40
38.33253511594198
 40
39.33253511594198
 40
39.33253511594198
 40
39.33253511594198
 40
40.33253511594198
 40
40.33253511594198
 40
40.33253511594198
 40
41.33253511594198
 40
41.33253511594198
 40
41.33253511594198
 40
42.33253511594198
 40
42.33253511594198
 40
42.33253511594198
 40
43.33253511594198
 40
43.33253511594198
 40
43.33253511594198
 40
44.33253511594198
 40
44.33253511594198
 40
44.33253511594198
 40
45.33253511594198
 40
45.33253511594198
 40
45.33253511594198
 40
46.33253511594198
 40
46.33253511594198
 40
46.33253511594198
 40
47.33253511594198
 40
47.33253511594198
 40
47.33253511594198
 40
48.33253511594198
 40
48.33253511594198
 40
48.33253511594198
 40
49.33253511594198
 40
49.33253511594198
 40
49.33253511594198
 40
62.22253511594197
 40
62.22253511594197
 40
62.22253511594197
 40
70.72253511594197
 40
70.72253511594197
 40
70.72253511594197
 40
83.61253511594195
 40
83.61253511594195
 40
83.61253511594195
 40
84.61253511594195
 40
84.61253511594195
 40
84.61253511594195
 40
85.61253511594195
 40
85.61253511594195
 40
85.61253511594195
 40
86.61253511594195
 40
86.61253511594195
 40
86.61253511594195
 40
87.61253511594195
 40
87.61253511594195
 40
87.61253511594195
 40
88.61253511594195
 40
88.61253511594195
 40
88.61253511594195
 40
89.61253511594195
 40
89.61253511594195
 40
89.61253511594195
 40
90.61253511594195
 40
90.61253511594195
 40
90.61253511594195
 40
91.61253511594195
 40
91.61253511594195
 40
91.61253511594195
 40
92.61253511594195
 40
92.61253511594195
 40
92.61253511594195
 40
93.61253511594195
 40
93.61253511594195
 40
93.61253511594195
 40
94.61253511594195
 40
94.61253511594195
 40
94.61253511594195
 40
114.3006025680816
 40
114.3006025680816
 40
114.3006025680816
 40
115.3006025680816
 40
115.3006025680816
 40
115.3006025680816
 40
116.3006025680816
 40
116.3006025680816
 40
116.3006025680816
 40
129.1938953980766
 40
129.1938953980766
 40
129.1938953980766
 40
137.7019445281651
 40
137.7019445281651
 40
137.7019445281651
 40
138.7019445281651
 40
138.7019445281651
 40
138.7019445281651
 40
139.7019445281651
 40
139.7019445281651
 40
139.7019445281651
 40
140.7019445281651
 40
140.7019445281651
 40
140.7019445281651
 40
141.7019445281651
 40
141.7019445281651
 40
141.7019445281651
 40
145.3995112956488
 40
145.3995112956488
 40
145.3995112956488
 40
146.3995112956488
 40
146.3995112956488
 40
146.3995112956488
 40
147.3995112956488
 40
147.3995112956488
 40
147.3995112956488
 40
160.2949717372151
 40
160.2949717372151
 40
160.2949717372151
 40
164.0475175397337
 40
164.0475175397337
 40
164.0475175397337
 40
164.0475175397337
 10
17.03715583333333
 20
56.19690027777779
 30
0.0
 10
17.41580398148148
 20
56.42397157407409
 30
0.0
 10
17.79445212962963
 20
56.65104287037039
 30
0.0
 10
18.17310027777778
 20
56.87811416666668
 30
0.0
 10
18.94921138888889
 20
55.57742250000001
 30
0.0
 10
19.7253225
 20
54.27673083333334
 30
0.0
 10
20.50143361111111
 20
52.97603916666667
 30
0.0
 10
21.08704472222222
 20
51.99531694444445
 30
0.0
 10
20.97062805555555
 20
52.07328083333334
 30
0.0
 10
21.61621138888889
 20
50.98990027777778
 30
0.0
 10
22.26885027777778
 20
49.90334472222222
 30
0.0
 10
22.25826694444444
 20
50.04480861111112
 30
0.0
 10
22.84035027777777
 20
49.06726138888889
 30
0.0
 10
24.03038731481481
 20
47.08006416666666
 30
0.0
 10
25.22042435185185
 20
45.09286694444444
 30
0.0
 10
26.41046138888889
 20
43.10566972222222
 30
0.0
 10
26.41046138888889
 20
43.10566972222222
 30
0.0
 10
28.05087805555555
 20
41.12623361111111
 30
0.0
 10
29.73715583333333
 20
41.12623361111111
 30
0.0
 10
31.87851694444444
 20
41.12623361111111
 30
0.0
 10
32.11840583333333
 20
41.55309472222223
 30
0.0
 10
34.96179472222222
 20
41.55309472222223
 30
0.0
 10
35.19462805555555
 20
41.55309472222223
 30
0.0
 10
35.38865583333333
 20
41.6836225
 30
0.0
 10
35.38865583333333
 20
41.84272527777778
 30
0.0
 10
35.38865583333333
 20
42.98184472222222
 30
0.0
 10
35.45215583333334
 20
42.85131694444445
 30
0.0
 10
35.45215583333334
 20
44.11778916666666
 30
0.0
 10
35.45215583333334
 20
45.38073361111111
 30
0.0
 10
35.38865583333333
 20
45.25726138888889
 30
0.0
 10
35.38865583333333
 20
46.39320583333333
 30
0.0
 10
35.38865583333333
 20
47.52950305555556
 30
0.0
 10
35.45215583333334
 20
47.40215027777778
 30
0.0
 10
35.45215583333334
 20
48.6686225
 30
0.0
 10
35.45215583333334
 20
49.92803916666666
 30
0.0
 10
35.38865583333333
 20
49.80456694444445
 30
0.0
 10
35.38865583333333
 20
50.94403916666666
 30
0.0
 10
35.38865583333333
 20
52.07998361111112
 30
0.0
 10
35.45215583333334
 20
51.95298361111111
 30
0.0
 10
35.45215583333334
 20
53.21592805555556
 30
0.0
 10
35.45215583333334
 20
54.47887249999999
 30
0.0
 10
35.38865583333333
 20
54.35540027777778
 30
0.0
 10
35.38865583333333
 20
55.49134472222222
 30
0.0
 10
35.38865583333333
 20
56.62728916666666
 30
0.0
 10
35.45215583333334
 20
56.50028916666667
 30
0.0
 10
35.45215583333334
 20
57.76676138888888
 30
0.0
 10
35.45215583333334
 20
59.02653083333333
 30
0.0
 10
35.38865583333333
 20
58.90270583333333
 30
0.0
 10
35.38865583333333
 20
60.04217805555555
 30
0.0
 10
35.38865583333333
 20
61.55794657407407
 30
0.0
 10
35.38865583333333
 20
63.07371509259259
 30
0.0
 10
35.38865583333333
 20
64.5894836111111
 30
0.0
 10
36.38819287037037
 20
64.5894836111111
 30
0.0
 10
37.3877299074074
 20
64.5894836111111
 30
0.0
 10
38.38726694444444
 20
64.5894836111111
 30
0.0
 10
38.38726694444444
 20
63.07371509259259
 30
0.0
 10
38.38726694444444
 20
61.55794657407407
 30
0.0
 10
38.38726694444444
 20
60.04217805555555
 30
0.0
 10
38.38726694444444
 20
58.90270583333333
 30
0.0
 10
38.32376694444444
 20
59.02653083333333
 30
0.0
 10
38.32376694444444
 20
57.76676138888888
 30
0.0
 10
38.32376694444444
 20
56.50028916666667
 30
0.0
 10
38.38726694444444
 20
56.62728916666666
 30
0.0
 10
38.38726694444444
 20
55.49134472222222
 30
0.0
 10
38.38726694444444
 20
54.35540027777778
 30
0.0
 10
38.32376694444444
 20
54.47887249999999
 30
0.0
 10
38.32376694444444
 20
53.21592805555556
 30
0.0
 10
38.32376694444444
 20
51.95298361111111
 30
0.0
 10
38.38726694444444
 20
52.07998361111112
 30
0.0
 10
38.38726694444444
 20
50.94403916666666
 30
0.0
 10
38.38726694444444
 20
49.80456694444445
 30
0.0
 10
38.32376694444444
 20
49.92803916666666
 30
0.0
 10
38.32376694444444
 20
48.6686225
 30
0.0
 10
38.32376694444444
 20
47.40215027777778
 30
0.0
 10
38.38726694444444
 20
47.52950305555556
 30
0.0
 10
38.38726694444444
 20
46.39320583333333
 30
0.0
 10
38.38726694444444
 20
45.25726138888889
 30
0.0
 10
38.32376694444444
 20
45.38073361111111
 30
0.0
 10
38.32376694444444
 20
44.11778916666666
 30
0.0
 10
38.32376694444444
 20
42.85131694444445
 30
0.0
 10
38.38726694444444
 20
42.98184472222222
 30
0.0
 10
38.38726694444444
 20
41.84272527777778
 30
0.0
 10
38.38726694444444
 20
41.6836225
 30
0.0
 10
38.58129472222222
 20
41.55309472222223
 30
0.0
 10
38.81412805555555
 20
41.55309472222223
 30
0.0
 10
41.65751694444445
 20
41.55309472222223
 30
0.0
 10
41.90093361111111
 20
41.12623361111111
 30
0.0
 10
44.04229472222222
 20
41.12623361111111
 30
0.0
 10
45.73210027777777
 20
41.12623361111111
 30
0.0
 10
47.37251694444444
 20
43.10884472222222
 30
0.0
 10
47.37251694444444
 20
43.10884472222222
 30
0.0
 10
48.56020212962962
 20
45.09615953703704
 30
0.0
 10
49.74788731481481
 20
47.08347435185186
 30
0.0
 10
50.93557249999999
 20
49.07078916666667
 30
0.0
 10
51.52118361111111
 20
50.04480861111112
 30
0.0
 10
51.51060027777777
 20
49.90334472222222
 30
0.0
 10
52.15971138888888
 20
50.98990027777778
 30
0.0
 10
52.80529472222222
 20
52.07328083333334
 30
0.0
 10
52.68535027777777
 20
51.99531694444445
 30
0.0
 10
53.27448916666666
 20
52.97603916666667
 30
0.0
 10
54.0517762037037
 20
54.27778916666667
 30
0.0
 10
54.82906324074073
 20
55.57953916666666
 30
0.0
 10
55.60635027777777
 20
56.88128916666666
 30
0.0
 10
56.4647762037037
 20
56.36740953703704
 30
0.0
 10
57.32320212962961
 20
55.85352990740741
 30
0.0
 10
58.18162805555555
 20
55.33965027777777
 30
0.0
 10
57.59601694444444
 20
54.36633638888889
 30
0.0
 10
57.60660027777777
 20
54.50003916666667
 30
0.0
 10
56.96101694444445
 20
53.42053916666666
 30
0.0
 10
56.31190583333333
 20
52.33398361111112
 30
0.0
 10
55.8250725
 20
51.45591972222223
 30
0.0
 10
55.95560027777777
 20
51.36772527777778
 30
0.0
 10
59.30346138888888
 20
49.36747527777777
 30
0.0
 10
61.06382249999999
 20
51.6848725
 30
0.0
 10
61.91401694444444
 20
53.10303916666666
 30
0.0
 10
65.92157249999998
 20
59.79523361111111
 30
0.0
 10
63.65673916666666
 20
64.06031694444444
 30
0.0
 10
60.18187805555555
 20
66.08208638888888
 30
0.0
 10
59.95610027777777
 20
66.45367898148147
 30
0.0
 10
59.73032249999999
 20
66.82527157407407
 30
0.0
 10
59.50454472222221
 20
67.19686416666667
 30
0.0
 10
58.90835027777777
 20
68.15959472222222
 30
0.0
 10
59.0318225
 20
68.08551138888889
 30
0.0
 10
58.37212805555556
 20
69.16501138888889
 30
0.0
 10
57.70890583333333
 20
70.2409836111111
 30
0.0
 10
57.71948916666665
 20
70.0998725
 30
0.0
 10
57.1268225
 20
71.07353916666666
 30
0.0
 10
56.33542435185185
 20
72.36705768518517
 30
0.0
 10
55.54402620370369
 20
73.6605762037037
 30
0.0
 10
54.75262805555555
 20
74.95409472222221
 30
0.0
 10
55.12892435185184
 20
75.1845762037037
 30
0.0
 10
55.50522064814815
 20
75.41505768518518
 30
0.0
 10
55.88151694444444
 20
75.64553916666667
 30
0.0
  0
POLYLINE
  5
100
330
1F
100
AcDbEntity
  8
DEFAULT
 62
     7
100
AcDb2dPolyline
 66
     1
 10
0.0
 20
0.0
 30
0.0
  0
VERTEX
  5
101
330
100
100
AcDbEntity
  8
DEFAULT
 62
     7
100
AcDbVertex
100
AcDb2dVertex
 10
19.58978527777778
 20
119.2018472222222
 30
0.0
  0
VERTEX
  5
102
330
100
100
AcDbEntity
  8
DEFAULT
 62
     7
100
AcDbVertex
100
AcDb2dVertex
 10
17.03179361111112
 20
120.7688861111111
 30
0.0
  0
SEQEND
  5
103
330
100
100
AcDbEntity
  8
DEFAULT
 62
     7
  0
POLYLINE
  5
104
330
1F
100
AcDbEntity
  8
DEFAULT
 62
     7
100
AcDb2dPolyline
 66
     1
 10
0.0
 20
0.0
 30
0.0
  0
VERTEX
  5
105
330
104
100
AcDbEntity
  8
DEFAULT
 62
     7
100
AcDbVertex
100
AcDb2dVertex
 10
20.00387583333333
 20
120.1207980555556
 30
0.0
  0
VERTEX
  5
106
330
104
100
AcDbEntity
  8
DEFAULT
 62
     7
100
AcDbVertex
100
AcDb2dVertex
 10
21.32749805555556
 20
122.2812091666667
 30
0.0
  0
VERTEX
  5
107
330
104
100
AcDbEntity
  8
DEFAULT
 62
     7
100
AcDbVertex
100
AcDb2dVertex
 10
20.24764527777777
 20
122.1379813888889
 30
0.0
  0
SEQEND
  5
108
330
104
100
AcDbEntity
  8
DEFAULT
 62
     7
  0
SPLINE
  5
109
330
1F
100
AcDbEntity
  8
DEFAULT
 62
     7
100
AcDbSpline
210
0.0
220
0.0
230
1.0
 70
     8
 71
     3
 72
    11
 73
     7
 74
     0
 42
0.000000001
 43
0.0000000001
 40
0.0
 40
0.0
 40
0.0
 40
0.0
 40
5.347377768589066
 40
5.347377768589066
 40
5.347377768589066
 40
6.347377768589066
 40
6.347377768589066
 40
6.347377768589066
 40
6.347377768589066
 10
18.11580916666667
 20
121.2774858333333
 30
0.0
 10
18.44424527777778
 20
121.8137080555555
 30
0.0
 10
18.77268138888889
 20
122.3499302777778
 30
0.0
 10
19.1011175
 20
122.8861525
 30
0.0
 10
19.52480361111111
 20
123.5772441666667
 30
0.0
 10
20.04832583333333
 20
123.6365108333333
 30
0.0
 10
20.38275916666667
 20
123.1207497222222
 30
0.0
  0
POLYLINE
  5
10A
330
1F
100
AcDbEntity
  8
DEFAULT
 62
     7
100
AcDb2dPolyline
 66
     1
 10
0.0
 20
0.0
 30
0.0
  0
VERTEX
  5
10B
330
10A
100
AcDbEntity
  8
DEFAULT
 62
     7
100
AcDbVertex
100
AcDb2dVertex
 10
18.64910333333332
 20
123.1631888888889
 30
0.0
  0
VERTEX
  5
10C
330
10A
100
AcDbEntity
  8
DEFAULT
 62
     7
100
AcDbVertex
100
AcDb2dVertex
 10
19.77869777777777
 20
122.4710388888889
 30
0.0
  0
SEQEND
  5
10D
330
10A
100
AcDbEntity
  8
DEFAULT
 62
     7
  0
POLYLINE
  5
10E
330
1F
100
AcDbEntity
  8
DEFAULT
 62
     7
100
AcDb2dPolyline
 66
     1
 10
0.0
 20
0.0
 30
0.0
  0
VERTEX
  5
10F
330
10E
100
AcDbEntity
  8
DEFAULT
 62
     7
100
AcDbVertex
100
AcDb2dVertex
 10
56.73513333333333
 20
120.7603841666667
 30
0.0
  0
VERTEX
  5
110
330
10E
100
AcDbEntity
  8
DEFAULT
 62
     7
100
AcDbVertex
100
AcDb2dVertex
 10
54.17678888888889
 20
119.1940508333333
 30
0.0
  0
SEQEND
  5
111
330
10E
100
AcDbEntity
  8
DEFAULT
 62
     7
  0
POLYLINE
  5
112
330
1F
100
AcDbEntity
  8
DEFAULT
 62
     7
100
AcDb2dPolyline
 66
     1
 10
0.0
 20
0.0
 30
0.0
  0
VERTEX
  5
113
330
112
100
AcDbEntity
  8
DEFAULT
 62
     7
100
AcDbVertex
100
AcDb2dVertex
 10
56.10486055555555
 20
121.5469022222222
 30
0.0
  0
VERTEX
  5
114
330
112
100
AcDbEntity
  8
DEFAULT
 62
     7
100
AcDbVertex
100
AcDb2dVertex
 10
54.78194388888888
 20
123.7076661111111
 30
0.0
  0
VERTEX
  5
115
330
112
100
AcDbEntity
  8
DEFAULT
 62
     7
100
AcDbVertex
100
AcDb2dVertex
 10
54.41893555555555
 20
122.68073
 30
0.0
  0
SEQEND
  5
116
330
112
100
AcDbEntity
  8
DEFAULT
 62
     7
  0
SPLINE
  5
117
330
1F
100
AcDbEntity
  8
DEFAULT
 62
     7
100
AcDbSpline
210
0.0
220
0.0
230
1.0
 70
     8
 71
     3
 72
    11
 73
     7
 74
     0
 42
0.000000001
 43
0.0000000001
 40
0.0
 40
0.0
 40
0.0
 40
0.0
 40
5.347708387711474
 40
5.347708387711474
 40
5.347708387711474
 40
6.347708387711474
 40
6.347708387711474
 40
6.347708387711474
 40
6.347708387711474
 10
54.2164411111111
 20
120.3907436111111
 30
0.0
 10
53.88812259259259
 20
120.9270834259259
 30
0.0
 10
53.55980407407407
 20
121.4634232407407
 30
0.0
 10
53.23148555555555
 20
121.9997630555555
 30
0.0
 10
52.80815222222223
 20
122.6908547222222
 30
0.0
 10
52.99336055555555
 20
123.1840380555555
 30
0.0
 10
53.60472444444444
 20
123.2475380555556
 30
0.0
  0
POLYLINE
  5
118
330
1F
100
AcDbEntity
  8
DEFAULT
 62
     7
100
AcDb2dPolyline
 66
     1
 10
0.0
 20
0.0
 30
0.0
  0
VERTEX
  5
119
330
118
100
AcDbEntity
  8
DEFAULT
 62
     7
100
AcDbVertex
100
AcDb2dVertex
 10
52.77915388888889
 20
121.7226208333333
 30
0.0
  0
VERTEX
  5
11A
330
118
100
AcDbEntity
  8
DEFAULT
 62
     7
100
AcDbVertex
100
AcDb2dVertex
 10
53.90910111111111
 20
122.4144180555556
 30
0.0
  0
SEQEND
  5
11B
330
118
100
AcDbEntity
  8
DEFAULT
 62
     7
  0
POLYLINE
  5
11C
330
1F
100
AcDbEntity
  8
DEFAULT
 62
     7
100
AcDb2dPolyline
 66
     1
 10
0.0
 20
0.0
 30
0.0
  0
VERTEX
  5
11D
330
11C
100
AcDbEntity
  8
DEFAULT
 62
     7
100
AcDbVertex
100
AcDb2dVertex
 10
58.74638999999998
 20
99.5844394444444
 30
0.0
  0
VERTEX
  5
11E
330
11C
100
AcDbEntity
  8
DEFAULT
 62
     7
100
AcDbVertex
100
AcDb2dVertex
 10
56.17252333333332
 20
101.1253727777777
 30
0.0
  0
SEQEND
  5
11F
330
11C
100
AcDbEntity
  8
DEFAULT
 62
     7
  0
SPLINE
  5
120
330
1F
100
AcDbEntity
  8
DEFAULT
 62
     7
100
AcDbSpline
210
0.0
220
0.0
230
1.0
 70
     8
 71
     3
 72
    17
 73
    13
 74
     0
 42
0.000000001
 43
0.0000000001
 40
0.0
 40
0.0
 40
0.0
 40
0.0
 40
3.462900807126882
 40
3.462900807126882
 40
3.462900807126882
 40
4.462900807126882
 40
4.462900807126882
 40
4.462900807126882
 40
5.462900807126882
 40
5.462900807126882
 40
5.462900807126882
 40
6.462900807126882
 40
6.462900807126882
 40
6.462900807126882
 40
6.462900807126882
 10
59.22507416666665
 20
100.4634558333333
 30
0.0
 10
58.87570657407406
 20
100.6726530555555
 30
0.0
 10
58.52633898148147
 20
100.8818502777778
 30
0.0
 10
58.17697138888887
 20
101.0910475
 30
0.0
 10
58.17697138888889
 20
101.0910475
 30
0.0
 10
60.00436027777778
 20
101.7207558333333
 30
0.0
 10
60.24460194444444
 20
102.1222169444444
 30
0.0
 10
60.43086861111111
 20
102.4330141666667
 30
0.0
 10
60.41005472222222
 20
102.7568641666666
 30
0.0
 10
60.0357575
 20
102.9812308333333
 30
0.0
 10
59.83502694444444
 20
103.1015280555555
 30
0.0
 10
59.46496305555556
 20
103.1449197222222
 30
0.0
 10
59.21942972222222
 20
102.7349919444444
 30
0.0
  0
SPLINE
  5
121
330
1F
100
AcDbEntity
  8
DEFAULT
 62
     7
100
AcDbSpline
210
0.0
220
0.0
230
1.0
 70
     8
 71
     3
 72
    11
 73
     7
 74
     0
 42
0.000000001
 43
0.0000000001
 40
0.0
 40
0.0
 40
0.0
 40
0.0
 40
5.347499696119701
 40
5.347499696119701
 40
5.347499696119701
 40
6.347499696119701
 40
6.347499696119701
 40
6.347499696119701
 40
6.347499696119701
 10
56.95494916666667
 20
101.8223558333333
 30
0.0
 10
57.27797601851853
 20
102.3618706481482
 30
0.0
 10
57.60100287037039
 20
102.901385462963
 30
0.0
 10
57.92402972222224
 20
103.4409002777778
 30
0.0
 10
58.34030749999999
 20
104.1365780555555
 30
0.0
 10
58.86347694444444
 20
104.2007836111111
 30
0.0
 10
59.20284916666666
 20
103.6885502777778
 30
0.0
  0
POLYLINE
  5
122
330
1F
100
AcDbEntity
  8
DEFAULT
 62
     7
100
AcDb2dPolyline
 66
     1
 10
0.0
 20
0.0
 30
0.0
  0
VERTEX
  5
123
330
122
100
AcDbEntity
  8
DEFAULT
 62
     7
100
AcDbVertex
100
AcDb2dVertex
 10
57.71924222222222
 20
103.5635258333333
 30
0.0
  0
VERTEX
  5
124
330
122
100
AcDbEntity
  8
DEFAULT
 62
     7
100
AcDbVertex
100
AcDb2dVertex
 10
58.48300611111112
 20
103.1063258333333
 30
0.0
  0
SEQEND
  5
125
330
122
100
AcDbEntity
  8
DEFAULT
 62
     7
  0
POLYLINE
  5
126
330
1F
100
AcDbEntity
  8
DEFAULT
 62
     7
100
AcDb2dPolyline
 66
     1
 10
0.0
 20
0.0
 30
0.0
  0
VERTEX
  5
127
330
126
100
AcDbEntity
  8
DEFAULT
 62
     7
100
AcDbVertex
100
AcDb2dVertex
 10
17.6069625
 20
101.1261136111111
 30
0.0
  0
VERTEX
  5
128
330
126
100
AcDbEntity
  8
DEFAULT
 62
     7
100
AcDbVertex
100
AcDb2dVertex
 10
15.03309583333332
 20
99.58482749999997
 30
0.0
  0
SEQEND
  5
129
330
126
100
AcDbEntity
  8
DEFAULT
 62
     7
  0
SPLINE
  5
12A
330
1F
100
AcDbEntity
  8
DEFAULT
 62
     7
100
AcDbSpline
210
0.0
220
0.0
230
1.0
 70
     8
 71
     3
 72
    17
 73
    13
 74
     0
 42
0.000000001
 43
0.0000000001
 40
0.0
 40
0.0
 40
0.0
 40
0.0
 40
3.462900807126857
 40
3.462900807126857
 40
3.462900807126857
 40
4.462900807126857
 40
4.462900807126857
 40
4.462900807126857
 40
5.462900807126857
 40
5.462900807126857
 40
5.462900807126857
 40
6.462900807126857
 40
6.462900807126857
 40
6.462900807126857
 40
6.462900807126857
 10
17.0581461111111
 20
101.9632552777778
 30
0.0
 10
16.70877851851851
 20
101.7540580555556
 30
0.0
 10
16.35941092592592
 20
101.5448608333333
 30
0.0
 10
16.01004333333333
 20
101.3356636111111
 30
0.0
 10
16.01004333333333
 20
101.3356636111111
 30
0.0
 10
16.31766555555555
 20
103.2438386111111
 30
0.0
 10
16.07742388888889
 20
103.6452997222222
 30
0.0
 10
15.89080444444444
 20
103.9560969444444
 30
0.0
 10
15.59588222222222
 20
104.0908580555555
 30
0.0
 10
15.22123222222222
 20
103.8664913888889
 30
0.0
 10
15.02085444444444
 20
103.7465469444444
 30
0.0
 10
14.80742388888889
 20
103.4406886111111
 30
0.0
 10
15.05295722222222
 20
103.0307608333333
 30
0.0
  0
SPLINE
  5
12B
330
1F
100
AcDbEntity
  8
DEFAULT
 62
     7
100
AcDbSpline
210
0.0
220
0.0
230
1.0
 70
     8
 71
     3
 72
    11
 73
     7
 74
     0
 42
0.000000001
 43
0.0000000001
 40
0.0
 40
0.0
 40
0.0
 40
0.0
 40
5.347499696119741
 40
5.347499696119741
 40
5.347499696119741
 40
6.347499696119741
 40
6.347499696119741
 40
6.347499696119741
 40
6.347499696119741
 10
14.7881975
 20
100.6036497222222
 30
0.0
 10
14.46517064814814
 20
101.143164537037
 30
0.0
 10
14.14214379629629
 20
101.6826793518519
 30
0.0
 10
13.81911694444444
 20
102.2221941666667
 30
0.0
 10
13.40248638888889
 20
102.9175191666667
 30
0.0
 10
13.59263361111111
 20
103.4089386111111
 30
0.0
 10
14.20470305555555
 20
103.4664413888889
 30
0.0
  0
POLYLINE
  5
12C
330
1F
100
AcDbEntity
  8
DEFAULT
 62
     7
100
AcDb2dPolyline
 66
     1
 10
0.0
 20
0.0
 30
0.0
  0
VERTEX
  5
12D
330
12C
100
AcDbEntity
  8
DEFAULT
 62
     7
100
AcDbVertex
100
AcDb2dVertex
 10
13.61425888888889
 20
102.0995333333333
 30
0.0
  0
VERTEX
  5
12E
330
12C
100
AcDbEntity
  8
DEFAULT
 62
     7
100
AcDbVertex
100
AcDb2dVertex
 10
14.37802277777777
 20
102.5567333333333
 30
0.0
  0
SEQEND
  5
12F
330
12C
100
AcDbEntity
  8
DEFAULT
 62
     7
  0
POLYLINE
  5
130
330
1F
100
AcDbEntity
  8
DEFAULT
 62
     7
100
AcDb2dPolyline
 66
     1
 10
0.0
 20
0.0
 30
0.0
  0
VERTEX
  5
131
330
130
100
AcDbEntity
  8
DEFAULT
 62
     7
100
AcDbVertex
100
AcDb2dVertex
 10
35.63824611111111
 20
110.7940944444444
 30
0.0
  0
VERTEX
  5
132
330
130
100
AcDbEntity
  8
DEFAULT
 62
     7
100
AcDbVertex
100
AcDb2dVertex
 10
38.13802944444444
 20
110.7940944444444
 30
0.0
  0
SEQEND
  5
133
330
130
100
AcDbEntity
  8
DEFAULT
 62
     7
  0
POLYLINE
  5
134
330
1F
100
AcDbEntity
  8
DEFAULT
 62
     7
100
AcDb2dPolyline
 66
     1
 10
0.0
 20
0.0
 30
0.0
  0
VERTEX
  5
135
330
134
100
AcDbEntity
  8
DEFAULT
 62
     7
100
AcDbVertex
100
AcDb2dVertex
 10
36.18014805555556
 20
113.2635388888889
 30
0.0
  0
VERTEX
  5
136
330
134
100
AcDbEntity
  8
DEFAULT
 62
     7
100
AcDbVertex
100
AcDb2dVertex
 10
37.51329527777777
 20
113.2635388888889
 30
0.0
  0
SEQEND
  5
137
330
134
100
AcDbEntity
  8
DEFAULT
 62
     7
  0
POLYLINE
  5
138
330
1F
100
AcDbEntity
  8
DEFAULT
 62
     7
100
AcDb2dPolyline
 66
     1
 10
0.0
 20
0.0
 30
0.0
  0
VERTEX
  5
139
330
138
100
AcDbEntity
  8
DEFAULT
 62
     7
100
AcDbVertex
100
AcDb2dVertex
 10
36.18014805555556
 20
111.7941841666667
 30
0.0
  0
VERTEX
  5
13A
330
138
100
AcDbEntity
  8
DEFAULT
 62
     7
100
AcDbVertex
100
AcDb2dVertex
 10
36.18014805555556
 20
114.4213202777778
 30
0.0
  0
VERTEX
  5
13B
330
138
100
AcDbEntity
  8
DEFAULT
 62
     7
100
AcDbVertex
100
AcDb2dVertex
 10
37.59478694444444
 20
114.4213202777778
 30
0.0
  0
SEQEND
  5
13C
330
138
100
AcDbEntity
  8
DEFAULT
 62
     7
  0
SPLINE
  5
13D
330
1F
100
AcDbEntity
  8
DEFAULT
 62
     1
100
AcDbSpline
210
0.0
220
0.0
230
1.0
 70
     8
 71
     3
 72
    65
 73
    61
 74
     0
 42
0.000000001
 43
0.0000000001
 40
0.0
 40
0.0
 40
0.0
 40
0.0
 40
3.762685211388266
 40
3.762685211388266
 40
3.762685211388266
 40
4.762685211388266
 40
4.762685211388266
 40
4.762685211388266
 40
5.762685211388266
 40
5.762685211388266
 40
5.762685211388266
 40
6.762685211388266
 40
6.762685211388266
 40
6.762685211388266
 40
7.762685211388266
 40
7.762685211388266
 40
7.762685211388266
 40
11.44317430932076
 40
11.44317430932076
 40
11.44317430932076
 40
12.44317430932076
 40
12.44317430932076
 40
12.44317430932076
 40
13.44317430932076
 40
13.44317430932076
 40
13.44317430932076
 40
26.34385646182727
 40
26.34385646182727
 40
26.34385646182727
 40
34.84539161731536
 40
34.84539161731536
 40
34.84539161731536
 40
35.84539161731536
 40
35.84539161731536
 40
35.84539161731536
 40
36.84539161731536
 40
36.84539161731536
 40
36.84539161731536
 40
37.84539161731536
 40
37.84539161731536
 40
37.84539161731536
 40
38.84539161731536
 40
38.84539161731536
 40
38.84539161731536
 40
112.5453916173153
 40
112.5453916173153
 40
112.5453916173153
 40
113.5453916173153
 40
113.5453916173153
 40
113.5453916173153
 40
114.5453916173153
 40
114.5453916173153
 40
114.5453916173153
 40
115.5453916173153
 40
115.5453916173153
 40
115.5453916173153
 40
116.5453916173153
 40
116.5453916173153
 40
116.5453916173153
 40
120.3064685907367
 40
120.3064685907367
 40
120.3064685907367
 40
120.3064685907367
 10
16.73725944444445
 20
99.32052638888888
 30
0.0
 10
16.35743537037037
 20
99.09357268518518
 30
0.0
 10
15.9776112962963
 20
98.86661898148147
 30
0.0
 10
15.59778722222223
 20
98.63966527777777
 30
0.0
 10
16.17987055555556
 20
97.66952638888888
 30
0.0
 10
16.172815
 20
97.80358194444443
 30
0.0
 10
16.81839833333333
 20
96.72408194444444
 30
0.0
 10
17.46398166666667
 20
95.63752638888889
 30
0.0
 10
17.95434277777778
 20
94.75558194444443
 30
0.0
 10
17.81675944444444
 20
94.67091527777777
 30
0.0
 10
14.46889833333333
 20
92.67066527777776
 30
0.0
 10
12.712065
 20
94.99194305555555
 30
0.0
 10
11.86187055555556
 20
96.41010972222222
 30
0.0
 10
7.854315
 20
103.1023041666667
 30
0.0
 10
9.780481666666667
 20
107.1557208333333
 30
0.0
 10
13.58695388888889
 20
109.3958597222222
 30
0.0
 10
13.81273166666667
 20
109.7651004629629
 30
0.0
 10
14.03850944444444
 20
110.1343412037037
 30
0.0
 10
14.26428722222222
 20
110.5035819444444
 30
0.0
 10
14.86048166666667
 20
111.4701930555555
 30
0.0
 10
14.73700944444444
 20
111.3996375
 30
0.0
 10
15.39670388888889
 20
112.4756097222222
 30
0.0
 10
16.05639833333333
 20
113.5551097222222
 30
0.0
 10
16.04934277777778
 20
113.4104708333333
 30
0.0
 10
16.63848166666667
 20
114.3841375
 30
0.0
 10
17.43105574074074
 20
115.6776560185185
 30
0.0
 10
18.22362981481482
 20
116.971174537037
 30
0.0
 10
19.01620388888889
 20
118.2646930555555
 30
0.0
 10
18.16365759259259
 20
118.7868041666666
 30
0.0
 10
17.3111112962963
 20
119.3089152777778
 30
0.0
 10
16.458565
 20
119.8310263888889
 30
0.0
 10
15.86237055555556
 20
118.8573597222222
 30
0.0
 10
15.97878722222222
 20
118.9314430555556
 30
0.0
 10
15.31909277777778
 20
117.8589986111111
 30
0.0
 10
14.65939833333333
 20
116.7759708333333
 30
0.0
 10
14.10553722222222
 20
115.9363597222222
 30
0.0
 10
13.96795388888889
 20
116.0210263888889
 30
0.0
 10
10.64125944444444
 20
118.0565541666667
 30
0.0
 10
11.89009277777778
 20
120.6882763888889
 30
0.0
 10
12.75087055555555
 20
122.0958597222222
 30
0.0
 10
16.82545388888889
 20
128.7527763888889
 30
0.0
 10
23.52823166666666
 20
132.3475819444444
 30
0.0
 10
23.888065
 20
126.0963597222222
 30
0.0
 10
32.55463907407407
 20
126.0963597222222
 30
0.0
 10
41.22121314814814
 20
126.0963597222222
 30
0.0
 10
49.88778722222222
 20
126.0963597222222
 30
0.0
 10
50.24409277777778
 20
132.3440541666667
 30
0.0
 10
56.95039833333333
 20
128.7527763888889
 30
0.0
 10
61.02145388888889
 20
122.0923319444444
 30
0.0
 10
61.88223166666666
 20
120.6847486111111
 30
0.0
 10
63.12400944444444
 20
118.0459708333333
 30
0.0
 10
59.80084277777777
 20
116.0104430555555
 30
0.0
 10
59.66325944444444
 20
115.9293041666667
 30
0.0
 10
59.10587055555555
 20
116.7689152777778
 30
0.0
 10
58.44617611111111
 20
117.8554708333333
 30
0.0
 10
57.78648166666667
 20
118.9243875
 30
0.0
 10
57.90642611111111
 20
118.8503041666667
 30
0.0
 10
57.31023166666667
 20
119.8204430555555
 30
0.0
 10
56.93275944444444
 20
119.5899615740741
 30
0.0
 10
56.55528722222223
 20
119.3594800925926
 30
0.0
 10
56.177815
 20
119.1289986111111
 30
0.0
  0
SPLINE
  5
13E
330
1F
100
AcDbEntity
  8
DEFAULT
 62
     1
100
AcDbSpline
210
0.0
220
0.0
230
1.0
 70
     8
 71
     3
 72
   137
 73
   133
 74
     0
 42
0.000000001
 43
0.0000000001
 40
0.0
 40
0.0
 40
0.0
 40
0.0
 40
3.754104420497653
 40
3.754104420497653
 40
3.754104420497653
 40
16.63368515901551
 40
16.63368515901551
 40
16.63368515901551
 40
17.63368515901551
 40
17.63368515901551
 40
17.63368515901551
 40
18.63368515901551
 40
18.63368515901551
 40
18.63368515901551
 40
38.33202011403139
 40
38.33202011403139
 40
38.33202011403139
 40
39.33202011403139
 40
39.33202011403139
 40
39.33202011403139
 40
40.33202011403139
 40
40.33202011403139
 40
40.33202011403139
 40
41.33202011403139
 40
41.33202011403139
 40
41.33202011403139
 40
42.33202011403139
 40
42.33202011403139
 40
42.33202011403139
 40
43.33202011403139
 40
43.33202011403139
 40
43.33202011403139
 40
44.33202011403139
 40
44.33202011403139
 40
44.33202011403139
 40
45.33202011403139
 40
45.33202011403139
 40
45.33202011403139
 40
46.33202011403139
 40
46.33202011403139
 40
46.33202011403139
 40
47.33202011403139
 40
47.33202011403139
 40
47.33202011403139
 40
48.33202011403139
 40
48.33202011403139
 40
48.33202011403139
 40
49.33202011403139
 40
49.33202011403139
 40
49.33202011403139
 40
62.22202011403143
 40
62.22202011403143
 40
62.22202011403143
 40
70.72202011403144
 40
70.72202011403144
 40
70.72202011403144
 40
83.61202011403148
 40
83.61202011403148
 40
83.61202011403148
 40
84.61202011403148
 40
84.61202011403148
 40
84.61202011403148
 40
85.61202011403148
 40
85.61202011403148
 40
85.61202011403148
 40
86.61202011403148
 40
86.61202011403148
 40
86.61202011403148
 40
87.61202011403148
 40
87.61202011403148
 40
87.61202011403148
 40
88.61202011403148
 40
88.61202011403148
 40
88.61202011403148
 40
89.61202011403148
 40
89.61202011403148
 40
89.61202011403148
 40
90.61202011403148
 40
90.61202011403148
 40
90.61202011403148
 40
91.61202011403148
 40
91.61202011403148
 40
91.61202011403148
 40
92.61202011403148
 40
92.61202011403148
 40
92.61202011403148
 40
93.61202011403148
 40
93.61202011403148
 40
93.61202011403148
 40
94.61202011403148
 40
94.61202011403148
 40
94.61202011403148
 40
114.3000875661711
 40
114.3000875661711
 40
114.3000875661711
 40
115.3000875661711
 40
115.3000875661711
 40
115.3000875661711
 40
116.3000875661711
 40
116.3000875661711
 40
116.3000875661711
 40
129.1847955566535
 40
129.1847955566535
 40
129.1847955566535
 40
137.692844686742
 40
137.692844686742
 40
137.692844686742
 40
138.692844686742
 40
138.692844686742
 40
138.692844686742
 40
139.692844686742
 40
139.692844686742
 40
139.692844686742
 40
140.692844686742
 40
140.692844686742
 40
140.692844686742
 40
141.692844686742
 40
141.692844686742
 40
141.692844686742
 40
145.3923176221748
 40
145.3923176221748
 40
145.3923176221748
 40
146.3923176221748
 40
146.3923176221748
 40
146.3923176221748
 40
147.3923176221748
 40
147.3923176221748
 40
147.3923176221748
 40
160.2877780637411
 40
160.2877780637411
 40
160.2877780637411
 40
164.0403238662597
 40
164.0403238662597
 40
164.0403238662597
 40
164.0403238662597
 10
17.03715583333333
 20
99.50037249999998
 30
0.0
 10
17.41580398148148
 20
99.72732620370368
 30
0.0
 10
17.79445212962963
 20
99.95427990740738
 30
0.0
 10
18.17310027777777
 20
100.1812336111111
 30
0.0
 10
18.94921138888889
 20
98.88065953703703
 30
0.0
 10
19.7253225
 20
97.58008546296294
 30
0.0
 10
20.50143361111111
 20
96.27951138888888
 30
0.0
 10
21.08704472222222
 20
95.29878916666664
 30
0.0
 10
20.97062805555555
 20
95.37640027777776
 30
0.0
 10
21.61621138888889
 20
94.29337249999999
 30
0.0
 10
22.26885027777778
 20
93.20681694444444
 30
0.0
 10
22.25826694444444
 20
93.34792805555554
 30
0.0
 10
22.84035027777777
 20
92.37426138888888
 30
0.0
 10
24.03038731481481
 20
90.38694657407406
 30
0.0
 10
25.22042435185185
 20
88.39963175925925
 30
0.0
 10
26.41046138888889
 20
86.41231694444443
 30
0.0
 10
26.41046138888889
 20
86.41231694444443
 30
0.0
 10
27.70515583333333
 20
84.86362249999998
 30
0.0
 10
29.39143361111111
 20
84.86362249999998
 30
0.0
 10
31.53279472222222
 20
84.86362249999998
 30
0.0
 10
32.11840583333333
 20
84.85656694444444
 30
0.0
 10
34.96179472222222
 20
84.85656694444444
 30
0.0
 10
35.19462805555555
 20
84.85656694444444
 30
0.0
 10
35.38865583333333
 20
84.98709472222221
 30
0.0
 10
35.38865583333333
 20
85.14584472222221
 30
0.0
 10
35.38865583333333
 20
86.28531694444443
 30
0.0
 10
35.45215583333334
 20
86.15478916666666
 30
0.0
 10
35.45215583333334
 20
87.42126138888887
 30
0.0
 10
35.45215583333334
 20
88.68420583333332
 30
0.0
 10
35.38865583333333
 20
88.55720583333331
 30
0.0
 10
35.38865583333333
 20
89.69667805555554
 30
0.0
 10
35.38865583333333
 20
90.83262249999999
 30
0.0
 10
35.45215583333334
 20
90.70562249999999
 30
0.0
 10
35.45215583333334
 20
91.97209472222222
 30
0.0
 10
35.45215583333334
 20
93.23151138888888
 30
0.0
 10
35.38865583333333
 20
93.10803916666666
 30
0.0
 10
35.38865583333333
 20
94.24751138888888
 30
0.0
 10
35.38865583333333
 20
95.38345583333331
 30
0.0
 10
35.45215583333334
 20
95.25292805555553
 30
0.0
 10
35.45215583333334
 20
96.51940027777776
 30
0.0
 10
35.45215583333334
 20
97.7823447222222
 30
0.0
 10
35.38865583333333
 20
97.65887249999997
 30
0.0
 10
35.38865583333333
 20
98.79481694444443
 30
0.0
 10
35.38865583333333
 20
99.93076138888888
 30
0.0
 10
35.45215583333334
 20
99.80376138888887
 30
0.0
 10
35.45215583333334
 20
101.0702336111111
 30
0.0
 10
35.45215583333334
 20
102.3296502777778
 30
0.0
 10
35.38865583333333
 20
102.2061780555555
 30
0.0
 10
35.38865583333333
 20
103.3456502777778
 30
0.0
 10
35.38865583333333
 20
104.8614187962963
 30
0.0
 10
35.38865583333333
 20
106.3771873148148
 30
0.0
 10
35.38865583333333
 20
107.8929558333333
 30
0.0
 10
36.38819287037037
 20
107.8929558333333
 30
0.0
 10
37.3877299074074
 20
107.8929558333333
 30
0.0
 10
38.38726694444444
 20
107.8929558333333
 30
0.0
 10
38.38726694444444
 20
106.3771873148148
 30
0.0
 10
38.38726694444444
 20
104.8614187962963
 30
0.0
 10
38.38726694444444
 20
103.3456502777778
 30
0.0
 10
38.38726694444444
 20
102.2061780555555
 30
0.0
 10
38.32376694444444
 20
102.3296502777778
 30
0.0
 10
38.32376694444444
 20
101.0702336111111
 30
0.0
 10
38.32376694444444
 20
99.80376138888887
 30
0.0
 10
38.38726694444444
 20
99.93076138888888
 30
0.0
 10
38.38726694444444
 20
98.79481694444443
 30
0.0
 10
38.38726694444444
 20
97.65887249999997
 30
0.0
 10
38.32376694444444
 20
97.7823447222222
 30
0.0
 10
38.32376694444444
 20
96.51940027777776
 30
0.0
 10
38.32376694444444
 20
95.25292805555553
 30
0.0
 10
38.38726694444444
 20
95.38345583333331
 30
0.0
 10
38.38726694444444
 20
94.24751138888888
 30
0.0
 10
38.38726694444444
 20
93.10803916666666
 30
0.0
 10
38.32376694444444
 20
93.23151138888888
 30
0.0
 10
38.32376694444444
 20
91.97209472222222
 30
0.0
 10
38.32376694444444
 20
90.70562249999999
 30
0.0
 10
38.38726694444444
 20
90.83262249999999
 30
0.0
 10
38.38726694444444
 20
89.69667805555554
 30
0.0
 10
38.38726694444444
 20
88.55720583333331
 30
0.0
 10
38.32376694444444
 20
88.68420583333332
 30
0.0
 10
38.32376694444444
 20
87.42126138888887
 30
0.0
 10
38.32376694444444
 20
86.15478916666666
 30
0.0
 10
38.38726694444444
 20
86.28531694444443
 30
0.0
 10
38.38726694444444
 20
85.14584472222221
 30
0.0
 10
38.38726694444444
 20
84.98709472222221
 30
0.0
 10
38.58129472222222
 20
84.85656694444444
 30
0.0
 10
38.81412805555555
 20
84.85656694444444
 30
0.0
 10
41.65751694444445
 20
84.85656694444444
 30
0.0
 10
42.24665583333333
 20
84.86362249999998
 30
0.0
 10
44.38801694444444
 20
84.86362249999998
 30
0.0
 10
46.07429472222221
 20
84.86362249999998
 30
0.0
 10
47.37251694444444
 20
86.40878916666665
 30
0.0
 10
47.37251694444444
 20
86.40878916666665
 30
0.0
 10
48.56020212962962
 20
88.39610398148147
 30
0.0
 10
49.74788731481481
 20
90.38341879629628
 30
0.0
 10
50.93557249999999
 20
92.3707336111111
 30
0.0
 10
51.52118361111111
 20
93.34792805555554
 30
0.0
 10
51.51060027777777
 20
93.20681694444444
 30
0.0
 10
52.15971138888888
 20
94.29337249999999
 30
0.0
 10
52.80529472222222
 20
95.37640027777776
 30
0.0
 10
52.68535027777777
 20
95.29878916666664
 30
0.0
 10
53.27448916666666
 20
96.27951138888888
 30
0.0
 10
54.0517762037037
 20
97.58008546296294
 30
0.0
 10
54.82906324074073
 20
98.88065953703703
 30
0.0
 10
55.60635027777777
 20
100.1812336111111
 30
0.0
 10
56.4647762037037
 20
99.66735398148147
 30
0.0
 10
57.32320212962961
 20
99.15347435185184
 30
0.0
 10
58.18162805555555
 20
98.63959472222221
 30
0.0
 10
57.59601694444444
 20
97.66945583333332
 30
0.0
 10
57.60660027777777
 20
97.80351138888888
 30
0.0
 10
56.96101694444445
 20
96.72401138888887
 30
0.0
 10
56.31190583333333
 20
95.63745583333332
 30
0.0
 10
55.8250725
 20
94.75551138888888
 30
0.0
 10
55.95560027777777
 20
94.67084472222221
 30
0.0
 10
59.30346138888888
 20
92.6705947222222
 30
0.0
 10
61.06735027777777
 20
94.9918725
 30
0.0
 10
61.91754472222221
 20
96.41003916666665
 30
0.0
 10
65.92510027777777
 20
103.1022336111111
 30
0.0
 10
63.99187805555555
 20
107.1521225
 30
0.0
 10
60.18540583333333
 20
109.3887336111111
 30
0.0
 10
59.95727620370369
 20
109.7591502777778
 30
0.0
 10
59.72914657407406
 20
110.1295669444444
 30
0.0
 10
59.50101694444444
 20
110.4999836111111
 30
0.0
 10
58.90482249999999
 20
111.4630669444444
 30
0.0
 10
59.02829472222221
 20
111.3889836111111
 30
0.0
 10
58.36860027777777
 20
112.4684836111111
 30
0.0
 10
57.70890583333333
 20
113.5444558333333
 30
0.0
 10
57.71948916666665
 20
113.4033447222222
 30
0.0
 10
57.1268225
 20
114.3734836111111
 30
0.0
 10
56.33542435185185
 20
115.6670021296296
 30
0.0
 10
55.54402620370369
 20
116.9605206481481
 30
0.0
 10
54.75262805555555
 20
118.2540391666667
 30
0.0
 10
55.12892435185184
 20
118.4845206481481
 30
0.0
 10
55.50522064814815
 20
118.7150021296296
 30
0.0
 10
55.88151694444444
 20
118.9454836111111
 30
0.0
  0
POLYLINE
  5
13F
330
1F
100
AcDbEntity
  8
DEFAULT
 62
     7
100
AcDb2dPolyline
 66
     1
 10
0.0
 20
0.0
 30
0.0
  0
VERTEX
  5
140
330
13F
100
AcDbEntity
  8
DEFAULT
 62
     7
100
AcDbVertex
100
AcDb2dVertex
 10
19.02858638888888
 20
141.6397486111111
 30
0.0
  0
VERTEX
  5
141
330
13F
100
AcDbEntity
  8
DEFAULT
 62
     7
100
AcDbVertex
100
AcDb2dVertex
 10
16.5912447222222
 20
139.8906763888889
 30
0.0
  0
SEQEND
  5
142
330
13F
100
AcDbEntity
  8
DEFAULT
 62
     7
  0
SPLINE
  5
143
330
1F
100
AcDbEntity
  8
DEFAULT
 62
     7
100
AcDbSpline
210
0.0
220
0.0
230
1.0
 70
     8
 71
     3
 72
    17
 73
    13
 74
     0
 42
0.000000001
 43
0.0000000001
 40
0.0
 40
0.0
 40
0.0
 40
0.0
 40
3.146713364766475
 40
3.146713364766475
 40
3.146713364766475
 40
4.146713364766475
 40
4.146713364766475
 40
4.146713364766475
 40
5.146713364766475
 40
5.146713364766475
 40
5.146713364766475
 40
6.146713364766475
 40
6.146713364766475
 40
6.146713364766475
 40
6.146713364766475
 10
18.39002333333333
 20
142.4124730555556
 30
0.0
 10
18.08933907407407
 20
142.1968082407408
 30
0.0
 10
17.78865481481482
 20
141.9811434259259
 30
0.0
 10
17.48797055555556
 20
141.7654786111111
 30
0.0
 10
17.48797055555555
 20
141.7654786111111
 30
0.0
 10
17.57369555555555
 20
143.6471952777778
 30
0.0
 10
17.30099833333333
 20
144.0271369444444
 30
0.0
 10
17.08933166666667
 20
144.3217063888889
 30
0.0
 10
16.77712333333333
 20
144.4264813888889
 30
0.0
 10
16.40600111111111
 20
144.1601341666667
 30
0.0
 10
16.20703444444444
 20
144.0172591666666
 30
0.0
 10
16.00665666666666
 20
143.6856480555555
 30
0.0
 10
16.28535111111111
 20
143.2975925
 30
0.0
  0
SPLINE
  5
144
330
1F
100
AcDbEntity
  8
DEFAULT
 62
     7
100
AcDbSpline
210
0.0
220
0.0
230
1.0
 70
     8
 71
     3
 72
    23
 73
    19
 74
     0
 42
0.000000001
 43
0.0000000001
 40
0.0
 40
0.0
 40
0.0
 40
0.0
 40
1.0
 40
1.0
 40
1.0
 40
2.0
 40
2.0
 40
2.0
 40
3.0
 40
3.0
 40
3.0
 40
6.916661843968642
 40
6.916661843968642
 40
6.916661843968642
 40
7.916661843968642
 40
7.916661843968642
 40
7.916661843968642
 40
8.916661843968642
 40
8.916661843968642
 40
8.916661843968642
 40
8.916661843968642
 10
15.51516666666667
 20
141.5201922222222
 30
0.0
 10
15.18320277777778
 20
141.9823311111111
 30
0.0
 10
15.14933611111111
 20
142.5097338888889
 30
0.0
 10
15.52151666666667
 20
142.7771394444444
 30
0.0
 10
15.93885277777778
 20
143.076295
 30
0.0
 10
16.36571388888889
 20
142.7157561111111
 30
0.0
 10
16.56820833333333
 20
142.4338866666666
 30
0.0
 10
16.60877777777778
 20
142.3770894444444
 30
0.0
 10
16.61759722222222
 20
142.358745
 30
0.0
 10
16.63558888888889
 20
142.3287588888889
 30
0.0
 10
16.26211481481481
 20
142.0592366666666
 30
0.0
 10
15.88864074074074
 20
141.7897144444445
 30
0.0
 10
15.51516666666667
 20
141.5201922222222
 30
0.0
 10
15.84713055555555
 20
141.0577005555556
 30
0.0
 10
16.30503611111111
 20
140.9162366666667
 30
0.0
 10
16.69838333333333
 20
141.1984588888889
 30
0.0
 10
16.90158333333333
 20
141.3441561111111
 30
0.0
 10
16.983075
 20
141.4545755555556
 30
0.0
 10
16.97496111111111
 20
141.6083866666667
 30
0.0
  0
POLYLINE
  5
145
330
1F
100
AcDbEntity
  8
DEFAULT
 62
     7
100
AcDb2dPolyline
 66
     1
 10
0.0
 20
0.0
 30
0.0
  0
VERTEX
  5
146
330
145
100
AcDbEntity
  8
DEFAULT
 62
     7
100
AcDbVertex
100
AcDb2dVertex
 10
57.18369027777774
 20
139.8906763888888
 30
0.0
  0
VERTEX
  5
147
330
145
100
AcDbEntity
  8
DEFAULT
 62
     7
100
AcDbVertex
100
AcDb2dVertex
 10
54.7463486111111
 20
141.6397486111111
 30
0.0
  0
SEQEND
  5
148
330
145
100
AcDbEntity
  8
DEFAULT
 62
     7
  0
SPLINE
  5
149
330
1F
100
AcDbEntity
  8
DEFAULT
 62
     7
100
AcDbSpline
210
0.0
220
0.0
230
1.0
 70
     8
 71
     3
 72
    17
 73
    13
 74
     0
 42
0.000000001
 43
0.0000000001
 40
0.0
 40
0.0
 40
0.0
 40
0.0
 40
3.146713364766452
 40
3.146713364766452
 40
3.146713364766452
 40
4.146713364766452
 40
4.146713364766452
 40
4.146713364766452
 40
5.146713364766452
 40
5.146713364766452
 40
5.146713364766452
 40
6.146713364766452
 40
6.146713364766452
 40
6.146713364766452
 40
6.146713364766452
 10
57.7114811111111
 20
140.7429875
 30
0.0
 10
57.41079685185184
 20
140.9586523148148
 30
0.0
 10
57.11011259259259
 20
141.1743171296296
 30
0.0
 10
56.80942833333333
 20
141.3899819444444
 30
0.0
 10
56.80942833333333
 20
141.3899819444444
 30
0.0
 10
58.61988388888888
 20
141.9117402777778
 30
0.0
 10
58.89258111111111
 20
142.2916819444444
 30
0.0
 10
59.10389499999999
 20
142.5862513888889
 30
0.0
 10
59.10318944444444
 20
142.9157458333333
 30
0.0
 10
58.73206722222222
 20
143.1820930555555
 30
0.0
 10
58.53274777777777
 20
143.3249680555556
 30
0.0
 10
58.15456999999999
 20
143.4082236111111
 30
0.0
 10
57.87622833333333
 20
143.0201680555555
 30
0.0
  0
SPLINE
  5
14A
330
1F
100
AcDbEntity
  8
DEFAULT
 62
     7
100
AcDbSpline
210
0.0
220
0.0
230
1.0
 70
     8
 71
     3
 72
    23
 73
    19
 74
     0
 42
0.000000001
 43
0.0000000001
 40
0.0
 40
0.0
 40
0.0
 40
0.0
 40
1.0
 40
1.0
 40
1.0
 40
2.0
 40
2.0
 40
2.0
 40
3.0
 40
3.0
 40
3.0
 40
6.916499585088738
 40
6.916499585088738
 40
6.916499585088738
 40
7.916499585088738
 40
7.916499585088738
 40
7.916499585088738
 40
8.916499585088738
 40
8.916499585088738
 40
8.916499585088738
 40
8.916499585088738
 10
55.9455461111111
 20
143.1809641666667
 30
0.0
 10
56.27715722222221
 20
143.6431030555555
 30
0.0
 10
56.76575444444444
 20
143.8441863888889
 30
0.0
 10
57.13828777777776
 20
143.5767808333333
 30
0.0
 10
57.55562388888888
 20
143.2776252777778
 30
0.0
 10
57.35065999999999
 20
142.7579836111111
 30
0.0
 10
57.14851833333333
 20
142.4757613888889
 30
0.0
 10
57.1075961111111
 20
142.4189641666667
 30
0.0
 10
57.09313222222222
 20
142.4048530555555
 30
0.0
 10
57.07020166666666
 20
142.3783947222222
 30
0.0
 10
56.69531648148148
 20
142.6459178703703
 30
0.0
 10
56.32043129629628
 20
142.9134410185185
 30
0.0
 10
55.9455461111111
 20
143.1809641666667
 30
0.0
 10
55.61393499999999
 20
142.7184725
 30
0.0
 10
55.62628222222221
 20
142.2394002777778
 30
0.0
 10
56.01962944444443
 20
141.9571780555555
 30
0.0
 10
56.22318222222221
 20
141.8111280555555
 30
0.0
 10
56.35335722222221
 20
141.7691475
 30
0.0
 10
56.49658499999999
 20
141.8259447222222
 30
0.0
  0
POLYLINE
  5
14B
330
1F
100
AcDbEntity
  8
DEFAULT
 62
     7
100
AcDb2dPolyline
 66
     1
 10
0.0
 20
0.0
 30
0.0
  0
VERTEX
  5
14C
330
14B
100
AcDbEntity
  8
DEFAULT
 62
     7
100
AcDbVertex
100
AcDb2dVertex
 10
20.57713972222222
 20
158.4264675
 30
0.0
  0
VERTEX
  5
14D
330
14B
100
AcDbEntity
  8
DEFAULT
 62
     7
100
AcDbVertex
100
AcDb2dVertex
 10
18.01914805555556
 20
159.9935063888889
 30
0.0
  0
SEQEND
  5
14E
330
14B
100
AcDbEntity
  8
DEFAULT
 62
     7
  0
POLYLINE
  5
14F
330
1F
100
AcDbEntity
  8
DEFAULT
 62
     7
100
AcDb2dPolyline
 66
     1
 10
0.0
 20
0.0
 30
0.0
  0
VERTEX
  5
150
330
14F
100
AcDbEntity
  8
DEFAULT
 62
     7
100
AcDbVertex
100
AcDb2dVertex
 10
21.04774527777777
 20
159.3108461111111
 30
0.0
  0
VERTEX
  5
151
330
14F
100
AcDbEntity
  8
DEFAULT
 62
     7
100
AcDbVertex
100
AcDb2dVertex
 10
22.37101472222222
 20
161.4712572222223
 30
0.0
  0
VERTEX
  5
152
330
14F
100
AcDbEntity
  8
DEFAULT
 62
     7
100
AcDbVertex
100
AcDb2dVertex
 10
21.29151472222222
 20
161.3280294444444
 30
0.0
  0
SEQEND
  5
153
330
14F
100
AcDbEntity
  8
DEFAULT
 62
     7
  0
SPLINE
  5
154
330
1F
100
AcDbEntity
  8
DEFAULT
 62
     7
100
AcDbSpline
210
0.0
220
0.0
230
1.0
 70
     8
 71
     3
 72
    23
 73
    19
 74
     0
 42
0.000000001
 43
0.0000000001
 40
0.0
 40
0.0
 40
0.0
 40
0.0
 40
1.0
 40
1.0
 40
1.0
 40
2.0
 40
2.0
 40
2.0
 40
3.0
 40
3.0
 40
3.0
 40
7.695233434026479
 40
7.695233434026479
 40
7.695233434026479
 40
8.695233434026479
 40
8.695233434026479
 40
8.695233434026479
 40
9.695233434026479
 40
9.695233434026479
 40
9.695233434026479
 40
9.695233434026479
 10
19.07832805555556
 20
161.6329
 30
0.0
 10
19.37536694444444
 20
162.1179694444444
 30
0.0
 10
19.89536138888889
 20
162.32505
 30
0.0
 10
20.36420305555556
 20
162.0378888888889
 30
0.0
 10
20.88913638888889
 20
161.7165083333333
 30
0.0
 10
20.74590861111111
 20
161.1689972222222
 30
0.0
 10
20.56458083333333
 20
160.8730166666666
 30
0.0
 10
20.52789194444444
 20
160.8130444444444
 30
0.0
 10
20.51413361111111
 20
160.7985805555555
 30
0.0
 10
20.49261416666667
 20
160.7707111111111
 30
0.0
 10
20.02118546296296
 20
161.0581074074074
 30
0.0
 10
19.54975675925926
 20
161.3455037037037
 30
0.0
 10
19.07832805555556
 20
161.6329
 30
0.0
 10
18.78093638888889
 20
161.1474777777778
 30
0.0
 10
18.87724472222222
 20
160.6405361111111
 30
0.0
 10
19.37254472222222
 20
160.3371472222222
 30
0.0
 10
19.62830861111111
 20
160.1805138888889
 30
0.0
 10
19.83715305555555
 20
160.1254805555556
 30
0.0
 10
19.96873916666667
 20
160.1089
 30
0.0
  0
POLYLINE
  5
155
330
1F
100
AcDbEntity
  8
DEFAULT
 62
     7
100
AcDb2dPolyline
 66
     1
 10
0.0
 20
0.0
 30
0.0
  0
VERTEX
  5
156
330
155
100
AcDbEntity
  8
DEFAULT
 62
     7
100
AcDbVertex
100
AcDb2dVertex
 10
55.75585750000003
 20
159.9936475
 30
0.0
  0
VERTEX
  5
157
330
155
100
AcDbEntity
  8
DEFAULT
 62
     7
100
AcDbVertex
100
AcDb2dVertex
 10
53.19786583333335
 20
158.4266086111111
 30
0.0
  0
SEQEND
  5
158
330
155
100
AcDbEntity
  8
DEFAULT
 62
     7
  0
POLYLINE
  5
159
330
1F
100
AcDbEntity
  8
DEFAULT
 62
     7
100
AcDb2dPolyline
 66
     1
 10
0.0
 20
0.0
 30
0.0
  0
VERTEX
  5
15A
330
159
100
AcDbEntity
  8
DEFAULT
 62
     7
100
AcDbVertex
100
AcDb2dVertex
 10
55.18174694444444
 20
160.8146319444444
 30
0.0
  0
VERTEX
  5
15B
330
159
100
AcDbEntity
  8
DEFAULT
 62
     7
100
AcDbVertex
100
AcDb2dVertex
 10
53.85812472222221
 20
162.9750430555555
 30
0.0
  0
VERTEX
  5
15C
330
159
100
AcDbEntity
  8
DEFAULT
 62
     7
100
AcDbVertex
100
AcDb2dVertex
 10
53.49546916666667
 20
161.9481069444444
 30
0.0
  0
SEQEND
  5
15D
330
159
100
AcDbEntity
  8
DEFAULT
 62
     7
  0
SPLINE
  5
15E
330
1F
100
AcDbEntity
  8
DEFAULT
 62
     7
100
AcDbSpline
210
0.0
220
0.0
230
1.0
 70
     8
 71
     3
 72
    23
 73
    19
 74
     0
 42
0.000000001
 43
0.0000000001
 40
0.0
 40
0.0
 40
0.0
 40
0.0
 40
1.0
 40
1.0
 40
1.0
 40
2.0
 40
2.0
 40
2.0
 40
3.0
 40
3.0
 40
3.0
 40
7.696109560050735
 40
7.696109560050735
 40
7.696109560050735
 40
8.696109560050736
 40
8.696109560050736
 40
8.696109560050736
 40
9.696109560050736
 40
9.696109560050736
 40
9.696109560050736
 40
9.696109560050736
 10
52.21848416666666
 20
160.1147913888889
 30
0.0
 10
51.92144527777777
 20
160.5998608333333
 30
0.0
 10
51.97295083333332
 20
161.1572497222222
 30
0.0
 10
52.44179249999999
 20
161.4444108333333
 30
0.0
 10
52.96672583333333
 20
161.7661441666667
 30
0.0
 10
53.3893536111111
 20
161.3897302777778
 30
0.0
 10
53.57068138888888
 20
161.0937497222222
 30
0.0
 10
53.60737027777777
 20
161.0341302777778
 30
0.0
 10
53.61407305555555
 20
161.0150802777778
 30
0.0
 10
53.62924249999999
 20
160.9833302777778
 30
0.0
 10
53.15898972222221
 20
160.6938173148148
 30
0.0
 10
52.68873694444443
 20
160.4043043518518
 30
0.0
 10
52.21848416666666
 20
160.1147913888889
 30
0.0
 10
52.51587583333333
 20
159.6293691666667
 30
0.0
 10
53.01117583333333
 20
159.4850830555555
 30
0.0
 10
53.50647583333333
 20
159.7884719444444
 30
0.0
 10
53.76223972222221
 20
159.9451052777778
 30
0.0
 10
53.90617305555554
 20
160.1059719444444
 30
0.0
 10
53.98060916666666
 20
160.2160386111111
 30
0.0
  0
POLYLINE
  5
15F
330
1F
100
AcDbEntity
  8
DEFAULT
 62
     7
100
AcDb2dPolyline
 66
     1
 10
0.0
 20
0.0
 30
0.0
  0
VERTEX
  5
160
330
15F
100
AcDbEntity
  8
DEFAULT
 62
     7
100
AcDbVertex
100
AcDb2dVertex
 10
35.63824611111111
 20
149.7927252777778
 30
0.0
  0
VERTEX
  5
161
330
15F
100
AcDbEntity
  8
DEFAULT
 62
     7
100
AcDbVertex
100
AcDb2dVertex
 10
38.13802944444444
 20
149.7927252777778
 30
0.0
  0
SEQEND
  5
162
330
15F
100
AcDbEntity
  8
DEFAULT
 62
     7
  0
POLYLINE
  5
163
330
1F
100
AcDbEntity
  8
DEFAULT
 62
     7
100
AcDb2dPolyline
 66
     1
 10
0.0
 20
0.0
 30
0.0
  0
VERTEX
  5
164
330
163
100
AcDbEntity
  8
DEFAULT
 62
     7
100
AcDbVertex
100
AcDb2dVertex
 10
37.50909722222222
 20
152.0242916666666
 30
0.0
  0
VERTEX
  5
165
330
163
100
AcDbEntity
  8
DEFAULT
 62
     7
100
AcDbVertex
100
AcDb2dVertex
 10
36.14878611111111
 20
152.0242916666666
 30
0.0
  0
SEQEND
  5
166
330
163
100
AcDbEntity
  8
DEFAULT
 62
     7
  0
POLYLINE
  5
167
330
1F
100
AcDbEntity
  8
DEFAULT
 62
     7
100
AcDb2dPolyline
 66
     1
 10
0.0
 20
0.0
 30
0.0
  0
VERTEX
  5
168
330
167
100
AcDbEntity
  8
DEFAULT
 62
     7
100
AcDbVertex
100
AcDb2dVertex
 10
37.62607833333333
 20
150.7926738888889
 30
0.0
  0
VERTEX
  5
169
330
167
100
AcDbEntity
  8
DEFAULT
 62
     7
100
AcDbVertex
100
AcDb2dVertex
 10
36.14899777777777
 20
150.7926738888889
 30
0.0
  0
VERTEX
  5
16A
330
167
100
AcDbEntity
  8
DEFAULT
 62
     7
100
AcDbVertex
100
AcDb2dVertex
 10
36.14899777777777
 20
153.41981
 30
0.0
  0
VERTEX
  5
16B
330
167
100
AcDbEntity
  8
DEFAULT
 62
     7
100
AcDbVertex
100
AcDb2dVertex
 10
37.56751722222222
 20
153.41981
 30
0.0
  0
SEQEND
  5
16C
330
167
100
AcDbEntity
  8
DEFAULT
 62
     7
  0
SPLINE
  5
16D
330
1F
100
AcDbEntity
  8
DEFAULT
 62
     1
100
AcDbSpline
210
0.0
220
0.0
230
1.0
 70
     8
 71
     3
 72
   119
 73
   115
 74
     0
 42
0.000000001
 43
0.0000000001
 40
0.0
 40
0.0
 40
0.0
 40
0.0
 40
3.75481024820164
 40
3.75481024820164
 40
3.75481024820164
 40
16.65367841560301
 40
16.65367841560301
 40
16.65367841560301
 40
17.65367841560301
 40
17.65367841560301
 40
17.65367841560301
 40
18.65367841560301
 40
18.65367841560301
 40
18.65367841560301
 40
29.71002953159061
 40
29.71002953159061
 40
29.71002953159061
 40
30.71002953159061
 40
30.71002953159061
 40
30.71002953159061
 40
31.71002953159061
 40
31.71002953159061
 40
31.71002953159061
 40
32.71002953159061
 40
32.71002953159061
 40
32.71002953159061
 40
33.71002953159061
 40
33.71002953159061
 40
33.71002953159061
 40
34.71002953159061
 40
34.71002953159061
 40
34.71002953159061
 40
35.71002953159061
 40
35.71002953159061
 40
35.71002953159061
 40
36.71002953159061
 40
36.71002953159061
 40
36.71002953159061
 40
37.71002953159061
 40
37.71002953159061
 40
37.71002953159061
 40
50.61002953159065
 40
50.61002953159065
 40
50.61002953159065
 40
59.11002953159065
 40
59.11002953159065
 40
59.11002953159065
 40
72.01002953159067
 40
72.01002953159067
 40
72.01002953159067
 40
73.01002953159067
 40
73.01002953159067
 40
73.01002953159067
 40
74.01002953159067
 40
74.01002953159067
 40
74.01002953159067
 40
75.01002953159067
 40
75.01002953159067
 40
75.01002953159067
 40
76.01002953159067
 40
76.01002953159067
 40
76.01002953159067
 40
77.01002953159067
 40
77.01002953159067
 40
77.01002953159067
 40
78.01002953159067
 40
78.01002953159067
 40
78.01002953159067
 40
79.01002953159067
 40
79.01002953159067
 40
79.01002953159067
 40
80.01002953159067
 40
80.01002953159067
 40
80.01002953159067
 40
91.05472509099839
 40
91.05472509099839
 40
91.05472509099839
 40
92.05472509099839
 40
92.05472509099839
 40
92.05472509099839
 40
93.05472509099839
 40
93.05472509099839
 40
93.05472509099839
 40
105.9477658494851
 40
105.9477658494851
 40
105.9477658494851
 40
114.4536285335402
 40
114.4536285335402
 40
114.4536285335402
 40
115.4536285335402
 40
115.4536285335402
 40
115.4536285335402
 40
116.4536285335402
 40
116.4536285335402
 40
116.4536285335402
 40
117.4536285335402
 40
117.4536285335402
 40
117.4536285335402
 40
118.4536285335402
 40
118.4536285335402
 40
118.4536285335402
 40
122.1426527947778
 40
122.1426527947778
 40
122.1426527947778
 40
123.1426527947778
 40
123.1426527947778
 40
123.1426527947778
 40
124.1426527947778
 40
124.1426527947778
 40
124.1426527947778
 40
137.0485622939181
 40
137.0485622939181
 40
137.0485622939181
 40
140.8011080964367
 40
140.8011080964367
 40
140.8011080964367
 40
140.8011080964367
 10
18.59294111111111
 20
139.9745669444444
 30
0.0
 10
18.95159851851851
 20
140.2320947222222
 30
0.0
 10
19.31025592592592
 20
140.4896225
 30
0.0
 10
19.66891333333333
 20
140.7471502777778
 30
0.0
 10
20.55320962962963
 20
139.5147799074074
 30
0.0
 10
21.43750592592592
 20
138.282409537037
 30
0.0
 10
22.32180222222222
 20
137.0500391666666
 30
0.0
 10
22.98502444444444
 20
136.1222336111111
 30
0.0
 10
22.86155222222222
 20
136.1892613888889
 30
0.0
 10
23.59533
 20
135.1662058333333
 30
0.0
 10
24.33263555555556
 20
134.1325669444444
 30
0.0
 10
24.31499666666666
 20
134.2736780555555
 30
0.0
 10
24.98527444444444
 20
133.3529280555555
 30
0.0
 10
25.74374666666666
 20
132.2969465740741
 30
0.0
 10
26.50221888888889
 20
131.2409650925926
 30
0.0
 10
27.26069111111111
 20
130.1849836111111
 30
0.0
 10
27.26069111111111
 20
130.1849836111111
 30
0.0
 10
28.82349666666666
 20
128.1282891666667
 30
0.0
 10
30.04410777777777
 20
128.3329002777778
 30
0.0
 10
31.86796888888889
 20
128.6362891666667
 30
0.0
 10
32.55588555555556
 20
129.9944836111111
 30
0.0
 10
35.39574666666667
 20
129.9944836111111
 30
0.0
 10
35.45924666666666
 20
129.9944836111111
 30
0.0
 10
35.45924666666666
 20
130.4072336111111
 30
0.0
 10
35.45924666666666
 20
130.9716780555555
 30
0.0
 10
35.45924666666666
 20
132.2310947222222
 30
0.0
 10
35.39574666666667
 20
132.1076225
 30
0.0
 10
35.39574666666667
 20
133.2435669444444
 30
0.0
 10
35.39574666666667
 20
134.3830391666666
 30
0.0
 10
35.45924666666666
 20
134.2525113888889
 30
0.0
 10
35.45924666666666
 20
135.5189836111111
 30
0.0
 10
35.45924666666666
 20
136.7819280555555
 30
0.0
 10
35.39574666666667
 20
136.6549280555555
 30
0.0
 10
35.39574666666667
 20
137.7944002777778
 30
0.0
 10
35.39574666666667
 20
138.9303447222222
 30
0.0
 10
35.45924666666666
 20
138.8033447222222
 30
0.0
 10
35.45924666666666
 20
140.0698169444444
 30
0.0
 10
35.45924666666666
 20
141.3292336111111
 30
0.0
 10
35.39574666666667
 20
141.2057613888889
 30
0.0
 10
35.39574666666667
 20
142.3417058333333
 30
0.0
 10
35.39574666666667
 20
143.8586502777778
 30
0.0
 10
35.39574666666667
 20
145.3755947222222
 30
0.0
 10
35.39574666666667
 20
146.8925391666667
 30
0.0
 10
36.3952837037037
 20
146.8925391666667
 30
0.0
 10
37.39482074074074
 20
146.8925391666667
 30
0.0
 10
38.39435777777778
 20
146.8925391666667
 30
0.0
 10
38.39435777777778
 20
145.3755947222222
 30
0.0
 10
38.39435777777778
 20
143.8586502777778
 30
0.0
 10
38.39435777777778
 20
142.3417058333333
 30
0.0
 10
38.39435777777778
 20
141.2057613888889
 30
0.0
 10
38.33085777777778
 20
141.3292336111111
 30
0.0
 10
38.33085777777778
 20
140.0698169444444
 30
0.0
 10
38.33085777777778
 20
138.8033447222222
 30
0.0
 10
38.39435777777778
 20
138.9303447222222
 30
0.0
 10
38.39435777777778
 20
137.7944002777778
 30
0.0
 10
38.39435777777778
 20
136.6549280555555
 30
0.0
 10
38.33085777777778
 20
136.7819280555555
 30
0.0
 10
38.33085777777778
 20
135.5189836111111
 30
0.0
 10
38.33085777777778
 20
134.2525113888889
 30
0.0
 10
38.39435777777778
 20
134.3830391666666
 30
0.0
 10
38.39435777777778
 20
133.2435669444444
 30
0.0
 10
38.39435777777778
 20
132.1076225
 30
0.0
 10
38.33085777777778
 20
132.2310947222222
 30
0.0
 10
38.33085777777778
 20
130.9716780555555
 30
0.0
 10
38.33085777777778
 20
130.4072336111111
 30
0.0
 10
38.33085777777778
 20
129.9944836111111
 30
0.0
 10
38.39435777777778
 20
129.9944836111111
 30
0.0
 10
41.23421888888888
 20
129.9944836111111
 30
0.0
 10
41.92213555555555
 20
128.6362891666667
 30
0.0
 10
43.74599666666666
 20
128.3329002777778
 30
0.0
 10
44.96660777777777
 20
128.1282891666667
 30
0.0
 10
46.52941333333332
 20
130.1849836111111
 30
0.0
 10
46.52941333333332
 20
130.1849836111111
 30
0.0
 10
47.2855337037037
 20
131.2409650925926
 30
0.0
 10
48.04165407407407
 20
132.2969465740741
 30
0.0
 10
48.79777444444444
 20
133.3529280555555
 30
0.0
 10
49.46452444444444
 20
134.2736780555555
 30
0.0
 10
49.44688555555555
 20
134.1360947222222
 30
0.0
 10
50.18066333333334
 20
135.1662058333333
 30
0.0
 10
50.91796888888888
 20
136.1892613888889
 30
0.0
 10
50.78744111111111
 20
136.1222336111111
 30
0.0
 10
51.45419111111111
 20
137.0500391666666
 30
0.0
 10
52.33731148148147
 20
138.282409537037
 30
0.0
 10
53.22043185185183
 20
139.5147799074074
 30
0.0
 10
54.10355222222221
 20
140.7471502777778
 30
0.0
 10
54.91611703703703
 20
140.1638910185185
 30
0.0
 10
55.72868185185184
 20
139.5806317592593
 30
0.0
 10
56.54124666666666
 20
138.9973725
 30
0.0
 10
55.87802444444443
 20
138.0766225
 30
0.0
 10
55.8991911111111
 20
138.2071502777778
 30
0.0
 10
55.16541333333333
 20
137.1840947222222
 30
0.0
 10
54.42810777777778
 20
136.1575113888889
 30
0.0
 10
53.87424666666666
 20
135.3179002777778
 30
0.0
 10
53.99771888888888
 20
135.2226502777777
 30
0.0
 10
57.16566333333333
 20
132.9507613888889
 30
0.0
 10
59.11299666666666
 20
135.1203447222222
 30
0.0
 10
60.07607999999999
 20
136.4609002777778
 30
0.0
 10
64.62691333333333
 20
142.7967891666667
 30
0.0
 10
62.63371888888888
 20
149.3267058333333
 30
0.0
 10
59.20119111111111
 20
148.6176225
 30
0.0
 10
58.97541333333333
 20
148.9880391666667
 30
0.0
 10
58.74963555555555
 20
149.3584558333333
 30
0.0
 10
58.52385777777777
 20
149.7288725
 30
0.0
 10
57.92766333333333
 20
150.6954836111111
 30
0.0
 10
58.05113555555555
 20
150.6249280555555
 30
0.0
 10
57.39144111111111
 20
151.7009002777778
 30
0.0
 10
56.73174666666667
 20
152.7804002777778
 30
0.0
 10
56.73880222222221
 20
152.6357613888889
 30
0.0
 10
56.15319111111111
 20
153.6094280555555
 30
0.0
 10
55.3594411111111
 20
154.902946574074
 30
0.0
 10
54.56569111111111
 20
156.1964650925925
 30
0.0
 10
53.7719411111111
 20
157.4899836111111
 30
0.0
 10
54.14823740740741
 20
157.7204650925926
 30
0.0
 10
54.5245337037037
 20
157.9509465740741
 30
0.0
 10
54.90083
 20
158.1814280555556
 30
0.0
  0
SPLINE
  5
16E
330
1F
100
AcDbEntity
  8
DEFAULT
 62
     1
100
AcDbSpline
210
0.0
220
0.0
230
1.0
 70
     8
 71
     3
 72
    65
 73
    61
 74
     0
 42
0.000000001
 43
0.0000000001
 40
0.0
 40
0.0
 40
0.0
 40
0.0
 40
3.754810248201673
 40
3.754810248201673
 40
3.754810248201673
 40
4.754810248201673
 40
4.754810248201673
 40
4.754810248201673
 40
5.754810248201673
 40
5.754810248201673
 40
5.754810248201673
 40
6.754810248201673
 40
6.754810248201673
 40
6.754810248201673
 40
7.754810248201673
 40
7.754810248201673
 40
7.754810248201673
 40
11.44383450943935
 40
11.44383450943935
 40
11.44383450943935
 40
12.44383450943935
 40
12.44383450943935
 40
12.44383450943935
 40
13.44383450943935
 40
13.44383450943935
 40
13.44383450943935
 40
26.34451666194587
 40
26.34451666194587
 40
26.34451666194587
 40
34.85458129154769
 40
34.85458129154769
 40
34.85458129154769
 40
35.85458129154769
 40
35.85458129154769
 40
35.85458129154769
 40
36.85458129154769
 40
36.85458129154769
 40
36.85458129154769
 40
37.85458129154769
 40
37.85458129154769
 40
37.85458129154769
 40
38.85458129154769
 40
38.85458129154769
 40
38.85458129154769
 40
104.8145812915477
 40
104.8145812915477
 40
104.8145812915477
 40
105.8145812915477
 40
105.8145812915477
 40
105.8145812915477
 40
106.8145812915477
 40
106.8145812915477
 40
106.8145812915477
 40
107.8145812915477
 40
107.8145812915477
 40
107.8145812915477
 40
108.8145812915477
 40
108.8145812915477
 40
108.8145812915477
 40
112.5671270940664
 40
112.5671270940664
 40
112.5671270940664
 40
112.5671270940664
 10
18.30715583333334
 20
139.7700969444444
 30
0.0
 10
17.94849842592593
 20
139.5125691666667
 30
0.0
 10
17.58984101851852
 20
139.2550413888889
 30
0.0
 10
17.23118361111111
 20
138.9975136111111
 30
0.0
 10
17.89793361111111
 20
138.0767636111111
 30
0.0
 10
17.87323916666667
 20
138.2072913888889
 30
0.0
 10
18.6140725
 20
137.1842358333333
 30
0.0
 10
19.34785027777778
 20
136.1576525
 30
0.0
 10
19.90523916666666
 20
135.3145136111111
 30
0.0
 10
19.77823916666667
 20
135.2227913888889
 30
0.0
 10
16.6138225
 20
132.9544302777778
 30
0.0
 10
14.65943361111111
 20
135.1169580555555
 30
0.0
 10
13.69635027777778
 20
136.4610413888889
 30
0.0
 10
9.149044722222222
 20
142.7969302777778
 30
0.0
 10
11.14576694444444
 20
149.3268469444444
 30
0.0
 10
14.57829472222222
 20
148.6177636111111
 30
0.0
 10
14.8040725
 20
148.9881802777777
 30
0.0
 10
15.02985027777778
 20
149.3585969444444
 30
0.0
 10
15.25562805555555
 20
149.7290136111111
 30
0.0
 10
15.84829472222222
 20
150.6956247222222
 30
0.0
 10
15.72835027777778
 20
150.6250691666666
 30
0.0
 10
16.38804472222222
 20
151.7010413888889
 30
0.0
 10
17.04421138888889
 20
152.7805413888889
 30
0.0
 10
17.03362805555555
 20
152.6359025
 30
0.0
 10
17.62629472222222
 20
153.6095691666667
 30
0.0
 10
18.41886879629629
 20
154.9030876851852
 30
0.0
 10
19.21144287037037
 20
156.1966062037037
 30
0.0
 10
20.00401694444444
 20
157.4901247222222
 30
0.0
 10
19.15029472222222
 20
158.0122358333333
 30
0.0
 10
18.2965725
 20
158.5343469444444
 30
0.0
 10
17.44285027777778
 20
159.0564580555555
 30
0.0
 10
16.85371138888889
 20
158.0827913888889
 30
0.0
 10
16.96660027777778
 20
158.1568747222222
 30
0.0
 10
16.31043361111111
 20
157.0773747222222
 30
0.0
 10
15.65073916666667
 20
156.0014025
 30
0.0
 10
15.0898225
 20
155.1617913888889
 30
0.0
 10
14.95929472222222
 20
155.2429302777778
 30
0.0
 10
11.6290725
 20
157.2749302777778
 30
0.0
 10
13.25185027777778
 20
159.6808747222222
 30
0.0
 10
14.11615583333333
 20
161.0919858333333
 30
0.0
 10
18.18721138888889
 20
167.7453747222222
 30
0.0
 10
24.89351694444444
 20
171.3401802777778
 30
0.0
 10
25.25335027777777
 20
165.0889580555555
 30
0.0
 10
33.00975768518519
 20
165.0889580555555
 30
0.0
 10
40.76616509259259
 20
165.0889580555555
 30
0.0
 10
48.5225725
 20
165.0889580555555
 30
0.0
 10
48.88240583333333
 20
171.3401802777778
 30
0.0
 10
55.58871138888888
 20
167.7453747222222
 30
0.0
 10
59.65976694444444
 20
161.0919858333333
 30
0.0
 10
60.52054472222222
 20
159.6844025
 30
0.0
 10
62.15037805555556
 20
157.2819858333333
 30
0.0
 10
58.82368361111111
 20
155.2429302777778
 30
0.0
 10
58.6825725
 20
155.1617913888889
 30
0.0
 10
58.12871138888887
 20
156.0014025
 30
0.0
 10
57.46548916666666
 20
157.0844302777778
 30
0.0
 10
56.80579472222221
 20
158.1568747222222
 30
0.0
 10
56.92573916666667
 20
158.0827913888889
 30
0.0
 10
56.32954472222222
 20
159.0564580555555
 30
0.0
 10
55.95324842592593
 20
158.825976574074
 30
0.0
 10
55.57695212962962
 20
158.5954950925925
 30
0.0
 10
55.20065583333333
 20
158.3650136111111
 30
0.0
  0
POLYLINE
  5
16F
330
1F
100
AcDbEntity
  8
DEFAULT
 62
     7
100
AcDb2dPolyline
 66
     1
 10
0.0
 20
0.0
 30
0.0
  0
VERTEX
  5
170
330
16F
100
AcDbEntity
  8
DEFAULT
 62
     7
100
AcDbVertex
100
AcDb2dVertex
 10
21.28114305555557
 20
189.4532025
 30
0.0
  0
VERTEX
  5
171
330
16F
100
AcDbEntity
  8
DEFAULT
 62
     7
100
AcDbVertex
100
AcDb2dVertex
 10
22.60441250000001
 20
191.6139663888889
 30
0.0
  0
VERTEX
  5
172
330
16F
100
AcDbEntity
  8
DEFAULT
 62
     7
100
AcDbVertex
100
AcDb2dVertex
 10
21.70624027777778
 20
191.3592608333333
 30
0.0
  0
SEQEND
  5
173
330
16F
100
AcDbEntity
  8
DEFAULT
 62
     7
  0
SPLINE
  5
174
330
1F
100
AcDbEntity
  8
DEFAULT
 62
     7
100
AcDbSpline
210
0.0
220
0.0
230
1.0
 70
     8
 71
     3
 72
    20
 73
    16
 74
     0
 42
0.000000001
 43
0.0000000001
 40
0.0
 40
0.0
 40
0.0
 40
0.0
 40
1.003328663395419
 40
1.003328663395419
 40
1.003328663395419
 40
2.006657326790839
 40
2.006657326790839
 40
2.006657326790839
 40
3.009985990186258
 40
3.009985990186258
 40
3.009985990186258
 40
4.013314653581678
 40
4.013314653581678
 40
4.013314653581678
 40
5.016643316977097
 40
5.016643316977097
 40
5.016643316977097
 40
5.016643316977097
 10
21.59070555555555
 20
192.4220038888889
 30
0.0
 10
21.59070555555555
 20
192.4220038888889
 30
0.0
 10
20.34187222222222
 20
190.3960011111111
 30
0.0
 10
20.28048888888889
 20
190.2827594444445
 30
0.0
 10
20.07940555555555
 20
190.1575233333333
 30
0.0
 10
19.91148333333333
 20
190.1550538888889
 30
0.0
 10
19.73544722222222
 20
190.2630038888889
 30
0.0
 10
19.46345555555555
 20
190.429515
 30
0.0
 10
19.33786666666666
 20
190.8405011111111
 30
0.0
 10
19.63702222222222
 20
191.3294511111111
 30
0.0
 10
19.88890555555555
 20
191.7460816666666
 30
0.0
 10
20.27590277777778
 20
191.8977761111111
 30
0.0
 10
20.57823333333333
 20
191.7129205555556
 30
0.0
 10
20.77473055555555
 20
191.5926233333333
 30
0.0
 10
20.85516388888889
 20
191.407415
 30
0.0
 10
20.84458055555555
 20
191.2038622222222
 30
0.0
  0
POLYLINE
  5
175
330
1F
100
AcDbEntity
  8
DEFAULT
 62
     7
100
AcDb2dPolyline
 66
     1
 10
0.0
 20
0.0
 30
0.0
  0
VERTEX
  5
176
330
175
100
AcDbEntity
  8
DEFAULT
 62
     7
100
AcDbVertex
100
AcDb2dVertex
 10
20.96145583333333
 20
188.3393772222222
 30
0.0
  0
VERTEX
  5
177
330
175
100
AcDbEntity
  8
DEFAULT
 62
     7
100
AcDbVertex
100
AcDb2dVertex
 10
18.40311138888888
 20
189.9060633333333
 30
0.0
  0
SEQEND
  5
178
330
175
100
AcDbEntity
  8
DEFAULT
 62
     7
  0
POLYLINE
  5
179
330
1F
100
AcDbEntity
  8
DEFAULT
 62
     7
100
AcDb2dPolyline
 66
     1
 10
0.0
 20
0.0
 30
0.0
  0
VERTEX
  5
17A
330
179
100
AcDbEntity
  8
DEFAULT
 62
     7
100
AcDbVertex
100
AcDb2dVertex
 10
54.52596833333332
 20
190.6972027777778
 30
0.0
  0
VERTEX
  5
17B
330
179
100
AcDbEntity
  8
DEFAULT
 62
     7
100
AcDbVertex
100
AcDb2dVertex
 10
53.20269888888886
 20
192.8579666666666
 30
0.0
  0
VERTEX
  5
17C
330
179
100
AcDbEntity
  8
DEFAULT
 62
     7
100
AcDbVertex
100
AcDb2dVertex
 10
53.02137111111112
 20
191.9418027777778
 30
0.0
  0
SEQEND
  5
17D
330
179
100
AcDbEntity
  8
DEFAULT
 62
     7
  0
SPLINE
  5
17E
330
1F
100
AcDbEntity
  8
DEFAULT
 62
     7
100
AcDbSpline
210
0.0
220
0.0
230
1.0
 70
     8
 71
     3
 72
    20
 73
    16
 74
     0
 42
0.000000001
 43
0.0000000001
 40
0.0
 40
0.0
 40
0.0
 40
0.0
 40
1.003224903099325
 40
1.003224903099325
 40
1.003224903099325
 40
2.00644980619865
 40
2.00644980619865
 40
2.00644980619865
 40
3.009674709297975
 40
3.009674709297975
 40
3.009674709297975
 40
4.0128996123973
 40
4.0128996123973
 40
4.0128996123973
 40
5.016124515496625
 40
5.016124515496625
 40
5.016124515496625
 40
5.016124515496625
 10
52.02223388888888
 20
192.3220972222222
 30
0.0
 10
52.02223388888888
 20
192.3220972222222
 30
0.0
 10
53.25942555555555
 20
190.2890388888889
 30
0.0
 10
53.33245055555555
 20
190.1828527777778
 30
0.0
 10
53.35255888888888
 20
189.9468444444444
 30
0.0
 10
53.27847555555555
 20
189.7962083333333
 30
0.0
 10
53.10208666666666
 20
189.6882583333333
 30
0.0
 10
52.83044777777777
 20
189.5217472222222
 30
0.0
 10
52.40711444444444
 20
189.5965361111111
 30
0.0
 10
52.1076061111111
 20
190.0854861111111
 30
0.0
 10
51.85078388888888
 20
190.4992944444444
 30
0.0
 10
51.8917061111111
 20
190.91275
 30
0.0
 10
52.19368388888888
 20
191.0979583333333
 30
0.0
 10
52.3901811111111
 20
191.2182555555555
 30
0.0
 10
52.59197
 20
191.2055555555555
 30
0.0
 10
52.76835888888888
 20
191.1039555555555
 30
0.0
  0
POLYLINE
  5
17F
330
1F
100
AcDbEntity
  8
DEFAULT
 62
     7
100
AcDb2dPolyline
 66
     1
 10
0.0
 20
0.0
 30
0.0
  0
VERTEX
  5
180
330
17F
100
AcDbEntity
  8
DEFAULT
 62
     7
100
AcDbVertex
100
AcDb2dVertex
 10
55.37277611111109
 20
189.9062044444444
 30
0.0
  0
VERTEX
  5
181
330
17F
100
AcDbEntity
  8
DEFAULT
 62
     7
100
AcDbVertex
100
AcDb2dVertex
 10
52.81478444444443
 20
188.3395183333333
 30
0.0
  0
SEQEND
  5
182
330
17F
100
AcDbEntity
  8
DEFAULT
 62
     7
  0
POLYLINE
  5
183
330
1F
100
AcDbEntity
  8
DEFAULT
 62
     7
100
AcDb2dPolyline
 66
     1
 10
0.0
 20
0.0
 30
0.0
  0
VERTEX
  5
184
330
183
100
AcDbEntity
  8
DEFAULT
 62
     7
100
AcDbVertex
100
AcDb2dVertex
 10
35.63824611111111
 20
184.4853505555556
 30
0.0
  0
VERTEX
  5
185
330
183
100
AcDbEntity
  8
DEFAULT
 62
     7
100
AcDbVertex
100
AcDb2dVertex
 10
38.13802944444444
 20
184.4853505555556
 30
0.0
  0
SEQEND
  5
186
330
183
100
AcDbEntity
  8
DEFAULT
 62
     7
  0
SPLINE
  5
187
330
1F
100
AcDbEntity
  8
DEFAULT
 62
     7
100
AcDbSpline
210
0.0
220
0.0
230
1.0
 70
    11
 71
     3
 72
    26
 73
    22
 74
     0
 42
0.000000001
 43
0.0000000001
 40
0.0
 40
0.0
 40
0.0
 40
0.0
 40
1.0
 40
1.0
 40
1.0
 40
2.0
 40
2.0
 40
2.0
 40
3.0
 40
3.0
 40
3.0
 40
4.0
 40
4.0
 40
4.0
 40
5.0
 40
5.0
 40
5.0
 40
6.0
 40
6.0
 40
6.0
 40
13.32500000000005
 40
13.32500000000005
 40
13.32500000000005
 40
13.32500000000005
 10
35.80775583333333
 20
188.1006525
 30
0.0
 10
36.01413083333333
 20
188.1316969444444
 30
0.0
 10
36.26001694444444
 20
188.1553330555555
 30
0.0
 10
36.52883361111111
 20
188.1553330555555
 30
0.0
 10
37.01601972222222
 20
188.1553330555555
 30
0.0
 10
37.36315305555556
 20
188.0420913888889
 30
0.0
 10
37.59316416666666
 20
187.8279552777778
 30
0.0
 10
37.82670305555556
 20
187.6134663888889
 30
0.0
 10
37.96322805555555
 20
187.3093719444444
 30
0.0
 10
37.96322805555555
 20
186.8846275
 30
0.0
 10
37.96322805555555
 20
186.4556497222222
 30
0.0
 10
37.83093638888889
 20
186.1049886111111
 30
0.0
 10
37.58505027777777
 20
185.8633358333333
 30
0.0
 10
37.33986972222223
 20
185.6178025
 30
0.0
 10
36.93417527777778
 20
185.4855108333333
 30
0.0
 10
36.42370583333333
 20
185.4855108333333
 30
0.0
 10
36.18205305555555
 20
185.4855108333333
 30
0.0
 10
35.97920583333333
 20
185.4971525
 30
0.0
 10
35.80775583333333
 20
185.5165552777778
 30
0.0
 10
35.80775583333333
 20
186.3779210185185
 30
0.0
 10
35.80775583333333
 20
187.2392867592592
 30
0.0
 10
35.80775583333333
 20
188.1006525
 30
0.0
  0
SPLINE
  5
188
330
1F
100
AcDbEntity
  8
DEFAULT
 62
     1
100
AcDbSpline
210
0.0
220
0.0
230
1.0
 70
     8
 71
     3
 72
    38
 73
    34
 74
     0
 42
0.000000001
 43
0.0000000001
 40
0.0
 40
0.0
 40
0.0
 40
0.0
 40
3.76107697342136
 40
3.76107697342136
 40
3.76107697342136
 40
4.76107697342136
 40
4.76107697342136
 40
4.76107697342136
 40
5.76107697342136
 40
5.76107697342136
 40
5.76107697342136
 40
6.76107697342136
 40
6.76107697342136
 40
6.76107697342136
 40
7.76107697342136
 40
7.76107697342136
 40
7.76107697342136
 40
73.72107697342133
 40
73.72107697342133
 40
73.72107697342133
 40
74.72107697342133
 40
74.72107697342133
 40
74.72107697342133
 40
75.72107697342133
 40
75.72107697342133
 40
75.72107697342133
 40
76.72107697342133
 40
76.72107697342133
 40
76.72107697342133
 40
77.72107697342133
 40
77.72107697342133
 40
77.72107697342133
 40
81.48215394684267
 40
81.48215394684267
 40
81.48215394684267
 40
81.48215394684267
 10
18.95983000000001
 20
188.2770413888889
 30
0.0
 10
18.58235777777779
 20
188.5075228703704
 30
0.0
 10
18.20488555555556
 20
188.7380043518519
 30
0.0
 10
17.82741333333333
 20
188.9684858333333
 30
0.0
 10
17.23827444444444
 20
187.9948191666667
 30
0.0
 10
17.35116333333333
 20
188.0689025
 30
0.0
 10
16.69499666666666
 20
186.9929302777778
 30
0.0
 10
16.03530222222222
 20
185.9134302777778
 30
0.0
 10
15.47438555555555
 20
185.0738191666667
 30
0.0
 10
15.34385777777778
 20
185.1584858333333
 30
0.0
 10
12.01363555555555
 20
187.1904858333333
 30
0.0
 10
13.63641333333333
 20
189.5929025
 30
0.0
 10
14.50071888888889
 20
191.0040136111111
 30
0.0
 10
18.57177444444444
 20
197.6574025
 30
0.0
 10
24.89355222222222
 20
201.4885691666667
 30
0.0
 10
25.25691333333333
 20
195.2373469444445
 30
0.0
 10
33.01332074074074
 20
195.2373469444445
 30
0.0
 10
40.76972814814814
 20
195.2373469444445
 30
0.0
 10
48.52613555555555
 20
195.2373469444445
 30
0.0
 10
48.8824411111111
 20
201.4885691666667
 30
0.0
 10
55.20421888888888
 20
197.6574025
 30
0.0
 10
59.27527444444444
 20
191.0040136111111
 30
0.0
 10
60.13958
 20
189.5964302777778
 30
0.0
 10
61.76235777777777
 20
187.1940136111111
 30
0.0
 10
58.43919111111111
 20
185.1584858333333
 30
0.0
 10
58.29808
 20
185.0738191666667
 30
0.0
 10
57.74421888888888
 20
185.9134302777778
 30
0.0
 10
57.08452444444443
 20
186.9964580555556
 30
0.0
 10
56.42482999999999
 20
188.0689025
 30
0.0
 10
56.54477444444444
 20
187.9948191666667
 30
0.0
 10
55.94858
 20
188.9684858333333
 30
0.0
 10
55.57110777777778
 20
188.7380043518519
 30
0.0
 10
55.19363555555555
 20
188.5075228703704
 30
0.0
 10
54.81616333333333
 20
188.2770413888889
 30
0.0
  0
SPLINE
  5
189
330
1F
100
AcDbEntity
  8
DEFAULT
 62
     1
100
AcDbSpline
210
0.0
220
0.0
230
1.0
 70
     8
 71
     3
 72
    92
 73
    88
 74
     0
 42
0.000000001
 43
0.0000000001
 40
0.0
 40
0.0
 40
0.0
 40
0.0
 40
3.761076973421311
 40
3.761076973421311
 40
3.761076973421311
 40
16.66175912592792
 40
16.66175912592792
 40
16.66175912592792
 40
17.66175912592792
 40
17.66175912592792
 40
17.66175912592792
 40
18.66175912592792
 40
18.66175912592792
 40
18.66175912592792
 40
22.34224822386046
 40
22.34224822386046
 40
22.34224822386046
 40
23.34224822386046
 40
23.34224822386046
 40
23.34224822386046
 40
45.5666897241547
 40
45.5666897241547
 40
45.5666897241547
 40
46.5666897241547
 40
46.5666897241547
 40
46.5666897241547
 40
47.5666897241547
 40
47.5666897241547
 40
47.5666897241547
 40
48.5666897241547
 40
48.5666897241547
 40
48.5666897241547
 40
49.5666897241547
 40
49.5666897241547
 40
49.5666897241547
 40
50.5666897241547
 40
50.5666897241547
 40
50.5666897241547
 40
51.5666897241547
 40
51.5666897241547
 40
51.5666897241547
 40
64.45668972415463
 40
64.45668972415463
 40
64.45668972415463
 40
72.96668972415462
 40
72.96668972415462
 40
72.96668972415462
 40
85.85668972415455
 40
85.85668972415455
 40
85.85668972415455
 40
86.85668972415455
 40
86.85668972415455
 40
86.85668972415455
 40
87.85668972415455
 40
87.85668972415455
 40
87.85668972415455
 40
88.85668972415455
 40
88.85668972415455
 40
88.85668972415455
 40
89.85668972415455
 40
89.85668972415455
 40
89.85668972415455
 40
90.85668972415455
 40
90.85668972415455
 40
90.85668972415455
 40
91.85668972415455
 40
91.85668972415455
 40
91.85668972415455
 40
114.0811312244488
 40
114.0811312244488
 40
114.0811312244488
 40
115.0811312244488
 40
115.0811312244488
 40
115.0811312244488
 40
118.7583312462045
 40
118.7583312462045
 40
118.7583312462045
 40
119.7583312462045
 40
119.7583312462045
 40
119.7583312462045
 40
120.7583312462045
 40
120.7583312462045
 40
120.7583312462045
 40
133.659013398711
 40
133.659013398711
 40
133.659013398711
 40
137.4200903721323
 40
137.4200903721323
 40
137.4200903721323
 40
137.4200903721323
 10
19.25612805555556
 20
188.0935616666667
 30
0.0
 10
19.63360027777778
 20
187.8630801851852
 30
0.0
 10
20.0110725
 20
187.6325987037037
 30
0.0
 10
20.38854472222222
 20
187.4021172222222
 30
0.0
 10
19.59597064814814
 20
186.1085987037037
 30
0.0
 10
18.80339657407407
 20
184.8150801851852
 30
0.0
 10
18.0108225
 20
183.5215616666666
 30
0.0
 10
17.41815583333333
 20
182.547895
 30
0.0
 10
17.42873916666667
 20
182.6925338888889
 30
0.0
 10
16.7725725
 20
181.6130338888889
 30
0.0
 10
16.11287805555556
 20
180.5370616666666
 30
0.0
 10
16.2328225
 20
180.611145
 30
0.0
 10
15.64015583333333
 20
179.6410061111111
 30
0.0
 10
15.41437805555555
 20
179.2717653703703
 30
0.0
 10
15.18860027777778
 20
178.9025246296296
 30
0.0
 10
14.9628225
 20
178.5332838888889
 30
0.0
 10
12.05240583333333
 20
173.8977838888889
 30
0.0
 10
23.87398916666666
 20
176.4942283333333
 30
0.0
 10
24.53721138888888
 20
174.9525894444444
 30
0.0
 10
25.74018361111111
 20
172.6324875925926
 30
0.0
 10
26.94315583333333
 20
170.3123857407407
 30
0.0
 10
28.14612805555555
 20
167.9922838888889
 30
0.0
 10
28.30840583333333
 20
167.6183394444444
 30
0.0
 10
28.91871138888889
 20
167.1244505555555
 30
0.0
 10
29.20093361111111
 20
167.371395
 30
0.0
 10
30.28396138888889
 20
168.2427561111111
 30
0.0
 10
31.83265583333333
 20
168.5849505555555
 30
0.0
 10
35.38512805555555
 20
168.5849505555555
 30
0.0
 10
35.45568361111111
 20
168.5849505555555
 30
0.0
 10
35.44862805555555
 20
168.9447838888889
 30
0.0
 10
35.44862805555555
 20
170.2112561111111
 30
0.0
 10
35.44862805555555
 20
171.4742005555555
 30
0.0
 10
35.38865583333333
 20
171.3507283333333
 30
0.0
 10
35.38865583333333
 20
172.4866727777778
 30
0.0
 10
35.38865583333333
 20
173.6226172222222
 30
0.0
 10
35.44862805555555
 20
173.4956172222222
 30
0.0
 10
35.44862805555555
 20
174.7620894444444
 30
0.0
 10
35.44862805555555
 20
176.0215061111111
 30
0.0
 10
35.38865583333333
 20
175.8980338888889
 30
0.0
 10
35.38865583333333
 20
177.0375061111111
 30
0.0
 10
35.38865583333333
 20
178.5532746296296
 30
0.0
 10
35.38865583333333
 20
180.0690431481481
 30
0.0
 10
35.38865583333333
 20
181.5848116666666
 30
0.0
 10
36.38936879629629
 20
181.5848116666666
 30
0.0
 10
37.39008175925925
 20
181.5848116666666
 30
0.0
 10
38.39079472222222
 20
181.5848116666666
 30
0.0
 10
38.39079472222222
 20
180.0690431481481
 30
0.0
 10
38.39079472222222
 20
178.5532746296296
 30
0.0
 10
38.39079472222222
 20
177.0375061111111
 30
0.0
 10
38.39079472222222
 20
175.8980338888889
 30
0.0
 10
38.32729472222222
 20
176.0215061111111
 30
0.0
 10
38.32729472222222
 20
174.7620894444444
 30
0.0
 10
38.32729472222222
 20
173.4956172222222
 30
0.0
 10
38.38726694444444
 20
173.6226172222222
 30
0.0
 10
38.38726694444444
 20
172.4866727777778
 30
0.0
 10
38.38726694444444
 20
171.3507283333333
 30
0.0
 10
38.32729472222222
 20
171.4742005555555
 30
0.0
 10
38.32729472222222
 20
170.2112561111111
 30
0.0
 10
38.32729472222222
 20
168.9835894444444
 30
0.0
 10
38.32023916666667
 20
168.6061172222222
 30
0.0
 10
38.38726694444444
 20
168.5849505555555
 30
0.0
 10
41.93973916666666
 20
168.5849505555555
 30
0.0
 10
43.48843361111111
 20
168.2427561111111
 30
0.0
 10
44.57146138888888
 20
167.371395
 30
0.0
 10
44.85368361111111
 20
167.1244505555555
 30
0.0
 10
45.46398916666666
 20
167.6183394444444
 30
0.0
 10
45.62626694444444
 20
167.9922838888889
 30
0.0
 10
46.82923916666666
 20
170.3123857407407
 30
0.0
 10
48.03221138888889
 20
172.6324875925926
 30
0.0
 10
49.23518361111111
 20
174.9525894444444
 30
0.0
 10
49.89487805555555
 20
176.4942283333333
 30
0.0
 10
61.72704472222222
 20
173.9048394444444
 30
0.0
 10
58.82015583333334
 20
178.5368116666666
 30
0.0
 10
58.59320212962964
 20
178.9048764814814
 30
0.0
 10
58.36624842592593
 20
179.2729412962963
 30
0.0
 10
58.13929472222222
 20
179.6410061111111
 30
0.0
 10
57.54310027777777
 20
180.611145
 30
0.0
 10
57.66657249999999
 20
180.5370616666666
 30
0.0
 10
57.00687805555555
 20
181.6130338888889
 30
0.0
 10
56.34718361111111
 20
182.6925338888889
 30
0.0
 10
56.35423916666667
 20
182.547895
 30
0.0
 10
55.76510027777777
 20
183.5215616666666
 30
0.0
 10
54.97252620370369
 20
184.8150801851852
 30
0.0
 10
54.17995212962961
 20
186.1085987037037
 30
0.0
 10
53.38737805555554
 20
187.4021172222222
 30
0.0
 10
53.76485027777776
 20
187.6325987037037
 30
0.0
 10
54.1423225
 20
187.8630801851852
 30
0.0
 10
54.51979472222222
 20
188.0935616666666
 30
0.0
  0
POLYLINE
  5
18A
330
1F
100
AcDbEntity
  8
DEFAULT
 62
     7
100
AcDb2dPolyline
 66
     1
 10
0.0
 20
0.0
 30
0.0
  0
VERTEX
  5
18B
330
18A
100
AcDbEntity
  8
DEFAULT
 62
     7
100
AcDbVertex
100
AcDb2dVertex
 10
20.9605738888889
 20
225.6313397222222
 30
0.0
  0
VERTEX
  5
18C
330
18A
100
AcDbEntity
  8
DEFAULT
 62
     7
100
AcDbVertex
100
AcDb2dVertex
 10
18.40222944444444
 20
227.1980258333333
 30
0.0
  0
SEQEND
  5
18D
330
18A
100
AcDbEntity
  8
DEFAULT
 62
     7
  0
SPLINE
  5
18E
330
1F
100
AcDbEntity
  8
DEFAULT
 62
     7
100
AcDbSpline
210
0.0
220
0.0
230
1.0
 70
     8
 71
     3
 72
    17
 73
    13
 74
     0
 42
0.000000001
 43
0.0000000001
 40
0.0
 40
0.0
 40
0.0
 40
0.0
 40
1.0
 40
1.0
 40
1.0
 40
2.0
 40
2.0
 40
2.0
 40
3.0
 40
3.0
 40
3.0
 40
4.0
 40
4.0
 40
4.0
 40
4.0
 10
20.23540388888889
 20
227.3759316666666
 30
0.0
 10
20.14438722222222
 20
227.3766372222222
 30
0.0
 10
19.96447055555555
 20
227.4140316666666
 30
0.0
 10
19.77608722222222
 20
227.52939
 30
0.0
 10
19.35381222222222
 20
227.7879761111111
 30
0.0
 10
19.28008166666666
 20
228.2853927777778
 30
0.0
 10
19.58170666666667
 20
228.7775177777777
 30
0.0
 10
19.88509555555555
 20
229.2728177777778
 30
0.0
 10
20.40015111111111
 20
229.4509705555555
 30
0.0
 10
20.85735111111111
 20
229.170865
 30
0.0
 10
21.00763444444444
 20
229.07879
 30
0.0
 10
21.11417333333333
 20
228.9539066666667
 30
0.0
 10
21.15932888888889
 20
228.8717094444444
 30
0.0
  0
POLYLINE
  5
18F
330
1F
100
AcDbEntity
  8
DEFAULT
 62
     7
100
AcDb2dPolyline
 66
     1
 10
0.0
 20
0.0
 30
0.0
  0
VERTEX
  5
190
330
18F
100
AcDbEntity
  8
DEFAULT
 62
     7
100
AcDbVertex
100
AcDb2dVertex
 10
21.29976972222221
 20
226.5963280555555
 30
0.0
  0
VERTEX
  5
191
330
18F
100
AcDbEntity
  8
DEFAULT
 62
     7
100
AcDbVertex
100
AcDb2dVertex
 10
22.62303916666664
 20
228.7570919444444
 30
0.0
  0
VERTEX
  5
192
330
18F
100
AcDbEntity
  8
DEFAULT
 62
     7
100
AcDbVertex
100
AcDb2dVertex
 10
21.72486694444444
 20
228.5023863888889
 30
0.0
  0
SEQEND
  5
193
330
18F
100
AcDbEntity
  8
DEFAULT
 62
     7
  0
POLYLINE
  5
194
330
1F
100
AcDbEntity
  8
DEFAULT
 62
     7
100
AcDb2dPolyline
 66
     1
 10
0.0
 20
0.0
 30
0.0
  0
VERTEX
  5
195
330
194
100
AcDbEntity
  8
DEFAULT
 62
     7
100
AcDbVertex
100
AcDb2dVertex
 10
55.37690361111111
 20
227.1981669444444
 30
0.0
  0
VERTEX
  5
196
330
194
100
AcDbEntity
  8
DEFAULT
 62
     7
100
AcDbVertex
100
AcDb2dVertex
 10
52.81855916666665
 20
225.6314808333333
 30
0.0
  0
SEQEND
  5
197
330
194
100
AcDbEntity
  8
DEFAULT
 62
     7
  0
SPLINE
  5
198
330
1F
100
AcDbEntity
  8
DEFAULT
 62
     7
100
AcDbSpline
210
0.0
220
0.0
230
1.0
 70
     8
 71
     3
 72
    17
 73
    13
 74
     0
 42
0.000000001
 43
0.0000000001
 40
0.0
 40
0.0
 40
0.0
 40
0.0
 40
1.0
 40
1.0
 40
1.0
 40
2.0
 40
2.0
 40
2.0
 40
3.0
 40
3.0
 40
3.0
 40
4.0
 40
4.0
 40
4.0
 40
4.0
 10
53.49331722222222
 20
227.3450988888889
 30
0.0
 10
53.45098388888889
 20
227.2643127777777
 30
0.0
 10
53.33633111111111
 20
227.121085
 30
0.0
 10
53.14794777777777
 20
227.0057266666667
 30
0.0
 10
52.72567277777778
 20
226.7471405555555
 30
0.0
 10
52.24907
 20
226.9076544444444
 30
0.0
 10
51.94779777777777
 20
227.3997794444444
 30
0.0
 10
51.64440888888888
 20
227.8950794444444
 30
0.0
 10
51.71990333333333
 20
228.4348294444445
 30
0.0
 10
52.17710333333333
 20
228.714935
 30
0.0
 10
52.32738666666666
 20
228.80701
 30
0.0
 10
52.48719499999999
 20
228.84511
 30
0.0
 10
52.58103388888888
 20
228.8479322222222
 30
0.0
  0
POLYLINE
  5
199
330
1F
100
AcDbEntity
  8
DEFAULT
 62
     7
100
AcDb2dPolyline
 66
     1
 10
0.0
 20
0.0
 30
0.0
  0
VERTEX
  5
19A
330
199
100
AcDbEntity
  8
DEFAULT
 62
     7
100
AcDbVertex
100
AcDb2dVertex
 10
54.67152444444444
 20
227.9388591666666
 30
0.0
  0
VERTEX
  5
19B
330
199
100
AcDbEntity
  8
DEFAULT
 62
     7
100
AcDbVertex
100
AcDb2dVertex
 10
53.34825499999999
 20
230.0996230555555
 30
0.0
  0
VERTEX
  5
19C
330
199
100
AcDbEntity
  8
DEFAULT
 62
     7
100
AcDbVertex
100
AcDb2dVertex
 10
53.16692722222222
 20
229.1834591666667
 30
0.0
  0
SEQEND
  5
19D
330
199
100
AcDbEntity
  8
DEFAULT
 62
     7
  0
POLYLINE
  5
19E
330
1F
100
AcDbEntity
  8
DEFAULT
 62
     7
100
AcDb2dPolyline
 66
     1
 10
0.0
 20
0.0
 30
0.0
  0
VERTEX
  5
19F
330
19E
100
AcDbEntity
  8
DEFAULT
 62
     7
100
AcDbVertex
100
AcDb2dVertex
 10
16.59170333333332
 20
207.3302869444444
 30
0.0
  0
VERTEX
  5
1A0
330
19E
100
AcDbEntity
  8
DEFAULT
 62
     7
100
AcDbVertex
100
AcDb2dVertex
 10
19.02763388888887
 20
209.0790063888888
 30
0.0
  0
SEQEND
  5
1A1
330
19E
100
AcDbEntity
  8
DEFAULT
 62
     7
  0
SPLINE
  5
1A2
330
1F
100
AcDbEntity
  8
DEFAULT
 62
     7
100
AcDbSpline
210
0.0
220
0.0
230
1.0
 70
     8
 71
     3
 72
    17
 73
    13
 74
     0
 42
0.000000001
 43
0.0000000001
 40
0.0
 40
0.0
 40
0.0
 40
0.0
 40
2.912243121719106
 40
2.912243121719106
 40
2.912243121719106
 40
3.912243121719106
 40
3.912243121719106
 40
3.912243121719106
 40
4.912243121719106
 40
4.912243121719106
 40
4.912243121719106
 40
5.912243121719106
 40
5.912243121719106
 40
5.912243121719106
 40
5.912243121719106
 10
18.34539694444442
 20
209.8200866666666
 30
0.0
 10
18.06717287037035
 20
209.6204144444444
 30
0.0
 10
17.78894879629628
 20
209.4207422222222
 30
0.0
 10
17.51072472222221
 20
209.2210699999999
 30
0.0
 10
17.51072472222222
 20
209.22107
 30
0.0
 10
17.55976083333333
 20
211.0770338888888
 30
0.0
 10
17.28706361111111
 20
211.4569755555555
 30
0.0
 10
17.07574972222222
 20
211.751545
 30
0.0
 10
16.77518305555555
 20
211.8644338888888
 30
0.0
 10
16.43193027777778
 20
211.618195
 30
0.0
 10
16.24778027777777
 20
211.4862561111111
 30
0.0
 10
16.06927472222222
 20
211.1701672222222
 30
0.0
 10
16.34796916666667
 20
210.7821116666666
 30
0.0
  0
SPLINE
  5
1A3
330
1F
100
AcDbEntity
  8
DEFAULT
 62
     7
100
AcDbSpline
210
0.0
220
0.0
230
1.0
 70
     8
 71
     3
 72
    17
 73
    13
 74
     0
 42
0.000000001
 43
0.0000000001
 40
0.0
 40
0.0
 40
0.0
 40
0.0
 40
1.0
 40
1.0
 40
1.0
 40
2.0
 40
2.0
 40
2.0
 40
3.0
 40
3.0
 40
3.0
 40
4.0
 40
4.0
 40
4.0
 40
4.0
 10
16.94204694444444
 20
208.9471027777778
 30
0.0
 10
16.90535805555556
 20
208.8631416666666
 30
0.0
 10
16.87889972222222
 20
208.7675388888889
 30
0.0
 10
16.69898305555555
 20
208.6384222222222
 30
0.0
 10
16.2950525
 20
208.3480861111111
 30
0.0
 10
15.80680805555556
 20
208.4726166666667
 30
0.0
 10
15.47025805555556
 20
208.9414583333333
 30
0.0
 10
15.13159138888889
 20
209.4131222222222
 30
0.0
 10
15.16863305555555
 20
209.9581638888889
 30
0.0
 10
15.6060775
 20
210.2721361111111
 30
0.0
 10
15.75001083333333
 20
210.3755
 30
0.0
 10
15.82868027777778
 20
210.3695027777778
 30
0.0
 10
15.92251916666667
 20
210.3793805555555
 30
0.0
  0
POLYLINE
  5
1A4
330
1F
100
AcDbEntity
  8
DEFAULT
 62
     7
100
AcDb2dPolyline
 66
     1
 10
0.0
 20
0.0
 30
0.0
  0
VERTEX
  5
1A5
330
1A4
100
AcDbEntity
  8
DEFAULT
 62
     7
100
AcDbVertex
100
AcDb2dVertex
 10
54.75146388888887
 20
209.0788652777777
 30
0.0
  0
VERTEX
  5
1A6
330
1A4
100
AcDbEntity
  8
DEFAULT
 62
     7
100
AcDbVertex
100
AcDb2dVertex
 10
57.18739444444443
 20
207.3301458333333
 30
0.0
  0
SEQEND
  5
1A7
330
1A4
100
AcDbEntity
  8
DEFAULT
 62
     7
  0
SPLINE
  5
1A8
330
1F
100
AcDbEntity
  8
DEFAULT
 62
     7
100
AcDbSpline
210
0.0
220
0.0
230
1.0
 70
     8
 71
     3
 72
    17
 73
    13
 74
     0
 42
0.000000001
 43
0.0000000001
 40
0.0
 40
0.0
 40
0.0
 40
0.0
 40
2.912243121719063
 40
2.912243121719063
 40
2.912243121719063
 40
3.912243121719063
 40
3.912243121719063
 40
3.912243121719063
 40
4.912243121719063
 40
4.912243121719063
 40
4.912243121719063
 40
5.912243121719063
 40
5.912243121719063
 40
5.912243121719063
 40
5.912243121719063
 10
57.67151138888888
 20
208.21396
 30
0.0
 10
57.39328731481481
 20
208.4136322222222
 30
0.0
 10
57.11506324074073
 20
208.6133044444444
 30
0.0
 10
56.83683916666665
 20
208.8129766666666
 30
0.0
 10
56.83683916666665
 20
208.8129766666667
 30
0.0
 10
58.61095861111111
 20
209.360135
 30
0.0
 10
58.88365583333333
 20
209.7404294444444
 30
0.0
 10
59.09532249999999
 20
210.0349988888889
 30
0.0
 10
59.1062586111111
 20
210.3556738888889
 30
0.0
 10
58.76265305555555
 20
210.6022655555555
 30
0.0
 10
58.57885583333333
 20
210.7345572222222
 30
0.0
 10
58.22255027777777
 20
210.8022905555555
 30
0.0
 10
57.94385583333332
 20
210.414235
 30
0.0
  0
SPLINE
  5
1A9
330
1F
100
AcDbEntity
  8
DEFAULT
 62
     7
100
AcDbSpline
210
0.0
220
0.0
230
1.0
 70
     8
 71
     3
 72
    17
 73
    13
 74
     0
 42
0.000000001
 43
0.0000000001
 40
0.0
 40
0.0
 40
0.0
 40
0.0
 40
1.0
 40
1.0
 40
1.0
 40
2.0
 40
2.0
 40
2.0
 40
3.0
 40
3.0
 40
3.0
 40
4.0
 40
4.0
 40
4.0
 40
4.0
 10
56.39526722222222
 20
209.2642147222222
 30
0.0
 10
56.30425055555555
 20
209.2719758333333
 30
0.0
 10
56.20512
 20
209.2663313888889
 30
0.0
 10
56.02520333333333
 20
209.3958008333333
 30
0.0
 10
55.62092
 20
209.6857841666667
 30
0.0
 10
55.58282
 20
210.1881397222222
 30
0.0
 10
55.91901722222222
 20
210.6566286111111
 30
0.0
 10
56.25768388888889
 20
211.1286452777777
 30
0.0
 10
56.78579222222222
 20
211.2679925
 30
0.0
 10
57.22323666666666
 20
210.9540202777777
 30
0.0
 10
57.36716999999999
 20
210.8506563888888
 30
0.0
 10
57.38692555555556
 20
210.7741036111111
 30
0.0
 10
57.42608388888888
 20
210.6883786111111
 30
0.0
  0
POLYLINE
  5
1AA
330
1F
100
AcDbEntity
  8
DEFAULT
 62
     7
100
AcDb2dPolyline
 66
     1
 10
0.0
 20
0.0
 30
0.0
  0
VERTEX
  5
1AB
330
1AA
100
AcDbEntity
  8
DEFAULT
 62
     7
100
AcDbVertex
100
AcDb2dVertex
 10
35.63962194444444
 20
221.7979858333333
 30
0.0
  0
VERTEX
  5
1AC
330
1AA
100
AcDbEntity
  8
DEFAULT
 62
     7
100
AcDbVertex
100
AcDb2dVertex
 10
38.13940527777778
 20
221.7979858333333
 30
0.0
  0
SEQEND
  5
1AD
330
1AA
100
AcDbEntity
  8
DEFAULT
 62
     7
  0
SPLINE
  5
1AE
330
1F
100
AcDbEntity
  8
DEFAULT
 62
     7
100
AcDbSpline
210
0.0
220
0.0
230
1.0
 70
     8
 71
     3
 72
    17
 73
    13
 74
     0
 42
0.000000001
 43
0.0000000001
 40
0.0
 40
0.0
 40
0.0
 40
0.0
 40
1.0
 40
1.0
 40
1.0
 40
2.0
 40
2.0
 40
2.0
 40
3.0
 40
3.0
 40
3.0
 40
4.0
 40
4.0
 40
4.0
 40
4.0
 10
37.88339444444444
 20
222.9019686111111
 30
0.0
 10
37.7585111111111
 20
222.8395269444444
 30
0.0
 10
37.50909722222222
 20
222.7770852777778
 30
0.0
 10
37.18983333333333
 20
222.7770852777778
 30
0.0
 10
36.44935277777778
 20
222.7770852777778
 30
0.0
 10
35.8916111111111
 20
223.2452213888889
 30
0.0
 10
35.8916111111111
 20
224.1063519444444
 30
0.0
 10
35.8916111111111
 20
224.9286769444444
 30
0.0
 10
36.44935277777778
 20
225.4860658333334
 30
0.0
 10
37.26391666666666
 20
225.4860658333334
 30
0.0
 10
37.59129444444444
 20
225.4860658333334
 30
0.0
 10
37.79766944444444
 20
225.4158630555555
 30
0.0
 10
37.88762777777777
 20
225.3692963888889
 30
0.0
  0
SPLINE
  5
1AF
330
1F
100
AcDbEntity
  8
DEFAULT
 62
     1
100
AcDbSpline
210
0.0
220
0.0
230
1.0
 70
     8
 71
     3
 72
   125
 73
   121
 74
     0
 42
0.000000001
 43
0.0000000001
 40
0.0
 40
0.0
 40
0.0
 40
0.0
 40
3.748986529716979
 40
3.748986529716979
 40
3.748986529716979
 40
16.63973127158499
 40
16.63973127158499
 40
16.63973127158499
 40
17.63973127158499
 40
17.63973127158499
 40
17.63973127158499
 40
18.63973127158499
 40
18.63973127158499
 40
18.63973127158499
 40
24.05919618982182
 40
24.05919618982182
 40
24.05919618982182
 40
25.05919618982182
 40
25.05919618982182
 40
25.05919618982182
 40
26.05919618982182
 40
26.05919618982182
 40
26.05919618982182
 40
27.05919618982182
 40
27.05919618982182
 40
27.05919618982182
 40
28.05919618982182
 40
28.05919618982182
 40
28.05919618982182
 40
29.05919618982182
 40
29.05919618982182
 40
29.05919618982182
 40
30.05919618982182
 40
30.05919618982182
 40
30.05919618982182
 40
31.05919618982182
 40
31.05919618982182
 40
31.05919618982182
 40
32.05919618982182
 40
32.05919618982182
 40
32.05919618982182
 40
33.05919618982182
 40
33.05919618982182
 40
33.05919618982182
 40
45.9591961898218
 40
45.9591961898218
 40
45.9591961898218
 40
54.46919618982179
 40
54.46919618982179
 40
54.46919618982179
 40
67.36919618982176
 40
67.36919618982176
 40
67.36919618982176
 40
68.36919618982176
 40
68.36919618982176
 40
68.36919618982176
 40
69.37919618982176
 40
69.37919618982176
 40
69.37919618982176
 40
70.37919618982176
 40
70.37919618982176
 40
70.37919618982176
 40
71.37919618982176
 40
71.37919618982176
 40
71.37919618982176
 40
72.37919618982176
 40
72.37919618982176
 40
72.37919618982176
 40
73.37919618982176
 40
73.37919618982176
 40
73.37919618982176
 40
74.37919618982176
 40
74.37919618982176
 40
74.37919618982176
 40
75.37919618982176
 40
75.37919618982176
 40
75.37919618982176
 40
76.37919618982176
 40
76.37919618982176
 40
76.37919618982176
 40
81.79866110805858
 40
81.79866110805858
 40
81.79866110805858
 40
82.79866110805858
 40
82.79866110805858
 40
82.79866110805858
 40
83.79866110805858
 40
83.79866110805858
 40
83.79866110805858
 40
96.68940584992662
 40
96.68940584992662
 40
96.68940584992662
 40
105.189441143971
 40
105.189441143971
 40
105.189441143971
 40
106.189441143971
 40
106.189441143971
 40
106.189441143971
 40
107.189441143971
 40
107.189441143971
 40
107.189441143971
 40
108.189441143971
 40
108.189441143971
 40
108.189441143971
 40
109.189441143971
 40
109.189441143971
 40
109.189441143971
 40
112.8836799018208
 40
112.8836799018208
 40
112.8836799018208
 40
113.8836799018208
 40
113.8836799018208
 40
113.8836799018208
 40
114.8836799018208
 40
114.8836799018208
 40
114.8836799018208
 40
127.779140343387
 40
127.779140343387
 40
127.779140343387
 40
131.5316861459056
 40
131.5316861459056
 40
131.5316861459056
 40
131.5316861459056
 10
18.59294111111112
 20
207.4152358333334
 30
0.0
 10
18.95159851851853
 20
207.6715876851852
 30
0.0
 10
19.31025592592593
 20
207.927939537037
 30
0.0
 10
19.66891333333334
 20
208.1842913888889
 30
0.0
 10
20.55320962962964
 20
206.9530969444444
 30
0.0
 10
21.43750592592593
 20
205.7219025
 30
0.0
 10
22.32180222222222
 20
204.4907080555556
 30
0.0
 10
22.98502444444444
 20
203.5629025
 30
0.0
 10
22.86155222222222
 20
203.6264025
 30
0.0
 10
23.59533
 20
202.6033469444444
 30
0.0
 10
24.33263555555556
 20
201.5732358333333
 30
0.0
 10
24.31499666666666
 20
201.7143469444445
 30
0.0
 10
24.98527444444444
 20
200.7935969444444
 30
0.0
 10
25.35569111111111
 20
200.2750136111111
 30
0.0
 10
25.72610777777778
 20
199.7564302777778
 30
0.0
 10
26.09652444444444
 20
199.2378469444444
 30
0.0
 10
26.09652444444444
 20
199.2378469444444
 30
0.0
 10
27.81102444444444
 20
197.4598469444444
 30
0.0
 10
30.23108
 20
197.8690691666667
 30
0.0
 10
31.44110777777778
 20
198.0736802777778
 30
0.0
 10
32.21369111111111
 20
199.0473469444444
 30
0.0
 10
34.22452444444444
 20
199.0473469444444
 30
0.0
 10
34.87010777777778
 20
199.0473469444444
 30
0.0
 10
35.38869111111111
 20
199.0473469444444
 30
0.0
 10
35.38869111111111
 20
200.6842358333333
 30
0.0
 10
35.38869111111111
 20
201.8201802777778
 30
0.0
 10
35.45219111111111
 20
201.6931802777778
 30
0.0
 10
35.45219111111111
 20
202.9596525
 30
0.0
 10
35.45219111111111
 20
204.2190691666667
 30
0.0
 10
35.38869111111111
 20
204.0955969444445
 30
0.0
 10
35.38869111111111
 20
205.2350691666667
 30
0.0
 10
35.38869111111111
 20
206.3674858333333
 30
0.0
 10
35.45219111111111
 20
206.2440136111111
 30
0.0
 10
35.45219111111111
 20
207.5034302777778
 30
0.0
 10
35.45219111111111
 20
208.7663747222222
 30
0.0
 10
35.38869111111111
 20
208.6464302777778
 30
0.0
 10
35.38869111111111
 20
209.7788469444444
 30
0.0
 10
35.38869111111111
 20
210.9147913888889
 30
0.0
 10
35.45219111111111
 20
210.7877913888888
 30
0.0
 10
35.45219111111111
 20
212.0542636111111
 30
0.0
 10
35.45219111111111
 20
213.3136802777778
 30
0.0
 10
35.38869111111111
 20
213.1902080555556
 30
0.0
 10
35.38869111111111
 20
214.3261525
 30
0.0
 10
35.38869111111111
 20
215.8430969444445
 30
0.0
 10
35.38869111111111
 20
217.3600413888888
 30
0.0
 10
35.38869111111111
 20
218.8769858333333
 30
0.0
 10
36.38940407407407
 20
218.8769858333334
 30
0.0
 10
37.39011703703704
 20
218.8769858333334
 30
0.0
 10
38.39082999999999
 20
218.8769858333333
 30
0.0
 10
38.39082999999999
 20
217.3600413888888
 30
0.0
 10
38.39082999999999
 20
215.8430969444445
 30
0.0
 10
38.39082999999999
 20
214.3261525
 30
0.0
 10
38.39082999999999
 20
213.1902080555556
 30
0.0
 10
38.32380222222222
 20
213.3136802777778
 30
0.0
 10
38.32380222222222
 20
212.0542636111111
 30
0.0
 10
38.32380222222222
 20
210.7877913888888
 30
0.0
 10
38.39082999999999
 20
210.9147913888889
 30
0.0
 10
38.39082999999999
 20
209.7788469444444
 30
0.0
 10
38.39082999999999
 20
208.6464302777778
 30
0.0
 10
38.32380222222222
 20
208.7663747222222
 30
0.0
 10
38.32380222222222
 20
207.5034302777778
 30
0.0
 10
38.32380222222222
 20
206.2440136111111
 30
0.0
 10
38.39082999999999
 20
206.3674858333333
 30
0.0
 10
38.39082999999999
 20
205.2350691666667
 30
0.0
 10
38.39082999999999
 20
204.0955969444445
 30
0.0
 10
38.32380222222222
 20
204.2190691666667
 30
0.0
 10
38.32380222222222
 20
202.9596525
 30
0.0
 10
38.32380222222222
 20
201.6931802777778
 30
0.0
 10
38.39082999999999
 20
201.8201802777778
 30
0.0
 10
38.39082999999999
 20
200.6842358333333
 30
0.0
 10
38.39082999999999
 20
199.0473469444444
 30
0.0
 10
38.90941333333333
 20
199.0473469444444
 30
0.0
 10
39.55146888888888
 20
199.0473469444444
 30
0.0
 10
41.55877444444444
 20
199.0473469444444
 30
0.0
 10
42.33841333333333
 20
198.0736802777778
 30
0.0
 10
43.54844111111111
 20
197.8690691666667
 30
0.0
 10
45.96849666666666
 20
197.4598469444444
 30
0.0
 10
47.68299666666666
 20
199.2378469444444
 30
0.0
 10
47.68299666666666
 20
199.2378469444444
 30
0.0
 10
48.05341333333333
 20
199.7564302777778
 30
0.0
 10
48.42382999999999
 20
200.2750136111111
 30
0.0
 10
48.79424666666667
 20
200.7935969444444
 30
0.0
 10
49.46452444444444
 20
201.7143469444445
 30
0.0
 10
49.44688555555555
 20
201.5732358333333
 30
0.0
 10
50.1841911111111
 20
202.6033469444444
 30
0.0
 10
50.91796888888888
 20
203.6264025
 30
0.0
 10
50.79449666666666
 20
203.5629025
 30
0.0
 10
51.45771888888888
 20
204.4907080555556
 30
0.0
 10
52.34201518518518
 20
205.7219025
 30
0.0
 10
53.22631148148147
 20
206.9530969444444
 30
0.0
 10
54.11060777777777
 20
208.1842913888889
 30
0.0
 10
54.92317259259259
 20
207.6022080555555
 30
0.0
 10
55.73573740740741
 20
207.0201247222222
 30
0.0
 10
56.54830222222222
 20
206.4380413888889
 30
0.0
 10
55.88155222222222
 20
205.5137636111111
 30
0.0
 10
55.90624666666666
 20
205.6478191666667
 30
0.0
 10
55.16541333333333
 20
204.6247636111111
 30
0.0
 10
54.43163555555555
 20
203.5981802777777
 30
0.0
 10
53.87424666666666
 20
202.7550413888889
 30
0.0
 10
54.00124666666666
 20
202.6633191666666
 30
0.0
 10
57.16566333333333
 20
200.3914302777778
 30
0.0
 10
59.12005222222221
 20
202.5539580555556
 30
0.0
 10
60.08313555555555
 20
203.8980413888889
 30
0.0
 10
64.6304411111111
 20
210.2374580555555
 30
0.0
 10
61.68474666666666
 20
216.2911247222222
 30
0.0
 10
58.8201911111111
 20
215.8219302777778
 30
0.0
 10
58.5932374074074
 20
216.1923469444445
 30
0.0
 10
58.36628370370369
 20
216.5627636111111
 30
0.0
 10
58.13932999999999
 20
216.9331802777778
 30
0.0
 10
57.54666333333333
 20
217.8997913888889
 30
0.0
 10
57.66660777777778
 20
217.8292358333333
 30
0.0
 10
57.00691333333333
 20
218.9052080555556
 30
0.0
 10
56.35074666666666
 20
219.9847080555556
 30
0.0
 10
56.36133
 20
219.8400691666667
 30
0.0
 10
55.76866333333332
 20
220.8137358333333
 30
0.0
 10
54.97726518518518
 20
222.1072543518519
 30
0.0
 10
54.18586703703702
 20
223.4007728703704
 30
0.0
 10
53.39446888888888
 20
224.6942913888889
 30
0.0
 10
53.77076518518518
 20
224.9247728703704
 30
0.0
 10
54.14706148148147
 20
225.1552543518518
 30
0.0
 10
54.52335777777777
 20
225.3857358333333
 30
0.0
  0
SPLINE
  5
1B0
330
1F
100
AcDbEntity
  8
DEFAULT
 62
     1
100
AcDbSpline
210
0.0
220
0.0
230
1.0
 70
     8
 71
     3
 72
    65
 73
    61
 74
     0
 42
0.000000001
 43
0.0000000001
 40
0.0
 40
0.0
 40
0.0
 40
0.0
 40
3.754810248201673
 40
3.754810248201673
 40
3.754810248201673
 40
4.754810248201673
 40
4.754810248201673
 40
4.754810248201673
 40
5.754810248201673
 40
5.754810248201673
 40
5.754810248201673
 40
6.754810248201673
 40
6.754810248201673
 40
6.754810248201673
 40
7.754810248201673
 40
7.754810248201673
 40
7.754810248201673
 40
11.4490490060515
 40
11.4490490060515
 40
11.4490490060515
 40
12.4490490060515
 40
12.4490490060515
 40
12.4490490060515
 40
13.4490490060515
 40
13.4490490060515
 40
13.4490490060515
 40
26.34450944761775
 40
26.34450944761775
 40
26.34450944761775
 40
34.84604460310588
 40
34.84604460310588
 40
34.84604460310588
 40
35.84604460310588
 40
35.84604460310588
 40
35.84604460310588
 40
36.84604460310588
 40
36.84604460310588
 40
36.84604460310588
 40
37.84604460310588
 40
37.84604460310588
 40
37.84604460310588
 40
38.84604460310588
 40
38.84604460310588
 40
38.84604460310588
 40
104.8160446031059
 40
104.8160446031059
 40
104.8160446031059
 40
105.8160446031059
 40
105.8160446031059
 40
105.8160446031059
 40
106.8160446031059
 40
106.8160446031059
 40
106.8160446031059
 40
107.8160446031059
 40
107.8160446031059
 40
107.8160446031059
 40
108.8160446031059
 40
108.8160446031059
 40
108.8160446031059
 40
112.5685904056245
 40
112.5685904056245
 40
112.5685904056245
 40
112.5685904056245
 10
18.30715583333335
 20
207.2105894444444
 30
0.0
 10
17.94849842592594
 20
206.9530616666666
 30
0.0
 10
17.58984101851853
 20
206.6955338888889
 30
0.0
 10
17.23118361111112
 20
206.4380061111111
 30
0.0
 10
17.89793361111111
 20
205.5137283333333
 30
0.0
 10
17.87323916666667
 20
205.6477838888889
 30
0.0
 10
18.6140725
 20
204.6247283333333
 30
0.0
 10
19.34785027777778
 20
203.598145
 30
0.0
 10
19.90523916666666
 20
202.7550061111111
 30
0.0
 10
19.77823916666667
 20
202.6632838888889
 30
0.0
 10
16.6138225
 20
200.391395
 30
0.0
 10
14.65943361111111
 20
202.5539227777778
 30
0.0
 10
13.69635027777778
 20
203.8980061111111
 30
0.0
 10
9.149044722222222
 20
210.2374227777778
 30
0.0
 10
12.09473916666667
 20
216.2910894444444
 30
0.0
 10
14.95929472222222
 20
215.821895
 30
0.0
 10
15.18624842592592
 20
216.1923116666667
 30
0.0
 10
15.41320212962963
 20
216.5627283333333
 30
0.0
 10
15.64015583333333
 20
216.933145
 30
0.0
 10
16.2328225
 20
217.8997561111111
 30
0.0
 10
16.11287805555556
 20
217.8292005555556
 30
0.0
 10
16.7725725
 20
218.9051727777778
 30
0.0
 10
17.42873916666667
 20
219.9846727777778
 30
0.0
 10
17.41815583333333
 20
219.8400338888889
 30
0.0
 10
18.0108225
 20
220.8137005555555
 30
0.0
 10
18.80222064814815
 20
222.107219074074
 30
0.0
 10
19.5936187962963
 20
223.4007375925926
 30
0.0
 10
20.38501694444444
 20
224.6942561111111
 30
0.0
 10
19.53247064814815
 20
225.2163672222222
 30
0.0
 10
18.67992435185185
 20
225.7384783333333
 30
0.0
 10
17.82737805555556
 20
226.2605894444444
 30
0.0
 10
17.23471138888889
 20
225.2869227777778
 30
0.0
 10
17.35112805555556
 20
225.3610061111111
 30
0.0
 10
16.69496138888889
 20
224.2850338888889
 30
0.0
 10
16.03526694444444
 20
223.2055338888889
 30
0.0
 10
15.47435027777778
 20
222.3659227777778
 30
0.0
 10
15.3438225
 20
222.4505894444444
 30
0.0
 10
12.01360027777778
 20
224.4790616666667
 30
0.0
 10
13.25185027777778
 20
227.1178394444444
 30
0.0
 10
14.11615583333333
 20
228.5324783333333
 30
0.0
 10
18.18721138888889
 20
235.1858672222222
 30
0.0
 10
24.89351694444444
 20
238.7806727777778
 30
0.0
 10
25.25335027777777
 20
232.5294505555555
 30
0.0
 10
33.01093361111111
 20
232.5294505555555
 30
0.0
 10
40.76851694444445
 20
232.5294505555555
 30
0.0
 10
48.52610027777778
 20
232.5294505555555
 30
0.0
 10
48.88593361111111
 20
238.7806727777778
 30
0.0
 10
55.59223916666666
 20
235.1858672222222
 30
0.0
 10
59.66329472222222
 20
228.5324783333333
 30
0.0
 10
60.52760027777777
 20
227.1178394444444
 30
0.0
 10
61.76585027777777
 20
224.4790616666667
 30
0.0
 10
58.43562805555555
 20
222.4505894444444
 30
0.0
 10
58.30510027777777
 20
222.3659227777778
 30
0.0
 10
57.74418361111111
 20
223.2055338888889
 30
0.0
 10
57.08448916666666
 20
224.2850338888889
 30
0.0
 10
56.42832249999999
 20
225.3610061111111
 30
0.0
 10
56.54473916666666
 20
225.2869227777778
 30
0.0
 10
55.95207249999999
 20
226.2605894444444
 30
0.0
 10
55.5757762037037
 20
226.0301079629629
 30
0.0
 10
55.19947990740741
 20
225.7996264814815
 30
0.0
 10
54.82318361111111
 20
225.569145
 30
0.0
  0
POLYLINE
  5
1B1
330
1F
100
AcDbEntity
  8
DEFAULT
 62
     7
100
AcDb2dPolyline
 66
     1
 10
0.0
 20
0.0
 30
0.0
  0
VERTEX
  5
1B2
330
1B1
100
AcDbEntity
  8
DEFAULT
 62
     7
100
AcDbVertex
100
AcDb2dVertex
 10
21.37332388888889
 20
284.4900894444445
 30
0.0
  0
VERTEX
  5
1B3
330
1B1
100
AcDbEntity
  8
DEFAULT
 62
     7
100
AcDbVertex
100
AcDb2dVertex
 10
22.15225722222221
 20
285.0044394444445
 30
0.0
  0
VERTEX
  5
1B4
330
1B1
100
AcDbEntity
  8
DEFAULT
 62
     7
100
AcDbVertex
100
AcDb2dVertex
 10
21.54442111111111
 20
282.5448727777778
 30
0.0
  0
SEQEND
  5
1B5
330
1B1
100
AcDbEntity
  8
DEFAULT
 62
     7
  0
SPLINE
  5
1B6
330
1F
100
AcDbEntity
  8
DEFAULT
 62
     7
100
AcDbSpline
210
0.0
220
0.0
230
1.0
 70
     8
 71
     3
 72
    23
 73
    19
 74
     0
 42
0.000000001
 43
0.0000000001
 40
0.0
 40
0.0
 40
0.0
 40
0.0
 40
1.0
 40
1.0
 40
1.0
 40
2.0
 40
2.0
 40
2.0
 40
3.0
 40
3.0
 40
3.0
 40
4.0
 40
4.0
 40
4.0
 40
5.0
 40
5.0
 40
5.0
 40
6.0
 40
6.0
 40
6.0
 40
6.0
 10
19.63472916666666
 20
284.5774372222222
 30
0.0
 10
19.6738875
 20
284.7351288888889
 30
0.0
 10
20.0326625
 20
284.81274
 30
0.0
 10
20.26373194444444
 20
284.7559427777778
 30
0.0
 10
20.74597916666666
 20
284.6367038888889
 30
0.0
 10
20.79677916666666
 20
284.3558927777777
 30
0.0
 10
20.70611527777778
 20
283.9886511111111
 30
0.0
 10
20.70611527777778
 20
283.9886511111111
 30
0.0
 10
20.5025625
 20
283.2446427777778
 30
0.0
 10
20.49480138888889
 20
283.114115
 30
0.0
 10
20.44894027777778
 20
282.9285538888889
 30
0.0
 10
19.95081805555555
 20
282.9387844444444
 30
0.0
 10
19.73879861111111
 20
282.9913483333333
 30
0.0
 10
19.43787916666667
 20
283.0654316666667
 30
0.0
 10
19.33663194444444
 20
283.3155511111111
 30
0.0
 10
19.38990138888889
 20
283.5307455555555
 30
0.0
 10
19.47880138888889
 20
283.8898733333333
 30
0.0
 10
19.68588194444444
 20
284.1802094444444
 30
0.0
 10
20.66025416666666
 20
283.8030899999999
 30
0.0
  0
POLYLINE
  5
1B7
330
1F
100
AcDbEntity
  8
DEFAULT
 62
     7
100
AcDb2dPolyline
 66
     1
 10
0.0
 20
0.0
 30
0.0
  0
VERTEX
  5
1B8
330
1B7
100
AcDbEntity
  8
DEFAULT
 62
     7
100
AcDbVertex
100
AcDb2dVertex
 10
21.55623916666666
 20
281.511833611111
 30
0.0
  0
VERTEX
  5
1B9
330
1B7
100
AcDbEntity
  8
DEFAULT
 62
     7
100
AcDbVertex
100
AcDb2dVertex
 10
18.7791725
 20
282.1983391666666
 30
0.0
  0
SEQEND
  5
1BA
330
1B7
100
AcDbEntity
  8
DEFAULT
 62
     7
  0
POLYLINE
  5
1BB
330
1F
100
AcDbEntity
  8
DEFAULT
 62
     7
100
AcDb2dPolyline
 66
     1
 10
0.0
 20
0.0
 30
0.0
  0
VERTEX
  5
1BC
330
1BB
100
AcDbEntity
  8
DEFAULT
 62
     7
100
AcDbVertex
100
AcDb2dVertex
 10
53.44593916666666
 20
284.7483227777777
 30
0.0
  0
VERTEX
  5
1BD
330
1BB
100
AcDbEntity
  8
DEFAULT
 62
     7
100
AcDbVertex
100
AcDb2dVertex
 10
53.89573083333335
 20
285.5664144444444
 30
0.0
  0
VERTEX
  5
1BE
330
1BB
100
AcDbEntity
  8
DEFAULT
 62
     7
100
AcDbVertex
100
AcDb2dVertex
 10
54.50391972222222
 20
283.1068477777778
 30
0.0
  0
SEQEND
  5
1BF
330
1BB
100
AcDbEntity
  8
DEFAULT
 62
     7
  0
SPLINE
  5
1C0
330
1F
100
AcDbEntity
  8
DEFAULT
 62
     7
100
AcDbSpline
210
0.0
220
0.0
230
1.0
 70
     8
 71
     3
 72
    23
 73
    19
 74
     0
 42
0.000000001
 43
0.0000000001
 40
0.0
 40
0.0
 40
0.0
 40
0.0
 40
1.0
 40
1.0
 40
1.0
 40
2.0
 40
2.0
 40
2.0
 40
3.0
 40
3.0
 40
3.0
 40
4.0
 40
4.0
 40
4.0
 40
5.0
 40
5.0
 40
5.0
 40
6.0
 40
6.0
 40
6.0
 40
6.0
 10
51.86722333333334
 20
284.0152152777778
 30
0.0
 10
51.828065
 20
284.1729069444444
 30
0.0
 10
52.10958166666667
 20
284.4092680555555
 30
0.0
 10
52.34029833333334
 20
284.4664180555556
 30
0.0
 10
52.82254555555556
 20
284.5856569444444
 30
0.0
 10
52.99893444444444
 20
284.3605847222222
 30
0.0
 10
53.08924555555556
 20
283.9936958333333
 30
0.0
 10
53.08924555555556
 20
283.9936958333333
 30
0.0
 10
53.25646222222222
 20
283.2405152777777
 30
0.0
 10
53.30973166666666
 20
283.1212763888889
 30
0.0
 10
53.35559277777777
 20
282.9357152777778
 30
0.0
 10
52.91038722222222
 20
282.7127597222222
 30
0.0
 10
52.69836777777778
 20
282.660548611111
 30
0.0
 10
52.39744833333333
 20
282.5861125
 30
0.0
 10
52.19142611111111
 20
282.7600319444444
 30
0.0
 10
52.13815666666667
 20
282.9748736111111
 30
0.0
 10
52.04960944444444
 20
283.3343541666666
 30
0.0
 10
52.09723444444444
 20
283.6878374999999
 30
0.0
 10
53.13545944444444
 20
283.8081347222222
 30
0.0
  0
POLYLINE
  5
1C1
330
1F
100
AcDbEntity
  8
DEFAULT
 62
     7
100
AcDb2dPolyline
 66
     1
 10
0.0
 20
0.0
 30
0.0
  0
VERTEX
  5
1C2
330
1C1
100
AcDbEntity
  8
DEFAULT
 62
     7
100
AcDbVertex
100
AcDb2dVertex
 10
54.99586833333333
 20
282.1984449999999
 30
0.0
  0
VERTEX
  5
1C3
330
1C1
100
AcDbEntity
  8
DEFAULT
 62
     7
100
AcDbVertex
100
AcDb2dVertex
 10
52.21880166666666
 20
281.5119394444444
 30
0.0
  0
SEQEND
  5
1C4
330
1C1
100
AcDbEntity
  8
DEFAULT
 62
     7
  0
POLYLINE
  5
1C5
330
1F
100
AcDbEntity
  8
DEFAULT
 62
     7
100
AcDb2dPolyline
 66
     1
 10
0.0
 20
0.0
 30
0.0
  0
VERTEX
  5
1C6
330
1C5
100
AcDbEntity
  8
DEFAULT
 62
     7
100
AcDbVertex
100
AcDb2dVertex
 10
35.63754055555555
 20
280.0793441666667
 30
0.0
  0
VERTEX
  5
1C7
330
1C5
100
AcDbEntity
  8
DEFAULT
 62
     7
100
AcDbVertex
100
AcDb2dVertex
 10
38.13732388888889
 20
280.0793441666667
 30
0.0
  0
SEQEND
  5
1C8
330
1C5
100
AcDbEntity
  8
DEFAULT
 62
     7
  0
POLYLINE
  5
1C9
330
1F
100
AcDbEntity
  8
DEFAULT
 62
     7
100
AcDb2dPolyline
 66
     1
 10
0.0
 20
0.0
 30
0.0
  0
VERTEX
  5
1CA
330
1C9
100
AcDbEntity
  8
DEFAULT
 62
     7
100
AcDbVertex
100
AcDb2dVertex
 10
35.78828249999999
 20
281.0792927777778
 30
0.0
  0
VERTEX
  5
1CB
330
1C9
100
AcDbEntity
  8
DEFAULT
 62
     7
100
AcDbVertex
100
AcDb2dVertex
 10
36.87766027777777
 20
283.7064288888889
 30
0.0
  0
VERTEX
  5
1CC
330
1C9
100
AcDbEntity
  8
DEFAULT
 62
     7
100
AcDbVertex
100
AcDb2dVertex
 10
37.98644083333333
 20
281.0792927777778
 30
0.0
  0
SEQEND
  5
1CD
330
1C9
100
AcDbEntity
  8
DEFAULT
 62
     7
  0
POLYLINE
  5
1CE
330
1F
100
AcDbEntity
  8
DEFAULT
 62
     7
100
AcDb2dPolyline
 66
     1
 10
0.0
 20
0.0
 30
0.0
  0
VERTEX
  5
1CF
330
1CE
100
AcDbEntity
  8
DEFAULT
 62
     7
100
AcDbVertex
100
AcDb2dVertex
 10
37.64001305555555
 20
281.9047222222222
 30
0.0
  0
VERTEX
  5
1D0
330
1CE
100
AcDbEntity
  8
DEFAULT
 62
     7
100
AcDbVertex
100
AcDb2dVertex
 10
36.13118249999999
 20
281.9047222222222
 30
0.0
  0
SEQEND
  5
1D1
330
1CE
100
AcDbEntity
  8
DEFAULT
 62
     7
  0
SPLINE
  5
1D2
330
1F
100
AcDbEntity
  8
DEFAULT
 62
     1
100
AcDbSpline
210
0.0
220
0.0
230
1.0
 70
     8
 71
     3
 72
    74
 73
    70
 74
     0
 42
0.000000001
 43
0.0000000001
 40
0.0
 40
0.0
 40
0.0
 40
0.0
 40
3.75202611931205
 40
3.75202611931205
 40
3.75202611931205
 40
16.65741259163445
 40
16.65741259163445
 40
16.65741259163445
 40
17.65741259163445
 40
17.65741259163445
 40
17.65741259163445
 40
18.65741259163445
 40
18.65741259163445
 40
18.65741259163445
 40
22.3585070243664
 40
22.3585070243664
 40
22.3585070243664
 40
23.3585070243664
 40
23.3585070243664
 40
23.3585070243664
 40
24.3585070243664
 40
24.3585070243664
 40
24.3585070243664
 40
25.3585070243664
 40
25.3585070243664
 40
25.3585070243664
 40
26.3585070243664
 40
26.3585070243664
 40
26.3585070243664
 40
27.3585070243664
 40
27.3585070243664
 40
27.3585070243664
 40
40.25850702436638
 40
40.25850702436638
 40
40.25850702436638
 40
48.75850702436638
 40
48.75850702436638
 40
48.75850702436638
 40
61.64850702436637
 40
61.64850702436637
 40
61.64850702436637
 40
62.64850702436637
 40
62.64850702436637
 40
62.64850702436637
 40
63.64850702436637
 40
63.64850702436637
 40
63.64850702436637
 40
64.64850702436637
 40
64.64850702436637
 40
64.64850702436637
 40
65.64850702436637
 40
65.64850702436637
 40
65.64850702436637
 40
66.64850702436637
 40
66.64850702436637
 40
66.64850702436637
 40
70.34960145709832
 40
70.34960145709832
 40
70.34960145709832
 40
71.34960145709832
 40
71.34960145709832
 40
71.34960145709832
 40
72.34960145709832
 40
72.34960145709832
 40
72.34960145709832
 40
85.25498792942072
 40
85.25498792942072
 40
85.25498792942072
 40
89.00460124281716
 40
89.00460124281716
 40
89.00460124281716
 40
89.00460124281716
 10
20.07450194444444
 20
280.7435541666666
 30
0.0
 10
20.50253898148148
 20
280.6365449074074
 30
0.0
 10
20.93057601851851
 20
280.5295356481481
 30
0.0
 10
21.35861305555555
 20
280.4225263888889
 30
0.0
 10
20.99525194444444
 20
278.9490912037036
 30
0.0
 10
20.63189083333333
 20
277.4756560185185
 30
0.0
 10
20.26852972222222
 20
276.0022208333333
 30
0.0
 10
19.99689083333333
 20
274.9015541666666
 30
0.0
 10
19.96866861111111
 20
275.0391375
 30
0.0
 10
19.66175194444444
 20
273.8114708333333
 30
0.0
 10
19.35836305555555
 20
272.5802763888889
 30
0.0
 10
19.45008527777777
 20
272.6931652777777
 30
0.0
 10
19.18197416666666
 20
271.5924986111111
 30
0.0
 10
19.07614083333333
 20
271.1703412037037
 30
0.0
 10
18.9703075
 20
270.7481837962962
 30
0.0
 10
18.86447416666666
 20
270.3260263888889
 30
0.0
 10
17.84141861111111
 20
266.7735541666666
 30
0.0
 10
23.73986305555555
 20
266.5654152777778
 30
0.0
 10
27.62394638888889
 20
265.8845541666666
 30
0.0
 10
30.54141861111111
 20
265.3694986111111
 30
0.0
 10
32.99675194444444
 20
266.7488597222222
 30
0.0
 10
34.22794638888889
 20
266.7488597222222
 30
0.0
 10
34.87000194444444
 20
266.7488597222222
 30
0.0
 10
35.38858527777777
 20
267.3450541666666
 30
0.0
 10
35.38858527777777
 20
268.0858875
 30
0.0
 10
35.38858527777777
 20
269.2183041666667
 30
0.0
 10
35.45208527777778
 20
269.0877763888889
 30
0.0
 10
35.45208527777778
 20
270.3542486111111
 30
0.0
 10
35.45208527777778
 20
271.6171930555555
 30
0.0
 10
35.38858527777777
 20
271.4937208333333
 30
0.0
 10
35.38858527777777
 20
272.6296652777777
 30
0.0
 10
35.38858527777777
 20
274.1466097222222
 30
0.0
 10
35.38858527777777
 20
275.6635541666666
 30
0.0
 10
35.38858527777777
 20
277.1804986111111
 30
0.0
 10
36.38812231481481
 20
277.1804986111111
 30
0.0
 10
37.38765935185184
 20
277.1804986111111
 30
0.0
 10
38.38719638888888
 20
277.1804986111111
 30
0.0
 10
38.38719638888888
 20
275.6647300925926
 30
0.0
 10
38.38719638888888
 20
274.1489615740741
 30
0.0
 10
38.38719638888888
 20
272.6331930555555
 30
0.0
 10
38.38719638888888
 20
271.4937208333333
 30
0.0
 10
38.32369638888888
 20
271.6171930555555
 30
0.0
 10
38.32369638888888
 20
270.3542486111111
 30
0.0
 10
38.32369638888888
 20
269.0877763888889
 30
0.0
 10
38.38719638888888
 20
269.2183041666667
 30
0.0
 10
38.38719638888888
 20
268.0858875
 30
0.0
 10
38.38719638888888
 20
267.3450541666666
 30
0.0
 10
38.90577972222221
 20
266.7488597222222
 30
0.0
 10
39.54783527777777
 20
266.7488597222222
 30
0.0
 10
40.77550194444444
 20
266.7488597222222
 30
0.0
 10
43.23436305555555
 20
265.3694986111111
 30
0.0
 10
46.15183527777777
 20
265.8845541666666
 30
0.0
 10
50.03591861111111
 20
266.5654152777778
 30
0.0
 10
55.93436305555555
 20
266.7735541666666
 30
0.0
 10
54.91130749999999
 20
270.3260263888889
 30
0.0
 10
54.80547416666666
 20
270.7481837962962
 30
0.0
 10
54.69964083333333
 20
271.1703412037037
 30
0.0
 10
54.59380749999999
 20
271.5924986111111
 30
0.0
 10
54.32216861111111
 20
272.6931652777777
 30
0.0
 10
54.41389083333333
 20
272.5802763888889
 30
0.0
 10
54.11402972222221
 20
273.8114708333333
 30
0.0
 10
53.80711305555555
 20
275.0391375
 30
0.0
 10
53.77889083333333
 20
274.9015541666666
 30
0.0
 10
53.50725194444444
 20
276.0022208333333
 30
0.0
 10
53.14389083333333
 20
277.4756560185185
 30
0.0
 10
52.78052972222222
 20
278.9490912037036
 30
0.0
 10
52.41716861111111
 20
280.4225263888889
 30
0.0
 10
52.84520564814814
 20
280.5283597222222
 30
0.0
 10
53.27324268518518
 20
280.6341930555555
 30
0.0
 10
53.70127972222222
 20
280.7400263888889
 30
0.0
  0
SPLINE
  5
1D3
330
1F
100
AcDbEntity
  8
DEFAULT
 62
     1
100
AcDbSpline
210
0.0
220
0.0
230
1.0
 70
     8
 71
     3
 72
    44
 73
    40
 74
     0
 42
0.000000001
 43
0.0000000001
 40
0.0
 40
0.0
 40
0.0
 40
0.0
 40
3.749613313396472
 40
3.749613313396472
 40
3.749613313396472
 40
4.749613313396472
 40
4.749613313396472
 40
4.749613313396472
 40
5.749613313396472
 40
5.749613313396472
 40
5.749613313396472
 40
6.749613313396472
 40
6.749613313396472
 40
6.749613313396472
 40
7.749613313396472
 40
7.749613313396472
 40
7.749613313396472
 40
8.749613313396472
 40
8.749613313396472
 40
8.749613313396472
 40
74.70961331339646
 40
74.70961331339646
 40
74.70961331339646
 40
75.70961331339646
 40
75.70961331339646
 40
75.70961331339646
 40
76.70961331339646
 40
76.70961331339646
 40
76.70961331339646
 40
77.70961331339646
 40
77.70961331339646
 40
77.70961331339646
 40
78.70961331339646
 40
78.70961331339646
 40
78.70961331339646
 40
79.70961331339646
 40
79.70961331339646
 40
79.70961331339646
 40
83.45922662679293
 40
83.45922662679293
 40
83.45922662679293
 40
83.45922662679293
 10
19.73241333333333
 20
280.8281502777778
 30
0.0
 10
19.30437629629629
 20
280.933983611111
 30
0.0
 10
18.87633925925926
 20
281.0398169444445
 30
0.0
 10
18.44830222222222
 20
281.1456502777777
 30
0.0
 10
18.17313555555555
 20
280.0344002777778
 30
0.0
 10
18.26485777777778
 20
280.1402336111111
 30
0.0
 10
17.96146888888889
 20
278.9196225
 30
0.0
 10
17.65807999999999
 20
277.6919558333333
 30
0.0
 10
17.37938555555555
 20
276.7182891666666
 30
0.0
 10
17.22063555555555
 20
276.7535669444445
 30
0.0
 10
13.43533
 20
277.6919558333333
 30
0.0
 10
13.82338555555555
 20
280.5812058333333
 30
0.0
 10
14.22202444444444
 20
282.1828169444444
 30
0.0
 10
14.93816333333333
 20
285.0473725
 30
0.0
 10
17.39349666666666
 20
290.4836780555556
 30
0.0
 10
20.42385777777778
 20
291.1715947222222
 30
0.0
 10
25.16871888888888
 20
292.2475669444444
 30
0.0
 10
25.00996888888888
 20
295.0486225
 30
0.0
 10
25.25338555555555
 20
290.8258725
 30
0.0
 10
33.00979296296296
 20
290.8258725
 30
0.0
 10
40.76620037037036
 20
290.8258725
 30
0.0
 10
48.52260777777777
 20
290.8258725
 30
0.0
 10
48.76602444444444
 20
295.0486225
 30
0.0
 10
48.60374666666667
 20
292.2475669444444
 30
0.0
 10
53.35213555555555
 20
291.1715947222222
 30
0.0
 10
56.38249666666666
 20
290.4836780555556
 30
0.0
 10
58.83783
 20
285.0473725
 30
0.0
 10
59.5504411111111
 20
282.1828169444444
 30
0.0
 10
59.95260777777777
 20
280.5812058333333
 30
0.0
 10
60.34066333333332
 20
277.6919558333333
 30
0.0
 10
56.55182999999999
 20
276.7535669444445
 30
0.0
 10
56.39660777777777
 20
276.7182891666666
 30
0.0
 10
56.11791333333333
 20
277.6919558333333
 30
0.0
 10
55.81452444444444
 20
278.9196225
 30
0.0
 10
55.51113555555555
 20
280.1402336111111
 30
0.0
 10
55.60285777777777
 20
280.0344002777778
 30
0.0
 10
55.32769111111111
 20
281.1456502777777
 30
0.0
 10
54.89965407407408
 20
281.0398169444445
 30
0.0
 10
54.47161703703704
 20
280.933983611111
 30
0.0
 10
54.04358
 20
280.8281502777778
 30
0.0
  0
POLYLINE
  5
1D4
330
1F
100
AcDbEntity
  8
DEFAULT
 62
     7
100
AcDb2dPolyline
 66
     1
 10
0.0
 20
0.0
 30
0.0
  0
VERTEX
  5
1D5
330
1D4
100
AcDbEntity
  8
DEFAULT
 62
     7
100
AcDbVertex
100
AcDb2dVertex
 10
21.13696277777779
 20
248.7935644444445
 30
0.0
  0
VERTEX
  5
1D6
330
1D4
100
AcDbEntity
  8
DEFAULT
 62
     7
100
AcDbVertex
100
AcDb2dVertex
 10
22.94741833333333
 20
251.1857505555555
 30
0.0
  0
SEQEND
  5
1D7
330
1D4
100
AcDbEntity
  8
DEFAULT
 62
     7
  0
SPLINE
  5
1D8
330
1F
100
AcDbEntity
  8
DEFAULT
 62
     7
100
AcDbSpline
210
0.0
220
0.0
230
1.0
 70
     8
 71
     3
 72
    17
 73
    13
 74
     0
 42
0.000000001
 43
0.0000000001
 40
0.0
 40
0.0
 40
0.0
 40
0.0
 40
3.556432482137105
 40
3.556432482137105
 40
3.556432482137105
 40
4.556432482137105
 40
4.556432482137105
 40
4.556432482137105
 40
5.556432482137105
 40
5.556432482137105
 40
5.556432482137105
 40
6.556432482137105
 40
6.556432482137105
 40
6.556432482137105
 40
6.556432482137105
 10
21.94983333333332
 20
248.3060961111111
 30
0.0
 10
22.20218703703702
 20
248.6395887037037
 30
0.0
 10
22.45454074074071
 20
248.9730812962963
 30
0.0
 10
22.70689444444442
 20
249.3065738888889
 30
0.0
 10
22.70689444444444
 20
249.3065738888889
 30
0.0
 10
23.09283333333333
 20
247.3655905555555
 30
0.0
 10
23.46571944444444
 20
247.0833683333333
 30
0.0
 10
23.75499722222222
 20
246.8646461111111
 30
0.0
 10
24.08555
 20
246.8582961111111
 30
0.0
 10
24.36353888888889
 20
247.2258905555555
 30
0.0
 10
24.51311666666667
 20
247.4234461111111
 30
0.0
 10
24.60801388888888
 20
247.8016238888889
 30
0.0
 10
24.22701388888889
 20
248.0901961111111
 30
0.0
  0
SPLINE
  5
1D9
330
1F
100
AcDbEntity
  8
DEFAULT
 62
     7
100
AcDbSpline
210
0.0
220
0.0
230
1.0
 70
     8
 71
     3
 72
    20
 73
    16
 74
     0
 42
0.000000001
 43
0.0000000001
 40
0.0
 40
0.0
 40
0.0
 40
0.0
 40
1.003560898762957
 40
1.003560898762957
 40
1.003560898762957
 40
2.007121797525915
 40
2.007121797525915
 40
2.007121797525915
 40
3.010682696288873
 40
3.010682696288873
 40
3.010682696288873
 40
4.01424359505183
 40
4.01424359505183
 40
4.01424359505183
 40
5.017804493814788
 40
5.017804493814788
 40
5.017804493814788
 40
5.017804493814788
 10
24.68767111111113
 20
249.8274502777777
 30
0.0
 10
24.76739888888889
 20
249.6362447222222
 30
0.0
 10
24.752935
 20
249.4249308333333
 30
0.0
 10
24.60371
 20
249.2280808333333
 30
0.0
 10
24.37440444444444
 20
248.9250447222222
 30
0.0
 10
23.94789611111111
 20
248.9105808333333
 30
0.0
 10
23.56160444444444
 20
249.2069141666666
 30
0.0
 10
23.10440444444444
 20
249.5529891666666
 30
0.0
 10
23.08535444444444
 20
249.9999586111111
 30
0.0
 10
23.29172944444445
 20
250.2726558333333
 30
0.0
 10
23.42543222222222
 20
250.4493975
 30
0.0
 10
23.58841555555555
 20
250.5167780555555
 30
0.0
 10
23.82654055555555
 20
250.479383611111
 30
0.0
 10
23.92461277777778
 20
250.3961280555555
 30
0.0
 10
25.82679055555555
 20
248.9656141666666
 30
0.0
 10
25.82679055555555
 20
248.9656141666666
 30
0.0
  0
POLYLINE
  5
1DA
330
1F
100
AcDbEntity
  8
DEFAULT
 62
     7
100
AcDb2dPolyline
 66
     1
 10
0.0
 20
0.0
 30
0.0
  0
VERTEX
  5
1DB
330
1DA
100
AcDbEntity
  8
DEFAULT
 62
     7
100
AcDbVertex
100
AcDb2dVertex
 10
50.82300111111111
 20
251.1856799999999
 30
0.0
  0
VERTEX
  5
1DC
330
1DA
100
AcDbEntity
  8
DEFAULT
 62
     7
100
AcDbVertex
100
AcDb2dVertex
 10
52.63345666666667
 20
248.7934938888888
 30
0.0
  0
SEQEND
  5
1DD
330
1DA
100
AcDbEntity
  8
DEFAULT
 62
     7
  0
SPLINE
  5
1DE
330
1F
100
AcDbEntity
  8
DEFAULT
 62
     7
100
AcDbSpline
210
0.0
220
0.0
230
1.0
 70
     8
 71
     3
 72
    17
 73
    13
 74
     0
 42
0.000000001
 43
0.0000000001
 40
0.0
 40
0.0
 40
0.0
 40
0.0
 40
3.557035985198918
 40
3.557035985198918
 40
3.557035985198918
 40
4.557035985198918
 40
4.557035985198918
 40
4.557035985198918
 40
5.557035985198918
 40
5.557035985198918
 40
5.557035985198918
 40
6.557035985198918
 40
6.557035985198918
 40
6.557035985198918
 40
6.557035985198918
 10
50.13296777777779
 20
250.5357575
 30
0.0
 10
50.38543907407408
 20
250.2022649074074
 30
0.0
 10
50.63791037037038
 20
249.8687723148148
 30
0.0
 10
50.89038166666668
 20
249.5352797222222
 30
0.0
 10
50.89038166666666
 20
249.5352797222222
 30
0.0
 10
48.91764833333333
 20
249.6908547222222
 30
0.0
 10
48.54440944444444
 20
249.4089852777778
 30
0.0
 10
48.25548444444443
 20
249.1899102777778
 30
0.0
 10
48.15952888888888
 20
248.8738213888889
 30
0.0
 10
48.43787055555554
 20
248.5058741666666
 30
0.0
 10
48.58744833333333
 20
248.3090241666667
 30
0.0
 10
48.92576222222221
 20
248.1142908333333
 30
0.0
 10
49.30676222222221
 20
248.4028630555555
 30
0.0
  0
SPLINE
  5
1DF
330
1F
100
AcDbEntity
  8
DEFAULT
 62
     7
100
AcDbSpline
210
0.0
220
0.0
230
1.0
 70
     8
 71
     3
 72
    20
 73
    16
 74
     0
 42
0.000000001
 43
0.0000000001
 40
0.0
 40
0.0
 40
0.0
 40
0.0
 40
1.003720215047548
 40
1.003720215047548
 40
1.003720215047548
 40
2.007440430095097
 40
2.007440430095097
 40
2.007440430095097
 40
3.011160645142645
 40
3.011160645142645
 40
3.011160645142645
 40
4.014880860190194
 40
4.014880860190194
 40
4.014880860190194
 40
5.018601075237742
 40
5.018601075237742
 40
5.018601075237742
 40
5.018601075237742
 10
50.8536575
 20
247.4875458333333
 30
0.0
 10
50.64798805555555
 20
247.4628513888889
 30
0.0
 10
50.4486686111111
 20
247.5341125
 30
0.0
 10
50.2994436111111
 20
247.7309625
 30
0.0
 10
50.07013805555555
 20
248.0339986111111
 30
0.0
 10
50.17209083333333
 20
248.4485125
 30
0.0
 10
50.56226305555555
 20
248.7399069444444
 30
0.0
 10
51.01946305555555
 20
249.0859819444444
 30
0.0
 10
51.4551436111111
 20
248.9826180555555
 30
0.0
 10
51.66116583333332
 20
248.7102736111111
 30
0.0
 10
51.79486861111111
 20
248.5335319444444
 30
0.0
 10
51.81532972222222
 20
248.3582013888888
 30
0.0
 10
51.71478805555555
 20
248.1394791666666
 30
0.0
 10
51.60824916666666
 20
248.0675125
 30
0.0
 10
49.71453805555554
 20
246.6257097222222
 30
0.0
 10
49.71453805555554
 20
246.6257097222222
 30
0.0
  0
POLYLINE
  5
1E0
330
1F
100
AcDbEntity
  8
DEFAULT
 62
     7
100
AcDb2dPolyline
 66
     1
 10
0.0
 20
0.0
 30
0.0
  0
VERTEX
  5
1E1
330
1E0
100
AcDbEntity
  8
DEFAULT
 62
     7
100
AcDbVertex
100
AcDb2dVertex
 10
26.46739972222221
 20
254.2118430555554
 30
0.0
  0
VERTEX
  5
1E2
330
1E0
100
AcDbEntity
  8
DEFAULT
 62
     7
100
AcDbVertex
100
AcDb2dVertex
 10
28.75551638888887
 20
256.1521208333332
 30
0.0
  0
SEQEND
  5
1E3
330
1E0
100
AcDbEntity
  8
DEFAULT
 62
     7
  0
POLYLINE
  5
1E4
330
1F
100
AcDbEntity
  8
DEFAULT
 62
     7
100
AcDb2dPolyline
 66
     1
 10
0.0
 20
0.0
 30
0.0
  0
VERTEX
  5
1E5
330
1E4
100
AcDbEntity
  8
DEFAULT
 62
     7
100
AcDbVertex
100
AcDb2dVertex
 10
27.26044416666667
 20
253.8017036111111
 30
0.0
  0
VERTEX
  5
1E6
330
1E4
100
AcDbEntity
  8
DEFAULT
 62
     7
100
AcDbVertex
100
AcDb2dVertex
 10
28.89909694444442
 20
251.8691869444444
 30
0.0
  0
VERTEX
  5
1E7
330
1E4
100
AcDbEntity
  8
DEFAULT
 62
     7
100
AcDbVertex
100
AcDb2dVertex
 10
29.10018027777778
 20
252.9398675
 30
0.0
  0
SEQEND
  5
1E8
330
1E4
100
AcDbEntity
  8
DEFAULT
 62
     7
  0
SPLINE
  5
1E9
330
1F
100
AcDbEntity
  8
DEFAULT
 62
     7
100
AcDbSpline
210
0.0
220
0.0
230
1.0
 70
     8
 71
     3
 72
    20
 73
    16
 74
     0
 42
0.000000001
 43
0.0000000001
 40
0.0
 40
0.0
 40
0.0
 40
0.0
 40
1.003969886648235
 40
1.003969886648235
 40
1.003969886648235
 40
2.007939773296469
 40
2.007939773296469
 40
2.007939773296469
 40
3.011909659944704
 40
3.011909659944704
 40
3.011909659944704
 40
4.015879546592939
 40
4.015879546592939
 40
4.015879546592939
 40
5.019849433241173
 40
5.019849433241173
 40
5.019849433241173
 40
5.019849433241173
 10
30.15466833333335
 20
254.4445705555556
 30
0.0
 10
30.18359611111111
 20
254.234315
 30
0.0
 10
30.11092388888889
 20
254.0208844444444
 30
0.0
 10
29.90560722222222
 20
253.8466122222222
 30
0.0
 10
29.58951833333333
 20
253.5788538888889
 30
0.0
 10
29.15172111111111
 20
253.6420011111111
 30
0.0
 10
28.83916
 20
254.01524
 30
0.0
 10
28.46839055555555
 20
254.4526844444445
 30
0.0
 10
28.57140166666667
 20
254.9134122222222
 30
0.0
 10
28.85538777777778
 20
255.1543594444444
 30
0.0
 10
29.03989055555556
 20
255.3109927777778
 30
0.0
 10
29.22404055555555
 20
255.3497983333334
 30
0.0
 10
29.45616833333333
 20
255.2683066666667
 30
0.0
 10
29.53307388888889
 20
255.1649427777778
 30
0.0
 10
31.07859333333333
 20
253.3551927777778
 30
0.0
 10
31.07859333333333
 20
253.3551927777778
 30
0.0
  0
POLYLINE
  5
1EA
330
1F
100
AcDbEntity
  8
DEFAULT
 62
     7
100
AcDb2dPolyline
 66
     1
 10
0.0
 20
0.0
 30
0.0
  0
VERTEX
  5
1EB
330
1EA
100
AcDbEntity
  8
DEFAULT
 62
     7
100
AcDbVertex
100
AcDb2dVertex
 10
45.01493833333331
 20
256.1521208333333
 30
0.0
  0
VERTEX
  5
1EC
330
1EA
100
AcDbEntity
  8
DEFAULT
 62
     7
100
AcDbVertex
100
AcDb2dVertex
 10
47.30305499999999
 20
254.2118430555555
 30
0.0
  0
SEQEND
  5
1ED
330
1EA
100
AcDbEntity
  8
DEFAULT
 62
     7
  0
POLYLINE
  5
1EE
330
1F
100
AcDbEntity
  8
DEFAULT
 62
     7
100
AcDb2dPolyline
 66
     1
 10
0.0
 20
0.0
 30
0.0
  0
VERTEX
  5
1EF
330
1EE
100
AcDbEntity
  8
DEFAULT
 62
     7
100
AcDbVertex
100
AcDb2dVertex
 10
44.73984222222224
 20
255.3027377777778
 30
0.0
  0
VERTEX
  5
1F0
330
1EE
100
AcDbEntity
  8
DEFAULT
 62
     7
100
AcDbVertex
100
AcDb2dVertex
 10
43.10118944444442
 20
253.3705738888889
 30
0.0
  0
VERTEX
  5
1F1
330
1EE
100
AcDbEntity
  8
DEFAULT
 62
     7
100
AcDbVertex
100
AcDb2dVertex
 10
44.18986166666667
 20
253.3469377777778
 30
0.0
  0
SEQEND
  5
1F2
330
1EE
100
AcDbEntity
  8
DEFAULT
 62
     7
  0
SPLINE
  5
1F3
330
1F
100
AcDbEntity
  8
DEFAULT
 62
     7
100
AcDbSpline
210
0.0
220
0.0
230
1.0
 70
     8
 71
     3
 72
    20
 73
    16
 74
     0
 42
0.000000001
 43
0.0000000001
 40
0.0
 40
0.0
 40
0.0
 40
0.0
 40
1.003969886648273
 40
1.003969886648273
 40
1.003969886648273
 40
2.007939773296546
 40
2.007939773296546
 40
2.007939773296546
 40
3.011909659944819
 40
3.011909659944819
 40
3.011909659944819
 40
4.015879546593093
 40
4.015879546593093
 40
4.015879546593093
 40
5.019849433241365
 40
5.019849433241365
 40
5.019849433241365
 40
5.019849433241365
 10
45.84675305555557
 20
252.552341111111
 30
0.0
 10
45.64425861111111
 20
252.4895466666666
 30
0.0
 10
45.42165583333333
 20
252.5262355555555
 30
0.0
 10
45.21633916666666
 20
252.700155
 30
0.0
 10
44.90025027777778
 20
252.9682661111111
 30
0.0
 10
44.89107805555555
 20
253.4110022222222
 30
0.0
 10
45.20857805555556
 20
253.7800077777777
 30
0.0
 10
45.5793475
 20
254.2174522222222
 30
0.0
 10
46.05065861111111
 20
254.1909938888888
 30
0.0
 10
46.33499749999999
 20
253.9500466666666
 30
0.0
 10
46.51950027777778
 20
253.7937661111111
 30
0.0
 10
46.58793916666666
 20
253.6180827777777
 30
0.0
 10
46.54525305555556
 20
253.3760772222222
 30
0.0
 10
46.45635305555556
 20
253.2832966666666
 30
0.0
 10
44.92282805555556
 20
251.4629633333333
 30
0.0
 10
44.92282805555556
 20
251.4629633333333
 30
0.0
  0
POLYLINE
  5
1F4
330
1F
100
AcDbEntity
  8
DEFAULT
 62
     7
100
AcDb2dPolyline
 66
     1
 10
0.0
 20
0.0
 30
0.0
  0
VERTEX
  5
1F5
330
1F4
100
AcDbEntity
  8
DEFAULT
 62
     7
100
AcDbVertex
100
AcDb2dVertex
 10
35.63514166666666
 20
247.9686641666666
 30
0.0
  0
VERTEX
  5
1F6
330
1F4
100
AcDbEntity
  8
DEFAULT
 62
     7
100
AcDbVertex
100
AcDb2dVertex
 10
38.13527777777778
 20
247.9686641666666
 30
0.0
  0
SEQEND
  5
1F7
330
1F4
100
AcDbEntity
  8
DEFAULT
 62
     7
  0
SPLINE
  5
1F8
330
1F
100
AcDbEntity
  8
DEFAULT
 62
     7
100
AcDbSpline
210
0.0
220
0.0
230
1.0
 70
    11
 71
     3
 72
    32
 73
    28
 74
     0
 42
0.000000001
 43
0.0000000001
 40
7.325000000000045
 40
7.325000000000045
 40
7.325000000000045
 40
7.325000000000045
 40
8.325000000000045
 40
8.325000000000045
 40
8.325000000000045
 40
9.325000000000045
 40
9.325000000000045
 40
9.325000000000045
 40
10.32500000000005
 40
10.32500000000005
 40
10.32500000000005
 40
11.32500000000005
 40
11.32500000000005
 40
11.32500000000005
 40
12.32500000000005
 40
12.32500000000005
 40
12.32500000000005
 40
13.32500000000005
 40
13.32500000000005
 40
13.32500000000005
 40
14.32500000000005
 40
14.32500000000005
 40
14.32500000000005
 40
15.32500000000005
 40
15.32500000000005
 40
15.32500000000005
 40
22.65000000000009
 40
22.65000000000009
 40
22.65000000000009
 40
22.65000000000009
 10
36.05921583333333
 20
251.5839308333333
 30
0.0
 10
36.20702972222222
 20
251.6149752777777
 30
0.0
 10
36.44127416666667
 20
251.6386113888888
 30
0.0
 10
36.67869361111111
 20
251.6386113888888
 30
0.0
 10
37.01806583333333
 20
251.6386113888888
 30
0.0
 10
37.23643527777778
 20
251.5800502777778
 30
0.0
 10
37.40012416666666
 20
251.4474058333333
 30
0.0
 10
37.53629638888889
 20
251.3461586111111
 30
0.0
 10
37.61814083333333
 20
251.1902308333333
 30
0.0
 10
37.61814083333333
 20
250.9838558333333
 30
0.0
 10
37.61814083333333
 20
250.7302086111111
 30
0.0
 10
37.28441305555555
 20
250.5083113888889
 30
0.0
 10
37.0074825
 20
250.4067113888889
 30
0.0
 10
37.0074825
 20
250.4067113888889
 30
0.0
 10
37.71586027777778
 20
250.1301336111111
 30
0.0
 10
37.71586027777778
 20
249.7403141666666
 30
0.0
 10
37.71586027777778
 20
249.5141836111111
 30
0.0
 10
37.62590194444444
 20
249.3427336111111
 30
0.0
 10
37.4932575
 20
249.2139697222222
 30
0.0
 10
37.31016583333334
 20
249.0467530555555
 30
0.0
 10
37.01418527777778
 20
248.9684363888889
 30
0.0
 10
36.58556027777778
 20
248.9684363888889
 30
0.0
 10
36.35131583333333
 20
248.9684363888889
 30
0.0
 10
36.17210472222222
 20
248.9839586111111
 30
0.0
 10
36.05921583333333
 20
248.9998336111111
 30
0.0
 10
36.05921583333333
 20
249.8611993518518
 30
0.0
 10
36.05921583333333
 20
250.7225650925925
 30
0.0
 10
36.05921583333333
 20
251.5839308333333
 30
0.0
  0
SPLINE
  5
1F9
330
1F
100
AcDbEntity
  8
DEFAULT
 62
     1
100
AcDbSpline
210
0.0
220
0.0
230
1.0
 70
     8
 71
     3
 72
    86
 73
    82
 74
     0
 42
0.000000001
 43
0.0000000001
 40
0.0
 40
0.0
 40
0.0
 40
0.0
 40
3.762034024301239
 40
3.762034024301239
 40
3.762034024301239
 40
16.65415564954194
 40
16.65415564954194
 40
16.65415564954194
 40
17.65415564954194
 40
17.65415564954194
 40
17.65415564954194
 40
18.65415564954194
 40
18.65415564954194
 40
18.65415564954194
 40
19.65415564954194
 40
19.65415564954194
 40
19.65415564954194
 40
20.65415564954194
 40
20.65415564954194
 40
20.65415564954194
 40
21.65415564954194
 40
21.65415564954194
 40
21.65415564954194
 40
22.65415564954194
 40
22.65415564954194
 40
22.65415564954194
 40
23.65415564954194
 40
23.65415564954194
 40
23.65415564954194
 40
24.65415564954194
 40
24.65415564954194
 40
24.65415564954194
 40
25.65415564954194
 40
25.65415564954194
 40
25.65415564954194
 40
26.65415564954194
 40
26.65415564954194
 40
26.65415564954194
 40
39.53415564954194
 40
39.53415564954194
 40
39.53415564954194
 40
48.03415564954194
 40
48.03415564954194
 40
48.03415564954194
 40
60.92415564954193
 40
60.92415564954193
 40
60.92415564954193
 40
61.92415564954193
 40
61.92415564954193
 40
61.92415564954193
 40
62.92415564954193
 40
62.92415564954193
 40
62.92415564954193
 40
63.92415564954193
 40
63.92415564954193
 40
63.92415564954193
 40
64.92415564954193
 40
64.92415564954193
 40
64.92415564954193
 40
65.92415564954193
 40
65.92415564954193
 40
65.92415564954193
 40
66.92415564954193
 40
66.92415564954193
 40
66.92415564954193
 40
67.92415564954193
 40
67.92415564954193
 40
67.92415564954193
 40
68.92415564954193
 40
68.92415564954193
 40
68.92415564954193
 40
69.92415564954193
 40
69.92415564954193
 40
69.92415564954193
 40
70.92415564954193
 40
70.92415564954193
 40
70.92415564954193
 40
83.81627727478266
 40
83.81627727478266
 40
83.81627727478266
 40
87.56430342197002
 40
87.56430342197002
 40
87.56430342197002
 40
87.56430342197002
 10
52.71008
 20
250.5140616666667
 30
0.0
 10
52.97701518518519
 20
250.1612838888889
 30
0.0
 10
53.24395037037038
 20
249.8085061111111
 30
0.0
 10
53.51088555555557
 20
249.4557283333333
 30
0.0
 10
54.71973740740741
 20
250.3705987037037
 30
0.0
 10
55.92858925925926
 20
251.285469074074
 30
0.0
 10
57.13744111111111
 20
252.2003394444444
 30
0.0
 10
58.04760777777777
 20
252.8847283333333
 30
0.0
 10
57.90649666666665
 20
252.8600338888889
 30
0.0
 10
58.91896888888888
 20
253.6220338888889
 30
0.0
 10
59.92438555555555
 20
254.3805061111111
 30
0.0
 10
59.85735777777777
 20
254.2570338888889
 30
0.0
 10
60.76752444444444
 20
254.9414227777777
 30
0.0
 10
62.31974666666667
 20
252.524895
 30
0.0
 10
61.42016333333333
 20
253.5444227777778
 30
0.0
 10
61.64241333333332
 20
249.1629227777777
 30
0.0
 10
61.71296888888889
 20
247.8470616666667
 30
0.0
 10
58.43566333333332
 20
247.7659227777778
 30
0.0
 10
57.65249666666666
 20
243.8112838888889
 30
0.0
 10
56.99985777777777
 20
240.5304505555555
 30
0.0
 10
51.21783
 20
239.0593672222222
 30
0.0
 10
47.94405222222222
 20
239.2816172222222
 30
0.0
 10
45.97908
 20
239.4156727777778
 30
0.0
 10
45.44638555555555
 20
234.7978116666667
 30
0.0
 10
44.38805222222221
 20
234.6990338888889
 30
0.0
 10
41.39296888888889
 20
234.4238672222222
 30
0.0
 10
40.99432999999999
 20
234.6708116666667
 30
0.0
 10
39.54441333333333
 20
234.6708116666667
 30
0.0
 10
38.90235777777777
 20
234.6708116666667
 30
0.0
 10
38.38377444444444
 20
235.2670061111111
 30
0.0
 10
38.38377444444444
 20
236.0043116666667
 30
0.0
 10
38.38377444444444
 20
237.1367283333333
 30
0.0
 10
38.32027444444444
 20
237.0097283333333
 30
0.0
 10
38.32027444444444
 20
238.2762005555555
 30
0.0
 10
38.32027444444444
 20
239.5356172222222
 30
0.0
 10
38.38377444444444
 20
239.412145
 30
0.0
 10
38.38377444444444
 20
240.555145
 30
0.0
 10
38.38377444444444
 20
242.0697375925926
 30
0.0
 10
38.38377444444444
 20
243.5843301851852
 30
0.0
 10
38.38377444444444
 20
245.0989227777777
 30
0.0
 10
37.3842374074074
 20
245.0989227777777
 30
0.0
 10
36.38470037037037
 20
245.0989227777777
 30
0.0
 10
35.38516333333333
 20
245.0989227777777
 30
0.0
 10
35.38516333333333
 20
243.5831542592592
 30
0.0
 10
35.38516333333333
 20
242.0673857407407
 30
0.0
 10
35.38516333333333
 20
240.5516172222222
 30
0.0
 10
35.38516333333333
 20
239.412145
 30
0.0
 10
35.44866333333333
 20
239.5356172222222
 30
0.0
 10
35.44866333333333
 20
238.2762005555555
 30
0.0
 10
35.44866333333333
 20
237.0097283333333
 30
0.0
 10
35.38516333333333
 20
237.1367283333333
 30
0.0
 10
35.38516333333333
 20
236.0043116666667
 30
0.0
 10
35.38516333333333
 20
235.2670061111111
 30
0.0
 10
34.86658
 20
234.6708116666667
 30
0.0
 10
34.22452444444444
 20
234.6708116666667
 30
0.0
 10
32.77460777777778
 20
234.6708116666667
 30
0.0
 10
32.38302444444444
 20
234.4238672222222
 30
0.0
 10
29.38794111111111
 20
234.6990338888889
 30
0.0
 10
28.32960777777777
 20
234.7978116666667
 30
0.0
 10
27.79691333333333
 20
239.4156727777778
 30
0.0
 10
25.83194111111111
 20
239.2816172222222
 30
0.0
 10
22.55816333333333
 20
239.0593672222222
 30
0.0
 10
16.77260777777778
 20
240.5304505555555
 30
0.0
 10
16.11996888888889
 20
243.8112838888889
 30
0.0
 10
15.33327444444444
 20
247.7659227777778
 30
0.0
 10
12.05949666666666
 20
247.8470616666667
 30
0.0
 10
12.12652444444444
 20
249.1629227777777
 30
0.0
 10
12.34877444444444
 20
253.5444227777778
 30
0.0
 10
11.45271888888889
 20
252.524895
 30
0.0
 10
13.00141333333333
 20
254.9414227777777
 30
0.0
 10
13.91158
 20
254.2570338888889
 30
0.0
 10
13.84455222222222
 20
254.3805061111111
 30
0.0
 10
14.85349666666666
 20
253.6220338888889
 30
0.0
 10
15.86244111111111
 20
252.8600338888889
 30
0.0
 10
15.72485777777777
 20
252.8847283333333
 30
0.0
 10
16.63502444444444
 20
252.2003394444444
 30
0.0
 10
17.84387629629629
 20
251.285469074074
 30
0.0
 10
19.05272814814814
 20
250.3705987037037
 30
0.0
 10
20.26158
 20
249.4557283333333
 30
0.0
 10
20.52733925925926
 20
249.8073301851852
 30
0.0
 10
20.79309851851852
 20
250.158932037037
 30
0.0
 10
21.05885777777778
 20
250.5105338888889
 30
0.0
  0
SPLINE
  5
1FA
330
1F
100
AcDbEntity
  8
DEFAULT
 62
     1
100
AcDbSpline
210
0.0
220
0.0
230
1.0
 70
     8
 71
     3
 72
    98
 73
    94
 74
     0
 42
0.000000001
 43
0.0000000001
 40
0.0
 40
0.0
 40
0.0
 40
0.0
 40
3.762034024301239
 40
3.762034024301239
 40
3.762034024301239
 40
16.67010901633625
 40
16.67010901633625
 40
16.67010901633625
 40
17.67010901633625
 40
17.67010901633625
 40
17.67010901633625
 40
18.67010901633625
 40
18.67010901633625
 40
18.67010901633625
 40
19.67010901633625
 40
19.67010901633625
 40
19.67010901633625
 40
20.67010901633625
 40
20.67010901633625
 40
20.67010901633625
 40
21.67010901633625
 40
21.67010901633625
 40
21.67010901633625
 40
34.56021762720523
 40
34.56021762720523
 40
34.56021762720523
 40
43.05965290256324
 40
43.05965290256324
 40
43.05965290256324
 40
55.95738138474175
 40
55.95738138474175
 40
55.95738138474175
 40
56.95738138474175
 40
56.95738138474175
 40
56.95738138474175
 40
57.95738138474175
 40
57.95738138474175
 40
57.95738138474175
 40
58.95738138474175
 40
58.95738138474175
 40
58.95738138474175
 40
59.95738138474175
 40
59.95738138474175
 40
59.95738138474175
 40
61.42738138474178
 40
61.42738138474178
 40
61.42738138474178
 40
87.20738138474178
 40
87.20738138474178
 40
87.20738138474178
 40
88.6773813847418
 40
88.6773813847418
 40
88.6773813847418
 40
89.6773813847418
 40
89.6773813847418
 40
89.6773813847418
 40
90.6773813847418
 40
90.6773813847418
 40
90.6773813847418
 40
91.6773813847418
 40
91.6773813847418
 40
91.6773813847418
 40
92.6773813847418
 40
92.6773813847418
 40
92.6773813847418
 40
105.5751098669203
 40
105.5751098669203
 40
105.5751098669203
 40
114.0821716393538
 40
114.0821716393538
 40
114.0821716393538
 40
126.9722802502228
 40
126.9722802502228
 40
126.9722802502228
 40
127.9722802502228
 40
127.9722802502228
 40
127.9722802502228
 40
128.9722802502228
 40
128.9722802502228
 40
128.9722802502228
 40
129.9722802502228
 40
129.9722802502228
 40
129.9722802502228
 40
130.9722802502228
 40
130.9722802502228
 40
130.9722802502228
 40
131.9722802502228
 40
131.9722802502228
 40
131.9722802502228
 40
144.8723771490837
 40
144.8723771490837
 40
144.8723771490837
 40
148.620403296271
 40
148.620403296271
 40
148.620403296271
 40
148.620403296271
 10
21.27048916666665
 20
250.7927561111111
 30
0.0
 10
21.53742435185184
 20
251.1455338888888
 30
0.0
 10
21.80435953703703
 20
251.4983116666666
 30
0.0
 10
22.07129472222222
 20
251.8510894444445
 30
0.0
 10
20.86009101851852
 20
252.7659598148148
 30
0.0
 10
19.64888731481481
 20
253.6808301851852
 30
0.0
 10
18.43768361111111
 20
254.5957005555555
 30
0.0
 10
17.5345725
 20
255.2765616666667
 30
0.0
 10
17.59101694444444
 20
255.1566172222222
 30
0.0
 10
16.58560027777778
 20
255.9115616666666
 30
0.0
 10
15.57312805555556
 20
256.6735616666666
 30
0.0
 10
15.71423916666667
 20
256.652395
 30
0.0
 10
14.80760027777778
 20
257.333256111111
 30
0.0
 10
16.13051694444444
 20
259.0830338888888
 30
0.0
 10
17.53810027777778
 20
260.0073116666666
 30
0.0
 10
19.86290583333333
 20
261.9828672222222
 30
0.0
 10
20.60021138888889
 20
261.1185616666666
 30
0.0
 10
20.56493361111111
 20
261.2596727777777
 30
0.0
 10
21.38337805555555
 20
260.2930616666666
 30
0.0
 10
22.19829472222222
 20
259.3335061111111
 30
0.0
 10
22.07129472222222
 20
259.382895
 30
0.0
 10
22.80860027777778
 20
258.5185894444444
 30
0.0
 10
23.79049842592592
 20
257.3638301851851
 30
0.0
 10
24.77239657407408
 20
256.2090709259259
 30
0.0
 10
25.75429472222222
 20
255.0543116666666
 30
0.0
 10
26.51629472222222
 20
255.7010709259259
 30
0.0
 10
27.27829472222222
 20
256.3478301851852
 30
0.0
 10
28.04029472222222
 20
256.9945894444444
 30
0.0
 10
27.05839657407408
 20
258.1505246296296
 30
0.0
 10
26.07649842592592
 20
259.3064598148148
 30
0.0
 10
25.09460027777778
 20
260.462395
 30
0.0
 10
24.35729472222222
 20
261.3302283333333
 30
0.0
 10
24.38904472222222
 20
261.1961727777777
 30
0.0
 10
23.57412805555555
 20
262.1522005555556
 30
0.0
 10
22.75215583333333
 20
263.1223394444444
 30
0.0
 10
22.88973916666666
 20
263.0623672222222
 30
0.0
 10
22.15243361111111
 20
263.9302005555555
 30
0.0
 10
23.63410027777777
 20
265.2143116666666
 30
0.0
 10
25.51087805555555
 20
265.2390061111111
 30
0.0
 10
29.21504472222222
 20
261.5313116666667
 30
0.0
 10
31.13415583333333
 20
259.6122005555555
 30
0.0
 10
32.33712805555555
 20
259.7674227777778
 30
0.0
 10
32.33712805555555
 20
259.2700061111111
 30
0.0
 10
32.33712805555555
 20
259.097145
 30
0.0
 10
32.33712805555555
 20
258.9242838888889
 30
0.0
 10
32.33712805555555
 20
258.7514227777777
 30
0.0
 10
35.36866509259259
 20
258.7514227777777
 30
0.0
 10
38.40020212962963
 20
258.7514227777777
 30
0.0
 10
41.43173916666666
 20
258.7514227777777
 30
0.0
 10
41.43173916666666
 20
258.9242838888889
 30
0.0
 10
41.43173916666666
 20
259.097145
 30
0.0
 10
41.43173916666666
 20
259.2700061111111
 30
0.0
 10
41.43173916666666
 20
259.7674227777778
 30
0.0
 10
42.63471138888888
 20
259.6122005555555
 30
0.0
 10
44.5538225
 20
261.5313116666667
 30
0.0
 10
48.26151694444444
 20
265.2390061111111
 30
0.0
 10
50.13476694444444
 20
265.2143116666666
 30
0.0
 10
51.61643361111111
 20
263.9302005555555
 30
0.0
 10
50.88265583333332
 20
263.0623672222222
 30
0.0
 10
51.01671138888888
 20
263.1223394444444
 30
0.0
 10
50.19826694444443
 20
262.1522005555556
 30
0.0
 10
49.3798225
 20
261.1961727777777
 30
0.0
 10
49.4115725
 20
261.3302283333333
 30
0.0
 10
48.67426694444444
 20
260.462395
 30
0.0
 10
47.69236879629629
 20
259.3064598148148
 30
0.0
 10
46.71047064814815
 20
258.1505246296296
 30
0.0
 10
45.7285725
 20
256.9945894444444
 30
0.0
 10
46.49174842592593
 20
256.3478301851852
 30
0.0
 10
47.25492435185186
 20
255.7010709259259
 30
0.0
 10
48.01810027777777
 20
255.0543116666666
 30
0.0
 10
48.99999842592592
 20
256.2090709259259
 30
0.0
 10
49.98189657407406
 20
257.3638301851852
 30
0.0
 10
50.96379472222222
 20
258.5185894444444
 30
0.0
 10
51.69757249999999
 20
259.382895
 30
0.0
 10
51.5705725
 20
259.3335061111111
 30
0.0
 10
52.38901694444444
 20
260.2930616666666
 30
0.0
 10
53.20746138888888
 20
261.2596727777777
 30
0.0
 10
53.16865583333333
 20
261.1185616666666
 30
0.0
 10
53.90948916666666
 20
261.9828672222222
 30
0.0
 10
56.23429472222222
 20
260.0073116666666
 30
0.0
 10
57.64187805555554
 20
259.0830338888888
 30
0.0
 10
58.96126694444444
 20
257.333256111111
 30
0.0
 10
58.05815583333332
 20
256.652395
 30
0.0
 10
58.19573916666666
 20
256.6735616666666
 30
0.0
 10
57.18326694444444
 20
255.9115616666666
 30
0.0
 10
56.18137805555555
 20
255.1566172222222
 30
0.0
 10
56.23782249999999
 20
255.2765616666667
 30
0.0
 10
55.33118361111111
 20
254.5957005555555
 30
0.0
 10
54.12115583333333
 20
253.6808301851852
 30
0.0
 10
52.91112805555556
 20
252.7659598148148
 30
0.0
 10
51.70110027777778
 20
251.8510894444444
 30
0.0
 10
51.96685953703704
 20
251.4994875925926
 30
0.0
 10
52.23261879629629
 20
251.1478857407407
 30
0.0
 10
52.49837805555555
 20
250.7962838888889
 30
0.0
  0
POLYLINE
  5
1FB
330
1F
100
AcDbEntity
  8
DEFAULT
 62
     7
100
AcDb2dPolyline
 66
     1
 10
0.0
 20
0.0
 30
0.0
  0
VERTEX
  5
1FC
330
1FB
100
AcDbEntity
  8
DEFAULT
 62
     7
100
AcDbVertex
100
AcDb2dVertex
 10
90.44541361111112
 20
281.8112008333333
 30
0.0
  0
VERTEX
  5
1FD
330
1FB
100
AcDbEntity
  8
DEFAULT
 62
     7
100
AcDbVertex
100
AcDb2dVertex
 10
93.09442194444446
 20
283.2198425
 30
0.0
  0
SEQEND
  5
1FE
330
1FB
100
AcDbEntity
  8
DEFAULT
 62
     7
  0
POLYLINE
  5
1FF
330
1F
100
AcDbEntity
  8
DEFAULT
 62
     7
100
AcDb2dPolyline
 66
     1
 10
0.0
 20
0.0
 30
0.0
  0
VERTEX
  5
200
330
1FF
100
AcDbEntity
  8
DEFAULT
 62
     7
100
AcDbVertex
100
AcDb2dVertex
 10
91.13287166666666
 20
281.2415705555556
 30
0.0
  0
VERTEX
  5
201
330
1FF
100
AcDbEntity
  8
DEFAULT
 62
     7
100
AcDbVertex
100
AcDb2dVertex
 10
92.32243833333335
 20
279.0046066666667
 30
0.0
  0
VERTEX
  5
202
330
1FF
100
AcDbEntity
  8
DEFAULT
 62
     7
100
AcDbVertex
100
AcDb2dVertex
 10
92.74682999999999
 20
280.0075538888888
 30
0.0
  0
SEQEND
  5
203
330
1FF
100
AcDbEntity
  8
DEFAULT
 62
     7
  0
SPLINE
  5
204
330
1F
100
AcDbEntity
  8
DEFAULT
 62
     7
100
AcDbSpline
210
0.0
220
0.0
230
1.0
 70
     8
 71
     3
 72
    20
 73
    16
 74
     0
 42
0.000000001
 43
0.0000000001
 40
0.0
 40
0.0
 40
0.0
 40
0.0
 40
1.004024922359486
 40
1.004024922359486
 40
1.004024922359486
 40
2.008049844718971
 40
2.008049844718971
 40
2.008049844718971
 40
3.012074767078457
 40
3.012074767078457
 40
3.012074767078457
 40
4.016099689437943
 40
4.016099689437943
 40
4.016099689437943
 40
5.020124611797429
 40
5.020124611797429
 40
5.020124611797429
 40
5.020124611797429
 10
94.09772194444443
 20
281.2531063888889
 30
0.0
 10
94.08114138888887
 20
281.0417924999999
 30
0.0
 10
93.96507749999999
 20
280.8484702777777
 30
0.0
 10
93.7269525
 20
280.7221758333333
 30
0.0
 10
93.36112194444443
 20
280.5274424999999
 30
0.0
 10
92.94660805555556
 20
280.6823119444444
 30
0.0
 10
92.72118305555556
 20
281.1141119444444
 30
0.0
 10
92.45166083333332
 20
281.6203480555556
 30
0.0
 10
92.6502747222222
 20
282.0486202777777
 30
0.0
 10
92.97941638888888
 20
282.2232452777777
 30
0.0
 10
93.1931997222222
 20
282.3368397222222
 30
0.0
 10
93.38123027777776
 20
282.3357813888888
 30
0.0
 10
93.59078027777777
 20
282.2070174999999
 30
0.0
 10
93.6440497222222
 20
282.0895424999999
 30
0.0
 10
94.76835249999999
 20
279.9919258333333
 30
0.0
 10
94.76835249999999
 20
279.9919258333333
 30
0.0
  0
SPLINE
  5
205
330
1F
100
AcDbEntity
  8
DEFAULT
 62
     1
100
AcDbSpline
210
0.0
220
0.0
230
1.0
 70
    11
 71
     3
 72
    29
 73
    25
 74
     0
 42
0.000000001
 43
0.0000000001
 40
1.0
 40
1.0
 40
1.0
 40
1.0
 40
2.0
 40
2.0
 40
2.0
 40
3.0
 40
3.0
 40
3.0
 40
4.0
 40
4.0
 40
4.0
 40
4.077162166895414
 40
4.077162166895414
 40
4.077162166895414
 40
5.077162166895414
 40
5.077162166895414
 40
5.077162166895414
 40
6.077162166895414
 40
6.077162166895414
 40
6.077162166895414
 40
7.077162166895414
 40
7.077162166895414
 40
7.077162166895414
 40
8.077162166895414
 40
8.077162166895414
 40
8.077162166895414
 40
8.077162166895414
 10
97.53610583333332
 20
206.8714994444445
 30
0.0
 10
96.88099749999998
 20
201.6644994444445
 30
0.0
 10
98.66640583333333
 20
196.6405911111111
 30
0.0
 10
98.17075305555556
 20
192.9727605555555
 30
0.0
 10
97.48883361111109
 20
187.1452244444444
 30
0.0
 10
95.02009472222221
 20
165.42258
 30
0.0
 10
93.74586138888888
 20
159.2634327777778
 30
0.0
 10
93.27137527777776
 20
156.9545022222222
 30
0.0
 10
92.81417527777778
 20
154.6395744444444
 30
0.0
 10
92.19187527777777
 20
152.8502855555555
 30
0.0
 10
92.18893546296295
 20
152.8417012962963
 30
0.0
 10
92.18599564814815
 20
152.833117037037
 30
0.0
 10
92.18305583333333
 20
152.8245327777778
 30
0.0
 10
89.0069975
 20
145.8148383333333
 30
0.0
 10
91.4358725
 20
165.1385938888889
 30
0.0
 10
91.77171694444445
 20
170.9872966666667
 30
0.0
 10
92.09980027777776
 20
176.843055
 30
0.0
 10
92.36650027777777
 20
187.9068716666667
 30
0.0
 10
92.48961972222222
 20
192.1324438888889
 30
0.0
 10
92.60815305555555
 20
196.3594272222222
 30
0.0
 10
92.93623638888889
 20
195.1582188888889
 30
0.0
 10
94.16178638888888
 20
199.9341244444444
 30
0.0
 10
95.2568086111111
 20
204.1974438888889
 30
0.0
 10
97.8207975
 20
209.1917188888889
 30
0.0
 10
97.53610583333332
 20
206.8714994444445
 30
0.0
  0
SPLINE
  5
206
330
1F
100
AcDbEntity
  8
DEFAULT
 62
     1
100
AcDbSpline
210
0.0
220
0.0
230
1.0
 70
    11
 71
     3
 72
    20
 73
    16
 74
     0
 42
0.000000001
 43
0.0000000001
 40
1.0
 40
1.0
 40
1.0
 40
1.0
 40
2.0
 40
2.0
 40
2.0
 40
3.0
 40
3.0
 40
3.0
 40
4.0
 40
4.0
 40
4.0
 40
5.0
 40
5.0
 40
5.0
 40
6.0
 40
6.0
 40
6.0
 40
6.0
 10
79.60300027777777
 20
191.2554383333333
 30
0.0
 10
77.18400305555555
 20
191.7479161111111
 30
0.0
 10
80.07113638888887
 20
194.4724188888889
 30
0.0
 10
81.25717527777778
 20
197.1500022222222
 30
0.0
 10
82.43862805555555
 20
199.8289966666666
 30
0.0
 10
84.24061694444444
 20
203.5084688888889
 30
0.0
 10
85.62773916666666
 20
205.3086938888889
 30
0.0
 10
87.01415583333333
 20
207.1092716666667
 30
0.0
 10
87.09070861111111
 20
199.7499744444444
 30
0.0
 10
87.32213083333332
 20
197.39483
 30
0.0
 10
87.53556138888888
 20
195.1864411111111
 30
0.0
 10
86.47758083333333
 20
192.4993327777778
 30
0.0
 10
85.29118916666667
 20
190.5625827777778
 30
0.0
 10
84.10091694444444
 20
188.6275966666666
 30
0.0
 10
82.01494194444444
 20
190.755905
 30
0.0
 10
79.60300027777777
 20
191.2554383333333
 30
0.0
  0
SPLINE
  5
207
330
1F
100
AcDbEntity
  8
DEFAULT
 62
     1
100
AcDbSpline
210
0.0
220
0.0
230
1.0
 70
    11
 71
     3
 72
    29
 73
    25
 74
     0
 42
0.000000001
 43
0.0000000001
 40
1.0
 40
1.0
 40
1.0
 40
1.0
 40
2.0
 40
2.0
 40
2.0
 40
3.0
 40
3.0
 40
3.0
 40
4.0
 40
4.0
 40
4.0
 40
5.0
 40
5.0
 40
5.0
 40
6.0
 40
6.0
 40
6.0
 40
7.0
 40
7.0
 40
7.0
 40
8.0
 40
8.0
 40
8.0
 40
9.0
 40
9.0
 40
9.0
 40
9.0
 10
99.97062527777777
 20
247.524905
 30
0.0
 10
100.1720613888889
 20
245.7080994444444
 30
0.0
 10
100.1544225
 20
243.3889383333333
 30
0.0
 10
99.78859194444443
 20
239.3041244444444
 30
0.0
 10
99.08162527777777
 20
231.4361216666667
 30
0.0
 10
97.75482805555555
 20
220.8728966666667
 30
0.0
 10
97.50753083333333
 20
214.2579605555555
 30
0.0
 10
96.76881416666666
 20
212.1405883333333
 30
0.0
 10
95.62369749999999
 20
209.4831133333333
 30
0.0
 10
94.58018083333334
 20
207.8663327777778
 30
0.0
 10
92.86250583333333
 20
205.2046244444444
 30
0.0
 10
92.82370027777777
 20
203.2802216666666
 30
0.0
 10
91.70363083333332
 20
199.9701077777777
 30
0.0
 10
90.58391416666666
 20
196.6596411111111
 30
0.0
 10
89.79333916666667
 20
199.8924966666667
 30
0.0
 10
89.20666972222222
 20
206.2915327777778
 30
0.0
 10
88.61717805555556
 20
212.6965661111111
 30
0.0
 10
90.15528916666666
 20
212.87613
 30
0.0
 10
91.59003638888889
 20
217.9250855555555
 30
0.0
 10
93.02407805555553
 20
222.9740411111111
 30
0.0
 10
96.3063225
 20
232.7763244444444
 30
0.0
 10
97.77811138888887
 20
238.2630772222222
 30
0.0
 10
99.25871972222221
 20
243.746655
 30
0.0
 10
99.57904194444444
 20
249.7939716666666
 30
0.0
 10
99.97062527777777
 20
247.524905
 30
0.0
  0
SPLINE
  5
208
330
1F
100
AcDbEntity
  8
DEFAULT
 62
     1
100
AcDbSpline
210
0.0
220
0.0
230
1.0
 70
    11
 71
     3
 72
    26
 73
    22
 74
     0
 42
0.000000001
 43
0.0000000001
 40
0.0
 40
0.0
 40
0.0
 40
0.0
 40
0.0768439978136974
 40
0.0768439978136974
 40
0.0768439978136974
 40
1.076843997813697
 40
1.076843997813697
 40
1.076843997813697
 40
2.076843997813698
 40
2.076843997813698
 40
2.076843997813698
 40
3.076843997813698
 40
3.076843997813698
 40
3.076843997813698
 40
4.076843997813698
 40
4.076843997813698
 40
4.076843997813698
 40
5.076843997813698
 40
5.076843997813698
 40
5.076843997813698
 40
6.076843997813698
 40
6.076843997813698
 40
6.076843997813698
 40
6.076843997813698
 10
95.40815027777778
 20
260.3120411111111
 30
0.0
 10
95.41673453703703
 20
260.3092188888889
 30
0.0
 10
95.42531879629628
 20
260.3063966666667
 30
0.0
 10
95.43390305555555
 20
260.3035744444445
 30
0.0
 10
96.04526694444444
 20
259.9649077777777
 30
0.0
 10
92.05323361111111
 20
251.2368327777778
 30
0.0
 10
90.9500975
 20
247.0052633333333
 30
0.0
 10
89.84061138888889
 20
242.7567605555556
 30
0.0
 10
86.63386138888889
 20
232.6623772222222
 30
0.0
 10
84.35103638888889
 20
228.6378883333333
 30
0.0
 10
82.0569225
 20
224.6225716666667
 30
0.0
 10
82.29681138888888
 20
222.2497883333333
 30
0.0
 10
81.47272249999999
 20
222.9465244444444
 30
0.0
 10
80.65004472222222
 20
223.6471411111111
 30
0.0
 10
75.92811416666666
 20
221.4253466666667
 30
0.0
 10
79.73141138888889
 20
229.3116938888888
 30
0.0
 10
85.3077697222222
 20
240.8771605555555
 30
0.0
 10
84.89431416666666
 20
239.3323466666667
 30
0.0
 10
88.16950305555555
 20
245.9208244444444
 30
0.0
 10
91.94598826628221
 20
253.5157754114444
 30
0.0
 10
94.83100445765012
 20
260.3533128507184
 30
0.0
 10
95.40815027777778
 20
260.3120411111111
 30
0.0
  0
SPLINE
  5
209
330
1F
100
AcDbEntity
  8
DEFAULT
 62
     1
100
AcDbSpline
210
0.0
220
0.0
230
1.0
 70
    11
 71
     3
 72
    32
 73
    28
 74
     0
 42
0.000000001
 43
0.0000000001
 40
1.0
 40
1.0
 40
1.0
 40
1.0
 40
2.0
 40
2.0
 40
2.0
 40
3.0
 40
3.0
 40
3.0
 40
4.0
 40
4.0
 40
4.0
 40
5.0
 40
5.0
 40
5.0
 40
6.018788294228068
 40
6.018788294228068
 40
6.018788294228068
 40
7.018788294228068
 40
7.018788294228068
 40
7.018788294228068
 40
8.018788294228068
 40
8.018788294228068
 40
8.018788294228068
 40
9.018788294228068
 40
9.018788294228068
 40
9.018788294228068
 40
10.01878829422807
 40
10.01878829422807
 40
10.01878829422807
 40
10.01878829422807
 10
72.86953083333333
 20
224.6973605555555
 30
0.0
 10
72.8367225
 20
224.7566272222222
 30
0.0
 10
72.8095586111111
 20
224.8338855555555
 30
0.0
 10
72.7795725
 20
224.9167883333333
 30
0.0
 10
71.53708916666666
 20
227.9739605555555
 30
0.0
 10
70.89644472222223
 20
232.61828
 30
0.0
 10
73.38246972222223
 20
235.9149883333333
 30
0.0
 10
76.93811694444443
 20
240.6499716666667
 30
0.0
 10
79.15426694444444
 20
243.3797661111111
 30
0.0
 10
82.0138836111111
 20
247.6198022222222
 30
0.0
 10
84.38490305555555
 20
251.1345272222222
 30
0.0
 10
89.90905027777777
 20
256.116455
 30
0.0
 10
91.52688916666666
 20
259.5094716666666
 30
0.0
 10
91.77206972222221
 20
260.0171188888888
 30
0.0
 10
92.12766972222222
 20
260.38048
 30
0.0
 10
92.56581972222222
 20
260.6143716666667
 30
0.0
 10
93.14120027777776
 20
260.8256855555555
 30
0.0
 10
92.15412805555553
 20
259.4025799999999
 30
0.0
 10
89.7958086111111
 20
255.08458
 30
0.0
 10
87.42831694444445
 20
250.7545855555555
 30
0.0
 10
85.58152527777777
 20
247.328055
 30
0.0
 10
83.35796694444444
 20
243.0072327777777
 30
0.0
 10
81.13440861111111
 20
238.6867633333333
 30
0.0
 10
76.50631694444444
 20
230.1262577777778
 30
0.0
 10
74.94527527777777
 20
228.239955
 30
0.0
 10
73.46995861111111
 20
226.4499605555555
 30
0.0
 10
73.44949749999999
 20
223.6524327777778
 30
0.0
 10
72.86953083333333
 20
224.6973605555555
 30
0.0
  0
SPLINE
  5
20A
330
1F
100
AcDbEntity
  8
DEFAULT
 62
     1
100
AcDbSpline
210
0.0
220
0.0
230
1.0
 70
    11
 71
     3
 72
    32
 73
    28
 74
     0
 42
0.000000001
 43
0.0000000001
 40
1.0
 40
1.0
 40
1.0
 40
1.0
 40
2.0
 40
2.0
 40
2.0
 40
3.0
 40
3.0
 40
3.0
 40
4.0
 40
4.0
 40
4.0
 40
5.0
 40
5.0
 40
5.0
 40
6.0
 40
6.0
 40
6.0
 40
7.0
 40
7.0
 40
7.0
 40
8.0
 40
8.0
 40
8.0
 40
9.0
 40
9.0
 40
9.0
 40
10.0
 40
10.0
 40
10.0
 40
10.0
 10
72.78239472222221
 20
212.3804772222222
 30
0.0
 10
72.77992527777778
 20
212.4009383333333
 30
0.0
 10
72.78556972222222
 20
212.4182244444444
 30
0.0
 10
72.78733361111111
 20
212.4369216666666
 30
0.0
 10
72.94396694444444
 20
214.0110161111111
 30
0.0
 10
73.0730836111111
 20
215.2023466666666
 30
0.0
 10
73.32673083333333
 20
216.7048272222222
 30
0.0
 10
73.33272805555555
 20
216.73693
 30
0.0
 10
73.34013638888888
 20
216.7732661111111
 30
0.0
 10
73.34613361111111
 20
216.8050161111111
 30
0.0
 10
73.46784194444444
 20
217.5190383333333
 30
0.0
 10
73.53486972222221
 20
218.6295827777778
 30
0.0
 10
73.59660583333333
 20
218.9961188888888
 30
0.0
 10
73.93597805555555
 20
220.9783772222222
 30
0.0
 10
75.94716416666665
 20
224.7171161111111
 30
0.0
 10
75.94293083333332
 20
221.7252077777777
 30
0.0
 10
75.94434194444445
 20
218.7364744444444
 30
0.0
 10
77.97210861111111
 20
219.229305
 30
0.0
 10
78.8057225
 20
218.9460244444444
 30
0.0
 10
80.22847527777778
 20
218.45778
 30
0.0
 10
76.55817527777776
 20
215.9802216666666
 30
0.0
 10
75.26630305555554
 20
213.2899383333333
 30
0.0
 10
73.97196138888889
 20
210.6056522222222
 30
0.0
 10
74.03334472222222
 20
210.9432605555555
 30
0.0
 10
72.86141694444444
 20
209.9466633333333
 30
0.0
 10
72.38163916666666
 20
209.5332077777778
 30
0.0
 10
72.6162363888889
 20
210.7224216666666
 30
0.0
 10
72.78239472222221
 20
212.3804772222222
 30
0.0
  0
SPLINE
  5
20B
330
1F
100
AcDbEntity
  8
DEFAULT
 62
     1
100
AcDbSpline
210
0.0
220
0.0
230
1.0
 70
    11
 71
     3
 72
    29
 73
    25
 74
     0
 42
0.000000001
 43
0.0000000001
 40
1.0
 40
1.0
 40
1.0
 40
1.0
 40
2.0
 40
2.0
 40
2.0
 40
3.0
 40
3.0
 40
3.0
 40
4.0
 40
4.0
 40
4.0
 40
5.0
 40
5.0
 40
5.0
 40
6.0
 40
6.0
 40
6.0
 40
7.0
 40
7.0
 40
7.0
 40
8.0
 40
8.0
 40
8.0
 40
9.0
 40
9.0
 40
9.0
 40
9.0
 10
81.11994472222221
 20
205.7697744444444
 30
0.0
 10
79.95225027777778
 20
206.7526133333333
 30
0.0
 10
77.2213975
 20
208.9786411111111
 30
0.0
 10
77.7276336111111
 20
210.3273105555555
 30
0.0
 10
78.23140027777778
 20
211.6675133333333
 30
0.0
 10
87.18525305555555
 20
224.4493577777778
 30
0.0
 10
89.27546138888889
 20
231.0575911111111
 30
0.0
 10
91.1501225
 20
236.9599161111111
 30
0.0
 10
94.33288361111111
 20
246.6697716666667
 30
0.0
 10
95.4349613888889
 20
251.6813327777778
 30
0.0
 10
95.64063083333333
 20
252.6140772222222
 30
0.0
 10
98.59302805555556
 20
260.3346188888889
 30
0.0
 10
98.63430305555555
 20
256.9638272222222
 30
0.0
 10
98.63112805555554
 20
256.92608
 30
0.0
 10
98.64841416666667
 20
256.891155
 30
0.0
 10
98.65546972222221
 20
256.8548188888889
 30
0.0
 10
97.5682086111111
 20
250.8889938888888
 30
0.0
 10
91.83803916666666
 20
227.9640827777778
 30
0.0
 10
88.03826972222221
 20
218.2066022222222
 30
0.0
 10
86.56330583333333
 20
214.4212966666666
 30
0.0
 10
85.44076694444443
 20
211.1602188888889
 30
0.0
 10
83.58868361111111
 20
208.4036133333333
 30
0.0
 10
81.7281336111111
 20
205.6505355555556
 30
0.0
 10
81.85442805555554
 20
205.1520605555556
 30
0.0
 10
81.11994472222221
 20
205.7697744444444
 30
0.0
  0
SPLINE
  5
20C
330
1F
100
AcDbEntity
  8
DEFAULT
 62
     1
100
AcDbSpline
210
0.0
220
0.0
230
1.0
 70
    11
 71
     3
 72
    29
 73
    25
 74
     0
 42
0.000000001
 43
0.0000000001
 40
1.0
 40
1.0
 40
1.0
 40
1.0
 40
2.0
 40
2.0
 40
2.0
 40
3.0
 40
3.0
 40
3.0
 40
4.0
 40
4.0
 40
4.0
 40
5.0
 40
5.0
 40
5.0
 40
6.0
 40
6.0
 40
6.0
 40
7.0
 40
7.0
 40
7.0
 40
8.0
 40
8.0
 40
8.0
 40
9.0
 40
9.0
 40
9.0
 40
9.0
 10
72.1713836111111
 20
191.4071327777778
 30
0.0
 10
72.16856138888889
 20
191.41313
 30
0.0
 10
72.16573916666665
 20
191.4187744444444
 30
0.0
 10
72.16715027777776
 20
191.4230077777778
 30
0.0
 10
71.95160305555555
 20
193.7534577777778
 30
0.0
 10
71.90433083333333
 20
195.1546911111111
 30
0.0
 10
71.85106138888888
 20
197.99173
 30
0.0
 10
71.79885027777777
 20
200.5183244444444
 30
0.0
 10
71.86164472222222
 20
202.8124383333333
 30
0.0
 10
71.98688083333333
 20
204.9058216666667
 30
0.0
 10
72.09306694444444
 20
206.2742466666666
 30
0.0
 10
73.64423083333332
 20
206.3479772222222
 30
0.0
 10
74.27288083333333
 20
207.0013216666667
 30
0.0
 10
74.90611694444443
 20
207.6680716666666
 30
0.0
 10
77.70188083333333
 20
204.363955
 30
0.0
 10
78.39191416666667
 20
203.5000022222222
 30
0.0
 10
79.07559749999999
 20
202.6332272222222
 30
0.0
 10
79.7804475
 20
202.3838133333333
 30
0.0
 10
78.52985027777777
 20
199.830055
 30
0.0
 10
77.28560305555555
 20
197.2787661111111
 30
0.0
 10
75.40000583333332
 20
193.9527772222222
 30
0.0
 10
74.67575305555555
 20
192.5907022222222
 30
0.0
 10
73.96878638888887
 20
191.2515577777778
 30
0.0
 10
72.35306416666667
 20
190.1879327777778
 30
0.0
 10
72.1713836111111
 20
191.4071327777778
 30
0.0
  0
SPLINE
  5
20D
330
1F
100
AcDbEntity
  8
DEFAULT
 62
     1
100
AcDbSpline
210
0.0
220
0.0
230
1.0
 70
    11
 71
     3
 72
    26
 73
    22
 74
     0
 42
0.000000001
 43
0.0000000001
 40
0.0
 40
0.0
 40
0.0
 40
0.0
 40
0.0826801064343626
 40
0.0826801064343626
 40
0.0826801064343626
 40
1.082680106434363
 40
1.082680106434363
 40
1.082680106434363
 40
2.082680106434363
 40
2.082680106434363
 40
2.082680106434363
 40
3.082680106434363
 40
3.082680106434363
 40
3.082680106434363
 40
4.082680106434363
 40
4.082680106434363
 40
4.082680106434363
 40
5.082680106434363
 40
5.082680106434363
 40
5.082680106434363
 40
6.082680106434363
 40
6.082680106434363
 40
6.082680106434363
 40
6.082680106434363
 10
76.87885027777776
 20
171.5475077777778
 30
0.0
 10
76.87367620370368
 20
171.5557392592592
 30
0.0
 10
76.86850212962962
 20
171.5639707407407
 30
0.0
 10
76.86332805555554
 20
171.5722022222222
 30
0.0
 10
75.25183916666666
 20
175.1274966666666
 30
0.0
 10
73.73101416666667
 20
179.446555
 30
0.0
 10
72.78980305555555
 20
185.7866772222222
 30
0.0
 10
72.79015583333333
 20
185.815605
 30
0.0
 10
72.78451138888887
 20
185.8417105555555
 30
0.0
 10
72.78310027777778
 20
185.866405
 30
0.0
 10
72.67656138888889
 20
187.2637577777778
 30
0.0
 10
75.71221416666666
 20
188.4847216666667
 30
0.0
 10
77.2848975
 20
188.6092522222222
 30
0.0
 10
78.88368638888889
 20
188.7390744444444
 30
0.0
 10
81.4187475
 20
187.7181355555556
 30
0.0
 10
82.86901694444444
 20
186.6827327777777
 30
0.0
 10
84.3189336111111
 20
185.6476827777778
 30
0.0
 10
80.66556694444444
 20
177.0758883333333
 30
0.0
 10
79.55396416666666
 20
174.6879355555556
 30
0.0
 10
78.4483586111111
 20
172.3172688888889
 30
0.0
 10
77.46234472222223
 20
170.3417133333333
 30
0.0
 10
76.87885027777776
 20
171.5475077777778
 30
0.0
  0
SPLINE
  5
20E
330
1F
100
AcDbEntity
  8
DEFAULT
 62
     1
100
AcDbSpline
210
0.0
220
0.0
230
1.0
 70
    11
 71
     3
 72
    29
 73
    25
 74
     0
 42
0.000000001
 43
0.0000000001
 40
1.0
 40
1.0
 40
1.0
 40
1.0
 40
2.0
 40
2.0
 40
2.0
 40
3.0
 40
3.0
 40
3.0
 40
4.0
 40
4.0
 40
4.0
 40
5.0
 40
5.0
 40
5.0
 40
6.0
 40
6.0
 40
6.0
 40
7.0
 40
7.0
 40
7.0
 40
8.0
 40
8.0
 40
8.0
 40
9.0
 40
9.0
 40
9.0
 40
9.0
 10
87.13762805555555
 20
151.3322827777777
 30
0.0
 10
83.82081138888888
 20
153.3600494444444
 30
0.0
 10
80.77316416666666
 20
161.7963772222222
 30
0.0
 10
79.54655583333333
 20
165.6278966666667
 30
0.0
 10
79.53808916666667
 20
165.6451827777778
 30
0.0
 10
79.53103361111111
 20
165.667055
 30
0.0
 10
79.52680027777778
 20
165.6832827777778
 30
0.0
 10
78.75386416666666
 20
168.2271633333333
 30
0.0
 10
79.74658083333333
 20
167.870505
 30
0.0
 10
82.21990583333333
 20
173.23943
 30
0.0
 10
84.71510305555555
 20
178.6595077777777
 30
0.0
 10
85.57729194444444
 20
183.7769022222222
 30
0.0
 10
87.10446694444444
 20
185.8198383333333
 30
0.0
 10
88.62458638888889
 20
187.8560716666667
 30
0.0
 10
89.07120305555554
 20
192.1507883333333
 30
0.0
 10
89.86001416666666
 20
191.8343466666667
 30
0.0
 10
90.64565027777778
 20
191.5094383333333
 30
0.0
 10
89.44479472222223
 20
184.45353
 30
0.0
 10
89.18585583333333
 20
176.7626216666666
 30
0.0
 10
88.93679472222222
 20
169.0734772222222
 30
0.0
 10
88.37905305555554
 20
163.9250383333333
 30
0.0
 10
88.02874472222221
 20
159.9852161111111
 30
0.0
 10
87.6798475
 20
156.0496272222222
 30
0.0
 10
88.4354975
 20
150.5473522222222
 30
0.0
 10
87.13762805555555
 20
151.3322827777777
 30
0.0
  0
SPLINE
  5
20F
330
1F
100
AcDbEntity
  8
DEFAULT
 62
     1
100
AcDbSpline
210
0.0
220
0.0
230
1.0
 70
     8
 71
     3
 72
    32
 73
    28
 74
     0
 42
0.000000001
 43
0.0000000001
 40
0.0
 40
0.0
 40
0.0
 40
0.0
 40
1.0
 40
1.0
 40
1.0
 40
2.0
 40
2.0
 40
2.0
 40
3.0
 40
3.0
 40
3.0
 40
4.0
 40
4.0
 40
4.0
 40
5.0
 40
5.0
 40
5.0
 40
6.0
 40
6.0
 40
6.0
 40
7.0
 40
7.0
 40
7.0
 40
19.90590949914029
 40
19.90590949914029
 40
19.90590949914029
 40
23.65473598218802
 40
23.65473598218802
 40
23.65473598218802
 40
23.65473598218802
 10
91.53676694444442
 20
146.2575744444444
 30
0.0
 10
97.01540583333332
 20
149.7112688888889
 30
0.0
 10
99.52012805555556
 20
177.8488244444444
 30
0.0
 10
102.0566002777778
 20
203.3158522222222
 30
0.0
 10
104.4272669444444
 20
227.1142411111111
 30
0.0
 10
104.2473502777778
 20
251.9815466666666
 30
0.0
 10
103.3583502777778
 20
265.7681022222222
 30
0.0
 10
102.9632391666667
 20
271.89938
 30
0.0
 10
104.3284891666667
 20
272.8271855555556
 30
0.0
 10
102.8609336111111
 20
275.7199633333333
 30
0.0
 10
101.7814336111111
 20
277.8472133333333
 30
0.0
 10
96.90251694444444
 20
288.09188
 30
0.0
 10
95.12451694444444
 20
291.4362133333333
 30
0.0
 10
94.11204472222222
 20
293.3412133333333
 30
0.0
 10
90.84179472222222
 20
293.5775744444444
 30
0.0
 10
88.30532249999999
 20
292.2264355555555
 30
0.0
 10
88.83448916666666
 20
291.2210188888889
 30
0.0
 10
88.72160027777777
 20
291.3021577777777
 30
0.0
 10
89.31779472222222
 20
290.18738
 30
0.0
 10
89.91046138888889
 20
289.0726022222222
 30
0.0
 10
89.91046138888889
 20
289.2101855555555
 30
0.0
 10
90.44315583333332
 20
288.2118244444444
 30
0.0
 10
91.1545910185185
 20
286.8712688888888
 30
0.0
 10
91.8660262037037
 20
285.5307133333333
 30
0.0
 10
92.57746138888889
 20
284.1901577777778
 30
0.0
 10
92.1882299074074
 20
283.9831948148148
 30
0.0
 10
91.79899842592594
 20
283.7762318518518
 30
0.0
 10
91.40976694444444
 20
283.5692688888889
 30
0.0
  0
SPLINE
  5
210
330
1F
100
AcDbEntity
  8
DEFAULT
 62
     1
100
AcDbSpline
210
0.0
220
0.0
230
1.0
 70
     8
 71
     3
 72
    17
 73
    13
 74
     0
 42
0.000000001
 43
0.0000000001
 40
0.0
 40
0.0
 40
0.0
 40
0.0
 40
1.0
 40
1.0
 40
1.0
 40
2.0
 40
2.0
 40
2.0
 40
3.0
 40
3.0
 40
3.0
 40
4.0
 40
4.0
 40
4.0
 40
4.0
 10
68.35573916666665
 20
224.7929633333333
 30
0.0
 10
68.8743225
 20
221.2228522222222
 30
0.0
 10
70.74051694444444
 20
221.54388
 30
0.0
 10
69.3505725
 20
215.0562966666666
 30
0.0
 10
67.93946138888889
 20
208.4699355555555
 30
0.0
 10
67.6043225
 20
197.1563522222222
 30
0.0
 10
69.30471138888889
 20
185.1971855555555
 30
0.0
 10
71.00510027777777
 20
173.2274355555556
 30
0.0
 10
74.26123916666666
 20
168.4296577777778
 30
0.0
 10
76.96704472222223
 20
161.1624355555555
 30
0.0
 10
79.65168361111111
 20
153.94813
 30
0.0
 10
85.69123916666666
 20
143.3259911111111
 30
0.0
 10
91.23337805555555
 20
146.0882411111111
 30
0.0
  0
SPLINE
  5
211
330
1F
100
AcDbEntity
  8
DEFAULT
 62
     1
100
AcDbSpline
210
0.0
220
0.0
230
1.0
 70
     8
 71
     3
 72
    35
 73
    31
 74
     0
 42
0.000000001
 43
0.0000000001
 40
0.0
 40
0.0
 40
0.0
 40
0.0
 40
1.0
 40
1.0
 40
1.0
 40
2.0
 40
2.0
 40
2.0
 40
3.0
 40
3.0
 40
3.0
 40
4.0
 40
4.0
 40
4.0
 40
5.0
 40
5.0
 40
5.0
 40
6.0
 40
6.0
 40
6.0
 40
7.0
 40
7.0
 40
7.0
 40
8.0
 40
8.0
 40
8.0
 40
20.89294380659436
 40
20.89294380659436
 40
20.89294380659436
 40
24.64177028964206
 40
24.64177028964206
 40
24.64177028964206
 40
24.64177028964206
 10
68.30635027777777
 20
225.1386855555555
 30
0.0
 10
67.76660027777777
 20
228.8534355555555
 30
0.0
 10
65.4276836111111
 20
233.3584077777777
 30
0.0
 10
72.37035027777777
 20
241.0207411111111
 30
0.0
 10
79.42237805555554
 20
248.7994911111111
 30
0.0
 10
78.64979472222221
 20
249.8472411111111
 30
0.0
 10
82.12112805555554
 20
253.8265744444444
 30
0.0
 10
85.5889336111111
 20
257.80238
 30
0.0
 10
88.67926694444444
 20
261.3231022222222
 30
0.0
 10
90.46079472222222
 20
267.3062133333333
 30
0.0
 10
90.95468361111111
 20
268.9536855555555
 30
0.0
 10
88.35471138888887
 20
271.5042688888889
 30
0.0
 10
86.55554472222221
 20
275.93163
 30
0.0
 10
85.3984336111111
 20
278.8067688888889
 30
0.0
 10
84.0331836111111
 20
281.83713
 30
0.0
 10
82.50212805555556
 20
284.7193244444444
 30
0.0
 10
81.48612805555555
 20
286.6243244444444
 30
0.0
 10
83.1124336111111
 20
289.4677133333333
 30
0.0
 10
85.65596138888888
 20
290.8153244444444
 30
0.0
 10
86.18865583333333
 20
289.8134355555555
 30
0.0
 10
86.18512805555555
 20
289.9545466666667
 30
0.0
 10
86.77779472222223
 20
288.8362411111111
 30
0.0
 10
87.37046138888888
 20
287.7249911111111
 30
0.0
 10
87.2575725
 20
287.8026022222222
 30
0.0
 10
87.79026694444444
 20
286.7971855555555
 30
0.0
 10
88.50287805555554
 20
285.4589818518518
 30
0.0
 10
89.21548916666666
 20
284.1207781481482
 30
0.0
 10
89.92810027777777
 20
282.7825744444444
 30
0.0
 10
90.31733175925926
 20
282.9895374074074
 30
0.0
 10
90.70656324074075
 20
283.1965003703704
 30
0.0
 10
91.09579472222221
 20
283.4034633333333
 30
0.0
  0
POLYLINE
  5
212
330
1F
100
AcDbEntity
  8
DEFAULT
 62
     7
100
AcDb2dPolyline
 66
     1
 10
0.0
 20
0.0
 30
0.0
  0
VERTEX
  5
213
330
212
100
AcDbEntity
  8
DEFAULT
 62
     7
100
AcDbVertex
100
AcDb2dVertex
 10
164.9580069444445
 20
283.2197366666667
 30
0.0
  0
VERTEX
  5
214
330
212
100
AcDbEntity
  8
DEFAULT
 62
     7
100
AcDbVertex
100
AcDb2dVertex
 10
167.6070152777778
 20
281.811095
 30
0.0
  0
SEQEND
  5
215
330
212
100
AcDbEntity
  8
DEFAULT
 62
     7
  0
POLYLINE
  5
216
330
1F
100
AcDbEntity
  8
DEFAULT
 62
     7
100
AcDb2dPolyline
 66
     1
 10
0.0
 20
0.0
 30
0.0
  0
VERTEX
  5
217
330
216
100
AcDbEntity
  8
DEFAULT
 62
     7
100
AcDbVertex
100
AcDb2dVertex
 10
164.87013
 20
282.3312305555555
 30
0.0
  0
VERTEX
  5
218
330
216
100
AcDbEntity
  8
DEFAULT
 62
     7
100
AcDbVertex
100
AcDb2dVertex
 10
163.6805633333334
 20
280.0942666666667
 30
0.0
  0
VERTEX
  5
219
330
216
100
AcDbEntity
  8
DEFAULT
 62
     7
100
AcDbVertex
100
AcDb2dVertex
 10
164.7498327777778
 20
280.3031111111111
 30
0.0
  0
SEQEND
  5
21A
330
216
100
AcDbEntity
  8
DEFAULT
 62
     7
  0
SPLINE
  5
21B
330
1F
100
AcDbEntity
  8
DEFAULT
 62
     7
100
AcDbSpline
210
0.0
220
0.0
230
1.0
 70
     8
 71
     3
 72
    20
 73
    16
 74
     0
 42
0.000000001
 43
0.0000000001
 40
0.0
 40
0.0
 40
0.0
 40
0.0
 40
1.003847076812335
 40
1.003847076812335
 40
1.003847076812335
 40
2.00769415362467
 40
2.00769415362467
 40
2.00769415362467
 40
3.011541230437005
 40
3.011541230437005
 40
3.011541230437005
 40
4.01538830724934
 40
4.01538830724934
 40
4.01538830724934
 40
5.019235384061675
 40
5.019235384061675
 40
5.019235384061675
 40
5.019235384061675
 10
166.5375694444444
 20
279.8797072222221
 30
0.0
 10
166.3530666666666
 20
279.7752849999999
 30
0.0
 10
166.1279944444444
 20
279.7636433333333
 30
0.0
 10
165.8902222222222
 20
279.8899377777777
 30
0.0
 10
165.5243916666666
 20
280.084671111111
 30
0.0
 10
165.420675
 20
280.5147072222222
 30
0.0
 10
165.65245
 20
280.9433322222222
 30
0.0
 10
165.9216194444444
 20
281.4495683333333
 30
0.0
 10
166.3876388888889
 20
281.5243572222222
 30
0.0
 10
166.7167805555555
 20
281.3493794444444
 30
0.0
 10
166.9302111111111
 20
281.235785
 30
0.0
 10
167.0346333333333
 20
281.0787988888889
 30
0.0
 10
167.0445111111111
 20
280.8332655555555
 30
0.0
 10
166.9774833333333
 20
280.7235516666667
 30
0.0
 10
165.8669388888889
 20
278.6185266666666
 30
0.0
 10
165.8669388888889
 20
278.6185266666666
 30
0.0
  0
SPLINE
  5
21C
330
1F
100
AcDbEntity
  8
DEFAULT
 62
     1
100
AcDbSpline
210
0.0
220
0.0
230
1.0
 70
    11
 71
     3
 72
    29
 73
    25
 74
     0
 42
0.000000001
 43
0.0000000001
 40
1.0
 40
1.0
 40
1.0
 40
1.0
 40
2.0
 40
2.0
 40
2.0
 40
3.0
 40
3.0
 40
3.0
 40
4.0
 40
4.0
 40
4.0
 40
4.077162166895414
 40
4.077162166895414
 40
4.077162166895414
 40
5.077162166895414
 40
5.077162166895414
 40
5.077162166895414
 40
6.077162166895414
 40
6.077162166895414
 40
6.077162166895414
 40
7.077162166895414
 40
7.077162166895414
 40
7.077162166895414
 40
8.077162166895414
 40
8.077162166895414
 40
8.077162166895414
 40
8.077162166895414
 10
163.8904308333333
 20
199.9340891666666
 30
0.0
 10
165.1159808333333
 20
195.1581836111111
 30
0.0
 10
165.4440641666667
 20
196.3593919444444
 30
0.0
 10
165.5625975
 20
192.1324086111111
 30
0.0
 10
165.6857169444444
 20
187.9071891666667
 30
0.0
 10
165.9524169444444
 20
176.8430197222222
 30
0.0
 10
166.2805002777777
 20
170.9872613888889
 30
0.0
 10
166.6163447222222
 20
165.1385586111111
 30
0.0
 10
169.0452197222222
 20
145.8148030555556
 30
0.0
 10
165.8691613888889
 20
152.8244975
 30
0.0
 10
165.866221574074
 20
152.8330817592592
 30
0.0
 10
165.8632817592593
 20
152.8416660185185
 30
0.0
 10
165.8603419444444
 20
152.8502502777778
 30
0.0
 10
165.2380419444444
 20
154.6395391666667
 30
0.0
 10
164.7808419444444
 20
156.9544669444444
 30
0.0
 10
164.3063558333333
 20
159.2633975
 30
0.0
 10
163.0321225
 20
165.4225447222222
 30
0.0
 10
160.5633836111111
 20
187.1451891666666
 30
0.0
 10
159.8814641666667
 20
192.9727252777777
 30
0.0
 10
159.3861641666666
 20
196.6405558333333
 30
0.0
 10
161.1712197222222
 20
201.6644641666666
 30
0.0
 10
160.5161113888889
 20
206.8714641666666
 30
0.0
 10
160.2314197222222
 20
209.1916836111111
 30
0.0
 10
162.7954086111111
 20
204.1974086111111
 30
0.0
 10
163.8904308333333
 20
199.9340891666666
 30
0.0
  0
SPLINE
  5
21D
330
1F
100
AcDbEntity
  8
DEFAULT
 62
     1
100
AcDbSpline
210
0.0
220
0.0
230
1.0
 70
    11
 71
     3
 72
    20
 73
    16
 74
     0
 42
0.000000001
 43
0.0000000001
 40
1.0
 40
1.0
 40
1.0
 40
1.0
 40
2.0
 40
2.0
 40
2.0
 40
3.0
 40
3.0
 40
3.0
 40
4.0
 40
4.0
 40
4.0
 40
5.0
 40
5.0
 40
5.0
 40
6.0
 40
6.0
 40
6.0
 40
6.0
 10
172.7606752777778
 20
190.5625475
 30
0.0
 10
171.5746363888889
 20
192.4992975
 30
0.0
 10
170.5166558333333
 20
195.1864058333333
 30
0.0
 10
170.7300863888889
 20
197.3951475
 30
0.0
 10
170.9618613888889
 20
199.7499391666666
 30
0.0
 10
171.0380613888889
 20
207.1092363888889
 30
0.0
 10
172.4248308333333
 20
205.3086586111111
 30
0.0
 10
173.8116002777778
 20
203.5084336111111
 30
0.0
 10
175.6135891666667
 20
199.8289613888889
 30
0.0
 10
176.7950419444444
 20
197.1499669444444
 30
0.0
 10
177.9810808333333
 20
194.4723836111111
 30
0.0
 10
180.8682141666667
 20
191.7478808333333
 30
0.0
 10
178.4492169444444
 20
191.2554030555555
 30
0.0
 10
176.0372752777778
 20
190.7558697222222
 30
0.0
 10
173.9509475
 20
188.6275613888888
 30
0.0
 10
172.7606752777778
 20
190.5625475
 30
0.0
  0
SPLINE
  5
21E
330
1F
100
AcDbEntity
  8
DEFAULT
 62
     1
100
AcDbSpline
210
0.0
220
0.0
230
1.0
 70
    11
 71
     3
 72
    29
 73
    25
 74
     0
 42
0.000000001
 43
0.0000000001
 40
1.0
 40
1.0
 40
1.0
 40
1.0
 40
2.0
 40
2.0
 40
2.0
 40
3.0
 40
3.0
 40
3.0
 40
4.0
 40
4.0
 40
4.0
 40
5.0
 40
5.0
 40
5.0
 40
6.0
 40
6.0
 40
6.0
 40
7.0
 40
7.0
 40
7.0
 40
8.0
 40
8.0
 40
8.0
 40
9.0
 40
9.0
 40
9.0
 40
9.0
 10
160.2741058333333
 20
238.2630419444444
 30
0.0
 10
161.7458947222222
 20
232.7762891666667
 30
0.0
 10
165.0277863888889
 20
222.9740058333333
 30
0.0
 10
166.4625336111111
 20
217.9250502777777
 30
0.0
 10
167.8969280555555
 20
212.8760947222222
 30
0.0
 10
169.4350391666667
 20
212.6965308333333
 30
0.0
 10
168.8455475
 20
206.2914975
 30
0.0
 10
168.2592308333333
 20
199.8924613888888
 30
0.0
 10
167.4683030555555
 20
196.6599586111111
 30
0.0
 10
166.3485863888889
 20
199.9700725
 30
0.0
 10
165.2285169444444
 20
203.2801863888889
 30
0.0
 10
165.1897113888889
 20
205.2045891666666
 30
0.0
 10
163.4720363888889
 20
207.8662975
 30
0.0
 10
162.4285197222222
 20
209.4830780555555
 30
0.0
 10
161.2834030555555
 20
212.1405530555555
 30
0.0
 10
160.5446863888889
 20
214.2579252777777
 30
0.0
 10
160.2977419444444
 20
220.8728613888889
 30
0.0
 10
158.9702391666667
 20
231.4360863888889
 30
0.0
 10
158.2639780555555
 20
239.3040891666666
 30
0.0
 10
157.8977947222222
 20
243.3889030555555
 30
0.0
 10
157.8805086111111
 20
245.7080641666667
 30
0.0
 10
158.0815919444444
 20
247.5248697222222
 30
0.0
 10
158.4731752777778
 20
249.7939363888889
 30
0.0
 10
158.7938502777778
 20
243.7466197222222
 30
0.0
 10
160.2741058333333
 20
238.2630419444444
 30
0.0
  0
SPLINE
  5
21F
330
1F
100
AcDbEntity
  8
DEFAULT
 62
     1
100
AcDbSpline
210
0.0
220
0.0
230
1.0
 70
    11
 71
     3
 72
    26
 73
    22
 74
     0
 42
0.000000001
 43
0.0000000001
 40
1.0
 40
1.0
 40
1.0
 40
1.0
 40
2.0
 40
2.0
 40
2.0
 40
3.0
 40
3.0
 40
3.0
 40
4.0
 40
4.0
 40
4.0
 40
5.0
 40
5.0
 40
5.0
 40
6.0
 40
6.0
 40
6.0
 40
6.076843997813733
 40
6.076843997813733
 40
6.076843997813733
 40
7.076843997813733
 40
7.076843997813733
 40
7.076843997813733
 40
7.076843997813733
 10
169.8830669444444
 20
245.9207891666667
 30
0.0
 10
173.1579030555555
 20
239.3323113888889
 30
0.0
 10
172.7444475
 20
240.8771252777777
 30
0.0
 10
178.3208058333333
 20
229.3116586111111
 30
0.0
 10
182.1241030555555
 20
221.4253113888888
 30
0.0
 10
177.4021725
 20
223.6474586111111
 30
0.0
 10
176.5798475
 20
222.9464891666666
 30
0.0
 10
175.7554058333333
 20
222.2497530555555
 30
0.0
 10
175.9956475
 20
224.6225363888888
 30
0.0
 10
173.7011808333333
 20
228.6382058333333
 30
0.0
 10
171.4183558333333
 20
232.6623419444444
 30
0.0
 10
168.2116058333333
 20
242.7567252777778
 30
0.0
 10
167.1024725
 20
247.0052280555555
 30
0.0
 10
165.9989836111111
 20
251.2367975
 30
0.0
 10
162.0069502777778
 20
259.9648725
 30
0.0
 10
162.6183141666667
 20
260.3035391666666
 30
0.0
 10
162.6268984259259
 20
260.3063613888888
 30
0.0
 10
162.6354826851852
 20
260.3091836111111
 30
0.0
 10
162.6440669444444
 20
260.3120058333333
 30
0.0
 10
163.2212113888889
 20
260.3532808333333
 30
0.0
 10
166.1062280555555
 20
253.5160947222222
 30
0.0
 10
169.8830669444444
 20
245.9207891666667
 30
0.0
  0
SPLINE
  5
220
330
1F
100
AcDbEntity
  8
DEFAULT
 62
     1
100
AcDbSpline
210
0.0
220
0.0
230
1.0
 70
    11
 71
     3
 72
    32
 73
    28
 74
     0
 42
0.000000001
 43
0.0000000001
 40
1.0
 40
1.0
 40
1.0
 40
1.0
 40
2.0
 40
2.0
 40
2.0
 40
3.0
 40
3.0
 40
3.0
 40
4.018788294228068
 40
4.018788294228068
 40
4.018788294228068
 40
5.018788294228068
 40
5.018788294228068
 40
5.018788294228068
 40
6.018788294228068
 40
6.018788294228068
 40
6.018788294228068
 40
7.018788294228068
 40
7.018788294228068
 40
7.018788294228068
 40
8.018788294228068
 40
8.018788294228068
 40
8.018788294228068
 40
9.018788294228068
 40
9.018788294228068
 40
9.018788294228068
 40
10.01878829422807
 40
10.01878829422807
 40
10.01878829422807
 40
10.01878829422807
 10
183.1069419444445
 20
228.2399197222222
 30
0.0
 10
181.5459002777777
 20
230.1262225
 30
0.0
 10
176.9178086111111
 20
238.6867280555555
 30
0.0
 10
174.6946030555555
 20
243.0071975
 30
0.0
 10
172.4710447222222
 20
247.3280197222222
 30
0.0
 10
170.6239002777778
 20
250.7545502777778
 30
0.0
 10
168.2567613888889
 20
255.0845447222222
 30
0.0
 10
165.8980891666666
 20
259.4028975
 30
0.0
 10
164.9110169444444
 20
260.8256502777778
 30
0.0
 10
165.4923947222222
 20
260.6115141666666
 30
0.0
 10
165.9245475
 20
260.3804447222222
 30
0.0
 10
166.2805002777777
 20
260.017083611111
 30
0.0
 10
166.5256808333333
 20
259.5094363888888
 30
0.0
 10
168.1431669444444
 20
256.1164197222222
 30
0.0
 10
173.6673141666666
 20
251.1344919444444
 30
0.0
 10
176.0383336111111
 20
247.6197669444444
 30
0.0
 10
178.8979502777778
 20
243.3797308333333
 30
0.0
 10
181.1141002777778
 20
240.6499363888888
 30
0.0
 10
184.6697475
 20
235.9149530555555
 30
0.0
 10
187.1557725
 20
232.6182447222222
 30
0.0
 10
186.5154808333333
 20
227.9739252777777
 30
0.0
 10
185.2726447222222
 20
224.9167530555555
 30
0.0
 10
185.2430113888889
 20
224.8338502777777
 30
0.0
 10
185.2154947222222
 20
224.7569447222222
 30
0.0
 10
185.1826863888889
 20
224.6973252777778
 30
0.0
 10
184.6027197222222
 20
223.6523974999999
 30
0.0
 10
184.5822586111111
 20
226.4499252777778
 30
0.0
 10
183.1069419444445
 20
228.2399197222222
 30
0.0
  0
SPLINE
  5
221
330
1F
100
AcDbEntity
  8
DEFAULT
 62
     1
100
AcDbSpline
210
0.0
220
0.0
230
1.0
 70
    11
 71
     3
 72
    32
 73
    28
 74
     0
 42
0.000000001
 43
0.0000000001
 40
1.0
 40
1.0
 40
1.0
 40
1.0
 40
2.0
 40
2.0
 40
2.0
 40
3.0
 40
3.0
 40
3.0
 40
4.0
 40
4.0
 40
4.0
 40
5.0
 40
5.0
 40
5.0
 40
6.0
 40
6.0
 40
6.0
 40
7.0
 40
7.0
 40
7.0
 40
8.0
 40
8.0
 40
8.0
 40
9.0
 40
9.0
 40
9.0
 40
10.0
 40
10.0
 40
10.0
 40
10.0
 10
185.1908002777778
 20
209.9466280555555
 30
0.0
 10
184.0188725
 20
210.9432252777778
 30
0.0
 10
184.0806086111111
 20
210.6056169444444
 30
0.0
 10
182.7859141666666
 20
213.2899030555556
 30
0.0
 10
181.4943947222222
 20
215.9801863888889
 30
0.0
 10
177.8237419444444
 20
218.4577447222222
 30
0.0
 10
179.2464947222222
 20
218.9459891666666
 30
0.0
 10
180.0801086111111
 20
219.2292697222222
 30
0.0
 10
182.1078752777778
 20
218.7364391666667
 30
0.0
 10
182.1092863888888
 20
221.7251725
 30
0.0
 10
182.1050530555555
 20
224.7170808333333
 30
0.0
 10
184.1165919444444
 20
220.9783419444444
 30
0.0
 10
184.4556113888889
 20
218.9960836111111
 30
0.0
 10
184.5173475
 20
218.6295475
 30
0.0
 10
184.5843752777778
 20
217.5190030555555
 30
0.0
 10
184.7060836111111
 20
216.8049808333333
 30
0.0
 10
184.7120808333333
 20
216.7732308333333
 30
0.0
 10
184.7194891666666
 20
216.7368947222222
 30
0.0
 10
184.7254863888889
 20
216.7047919444444
 30
0.0
 10
184.9794863888889
 20
215.2026641666666
 30
0.0
 10
185.1078975
 20
214.0109808333333
 30
0.0
 10
185.2648836111111
 20
212.4368863888888
 30
0.0
 10
185.2666475
 20
212.4181891666667
 30
0.0
 10
185.2726447222222
 20
212.4009030555555
 30
0.0
 10
185.2698225
 20
212.3804419444444
 30
0.0
 10
185.4359808333333
 20
210.7223863888889
 30
0.0
 10
185.6705780555555
 20
209.5331724999999
 30
0.0
 10
185.1908002777778
 20
209.9466280555555
 30
0.0
  0
SPLINE
  5
222
330
1F
100
AcDbEntity
  8
DEFAULT
 62
     1
100
AcDbSpline
210
0.0
220
0.0
230
1.0
 70
    11
 71
     3
 72
    29
 73
    25
 74
     0
 42
0.000000001
 43
0.0000000001
 40
1.0
 40
1.0
 40
1.0
 40
1.0
 40
2.0
 40
2.0
 40
2.0
 40
3.0
 40
3.0
 40
3.0
 40
4.0
 40
4.0
 40
4.0
 40
5.0
 40
5.0
 40
5.0
 40
6.0
 40
6.0
 40
6.0
 40
7.0
 40
7.0
 40
7.0
 40
8.0
 40
8.0
 40
8.0
 40
9.0
 40
9.0
 40
9.0
 40
9.0
 10
174.4631808333333
 20
208.4039308333333
 30
0.0
 10
172.6114502777778
 20
211.1601836111111
 30
0.0
 10
171.4889113888889
 20
214.4212613888888
 30
0.0
 10
170.0139475
 20
218.2065669444444
 30
0.0
 10
166.2145308333333
 20
227.9640475
 30
0.0
 10
160.4840086111111
 20
250.8889586111111
 30
0.0
 10
159.3967475
 20
256.8547836111111
 30
0.0
 10
159.4038030555555
 20
256.8911197222222
 30
0.0
 10
159.4210891666667
 20
256.9260447222222
 30
0.0
 10
159.4179141666667
 20
256.9637919444444
 30
0.0
 10
159.4595419444444
 20
260.3345836111111
 30
0.0
 10
162.4115863888889
 20
252.6140419444444
 30
0.0
 10
162.6172558333333
 20
251.6812975
 30
0.0
 10
163.7193336111111
 20
246.6697363888889
 30
0.0
 10
166.9020947222222
 20
236.9598808333333
 30
0.0
 10
168.7764030555556
 20
231.0575558333333
 30
0.0
 10
170.8669641666667
 20
224.4493225
 30
0.0
 10
179.8208169444444
 20
211.6674780555555
 30
0.0
 10
180.3245836111111
 20
210.3272752777778
 30
0.0
 10
180.8311725
 20
208.9786058333333
 30
0.0
 10
178.1003197222222
 20
206.7525780555555
 30
0.0
 10
176.9326252777778
 20
205.7697391666667
 30
0.0
 10
176.1977891666667
 20
205.1520252777778
 30
0.0
 10
176.3240836111111
 20
205.6505002777778
 30
0.0
 10
174.4631808333333
 20
208.4039308333333
 30
0.0
  0
SPLINE
  5
223
330
1F
100
AcDbEntity
  8
DEFAULT
 62
     1
100
AcDbSpline
210
0.0
220
0.0
230
1.0
 70
    11
 71
     3
 72
    29
 73
    25
 74
     0
 42
0.000000001
 43
0.0000000001
 40
1.0
 40
1.0
 40
1.0
 40
1.0
 40
2.0
 40
2.0
 40
2.0
 40
3.0
 40
3.0
 40
3.0
 40
4.0
 40
4.0
 40
4.0
 40
5.0
 40
5.0
 40
5.0
 40
6.0
 40
6.0
 40
6.0
 40
7.0
 40
7.0
 40
7.0
 40
8.0
 40
8.0
 40
8.0
 40
9.0
 40
9.0
 40
9.0
 40
9.0
 10
183.3768169444444
 20
192.5906669444444
 30
0.0
 10
182.6522113888889
 20
193.9527419444444
 30
0.0
 10
180.7666141666667
 20
197.2787308333333
 30
0.0
 10
179.5220141666667
 20
199.8300197222222
 30
0.0
 10
178.2717697222222
 20
202.3837780555555
 30
0.0
 10
178.9766197222222
 20
202.6331919444444
 30
0.0
 10
179.6603030555555
 20
203.4999669444444
 30
0.0
 10
180.3503363888889
 20
204.3639197222222
 30
0.0
 10
183.1461002777778
 20
207.6680363888889
 30
0.0
 10
183.7793363888889
 20
207.0012863888889
 30
0.0
 10
184.4079863888889
 20
206.3479419444444
 30
0.0
 10
185.9591502777778
 20
206.2742113888889
 30
0.0
 10
186.0656891666667
 20
204.9061391666666
 30
0.0
 10
186.1905725
 20
202.8124030555555
 30
0.0
 10
186.2533669444445
 20
200.5186419444445
 30
0.0
 10
186.2011558333333
 20
197.9916947222222
 30
0.0
 10
186.1478863888889
 20
195.1546558333333
 30
0.0
 10
186.1009669444444
 20
193.7534225
 30
0.0
 10
185.8850669444444
 20
191.4229725
 30
0.0
 10
185.8864780555555
 20
191.4187391666666
 30
0.0
 10
185.8840086111111
 20
191.4130947222222
 30
0.0
 10
185.8808336111111
 20
191.4070975
 30
0.0
 10
185.6995058333333
 20
190.1878975
 30
0.0
 10
184.0837836111111
 20
191.2515225
 30
0.0
 10
183.3768169444444
 20
192.5906669444444
 30
0.0
  0
SPLINE
  5
224
330
1F
100
AcDbEntity
  8
DEFAULT
 62
     1
100
AcDbSpline
210
0.0
220
0.0
230
1.0
 70
    11
 71
     3
 72
    26
 73
    22
 74
     0
 42
0.000000001
 43
0.0000000001
 40
1.0
 40
1.0
 40
1.0
 40
1.0
 40
2.0
 40
2.0
 40
2.0
 40
3.0
 40
3.0
 40
3.0
 40
4.0
 40
4.0
 40
4.0
 40
5.0
 40
5.0
 40
5.0
 40
6.0
 40
6.0
 40
6.0
 40
6.082680106434363
 40
6.082680106434363
 40
6.082680106434363
 40
7.082680106434363
 40
7.082680106434363
 40
7.082680106434363
 40
7.082680106434363
 10
178.4982530555556
 20
174.6879002777777
 30
0.0
 10
177.3866502777778
 20
177.0758530555555
 30
0.0
 10
173.7332836111111
 20
185.6476475
 30
0.0
 10
175.1832002777778
 20
186.6826975
 30
0.0
 10
176.6334697222222
 20
187.7181002777778
 30
0.0
 10
179.1685308333333
 20
188.7390391666666
 30
0.0
 10
180.7673197222222
 20
188.6092169444444
 30
0.0
 10
182.3403558333333
 20
188.4846863888889
 30
0.0
 10
185.3756558333333
 20
187.2637225
 30
0.0
 10
185.2691169444444
 20
185.8663697222222
 30
0.0
 10
185.2677058333333
 20
185.8416752777778
 30
0.0
 10
185.2620613888889
 20
185.8155697222222
 30
0.0
 10
185.2620613888889
 20
185.7866419444445
 30
0.0
 10
184.3212030555555
 20
179.4465197222222
 30
0.0
 10
182.8000252777778
 20
175.1274613888889
 30
0.0
 10
181.1888891666667
 20
171.5721669444444
 30
0.0
 10
181.1837150925926
 20
171.5639354629629
 30
0.0
 10
181.1785410185185
 20
171.5557039814814
 30
0.0
 10
181.1733669444444
 20
171.5474725
 30
0.0
 10
180.5902252777778
 20
170.3416780555555
 30
0.0
 10
179.6038586111111
 20
172.3172336111111
 30
0.0
 10
178.4982530555556
 20
174.6879002777777
 30
0.0
  0
SPLINE
  5
225
330
1F
100
AcDbEntity
  8
DEFAULT
 62
     1
100
AcDbSpline
210
0.0
220
0.0
230
1.0
 70
    11
 71
     3
 72
    29
 73
    25
 74
     0
 42
0.000000001
 43
0.0000000001
 40
1.0
 40
1.0
 40
1.0
 40
1.0
 40
2.0
 40
2.0
 40
2.0
 40
3.0
 40
3.0
 40
3.0
 40
4.0
 40
4.0
 40
4.0
 40
5.0
 40
5.0
 40
5.0
 40
6.0
 40
6.0
 40
6.0
 40
7.0
 40
7.0
 40
7.0
 40
8.0
 40
8.0
 40
8.0
 40
9.0
 40
9.0
 40
9.0
 40
9.0
 10
170.0238252777778
 20
159.9851808333333
 30
0.0
 10
169.6731641666667
 20
163.9250030555555
 30
0.0
 10
169.1154225
 20
169.0734419444444
 30
0.0
 10
168.8667141666666
 20
176.7625863888889
 30
0.0
 10
168.6074225
 20
184.4534947222222
 30
0.0
 10
167.4069197222222
 20
191.5094030555555
 30
0.0
 10
168.1925558333333
 20
191.8343113888889
 30
0.0
 10
168.9810141666667
 20
192.1507530555556
 30
0.0
 10
169.4276308333333
 20
187.8560363888889
 30
0.0
 10
170.9477502777778
 20
185.8198030555555
 30
0.0
 10
172.4752780555555
 20
183.7768669444444
 30
0.0
 10
173.3371141666667
 20
178.6594725
 30
0.0
 10
175.8323113888889
 20
173.2393947222222
 30
0.0
 10
178.3056363888889
 20
167.8704697222222
 30
0.0
 10
179.2983530555555
 20
168.2271280555555
 30
0.0
 10
178.5254169444444
 20
165.6832475
 30
0.0
 10
178.5211836111111
 20
165.6673725
 30
0.0
 10
178.5141280555555
 20
165.6455002777778
 30
0.0
 10
178.5053086111111
 20
165.6278613888889
 30
0.0
 10
177.2790530555556
 20
161.7963419444444
 30
0.0
 10
174.2314058333333
 20
153.3600141666666
 30
0.0
 10
170.9145891666666
 20
151.3322475
 30
0.0
 10
169.6170725
 20
150.5473169444444
 30
0.0
 10
170.3727225
 20
156.0495919444444
 30
0.0
 10
170.0238252777778
 20
159.9851808333333
 30
0.0
  0
SPLINE
  5
226
330
1F
100
AcDbEntity
  8
DEFAULT
 62
     1
100
AcDbSpline
210
0.0
220
0.0
230
1.0
 70
     8
 71
     3
 72
    32
 73
    28
 74
     0
 42
0.000000001
 43
0.0000000001
 40
0.0
 40
0.0
 40
0.0
 40
0.0
 40
1.0
 40
1.0
 40
1.0
 40
2.0
 40
2.0
 40
2.0
 40
3.0
 40
3.0
 40
3.0
 40
4.0
 40
4.0
 40
4.0
 40
5.0
 40
5.0
 40
5.0
 40
6.0
 40
6.0
 40
6.0
 40
7.0
 40
7.0
 40
7.0
 40
19.90590949914029
 40
19.90590949914029
 40
19.90590949914029
 40
23.65473598218807
 40
23.65473598218807
 40
23.65473598218807
 40
23.65473598218807
 10
166.5161558333333
 20
146.2575391666666
 30
0.0
 10
161.0375169444444
 20
149.7112336111111
 30
0.0
 10
158.5327947222222
 20
177.8487891666666
 30
0.0
 10
155.9927947222222
 20
203.3158169444444
 30
0.0
 10
153.6221280555555
 20
227.1142058333333
 30
0.0
 10
153.8055725
 20
251.9815113888888
 30
0.0
 10
154.6945725
 20
265.7680669444444
 30
0.0
 10
155.0896836111111
 20
271.8993447222222
 30
0.0
 10
153.7209058333333
 20
272.8271502777777
 30
0.0
 10
155.1919891666667
 20
275.7199280555555
 30
0.0
 10
156.2714891666667
 20
277.8471780555555
 30
0.0
 10
161.1504058333333
 20
288.0918447222222
 30
0.0
 10
162.9284058333333
 20
291.4361780555555
 30
0.0
 10
163.9373502777778
 20
293.3411780555555
 30
0.0
 10
167.2111280555555
 20
293.5775391666667
 30
0.0
 10
169.7476002777778
 20
292.2264002777778
 30
0.0
 10
169.2184336111111
 20
291.2209836111111
 30
0.0
 10
169.3313225
 20
291.3021224999999
 30
0.0
 10
168.7351280555555
 20
290.1873447222222
 30
0.0
 10
168.1424613888889
 20
289.0725669444444
 30
0.0
 10
168.1424613888889
 20
289.2101502777777
 30
0.0
 10
167.6097669444444
 20
288.2117891666666
 30
0.0
 10
166.8983317592592
 20
286.8712336111111
 30
0.0
 10
166.186896574074
 20
285.5306780555555
 30
0.0
 10
165.4754613888889
 20
284.1901225
 30
0.0
 10
165.8646928703704
 20
283.983159537037
 30
0.0
 10
166.2539243518518
 20
283.776196574074
 30
0.0
 10
166.6431558333333
 20
283.569233611111
 30
0.0
  0
SPLINE
  5
227
330
1F
100
AcDbEntity
  8
DEFAULT
 62
     1
100
AcDbSpline
210
0.0
220
0.0
230
1.0
 70
     8
 71
     3
 72
    35
 73
    31
 74
     0
 42
0.000000001
 43
0.0000000001
 40
0.0
 40
0.0
 40
0.0
 40
0.0
 40
3.762352987161078
 40
3.762352987161078
 40
3.762352987161078
 40
16.6552967937556
 40
16.6552967937556
 40
16.6552967937556
 40
17.6552967937556
 40
17.6552967937556
 40
17.6552967937556
 40
18.6552967937556
 40
18.6552967937556
 40
18.6552967937556
 40
19.6552967937556
 40
19.6552967937556
 40
19.6552967937556
 40
20.6552967937556
 40
20.6552967937556
 40
20.6552967937556
 40
21.6552967937556
 40
21.6552967937556
 40
21.6552967937556
 40
22.6552967937556
 40
22.6552967937556
 40
22.6552967937556
 40
23.6552967937556
 40
23.6552967937556
 40
23.6552967937556
 40
24.6552967937556
 40
24.6552967937556
 40
24.6552967937556
 40
24.6552967937556
 10
166.9536002777777
 20
283.4069558333333
 30
0.0
 10
167.3440076851851
 20
283.1988169444444
 30
0.0
 10
167.7344150925925
 20
282.9906780555555
 30
0.0
 10
168.1248224999999
 20
282.7825391666666
 30
0.0
 10
168.8374336111111
 20
284.1207428703703
 30
0.0
 10
169.5500447222222
 20
285.458946574074
 30
0.0
 10
170.2626558333333
 20
286.7971502777777
 30
0.0
 10
170.7953502777778
 20
287.8025669444444
 30
0.0
 10
170.6824613888889
 20
287.7249558333333
 30
0.0
 10
171.2716002777778
 20
288.8362058333333
 30
0.0
 10
171.8677947222222
 20
289.9545113888889
 30
0.0
 10
171.8607391666667
 20
289.8134002777778
 30
0.0
 10
172.3969613888889
 20
290.8152891666666
 30
0.0
 10
174.9369613888889
 20
289.4676780555555
 30
0.0
 10
176.5667947222222
 20
286.6242891666666
 30
0.0
 10
175.5507947222222
 20
284.7192891666667
 30
0.0
 10
174.0162113888889
 20
281.8370947222222
 30
0.0
 10
172.6544891666667
 20
278.806733611111
 30
0.0
 10
171.4938502777778
 20
275.9315947222222
 30
0.0
 10
169.6946836111111
 20
271.5042336111111
 30
0.0
 10
167.0982391666667
 20
268.9536502777777
 30
0.0
 10
167.5921280555555
 20
267.3061780555555
 30
0.0
 10
169.3736558333333
 20
261.3230669444444
 30
0.0
 10
172.4639891666667
 20
257.8023447222222
 30
0.0
 10
175.9317947222222
 20
253.8265391666666
 30
0.0
 10
179.4031280555556
 20
249.8472058333333
 30
0.0
 10
178.6305447222222
 20
248.7994558333333
 30
0.0
 10
185.6825725
 20
241.0207058333333
 30
0.0
 10
192.6252391666667
 20
233.3583725
 30
0.0
 10
190.2863225
 20
228.8534002777778
 30
0.0
 10
189.7465725
 20
225.1386502777778
 30
0.0
  0
SPLINE
  5
228
330
1F
100
AcDbEntity
  8
DEFAULT
 62
     1
100
AcDbSpline
210
0.0
220
0.0
230
1.0
 70
     8
 71
     3
 72
    17
 73
    13
 74
     0
 42
0.000000001
 43
0.0000000001
 40
0.0
 40
0.0
 40
0.0
 40
0.0
 40
1.0
 40
1.0
 40
1.0
 40
2.0
 40
2.0
 40
2.0
 40
3.0
 40
3.0
 40
3.0
 40
4.0
 40
4.0
 40
4.0
 40
4.0
 10
166.8195447222222
 20
146.0882058333333
 30
0.0
 10
172.3616836111111
 20
143.3259558333333
 30
0.0
 10
178.4012391666666
 20
153.9480947222222
 30
0.0
 10
181.0823502777778
 20
161.1624002777778
 30
0.0
 10
183.7916836111111
 20
168.4296225
 30
0.0
 10
187.0478225
 20
173.2274002777777
 30
0.0
 10
188.7446836111111
 20
185.1971502777778
 30
0.0
 10
190.4450725
 20
197.1563169444444
 30
0.0
 10
190.1134613888889
 20
208.4699002777778
 30
0.0
 10
188.6988225
 20
215.0562613888889
 30
0.0
 10
187.3124058333333
 20
221.5438447222222
 30
0.0
 10
189.1786002777778
 20
221.2228169444444
 30
0.0
 10
189.6971836111111
 20
224.7929280555555
 30
0.0
  0
POLYLINE
  5
229
330
1F
100
AcDbEntity
  8
DEFAULT
 62
     7
100
AcDb2dPolyline
 66
     1
 10
0.0
 20
0.0
 30
0.0
  0
VERTEX
  5
22A
330
229
100
AcDbEntity
  8
DEFAULT
 62
     7
100
AcDbVertex
100
AcDb2dVertex
 10
110.955596111111
 20
186.9461872222222
 30
0.0
  0
VERTEX
  5
22B
330
229
100
AcDbEntity
  8
DEFAULT
 62
     7
100
AcDbVertex
100
AcDb2dVertex
 10
113.91011
 20
187.4672399999999
 30
0.0
  0
SEQEND
  5
22C
330
229
100
AcDbEntity
  8
DEFAULT
 62
     7
  0
SPLINE
  5
22D
330
1F
100
AcDbEntity
  8
DEFAULT
 62
     7
100
AcDbSpline
210
0.0
220
0.0
230
1.0
 70
     8
 71
     3
 72
    17
 73
    13
 74
     0
 42
0.000000001
 43
0.0000000001
 40
0.0
 40
0.0
 40
0.0
 40
0.0
 40
3.557096147140188
 40
3.557096147140188
 40
3.557096147140188
 40
4.557096147140188
 40
4.557096147140188
 40
4.557096147140188
 40
5.557096147140188
 40
5.557096147140188
 40
5.557096147140188
 40
6.557096147140188
 40
6.557096147140188
 40
6.557096147140188
 40
6.557096147140188
 10
111.2195091666667
 20
186.0359852777777
 30
0.0
 10
111.6314360185185
 20
186.1086575
 30
0.0
 10
112.0433628703704
 20
186.1813297222222
 30
0.0
 10
112.4552897222222
 20
186.2540019444444
 30
0.0
 10
112.4552897222222
 20
186.2540019444444
 30
0.0
 10
111.4174175
 20
184.5687825
 30
0.0
 10
111.4985563888889
 20
184.1084075
 30
0.0
 10
111.5613508333333
 20
183.7510436111111
 30
0.0
 10
111.7994758333333
 20
183.5217380555555
 30
0.0
 10
112.2535008333333
 20
183.6018186111111
 30
0.0
 10
112.4972702777778
 20
183.6448575
 30
0.0
 10
112.8242952777778
 20
183.8575825
 30
0.0
 10
112.7413925
 20
184.3281880555555
 30
0.0
  0
SPLINE
  5
22E
330
1F
100
AcDbEntity
  8
DEFAULT
 62
     7
100
AcDbSpline
210
0.0
220
0.0
230
1.0
 70
     8
 71
     3
 72
    20
 73
    16
 74
     0
 42
0.000000001
 43
0.0000000001
 40
0.0
 40
0.0
 40
0.0
 40
0.0
 40
1.003649657518175
 40
1.003649657518175
 40
1.003649657518175
 40
2.00729931503635
 40
2.00729931503635
 40
2.00729931503635
 40
3.010948972554525
 40
3.010948972554525
 40
3.010948972554525
 40
4.014598630072699
 40
4.014598630072699
 40
4.014598630072699
 40
5.018248287590874
 40
5.018248287590874
 40
5.018248287590874
 40
5.018248287590874
 10
114.2611944444445
 20
185.2877083333333
 30
0.0
 10
114.1892277777778
 20
185.0933277777777
 30
0.0
 10
114.0347111111111
 20
184.9483361111111
 30
0.0
 10
113.7916472222222
 20
184.90565
 30
0.0
 10
113.41735
 20
184.8396805555556
 30
0.0
 10
113.0949111111111
 20
185.1190805555556
 30
0.0
 10
113.0134194444444
 20
185.5995638888889
 30
0.0
 10
112.9139361111111
 20
186.1640083333333
 30
0.0
 10
113.204625
 20
186.5044388888889
 30
0.0
 10
113.5408222222222
 20
186.5637055555555
 30
0.0
 10
113.7595444444444
 20
186.6025111111111
 30
0.0
 10
113.9246444444444
 20
186.540775
 30
0.0
 10
114.0735166666667
 20
186.3516861111111
 30
0.0
 10
114.0886861111111
 20
186.2236277777778
 30
0.0
 10
114.5091972222222
 20
183.8808305555555
 30
0.0
 10
114.5091972222222
 20
183.8808305555555
 30
0.0
  0
SPLINE
  5
22F
330
1F
100
AcDbEntity
  8
DEFAULT
 62
     1
100
AcDbSpline
210
0.0
220
0.0
230
1.0
 70
    11
 71
     3
 72
    23
 73
    19
 74
     0
 42
0.000000001
 43
0.0000000001
 40
1.0
 40
1.0
 40
1.0
 40
1.0
 40
2.0
 40
2.0
 40
2.0
 40
3.0
 40
3.0
 40
3.0
 40
4.0
 40
4.0
 40
4.0
 40
5.0
 40
5.0
 40
5.0
 40
6.0
 40
6.0
 40
6.0
 40
7.0
 40
7.0
 40
7.0
 40
7.0
 10
120.4796436111111
 20
38.98039222222223
 30
0.0
 10
119.1165102777778
 20
34.18226166666667
 30
0.0
 10
118.9891575
 20
27.54510055555557
 30
0.0
 10
115.8638991666667
 20
22.10597277777779
 30
0.0
 10
112.7407575
 20
16.67637000000001
 30
0.0
 10
110.9482936111111
 20
13.80228944444446
 30
0.0
 10
110.7009963888889
 20
15.57852555555558
 30
0.0
 10
110.4554630555556
 20
17.36534500000002
 30
0.0
 10
111.4365380555555
 20
24.03425611111113
 30
0.0
 10
111.1867713888889
 20
29.88295888888891
 30
0.0
 10
110.9373575
 20
35.72495888888891
 30
0.0
 10
110.3746769444444
 20
45.04746444444446
 30
0.0
 10
112.5446130555556
 20
45.72197555555557
 30
0.0
 10
116.8866019444444
 20
47.07452555555557
 30
0.0
 10
119.0501880555556
 20
52.29951722222224
 30
0.0
 10
121.2053075
 20
51.44473666666669
 30
0.0
 10
122.5261075
 20
50.92192000000001
 30
0.0
 10
121.8484213888889
 20
43.78557833333335
 30
0.0
 10
120.4796436111111
 20
38.98039222222223
 30
0.0
  0
SPLINE
  5
230
330
1F
100
AcDbEntity
  8
DEFAULT
 62
     1
100
AcDbSpline
210
0.0
220
0.0
230
1.0
 70
    11
 71
     3
 72
    29
 73
    25
 74
     0
 42
0.000000001
 43
0.0000000001
 40
1.0
 40
1.0
 40
1.0
 40
1.0
 40
2.0
 40
2.0
 40
2.0
 40
3.0
 40
3.0
 40
3.0
 40
4.0
 40
4.0
 40
4.0
 40
5.0
 40
5.0
 40
5.0
 40
6.0
 40
6.0
 40
6.0
 40
7.0
 40
7.0
 40
7.0
 40
8.0
 40
8.0
 40
8.0
 40
9.0
 40
9.0
 40
9.0
 40
9.0
 10
103.5286713888889
 20
61.96703944444447
 30
0.0
 10
104.1654352777778
 20
63.29454222222223
 30
0.0
 10
104.1213380555556
 20
63.91719500000001
 30
0.0
 10
105.0851269444445
 20
64.47917000000001
 30
0.0
 10
106.2524686111111
 20
65.1526227777778
 30
0.0
 10
108.2696519444444
 20
61.99138111111112
 30
0.0
 10
109.2835352777778
 20
60.71291444444446
 30
0.0
 10
109.8730269444444
 20
59.96890611111112
 30
0.0
 10
109.2228575
 20
58.9835977777778
 30
0.0
 10
108.5613991666667
 20
53.59280055555558
 30
0.0
 10
107.8967658333333
 20
48.19847555555558
 30
0.0
 10
107.5175297222222
 20
46.44940333333334
 30
0.0
 10
107.8071602777778
 20
44.53840611111114
 30
0.0
 10
108.0971436111111
 20
42.6274088888889
 30
0.0
 10
107.3118602777778
 20
42.5497977777778
 30
0.0
 10
103.9964547222222
 20
43.95103111111113
 30
0.0
 10
100.6771686111111
 20
45.35438111111113
 30
0.0
 10
99.59555194444444
 20
44.49677833333334
 30
0.0
 10
98.17985472222223
 20
44.06603666666669
 30
0.0
 10
96.77086027777777
 20
43.63564777777779
 30
0.0
 10
98.14175472222223
 20
45.82287000000001
 30
0.0
 10
99.99172138888888
 20
50.58960333333334
 30
0.0
 10
101.8448630555556
 20
55.35351444444446
 30
0.0
 10
102.8880269444444
 20
60.64200611111112
 30
0.0
 10
103.5286713888889
 20
61.96703944444447
 30
0.0
  0
SPLINE
  5
231
330
1F
100
AcDbEntity
  8
DEFAULT
 62
     1
100
AcDbSpline
210
0.0
220
0.0
230
1.0
 70
    11
 71
     3
 72
    29
 73
    25
 74
     0
 42
0.000000001
 43
0.0000000001
 40
1.0
 40
1.0
 40
1.0
 40
1.0
 40
2.0
 40
2.0
 40
2.0
 40
3.0
 40
3.0
 40
3.0
 40
4.0
 40
4.0
 40
4.0
 40
5.0
 40
5.0
 40
5.0
 40
6.0
 40
6.0
 40
6.0
 40
7.0
 40
7.0
 40
7.0
 40
8.0
 40
8.0
 40
8.0
 40
9.0
 40
9.0
 40
9.0
 40
9.0
 10
92.24048805555556
 20
63.84593388888889
 30
0.0
 10
90.91298527777779
 20
63.48680611111113
 30
0.0
 10
91.70461861111112
 20
66.00952000000002
 30
0.0
 10
92.18016305555555
 20
69.26671722222223
 30
0.0
 10
92.66099916666667
 20
72.53097000000001
 30
0.0
 10
92.7985825
 20
80.13968111111112
 30
0.0
 10
92.5078936111111
 20
82.10288944444446
 30
0.0
 10
92.22355472222222
 20
84.06715611111112
 30
0.0
 10
90.97084083333334
 20
83.93803944444446
 30
0.0
 10
93.5828075
 20
84.72896722222224
 30
0.0
 10
96.19547972222223
 20
85.51319222222224
 30
0.0
 10
101.0814519444444
 20
89.96912833333334
 30
0.0
 10
101.8371019444444
 20
89.63928111111112
 30
0.0
 10
103.6690769444445
 20
88.81977833333335
 30
0.0
 10
103.9809325
 20
83.42898111111113
 30
0.0
 10
105.0480852777778
 20
81.21777
 30
0.0
 10
106.1152380555556
 20
79.00620611111111
 30
0.0
 10
103.3208852777778
 20
70.82987555555557
 30
0.0
 10
102.1320241666667
 20
67.85948666666668
 30
0.0
 10
100.9378713888889
 20
64.88168944444446
 30
0.0
 10
100.8196908333333
 20
65.1988366666667
 30
0.0
 10
98.31355750000002
 20
65.85182833333336
 30
0.0
 10
95.80460194444444
 20
66.50129222222222
 30
0.0
 10
93.57434083333334
 20
64.20612000000001
 30
0.0
 10
92.24048805555556
 20
63.84593388888889
 30
0.0
  0
SPLINE
  5
232
330
1F
100
AcDbEntity
  8
DEFAULT
 62
     1
100
AcDbSpline
210
0.0
220
0.0
230
1.0
 70
    11
 71
     3
 72
    26
 73
    22
 74
     0
 42
0.000000001
 43
0.0000000001
 40
1.0
 40
1.0
 40
1.0
 40
1.0
 40
2.0
 40
2.0
 40
2.0
 40
3.0
 40
3.0
 40
3.0
 40
4.0
 40
4.0
 40
4.0
 40
5.0
 40
5.0
 40
5.0
 40
6.0
 40
6.0
 40
6.0
 40
7.0
 40
7.0
 40
7.0
 40
8.0
 40
8.0
 40
8.0
 40
8.0
 10
121.9150963888889
 20
73.61928944444445
 30
0.0
 10
120.1392130555556
 20
69.15806166666667
 30
0.0
 10
119.7680908333333
 20
67.01423111111112
 30
0.0
 10
120.2944352777778
 20
62.87650055555557
 30
0.0
 10
120.8186630555556
 20
58.73524222222224
 30
0.0
 10
120.3865102777778
 20
55.88091722222224
 30
0.0
 10
118.3968436111111
 20
53.89266166666668
 30
0.0
 10
116.4075297222222
 20
51.90405333333334
 30
0.0
 10
112.2937880555556
 20
48.38227277777779
 30
0.0
 10
112.0948213888889
 20
49.77892000000001
 30
0.0
 10
111.8962075
 20
51.17556722222223
 30
0.0
 10
111.6284491666667
 20
54.99368111111114
 30
0.0
 10
112.9051519444444
 20
59.64435055555558
 30
0.0
 10
114.1779741666667
 20
64.29819500000002
 30
0.0
 10
116.3055769444444
 20
69.95040055555558
 30
0.0
 10
117.4362297222222
 20
73.61646722222224
 30
0.0
 10
118.5658241666667
 20
77.28923666666668
 30
0.0
 10
119.9547102777778
 20
78.35850611111113
 30
0.0
 10
121.9793019444444
 20
78.51725611111112
 30
0.0
 10
123.1459380555555
 20
78.60756722222223
 30
0.0
 10
123.6899213888889
 20
78.08651444444446
 30
0.0
 10
121.9150963888889
 20
73.61928944444445
 30
0.0
  0
SPLINE
  5
233
330
1F
100
AcDbEntity
  8
DEFAULT
 62
     1
100
AcDbSpline
210
0.0
220
0.0
230
1.0
 70
    11
 71
     3
 72
    32
 73
    28
 74
     0
 42
0.000000001
 43
0.0000000001
 40
1.0
 40
1.0
 40
1.0
 40
1.0
 40
2.0
 40
2.0
 40
2.0
 40
3.0
 40
3.0
 40
3.0
 40
4.0
 40
4.0
 40
4.0
 40
5.0
 40
5.0
 40
5.0
 40
6.0
 40
6.0
 40
6.0
 40
7.0
 40
7.0
 40
7.0
 40
8.0
 40
8.0
 40
8.0
 40
9.0
 40
9.0
 40
9.0
 40
10.0
 40
10.0
 40
10.0
 40
10.0
 10
121.6886130555556
 20
87.56812277777779
 30
0.0
 10
121.8904019444444
 20
85.96862833333336
 30
0.0
 10
122.5215213888889
 20
84.36948666666667
 30
0.0
 10
122.4696630555556
 20
83.75565333333334
 30
0.0
 10
122.3857019444444
 20
82.61618111111112
 30
0.0
 10
121.4681269444444
 20
82.29973944444446
 30
0.0
 10
119.4237797222222
 20
81.59453666666668
 30
0.0
 10
117.3787269444444
 20
80.89533111111112
 30
0.0
 10
116.6057908333333
 20
79.82994222222224
 30
0.0
 10
114.9752519444444
 20
75.58673111111112
 30
0.0
 10
113.3485936111111
 20
71.34069777777779
 30
0.0
 10
111.9297213888889
 20
66.79057000000002
 30
0.0
 10
111.3388186111111
 20
64.98822833333334
 30
0.0
 10
110.7457991666667
 20
63.19823388888889
 30
0.0
 10
108.7342602777778
 20
66.13793111111113
 30
0.0
 10
107.1820380555556
 20
67.784345
 30
0.0
 10
105.6319325
 20
69.44063666666669
 30
0.0
 10
107.7750575
 20
73.60412000000001
 30
0.0
 10
108.9304047222222
 20
76.73678666666667
 30
0.0
 10
110.0924547222222
 20
79.87051166666669
 30
0.0
 10
113.5948325
 20
81.5927727777778
 30
0.0
 10
115.3534297222222
 20
83.07267555555558
 30
0.0
 10
117.1014436111111
 20
84.55469500000001
 30
0.0
 10
120.1282769444445
 20
88.56754222222223
 30
0.0
 10
121.2469352777778
 20
89.8269588888889
 30
0.0
 10
121.8053825
 20
90.45172833333334
 30
0.0
 10
121.5090491666667
 20
88.94430888888891
 30
0.0
 10
121.6886130555556
 20
87.56812277777779
 30
0.0
  0
SPLINE
  5
234
330
1F
100
AcDbEntity
  8
DEFAULT
 62
     1
100
AcDbSpline
210
0.0
220
0.0
230
1.0
 70
    11
 71
     3
 72
    26
 73
    22
 74
     0
 42
0.000000001
 43
0.0000000001
 40
1.0
 40
1.0
 40
1.0
 40
1.0
 40
2.0
 40
2.0
 40
2.0
 40
3.0
 40
3.0
 40
3.0
 40
4.0
 40
4.0
 40
4.0
 40
5.0
 40
5.0
 40
5.0
 40
6.0
 40
6.0
 40
6.0
 40
7.0
 40
7.0
 40
7.0
 40
8.0
 40
8.0
 40
8.0
 40
8.0
 10
120.2394019444445
 20
95.0911088888889
 30
0.0
 10
120.8930991666667
 20
93.6750588888889
 30
0.0
 10
118.4356491666667
 20
92.24807277777778
 30
0.0
 10
116.4262269444444
 20
89.71936166666669
 30
0.0
 10
114.4302102777778
 20
87.18571166666668
 30
0.0
 10
112.0260297222222
 20
84.80305055555556
 30
0.0
 10
110.1457241666667
 20
83.25964777777779
 30
0.0
 10
108.2654186111111
 20
81.71624500000001
 30
0.0
 10
107.1030158333333
 20
86.91830611111111
 30
0.0
 10
105.8146713888889
 20
90.15927555555557
 30
0.0
 10
104.5231519444445
 20
93.40306722222222
 30
0.0
 10
105.1620325
 20
93.58404222222224
 30
0.0
 10
107.3870019444444
 20
97.47447555555556
 30
0.0
 10
109.6119713888889
 20
101.3709061111111
 30
0.0
 10
109.7753075
 20
108.868845
 30
0.0
 10
111.1116297222222
 20
110.7957172222222
 30
0.0
 10
112.4444241666667
 20
112.7250588888889
 30
0.0
 10
114.6976158333333
 20
106.4389116666667
 30
0.0
 10
116.8241602777778
 20
103.1326783333333
 30
0.0
 10
118.9475297222222
 20
99.82891444444445
 30
0.0
 10
119.8351186111111
 20
95.96000055555558
 30
0.0
 10
120.2394019444445
 20
95.0911088888889
 30
0.0
  0
SPLINE
  5
235
330
1F
100
AcDbEntity
  8
DEFAULT
 62
     1
100
AcDbSpline
210
0.0
220
0.0
230
1.0
 70
    11
 71
     3
 72
    23
 73
    19
 74
     0
 42
0.000000001
 43
0.0000000001
 40
1.0
 40
1.0
 40
1.0
 40
1.0
 40
2.0
 40
2.0
 40
2.0
 40
3.0
 40
3.0
 40
3.0
 40
4.0
 40
4.0
 40
4.0
 40
5.0
 40
5.0
 40
5.0
 40
6.0
 40
6.0
 40
6.0
 40
7.0
 40
7.0
 40
7.0
 40
7.0
 10
119.2964269444444
 20
121.7120727777778
 30
0.0
 10
119.2361019444445
 20
117.9609866666667
 30
0.0
 10
120.4408380555555
 20
113.1681477777778
 30
0.0
 10
120.5607825
 20
107.3825922222222
 30
0.0
 10
120.6807269444444
 20
101.5970366666667
 30
0.0
 10
120.7583380555556
 20
103.1414977777778
 30
0.0
 10
119.6223936111111
 20
105.9884144444444
 30
0.0
 10
118.4868019444444
 20
108.8289811111111
 30
0.0
 10
115.9256352777778
 20
113.0781894444444
 30
0.0
 10
113.8188463888889
 20
114.6180644444444
 30
0.0
 10
111.7117047222222
 20
116.1579394444445
 30
0.0
 10
113.0804825
 20
123.0240533333333
 30
0.0
 10
114.2118408333333
 20
126.775845
 30
0.0
 10
115.3403769444444
 20
130.5237561111111
 30
0.0
 10
117.2668963888889
 20
142.0281922222222
 30
0.0
 10
118.3844963888889
 20
145.2635172222222
 30
0.0
 10
119.9028519444444
 20
149.67077
 30
0.0
 10
119.3525186111111
 20
125.4652755555556
 30
0.0
 10
119.2964269444444
 20
121.7120727777778
 30
0.0
  0
SPLINE
  5
236
330
1F
100
AcDbEntity
  8
DEFAULT
 62
     1
100
AcDbSpline
210
0.0
220
0.0
230
1.0
 70
    11
 71
     3
 72
    23
 73
    19
 74
     0
 42
0.000000001
 43
0.0000000001
 40
1.0
 40
1.0
 40
1.0
 40
1.0
 40
2.0
 40
2.0
 40
2.0
 40
3.0
 40
3.0
 40
3.0
 40
4.0
 40
4.0
 40
4.0
 40
5.0
 40
5.0
 40
5.0
 40
6.0
 40
6.0
 40
6.0
 40
7.0
 40
7.0
 40
7.0
 40
7.0
 10
118.1908213888889
 20
154.2988616666667
 30
0.0
 10
116.7712436111111
 20
149.2340311111111
 30
0.0
 10
111.0442491666667
 20
128.6272227777778
 30
0.0
 10
110.3489241666667
 20
121.727595
 30
0.0
 10
109.6578325
 20
114.818795
 30
0.0
 10
108.6513575
 20
112.82807
 30
0.0
 10
106.2619936111111
 20
112.0890005555556
 30
0.0
 10
103.8743936111111
 20
111.3538116666667
 30
0.0
 10
99.85484361111111
 20
110.62462
 30
0.0
 10
101.1463630555556
 20
115.12677
 30
0.0
 10
102.4350602777778
 20
119.6253922222222
 30
0.0
 10
106.7470630555555
 20
133.09727
 30
0.0
 10
109.2704825
 20
140.9497505555556
 30
0.0
 10
111.7931963888889
 20
148.8085811111111
 30
0.0
 10
116.9095325
 20
162.8586616666667
 30
0.0
 10
117.7315047222222
 20
166.2118144444444
 30
0.0
 10
118.1121519444444
 20
167.7707394444444
 30
0.0
 10
119.6132213888889
 20
159.36722
 30
0.0
 10
118.1908213888889
 20
154.2988616666667
 30
0.0
  0
SPLINE
  5
237
330
1F
100
AcDbEntity
  8
DEFAULT
 62
     1
100
AcDbSpline
210
0.0
220
0.0
230
1.0
 70
    11
 71
     3
 72
    17
 73
    13
 74
     0
 42
0.000000001
 43
0.0000000001
 40
1.0
 40
1.0
 40
1.0
 40
1.0
 40
2.0
 40
2.0
 40
2.0
 40
3.0
 40
3.0
 40
3.0
 40
4.0
 40
4.0
 40
4.0
 40
5.0
 40
5.0
 40
5.0
 40
5.0
 10
107.7655325
 20
168.4882894444445
 30
0.0
 10
107.7644741666667
 20
170.96232
 30
0.0
 10
111.5748269444444
 20
171.3267394444445
 30
0.0
 10
113.2325297222222
 20
171.7828811111111
 30
0.0
 10
114.1610408333333
 20
172.044995
 30
0.0
 10
111.7247575
 20
168.2325255555556
 30
0.0
 10
110.8350519444444
 20
166.5212005555556
 30
0.0
 10
109.9534602777778
 20
164.8042311111111
 30
0.0
 10
109.5968019444445
 20
162.1968505555556
 30
0.0
 10
108.5134213888889
 20
161.2143644444444
 30
0.0
 10
107.4272186111111
 20
160.2279977777778
 30
0.0
 10
107.7623575
 20
166.0174338888889
 30
0.0
 10
107.7655325
 20
168.4882894444445
 30
0.0
  0
SPLINE
  5
238
330
1F
100
AcDbEntity
  8
DEFAULT
 62
     1
100
AcDbSpline
210
0.0
220
0.0
230
1.0
 70
    11
 71
     3
 72
    20
 73
    16
 74
     0
 42
0.000000001
 43
0.0000000001
 40
1.0
 40
1.0
 40
1.0
 40
1.0
 40
2.0
 40
2.0
 40
2.0
 40
3.0
 40
3.0
 40
3.0
 40
4.0
 40
4.0
 40
4.0
 40
5.0
 40
5.0
 40
5.0
 40
6.0
 40
6.0
 40
6.0
 40
6.0
 10
111.3691575
 20
156.9454005555556
 30
0.0
 10
110.7941297222222
 20
157.9074255555556
 30
0.0
 10
111.1292686111111
 20
158.1720088888889
 30
0.0
 10
111.6767797222222
 20
160.8432422222222
 30
0.0
 10
112.2267602777778
 20
163.5180033333334
 30
0.0
 10
114.3007408333333
 20
166.393495
 30
0.0
 10
115.3389658333333
 20
168.4801755555555
 30
0.0
 10
117.4725658333333
 20
172.7766561111111
 30
0.0
 10
115.6744575
 20
168.6075283333333
 30
0.0
 10
114.7695825
 20
165.802945
 30
0.0
 10
113.8647075
 20
162.9980088888889
 30
0.0
 10
112.8628186111111
 20
160.5694866666667
 30
0.0
 10
112.1660825
 20
158.1420227777778
 30
0.0
 10
111.4668769444444
 20
155.7046811111111
 30
0.0
 10
111.9413630555556
 20
155.9798477777778
 30
0.0
 10
111.3691575
 20
156.9454005555556
 30
0.0
  0
SPLINE
  5
239
330
1F
100
AcDbEntity
  8
DEFAULT
 62
     1
100
AcDbSpline
210
0.0
220
0.0
230
1.0
 70
    11
 71
     3
 72
    20
 73
    16
 74
     0
 42
0.000000001
 43
0.0000000001
 40
1.0
 40
1.0
 40
1.0
 40
1.0
 40
2.0
 40
2.0
 40
2.0
 40
3.0
 40
3.0
 40
3.0
 40
4.0
 40
4.0
 40
4.0
 40
5.0
 40
5.0
 40
5.0
 40
6.0
 40
6.0
 40
6.0
 40
6.0
 10
103.6736630555556
 20
145.5721977777778
 30
0.0
 10
104.4617686111111
 20
148.3894811111111
 30
0.0
 10
105.0152769444444
 20
154.0956616666667
 30
0.0
 10
106.0115213888889
 20
155.1148366666667
 30
0.0
 10
107.0081186111111
 20
156.1273088888889
 30
0.0
 10
107.8103352777778
 20
157.8982533333333
 30
0.0
 10
108.4569769444444
 20
157.4840922222222
 30
0.0
 10
109.1685297222222
 20
157.0265394444444
 30
0.0
 10
108.2019186111111
 20
156.0313533333334
 30
0.0
 10
108.5292963888889
 20
154.4928894444444
 30
0.0
 10
108.8570269444444
 20
152.9544255555556
 30
0.0
 10
105.5910102777778
 20
147.3798311111111
 30
0.0
 10
104.1954213888889
 20
145.0222172222222
 30
0.0
 10
102.7955991666667
 20
142.6501394444444
 30
0.0
 10
102.8816769444444
 20
142.7577366666667
 30
0.0
 10
103.6736630555556
 20
145.5721977777778
 30
0.0
  0
SPLINE
  5
23A
330
1F
100
AcDbEntity
  8
DEFAULT
 62
     1
100
AcDbSpline
210
0.0
220
0.0
230
1.0
 70
    11
 71
     3
 72
    23
 73
    19
 74
     0
 42
0.000000001
 43
0.0000000001
 40
1.0
 40
1.0
 40
1.0
 40
1.0
 40
2.0
 40
2.0
 40
2.0
 40
3.0
 40
3.0
 40
3.0
 40
4.0
 40
4.0
 40
4.0
 40
5.0
 40
5.0
 40
5.0
 40
6.0
 40
6.0
 40
6.0
 40
7.0
 40
7.0
 40
7.0
 40
7.0
 10
99.77511583333333
 20
130.4860088888889
 30
0.0
 10
99.89541305555557
 20
132.0107144444445
 30
0.0
 10
103.8038380555556
 20
139.4638505555556
 30
0.0
 10
105.9035713888889
 20
143.2932533333333
 30
0.0
 10
108.0008352777778
 20
147.1194811111111
 30
0.0
 10
109.1702936111111
 20
148.6156116666667
 30
0.0
 10
109.1071463888889
 20
148.0561061111111
 30
0.0
 10
108.9752075
 20
146.9522644444444
 30
0.0
 10
105.6904936111111
 20
138.9015227777778
 30
0.0
 10
104.9528352777778
 20
136.7337033333334
 30
0.0
 10
104.2109436111111
 20
134.5683533333333
 30
0.0
 10
103.7854936111111
 20
131.5775033333333
 30
0.0
 10
102.8954352777778
 20
131.1834505555555
 30
0.0
 10
102.0081991666667
 20
130.7929255555556
 30
0.0
 10
100.0418158333333
 20
127.1956505555556
 30
0.0
 10
98.78134083333333
 20
125.7612561111111
 30
0.0
 10
97.52474638888889
 20
124.3243922222222
 30
0.0
 10
99.65905194444444
 20
128.9588338888889
 30
0.0
 10
99.77511583333333
 20
130.4860088888889
 30
0.0
  0
SPLINE
  5
23B
330
1F
100
AcDbEntity
  8
DEFAULT
 62
     1
100
AcDbSpline
210
0.0
220
0.0
230
1.0
 70
    11
 71
     3
 72
    23
 73
    19
 74
     0
 42
0.000000001
 43
0.0000000001
 40
1.0
 40
1.0
 40
1.0
 40
1.0
 40
2.0
 40
2.0
 40
2.0
 40
3.0
 40
3.0
 40
3.0
 40
4.0
 40
4.0
 40
4.0
 40
5.0
 40
5.0
 40
5.0
 40
6.0
 40
6.0
 40
6.0
 40
7.0
 40
7.0
 40
7.0
 40
7.0
 10
91.55327694444445
 20
104.66197
 30
0.0
 10
92.31280749999999
 20
107.1342366666667
 30
0.0
 10
95.00167972222222
 20
114.13617
 30
0.0
 10
96.01697416666666
 20
117.3563255555556
 30
0.0
 10
97.02909361111112
 20
120.5733061111111
 30
0.0
 10
98.12270472222221
 20
121.8683533333333
 30
0.0
 10
99.06567972222221
 20
122.4176283333333
 30
0.0
 10
100.0093602777778
 20
122.9605533333333
 30
0.0
 10
101.4264686111111
 20
124.8958922222222
 30
0.0
 10
101.2338519444444
 20
124.3928311111111
 30
0.0
 10
99.98889916666667
 20
121.1324588888889
 30
0.0
 10
98.69843805555556
 20
116.463445
 30
0.0
 10
97.15362416666667
 20
111.3146533333333
 30
0.0
 10
95.61198527777779
 20
106.1633922222222
 30
0.0
 10
90.08536861111112
 20
97.73235611111113
 30
0.0
 10
88.90991305555555
 20
96.41226166666668
 30
0.0
 10
87.73727972222223
 20
95.095695
 30
0.0
 10
90.78986583333335
 20
102.1925255555556
 30
0.0
 10
91.55327694444445
 20
104.66197
 30
0.0
  0
SPLINE
  5
23C
330
1F
100
AcDbEntity
  8
DEFAULT
 62
     1
100
AcDbSpline
210
0.0
220
0.0
230
1.0
 70
    11
 71
     3
 72
    23
 73
    19
 74
     0
 42
0.000000001
 43
0.0000000001
 40
1.0
 40
1.0
 40
1.0
 40
1.0
 40
2.0
 40
2.0
 40
2.0
 40
3.0
 40
3.0
 40
3.0
 40
4.0
 40
4.0
 40
4.0
 40
5.0
 40
5.0
 40
5.0
 40
6.0
 40
6.0
 40
6.0
 40
7.0
 40
7.0
 40
7.0
 40
7.0
 10
92.6842825
 20
96.91250055555557
 30
0.0
 10
95.65361305555555
 20
100.8255116666667
 30
0.0
 10
97.9071575
 20
105.2214755555556
 30
0.0
 10
99.1598713888889
 20
107.5028894444444
 30
0.0
 10
99.86366305555555
 20
108.7975838888889
 30
0.0
 10
105.1306352777778
 20
109.2417311111111
 30
0.0
 10
106.0831352777778
 20
108.9997255555556
 30
0.0
 10
107.7817602777778
 20
108.5605172222222
 30
0.0
 10
106.0944241666667
 20
104.7776811111111
 30
0.0
 10
104.8762825
 20
100.8103422222222
 30
0.0
 10
103.6616686111111
 20
96.84018111111111
 30
0.0
 10
101.9065991666667
 20
94.13860888888891
 30
0.0
 10
98.64269916666667
 20
91.40175888888889
 30
0.0
 10
95.37950472222224
 20
88.65891166666668
 30
0.0
 10
88.82207138888889
 20
86.40219222222224
 30
0.0
 10
85.83298527777778
 20
85.77318944444445
 30
0.0
 10
82.84389916666667
 20
85.14418666666667
 30
0.0
 10
89.70507416666666
 20
93.00160611111112
 30
0.0
 10
92.6842825
 20
96.91250055555557
 30
0.0
  0
SPLINE
  5
23D
330
1F
100
AcDbEntity
  8
DEFAULT
 62
     1
100
AcDbSpline
210
0.0
220
0.0
230
1.0
 70
    11
 71
     3
 72
    26
 73
    22
 74
     0
 42
0.000000001
 43
0.0000000001
 40
1.0
 40
1.0
 40
1.0
 40
1.0
 40
2.0
 40
2.0
 40
2.0
 40
3.0
 40
3.0
 40
3.0
 40
4.0
 40
4.0
 40
4.0
 40
5.0
 40
5.0
 40
5.0
 40
6.0
 40
6.0
 40
6.0
 40
7.0
 40
7.0
 40
7.0
 40
8.0
 40
8.0
 40
8.0
 40
8.0
 10
78.3205825
 20
54.29518111111113
 30
0.0
 10
77.21180194444445
 20
57.81413944444445
 30
0.0
 10
77.66159361111112
 20
63.71822833333335
 30
0.0
 10
78.15124916666667
 20
67.1479338888889
 30
0.0
 10
78.64407972222223
 20
70.58081444444446
 30
0.0
 10
81.27333250000001
 20
78.92683111111113
 30
0.0
 10
82.2544075
 20
80.99904777777778
 30
0.0
 10
83.23195472222223
 20
83.0737338888889
 30
0.0
 10
87.71999361111112
 20
84.03117277777778
 30
0.0
 10
88.84182694444443
 20
83.63994222222225
 30
0.0
 10
89.96048527777778
 20
83.24483111111113
 30
0.0
 10
89.35123805555556
 20
77.31075611111112
 30
0.0
 10
89.17061583333333
 20
72.87775055555558
 30
0.0
 10
88.98258527777777
 20
68.4496838888889
 30
0.0
 10
89.0520825
 20
63.44023944444446
 30
0.0
 10
87.7408075
 20
61.24807833333335
 30
0.0
 10
86.59957138888889
 20
59.33037833333334
 30
0.0
 10
82.31049916666667
 20
54.3939588888889
 30
0.0
 10
80.77838527777779
 20
52.2127338888889
 30
0.0
 10
79.24697694444446
 20
50.02515888888891
 30
0.0
 10
79.43253805555557
 20
50.77939777777779
 30
0.0
 10
78.3205825
 20
54.29518111111113
 30
0.0
  0
SPLINE
  5
23E
330
1F
100
AcDbEntity
  8
DEFAULT
 62
     1
100
AcDbSpline
210
0.0
220
0.0
230
1.0
 70
    11
 71
     3
 72
    32
 73
    28
 74
     0
 42
0.000000001
 43
0.0000000001
 40
1.0
 40
1.0
 40
1.0
 40
1.0
 40
2.0
 40
2.0
 40
2.0
 40
3.0
 40
3.0
 40
3.0
 40
4.0
 40
4.0
 40
4.0
 40
5.0
 40
5.0
 40
5.0
 40
6.0
 40
6.0
 40
6.0
 40
7.0
 40
7.0
 40
7.0
 40
8.0
 40
8.0
 40
8.0
 40
9.0
 40
9.0
 40
9.0
 40
10.0
 40
10.0
 40
10.0
 40
10.0
 10
86.07287416666667
 20
30.86509222222224
 30
0.0
 10
84.24160472222223
 20
33.24069777777779
 30
0.0
 10
81.47476861111112
 20
39.42947833333335
 30
0.0
 10
80.74416583333334
 20
42.89552000000001
 30
0.0
 10
80.01673805555556
 20
46.35838666666669
 30
0.0
 10
79.79272416666667
 20
46.45716444444445
 30
0.0
 10
81.89774916666667
 20
48.96047555555557
 30
0.0
 10
84.00665472222222
 20
51.46096444444446
 30
0.0
 10
87.44976583333334
 20
56.37657000000001
 30
0.0
 10
89.19460472222222
 20
58.69678944444445
 30
0.0
 10
90.9330936111111
 20
61.0155977777778
 30
0.0
 10
93.32069361111111
 20
60.05075055555557
 30
0.0
 10
95.64514638888889
 20
61.33062833333334
 30
0.0
 10
97.96607138888889
 20
62.61368111111112
 30
0.0
 10
98.58590194444446
 20
62.43129500000001
 30
0.0
 10
99.50559361111111
 20
62.00725611111113
 30
0.0
 10
100.7688908333333
 20
61.43011166666667
 30
0.0
 10
98.34460194444445
 20
57.87128944444446
 30
0.0
 10
96.95712694444444
 20
53.66970611111112
 30
0.0
 10
95.56330194444443
 20
49.46741722222224
 30
0.0
 10
93.28082972222222
 20
42.78016166666668
 30
0.0
 10
92.97991027777778
 20
40.80672277777779
 30
0.0
 10
92.67511027777776
 20
38.83610611111112
 30
0.0
 10
89.82396027777779
 20
34.60594777777779
 30
0.0
 10
88.31936305555556
 20
31.96328944444446
 30
0.0
 10
86.81159083333333
 20
29.31710333333334
 30
0.0
 10
87.89708805555556
 20
28.49442555555557
 30
0.0
 10
86.07287416666667
 20
30.86509222222224
 30
0.0
  0
SPLINE
  5
23F
330
1F
100
AcDbEntity
  8
DEFAULT
 62
     1
100
AcDbSpline
210
0.0
220
0.0
230
1.0
 70
    11
 71
     3
 72
    26
 73
    22
 74
     0
 42
0.000000001
 43
0.0000000001
 40
1.0
 40
1.0
 40
1.0
 40
1.0
 40
2.0
 40
2.0
 40
2.0
 40
3.0
 40
3.0
 40
3.0
 40
4.0
 40
4.0
 40
4.0
 40
5.0
 40
5.0
 40
5.0
 40
6.0
 40
6.0
 40
6.0
 40
7.0
 40
7.0
 40
7.0
 40
8.0
 40
8.0
 40
8.0
 40
8.0
 10
90.98283527777778
 20
21.84385888888891
 30
0.0
 10
88.40932138888888
 20
24.79731444444447
 30
0.0
 10
90.7570575
 20
29.44904222222224
 30
0.0
 10
92.83597694444444
 20
32.63003944444446
 30
0.0
 10
94.91877694444445
 20
35.80856722222223
 30
0.0
 10
96.95077694444444
 20
39.24815055555557
 30
0.0
 10
99.39270472222222
 20
40.44053944444445
 30
0.0
 10
101.8286352777778
 20
41.63187000000001
 30
0.0
 10
106.6652186111111
 20
39.1634838888889
 30
0.0
 10
107.2949269444444
 20
37.86843666666667
 30
0.0
 10
108.9889658333333
 20
34.35829777777779
 30
0.0
 10
107.5108269444444
 20
24.1965338888889
 30
0.0
 10
107.5958463888889
 20
19.28410333333334
 30
0.0
 10
107.6808658333333
 20
14.37132000000001
 30
0.0
 10
107.6755741666667
 20
14.31840333333336
 30
0.0
 10
105.7575213888889
 20
12.24195333333335
 30
0.0
 10
103.8362936111111
 20
10.16832555555557
 30
0.0
 10
100.8133408333333
 20
12.58132555555557
 30
0.0
 10
98.29062694444444
 20
14.23162000000001
 30
0.0
 10
95.76156305555556
 20
15.88085611111112
 30
0.0
 10
93.55387972222223
 20
18.88687555555557
 30
0.0
 10
90.98283527777778
 20
21.84385888888891
 30
0.0
  0
SPLINE
  5
240
330
1F
100
AcDbEntity
  8
DEFAULT
 62
     1
100
AcDbSpline
210
0.0
220
0.0
230
1.0
 70
     8
 71
     3
 72
    11
 73
     7
 74
     0
 42
0.000000001
 43
0.0000000001
 40
0.0
 40
0.0
 40
0.0
 40
0.0
 40
1.0
 40
1.0
 40
1.0
 40
2.0
 40
2.0
 40
2.0
 40
2.0
 10
126.9203075
 20
87.30142277777779
 30
0.0
 10
129.3685852777778
 20
69.77542277777778
 30
0.0
 10
126.6521963888889
 20
31.46728388888891
 30
0.0
 10
116.5521686111111
 20
16.63650611111112
 30
0.0
 10
106.4521408333333
 20
1.816311666666702
 30
0.0
 10
99.61530749999999
 20
7.227922777777784
 30
0.0
 10
90.75352972222223
 20
17.23622833333334
 30
0.0
  0
SPLINE
  5
241
330
1F
100
AcDbEntity
  8
DEFAULT
 62
     1
100
AcDbSpline
210
0.0
220
0.0
230
1.0
 70
     8
 71
     3
 72
    44
 73
    40
 74
     0
 42
0.000000001
 43
0.0000000001
 40
0.0
 40
0.0
 40
0.0
 40
0.0
 40
1.0
 40
1.0
 40
1.0
 40
2.0
 40
2.0
 40
2.0
 40
3.0
 40
3.0
 40
3.0
 40
4.0
 40
4.0
 40
4.0
 40
5.0
 40
5.0
 40
5.0
 40
6.0
 40
6.0
 40
6.0
 40
7.0
 40
7.0
 40
7.0
 40
8.0
 40
8.0
 40
8.0
 40
9.0
 40
9.0
 40
9.0
 40
10.0
 40
10.0
 40
10.0
 40
11.0
 40
11.0
 40
11.0
 40
23.90414662036979
 40
23.90414662036979
 40
23.90414662036979
 40
27.66080737162216
 40
27.66080737162216
 40
27.66080737162216
 40
27.66080737162216
 10
90.5206963888889
 20
17.4972838888889
 30
0.0
 10
82.84072416666667
 20
26.21089500000003
 30
0.0
 10
86.53077972222222
 20
24.77156166666668
 30
0.0
 10
85.39483527777777
 20
26.29556166666667
 30
0.0
 10
75.88041861111111
 20
38.9779227777778
 30
0.0
 10
77.33033527777779
 20
45.43022833333335
 30
0.0
 10
76.5506963888889
 20
47.79031166666667
 30
0.0
 10
72.15508527777779
 20
61.19233944444446
 30
0.0
 10
73.04408527777778
 20
66.19472833333334
 30
0.0
 10
78.36397416666668
 20
79.34981166666668
 30
0.0
 10
83.68386305555556
 20
92.50842277777778
 30
0.0
 10
97.08236305555556
 20
126.4809227777778
 30
0.0
 10
100.4231686111111
 20
143.622395
 30
0.0
 10
104.6741408333333
 20
165.4099505555556
 30
0.0
 10
105.8312519444444
 20
155.1017838888889
 30
0.0
 10
105.3620575
 20
161.7022561111111
 30
0.0
 10
104.8963908333333
 20
168.3027283333333
 30
0.0
 10
105.2915019444444
 20
171.0473394444444
 30
0.0
 10
106.1205297222222
 20
173.4391727777778
 30
0.0
 10
106.9495575
 20
175.816895
 30
0.0
 10
103.6828352777778
 20
176.2790338888889
 30
0.0
 10
103.3582797222222
 20
179.8914783333333
 30
0.0
 10
103.0936963888889
 20
182.8407005555556
 30
0.0
 10
105.6725019444444
 20
184.3858672222222
 30
0.0
 10
104.3037241666667
 20
192.1646172222222
 30
0.0
 10
103.9262519444444
 20
194.2918672222222
 30
0.0
 10
106.3533630555555
 20
196.4896727777778
 30
0.0
 10
109.1861686111111
 20
196.9870894444444
 30
0.0
 10
109.3801963888889
 20
195.8687838888889
 30
0.0
 10
109.4225297222222
 20
196.009895
 30
0.0
 10
109.6412519444444
 20
194.7645894444445
 30
0.0
 10
109.8635019444444
 20
193.5192838888889
 30
0.0
 10
109.7788352777778
 20
193.6321727777778
 30
0.0
 10
109.9763908333333
 20
192.5138672222222
 30
0.0
 10
110.2386223148148
 20
191.0192653703704
 30
0.0
 10
110.5008537962963
 20
189.5246635185185
 30
0.0
 10
110.7630852777778
 20
188.0300616666667
 30
0.0
 10
111.1981778703704
 20
188.1064968518519
 30
0.0
 10
111.633270462963
 20
188.1829320370371
 30
0.0
 10
112.0683630555556
 20
188.2593672222222
 30
0.0
  0
SPLINE
  5
242
330
1F
100
AcDbEntity
  8
DEFAULT
 62
     1
100
AcDbSpline
210
0.0
220
0.0
230
1.0
 70
     8
 71
     3
 72
    29
 73
    25
 74
     0
 42
0.000000001
 43
0.0000000001
 40
0.0
 40
0.0
 40
0.0
 40
0.0
 40
3.756660751252352
 40
3.756660751252352
 40
3.756660751252352
 40
16.65269114823891
 40
16.65269114823891
 40
16.65269114823891
 40
17.65269114823891
 40
17.65269114823891
 40
17.65269114823891
 40
18.65269114823891
 40
18.65269114823891
 40
18.65269114823891
 40
19.65269114823891
 40
19.65269114823891
 40
19.65269114823891
 40
20.65269114823891
 40
20.65269114823891
 40
20.65269114823891
 40
21.65269114823891
 40
21.65269114823891
 40
21.65269114823891
 40
22.65269114823891
 40
22.65269114823891
 40
22.65269114823891
 40
22.65269114823891
 10
112.4140852777778
 20
188.3228672222222
 30
0.0
 10
112.8491778703704
 20
188.3993024074074
 30
0.0
 10
113.284270462963
 20
188.4757375925926
 30
0.0
 10
113.7193630555555
 20
188.5521727777778
 30
0.0
 10
113.4559556481481
 20
190.0455987037037
 30
0.0
 10
113.1925482407407
 20
191.5390246296296
 30
0.0
 10
112.9291408333333
 20
193.0324505555556
 30
0.0
 10
112.7351130555556
 20
194.1507561111111
 30
0.0
 10
112.6927797222222
 20
194.0167005555556
 30
0.0
 10
112.4775852777778
 20
195.2620061111111
 30
0.0
 10
112.2553352777778
 20
196.5073116666667
 30
0.0
 10
112.3364741666667
 20
196.3944227777778
 30
0.0
 10
112.1424463888889
 20
197.5092005555555
 30
0.0
 10
114.9717241666667
 20
198.010145
 30
0.0
 10
118.0091408333333
 20
196.7754227777778
 30
0.0
 10
118.3830852777778
 20
194.6517005555556
 30
0.0
 10
119.0392519444445
 20
190.9193116666667
 30
0.0
 10
119.5013908333333
 20
182.3044783333333
 30
0.0
 10
120.5068075
 20
180.5088394444444
 30
0.0
 10
122.7434186111111
 20
176.5436172222222
 30
0.0
 10
123.1103075
 20
177.2738672222222
 30
0.0
 10
123.0503352777778
 20
171.4248116666667
 30
0.0
 10
122.6340575
 20
132.8238672222222
 30
0.0
 10
124.5778630555556
 20
103.8361172222222
 30
0.0
 10
126.8709186111111
 20
87.64714500000001
 30
0.0
  0
POLYLINE
  5
243
330
1F
100
AcDbEntity
  8
DEFAULT
 62
     7
100
AcDb2dPolyline
 66
     1
 10
0.0
 20
0.0
 30
0.0
  0
VERTEX
  5
244
330
243
100
AcDbEntity
  8
DEFAULT
 62
     7
100
AcDbVertex
100
AcDb2dVertex
 10
144.1422130555555
 20
187.4672752777777
 30
0.0
  0
VERTEX
  5
245
330
243
100
AcDbEntity
  8
DEFAULT
 62
     7
100
AcDbVertex
100
AcDb2dVertex
 10
147.0967269444444
 20
186.9462224999999
 30
0.0
  0
SEQEND
  5
246
330
243
100
AcDbEntity
  8
DEFAULT
 62
     7
  0
SPLINE
  5
247
330
1F
100
AcDbEntity
  8
DEFAULT
 62
     7
100
AcDbSpline
210
0.0
220
0.0
230
1.0
 70
     8
 71
     3
 72
    17
 73
    13
 74
     0
 42
0.000000001
 43
0.0000000001
 40
0.0
 40
0.0
 40
0.0
 40
0.0
 40
3.557096147140188
 40
3.557096147140188
 40
3.557096147140188
 40
4.557096147140188
 40
4.557096147140188
 40
4.557096147140188
 40
5.557096147140188
 40
5.557096147140188
 40
5.557096147140188
 40
6.557096147140188
 40
6.557096147140188
 40
6.557096147140188
 40
6.557096147140188
 10
144.0788188888889
 20
186.5215838888889
 30
0.0
 10
144.4907457407407
 20
186.4489116666666
 30
0.0
 10
144.9026725925926
 20
186.3762394444444
 30
0.0
 10
145.3145994444444
 20
186.3035672222222
 30
0.0
 10
145.3145994444444
 20
186.3035672222222
 30
0.0
 10
143.76273
 20
185.075195
 30
0.0
 10
143.6815911111111
 20
184.61482
 30
0.0
 10
143.6187966666667
 20
184.2578088888889
 30
0.0
 10
143.7637883333333
 20
183.96077
 30
0.0
 10
144.2181661111111
 20
183.8806894444444
 30
0.0
 10
144.4615827777777
 20
183.8376505555556
 30
0.0
 10
144.8418772222222
 20
183.925845
 30
0.0
 10
144.92478
 20
184.3960977777778
 30
0.0
  0
SPLINE
  5
248
330
1F
100
AcDbEntity
  8
DEFAULT
 62
     7
100
AcDbSpline
210
0.0
220
0.0
230
1.0
 70
     8
 71
     3
 72
    20
 73
    16
 74
     0
 42
0.000000001
 43
0.0000000001
 40
0.0
 40
0.0
 40
0.0
 40
0.0
 40
1.003649657518164
 40
1.003649657518164
 40
1.003649657518164
 40
2.007299315036328
 40
2.007299315036328
 40
2.007299315036328
 40
3.010948972554491
 40
3.010948972554491
 40
3.010948972554491
 40
4.014598630072655
 40
4.014598630072655
 40
4.014598630072655
 40
5.018248287590819
 40
5.018248287590819
 40
5.018248287590819
 40
5.018248287590819
 10
146.6810841666667
 20
184.7781913888889
 30
0.0
 10
146.5473813888889
 20
184.6201469444445
 30
0.0
 10
146.3522952777778
 20
184.5365386111111
 30
0.0
 10
146.1092313888889
 20
184.5795775
 30
0.0
 10
145.7349341666666
 20
184.6455469444444
 30
0.0
 10
145.5278536111111
 20
185.0187858333333
 30
0.0
 10
145.6153425
 20
185.4978580555555
 30
0.0
 10
145.7148258333333
 20
186.0623025
 30
0.0
 10
146.1042925
 20
186.2831413888889
 30
0.0
 10
146.4408425
 20
186.2235219444444
 30
0.0
 10
146.6592119444444
 20
186.1850691666667
 30
0.0
 10
146.7932675
 20
186.0707691666667
 30
0.0
 10
146.8687619444444
 20
185.8418163888889
 30
0.0
 10
146.8391286111111
 20
185.7165802777778
 30
0.0
 10
146.4330813888889
 20
183.3713136111111
 30
0.0
 10
146.4330813888889
 20
183.3713136111111
 30
0.0
  0
SPLINE
  5
249
330
1F
100
AcDbEntity
  8
DEFAULT
 62
     1
100
AcDbSpline
210
0.0
220
0.0
230
1.0
 70
    11
 71
     3
 72
    23
 73
    19
 74
     0
 42
0.000000001
 43
0.0000000001
 40
1.0
 40
1.0
 40
1.0
 40
1.0
 40
2.0
 40
2.0
 40
2.0
 40
3.0
 40
3.0
 40
3.0
 40
4.0
 40
4.0
 40
4.0
 40
5.0
 40
5.0
 40
5.0
 40
6.0
 40
6.0
 40
6.0
 40
7.0
 40
7.0
 40
7.0
 40
7.0
 10
136.8468391666667
 20
51.44466611111111
 30
0.0
 10
139.0023113888889
 20
52.29944666666667
 30
0.0
 10
141.1655447222222
 20
47.07480777777778
 30
0.0
 10
145.5078863888889
 20
45.7222577777778
 30
0.0
 10
147.6778225
 20
45.04739388888891
 30
0.0
 10
147.1151419444444
 20
35.72524111111112
 30
0.0
 10
146.8657280555555
 20
29.88288833333335
 30
0.0
 10
146.6156086111111
 20
24.03418555555557
 30
0.0
 10
147.5966836111111
 20
17.36527444444446
 30
0.0
 10
147.3511502777778
 20
15.57845500000002
 30
0.0
 10
147.1038530555555
 20
13.8022188888889
 30
0.0
 10
145.3113891666667
 20
16.67665222222224
 30
0.0
 10
142.1882475
 20
22.10590222222224
 30
0.0
 10
139.0633419444444
 20
27.54503000000002
 30
0.0
 10
138.9359891666666
 20
34.1825438888889
 30
0.0
 10
137.5725030555555
 20
38.98032166666667
 30
0.0
 10
136.2037252777777
 20
43.7855077777778
 30
0.0
 10
135.5260391666667
 20
50.92184944444445
 30
0.0
 10
136.8468391666667
 20
51.44466611111111
 30
0.0
  0
SPLINE
  5
24A
330
1F
100
AcDbEntity
  8
DEFAULT
 62
     1
100
AcDbSpline
210
0.0
220
0.0
230
1.0
 70
    11
 71
     3
 72
    29
 73
    25
 74
     0
 42
0.000000001
 43
0.0000000001
 40
1.0
 40
1.0
 40
1.0
 40
1.0
 40
2.0
 40
2.0
 40
2.0
 40
3.0
 40
3.0
 40
3.0
 40
4.0
 40
4.0
 40
4.0
 40
5.0
 40
5.0
 40
5.0
 40
6.0
 40
6.0
 40
6.0
 40
7.0
 40
7.0
 40
7.0
 40
8.0
 40
8.0
 40
8.0
 40
9.0
 40
9.0
 40
9.0
 40
9.0
 10
158.0607780555555
 20
50.58953277777778
 30
0.0
 10
159.9103919444444
 20
45.82315222222224
 30
0.0
 10
161.2812863888889
 20
43.63557722222223
 30
0.0
 10
159.8722919444444
 20
44.06596611111111
 30
0.0
 10
158.4565947222222
 20
44.49670777777778
 30
0.0
 10
157.3753308333333
 20
45.35466333333334
 30
0.0
 10
154.0560447222222
 20
43.95096055555557
 30
0.0
 10
150.7402863888889
 20
42.54972722222222
 30
0.0
 10
149.9553558333333
 20
42.62733833333334
 30
0.0
 10
150.2449863888889
 20
44.53833555555556
 30
0.0
 10
150.5346169444445
 20
46.44933277777779
 30
0.0
 10
150.1553808333333
 20
48.198405
 30
0.0
 10
149.4911002777778
 20
53.59273
 30
0.0
 10
148.8296419444444
 20
58.98352722222222
 30
0.0
 10
148.1794725
 20
59.96883555555556
 30
0.0
 10
148.7686113888889
 20
60.71284388888891
 30
0.0
 10
149.7828475
 20
61.99131055555556
 30
0.0
 10
151.8000308333333
 20
65.152905
 30
0.0
 10
152.9673725
 20
64.47909944444446
 30
0.0
 10
153.9308086111111
 20
63.91747722222224
 30
0.0
 10
153.8867113888889
 20
63.29447166666667
 30
0.0
 10
154.5238280555556
 20
61.96696888888889
 30
0.0
 10
155.1641197222222
 20
60.64193555555556
 30
0.0
 10
156.2076363888889
 20
55.3534438888889
 30
0.0
 10
158.0607780555555
 20
50.58953277777778
 30
0.0
  0
SPLINE
  5
24B
330
1F
100
AcDbEntity
  8
DEFAULT
 62
     1
100
AcDbSpline
210
0.0
220
0.0
230
1.0
 70
    11
 71
     3
 72
    29
 73
    25
 74
     0
 42
0.000000001
 43
0.0000000001
 40
1.0
 40
1.0
 40
1.0
 40
1.0
 40
2.0
 40
2.0
 40
2.0
 40
3.0
 40
3.0
 40
3.0
 40
4.0
 40
4.0
 40
4.0
 40
5.0
 40
5.0
 40
5.0
 40
6.0
 40
6.0
 40
6.0
 40
7.0
 40
7.0
 40
7.0
 40
8.0
 40
8.0
 40
8.0
 40
9.0
 40
9.0
 40
9.0
 40
9.0
 10
159.7389419444444
 20
65.85175777777778
 30
0.0
 10
157.2328086111111
 20
65.19876611111111
 30
0.0
 10
157.1146280555556
 20
64.88161888888888
 30
0.0
 10
155.9204752777778
 20
67.85941611111112
 30
0.0
 10
154.7316141666666
 20
70.82980500000001
 30
0.0
 10
151.9372613888889
 20
79.00648833333335
 30
0.0
 10
153.0040613888889
 20
81.21769944444445
 30
0.0
 10
154.0712141666667
 20
83.42891055555556
 30
0.0
 10
154.3830697222222
 20
88.82006055555556
 30
0.0
 10
156.2153975
 20
89.63921055555556
 30
0.0
 10
156.9706947222222
 20
89.96905777777779
 30
0.0
 10
161.8570197222222
 20
85.51312166666666
 30
0.0
 10
164.4693391666667
 20
84.72889666666669
 30
0.0
 10
167.0813058333333
 20
83.93832166666667
 30
0.0
 10
165.8285919444444
 20
84.06708555555555
 30
0.0
 10
165.5442530555555
 20
82.10281888888889
 30
0.0
 10
165.2539169444444
 20
80.13961055555556
 30
0.0
 10
165.3911475
 20
72.53089944444446
 30
0.0
 10
165.8723363888889
 20
69.26664666666666
 30
0.0
 10
166.3478808333333
 20
66.00944944444444
 30
0.0
 10
167.1391613888889
 20
63.48673555555557
 30
0.0
 10
165.8120113888889
 20
63.84621611111113
 30
0.0
 10
164.4778058333333
 20
64.20604944444446
 30
0.0
 10
162.2475447222222
 20
66.50122166666667
 30
0.0
 10
159.7389419444444
 20
65.85175777777778
 30
0.0
  0
SPLINE
  5
24C
330
1F
100
AcDbEntity
  8
DEFAULT
 62
     1
100
AcDbSpline
210
0.0
220
0.0
230
1.0
 70
    11
 71
     3
 72
    26
 73
    22
 74
     0
 42
0.000000001
 43
0.0000000001
 40
1.0
 40
1.0
 40
1.0
 40
1.0
 40
2.0
 40
2.0
 40
2.0
 40
3.0
 40
3.0
 40
3.0
 40
4.0
 40
4.0
 40
4.0
 40
5.0
 40
5.0
 40
5.0
 40
6.0
 40
6.0
 40
6.0
 40
7.0
 40
7.0
 40
7.0
 40
8.0
 40
8.0
 40
8.0
 40
8.0
 10
136.0728447222222
 20
78.51718555555557
 30
0.0
 10
138.0977891666666
 20
78.35843555555557
 30
0.0
 10
139.4866752777778
 20
77.28916611111113
 30
0.0
 10
140.6159169444444
 20
73.61639666666667
 30
0.0
 10
141.7469225
 20
69.95033000000002
 30
0.0
 10
143.8745252777778
 20
64.29812444444444
 30
0.0
 10
145.1473475
 20
59.64428000000002
 30
0.0
 10
146.4240502777778
 20
54.99361055555556
 30
0.0
 10
146.1562919444444
 20
51.17584944444445
 30
0.0
 10
145.9573252777778
 20
49.77920222222224
 30
0.0
 10
145.7583586111111
 20
48.38255500000002
 30
0.0
 10
141.6446169444444
 20
51.90398277777778
 30
0.0
 10
139.6553030555555
 20
53.89259111111112
 30
0.0
 10
137.6659891666667
 20
55.88084666666668
 30
0.0
 10
137.2334836111111
 20
58.73517166666669
 30
0.0
 10
137.7577113888889
 20
62.87643000000001
 30
0.0
 10
138.2844086111111
 20
67.01416055555556
 30
0.0
 10
137.9129336111111
 20
69.15799111111112
 30
0.0
 10
136.1374030555556
 20
73.6192188888889
 30
0.0
 10
134.3625780555555
 20
78.0864438888889
 30
0.0
 10
134.9062086111111
 20
78.60749666666666
 30
0.0
 10
136.0728447222222
 20
78.51718555555557
 30
0.0
  0
SPLINE
  5
24D
330
1F
100
AcDbEntity
  8
DEFAULT
 62
     1
100
AcDbSpline
210
0.0
220
0.0
230
1.0
 70
    11
 71
     3
 72
    32
 73
    28
 74
     0
 42
0.000000001
 43
0.0000000001
 40
1.0
 40
1.0
 40
1.0
 40
1.0
 40
2.0
 40
2.0
 40
2.0
 40
3.0
 40
3.0
 40
3.0
 40
4.0
 40
4.0
 40
4.0
 40
5.0
 40
5.0
 40
5.0
 40
6.0
 40
6.0
 40
6.0
 40
7.0
 40
7.0
 40
7.0
 40
8.0
 40
8.0
 40
8.0
 40
9.0
 40
9.0
 40
9.0
 40
10.0
 40
10.0
 40
10.0
 40
10.0
 10
136.8052113888889
 20
89.82688833333333
 30
0.0
 10
137.9238697222222
 20
88.56747166666666
 30
0.0
 10
140.9507030555556
 20
84.55462444444444
 30
0.0
 10
142.6990697222222
 20
83.07260500000001
 30
0.0
 10
144.4573141666667
 20
81.593055
 30
0.0
 10
147.9600447222222
 20
79.8704411111111
 30
0.0
 10
149.1217419444444
 20
76.7370688888889
 30
0.0
 10
150.2770891666667
 20
73.60440222222223
 30
0.0
 10
152.4205669444444
 20
69.44056611111111
 30
0.0
 10
150.8701086111111
 20
67.78462722222224
 30
0.0
 10
149.3178863888889
 20
66.13821333333334
 30
0.0
 10
147.3067002777778
 20
63.19851611111113
 30
0.0
 10
146.7133280555555
 20
64.98815777777779
 30
0.0
 10
146.1224252777778
 20
66.79049944444444
 30
0.0
 10
144.7035530555555
 20
71.34062722222222
 30
0.0
 10
143.0768947222222
 20
75.58666055555557
 30
0.0
 10
141.4463558333333
 20
79.83022444444445
 30
0.0
 10
140.6734197222222
 20
80.89561333333333
 30
0.0
 10
138.6283669444445
 20
81.5944661111111
 30
0.0
 10
136.5843725
 20
82.30002166666667
 30
0.0
 10
135.6667975
 20
82.61611055555555
 30
0.0
 10
135.5828363888889
 20
83.75558277777779
 30
0.0
 10
135.5306252777778
 20
84.36941611111112
 30
0.0
 10
136.1617447222222
 20
85.96855777777778
 30
0.0
 10
136.3638863888889
 20
87.56805222222224
 30
0.0
 10
136.5430975
 20
88.94423833333333
 30
0.0
 10
136.2471169444444
 20
90.45165777777778
 30
0.0
 10
136.8052113888889
 20
89.82688833333333
 30
0.0
  0
SPLINE
  5
24E
330
1F
100
AcDbEntity
  8
DEFAULT
 62
     1
100
AcDbSpline
210
0.0
220
0.0
230
1.0
 70
    11
 71
     3
 72
    26
 73
    22
 74
     0
 42
0.000000001
 43
0.0000000001
 40
1.0
 40
1.0
 40
1.0
 40
1.0
 40
2.0
 40
2.0
 40
2.0
 40
3.0
 40
3.0
 40
3.0
 40
4.0
 40
4.0
 40
4.0
 40
5.0
 40
5.0
 40
5.0
 40
6.0
 40
6.0
 40
6.0
 40
7.0
 40
7.0
 40
7.0
 40
8.0
 40
8.0
 40
8.0
 40
8.0
 10
141.2279863888889
 20
103.1326077777778
 30
0.0
 10
143.3545308333333
 20
106.4388411111111
 30
0.0
 10
145.6080752777778
 20
112.7249883333333
 30
0.0
 10
146.9405169444444
 20
110.7956466666667
 30
0.0
 10
148.2771919444444
 20
108.8687744444445
 30
0.0
 10
148.4405280555555
 20
101.3711883333333
 30
0.0
 10
150.6651447222222
 20
97.474405
 30
0.0
 10
152.8901141666666
 20
93.58397166666668
 30
0.0
 10
153.5289947222222
 20
93.40299666666667
 30
0.0
 10
152.2374752777778
 20
90.159205
 30
0.0
 10
150.9491308333333
 20
86.91823555555555
 30
0.0
 10
149.7867280555556
 20
81.71617444444445
 30
0.0
 10
147.9064225
 20
83.25957722222223
 30
0.0
 10
146.0261169444444
 20
84.80298
 30
0.0
 10
143.6219363888889
 20
87.18564111111112
 30
0.0
 10
141.6262725
 20
89.7192911111111
 30
0.0
 10
139.6164975
 20
92.24800222222223
 30
0.0
 10
137.1590475
 20
93.67498833333333
 30
0.0
 10
137.8127447222222
 20
95.09103833333334
 30
0.0
 10
138.2173808333333
 20
95.95993
 30
0.0
 10
139.1049697222222
 20
99.82919666666668
 30
0.0
 10
141.2279863888889
 20
103.1326077777778
 30
0.0
  0
SPLINE
  5
24F
330
1F
100
AcDbEntity
  8
DEFAULT
 62
     1
100
AcDbSpline
210
0.0
220
0.0
230
1.0
 70
    11
 71
     3
 72
    23
 73
    19
 74
     0
 42
0.000000001
 43
0.0000000001
 40
1.0
 40
1.0
 40
1.0
 40
1.0
 40
2.0
 40
2.0
 40
2.0
 40
3.0
 40
3.0
 40
3.0
 40
4.0
 40
4.0
 40
4.0
 40
5.0
 40
5.0
 40
5.0
 40
6.0
 40
6.0
 40
6.0
 40
7.0
 40
7.0
 40
7.0
 40
7.0
 10
139.6680030555555
 20
145.2634466666667
 30
0.0
 10
140.7856030555555
 20
142.0281216666667
 30
0.0
 10
142.7117697222222
 20
130.5236855555556
 30
0.0
 10
143.8403058333333
 20
126.7757744444445
 30
0.0
 10
144.9716641666667
 20
123.0239827777778
 30
0.0
 10
146.3404419444444
 20
116.1578688888889
 30
0.0
 10
144.2336530555555
 20
114.6179938888889
 30
0.0
 10
142.1265113888889
 20
113.0781188888889
 30
0.0
 10
139.5653447222222
 20
108.8289105555556
 30
0.0
 10
138.4301058333333
 20
105.9883438888889
 30
0.0
 10
137.2938086111111
 20
103.1414272222222
 30
0.0
 10
137.3717725
 20
101.5969661111111
 30
0.0
 10
137.4917169444444
 20
107.3825216666667
 30
0.0
 10
137.6113086111111
 20
113.1680772222222
 30
0.0
 10
138.8160447222222
 20
117.9609161111111
 30
0.0
 10
138.7560725
 20
121.7120022222222
 30
0.0
 10
138.6996280555556
 20
125.465205
 30
0.0
 10
138.1496475
 20
149.6706994444444
 30
0.0
 10
139.6680030555555
 20
145.2634466666667
 30
0.0
  0
SPLINE
  5
250
330
1F
100
AcDbEntity
  8
DEFAULT
 62
     1
100
AcDbSpline
210
0.0
220
0.0
230
1.0
 70
    11
 71
     3
 72
    23
 73
    19
 74
     0
 42
0.000000001
 43
0.0000000001
 40
1.0
 40
1.0
 40
1.0
 40
1.0
 40
2.0
 40
2.0
 40
2.0
 40
3.0
 40
3.0
 40
3.0
 40
4.0
 40
4.0
 40
4.0
 40
5.0
 40
5.0
 40
5.0
 40
6.0
 40
6.0
 40
6.0
 40
7.0
 40
7.0
 40
7.0
 40
7.0
 10
140.3206419444444
 20
166.2117438888889
 30
0.0
 10
141.1426141666666
 20
162.8589438888889
 30
0.0
 10
146.2593030555555
 20
148.8085105555556
 30
0.0
 10
148.7816641666666
 20
140.94968
 30
0.0
 10
151.3054363888889
 20
133.0971994444444
 30
0.0
 10
155.6174391666667
 20
119.6253216666667
 30
0.0
 10
156.9057836111111
 20
115.1266994444444
 30
0.0
 10
158.1973030555556
 20
110.6245494444444
 30
0.0
 10
154.1777530555555
 20
111.3537411111111
 30
0.0
 10
151.7905058333333
 20
112.08893
 30
0.0
 10
149.4007891666667
 20
112.8279994444444
 30
0.0
 10
148.3946669444444
 20
114.8187244444444
 30
0.0
 10
147.7035752777778
 20
121.7275244444445
 30
0.0
 10
147.0082502777778
 20
128.6271522222222
 30
0.0
 10
141.2812558333333
 20
149.2339605555556
 30
0.0
 10
139.8613252777778
 20
154.2987911111111
 30
0.0
 10
138.4389252777778
 20
159.3671494444444
 30
0.0
 10
139.9403475
 20
167.7706688888889
 30
0.0
 10
140.3206419444444
 20
166.2117438888889
 30
0.0
  0
SPLINE
  5
251
330
1F
100
AcDbEntity
  8
DEFAULT
 62
     1
100
AcDbSpline
210
0.0
220
0.0
230
1.0
 70
    11
 71
     3
 72
    17
 73
    13
 74
     0
 42
0.000000001
 43
0.0000000001
 40
1.0
 40
1.0
 40
1.0
 40
1.0
 40
2.0
 40
2.0
 40
2.0
 40
3.0
 40
3.0
 40
3.0
 40
4.0
 40
4.0
 40
4.0
 40
5.0
 40
5.0
 40
5.0
 40
5.0
 10
149.5390780555556
 20
161.2142938888889
 30
0.0
 10
148.4556975
 20
162.19678
 30
0.0
 10
148.0990391666667
 20
164.8041605555556
 30
0.0
 10
147.2170947222222
 20
166.52113
 30
0.0
 10
146.3277419444444
 20
168.232455
 30
0.0
 10
143.8911058333333
 20
172.0452772222222
 30
0.0
 10
144.8199697222222
 20
171.7828105555556
 30
0.0
 10
146.4773197222222
 20
171.3266688888889
 30
0.0
 10
150.2880252777778
 20
170.9622494444444
 30
0.0
 10
150.2869669444444
 20
168.4885716666667
 30
0.0
 10
150.2897891666667
 20
166.0173633333333
 30
0.0
 10
150.6249280555555
 20
160.22828
 30
0.0
 10
149.5390780555556
 20
161.2142938888889
 30
0.0
  0
SPLINE
  5
252
330
1F
100
AcDbEntity
  8
DEFAULT
 62
     1
100
AcDbSpline
210
0.0
220
0.0
230
1.0
 70
    11
 71
     3
 72
    20
 73
    16
 74
     0
 42
0.000000001
 43
0.0000000001
 40
1.0
 40
1.0
 40
1.0
 40
1.0
 40
2.0
 40
2.0
 40
2.0
 40
3.0
 40
3.0
 40
3.0
 40
4.0
 40
4.0
 40
4.0
 40
5.0
 40
5.0
 40
5.0
 40
6.0
 40
6.0
 40
6.0
 40
6.0
 10
145.8864169444444
 20
158.1419522222222
 30
0.0
 10
145.1893280555555
 20
160.5694161111111
 30
0.0
 10
144.1874391666666
 20
162.9979383333333
 30
0.0
 10
143.2825641666666
 20
165.8028744444444
 30
0.0
 10
142.3780419444444
 20
168.6074577777778
 30
0.0
 10
140.5795808333333
 20
172.7765855555556
 30
0.0
 10
142.7135336111111
 20
168.4804577777778
 30
0.0
 10
143.7514058333333
 20
166.3934244444445
 30
0.0
 10
145.8257391666667
 20
163.5179327777778
 30
0.0
 10
146.3757197222222
 20
160.8431716666666
 30
0.0
 10
146.9228780555555
 20
158.1719383333333
 30
0.0
 10
147.2580169444444
 20
157.907355
 30
0.0
 10
146.6829891666667
 20
156.94533
 30
0.0
 10
146.1107836111111
 20
155.9797772222222
 30
0.0
 10
146.5856225
 20
155.7046105555555
 30
0.0
 10
145.8864169444444
 20
158.1419522222222
 30
0.0
  0
SPLINE
  5
253
330
1F
100
AcDbEntity
  8
DEFAULT
 62
     1
100
AcDbSpline
210
0.0
220
0.0
230
1.0
 70
    11
 71
     3
 72
    20
 73
    16
 74
     0
 42
0.000000001
 43
0.0000000001
 40
1.0
 40
1.0
 40
1.0
 40
1.0
 40
2.0
 40
2.0
 40
2.0
 40
3.0
 40
3.0
 40
3.0
 40
4.0
 40
4.0
 40
4.0
 40
5.0
 40
5.0
 40
5.0
 40
6.0
 40
6.0
 40
6.0
 40
6.0
 10
153.8567252777778
 20
145.0221466666667
 30
0.0
 10
152.4614891666667
 20
147.3801133333333
 30
0.0
 10
149.1954725
 20
152.954355
 30
0.0
 10
149.5232030555555
 20
154.4931716666667
 30
0.0
 10
149.8505808333333
 20
156.0316355555556
 30
0.0
 10
148.8836169444444
 20
157.0264688888889
 30
0.0
 10
149.5955225
 20
157.4840216666667
 30
0.0
 10
150.2418113888889
 20
157.8981827777778
 30
0.0
 10
151.0440280555555
 20
156.1272383333333
 30
0.0
 10
152.0409780555555
 20
155.1147661111111
 30
0.0
 10
153.0368697222222
 20
154.0955911111111
 30
0.0
 10
153.5907308333333
 20
148.3894105555555
 30
0.0
 10
154.3788363888889
 20
145.57248
 30
0.0
 10
155.1708225
 20
142.7576661111111
 30
0.0
 10
155.2569002777778
 20
142.6500688888889
 30
0.0
 10
153.8567252777778
 20
145.0221466666667
 30
0.0
  0
SPLINE
  5
254
330
1F
100
AcDbEntity
  8
DEFAULT
 62
     1
100
AcDbSpline
210
0.0
220
0.0
230
1.0
 70
    11
 71
     3
 72
    23
 73
    19
 74
     0
 42
0.000000001
 43
0.0000000001
 40
1.0
 40
1.0
 40
1.0
 40
1.0
 40
2.0
 40
2.0
 40
2.0
 40
3.0
 40
3.0
 40
3.0
 40
4.0
 40
4.0
 40
4.0
 40
5.0
 40
5.0
 40
5.0
 40
6.0
 40
6.0
 40
6.0
 40
7.0
 40
7.0
 40
7.0
 40
7.0
 10
159.2708058333333
 20
125.7611855555556
 30
0.0
 10
158.0103308333333
 20
127.19558
 30
0.0
 10
156.0443002777778
 20
130.792855
 30
0.0
 10
155.1567113888889
 20
131.18338
 30
0.0
 10
154.2670058333333
 20
131.5774327777778
 30
0.0
 10
153.8412030555556
 20
134.5686355555556
 30
0.0
 10
153.0996641666667
 20
136.7336327777778
 30
0.0
 10
152.3616530555555
 20
138.9014522222222
 30
0.0
 10
149.0772919444444
 20
146.9521938888889
 30
0.0
 10
148.9453530555556
 20
148.0560355555556
 30
0.0
 10
148.8822058333333
 20
148.6158938888889
 30
0.0
 10
150.0513113888889
 20
147.1194105555556
 30
0.0
 10
152.1485752777778
 20
143.2935355555556
 30
0.0
 10
154.2483086111111
 20
139.46378
 30
0.0
 10
158.1567336111111
 20
132.0106438888889
 30
0.0
 10
158.2770308333333
 20
130.4859383333333
 30
0.0
 10
158.3934475
 20
128.9587633333333
 30
0.0
 10
160.5274002777778
 20
124.3246744444445
 30
0.0
 10
159.2708058333333
 20
125.7611855555556
 30
0.0
  0
SPLINE
  5
255
330
1F
100
AcDbEntity
  8
DEFAULT
 62
     1
100
AcDbSpline
210
0.0
220
0.0
230
1.0
 70
    11
 71
     3
 72
    23
 73
    19
 74
     0
 42
0.000000001
 43
0.0000000001
 40
1.0
 40
1.0
 40
1.0
 40
1.0
 40
2.0
 40
2.0
 40
2.0
 40
3.0
 40
3.0
 40
3.0
 40
4.0
 40
4.0
 40
4.0
 40
5.0
 40
5.0
 40
5.0
 40
6.0
 40
6.0
 40
6.0
 40
7.0
 40
7.0
 40
7.0
 40
7.0
 10
169.1422336111111
 20
96.41219111111113
 30
0.0
 10
167.9671308333333
 20
97.73263833333334
 30
0.0
 10
162.4405141666666
 20
106.1636744444445
 30
0.0
 10
160.8988752777778
 20
111.3149355555556
 30
0.0
 10
159.3537086111111
 20
116.4633744444445
 30
0.0
 10
158.0636002777778
 20
121.1323883333333
 30
0.0
 10
156.8182947222222
 20
124.3927605555556
 30
0.0
 10
156.6256780555555
 20
124.8958216666667
 30
0.0
 10
158.0431391666667
 20
122.9604827777778
 30
0.0
 10
158.9868197222222
 20
122.4175577777778
 30
0.0
 10
159.9294419444444
 20
121.8682827777778
 30
0.0
 10
161.0234058333333
 20
120.5732355555556
 30
0.0
 10
162.0355252777778
 20
117.356255
 30
0.0
 10
163.0504669444444
 20
114.1360994444445
 30
0.0
 10
165.7396919444444
 20
107.1345188888889
 30
0.0
 10
166.4992225
 20
104.6618994444444
 30
0.0
 10
167.2622808333333
 20
102.192455
 30
0.0
 10
170.3148669444444
 20
95.09597722222223
 30
0.0
 10
169.1422336111111
 20
96.41219111111113
 30
0.0
  0
SPLINE
  5
256
330
1F
100
AcDbEntity
  8
DEFAULT
 62
     1
100
AcDbSpline
210
0.0
220
0.0
230
1.0
 70
    11
 71
     3
 72
    23
 73
    19
 74
     0
 42
0.000000001
 43
0.0000000001
 40
1.0
 40
1.0
 40
1.0
 40
1.0
 40
2.0
 40
2.0
 40
2.0
 40
3.0
 40
3.0
 40
3.0
 40
4.0
 40
4.0
 40
4.0
 40
5.0
 40
5.0
 40
5.0
 40
6.0
 40
6.0
 40
6.0
 40
7.0
 40
7.0
 40
7.0
 40
7.0
 10
172.2195141666667
 20
85.77311888888889
 30
0.0
 10
169.2304280555555
 20
86.40212166666667
 30
0.0
 10
162.6726419444444
 20
88.65884111111112
 30
0.0
 10
159.4098002777777
 20
91.40168833333334
 30
0.0
 10
156.1455475
 20
94.13853833333334
 30
0.0
 10
154.3904780555555
 20
96.84011055555555
 30
0.0
 10
153.1758641666667
 20
100.8102716666667
 30
0.0
 10
151.9577225
 20
104.7776105555556
 30
0.0
 10
150.2707391666667
 20
108.5607994444444
 30
0.0
 10
151.9693641666667
 20
108.999655
 30
0.0
 10
152.9218641666667
 20
109.2420133333333
 30
0.0
 10
158.1884836111111
 20
108.7975133333333
 30
0.0
 10
158.8926280555555
 20
107.5028188888889
 30
0.0
 10
160.1449891666666
 20
105.221405
 30
0.0
 10
162.3985336111111
 20
100.8254411111111
 30
0.0
 10
165.3678641666667
 20
96.91243000000001
 30
0.0
 10
168.3474252777778
 20
93.00188833333333
 30
0.0
 10
175.2082475
 20
85.14411611111112
 30
0.0
 10
172.2195141666667
 20
85.77311888888889
 30
0.0
  0
SPLINE
  5
257
330
1F
100
AcDbEntity
  8
DEFAULT
 62
     1
100
AcDbSpline
210
0.0
220
0.0
230
1.0
 70
    11
 71
     3
 72
    26
 73
    22
 74
     0
 42
0.000000001
 43
0.0000000001
 40
1.0
 40
1.0
 40
1.0
 40
1.0
 40
2.0
 40
2.0
 40
2.0
 40
3.0
 40
3.0
 40
3.0
 40
4.0
 40
4.0
 40
4.0
 40
5.0
 40
5.0
 40
5.0
 40
6.0
 40
6.0
 40
6.0
 40
7.0
 40
7.0
 40
7.0
 40
8.0
 40
8.0
 40
8.0
 40
8.0
 10
177.2741141666666
 20
52.21266333333334
 30
0.0
 10
175.7416475
 20
54.39424111111113
 30
0.0
 10
171.4525752777778
 20
59.33030777777778
 30
0.0
 10
170.3113391666666
 20
61.24800777777779
 30
0.0
 10
169.0004169444444
 20
63.44016888888891
 30
0.0
 10
169.0699141666666
 20
68.44961333333335
 30
0.0
 10
168.8818836111111
 20
72.87768000000001
 30
0.0
 10
168.7009086111111
 20
77.31068555555557
 30
0.0
 10
168.0916613888889
 20
83.24476055555557
 30
0.0
 10
169.2106725
 20
83.63987166666666
 30
0.0
 10
170.3321530555556
 20
84.03110222222223
 30
0.0
 10
174.8201919444444
 20
83.07366333333334
 30
0.0
 10
175.7980919444444
 20
80.99897722222222
 30
0.0
 10
176.7791669444444
 20
78.92711333333334
 30
0.0
 10
179.4084197222222
 20
70.58074388888889
 30
0.0
 10
179.9008975
 20
67.14786333333335
 30
0.0
 10
180.3909058333333
 20
63.7181577777778
 30
0.0
 10
180.8403447222222
 20
57.81406888888889
 30
0.0
 10
179.7315641666667
 20
54.29511055555557
 30
0.0
 10
178.6196086111111
 20
50.77932722222224
 30
0.0
 10
178.8055225
 20
50.02508833333333
 30
0.0
 10
177.2741141666666
 20
52.21266333333334
 30
0.0
  0
SPLINE
  5
258
330
1F
100
AcDbEntity
  8
DEFAULT
 62
     1
100
AcDbSpline
210
0.0
220
0.0
230
1.0
 70
    11
 71
     3
 72
    32
 73
    28
 74
     0
 42
0.000000001
 43
0.0000000001
 40
1.0
 40
1.0
 40
1.0
 40
1.0
 40
2.0
 40
2.0
 40
2.0
 40
3.0
 40
3.0
 40
3.0
 40
4.0
 40
4.0
 40
4.0
 40
5.0
 40
5.0
 40
5.0
 40
6.0
 40
6.0
 40
6.0
 40
7.0
 40
7.0
 40
7.0
 40
8.0
 40
8.0
 40
8.0
 40
9.0
 40
9.0
 40
9.0
 40
10.0
 40
10.0
 40
10.0
 40
10.0
 10
169.7331363888889
 20
31.96357166666667
 30
0.0
 10
168.2281863888889
 20
34.60587722222223
 30
0.0
 10
165.3770363888889
 20
38.83603555555556
 30
0.0
 10
165.0725891666667
 20
40.80665222222223
 30
0.0
 10
164.7716697222222
 20
42.78009111111112
 30
0.0
 10
162.4891975
 20
49.46734666666668
 30
0.0
 10
161.0950197222222
 20
53.66963555555556
 30
0.0
 10
159.7075447222222
 20
57.8712188888889
 30
0.0
 10
157.2832558333333
 20
61.43004111111111
 30
0.0
 10
158.5465530555555
 20
62.00753833333334
 30
0.0
 10
159.4665975
 20
62.43122444444445
 30
0.0
 10
160.0860752777778
 20
62.61361055555556
 30
0.0
 10
162.4070002777778
 20
61.33091055555555
 30
0.0
 10
164.7318058333333
 20
60.05068000000001
 30
0.0
 10
167.1190530555555
 20
61.01552722222224
 30
0.0
 10
168.8575419444444
 20
58.6967188888889
 30
0.0
 10
170.6023808333333
 20
56.37649944444445
 30
0.0
 10
174.0458447222222
 20
51.4608938888889
 30
0.0
 10
176.1547502777778
 20
48.96040500000001
 30
0.0
 10
178.2594225
 20
46.45744666666667
 30
0.0
 10
178.0357613888889
 20
46.35831611111113
 30
0.0
 10
177.3083336111111
 20
42.89544944444445
 30
0.0
 10
176.5773780555556
 20
39.42976055555556
 30
0.0
 10
173.8105419444444
 20
33.24098
 30
0.0
 10
171.9792725
 20
30.86502166666669
 30
0.0
 10
170.1550586111111
 20
28.4947077777778
 30
0.0
 10
171.2409086111111
 20
29.31738555555557
 30
0.0
 10
169.7331363888889
 20
31.96357166666667
 30
0.0
  0
SPLINE
  5
259
330
1F
100
AcDbEntity
  8
DEFAULT
 62
     1
100
AcDbSpline
210
0.0
220
0.0
230
1.0
 70
    11
 71
     3
 72
    26
 73
    22
 74
     0
 42
0.000000001
 43
0.0000000001
 40
1.0
 40
1.0
 40
1.0
 40
1.0
 40
2.0
 40
2.0
 40
2.0
 40
3.0
 40
3.0
 40
3.0
 40
4.0
 40
4.0
 40
4.0
 40
5.0
 40
5.0
 40
5.0
 40
6.0
 40
6.0
 40
6.0
 40
7.0
 40
7.0
 40
7.0
 40
8.0
 40
8.0
 40
8.0
 40
8.0
 10
159.7618725
 20
14.23154944444445
 30
0.0
 10
157.2388058333333
 20
12.58125500000001
 30
0.0
 10
154.2158530555555
 20
10.16825500000002
 30
0.0
 10
152.2946252777778
 20
12.24188277777779
 30
0.0
 10
150.3765725
 20
14.3183327777778
 30
0.0
 10
150.3716336111111
 20
14.37124944444446
 30
0.0
 10
150.4563002777778
 20
19.28403277777779
 30
0.0
 10
150.5416725
 20
24.19646333333334
 30
0.0
 10
149.0635336111111
 20
34.35858
 30
0.0
 10
150.7572197222222
 20
37.86836611111112
 30
0.0
 10
151.3869280555556
 20
39.16341333333334
 30
0.0
 10
156.2235113888889
 20
41.63179944444445
 30
0.0
 10
158.6594419444444
 20
40.44046888888889
 30
0.0
 10
161.1017225
 20
39.24808000000001
 30
0.0
 10
163.1333697222222
 20
35.80849666666668
 30
0.0
 10
165.2161697222222
 20
32.6299688888889
 30
0.0
 10
167.2950891666667
 20
29.44932444444445
 30
0.0
 10
169.6428252777777
 20
24.79724388888889
 30
0.0
 10
167.0693113888889
 20
21.84378833333335
 30
0.0
 10
164.4982669444444
 20
18.88680500000002
 30
0.0
 10
162.2905836111111
 20
15.88078555555557
 30
0.0
 10
159.7618725
 20
14.23154944444445
 30
0.0
  0
SPLINE
  5
25A
330
1F
100
AcDbEntity
  8
DEFAULT
 62
     1
100
AcDbSpline
210
0.0
220
0.0
230
1.0
 70
     8
 71
     3
 72
    11
 73
     7
 74
     0
 42
0.000000001
 43
0.0000000001
 40
0.0
 40
0.0
 40
0.0
 40
0.0
 40
1.0
 40
1.0
 40
1.0
 40
2.0
 40
2.0
 40
2.0
 40
2.0
 10
131.1325447222222
 20
87.30135222222222
 30
0.0
 10
128.6807391666667
 20
69.77535222222222
 30
0.0
 10
131.4006558333333
 20
31.46721333333335
 30
0.0
 10
141.5006836111111
 20
16.63643555555556
 30
0.0
 10
151.6007113888889
 20
1.816241111111124
 30
0.0
 10
158.4375447222222
 20
7.227852222222246
 30
0.0
 10
167.2993225
 20
17.23615777777778
 30
0.0
  0
SPLINE
  5
25B
330
1F
100
AcDbEntity
  8
DEFAULT
 62
     1
100
AcDbSpline
210
0.0
220
0.0
230
1.0
 70
     8
 71
     3
 72
    29
 73
    25
 74
     0
 42
0.000000001
 43
0.0000000001
 40
0.0
 40
0.0
 40
0.0
 40
0.0
 40
1.0
 40
1.0
 40
1.0
 40
2.0
 40
2.0
 40
2.0
 40
3.0
 40
3.0
 40
3.0
 40
4.0
 40
4.0
 40
4.0
 40
5.0
 40
5.0
 40
5.0
 40
6.0
 40
6.0
 40
6.0
 40
18.89603039698644
 40
18.89603039698644
 40
18.89603039698644
 40
22.65269114823882
 40
22.65269114823882
 40
22.65269114823882
 40
22.65269114823882
 10
131.1819336111111
 20
87.64707444444446
 30
0.0
 10
133.4714613888889
 20
103.8360466666667
 30
0.0
 10
135.4152669444445
 20
132.8237966666667
 30
0.0
 10
134.9989891666667
 20
171.4247411111111
 30
0.0
 10
134.9425447222222
 20
177.2737966666667
 30
0.0
 10
135.3094336111111
 20
176.5435466666667
 30
0.0
 10
137.5425169444444
 20
180.5087688888889
 30
0.0
 10
138.5514613888889
 20
182.3044077777778
 30
0.0
 10
139.0100725
 20
190.9192411111111
 30
0.0
 10
139.6697669444444
 20
194.65163
 30
0.0
 10
140.0437113888889
 20
196.7753522222222
 30
0.0
 10
143.0811280555555
 20
198.0100744444444
 30
0.0
 10
145.9104058333333
 20
197.50913
 30
0.0
 10
145.7128502777778
 20
196.3943522222222
 30
0.0
 10
145.7975169444445
 20
196.5072411111111
 30
0.0
 10
145.5752669444444
 20
195.2619355555556
 30
0.0
 10
145.3600725
 20
194.01663
 30
0.0
 10
145.3177391666667
 20
194.1506855555556
 30
0.0
 10
145.1237113888889
 20
193.03238
 30
0.0
 10
144.8603039814815
 20
191.538954074074
 30
0.0
 10
144.5968965740741
 20
190.0455281481482
 30
0.0
 10
144.3334891666667
 20
188.5521022222222
 30
0.0
 10
144.7685817592592
 20
188.4756670370371
 30
0.0
 10
145.2036743518518
 20
188.3992318518519
 30
0.0
 10
145.6387669444444
 20
188.3227966666666
 30
0.0
  0
SPLINE
  5
25C
330
1F
100
AcDbEntity
  8
DEFAULT
 62
     1
100
AcDbSpline
210
0.0
220
0.0
230
1.0
 70
     8
 71
     3
 72
    44
 73
    40
 74
     0
 42
0.000000001
 43
0.0000000001
 40
0.0
 40
0.0
 40
0.0
 40
0.0
 40
3.746811978202339
 40
3.746811978202339
 40
3.746811978202339
 40
16.65269048375169
 40
16.65269048375169
 40
16.65269048375169
 40
17.65269048375169
 40
17.65269048375169
 40
17.65269048375169
 40
18.65269048375169
 40
18.65269048375169
 40
18.65269048375169
 40
19.65269048375169
 40
19.65269048375169
 40
19.65269048375169
 40
20.65269048375169
 40
20.65269048375169
 40
20.65269048375169
 40
21.65269048375169
 40
21.65269048375169
 40
21.65269048375169
 40
22.65269048375169
 40
22.65269048375169
 40
22.65269048375169
 40
23.65269048375169
 40
23.65269048375169
 40
23.65269048375169
 40
24.65269048375169
 40
24.65269048375169
 40
24.65269048375169
 40
25.65269048375169
 40
25.65269048375169
 40
25.65269048375169
 40
26.65269048375169
 40
26.65269048375169
 40
26.65269048375169
 40
27.65269048375169
 40
27.65269048375169
 40
27.65269048375169
 40
27.65269048375169
 10
145.9844891666667
 20
188.2592966666667
 30
0.0
 10
146.4184058333333
 20
188.1828614814815
 30
0.0
 10
146.8523225
 20
188.1064262962963
 30
0.0
 10
147.2862391666667
 20
188.0299911111111
 30
0.0
 10
147.549646574074
 20
189.524592962963
 30
0.0
 10
147.8130539814815
 20
191.0191948148148
 30
0.0
 10
148.0764613888889
 20
192.5137966666667
 30
0.0
 10
148.2704891666667
 20
193.6321022222222
 30
0.0
 10
148.1893502777778
 20
193.5192133333333
 30
0.0
 10
148.4116002777778
 20
194.7645188888889
 30
0.0
 10
148.6303225
 20
196.0098244444445
 30
0.0
 10
148.6726558333333
 20
195.8687133333333
 30
0.0
 10
148.8666836111111
 20
196.9870188888889
 30
0.0
 10
151.6994891666666
 20
196.4896022222222
 30
0.0
 10
154.1266002777778
 20
194.2917966666667
 30
0.0
 10
153.7491280555555
 20
192.1645466666667
 30
0.0
 10
152.3768225
 20
184.3857966666667
 30
0.0
 10
154.9591558333333
 20
182.84063
 30
0.0
 10
154.6945725
 20
179.8914077777778
 30
0.0
 10
154.3700169444444
 20
176.2789633333333
 30
0.0
 10
151.1032947222222
 20
175.8168244444444
 30
0.0
 10
151.9287947222222
 20
173.4391022222222
 30
0.0
 10
152.7613502777778
 20
171.0472688888889
 30
0.0
 10
153.1564613888889
 20
168.3026577777778
 30
0.0
 10
152.6907947222222
 20
161.7021855555556
 30
0.0
 10
152.2216002777778
 20
155.1017133333333
 30
0.0
 10
153.3787113888889
 20
165.40988
 30
0.0
 10
157.6296836111111
 20
143.6223244444444
 30
0.0
 10
160.9704891666667
 20
126.4808522222222
 30
0.0
 10
174.3654613888889
 20
92.50835222222223
 30
0.0
 10
179.6888780555555
 20
79.3497411111111
 30
0.0
 10
185.0087669444444
 20
66.19465777777779
 30
0.0
 10
185.8977669444444
 20
61.1922688888889
 30
0.0
 10
181.4986280555555
 20
47.79024111111111
 30
0.0
 10
180.7225169444444
 20
45.43015777777779
 30
0.0
 10
182.1724336111111
 20
38.97785222222223
 30
0.0
 10
172.6580169444444
 20
26.29549111111112
 30
0.0
 10
171.5220725
 20
24.77149111111112
 30
0.0
 10
175.2121280555556
 20
26.21082444444445
 30
0.0
 10
167.5321558333333
 20
17.49721333333334
 30
0.0
  0
POLYLINE
  5
25D
330
1F
100
AcDbEntity
  8
DEFAULT
 62
     7
100
AcDb2dPolyline
 66
     1
 10
0.0
 20
0.0
 30
0.0
  0
VERTEX
  5
25E
330
25D
100
AcDbEntity
  8
DEFAULT
 62
     7
100
AcDbVertex
100
AcDb2dVertex
 10
127.5821538888889
 20
282.1469394444444
 30
0.0
  0
VERTEX
  5
25F
330
25D
100
AcDbEntity
  8
DEFAULT
 62
     7
100
AcDbVertex
100
AcDb2dVertex
 10
130.08229
 20
282.1469394444444
 30
0.0
  0
SEQEND
  5
260
330
25D
100
AcDbEntity
  8
DEFAULT
 62
     7
  0
POLYLINE
  5
261
330
1F
100
AcDbEntity
  8
DEFAULT
 62
     7
100
AcDb2dPolyline
 66
     1
 10
0.0
 20
0.0
 30
0.0
  0
VERTEX
  5
262
330
261
100
AcDbEntity
  8
DEFAULT
 62
     7
100
AcDbVertex
100
AcDb2dVertex
 10
127.83693
 20
285.6219769444444
 30
0.0
  0
VERTEX
  5
263
330
261
100
AcDbEntity
  8
DEFAULT
 62
     7
100
AcDbVertex
100
AcDb2dVertex
 10
129.8061355555556
 20
285.6219769444444
 30
0.0
  0
VERTEX
  5
264
330
261
100
AcDbEntity
  8
DEFAULT
 62
     7
100
AcDbVertex
100
AcDb2dVertex
 10
127.83693
 20
283.1468880555556
 30
0.0
  0
VERTEX
  5
265
330
261
100
AcDbEntity
  8
DEFAULT
 62
     7
100
AcDbVertex
100
AcDb2dVertex
 10
129.827655
 20
283.1468880555556
 30
0.0
  0
SEQEND
  5
266
330
261
100
AcDbEntity
  8
DEFAULT
 62
     7
  0
POLYLINE
  5
267
330
1F
100
AcDbEntity
  8
DEFAULT
 62
     7
100
AcDb2dPolyline
 66
     1
 10
0.0
 20
0.0
 30
0.0
  0
VERTEX
  5
268
330
267
100
AcDbEntity
  8
DEFAULT
 62
     7
100
AcDbVertex
100
AcDb2dVertex
 10
118.7296541666666
 20
285.5741049999999
 30
0.0
  0
VERTEX
  5
269
330
267
100
AcDbEntity
  8
DEFAULT
 62
     7
100
AcDbVertex
100
AcDb2dVertex
 10
119.6394680555555
 20
282.9469688888888
 30
0.0
  0
VERTEX
  5
26A
330
267
100
AcDbEntity
  8
DEFAULT
 62
     7
100
AcDbVertex
100
AcDb2dVertex
 10
120.5489291666667
 20
285.574105
 30
0.0
  0
SEQEND
  5
26B
330
267
100
AcDbEntity
  8
DEFAULT
 62
     7
  0
POLYLINE
  5
26C
330
1F
100
AcDbEntity
  8
DEFAULT
 62
     7
100
AcDb2dPolyline
 66
     1
 10
0.0
 20
0.0
 30
0.0
  0
VERTEX
  5
26D
330
26C
100
AcDbEntity
  8
DEFAULT
 62
     7
100
AcDbVertex
100
AcDb2dVertex
 10
118.4111311111111
 20
281.9441980555555
 30
0.0
  0
VERTEX
  5
26E
330
26C
100
AcDbEntity
  8
DEFAULT
 62
     7
100
AcDbVertex
100
AcDb2dVertex
 10
120.9109144444444
 20
281.9441980555555
 30
0.0
  0
SEQEND
  5
26F
330
26C
100
AcDbEntity
  8
DEFAULT
 62
     7
  0
POLYLINE
  5
270
330
1F
100
AcDbEntity
  8
DEFAULT
 62
     7
100
AcDb2dPolyline
 66
     1
 10
0.0
 20
0.0
 30
0.0
  0
VERTEX
  5
271
330
270
100
AcDbEntity
  8
DEFAULT
 62
     7
100
AcDbVertex
100
AcDb2dVertex
 10
137.1107875
 20
285.5741049999999
 30
0.0
  0
VERTEX
  5
272
330
270
100
AcDbEntity
  8
DEFAULT
 62
     7
100
AcDbVertex
100
AcDb2dVertex
 10
138.0206013888889
 20
282.9469688888888
 30
0.0
  0
VERTEX
  5
273
330
270
100
AcDbEntity
  8
DEFAULT
 62
     7
100
AcDbVertex
100
AcDb2dVertex
 10
138.9300625
 20
285.574105
 30
0.0
  0
SEQEND
  5
274
330
270
100
AcDbEntity
  8
DEFAULT
 62
     7
  0
POLYLINE
  5
275
330
1F
100
AcDbEntity
  8
DEFAULT
 62
     7
100
AcDb2dPolyline
 66
     1
 10
0.0
 20
0.0
 30
0.0
  0
VERTEX
  5
276
330
275
100
AcDbEntity
  8
DEFAULT
 62
     7
100
AcDbVertex
100
AcDb2dVertex
 10
136.7922644444444
 20
281.9441980555555
 30
0.0
  0
VERTEX
  5
277
330
275
100
AcDbEntity
  8
DEFAULT
 62
     7
100
AcDbVertex
100
AcDb2dVertex
 10
139.2920477777778
 20
281.9441980555555
 30
0.0
  0
SEQEND
  5
278
330
275
100
AcDbEntity
  8
DEFAULT
 62
     7
  0
SPLINE
  5
279
330
1F
100
AcDbEntity
  8
DEFAULT
 62
     1
100
AcDbSpline
210
0.0
220
0.0
230
1.0
 70
     8
 71
     3
 72
    50
 73
    46
 74
     0
 42
0.000000001
 43
0.0000000001
 40
0.0
 40
0.0
 40
0.0
 40
0.0
 40
1.0
 40
1.0
 40
1.0
 40
2.0
 40
2.0
 40
2.0
 40
3.0
 40
3.0
 40
3.0
 40
4.0
 40
4.0
 40
4.0
 40
5.0
 40
5.0
 40
5.0
 40
17.90000000000009
 40
17.90000000000009
 40
17.90000000000009
 40
26.41000000000008
 40
26.41000000000008
 40
26.41000000000008
 40
39.31000000000017
 40
39.31000000000017
 40
39.31000000000017
 40
40.31000000000017
 40
40.31000000000017
 40
40.31000000000017
 40
41.31000000000017
 40
41.31000000000017
 40
41.31000000000017
 40
58.85000000000019
 40
58.85000000000019
 40
58.85000000000019
 40
59.85000000000019
 40
59.85000000000019
 40
59.85000000000019
 40
60.85000000000019
 40
60.85000000000019
 40
60.85000000000019
 40
73.7400000000003
 40
73.7400000000003
 40
73.7400000000003
 40
77.50000000000028
 40
77.50000000000028
 40
77.50000000000028
 40
77.50000000000028
 10
129.0263555555555
 20
288.2753949999999
 30
0.0
 10
131.3546888888889
 20
288.3635894444444
 30
0.0
 10
140.9819944444444
 20
290.0287005555555
 30
0.0
 10
144.3298555555556
 20
286.7902005555555
 30
0.0
 10
147.7694388888889
 20
283.4670338888889
 30
0.0
 10
145.2470777777778
 20
278.1930061111111
 30
0.0
 10
145.2470777777778
 20
275.4413394444444
 30
0.0
 10
145.2470777777778
 20
273.2858672222222
 30
0.0
 10
142.8481888888889
 20
270.0720616666666
 30
0.0
 10
139.5426611111111
 20
270.0720616666666
 30
0.0
 10
139.5426611111111
 20
271.2080061111111
 30
0.0
 10
139.4791611111111
 20
271.0810061111111
 30
0.0
 10
139.4791611111111
 20
272.3439505555555
 30
0.0
 10
139.4791611111111
 20
273.606895
 30
0.0
 10
139.5426611111111
 20
273.4834227777778
 30
0.0
 10
139.5426611111111
 20
274.6193672222222
 30
0.0
 10
139.5426611111111
 20
276.1363116666666
 30
0.0
 10
139.5426611111111
 20
277.6532561111111
 30
0.0
 10
139.5426611111111
 20
279.1702005555555
 30
0.0
 10
138.5419481481481
 20
279.1702005555555
 30
0.0
 10
137.5412351851852
 20
279.1702005555555
 30
0.0
 10
136.5405222222222
 20
279.1702005555555
 30
0.0
 10
136.5405222222222
 20
277.6532561111111
 30
0.0
 10
136.5405222222222
 20
276.1363116666666
 30
0.0
 10
136.5405222222222
 20
274.6193672222222
 30
0.0
 10
136.5405222222222
 20
273.4834227777778
 30
0.0
 10
136.60755
 20
273.606895
 30
0.0
 10
136.60755
 20
272.3439505555555
 30
0.0
 10
136.60755
 20
271.0810061111111
 30
0.0
 10
136.5405222222222
 20
271.2080061111111
 30
0.0
 10
136.5405222222222
 20
270.0720616666666
 30
0.0
 10
134.4779481481481
 20
270.0720616666666
 30
0.0
 10
132.4153740740741
 20
270.0720616666666
 30
0.0
 10
130.3528
 20
270.0720616666666
 30
0.0
 10
130.3528
 20
271.2080061111111
 30
0.0
 10
130.2893
 20
271.0810061111111
 30
0.0
 10
130.2893
 20
272.3474783333333
 30
0.0
 10
130.2893
 20
273.606895
 30
0.0
 10
130.3528
 20
273.4834227777778
 30
0.0
 10
130.3528
 20
274.622895
 30
0.0
 10
130.3528
 20
276.1386635185185
 30
0.0
 10
130.3528
 20
277.654432037037
 30
0.0
 10
130.3528
 20
279.1702005555555
 30
0.0
 10
129.9106518518518
 20
279.1702005555555
 30
0.0
 10
129.4685037037037
 20
279.1702005555555
 30
0.0
 10
129.0263555555555
 20
279.1702005555555
 30
0.0
  0
SPLINE
  5
27A
330
1F
100
AcDbEntity
  8
DEFAULT
 62
     1
100
AcDbSpline
210
0.0
220
0.0
230
1.0
 70
     8
 71
     3
 72
    50
 73
    46
 74
     0
 42
0.000000001
 43
0.0000000001
 40
0.0
 40
0.0
 40
0.0
 40
0.0
 40
1.0
 40
1.0
 40
1.0
 40
2.0
 40
2.0
 40
2.0
 40
3.0
 40
3.0
 40
3.0
 40
4.0
 40
4.0
 40
4.0
 40
5.0
 40
5.0
 40
5.0
 40
17.90000000000009
 40
17.90000000000009
 40
17.90000000000009
 40
26.40000000000009
 40
26.40000000000009
 40
26.40000000000009
 40
39.30000000000018
 40
39.30000000000018
 40
39.30000000000018
 40
40.30000000000018
 40
40.30000000000018
 40
40.30000000000018
 40
41.30000000000018
 40
41.30000000000018
 40
41.30000000000018
 40
58.85000000000019
 40
58.85000000000019
 40
58.85000000000019
 40
59.85000000000019
 40
59.85000000000019
 40
59.85000000000019
 40
60.85000000000019
 40
60.85000000000019
 40
60.85000000000019
 40
73.75000000000028
 40
73.75000000000028
 40
73.75000000000028
 40
77.51000000000028
 40
77.51000000000028
 40
77.51000000000028
 40
77.51000000000028
 10
128.6771761111111
 20
288.2753949999999
 30
0.0
 10
126.3558983333333
 20
288.3635894444444
 30
0.0
 10
116.7215372222222
 20
290.0287005555555
 30
0.0
 10
113.3736761111111
 20
286.7902005555555
 30
0.0
 10
109.9340927777778
 20
283.4670338888889
 30
0.0
 10
112.4564538888889
 20
278.1930061111111
 30
0.0
 10
112.4564538888889
 20
275.4413394444444
 30
0.0
 10
112.4564538888889
 20
273.2858672222222
 30
0.0
 10
114.8553427777778
 20
270.0720616666666
 30
0.0
 10
118.1608705555555
 20
270.0720616666666
 30
0.0
 10
118.1608705555555
 20
271.2080061111111
 30
0.0
 10
118.2208427777778
 20
271.0810061111111
 30
0.0
 10
118.2208427777778
 20
272.3439505555555
 30
0.0
 10
118.2208427777778
 20
273.606895
 30
0.0
 10
118.1608705555555
 20
273.4834227777778
 30
0.0
 10
118.1608705555555
 20
274.6193672222222
 30
0.0
 10
118.1608705555555
 20
276.1363116666666
 30
0.0
 10
118.1608705555555
 20
277.6532561111111
 30
0.0
 10
118.1608705555555
 20
279.1702005555555
 30
0.0
 10
119.1604075925926
 20
279.1702005555555
 30
0.0
 10
120.1599446296296
 20
279.1702005555555
 30
0.0
 10
121.1594816666667
 20
279.1702005555555
 30
0.0
 10
121.1594816666667
 20
277.6532561111111
 30
0.0
 10
121.1594816666667
 20
276.1363116666666
 30
0.0
 10
121.1594816666667
 20
274.6193672222222
 30
0.0
 10
121.1594816666667
 20
273.4834227777778
 30
0.0
 10
121.0959816666667
 20
273.606895
 30
0.0
 10
121.0959816666667
 20
272.3439505555555
 30
0.0
 10
121.0959816666667
 20
271.0810061111111
 30
0.0
 10
121.1594816666667
 20
271.2080061111111
 30
0.0
 10
121.1594816666667
 20
270.0720616666666
 30
0.0
 10
123.2232316666667
 20
270.0720616666666
 30
0.0
 10
125.2869816666667
 20
270.0720616666666
 30
0.0
 10
127.3507316666667
 20
270.0720616666666
 30
0.0
 10
127.3507316666667
 20
271.2080061111111
 30
0.0
 10
127.4177594444444
 20
271.0810061111111
 30
0.0
 10
127.4177594444444
 20
272.3474783333333
 30
0.0
 10
127.4177594444444
 20
273.606895
 30
0.0
 10
127.3507316666667
 20
273.4834227777778
 30
0.0
 10
127.3507316666667
 20
274.6193672222222
 30
0.0
 10
127.3507316666667
 20
276.1363116666666
 30
0.0
 10
127.3507316666667
 20
277.6532561111111
 30
0.0
 10
127.3507316666667
 20
279.1702005555555
 30
0.0
 10
127.7928798148148
 20
279.1702005555555
 30
0.0
 10
128.2350279629629
 20
279.1702005555555
 30
0.0
 10
128.6771761111111
 20
279.1702005555555
 30
0.0
  0
POLYLINE
  5
27B
330
1F
100
AcDbEntity
  8
DEFAULT
 62
     7
100
AcDb2dPolyline
 66
     1
 10
0.0
 20
0.0
 30
0.0
  0
VERTEX
  5
27C
330
27B
100
AcDbEntity
  8
DEFAULT
 62
     7
100
AcDbVertex
100
AcDb2dVertex
 10
136.7742022222222
 20
224.1328808333333
 30
0.0
  0
VERTEX
  5
27D
330
27B
100
AcDbEntity
  8
DEFAULT
 62
     7
100
AcDbVertex
100
AcDb2dVertex
 10
139.2739855555555
 20
224.1328808333333
 30
0.0
  0
SEQEND
  5
27E
330
27B
100
AcDbEntity
  8
DEFAULT
 62
     7
  0
POLYLINE
  5
27F
330
1F
100
AcDbEntity
  8
DEFAULT
 62
     7
100
AcDb2dPolyline
 66
     1
 10
0.0
 20
0.0
 30
0.0
  0
VERTEX
  5
280
330
27F
100
AcDbEntity
  8
DEFAULT
 62
     7
100
AcDbVertex
100
AcDb2dVertex
 10
136.9986394444444
 20
227.512703611111
 30
0.0
  0
VERTEX
  5
281
330
27F
100
AcDbEntity
  8
DEFAULT
 62
     7
100
AcDbVertex
100
AcDb2dVertex
 10
137.4043338888889
 20
225.2090647222222
 30
0.0
  0
VERTEX
  5
282
330
27F
100
AcDbEntity
  8
DEFAULT
 62
     7
100
AcDbVertex
100
AcDb2dVertex
 10
138.0252227777778
 20
226.3608841666667
 30
0.0
  0
VERTEX
  5
283
330
27F
100
AcDbEntity
  8
DEFAULT
 62
     7
100
AcDbVertex
100
AcDb2dVertex
 10
138.6425838888889
 20
225.2090647222222
 30
0.0
  0
VERTEX
  5
284
330
27F
100
AcDbEntity
  8
DEFAULT
 62
     7
100
AcDbVertex
100
AcDb2dVertex
 10
139.0518061111111
 20
227.5127036111111
 30
0.0
  0
SEQEND
  5
285
330
27F
100
AcDbEntity
  8
DEFAULT
 62
     7
  0
POLYLINE
  5
286
330
1F
100
AcDbEntity
  8
DEFAULT
 62
     7
100
AcDb2dPolyline
 66
     1
 10
0.0
 20
0.0
 30
0.0
  0
VERTEX
  5
287
330
286
100
AcDbEntity
  8
DEFAULT
 62
     7
100
AcDbVertex
100
AcDb2dVertex
 10
118.3930688888889
 20
224.1328808333333
 30
0.0
  0
VERTEX
  5
288
330
286
100
AcDbEntity
  8
DEFAULT
 62
     7
100
AcDbVertex
100
AcDb2dVertex
 10
120.8928522222222
 20
224.1328808333333
 30
0.0
  0
SEQEND
  5
289
330
286
100
AcDbEntity
  8
DEFAULT
 62
     7
  0
POLYLINE
  5
28A
330
1F
100
AcDbEntity
  8
DEFAULT
 62
     7
100
AcDb2dPolyline
 66
     1
 10
0.0
 20
0.0
 30
0.0
  0
VERTEX
  5
28B
330
28A
100
AcDbEntity
  8
DEFAULT
 62
     7
100
AcDbVertex
100
AcDb2dVertex
 10
118.6175061111111
 20
227.512703611111
 30
0.0
  0
VERTEX
  5
28C
330
28A
100
AcDbEntity
  8
DEFAULT
 62
     7
100
AcDbVertex
100
AcDb2dVertex
 10
119.0232005555555
 20
225.2090647222222
 30
0.0
  0
VERTEX
  5
28D
330
28A
100
AcDbEntity
  8
DEFAULT
 62
     7
100
AcDbVertex
100
AcDb2dVertex
 10
119.6440894444444
 20
226.3608841666667
 30
0.0
  0
VERTEX
  5
28E
330
28A
100
AcDbEntity
  8
DEFAULT
 62
     7
100
AcDbVertex
100
AcDb2dVertex
 10
120.2614505555556
 20
225.2090647222222
 30
0.0
  0
VERTEX
  5
28F
330
28A
100
AcDbEntity
  8
DEFAULT
 62
     7
100
AcDbVertex
100
AcDb2dVertex
 10
120.6706727777778
 20
227.5127036111111
 30
0.0
  0
SEQEND
  5
290
330
28A
100
AcDbEntity
  8
DEFAULT
 62
     7
  0
POLYLINE
  5
291
330
1F
100
AcDbEntity
  8
DEFAULT
 62
     7
100
AcDb2dPolyline
 66
     1
 10
0.0
 20
0.0
 30
0.0
  0
VERTEX
  5
292
330
291
100
AcDbEntity
  8
DEFAULT
 62
     7
100
AcDbVertex
100
AcDb2dVertex
 10
130.1196491666666
 20
218.3328966666666
 30
0.0
  0
VERTEX
  5
293
330
291
100
AcDbEntity
  8
DEFAULT
 62
     7
100
AcDbVertex
100
AcDb2dVertex
 10
127.6198658333333
 20
218.3328966666666
 30
0.0
  0
SEQEND
  5
294
330
291
100
AcDbEntity
  8
DEFAULT
 62
     7
  0
POLYLINE
  5
295
330
1F
100
AcDbEntity
  8
DEFAULT
 62
     7
100
AcDb2dPolyline
 66
     1
 10
0.0
 20
0.0
 30
0.0
  0
VERTEX
  5
296
330
295
100
AcDbEntity
  8
DEFAULT
 62
     7
100
AcDbVertex
100
AcDb2dVertex
 10
128.8928291666667
 20
216.218135
 30
0.0
  0
VERTEX
  5
297
330
295
100
AcDbEntity
  8
DEFAULT
 62
     7
100
AcDbVertex
100
AcDb2dVertex
 10
129.8968347222222
 20
214.7057766666667
 30
0.0
  0
SEQEND
  5
298
330
295
100
AcDbEntity
  8
DEFAULT
 62
     7
  0
POLYLINE
  5
299
330
1F
100
AcDbEntity
  8
DEFAULT
 62
     7
100
AcDb2dPolyline
 66
     1
 10
0.0
 20
0.0
 30
0.0
  0
VERTEX
  5
29A
330
299
100
AcDbEntity
  8
DEFAULT
 62
     7
100
AcDbVertex
100
AcDb2dVertex
 10
127.8426097222222
 20
214.7057413888888
 30
0.0
  0
VERTEX
  5
29B
330
299
100
AcDbEntity
  8
DEFAULT
 62
     7
100
AcDbVertex
100
AcDb2dVertex
 10
128.8928291666666
 20
216.2142191666666
 30
0.0
  0
VERTEX
  5
29C
330
299
100
AcDbEntity
  8
DEFAULT
 62
     7
100
AcDbVertex
100
AcDb2dVertex
 10
128.8928291666666
 20
217.3328775
 30
0.0
  0
SEQEND
  5
29D
330
299
100
AcDbEntity
  8
DEFAULT
 62
     7
  0
SPLINE
  5
29E
330
1F
100
AcDbEntity
  8
DEFAULT
 62
     1
100
AcDbSpline
210
0.0
220
0.0
230
1.0
 70
     8
 71
     3
 72
    50
 73
    46
 74
     0
 42
0.000000001
 43
0.0000000001
 40
0.0
 40
0.0
 40
0.0
 40
0.0
 40
3.759999999999991
 40
3.759999999999991
 40
3.759999999999991
 40
16.66999999999996
 40
16.66999999999996
 40
16.66999999999996
 40
17.66999999999996
 40
17.66999999999996
 40
17.66999999999996
 40
18.66999999999996
 40
18.66999999999996
 40
18.66999999999996
 40
19.66999999999996
 40
19.66999999999996
 40
19.66999999999996
 40
20.66999999999996
 40
20.66999999999996
 40
20.66999999999996
 40
21.66999999999996
 40
21.66999999999996
 40
21.66999999999996
 40
22.66999999999996
 40
22.66999999999996
 40
22.66999999999996
 40
23.66999999999996
 40
23.66999999999996
 40
23.66999999999996
 40
36.56999999999994
 40
36.56999999999994
 40
36.56999999999994
 40
45.07999999999993
 40
45.07999999999993
 40
45.07999999999993
 40
57.9799999999999
 40
57.9799999999999
 40
57.9799999999999
 40
58.9799999999999
 40
58.9799999999999
 40
58.9799999999999
 40
59.9799999999999
 40
59.9799999999999
 40
59.9799999999999
 40
81.27999999999992
 40
81.27999999999992
 40
81.27999999999992
 40
81.27999999999992
 10
129.0263555555555
 20
221.2335061111111
 30
0.0
 10
129.4685037037037
 20
221.2335061111111
 30
0.0
 10
129.9106518518519
 20
221.2335061111111
 30
0.0
 10
130.3528
 20
221.2335061111111
 30
0.0
 10
130.3528
 20
222.7516264814815
 30
0.0
 10
130.3528
 20
224.2697468518518
 30
0.0
 10
130.3528
 20
225.7878672222222
 30
0.0
 10
130.3528
 20
226.9238116666666
 30
0.0
 10
130.2857722222222
 20
226.8003394444444
 30
0.0
 10
130.2857722222222
 20
228.0632838888889
 30
0.0
 10
130.2857722222222
 20
229.3227005555555
 30
0.0
 10
130.3528
 20
229.1992283333333
 30
0.0
 10
130.3528
 20
230.331645
 30
0.0
 10
132.3177722222222
 20
230.331645
 30
0.0
 10
140.8902722222222
 20
232.1802005555555
 30
0.0
 10
144.3298555555556
 20
228.8535061111111
 30
0.0
 10
147.7694388888889
 20
225.5303394444444
 30
0.0
 10
145.2470777777778
 20
220.2563116666666
 30
0.0
 10
145.2470777777778
 20
217.504645
 30
0.0
 10
145.2470777777778
 20
215.3491727777778
 30
0.0
 10
142.8481888888889
 20
212.1353672222222
 30
0.0
 10
139.5426611111111
 20
212.1353672222222
 30
0.0
 10
139.5426611111111
 20
213.2713116666666
 30
0.0
 10
139.4791611111111
 20
213.1443116666667
 30
0.0
 10
139.4791611111111
 20
214.4072561111111
 30
0.0
 10
139.4791611111111
 20
215.6702005555555
 30
0.0
 10
139.5426611111111
 20
215.5467283333333
 30
0.0
 10
139.5426611111111
 20
216.6826727777778
 30
0.0
 10
139.5426611111111
 20
218.1996172222222
 30
0.0
 10
139.5426611111111
 20
219.7165616666666
 30
0.0
 10
139.5426611111111
 20
221.2335061111111
 30
0.0
 10
138.5419481481481
 20
221.2335061111111
 30
0.0
 10
137.5412351851852
 20
221.2335061111111
 30
0.0
 10
136.5405222222222
 20
221.2335061111111
 30
0.0
 10
136.5405222222222
 20
219.7165616666666
 30
0.0
 10
136.5405222222222
 20
218.1996172222222
 30
0.0
 10
136.5405222222222
 20
216.6826727777778
 30
0.0
 10
136.5405222222222
 20
215.5467283333333
 30
0.0
 10
136.60755
 20
215.6702005555555
 30
0.0
 10
136.60755
 20
214.4072561111111
 30
0.0
 10
136.60755
 20
213.1443116666667
 30
0.0
 10
136.5405222222222
 20
213.2713116666666
 30
0.0
 10
136.5405222222222
 20
212.1353672222222
 30
0.0
 10
134.0358
 20
212.1353672222222
 30
0.0
 10
131.5310777777778
 20
212.1353672222222
 30
0.0
 10
129.0263555555555
 20
212.1353672222222
 30
0.0
  0
SPLINE
  5
29F
330
1F
100
AcDbEntity
  8
DEFAULT
 62
     1
100
AcDbSpline
210
0.0
220
0.0
230
1.0
 70
     8
 71
     3
 72
    50
 73
    46
 74
     0
 42
0.000000001
 43
0.0000000001
 40
0.0
 40
0.0
 40
0.0
 40
0.0
 40
21.31
 40
21.31
 40
21.31
 40
22.31
 40
22.31
 40
22.31
 40
23.31
 40
23.31
 40
23.31
 40
36.20999999999998
 40
36.20999999999998
 40
36.20999999999998
 40
44.70999999999998
 40
44.70999999999998
 40
44.70999999999998
 40
57.60999999999996
 40
57.60999999999996
 40
57.60999999999996
 40
58.60999999999996
 40
58.60999999999996
 40
58.60999999999996
 40
59.60999999999996
 40
59.60999999999996
 40
59.60999999999996
 40
60.60999999999996
 40
60.60999999999996
 40
60.60999999999996
 40
61.60999999999996
 40
61.60999999999996
 40
61.60999999999996
 40
62.60999999999996
 40
62.60999999999996
 40
62.60999999999996
 40
63.60999999999996
 40
63.60999999999996
 40
63.60999999999996
 40
64.60999999999996
 40
64.60999999999996
 40
64.60999999999996
 40
77.49999999999994
 40
77.49999999999994
 40
77.49999999999994
 40
81.25999999999993
 40
81.25999999999993
 40
81.25999999999993
 40
81.25999999999993
 10
128.6771761111111
 20
212.1353672222222
 30
0.0
 10
126.1712779629629
 20
212.1353672222222
 30
0.0
 10
123.6653798148148
 20
212.1353672222222
 30
0.0
 10
121.1594816666667
 20
212.1353672222222
 30
0.0
 10
121.1594816666667
 20
213.2713116666667
 30
0.0
 10
121.0959816666667
 20
213.1443116666667
 30
0.0
 10
121.0959816666667
 20
214.4072561111111
 30
0.0
 10
121.0959816666667
 20
215.6702005555555
 30
0.0
 10
121.1594816666667
 20
215.5467283333333
 30
0.0
 10
121.1594816666667
 20
216.6826727777778
 30
0.0
 10
121.1594816666667
 20
218.1996172222222
 30
0.0
 10
121.1594816666667
 20
219.7165616666666
 30
0.0
 10
121.1594816666667
 20
221.2335061111111
 30
0.0
 10
120.1599446296296
 20
221.2335061111111
 30
0.0
 10
119.1604075925926
 20
221.2335061111111
 30
0.0
 10
118.1608705555555
 20
221.2335061111111
 30
0.0
 10
118.1608705555555
 20
219.7165616666666
 30
0.0
 10
118.1608705555555
 20
218.1996172222222
 30
0.0
 10
118.1608705555555
 20
216.6826727777778
 30
0.0
 10
118.1608705555555
 20
215.5467283333333
 30
0.0
 10
118.2208427777778
 20
215.6702005555555
 30
0.0
 10
118.2208427777778
 20
214.4072561111111
 30
0.0
 10
118.2208427777778
 20
213.1443116666667
 30
0.0
 10
118.1608705555555
 20
213.2713116666667
 30
0.0
 10
118.1608705555555
 20
212.1353672222222
 30
0.0
 10
114.8553427777778
 20
212.1353672222222
 30
0.0
 10
112.4564538888889
 20
215.3491727777778
 30
0.0
 10
112.4564538888889
 20
217.504645
 30
0.0
 10
112.4564538888889
 20
220.2563116666666
 30
0.0
 10
109.9340927777778
 20
225.5303394444445
 30
0.0
 10
113.3736761111111
 20
228.8535061111111
 30
0.0
 10
116.8132594444444
 20
232.1802005555556
 30
0.0
 10
125.3857594444444
 20
230.331645
 30
0.0
 10
127.3507316666667
 20
230.331645
 30
0.0
 10
127.3507316666667
 20
229.1992283333333
 30
0.0
 10
127.4107038888889
 20
229.3227005555556
 30
0.0
 10
127.4107038888889
 20
228.0632838888889
 30
0.0
 10
127.4107038888889
 20
226.8003394444445
 30
0.0
 10
127.3507316666667
 20
226.9238116666666
 30
0.0
 10
127.3507316666667
 20
225.7808116666666
 30
0.0
 10
127.3507316666667
 20
224.2650431481481
 30
0.0
 10
127.3507316666667
 20
222.7492746296296
 30
0.0
 10
127.3507316666667
 20
221.2335061111111
 30
0.0
 10
127.7928798148148
 20
221.2335061111111
 30
0.0
 10
128.2350279629629
 20
221.2335061111111
 30
0.0
 10
128.6771761111111
 20
221.2335061111111
 30
0.0
  0
POLYLINE
  5
2A0
330
1F
100
AcDbEntity
  8
DEFAULT
 62
     7
100
AcDb2dPolyline
 66
     1
 10
0.0
 20
0.0
 30
0.0
  0
VERTEX
  5
2A1
330
2A0
100
AcDbEntity
  8
DEFAULT
 62
     7
100
AcDbVertex
100
AcDb2dVertex
 10
136.7742022222222
 20
253.1011575
 30
0.0
  0
VERTEX
  5
2A2
330
2A0
100
AcDbEntity
  8
DEFAULT
 62
     7
100
AcDbVertex
100
AcDb2dVertex
 10
139.2739855555555
 20
253.1011575
 30
0.0
  0
SEQEND
  5
2A3
330
2A0
100
AcDbEntity
  8
DEFAULT
 62
     7
  0
POLYLINE
  5
2A4
330
1F
100
AcDbEntity
  8
DEFAULT
 62
     7
100
AcDb2dPolyline
 66
     1
 10
0.0
 20
0.0
 30
0.0
  0
VERTEX
  5
2A5
330
2A4
100
AcDbEntity
  8
DEFAULT
 62
     7
100
AcDbVertex
100
AcDb2dVertex
 10
136.9986394444444
 20
256.4808038888889
 30
0.0
  0
VERTEX
  5
2A6
330
2A4
100
AcDbEntity
  8
DEFAULT
 62
     7
100
AcDbVertex
100
AcDb2dVertex
 10
137.4043338888889
 20
254.1771649999999
 30
0.0
  0
VERTEX
  5
2A7
330
2A4
100
AcDbEntity
  8
DEFAULT
 62
     7
100
AcDbVertex
100
AcDb2dVertex
 10
138.0252227777778
 20
255.3289844444444
 30
0.0
  0
VERTEX
  5
2A8
330
2A4
100
AcDbEntity
  8
DEFAULT
 62
     7
100
AcDbVertex
100
AcDb2dVertex
 10
138.6425838888889
 20
254.177165
 30
0.0
  0
VERTEX
  5
2A9
330
2A4
100
AcDbEntity
  8
DEFAULT
 62
     7
100
AcDbVertex
100
AcDb2dVertex
 10
139.0518061111111
 20
256.4808038888889
 30
0.0
  0
SEQEND
  5
2AA
330
2A4
100
AcDbEntity
  8
DEFAULT
 62
     7
  0
POLYLINE
  5
2AB
330
1F
100
AcDbEntity
  8
DEFAULT
 62
     7
100
AcDb2dPolyline
 66
     1
 10
0.0
 20
0.0
 30
0.0
  0
VERTEX
  5
2AC
330
2AB
100
AcDbEntity
  8
DEFAULT
 62
     7
100
AcDbVertex
100
AcDb2dVertex
 10
118.3930688888889
 20
253.1011575
 30
0.0
  0
VERTEX
  5
2AD
330
2AB
100
AcDbEntity
  8
DEFAULT
 62
     7
100
AcDbVertex
100
AcDb2dVertex
 10
120.8928522222222
 20
253.1011575
 30
0.0
  0
SEQEND
  5
2AE
330
2AB
100
AcDbEntity
  8
DEFAULT
 62
     7
  0
POLYLINE
  5
2AF
330
1F
100
AcDbEntity
  8
DEFAULT
 62
     7
100
AcDb2dPolyline
 66
     1
 10
0.0
 20
0.0
 30
0.0
  0
VERTEX
  5
2B0
330
2AF
100
AcDbEntity
  8
DEFAULT
 62
     7
100
AcDbVertex
100
AcDb2dVertex
 10
118.6175061111111
 20
256.4808038888889
 30
0.0
  0
VERTEX
  5
2B1
330
2AF
100
AcDbEntity
  8
DEFAULT
 62
     7
100
AcDbVertex
100
AcDb2dVertex
 10
119.0232005555555
 20
254.1771649999999
 30
0.0
  0
VERTEX
  5
2B2
330
2AF
100
AcDbEntity
  8
DEFAULT
 62
     7
100
AcDbVertex
100
AcDb2dVertex
 10
119.6440894444444
 20
255.3289844444444
 30
0.0
  0
VERTEX
  5
2B3
330
2AF
100
AcDbEntity
  8
DEFAULT
 62
     7
100
AcDbVertex
100
AcDb2dVertex
 10
120.2614505555556
 20
254.177165
 30
0.0
  0
VERTEX
  5
2B4
330
2AF
100
AcDbEntity
  8
DEFAULT
 62
     7
100
AcDbVertex
100
AcDb2dVertex
 10
120.6706727777778
 20
256.4808038888889
 30
0.0
  0
SEQEND
  5
2B5
330
2AF
100
AcDbEntity
  8
DEFAULT
 62
     7
  0
POLYLINE
  5
2B6
330
1F
100
AcDbEntity
  8
DEFAULT
 62
     7
100
AcDb2dPolyline
 66
     1
 10
0.0
 20
0.0
 30
0.0
  0
VERTEX
  5
2B7
330
2B6
100
AcDbEntity
  8
DEFAULT
 62
     7
100
AcDbVertex
100
AcDb2dVertex
 10
130.1196491666666
 20
247.3011733333333
 30
0.0
  0
VERTEX
  5
2B8
330
2B6
100
AcDbEntity
  8
DEFAULT
 62
     7
100
AcDbVertex
100
AcDb2dVertex
 10
127.6198658333333
 20
247.3011733333333
 30
0.0
  0
SEQEND
  5
2B9
330
2B6
100
AcDbEntity
  8
DEFAULT
 62
     7
  0
POLYLINE
  5
2BA
330
1F
100
AcDbEntity
  8
DEFAULT
 62
     7
100
AcDb2dPolyline
 66
     1
 10
0.0
 20
0.0
 30
0.0
  0
VERTEX
  5
2BB
330
2BA
100
AcDbEntity
  8
DEFAULT
 62
     7
100
AcDbVertex
100
AcDb2dVertex
 10
128.8928291666667
 20
245.1863763888888
 30
0.0
  0
VERTEX
  5
2BC
330
2BA
100
AcDbEntity
  8
DEFAULT
 62
     7
100
AcDbVertex
100
AcDb2dVertex
 10
129.8968347222222
 20
243.6740180555555
 30
0.0
  0
SEQEND
  5
2BD
330
2BA
100
AcDbEntity
  8
DEFAULT
 62
     7
  0
POLYLINE
  5
2BE
330
1F
100
AcDbEntity
  8
DEFAULT
 62
     7
100
AcDb2dPolyline
 66
     1
 10
0.0
 20
0.0
 30
0.0
  0
VERTEX
  5
2BF
330
2BE
100
AcDbEntity
  8
DEFAULT
 62
     7
100
AcDbVertex
100
AcDb2dVertex
 10
127.8426097222222
 20
243.6739827777777
 30
0.0
  0
VERTEX
  5
2C0
330
2BE
100
AcDbEntity
  8
DEFAULT
 62
     7
100
AcDbVertex
100
AcDb2dVertex
 10
128.8928291666666
 20
245.1824605555555
 30
0.0
  0
VERTEX
  5
2C1
330
2BE
100
AcDbEntity
  8
DEFAULT
 62
     7
100
AcDbVertex
100
AcDb2dVertex
 10
128.8928291666666
 20
246.3011188888889
 30
0.0
  0
SEQEND
  5
2C2
330
2BE
100
AcDbEntity
  8
DEFAULT
 62
     7
  0
SPLINE
  5
2C3
330
1F
100
AcDbEntity
  8
DEFAULT
 62
     1
100
AcDbSpline
210
0.0
220
0.0
230
1.0
 70
     8
 71
     3
 72
    50
 73
    46
 74
     0
 42
0.000000001
 43
0.0000000001
 40
0.0
 40
0.0
 40
0.0
 40
0.0
 40
3.759999999999991
 40
3.759999999999991
 40
3.759999999999991
 40
16.66999999999996
 40
16.66999999999996
 40
16.66999999999996
 40
17.66999999999996
 40
17.66999999999996
 40
17.66999999999996
 40
18.66999999999996
 40
18.66999999999996
 40
18.66999999999996
 40
19.66999999999996
 40
19.66999999999996
 40
19.66999999999996
 40
20.66999999999996
 40
20.66999999999996
 40
20.66999999999996
 40
21.66999999999996
 40
21.66999999999996
 40
21.66999999999996
 40
22.66999999999996
 40
22.66999999999996
 40
22.66999999999996
 40
23.66999999999996
 40
23.66999999999996
 40
23.66999999999996
 40
36.55999999999995
 40
36.55999999999995
 40
36.55999999999995
 40
45.06999999999994
 40
45.06999999999994
 40
45.06999999999994
 40
57.95999999999992
 40
57.95999999999992
 40
57.95999999999992
 40
58.95999999999992
 40
58.95999999999992
 40
58.95999999999992
 40
59.95999999999992
 40
59.95999999999992
 40
59.95999999999992
 40
81.25999999999993
 40
81.25999999999993
 40
81.25999999999993
 40
81.25999999999993
 10
129.0263555555555
 20
250.2000541666667
 30
0.0
 10
129.4685037037037
 20
250.2000541666667
 30
0.0
 10
129.9106518518519
 20
250.2000541666667
 30
0.0
 10
130.3528
 20
250.2000541666667
 30
0.0
 10
130.3528
 20
251.718174537037
 30
0.0
 10
130.3528
 20
253.2362949074074
 30
0.0
 10
130.3528
 20
254.7544152777778
 30
0.0
 10
130.3528
 20
255.8938875
 30
0.0
 10
130.2857722222222
 20
255.7704152777778
 30
0.0
 10
130.2857722222222
 20
257.0298319444444
 30
0.0
 10
130.2857722222222
 20
258.2927763888889
 30
0.0
 10
130.3528
 20
258.1657763888889
 30
0.0
 10
130.3528
 20
259.3017208333333
 30
0.0
 10
132.3177722222222
 20
259.3017208333333
 30
0.0
 10
140.8902722222222
 20
261.1467486111111
 30
0.0
 10
144.3298555555556
 20
257.8235819444445
 30
0.0
 10
147.7694388888889
 20
254.4968875
 30
0.0
 10
145.2470777777778
 20
249.2228597222222
 30
0.0
 10
145.2470777777778
 20
246.4711930555555
 30
0.0
 10
145.2470777777778
 20
244.3157208333334
 30
0.0
 10
142.8481888888889
 20
241.1019152777778
 30
0.0
 10
139.5426611111111
 20
241.1019152777778
 30
0.0
 10
139.5426611111111
 20
242.2413875
 30
0.0
 10
139.4791611111111
 20
242.1108597222222
 30
0.0
 10
139.4791611111111
 20
243.3773319444444
 30
0.0
 10
139.4791611111111
 20
244.6367486111111
 30
0.0
 10
139.5426611111111
 20
244.5132763888889
 30
0.0
 10
139.5426611111111
 20
245.6527486111111
 30
0.0
 10
139.5426611111111
 20
247.1685171296297
 30
0.0
 10
139.5426611111111
 20
248.6842856481482
 30
0.0
 10
139.5426611111111
 20
250.2000541666667
 30
0.0
 10
138.5419481481481
 20
250.2000541666667
 30
0.0
 10
137.5412351851852
 20
250.2000541666667
 30
0.0
 10
136.5405222222222
 20
250.2000541666667
 30
0.0
 10
136.5405222222222
 20
248.6842856481481
 30
0.0
 10
136.5405222222222
 20
247.1685171296297
 30
0.0
 10
136.5405222222222
 20
245.6527486111111
 30
0.0
 10
136.5405222222222
 20
244.5132763888889
 30
0.0
 10
136.60755
 20
244.6367486111111
 30
0.0
 10
136.60755
 20
243.3773319444444
 30
0.0
 10
136.60755
 20
242.1108597222222
 30
0.0
 10
136.5405222222222
 20
242.2413875
 30
0.0
 10
136.5405222222222
 20
241.1019152777778
 30
0.0
 10
134.0358
 20
241.1019152777777
 30
0.0
 10
131.5310777777778
 20
241.1019152777777
 30
0.0
 10
129.0263555555555
 20
241.1019152777778
 30
0.0
  0
SPLINE
  5
2C4
330
1F
100
AcDbEntity
  8
DEFAULT
 62
     1
100
AcDbSpline
210
0.0
220
0.0
230
1.0
 70
     8
 71
     3
 72
    50
 73
    46
 74
     0
 42
0.000000001
 43
0.0000000001
 40
0.0
 40
0.0
 40
0.0
 40
0.0
 40
21.31
 40
21.31
 40
21.31
 40
22.31
 40
22.31
 40
22.31
 40
23.31
 40
23.31
 40
23.31
 40
36.19999999999999
 40
36.19999999999999
 40
36.19999999999999
 40
44.69999999999999
 40
44.69999999999999
 40
44.69999999999999
 40
57.58999999999997
 40
57.58999999999997
 40
57.58999999999997
 40
58.58999999999997
 40
58.58999999999997
 40
58.58999999999997
 40
59.58999999999997
 40
59.58999999999997
 40
59.58999999999997
 40
60.58999999999997
 40
60.58999999999997
 40
60.58999999999997
 40
61.58999999999997
 40
61.58999999999997
 40
61.58999999999997
 40
62.58999999999997
 40
62.58999999999997
 40
62.58999999999997
 40
63.58999999999997
 40
63.58999999999997
 40
63.58999999999997
 40
64.58999999999997
 40
64.58999999999997
 40
64.58999999999997
 40
77.49000000000007
 40
77.49000000000007
 40
77.49000000000007
 40
81.25000000000006
 40
81.25000000000006
 40
81.25000000000006
 40
81.25000000000006
 10
128.6771761111111
 20
241.10188
 30
0.0
 10
126.1712779629629
 20
241.10188
 30
0.0
 10
123.6653798148148
 20
241.10188
 30
0.0
 10
121.1594816666667
 20
241.10188
 30
0.0
 10
121.1594816666667
 20
242.2413522222222
 30
0.0
 10
121.0959816666667
 20
242.1108244444444
 30
0.0
 10
121.0959816666667
 20
243.3772966666667
 30
0.0
 10
121.0959816666667
 20
244.6367133333333
 30
0.0
 10
121.1594816666667
 20
244.5132411111111
 30
0.0
 10
121.1594816666667
 20
245.6527133333333
 30
0.0
 10
121.1594816666667
 20
247.1684818518518
 30
0.0
 10
121.1594816666667
 20
248.6842503703703
 30
0.0
 10
121.1594816666667
 20
250.2000188888888
 30
0.0
 10
120.1599446296296
 20
250.2000188888888
 30
0.0
 10
119.1604075925926
 20
250.2000188888888
 30
0.0
 10
118.1608705555555
 20
250.2000188888888
 30
0.0
 10
118.1608705555555
 20
248.6842503703703
 30
0.0
 10
118.1608705555555
 20
247.1684818518518
 30
0.0
 10
118.1608705555555
 20
245.6527133333333
 30
0.0
 10
118.1608705555555
 20
244.5132411111111
 30
0.0
 10
118.2208427777778
 20
244.6367133333333
 30
0.0
 10
118.2208427777778
 20
243.3772966666667
 30
0.0
 10
118.2208427777778
 20
242.1108244444444
 30
0.0
 10
118.1608705555555
 20
242.2413522222222
 30
0.0
 10
118.1608705555555
 20
241.10188
 30
0.0
 10
114.8553427777778
 20
241.10188
 30
0.0
 10
112.4564538888889
 20
244.3156855555555
 30
0.0
 10
112.4564538888889
 20
246.4711577777778
 30
0.0
 10
112.4564538888889
 20
249.2228244444444
 30
0.0
 10
109.9340927777778
 20
254.4968522222222
 30
0.0
 10
113.3736761111111
 20
257.8235466666666
 30
0.0
 10
116.8132594444444
 20
261.1467133333333
 30
0.0
 10
125.3857594444444
 20
259.3016855555555
 30
0.0
 10
127.3507316666667
 20
259.3016855555555
 30
0.0
 10
127.3507316666667
 20
258.1657411111111
 30
0.0
 10
127.4107038888889
 20
258.2927411111111
 30
0.0
 10
127.4107038888889
 20
257.0297966666666
 30
0.0
 10
127.4107038888889
 20
255.77038
 30
0.0
 10
127.3507316666667
 20
255.8938522222222
 30
0.0
 10
127.3507316666667
 20
254.7508522222222
 30
0.0
 10
127.3507316666667
 20
253.2339077777777
 30
0.0
 10
127.3507316666667
 20
251.7169633333333
 30
0.0
 10
127.3507316666667
 20
250.2000188888888
 30
0.0
 10
127.7928798148148
 20
250.2000188888888
 30
0.0
 10
128.2350279629629
 20
250.2000188888888
 30
0.0
 10
128.6771761111111
 20
250.2000188888888
 30
0.0
  0
ENDSEC
  0
SECTION
  2
OBJECTS
  0
DICTIONARY
  5
C
330
0
100
AcDbDictionary
  3
ACAD_GROUP
350
D
  3
ACAD_LAYOUT
350
1A
  3
ACAD_MATERIAL
350
43
  3
ACAD_MLEADERSTYLE
350
2E7
  3
ACAD_MLINESTYLE
350
17
  3
ACAD_PLOTSETTINGS
350
19
  3
ACAD_SCALELIST
350
47
  3
ACAD_VISUALSTYLE
350
2A
  3
ACDBHEADERROUNDTRIPXREC
350
2C5
  3
ACDBVARIABLEDICTIONARY
350
2E5
  0
DICTIONARY
  5
D
102
{ACAD_REACTORS
330
C
102
}
330
C
100
AcDbDictionary
  0
DICTIONARY
  5
1A
102
{ACAD_REACTORS
330
C
102
}
330
C
100
AcDbDictionary
  0
DICTIONARY
  5
43
102
{ACAD_REACTORS
330
C
102
}
330
C
100
AcDbDictionary
  3
BYBLOCK
350
45
  3
BYLAYER
350
44
  3
GLOBAL
350
46
  0
DICTIONARY
  5
2E7
102
{ACAD_REACTORS
330
C
102
}
330
C
100
AcDbDictionary
  0
DICTIONARY
  5
17
102
{ACAD_REACTORS
330
C
102
}
330
C
100
AcDbDictionary
  3
STANDARD
350
18
  0
DICTIONARY
  5
19
102
{ACAD_REACTORS
330
C
102
}
330
C
100
AcDbDictionary
  0
DICTIONARY
  5
47
102
{ACAD_REACTORS
330
C
102
}
330
C
100
AcDbDictionary
  3
A0
350
48
  3
A1
350
49
  3
A2
350
4A
  3
A3
350
4B
  3
A4
350
4C
  3
A5
350
4D
  3
A6
350
4E
  3
A7
350
4F
  3
A8
350
50
  3
A9
350
51
  3
B0
350
52
  3
B1
350
53
  3
B2
350
54
  3
B3
350
55
  3
B4
350
56
  3
B5
350
57
  3
B6
350
58
  3
B7
350
59
  3
B8
350
5A
  3
B9
350
5B
  3
C0
350
5C
  3
C1
350
5D
  3
C2
350
5E
  3
C3
350
5F
  3
C4
350
60
  3
C5
350
61
  3
C6
350
62
  3
C7
350
63
  3
C8
350
64
  3
C9
350
65
  3
D0
350
66
  3
D1
350
67
  3
D2
350
68
  0
DICTIONARY
  5
2A
102
{ACAD_REACTORS
330
C
102
}
330
C
100
AcDbDictionary
  3
2DWIREFRAME
350
2F
  3
BASIC
350
32
  3
BRIGHTEN
350
36
  3
COLORCHANGE
350
3A
  3
CONCEPTUAL
350
34
  3
DIM
350
35
  3
EDGECOLOROFF
350
3D
  3
FACEPATTERN
350
39
  3
FLAT
350
2B
  3
FLATWITHEDGES
350
2C
  3
GOURAUD
350
2D
  3
GOURAUDWITHEDGES
350
2E
  3
HIDDEN
350
31
  3
JITTEROFF
350
3B
  3
LINEPATTERN
350
38
  3
OVERHANGOFF
350
3C
  3
REALISTIC
350
33
  3
SHADED
350
42
  3
SHADED_WITH_EDGES
350
41
  3
SHADES_OF_GRAY
350
3E
  3
SKETCHY
350
3F
  3
THICKEN
350
37
  3
WIREFRAME
350
30
  3
X-RAY
350
40
  0
DICTIONARY
  5
2C5
102
{ACAD_REACTORS
330
C
102
}
330
C
100
AcDbDictionary
  3
CEPSNTYPE
350
2CE
  3
DIMSTYLEDATA
350
2E4
  3
FINGERPRINTGUID
350
2CF
  3
HYPERLINKBASE
350
2C8
  3
INSUNITS
350
2CD
  3
LAYOUTDICT
350
2CA
  3
LWETCUNION
350
2CC
  3
PLOTSETDICT
350
2CB
  3
PSVPSCALE
350
2D1
  3
PUCSBASE
350
2D4
  3
PUCSORGBACK
350
2DA
  3
PUCSORGBOTTOM
350
2D6
  3
PUCSORGFRONT
350
2D9
  3
PUCSORGLEFT
350
2D7
  3
PUCSORGRIGHT
350
2D8
  3
PUCSORGTOP
350
2D5
  3
PUCSORTHOREF
350
2D2
  3
PUCSORTHOVIEW
350
2D3
  3
STYLESHEET
350
2C9
  3
TSTACKALIGN
350
2C6
  3
TSTACKSIZE
350
2C7
  3
UCSBASE
350
2DD
  3
UCSORGBACK
350
2E3
  3
UCSORGBOTTOM
350
2DF
  3
UCSORGFRONT
350
2E2
  3
UCSORGLEFT
350
2E0
  3
UCSORGRIGHT
350
2E1
  3
UCSORGTOP
350
2DE
  3
UCSORTHOREF
350
2DB
  3
UCSORTHOVIEW
350
2DC
  3
VERSIONGUID
350
2D0
  0
DICTIONARY
  5
2E5
102
{ACAD_REACTORS
330
C
102
}
330
C
100
AcDbDictionary
  3
CANNOSCALE
350
2EC
  3
DIMASSOC
350
2EA
  3
HIDETEXT
350
2EB
  3
MSLTSCALE
350
2ED
  0
MATERIAL
  5
45
102
{ACAD_REACTORS
330
43
102
}
102
{ACAD_XDICTIONARY
360
2F0
102
}
330
43
100
AcDbMaterial
  1
BYBLOCK
  0
MATERIAL
  5
44
102
{ACAD_REACTORS
330
43
102
}
102
{ACAD_XDICTIONARY
360
2EE
102
}
330
43
100
AcDbMaterial
  1
BYLAYER
  0
MATERIAL
  5
46
102
{ACAD_REACTORS
330
43
102
}
102
{ACAD_XDICTIONARY
360
2F2
102
}
330
43
100
AcDbMaterial
  1
GLOBAL
  0
MLINESTYLE
  5
18
102
{ACAD_REACTORS
330
17
102
}
330
17
100
AcDbMlineStyle
  2
Standard
 70
     0
  3

 62
   256
 51
90.0
 52
90.0
 71
     2
 49
0.5
 62
   256
  6
BYLAYER
 49
-0.5
 62
   256
  6
BYLAYER
  0
ACAD_PROXY_OBJECT
  5
48
102
{ACAD_REACTORS
330
47
102
}
330
47
100
AcDbProxyObject
 90
      499
 91
      503
 93
       41
310
903313A31580
  0
ACAD_PROXY_OBJECT
  5
49
102
{ACAD_REACTORS
330
47
102
}
330
47
100
AcDbProxyObject
 90
      499
 91
      503
 93
      105
310
903313A324000000000000004000
  0
ACAD_PROXY_OBJECT
  5
4A
102
{ACAD_REACTORS
330
47
102
}
330
47
100
AcDbProxyObject
 90
      499
 91
      503
 93
      105
310
903313A344000000000000104000
  0
ACAD_PROXY_OBJECT
  5
4B
102
{ACAD_REACTORS
330
47
102
}
330
47
100
AcDbProxyObject
 90
      499
 91
      503
 93
      105
310
903313A354000000000000144000
  0
ACAD_PROXY_OBJECT
  5
4C
102
{ACAD_REACTORS
330
47
102
}
330
47
100
AcDbProxyObject
 90
      499
 91
      503
 93
      105
310
903313A384000000000000204000
  0
ACAD_PROXY_OBJECT
  5
4D
102
{ACAD_REACTORS
330
47
102
}
330
47
100
AcDbProxyObject
 90
      499
 91
      503
 93
      113
310
904313A31304000000000000244000
  0
ACAD_PROXY_OBJECT
  5
4E
102
{ACAD_REACTORS
330
47
102
}
330
47
100
AcDbProxyObject
 90
      499
 91
      503
 93
      113
310
904313A31364000000000000304000
  0
ACAD_PROXY_OBJECT
  5
4F
102
{ACAD_REACTORS
330
47
102
}
330
47
100
AcDbProxyObject
 90
      499
 91
      503
 93
      113
310
904313A32304000000000000344000
  0
ACAD_PROXY_OBJECT
  5
50
102
{ACAD_REACTORS
330
47
102
}
330
47
100
AcDbProxyObject
 90
      499
 91
      503
 93
      113
310
904313A333040000000000003E4000
  0
ACAD_PROXY_OBJECT
  5
51
102
{ACAD_REACTORS
330
47
102
}
330
47
100
AcDbProxyObject
 90
      499
 91
      503
 93
      113
310
904313A34304000000000000444000
  0
ACAD_PROXY_OBJECT
  5
52
102
{ACAD_REACTORS
330
47
102
}
330
47
100
AcDbProxyObject
 90
      499
 91
      503
 93
      113
310
904313A35304000000000000494000
  0
ACAD_PROXY_OBJECT
  5
53
102
{ACAD_REACTORS
330
47
102
}
330
47
100
AcDbProxyObject
 90
      499
 91
      503
 93
      121
310
905313A3130304000000000000594000
  0
ACAD_PROXY_OBJECT
  5
54
102
{ACAD_REACTORS
330
47
102
}
330
47
100
AcDbProxyObject
 90
      499
 91
      503
 93
      105
310
903323A310000000000000010100
  0
ACAD_PROXY_OBJECT
  5
55
102
{ACAD_REACTORS
330
47
102
}
330
47
100
AcDbProxyObject
 90
      499
 91
      503
 93
      105
310
903343A310000000000000410100
  0
ACAD_PROXY_OBJECT
  5
56
102
{ACAD_REACTORS
330
47
102
}
330
47
100
AcDbProxyObject
 90
      499
 91
      503
 93
      105
310
903383A310000000000000810100
  0
ACAD_PROXY_OBJECT
  5
57
102
{ACAD_REACTORS
330
47
102
}
330
47
100
AcDbProxyObject
 90
      499
 91
      503
 93
      113
310
90431303A310000000000000910100
  0
ACAD_PROXY_OBJECT
  5
58
102
{ACAD_REACTORS
330
47
102
}
330
47
100
AcDbProxyObject
 90
      499
 91
      503
 93
      121
310
9053130303A310000000000001650100
  0
ACAD_PROXY_OBJECT
  5
59
102
{ACAD_REACTORS
330
47
102
}
330
47
100
AcDbProxyObject
 90
      499
 91
      503
 93
      257
310
90E312F31323822203D2031272D3022000000000000200FC000000000000284000
  0
ACAD_PROXY_OBJECT
  5
5A
102
{ACAD_REACTORS
330
47
102
}
330
47
100
AcDbProxyObject
 90
      499
 91
      503
 93
      249
310
90D312F363422203D2031272D3022000000000000240FC000000000000284000
  0
ACAD_PROXY_OBJECT
  5
5B
102
{ACAD_REACTORS
330
47
102
}
330
47
100
AcDbProxyObject
 90
      499
 91
      503
 93
      249
310
90D312F333222203D2031272D3022000000000000280FC000000000000284000
  0
ACAD_PROXY_OBJECT
  5
5C
102
{ACAD_REACTORS
330
47
102
}
330
47
100
AcDbProxyObject
 90
      499
 91
      503
 93
      249
310
90D312F313622203D2031272D30220000000000002C0FC000000000000284000
  0
ACAD_PROXY_OBJECT
  5
5D
102
{ACAD_REACTORS
330
47
102
}
330
47
100
AcDbProxyObject
 90
      499
 91
      503
 93
      249
310
90D332F333222203D2031272D30220000000000002E0FC000000000000284000
  0
ACAD_PROXY_OBJECT
  5
5E
102
{ACAD_REACTORS
330
47
102
}
330
47
100
AcDbProxyObject
 90
      499
 91
      503
 93
      241
310
90C312F3822203D2031272D3022000000000000300FC000000000000284000
  0
ACAD_PROXY_OBJECT
  5
5F
102
{ACAD_REACTORS
330
47
102
}
330
47
100
AcDbProxyObject
 90
      499
 91
      503
 93
      249
310
90D332F313622203D2031272D3022000000000000320FC000000000000284000
  0
ACAD_PROXY_OBJECT
  5
60
102
{ACAD_REACTORS
330
47
102
}
330
47
100
AcDbProxyObject
 90
      499
 91
      503
 93
      241
310
90C312F3422203D2031272D3022000000000000340FC000000000000284000
  0
ACAD_PROXY_OBJECT
  5
61
102
{ACAD_REACTORS
330
47
102
}
330
47
100
AcDbProxyObject
 90
      499
 91
      503
 93
      241
310
90C332F3822203D2031272D3022000000000000360FC000000000000284000
  0
ACAD_PROXY_OBJECT
  5
62
102
{ACAD_REACTORS
330
47
102
}
330
47
100
AcDbProxyObject
 90
      499
 91
      503
 93
      241
310
90C312F3222203D2031272D3022000000000000380FC000000000000284000
  0
ACAD_PROXY_OBJECT
  5
63
102
{ACAD_REACTORS
330
47
102
}
330
47
100
AcDbProxyObject
 90
      499
 91
      503
 93
      241
310
90C332F3422203D2031272D30220000000000003A0FC000000000000284000
  0
ACAD_PROXY_OBJECT
  5
64
102
{ACAD_REACTORS
330
47
102
}
330
47
100
AcDbProxyObject
 90
      499
 91
      503
 93
      161
310
90A3122203D2031272D30224000000000000284000
  0
ACAD_PROXY_OBJECT
  5
65
102
{ACAD_REACTORS
330
47
102
}
330
47
100
AcDbProxyObject
 90
      499
 91
      503
 93
      257
310
90E312D312F3222203D2031272D30220000000000003E0FC000000000000284000
  0
ACAD_PROXY_OBJECT
  5
66
102
{ACAD_REACTORS
330
47
102
}
330
47
100
AcDbProxyObject
 90
      499
 91
      503
 93
      225
310
90A3322203D2031272D302200000000000002100000000000000284000
  0
ACAD_PROXY_OBJECT
  5
67
102
{ACAD_REACTORS
330
47
102
}
330
47
100
AcDbProxyObject
 90
      499
 91
      503
 93
      225
310
90A3622203D2031272D302200000000000006100000000000000284000
  0
ACAD_PROXY_OBJECT
  5
68
102
{ACAD_REACTORS
330
47
102
}
330
47
100
AcDbProxyObject
 90
      499
 91
      503
 93
      249
310
90D31272D3022203D2031272D30220000000000000A100000000000000284000
  0
ACAD_PROXY_OBJECT
  5
2F
102
{ACAD_REACTORS
330
2A
102
}
330
2A
100
AcDbProxyObject
 90
      499
 91
      501
 93
      436
310
42CC9915DA5C99599C985B595049028333333333333E33F0000000000000F90107901411070040501600405405064090741402480A0340
1001
ACAD
1000
AcDbSavedByObjectVersion
1070
     0
  0
ACAD_PROXY_OBJECT
  5
32
102
{ACAD_REACTORS
330
2A
102
}
330
2A
100
AcDbProxyObject
 90
      499
 91
      501
 93
      388
310
4150985CDA58D07406404333333333333E33F0000000000000F90107A41107004050150841D405064090741402480A0350
1001
ACAD
1000
AcDbSavedByObjectVersion
1070
     0
  0
ACAD_PROXY_OBJECT
  5
36
102
{ACAD_REACTORS
330
2A
102
}
330
2A
100
AcDbProxyObject
 90
      499
 91
      501
 93
      428
310
42109C9A59DA1D195B90C409028333333333333E33F0000000000000F9010790141107004050150841D405064090741402480A029950
1001
ACAD
1000
AcDbSavedByObjectVersion
1070
     0
  0
ACAD_PROXY_OBJECT
  5
3A
102
{ACAD_REACTORS
330
2A
102
}
330
2A
100
AcDbProxyObject
 90
      499
 91
      501
 93
      452
310
42D0DBDB1BDC90DA185B99D95104090240C333333333333E33F0000000000000F90108901411070040501508421405064090741402480A0350
1001
ACAD
1000
AcDbSavedByObjectVersion
1070
     0
  0
ACAD_PROXY_OBJECT
  5
34
102
{ACAD_REACTORS
330
2A
102
}
330
2A
100
AcDbProxyObject
 90
      499
 91
      501
 93
      500
310
4290DBDB98D95C1D1D585B10940D028333333333333E33F0000000000000F90107902409070040501000000000018199010841D405064090740C02480A0340
1001
ACAD
1000
AcDbSavedByObjectVersion
1070
     0
  0
ACAD_PROXY_OBJECT
  5
35
102
{ACAD_REACTORS
330
2A
102
}
330
2A
100
AcDbProxyObject
 90
      499
 91
      501
 93
      412
310
40D11A5B50B409028333333333333E33F0000000000000F9010790141107004050150841D405064090741402480A02677FFFFFD0
1001
ACAD
1000
AcDbSavedByObjectVersion
1070
     0
  0
ACAD_PROXY_OBJECT
  5
3D
102
{ACAD_REACTORS
330
2A
102
}
330
2A
100
AcDbProxyObject
 90
      499
 91
      501
 93
      452
310
43115919D950DBDB1BDC93D999916409028333333333333E33F0000000000000F9010790141107004050150841D405064090741402480A0350
1001
ACAD
1000
AcDbSavedByObjectVersion
1070
     0
  0
ACAD_PROXY_OBJECT
  5
39
102
{ACAD_REACTORS
330
2A
102
}
330
2A
100
AcDbProxyObject
 90
      499
 91
      501
 93
      444
310
42D19858D95C185D1D195C9B90F409028333333333333E33F0000000000000F9010790141107004050150841D405064090741402480A0350
1001
ACAD
1000
AcDbSavedByObjectVersion
1070
     0
  0
ACAD_PROXY_OBJECT
  5
2B
102
{ACAD_REACTORS
330
2A
102
}
330
2A
100
AcDbProxyObject
 90
      499
 91
      501
 93
      380
310
41119B185D240901404333333333333E33F0000000000000F9010740A907004050150841D405064090741402480A1B50
1001
ACAD
1000
AcDbSavedByObjectVersion
1070
     0
  0
ACAD_PROXY_OBJECT
  5
2C
102
{ACAD_REACTORS
330
2A
102
}
330
2A
100
AcDbProxyObject
 90
      499
 91
      501
 93
      468
310
43519B185D15DA5D1A115919D95CD0140901404333333333333E33F0000000000000F90107409019070040501600405405064090741402480A1B50
1001
ACAD
1000
AcDbSavedByObjectVersion
1070
     0
  0
ACAD_PROXY_OBJECT
  5
2D
102
{ACAD_REACTORS
330
2A
102
}
330
2A
100
AcDbProxyObject
 90
      499
 91
      501
 93
      404
310
41D1DBDD5C985D5910240902404333333333333E33F0000000000000F9010740A9070040501641D405064090741402480A1B50
1001
ACAD
1000
AcDbSavedByObjectVersion
1070
     0
  0
ACAD_PROXY_OBJECT
  5
2E
102
{ACAD_REACTORS
330
2A
102
}
330
2A
100
AcDbProxyObject
 90
      499
 91
      501
 93
      492
310
4411DBDD5C985D5915DA5D1A115919D95CD0340902404333333333333E33F0000000000000F90107409019070040501600405405064090741402480A1B50
1001
ACAD
1000
AcDbSavedByObjectVersion
1070
     0
  0
ACAD_PROXY_OBJECT
  5
31
102
{ACAD_REACTORS
330
2A
102
}
330
2A
100
AcDbProxyObject
 90
      499
 91
      501
 93
      476
310
41921A5919195B90640502408333333333333E33F0000000000000F901079024090700405020000000000001110200405405064090740C02480A0340
1001
ACAD
1000
AcDbSavedByObjectVersion
1070
     0
  0
ACAD_PROXY_OBJECT
  5
3B
102
{ACAD_REACTORS
330
2A
102
}
330
2A
100
AcDbProxyObject
 90
      499
 91
      501
 93
      428
310
42529A5D1D195C93D999914409028333333333333E33F0000000000000F9010790141107004050150A41D405064090741402480A0350
1001
ACAD
1000
AcDbSavedByObjectVersion
1070
     0
  0
ACAD_PROXY_OBJECT
  5
38
102
{ACAD_REACTORS
330
2A
102
}
330
2A
100
AcDbProxyObject
 90
      499
 91
      501
 93
      444
310
42D31A5B995C185D1D195C9B90E409028333333333333E33F0000000000000F9010790141107004050750841D405064090741402483A0350
1001
ACAD
1000
AcDbSavedByObjectVersion
1070
     0
  0
ACAD_PROXY_OBJECT
  5
3C
102
{ACAD_REACTORS
330
2A
102
}
330
2A
100
AcDbProxyObject
 90
      499
 91
      501
 93
      444
310
42D3DD995C9A185B99D3D999915409028333333333333E33F0000000000000F9010790141107004050150941D405064090741402480A0350
1001
ACAD
1000
AcDbSavedByObjectVersion
1070
     0
  0
ACAD_PROXY_OBJECT
  5
33
102
{ACAD_REACTORS
330
2A
102
}
330
2A
100
AcDbProxyObject
 90
      499
 91
      501
 93
      428
310
425499585B1A5CDD1A58D08409038333333333333E33F0000000000000F9010740A907004050150800405405064090740C02480A1B40
1001
ACAD
1000
AcDbSavedByObjectVersion
1070
     0
  0
ACAD_PROXY_OBJECT
  5
42
102
{ACAD_REACTORS
330
2A
102
}
330
2A
100
AcDbProxyObject
 90
      499
 91
      501
 93
      420
310
4194DA1859195911B40902404333333333333E33F0000000000000F9010740A41107004050150800405405064090840C02480A0B40
1001
ACAD
1000
AcDbSavedByObjectVersion
1070
     0
  0
ACAD_PROXY_OBJECT
  5
41
102
{ACAD_REACTORS
330
2A
102
}
330
2A
100
AcDbProxyObject
 90
      499
 91
      501
 93
      516
310
4454DA18591959081DDA5D1A08195919D95CD1A40902404333333333333E33F0000000000000F901074090142907004050250800405405064090740C02480A0B40
1001
ACAD
1000
AcDbSavedByObjectVersion
1070
     0
  0
ACAD_PROXY_OBJECT
  5
3E
102
{ACAD_REACTORS
330
2A
102
}
330
2A
100
AcDbProxyObject
 90
      499
 91
      501
 93
      532
310
4394DA1859195CC81BD98811DC985E5174090240C333333333333E33F0000000000000F901079024090741D01000000000000111010841D405064090740C02480A0340
1001
ACAD
1000
AcDbSavedByObjectVersion
1070
     0
  0
ACAD_PROXY_OBJECT
  5
3F
102
{ACAD_REACTORS
330
2A
102
}
330
2A
100
AcDbProxyObject
 90
      499
 91
      501
 93
      476
310
41D4DAD95D18DA1E51840502408333333333333E33F0000000000000F901079024090741D01000000000000111010B41D405064090741802480A0340
1001
ACAD
1000
AcDbSavedByObjectVersion
1070
     0
  0
ACAD_PROXY_OBJECT
  5
37
102
{ACAD_REACTORS
330
2A
102
}
330
2A
100
AcDbProxyObject
 90
      499
 91
      501
 93
      412
310
41D51A1A58DAD95B90D409028333333333333E33F0000000000000F9010790141107004050150C41D405064090741402480A0350
1001
ACAD
1000
AcDbSavedByObjectVersion
1070
     0
  0
ACAD_PROXY_OBJECT
  5
30
102
{ACAD_REACTORS
330
2A
102
}
330
2A
100
AcDbProxyObject
 90
      499
 91
      501
 93
      420
310
4255DA5C99599C985B595059028333333333333E33F0000000000000F90107901411070040501600405405064090740C02480A0340
1001
ACAD
1000
AcDbSavedByObjectVersion
1070
     0
  0
ACAD_PROXY_OBJECT
  5
40
102
{ACAD_REACTORS
330
2A
102
}
330
2A
100
AcDbProxyObject
 90
      499
 91
      501
 93
      404
310
41560B54985E51940902404000000000000E03F0000000000000F9010740501907004050150841D405064090740C02480A1B40
1001
ACAD
1000
AcDbSavedByObjectVersion
1070
     0
  0
XRECORD
  5
2CE
102
{ACAD_REACTORS
330
2C5
102
}
330
2C5
100
AcDbXrecord
 90
        0
  0
XRECORD
  5
2E4
102
{ACAD_REACTORS
330
2C5
102
}
330
2C5
100
AcDbXrecord
1000
DSTYLE
1002
{
1070
   279
 70
     2
1070
   340
340
11
1002
}
  0
XRECORD
  5
2CF
102
{ACAD_REACTORS
330
2C5
102
}
330
2C5
100
AcDbXrecord
  1
{CAA50B30-751C-4531-8F32-FA83779EE284}
  0
XRECORD
  5
2C8
102
{ACAD_REACTORS
330
2C5
102
}
330
2C5
100
AcDbXrecord
  1

  0
XRECORD
  5
2CD
102
{ACAD_REACTORS
330
2C5
102
}
330
2C5
100
AcDbXrecord
 90
        4
  0
XRECORD
  5
2CA
102
{ACAD_REACTORS
330
2C5
102
}
330
2C5
100
AcDbXrecord
340
1A
  0
XRECORD
  5
2CC
102
{ACAD_REACTORS
330
2C5
102
}
330
2C5
100
AcDbXrecord
 90
    10781
  0
XRECORD
  5
2CB
102
{ACAD_REACTORS
330
2C5
102
}
330
2C5
100
AcDbXrecord
340
19
  0
XRECORD
  5
2D1
102
{ACAD_REACTORS
330
2C5
102
}
330
2C5
100
AcDbXrecord
 40
0.0
  0
XRECORD
  5
2D4
102
{ACAD_REACTORS
330
2C5
102
}
330
2C5
100
AcDbXrecord
340
0
  0
XRECORD
  5
2DA
102
{ACAD_REACTORS
330
2C5
102
}
330
2C5
100
AcDbXrecord
 10
0.0
 20
0.0
 30
0.0
  0
XRECORD
  5
2D6
102
{ACAD_REACTORS
330
2C5
102
}
330
2C5
100
AcDbXrecord
 10
0.0
 20
0.0
 30
0.0
  0
XRECORD
  5
2D9
102
{ACAD_REACTORS
330
2C5
102
}
330
2C5
100
AcDbXrecord
 10
0.0
 20
0.0
 30
0.0
  0
XRECORD
  5
2D7
102
{ACAD_REACTORS
330
2C5
102
}
330
2C5
100
AcDbXrecord
 10
0.0
 20
0.0
 30
0.0
  0
XRECORD
  5
2D8
102
{ACAD_REACTORS
330
2C5
102
}
330
2C5
100
AcDbXrecord
 10
0.0
 20
0.0
 30
0.0
  0
XRECORD
  5
2D5
102
{ACAD_REACTORS
330
2C5
102
}
330
2C5
100
AcDbXrecord
 10
0.0
 20
0.0
 30
0.0
  0
XRECORD
  5
2D2
102
{ACAD_REACTORS
330
2C5
102
}
330
2C5
100
AcDbXrecord
340
0
  0
XRECORD
  5
2D3
102
{ACAD_REACTORS
330
2C5
102
}
330
2C5
100
AcDbXrecord
 70
     0
  0
XRECORD
  5
2C9
102
{ACAD_REACTORS
330
2C5
102
}
330
2C5
100
AcDbXrecord
  1

  0
XRECORD
  5
2C6
102
{ACAD_REACTORS
330
2C5
102
}
330
2C5
100
AcDbXrecord
 90
        1
  0
XRECORD
  5
2C7
102
{ACAD_REACTORS
330
2C5
102
}
330
2C5
100
AcDbXrecord
 90
       70
  0
XRECORD
  5
2DD
102
{ACAD_REACTORS
330
2C5
102
}
330
2C5
100
AcDbXrecord
340
0
  0
XRECORD
  5
2E3
102
{ACAD_REACTORS
330
2C5
102
}
330
2C5
100
AcDbXrecord
 10
0.0
 20
0.0
 30
0.0
  0
XRECORD
  5
2DF
102
{ACAD_REACTORS
330
2C5
102
}
330
2C5
100
AcDbXrecord
 10
0.0
 20
0.0
 30
0.0
  0
XRECORD
  5
2E2
102
{ACAD_REACTORS
330
2C5
102
}
330
2C5
100
AcDbXrecord
 10
0.0
 20
0.0
 30
0.0
  0
XRECORD
  5
2E0
102
{ACAD_REACTORS
330
2C5
102
}
330
2C5
100
AcDbXrecord
 10
0.0
 20
0.0
 30
0.0
  0
XRECORD
  5
2E1
102
{ACAD_REACTORS
330
2C5
102
}
330
2C5
100
AcDbXrecord
 10
0.0
 20
0.0
 30
0.0
  0
XRECORD
  5
2DE
102
{ACAD_REACTORS
330
2C5
102
}
330
2C5
100
AcDbXrecord
 10
0.0
 20
0.0
 30
0.0
  0
XRECORD
  5
2DB
102
{ACAD_REACTORS
330
2C5
102
}
330
2C5
100
AcDbXrecord
340
0
  0
XRECORD
  5
2DC
102
{ACAD_REACTORS
330
2C5
102
}
330
2C5
100
AcDbXrecord
 70
     0
  0
XRECORD
  5
2D0
102
{ACAD_REACTORS
330
2C5
102
}
330
2C5
100
AcDbXrecord
  1
{FAEB1C32-E019-11D5-929B-00C0DF256EC4}
  0
DICTIONARYVAR
  5
2EC
102
{ACAD_REACTORS
330
2E5
102
}
330
2E5
100
DictionaryVariables
280
     0
  1
1:1
  0
DICTIONARYVAR
  5
2EA
102
{ACAD_REACTORS
330
2E5
102
}
330
2E5
100
DictionaryVariables
280
     0
  1
2
  0
DICTIONARYVAR
  5
2EB
102
{ACAD_REACTORS
330
2E5
102
}
330
2E5
100
DictionaryVariables
280
     0
  1
1
  0
DICTIONARYVAR
  5
2ED
102
{ACAD_REACTORS
330
2E5
102
}
330
2E5
100
DictionaryVariables
280
     0
  1
1
  0
DICTIONARY
  5
2F0
330
45
100
AcDbDictionary
280
     1
  3
ACAD_XREC_ROUNDTRIP
360
2F1
  0
DICTIONARY
  5
2EE
330
44
100
AcDbDictionary
280
     1
  3
ACAD_XREC_ROUNDTRIP
360
2EF
  0
DICTIONARY
  5
2F2
330
46
100
AcDbDictionary
280
     1
  3
ACAD_XREC_ROUNDTRIP
360
2F3
  0
XRECORD
  5
2F1
102
{ACAD_REACTORS
330
2F0
102
}
330
2F0
100
AcDbXrecord
102
MATERIAL
148
0.0
149
0.0
149
0.0
 93
        0
 94
      127
282
     0
 72
     1
 77
     1
171
     1
175
     1
179
     1
273
     0
  0
XRECORD
  5
2EF
102
{ACAD_REACTORS
330
2EE
102
}
330
2EE
100
AcDbXrecord
102
MATERIAL
148
0.0
149
0.0
149
0.0
 93
        0
 94
      127
282
     0
 72
     1
 77
     1
171
     1
175
     1
179
     1
273
     0
  0
XRECORD
  5
2F3
102
{ACAD_REACTORS
330
2F2
102
}
330
2F2
100
AcDbXrecord
102
MATERIAL
148
0.0
149
0.0
149
0.0
 93
        0
 94
      127
282
     0
 72
     1
 77
     1
171
     1
175
     1
179
     1
273
     0
  0
ENDSEC
  0
EOF
