  0
SECTION
  2
HEADER
  9
$ACADVER
  1
AC1014
  9
$ACADMAINTVER
 70
     9
  9
$DWGCODEPAGE
  3
ANSI_1252
  9
$INSBASE
 10
0.0
 20
0.0
 30
0.0
  9
$EXTMIN
 10
0.0999772222222323
 20
0.1000477777777778
 30
0.0
  9
$EXTMAX
 10
200.09993
 20
300.1001533333334
 30
0.0
  9
$LIMMIN
 10
0.0
 20
0.0
  9
$LIMMAX
 10
12.0
 20
9.0
  9
$ORTHOMODE
 70
     0
  9
$REGENMODE
 70
     1
  9
$FILLMODE
 70
     1
  9
$QTEXTMODE
 70
     0
  9
$MIRRTEXT
 70
     1
  9
$DRAGMODE
 70
     2
  9
$LTSCALE
 40
1.0
  9
$OSMODE
 70
    37
  9
$ATTMODE
 70
     1
  9
$TEXTSIZE
 40
0.2
  9
$TRACEWID
 40
0.05
  9
$TEXTSTYLE
  7
STANDARD
  9
$CLAYER
  8
DEFAULT
  9
$CELTYPE
  6
BYLAYER
  9
$CECOLOR
 62
   256
  9
$CELTSCALE
 40
1.0
  9
$DELOBJ
 70
     1
  9
$DISPSILH
 70
     0
  9
$DIMSCALE
 40
1.0
  9
$DIMASZ
 40
0.18
  9
$DIMEXO
 40
0.0625
  9
$DIMDLI
 40
0.38
  9
$DIMRND
 40
0.0
  9
$DIMDLE
 40
0.0
  9
$DIMEXE
 40
0.18
  9
$DIMTP
 40
0.0
  9
$DIMTM
 40
0.0
  9
$DIMTXT
 40
0.18
  9
$DIMCEN
 40
0.09
  9
$DIMTSZ
 40
0.0
  9
$DIMTOL
 70
     0
  9
$DIMLIM
 70
     0
  9
$DIMTIH
 70
     1
  9
$DIMTOH
 70
     1
  9
$DIMSE1
 70
     0
  9
$DIMSE2
 70
     0
  9
$DIMTAD
 70
     0
  9
$DIMZIN
 70
     0
  9
$DIMBLK
  1

  9
$DIMASO
 70
     1
  9
$DIMSHO
 70
     1
  9
$DIMPOST
  1

  9
$DIMAPOST
  1

  9
$DIMALT
 70
     0
  9
$DIMALTD
 70
     2
  9
$DIMALTF
 40
25.4
  9
$DIMLFAC
 40
1.0
  9
$DIMTOFL
 70
     0
  9
$DIMTVP
 40
0.0
  9
$DIMTIX
 70
     0
  9
$DIMSOXD
 70
     0
  9
$DIMSAH
 70
     0
  9
$DIMBLK1
  1

  9
$DIMBLK2
  1

  9
$DIMSTYLE
  2
STANDARD
  9
$DIMCLRD
 70
     0
  9
$DIMCLRE
 70
     0
  9
$DIMCLRT
 70
     0
  9
$DIMTFAC
 40
1.0
  9
$DIMGAP
 40
0.09
  9
$DIMJUST
 70
     0
  9
$DIMSD1
 70
     0
  9
$DIMSD2
 70
     0
  9
$DIMTOLJ
 70
     1
  9
$DIMTZIN
 70
     0
  9
$DIMALTZ
 70
     0
  9
$DIMALTTZ
 70
     0
  9
$DIMFIT
 70
     5
  9
$DIMUPT
 70
     0
  9
$DIMUNIT
 70
     2
  9
$DIMDEC
 70
     4
  9
$DIMTDEC
 70
     4
  9
$DIMALTU
 70
     2
  9
$DIMALTTD
 70
     2
  9
$DIMTXSTY
  7
STANDARD
  9
$DIMAUNIT
 70
     0
  9
$LUNITS
 70
     2
  9
$LUPREC
 70
     3
  9
$SKETCHINC
 40
0.1
  9
$FILLETRAD
 40
0.5
  9
$AUNITS
 70
     0
  9
$AUPREC
 70
     0
  9
$MENU
  1
.
  9
$ELEVATION
 40
0.0
  9
$PELEVATION
 40
0.0
  9
$THICKNESS
 40
0.0
  9
$LIMCHECK
 70
     0
  9
$CHAMFERA
 40
0.0
  9
$CHAMFERB
 40
0.0
  9
$CHAMFERC
 40
0.0
  9
$CHAMFERD
 40
0.0
  9
$SKPOLY
 70
     0
  9
$TDCREATE
 40
2459351.670655694
  9
$TDUPDATE
 40
2459351.670695741
  9
$TDINDWG
 40
0.0000000116
  9
$TDUSRTIMER
 40
0.0000000116
  9
$USRTIMER
 70
     1
  9
$ANGBASE
 50
0.0
  9
$ANGDIR
 70
     0
  9
$PDMODE
 70
     0
  9
$PDSIZE
 40
0.0
  9
$PLINEWID
 40
0.0
  9
$COORDS
 70
     1
  9
$SPLFRAME
 70
     0
  9
$SPLINETYPE
 70
     6
  9
$SPLINESEGS
 70
     8
  9
$ATTDIA
 70
     0
  9
$ATTREQ
 70
     1
  9
$HANDLING
 70
     1
  9
$HANDSEED
  5
36D
  9
$SURFTAB1
 70
     6
  9
$SURFTAB2
 70
     6
  9
$SURFTYPE
 70
     6
  9
$SURFU
 70
     6
  9
$SURFV
 70
     6
  9
$UCSNAME
  2

  9
$UCSORG
 10
0.0
 20
0.0
 30
0.0
  9
$UCSXDIR
 10
1.0
 20
0.0
 30
0.0
  9
$UCSYDIR
 10
0.0
 20
1.0
 30
0.0
  9
$PUCSNAME
  2

  9
$PUCSORG
 10
0.0
 20
0.0
 30
0.0
  9
$PUCSXDIR
 10
1.0
 20
0.0
 30
0.0
  9
$PUCSYDIR
 10
0.0
 20
1.0
 30
0.0
  9
$USERI1
 70
     0
  9
$USERI2
 70
     0
  9
$USERI3
 70
     0
  9
$USERI4
 70
     0
  9
$USERI5
 70
     0
  9
$USERR1
 40
0.0
  9
$USERR2
 40
0.0
  9
$USERR3
 40
0.0
  9
$USERR4
 40
0.0
  9
$USERR5
 40
0.0
  9
$WORLDVIEW
 70
     1
  9
$SHADEDGE
 70
     3
  9
$SHADEDIF
 70
    70
  9
$TILEMODE
 70
     1
  9
$MAXACTVP
 70
    64
  9
$PINSBASE
 10
0.0
 20
0.0
 30
0.0
  9
$PLIMCHECK
 70
     0
  9
$PEXTMIN
 10
1.000000000000000E+20
 20
1.000000000000000E+20
 30
1.000000000000000E+20
  9
$PEXTMAX
 10
-1.000000000000000E+20
 20
-1.000000000000000E+20
 30
-1.000000000000000E+20
  9
$PLIMMIN
 10
0.0
 20
0.0
  9
$PLIMMAX
 10
12.0
 20
9.0
  9
$UNITMODE
 70
     0
  9
$VISRETAIN
 70
     1
  9
$PLINEGEN
 70
     0
  9
$PSLTSCALE
 70
     1
  9
$TREEDEPTH
 70
  3020
  9
$PICKSTYLE
 70
     1
  9
$CMLSTYLE
  2
STANDARD
  9
$CMLJUST
 70
     0
  9
$CMLSCALE
 40
1.0
  9
$PROXYGRAPHICS
 70
     1
  9
$MEASUREMENT
 70
     0
  0
ENDSEC
  0
SECTION
  2
CLASSES
  0
CLASS
  1
ACDBDICTIONARYWDFLT
  2
AcDbDictionaryWithDefault
  3
ObjectDBX Classes
 90
        0
280
     0
281
     0
  0
CLASS
  1
VISUALSTYLE
  2
AcDbVisualStyle
  3
ObjectDBX Classes
 90
     4095
280
     0
281
     0
  0
CLASS
  1
MATERIAL
  2
AcDbMaterial
  3
ObjectDBX Classes
 90
     1153
280
     0
281
     0
  0
CLASS
  1
SCALE
  2
AcDbScale
  3
ObjectDBX Classes
 90
     1153
280
     0
281
     0
  0
CLASS
  1
SUN
  2
AcDbSun
  3
SCENEOE
 90
     1153
280
     0
281
     0
  0
CLASS
  1
DICTIONARYVAR
  2
AcDbDictionaryVar
  3
ObjectDBX Classes
 90
        0
280
     0
281
     0
  0
CLASS
  1
XRECORD
  2
AcDbXrecord
  3
ObjectDBX Classes
 90
        0
280
     0
281
     0
  0
CLASS
  1
LWPOLYLINE
  2
AcDbPolyline
  3
ObjectDBX Classes
 90
        0
280
     0
281
     1
  0
CLASS
  1
HATCH
  2
AcDbHatch
  3
ObjectDBX Classes
 90
        0
280
     0
281
     1
  0
CLASS
  1
ACDBPLACEHOLDER
  2
AcDbPlaceHolder
  3
ObjectDBX Classes
 90
        0
280
     0
281
     0
  0
CLASS
  1
LAYOUT
  2
AcDbLayout
  3
ObjectDBX Classes
 90
        0
280
     0
281
     0
  0
ENDSEC
  0
SECTION
  2
TABLES
  0
TABLE
  2
VPORT
  5
8
330
0
100
AcDbSymbolTable
 70
     1
  0
VPORT
  5
29
330
8
100
AcDbSymbolTableRecord
100
AcDbViewportTableRecord
  2
*ACTIVE
 70
     0
 10
0.0
 20
0.0
 11
1.0
 21
1.0
 12
100.0999536111111
 22
150.1001005555556
 13
0.0
 23
0.0
 14
0.5
 24
0.5
 15
0.5
 25
0.5
 16
0.0
 26
0.0
 36
1.0
 17
0.0
 27
0.0
 37
0.0
 40
306.0001076666667
 41
0.6666662746914958
 42
50.0
 43
0.0
 44
0.0
 50
0.0
 51
0.0
 71
     0
 72
   100
 73
     1
 74
     3
 75
     0
 76
     0
 77
     0
 78
     0
  0
ENDTAB
  0
TABLE
  2
LTYPE
  5
5
330
0
100
AcDbSymbolTable
 70
     1
  0
LTYPE
  5
14
330
5
100
AcDbSymbolTableRecord
100
AcDbLinetypeTableRecord
  2
BYBLOCK
 70
     0
  3

 72
    65
 73
     0
 40
0.0
  0
LTYPE
  5
15
330
5
100
AcDbSymbolTableRecord
100
AcDbLinetypeTableRecord
  2
BYLAYER
 70
     0
  3

 72
    65
 73
     0
 40
0.0
  0
LTYPE
  5
16
330
5
100
AcDbSymbolTableRecord
100
AcDbLinetypeTableRecord
  2
CONTINUOUS
 70
     0
  3
Solid line
 72
    65
 73
     0
 40
0.0
  0
ENDTAB
  0
TABLE
  2
LAYER
  5
2
330
0
100
AcDbSymbolTable
 70
     2
  0
LAYER
  5
10
330
2
100
AcDbSymbolTableRecord
100
AcDbLayerTableRecord
  2
0
 70
     0
 62
     7
  6
CONTINUOUS
  0
LAYER
  5
6A
330
2
100
AcDbSymbolTableRecord
100
AcDbLayerTableRecord
  2
DEFAULT
 70
     0
 62
     7
  6
CONTINUOUS
  0
ENDTAB
  0
TABLE
  2
STYLE
  5
3
330
0
100
AcDbSymbolTable
 70
     1
  0
STYLE
  5
11
330
3
100
AcDbSymbolTableRecord
100
AcDbTextStyleTableRecord
  2
STANDARD
 70
     0
 40
0.0
 41
1.0
 50
0.0
 71
     0
 42
0.2
  3
txt
  4

  0
ENDTAB
  0
TABLE
  2
VIEW
  5
6
330
0
100
AcDbSymbolTable
 70
     0
  0
ENDTAB
  0
TABLE
  2
UCS
  5
7
330
0
100
AcDbSymbolTable
 70
     0
  0
ENDTAB
  0
TABLE
  2
APPID
  5
9
330
0
100
AcDbSymbolTable
 70
     1
  0
APPID
  5
12
330
9
100
AcDbSymbolTableRecord
100
AcDbRegAppTableRecord
  2
ACAD
 70
     0
  0
ENDTAB
  0
TABLE
  2
DIMSTYLE
  5
A
330
0
100
AcDbSymbolTable
 70
     1
  0
DIMSTYLE
105
27
330
A
100
AcDbSymbolTableRecord
100
AcDbDimStyleTableRecord
  2
STANDARD
 70
     0
  3

  4

  5

  6

  7

 40
1.0
 41
0.18
 42
0.0625
 43
0.38
 44
0.18
 45
0.0
 46
0.0
 47
0.0
 48
0.0
140
0.18
141
0.09
142
0.0
143
25.4
144
1.0
145
0.0
146
1.0
147
0.09
 71
     0
 72
     0
 73
     1
 74
     1
 75
     0
 76
     0
 77
     0
 78
     0
170
     0
171
     2
172
     0
173
     0
174
     0
175
     0
176
     0
177
     0
178
     0
270
     2
271
     4
272
     4
273
     2
274
     2
340
11
275
     0
280
     0
281
     0
282
     0
283
     1
284
     0
285
     0
286
     0
287
     3
288
     0
  0
ENDTAB
  0
TABLE
  2
BLOCK_RECORD
  5
1
330
0
100
AcDbSymbolTable
 70
     1
  0
BLOCK_RECORD
  5
1F
330
1
100
AcDbSymbolTableRecord
100
AcDbBlockTableRecord
  2
*MODEL_SPACE
  0
BLOCK_RECORD
  5
1B
330
1
100
AcDbSymbolTableRecord
100
AcDbBlockTableRecord
  2
*PAPER_SPACE
  0
ENDTAB
  0
ENDSEC
  0
SECTION
  2
BLOCKS
  0
BLOCK
  5
20
330
1F
100
AcDbEntity
  8
0
100
AcDbBlockBegin
  2
*MODEL_SPACE
 70
     0
 10
0.0
 20
0.0
 30
0.0
  3
*MODEL_SPACE
  1

  0
ENDBLK
  5
21
330
1F
100
AcDbEntity
  8
0
100
AcDbBlockEnd
  0
BLOCK
  5
1C
330
1B
100
AcDbEntity
 67
     1
  8
0
100
AcDbBlockBegin
  2
*PAPER_SPACE
 70
     0
 10
0.0
 20
0.0
 30
0.0
  3
*PAPER_SPACE
  1

  0
ENDBLK
  5
1D
330
1B
100
AcDbEntity
 67
     1
  8
0
100
AcDbBlockEnd
  0
ENDSEC
  0
SECTION
  2
ENTITIES
  0
POLYLINE
  5
6B
330
1F
100
AcDbEntity
  8
DEFAULT
 62
     7
100
AcDb2dPolyline
 66
     1
 10
0.0
 20
0.0
 30
0.0
  0
VERTEX
  5
6C
330
6B
100
AcDbEntity
  8
DEFAULT
 62
     7
100
AcDbVertex
100
AcDb2dVertex
 10
134.9615594444444
 20
138.4986858333333
 30
0.0
  0
VERTEX
  5
6D
330
6B
100
AcDbEntity
  8
DEFAULT
 62
     7
100
AcDbVertex
100
AcDb2dVertex
 10
133.8136205555555
 20
136.2779497222222
 30
0.0
  0
SEQEND
  5
6E
330
6B
100
AcDbEntity
  8
DEFAULT
 62
     7
  0
POLYLINE
  5
6F
330
1F
100
AcDbEntity
  8
DEFAULT
 62
     7
100
AcDb2dPolyline
 66
     1
 10
0.0
 20
0.0
 30
0.0
  0
VERTEX
  5
70
330
6F
100
AcDbEntity
  8
DEFAULT
 62
     7
100
AcDbVertex
100
AcDb2dVertex
 10
131.8563036111111
 20
139.8513769444444
 30
0.0
  0
VERTEX
  5
71
330
6F
100
AcDbEntity
  8
DEFAULT
 62
     7
100
AcDbVertex
100
AcDb2dVertex
 10
133.7161480555555
 20
138.4328575
 30
0.0
  0
VERTEX
  5
72
330
6F
100
AcDbEntity
  8
DEFAULT
 62
     7
100
AcDbVertex
100
AcDb2dVertex
 10
132.4080480555556
 20
138.4106325
 30
0.0
  0
VERTEX
  5
73
330
6F
100
AcDbEntity
  8
DEFAULT
 62
     7
100
AcDbVertex
100
AcDb2dVertex
 10
133.1478230555555
 20
137.3328963888889
 30
0.0
  0
VERTEX
  5
74
330
6F
100
AcDbEntity
  8
DEFAULT
 62
     7
100
AcDbVertex
100
AcDb2dVertex
 10
130.9133286111111
 20
138.0275158333333
 30
0.0
  0
SEQEND
  5
75
330
6F
100
AcDbEntity
  8
DEFAULT
 62
     7
  0
SPLINE
  5
76
330
1F
100
AcDbEntity
  8
DEFAULT
 62
     1
100
AcDbSpline
210
0.0
220
0.0
230
1.0
 70
    11
 71
     3
 72
    77
 73
    73
 74
     0
 42
0.000000001
 43
0.0000000001
 40
8.49868813405926
 40
8.49868813405926
 40
8.49868813405926
 40
8.49868813405926
 40
21.39746714604328
 40
21.39746714604328
 40
21.39746714604328
 40
22.39746714604328
 40
22.39746714604328
 40
22.39746714604328
 40
23.39746714604328
 40
23.39746714604328
 40
23.39746714604328
 40
24.39746714604328
 40
24.39746714604328
 40
24.39746714604328
 40
25.39746714604328
 40
25.39746714604328
 40
25.39746714604328
 40
26.39746714604328
 40
26.39746714604328
 40
26.39746714604328
 40
27.39746714604328
 40
27.39746714604328
 40
27.39746714604328
 40
28.39746714604328
 40
28.39746714604328
 40
28.39746714604328
 40
29.39746714604328
 40
29.39746714604328
 40
29.39746714604328
 40
42.27846089652698
 40
42.27846089652698
 40
42.27846089652698
 40
50.77625472786932
 40
50.77625472786932
 40
50.77625472786932
 40
63.66613060004124
 40
63.66613060004124
 40
63.66613060004124
 40
64.66613060004124
 40
64.66613060004124
 40
64.66613060004124
 40
65.66613060004124
 40
65.66613060004124
 40
65.66613060004124
 40
66.66613060004124
 40
66.66613060004124
 40
66.66613060004124
 40
67.66613060004124
 40
67.66613060004124
 40
67.66613060004124
 40
68.66613060004124
 40
68.66613060004124
 40
68.66613060004124
 40
79.71341533430966
 40
79.71341533430966
 40
79.71341533430966
 40
80.71341533430966
 40
80.71341533430966
 40
80.71341533430966
 40
81.71341533430966
 40
81.71341533430966
 40
81.71341533430966
 40
82.71341533430966
 40
82.71341533430966
 40
82.71341533430966
 40
83.71341533430966
 40
83.71341533430966
 40
83.71341533430966
 40
96.59039091089595
 40
96.59039091089595
 40
96.59039091089595
 40
105.0890790449552
 40
105.0890790449552
 40
105.0890790449552
 40
105.0890790449552
 10
150.7355944444444
 20
113.8481622222222
 30
0.0
 10
149.2257055555555
 20
113.7035233333333
 30
0.0
 10
147.7158166666667
 20
113.5588844444444
 30
0.0
 10
146.2059277777778
 20
113.4142455555555
 30
0.0
 10
145.0735111111111
 20
113.3084122222222
 30
0.0
 10
145.1934555555555
 20
113.3824955555556
 30
0.0
 10
143.9340388888889
 20
113.2660788888889
 30
0.0
 10
142.67815
 20
113.1461344444444
 30
0.0
 10
142.8122055555556
 20
113.0967455555555
 30
0.0
 10
141.6762611111111
 20
112.9873844444444
 30
0.0
 10
141.8808722222222
 20
110.8389677777778
 30
0.0
 10
142.4594277777778
 20
108.6164677777778
 30
0.0
 10
145.7720111111111
 20
108.0202733333333
 30
0.0
 10
158.9517888888889
 20
105.6460788888889
 30
0.0
 10
161.2166222222222
 20
113.2308011111111
 30
0.0
 10
161.0825666666667
 20
117.3477177777778
 30
0.0
 10
160.9238166666667
 20
122.2301622222222
 30
0.0
 10
156.7504555555555
 20
123.59894
 30
0.0
 10
152.9616222222222
 20
125.5603844444444
 30
0.0
 10
148.8694
 20
127.6805788888889
 30
0.0
 10
143.8035111111111
 20
129.47269
 30
0.0
 10
144.3467888888889
 20
130.5274955555555
 30
0.0
 10
143.3343166666666
 20
131.0531344444444
 30
0.0
 10
143.4754277777778
 20
131.0496066666666
 30
0.0
 10
142.3571222222222
 20
131.63169
 30
0.0
 10
141.2317611111111
 20
132.2102455555556
 30
0.0
 10
141.3164277777778
 20
132.0938288888889
 30
0.0
 10
140.3039555555555
 20
132.6194677777778
 30
0.0
 10
138.9586962962963
 20
133.3156159259259
 30
0.0
 10
137.613437037037
 20
134.0117640740741
 30
0.0
 10
136.2681777777778
 20
134.7079122222222
 30
0.0
 10
136.7267888888889
 20
135.5957362962963
 30
0.0
 10
137.1854
 20
136.4835603703704
 30
0.0
 10
137.6440111111111
 20
137.3713844444444
 30
0.0
 10
138.9904462962963
 20
136.6752362962963
 30
0.0
 10
140.3368814814814
 20
135.9790881481482
 30
0.0
 10
141.6833166666666
 20
135.28294
 30
0.0
 10
142.6957888888889
 20
134.7573011111111
 30
0.0
 10
142.5582055555555
 20
134.7608288888889
 30
0.0
 10
143.6729833333333
 20
134.1787455555555
 30
0.0
 10
144.7983444444444
 20
133.5966622222222
 30
0.0
 10
144.71015
 20
133.7130788888889
 30
0.0
 10
145.7226222222222
 20
133.1909677777778
 30
0.0
 10
147.6770111111111
 20
137.1279677777778
 30
0.0
 10
146.5692888888889
 20
139.8020233333333
 30
0.0
 10
144.0892611111111
 20
141.2695788888889
 30
0.0
 10
140.6884833333333
 20
143.2874677777777
 30
0.0
 10
138.8081777777778
 20
143.8272177777778
 30
0.0
 10
136.9490388888889
 20
144.9243566666667
 30
0.0
 10
134.16915
 20
146.5718288888889
 30
0.0
 10
130.7577888888889
 20
143.8660233333333
 30
0.0
 10
129.7700111111111
 20
141.9539677777778
 30
0.0
 10
129.1726407407407
 20
140.8003844444444
 30
0.0
 10
128.5752703703704
 20
139.6468011111111
 30
0.0
 10
127.9779
 20
138.4932177777778
 30
0.0
 10
126.1540388888889
 20
134.3833566666667
 30
0.0
 10
129.5512888888889
 20
121.2035788888889
 30
0.0
 10
135.3685944444444
 20
119.12219
 30
0.0
 10
139.4537611111111
 20
117.6652177777778
 30
0.0
 10
140.9495388888889
 20
117.7216622222222
 30
0.0
 10
141.3940388888889
 20
115.9718844444444
 30
0.0
 10
142.5299833333333
 20
116.0847733333333
 30
0.0
 10
142.4065111111111
 20
116.0071622222222
 30
0.0
 10
143.6624
 20
116.1235788888889
 30
0.0
 10
144.9218166666666
 20
116.2470511111111
 30
0.0
 10
144.7912888888889
 20
116.29644
 30
0.0
 10
145.9272333333333
 20
116.4058011111111
 30
0.0
 10
147.4347703703703
 20
116.5480881481481
 30
0.0
 10
148.9423074074074
 20
116.6903751851852
 30
0.0
 10
150.4498444444444
 20
116.8326622222222
 30
0.0
 10
150.5450944444444
 20
115.8378288888889
 30
0.0
 10
150.6403444444444
 20
114.8429955555555
 30
0.0
 10
150.7355944444444
 20
113.8481622222222
 30
0.0
  0
POLYLINE
  5
77
330
1F
100
AcDbEntity
  8
DEFAULT
 62
     7
100
AcDb2dPolyline
 66
     1
 10
0.0
 20
0.0
 30
0.0
  0
VERTEX
  5
78
330
77
100
AcDbEntity
  8
DEFAULT
 62
     7
100
AcDbVertex
100
AcDb2dVertex
 10
157.2919694444444
 20
115.0237941666667
 30
0.0
  0
VERTEX
  5
79
330
77
100
AcDbEntity
  8
DEFAULT
 62
     7
100
AcDbVertex
100
AcDb2dVertex
 10
154.5903972222222
 20
115.6792552777778
 30
0.0
  0
VERTEX
  5
7A
330
77
100
AcDbEntity
  8
DEFAULT
 62
     7
100
AcDbVertex
100
AcDb2dVertex
 10
157.1191083333333
 20
116.8346025
 30
0.0
  0
SEQEND
  5
7B
330
77
100
AcDbEntity
  8
DEFAULT
 62
     7
  0
POLYLINE
  5
7C
330
1F
100
AcDbEntity
  8
DEFAULT
 62
     7
100
AcDb2dPolyline
 66
     1
 10
0.0
 20
0.0
 30
0.0
  0
VERTEX
  5
7D
330
7C
100
AcDbEntity
  8
DEFAULT
 62
     7
100
AcDbVertex
100
AcDb2dVertex
 10
153.708735
 20
114.3614891666667
 30
0.0
  0
VERTEX
  5
7E
330
7C
100
AcDbEntity
  8
DEFAULT
 62
     7
100
AcDbVertex
100
AcDb2dVertex
 10
153.4713155555555
 20
116.8503363888889
 30
0.0
  0
SEQEND
  5
7F
330
7C
100
AcDbEntity
  8
DEFAULT
 62
     7
  0
POLYLINE
  5
80
330
1F
100
AcDbEntity
  8
DEFAULT
 62
     7
100
AcDb2dPolyline
 66
     1
 10
0.0
 20
0.0
 30
0.0
  0
VERTEX
  5
81
330
80
100
AcDbEntity
  8
DEFAULT
 62
     7
100
AcDbVertex
100
AcDb2dVertex
 10
135.3310236111111
 20
157.4375608333333
 30
0.0
  0
VERTEX
  5
82
330
80
100
AcDbEntity
  8
DEFAULT
 62
     7
100
AcDbVertex
100
AcDb2dVertex
 10
134.1104125
 20
159.6194913888889
 30
0.0
  0
SEQEND
  5
83
330
80
100
AcDbEntity
  8
DEFAULT
 62
     7
  0
POLYLINE
  5
84
330
1F
100
AcDbEntity
  8
DEFAULT
 62
     7
100
AcDb2dPolyline
 66
     1
 10
0.0
 20
0.0
 30
0.0
  0
VERTEX
  5
85
330
84
100
AcDbEntity
  8
DEFAULT
 62
     7
100
AcDbVertex
100
AcDb2dVertex
 10
132.2719816666667
 20
155.9834108333334
 30
0.0
  0
VERTEX
  5
86
330
84
100
AcDbEntity
  8
DEFAULT
 62
     7
100
AcDbVertex
100
AcDb2dVertex
 10
134.0842011111111
 20
157.4622552777778
 30
0.0
  0
VERTEX
  5
87
330
84
100
AcDbEntity
  8
DEFAULT
 62
     7
100
AcDbVertex
100
AcDb2dVertex
 10
132.7757483333333
 20
157.4417941666667
 30
0.0
  0
VERTEX
  5
88
330
84
100
AcDbEntity
  8
DEFAULT
 62
     7
100
AcDbVertex
100
AcDb2dVertex
 10
133.47954
 20
158.5428136111111
 30
0.0
  0
VERTEX
  5
89
330
84
100
AcDbEntity
  8
DEFAULT
 62
     7
100
AcDbVertex
100
AcDb2dVertex
 10
131.2693872222222
 20
157.7751691666666
 30
0.0
  0
SEQEND
  5
8A
330
84
100
AcDbEntity
  8
DEFAULT
 62
     7
  0
SPLINE
  5
8B
330
1F
100
AcDbEntity
  8
DEFAULT
 62
     1
100
AcDbSpline
210
0.0
220
0.0
230
1.0
 70
    11
 71
     3
 72
    77
 73
    73
 74
     0
 42
0.000000001
 43
0.0000000001
 40
0.0
 40
0.0
 40
0.0
 40
0.0
 40
12.88342850331384
 40
12.88342850331384
 40
12.88342850331384
 40
13.88342850331384
 40
13.88342850331384
 40
13.88342850331384
 40
14.88342850331384
 40
14.88342850331384
 40
14.88342850331384
 40
15.88342850331384
 40
15.88342850331384
 40
15.88342850331384
 40
16.88342850331384
 40
16.88342850331384
 40
16.88342850331384
 40
27.92897176745436
 40
27.92897176745436
 40
27.92897176745436
 40
28.92897176745436
 40
28.92897176745436
 40
28.92897176745436
 40
29.92897176745436
 40
29.92897176745436
 40
29.92897176745436
 40
30.92897176745436
 40
30.92897176745436
 40
30.92897176745436
 40
31.92897176745436
 40
31.92897176745436
 40
31.92897176745436
 40
32.92897176745436
 40
32.92897176745436
 40
32.92897176745436
 40
45.81016336606042
 40
45.81016336606042
 40
45.81016336606042
 40
54.31769144418043
 40
54.31769144418043
 40
54.31769144418043
 40
67.19926638670981
 40
67.19926638670981
 40
67.19926638670981
 40
68.19926638670981
 40
68.19926638670981
 40
68.19926638670981
 40
69.19926638670981
 40
69.19926638670981
 40
69.19926638670981
 40
70.19926638670981
 40
70.19926638670981
 40
70.19926638670981
 40
71.19926638670981
 40
71.19926638670981
 40
71.19926638670981
 40
72.19926638670981
 40
72.19926638670981
 40
72.19926638670981
 40
73.19926638670981
 40
73.19926638670981
 40
73.19926638670981
 40
74.19926638670981
 40
74.19926638670981
 40
74.19926638670981
 40
75.19926638670981
 40
75.19926638670981
 40
75.19926638670981
 40
88.0932948495293
 40
88.0932948495293
 40
88.0932948495293
 40
96.59975950883397
 40
96.59975950883397
 40
96.59975950883397
 40
96.59975950883397
 10
150.0982661111111
 20
179.5989902777777
 30
0.0
 10
148.5861429629629
 20
179.6922412037037
 30
0.0
 10
147.0740198148148
 20
179.7854921296296
 30
0.0
 10
145.5618966666666
 20
179.8787430555555
 30
0.0
 10
144.4259522222222
 20
179.9542375
 30
0.0
 10
144.5529522222222
 20
180.0032736111111
 30
0.0
 10
143.2935355555555
 20
180.0858236111111
 30
0.0
 10
142.0305911111111
 20
180.1648458333333
 30
0.0
 10
142.1575911111111
 20
180.0904097222222
 30
0.0
 10
141.0184716666666
 20
180.1623763888888
 30
0.0
 10
140.63218
 20
178.3988402777778
 30
0.0
 10
139.1360494444444
 20
178.4073069444444
 30
0.0
 10
135.0988605555555
 20
176.8169847222222
 30
0.0
 10
129.3531688888889
 20
174.5436847222222
 30
0.0
 10
126.3937161111111
 20
161.2612486111111
 30
0.0
 10
128.3509272222222
 20
157.2127708333333
 30
0.0
 10
128.9860448148148
 20
156.0797662037037
 30
0.0
 10
129.6211624074074
 20
154.9467615740741
 30
0.0
 10
130.25628
 20
153.8137569444444
 30
0.0
 10
131.3054411111111
 20
151.9359208333333
 30
0.0
 10
134.806055
 20
149.3430041666666
 30
0.0
 10
137.5312633333333
 20
151.0829041666666
 30
0.0
 10
139.3491272222222
 20
152.2378986111111
 30
0.0
 10
141.2124994444444
 20
152.8393847222222
 30
0.0
 10
144.5448383333333
 20
154.9666347222222
 30
0.0
 10
146.9772411111111
 20
156.5163875
 30
0.0
 10
147.9960633333333
 20
159.2246625
 30
0.0
 10
145.9114994444444
 20
163.0967513888889
 30
0.0
 10
144.9194883333333
 20
162.5404208333333
 30
0.0
 10
145.0006272222222
 20
162.6603652777778
 30
0.0
 10
143.8957272222222
 20
162.0405347222222
 30
0.0
 10
142.7982355555556
 20
161.4207041666666
 30
0.0
 10
142.9358188888889
 20
161.4312875
 30
0.0
 10
141.94028
 20
160.8714291666666
 30
0.0
 10
140.6190096296296
 20
160.1307134259259
 30
0.0
 10
139.2977392592592
 20
159.3899976851851
 30
0.0
 10
137.9764688888889
 20
158.6492819444444
 30
0.0
 10
137.4881068518518
 20
159.5224069444444
 30
0.0
 10
136.9997448148148
 20
160.3955319444444
 30
0.0
 10
136.5113827777778
 20
161.2686569444444
 30
0.0
 10
137.8327707407407
 20
162.0092550925926
 30
0.0
 10
139.1541587037037
 20
162.7498532407407
 30
0.0
 10
140.4755466666666
 20
163.4904513888889
 30
0.0
 10
141.4707327777778
 20
164.0503097222222
 30
0.0
 10
141.3895938888889
 20
163.9303652777778
 30
0.0
 10
142.4944938888889
 20
164.5431402777778
 30
0.0
 10
143.5958661111111
 20
165.1629708333333
 30
0.0
 10
143.454755
 20
165.1562680555555
 30
0.0
 10
144.4499411111111
 20
165.7125986111111
 30
0.0
 10
143.8689161111111
 20
166.7501180555555
 30
0.0
 10
148.8734216666666
 20
168.7066236111111
 30
0.0
 10
152.8975577777778
 20
170.9601680555555
 30
0.0
 10
156.6179522222222
 20
173.0482597222222
 30
0.0
 10
160.7433355555555
 20
174.5503875
 30
0.0
 10
160.7412188888889
 20
179.4363597222222
 30
0.0
 10
160.7419244444444
 20
183.5532763888889
 30
0.0
 10
158.2273244444444
 20
191.0632097222222
 30
0.0
 10
145.1329188888889
 20
188.2543930555555
 30
0.0
 10
141.8407966666666
 20
187.5520125
 30
0.0
 10
141.3377355555555
 20
185.3090513888889
 30
0.0
 10
141.2050911111111
 20
183.1571069444444
 30
0.0
 10
142.3406827777777
 20
183.0854930555555
 30
0.0
 10
142.210155
 20
183.0290486111111
 30
0.0
 10
143.4692188888889
 20
182.9503791666667
 30
0.0
 10
144.7325161111111
 20
182.8784125
 30
0.0
 10
144.6055161111111
 20
182.9454402777778
 30
0.0
 10
145.7449883333333
 20
182.8773541666666
 30
0.0
 10
147.2582874074074
 20
182.7829273148148
 30
0.0
 10
148.7715864814815
 20
182.6885004629629
 30
0.0
 10
150.2848855555555
 20
182.5940736111111
 30
0.0
 10
150.2226790740741
 20
181.5957125
 30
0.0
 10
150.1604725925926
 20
180.5973513888888
 30
0.0
 10
150.0982661111111
 20
179.5989902777777
 30
0.0
  0
POLYLINE
  5
8C
330
1F
100
AcDbEntity
  8
DEFAULT
 62
     7
100
AcDb2dPolyline
 66
     1
 10
0.0
 20
0.0
 30
0.0
  0
VERTEX
  5
8D
330
8C
100
AcDbEntity
  8
DEFAULT
 62
     7
100
AcDbVertex
100
AcDb2dVertex
 10
156.8759738888889
 20
181.6379752777777
 30
0.0
  0
VERTEX
  5
8E
330
8C
100
AcDbEntity
  8
DEFAULT
 62
     7
100
AcDbVertex
100
AcDb2dVertex
 10
154.1973322222222
 20
180.8929086111111
 30
0.0
  0
VERTEX
  5
8F
330
8C
100
AcDbEntity
  8
DEFAULT
 62
     7
100
AcDbVertex
100
AcDb2dVertex
 10
156.7634377777777
 20
179.8225808333333
 30
0.0
  0
SEQEND
  5
90
330
8C
100
AcDbEntity
  8
DEFAULT
 62
     7
  0
POLYLINE
  5
91
330
1F
100
AcDbEntity
  8
DEFAULT
 62
     7
100
AcDb2dPolyline
 66
     1
 10
0.0
 20
0.0
 30
0.0
  0
VERTEX
  5
92
330
91
100
AcDbEntity
  8
DEFAULT
 62
     7
100
AcDbVertex
100
AcDb2dVertex
 10
153.2725605555555
 20
182.1807591666667
 30
0.0
  0
VERTEX
  5
93
330
91
100
AcDbEntity
  8
DEFAULT
 62
     7
100
AcDbVertex
100
AcDb2dVertex
 10
153.1180438888889
 20
179.6855619444444
 30
0.0
  0
SEQEND
  5
94
330
91
100
AcDbEntity
  8
DEFAULT
 62
     7
  0
POLYLINE
  5
95
330
1F
100
AcDbEntity
  8
DEFAULT
 62
     7
100
AcDb2dPolyline
 66
     1
 10
0.0
 20
0.0
 30
0.0
  0
VERTEX
  5
96
330
95
100
AcDbEntity
  8
DEFAULT
 62
     7
100
AcDbVertex
100
AcDb2dVertex
 10
24.29785166666667
 20
143.0339616666666
 30
0.0
  0
VERTEX
  5
97
330
95
100
AcDbEntity
  8
DEFAULT
 62
     7
100
AcDbVertex
100
AcDb2dVertex
 10
22.43200999999999
 20
142.6296783333333
 30
0.0
  0
SEQEND
  5
98
330
95
100
AcDbEntity
  8
DEFAULT
 62
     7
  0
POLYLINE
  5
99
330
1F
100
AcDbEntity
  8
DEFAULT
 62
     7
100
AcDb2dPolyline
 66
     1
 10
0.0
 20
0.0
 30
0.0
  0
VERTEX
  5
9A
330
99
100
AcDbEntity
  8
DEFAULT
 62
     7
100
AcDbVertex
100
AcDb2dVertex
 10
24.02155611111111
 20
144.3098530555555
 30
0.0
  0
VERTEX
  5
9B
330
99
100
AcDbEntity
  8
DEFAULT
 62
     7
100
AcDbVertex
100
AcDb2dVertex
 10
22.15571444444444
 20
143.9055697222222
 30
0.0
  0
SEQEND
  5
9C
330
99
100
AcDbEntity
  8
DEFAULT
 62
     7
  0
POLYLINE
  5
9D
330
1F
100
AcDbEntity
  8
DEFAULT
 62
     7
100
AcDb2dPolyline
 66
     1
 10
0.0
 20
0.0
 30
0.0
  0
VERTEX
  5
9E
330
9D
100
AcDbEntity
  8
DEFAULT
 62
     7
100
AcDbVertex
100
AcDb2dVertex
 10
25.40751416666666
 20
155.6511294444445
 30
0.0
  0
VERTEX
  5
9F
330
9D
100
AcDbEntity
  8
DEFAULT
 62
     7
100
AcDbVertex
100
AcDb2dVertex
 10
23.88986416666668
 20
156.8096516666667
 30
0.0
  0
SEQEND
  5
A0
330
9D
100
AcDbEntity
  8
DEFAULT
 62
     7
  0
POLYLINE
  5
A1
330
1F
100
AcDbEntity
  8
DEFAULT
 62
     7
100
AcDb2dPolyline
 66
     1
 10
0.0
 20
0.0
 30
0.0
  0
VERTEX
  5
A2
330
A1
100
AcDbEntity
  8
DEFAULT
 62
     7
100
AcDbVertex
100
AcDb2dVertex
 10
38.54005499999999
 20
143.0327622222222
 30
0.0
  0
VERTEX
  5
A3
330
A1
100
AcDbEntity
  8
DEFAULT
 62
     7
100
AcDbVertex
100
AcDb2dVertex
 10
40.40624944444444
 20
142.6284788888888
 30
0.0
  0
SEQEND
  5
A4
330
A1
100
AcDbEntity
  8
DEFAULT
 62
     7
  0
POLYLINE
  5
A5
330
1F
100
AcDbEntity
  8
DEFAULT
 62
     7
100
AcDb2dPolyline
 66
     1
 10
0.0
 20
0.0
 30
0.0
  0
VERTEX
  5
A6
330
A5
100
AcDbEntity
  8
DEFAULT
 62
     7
100
AcDbVertex
100
AcDb2dVertex
 10
38.81652694444443
 20
144.3086536111111
 30
0.0
  0
VERTEX
  5
A7
330
A5
100
AcDbEntity
  8
DEFAULT
 62
     7
100
AcDbVertex
100
AcDb2dVertex
 10
40.68236861111111
 20
143.9043702777777
 30
0.0
  0
SEQEND
  5
A8
330
A5
100
AcDbEntity
  8
DEFAULT
 62
     7
  0
POLYLINE
  5
A9
330
1F
100
AcDbEntity
  8
DEFAULT
 62
     7
100
AcDb2dPolyline
 66
     1
 10
0.0
 20
0.0
 30
0.0
  0
VERTEX
  5
AA
330
A9
100
AcDbEntity
  8
DEFAULT
 62
     7
100
AcDbVertex
100
AcDb2dVertex
 10
23.1452913888889
 20
132.6736897222222
 30
0.0
  0
VERTEX
  5
AB
330
A9
100
AcDbEntity
  8
DEFAULT
 62
     7
100
AcDbVertex
100
AcDb2dVertex
 10
22.04674138888889
 20
131.1122952777778
 30
0.0
  0
SEQEND
  5
AC
330
A9
100
AcDbEntity
  8
DEFAULT
 62
     7
  0
POLYLINE
  5
AD
330
1F
100
AcDbEntity
  8
DEFAULT
 62
     7
100
AcDb2dPolyline
 66
     1
 10
0.0
 20
0.0
 30
0.0
  0
VERTEX
  5
AE
330
AD
100
AcDbEntity
  8
DEFAULT
 62
     7
100
AcDbVertex
100
AcDb2dVertex
 10
23.88580722222223
 20
132.1526369444445
 30
0.0
  0
VERTEX
  5
AF
330
AD
100
AcDbEntity
  8
DEFAULT
 62
     7
100
AcDbVertex
100
AcDb2dVertex
 10
22.78725722222223
 20
130.5912425
 30
0.0
  0
SEQEND
  5
B0
330
AD
100
AcDbEntity
  8
DEFAULT
 62
     7
  0
POLYLINE
  5
B1
330
1F
100
AcDbEntity
  8
DEFAULT
 62
     7
100
AcDb2dPolyline
 66
     1
 10
0.0
 20
0.0
 30
0.0
  0
VERTEX
  5
B2
330
B1
100
AcDbEntity
  8
DEFAULT
 62
     7
100
AcDbVertex
100
AcDb2dVertex
 10
24.62649944444445
 20
131.6314077777778
 30
0.0
  0
VERTEX
  5
B3
330
B1
100
AcDbEntity
  8
DEFAULT
 62
     7
100
AcDbVertex
100
AcDb2dVertex
 10
23.52794944444444
 20
130.0700133333333
 30
0.0
  0
SEQEND
  5
B4
330
B1
100
AcDbEntity
  8
DEFAULT
 62
     7
  0
POLYLINE
  5
B5
330
1F
100
AcDbEntity
  8
DEFAULT
 62
     7
100
AcDb2dPolyline
 66
     1
 10
0.0
 20
0.0
 30
0.0
  0
VERTEX
  5
B6
330
B5
100
AcDbEntity
  8
DEFAULT
 62
     7
100
AcDbVertex
100
AcDb2dVertex
 10
38.21154833333333
 20
131.6301730555556
 30
0.0
  0
VERTEX
  5
B7
330
B5
100
AcDbEntity
  8
DEFAULT
 62
     7
100
AcDbVertex
100
AcDb2dVertex
 10
39.31009833333334
 20
130.0687786111111
 30
0.0
  0
SEQEND
  5
B8
330
B5
100
AcDbEntity
  8
DEFAULT
 62
     7
  0
POLYLINE
  5
B9
330
1F
100
AcDbEntity
  8
DEFAULT
 62
     7
100
AcDb2dPolyline
 66
     1
 10
0.0
 20
0.0
 30
0.0
  0
VERTEX
  5
BA
330
B9
100
AcDbEntity
  8
DEFAULT
 62
     7
100
AcDbVertex
100
AcDb2dVertex
 10
38.95224055555556
 20
132.1512611111111
 30
0.0
  0
VERTEX
  5
BB
330
B9
100
AcDbEntity
  8
DEFAULT
 62
     7
100
AcDbVertex
100
AcDb2dVertex
 10
40.05079055555556
 20
130.5898666666666
 30
0.0
  0
SEQEND
  5
BC
330
B9
100
AcDbEntity
  8
DEFAULT
 62
     7
  0
POLYLINE
  5
BD
330
1F
100
AcDbEntity
  8
DEFAULT
 62
     7
100
AcDb2dPolyline
 66
     1
 10
0.0
 20
0.0
 30
0.0
  0
VERTEX
  5
BE
330
BD
100
AcDbEntity
  8
DEFAULT
 62
     7
100
AcDbVertex
100
AcDb2dVertex
 10
39.69279166666668
 20
132.6724902777778
 30
0.0
  0
VERTEX
  5
BF
330
BD
100
AcDbEntity
  8
DEFAULT
 62
     7
100
AcDbVertex
100
AcDb2dVertex
 10
40.79134166666667
 20
131.1110958333333
 30
0.0
  0
SEQEND
  5
C0
330
BD
100
AcDbEntity
  8
DEFAULT
 62
     7
  0
POLYLINE
  5
C1
330
1F
100
AcDbEntity
  8
DEFAULT
 62
     7
100
AcDb2dPolyline
 66
     1
 10
0.0
 20
0.0
 30
0.0
  0
VERTEX
  5
C2
330
C1
100
AcDbEntity
  8
DEFAULT
 62
     7
100
AcDbVertex
100
AcDb2dVertex
 10
37.43056888888886
 20
155.6498947222222
 30
0.0
  0
VERTEX
  5
C3
330
C1
100
AcDbEntity
  8
DEFAULT
 62
     7
100
AcDbVertex
100
AcDb2dVertex
 10
38.94821888888887
 20
156.8084169444444
 30
0.0
  0
SEQEND
  5
C4
330
C1
100
AcDbEntity
  8
DEFAULT
 62
     7
  0
POLYLINE
  5
C5
330
1F
100
AcDbEntity
  8
DEFAULT
 62
     7
100
AcDb2dPolyline
 66
     1
 10
0.0
 20
0.0
 30
0.0
  0
VERTEX
  5
C6
330
C5
100
AcDbEntity
  8
DEFAULT
 62
     7
100
AcDbVertex
100
AcDb2dVertex
 10
32.30597777777777
 20
129.3962077777778
 30
0.0
  0
VERTEX
  5
C7
330
C5
100
AcDbEntity
  8
DEFAULT
 62
     7
100
AcDbVertex
100
AcDb2dVertex
 10
30.48670277777778
 20
132.0233438888889
 30
0.0
  0
SEQEND
  5
C8
330
C5
100
AcDbEntity
  8
DEFAULT
 62
     7
  0
POLYLINE
  5
C9
330
1F
100
AcDbEntity
  8
DEFAULT
 62
     7
100
AcDb2dPolyline
 66
     1
 10
0.0
 20
0.0
 30
0.0
  0
VERTEX
  5
CA
330
C9
100
AcDbEntity
  8
DEFAULT
 62
     7
100
AcDbVertex
100
AcDb2dVertex
 10
30.48680861111112
 20
129.3962077777777
 30
0.0
  0
VERTEX
  5
CB
330
C9
100
AcDbEntity
  8
DEFAULT
 62
     7
100
AcDbVertex
100
AcDb2dVertex
 10
32.30608361111112
 20
132.0233438888889
 30
0.0
  0
SEQEND
  5
CC
330
C9
100
AcDbEntity
  8
DEFAULT
 62
     7
  0
POLYLINE
  5
CD
330
1F
100
AcDbEntity
  8
DEFAULT
 62
     7
100
AcDb2dPolyline
 66
     1
 10
0.0
 20
0.0
 30
0.0
  0
VERTEX
  5
CE
330
CD
100
AcDbEntity
  8
DEFAULT
 62
     7
100
AcDbVertex
100
AcDb2dVertex
 10
30.16810916666666
 20
128.3933311111111
 30
0.0
  0
VERTEX
  5
CF
330
CD
100
AcDbEntity
  8
DEFAULT
 62
     7
100
AcDbVertex
100
AcDb2dVertex
 10
32.66824527777778
 20
128.3933311111111
 30
0.0
  0
SEQEND
  5
D0
330
CD
100
AcDbEntity
  8
DEFAULT
 62
     7
  0
SPLINE
  5
D1
330
1F
100
AcDbEntity
  8
DEFAULT
 62
     1
100
AcDbSpline
210
0.0
220
0.0
230
1.0
 70
    11
 71
     3
 72
   197
 73
   193
 74
     0
 42
0.000000001
 43
0.0000000001
 40
1.0
 40
1.0
 40
1.0
 40
1.0
 40
2.0
 40
2.0
 40
2.0
 40
3.0
 40
3.0
 40
3.0
 40
4.0
 40
4.0
 40
4.0
 40
5.0
 40
5.0
 40
5.0
 40
14.91847770577725
 40
14.91847770577725
 40
14.91847770577725
 40
23.41639509770336
 40
23.41639509770336
 40
23.41639509770336
 40
33.32911924397108
 40
33.32911924397108
 40
33.32911924397108
 40
34.32911924397108
 40
34.32911924397108
 40
34.32911924397108
 40
35.32911924397108
 40
35.32911924397108
 40
35.32911924397108
 40
36.32911924397108
 40
36.32911924397108
 40
36.32911924397108
 40
37.32911924397108
 40
37.32911924397108
 40
37.32911924397108
 40
38.32911924397108
 40
38.32911924397108
 40
38.32911924397108
 40
51.21911924397112
 40
51.21911924397112
 40
51.21911924397112
 40
59.71911924397112
 40
59.71911924397112
 40
59.71911924397112
 40
72.60911924397116
 40
72.60911924397116
 40
72.60911924397116
 40
73.60911924397116
 40
73.60911924397116
 40
73.60911924397116
 40
74.60911924397116
 40
74.60911924397116
 40
74.60911924397116
 40
75.60911924397116
 40
75.60911924397116
 40
75.60911924397116
 40
76.60911924397116
 40
76.60911924397116
 40
76.60911924397116
 40
77.60911924397116
 40
77.60911924397116
 40
77.60911924397116
 40
87.52759694974836
 40
87.52759694974836
 40
87.52759694974836
 40
96.03369476249424
 40
96.03369476249424
 40
96.03369476249424
 40
105.946418908762
 40
105.946418908762
 40
105.946418908762
 40
106.946418908762
 40
106.946418908762
 40
106.946418908762
 40
107.946418908762
 40
107.946418908762
 40
107.946418908762
 40
108.946418908762
 40
108.946418908762
 40
108.946418908762
 40
109.946418908762
 40
109.946418908762
 40
109.946418908762
 40
110.946418908762
 40
110.946418908762
 40
110.946418908762
 40
111.946418908762
 40
111.946418908762
 40
111.946418908762
 40
121.8711355294016
 40
121.8711355294016
 40
121.8711355294016
 40
130.3738468616768
 40
130.3738468616768
 40
130.3738468616768
 40
140.2985634823164
 40
140.2985634823164
 40
140.2985634823164
 40
141.2985634823164
 40
141.2985634823164
 40
141.2985634823164
 40
142.2985634823164
 40
142.2985634823164
 40
142.2985634823164
 40
143.2985634823164
 40
143.2985634823164
 40
143.2985634823164
 40
144.2985634823164
 40
144.2985634823164
 40
144.2985634823164
 40
145.2985634823164
 40
145.2985634823164
 40
145.2985634823164
 40
146.2985634823164
 40
146.2985634823164
 40
146.2985634823164
 40
156.2229022512219
 40
156.2229022512219
 40
156.2229022512219
 40
164.7211432456865
 40
164.7211432456865
 40
164.7211432456865
 40
174.645482014592
 40
174.645482014592
 40
174.645482014592
 40
175.645482014592
 40
175.645482014592
 40
175.645482014592
 40
176.645482014592
 40
176.645482014592
 40
176.645482014592
 40
177.645482014592
 40
177.645482014592
 40
177.645482014592
 40
178.645482014592
 40
178.645482014592
 40
178.645482014592
 40
187.1554820145921
 40
187.1554820145921
 40
187.1554820145921
 40
188.1554820145921
 40
188.1554820145921
 40
188.1554820145921
 40
189.1554820145921
 40
189.1554820145921
 40
189.1554820145921
 40
190.1554820145921
 40
190.1554820145921
 40
190.1554820145921
 40
191.1554820145921
 40
191.1554820145921
 40
191.1554820145921
 40
201.0798207834976
 40
201.0798207834976
 40
201.0798207834976
 40
209.5841255757777
 40
209.5841255757777
 40
209.5841255757777
 40
219.500516048122
 40
219.500516048122
 40
219.500516048122
 40
220.500516048122
 40
220.500516048122
 40
220.500516048122
 40
221.500516048122
 40
221.500516048122
 40
221.500516048122
 40
222.500516048122
 40
222.500516048122
 40
222.500516048122
 40
223.500516048122
 40
223.500516048122
 40
223.500516048122
 40
224.500516048122
 40
224.500516048122
 40
224.500516048122
 40
225.500516048122
 40
225.500516048122
 40
225.500516048122
 40
235.4154593157358
 40
235.4154593157358
 40
235.4154593157358
 40
243.9181706480109
 40
243.9181706480109
 40
243.9181706480109
 40
253.8331139156247
 40
253.8331139156247
 40
253.8331139156247
 40
254.8331139156247
 40
254.8331139156247
 40
254.8331139156247
 40
255.8331139156247
 40
255.8331139156247
 40
255.8331139156247
 40
255.8331139156247
 10
48.52253722222221
 20
140.0052233333333
 30
0.0
 10
47.13259277777777
 20
135.1192511111111
 30
0.0
 10
45.23112055555554
 20
138.6399733333333
 30
0.0
 10
44.7936761111111
 20
135.58139
 30
0.0
 10
44.37739833333332
 20
132.6850844444444
 30
0.0
 10
51.49645388888888
 20
127.8132233333333
 30
0.0
 10
46.16598166666665
 20
124.5041677777778
 30
0.0
 10
45.66503722222222
 20
125.2167788888889
 30
0.0
 10
45.67914833333332
 20
125.1109455555556
 30
0.0
 10
45.12175944444444
 20
125.9046955555556
 30
0.0
 10
44.56084277777777
 20
126.6984455555556
 30
0.0
 10
44.65609277777776
 20
126.6490566666667
 30
0.0
 10
44.15514833333333
 20
127.3651955555556
 30
0.0
 10
43.48369462962963
 20
128.3188714814815
 30
0.0
 10
42.81224092592592
 20
129.2725474074074
 30
0.0
 10
42.14078722222222
 20
130.2262233333333
 30
0.0
 10
41.3235187037037
 20
129.6511955555555
 30
0.0
 10
40.50625018518518
 20
129.0761677777778
 30
0.0
 10
39.68898166666666
 20
128.50114
 30
0.0
 10
40.35925944444444
 20
127.5474640740741
 30
0.0
 10
41.02953722222221
 20
126.5937881481481
 30
0.0
 10
41.69981499999999
 20
125.6401122222222
 30
0.0
 10
42.20428722222221
 20
124.9239733333333
 30
0.0
 10
42.1901761111111
 20
125.0298066666667
 30
0.0
 10
42.74756499999999
 20
124.2360566666667
 30
0.0
 10
43.30848166666666
 20
123.4387788888889
 30
0.0
 10
43.20970388888888
 20
123.4916955555556
 30
0.0
 10
43.71417611111111
 20
122.7790844444445
 30
0.0
 10
40.52153722222221
 20
120.5389455555555
 30
0.0
 10
40.94487055555555
 20
116.3938066666667
 30
0.0
 10
32.91917611111111
 20
116.3938066666667
 30
0.0
 10
32.91917611111111
 20
117.5297511111111
 30
0.0
 10
32.85214833333333
 20
117.4027511111111
 30
0.0
 10
32.85214833333333
 20
118.6695761111111
 30
0.0
 10
32.85214833333333
 20
119.92864
 30
0.0
 10
32.91917611111111
 20
119.8051677777778
 30
0.0
 10
32.91917611111111
 20
120.94464
 30
0.0
 10
32.91917611111111
 20
122.4604085185185
 30
0.0
 10
32.91917611111111
 20
123.976177037037
 30
0.0
 10
32.91917611111111
 20
125.4919455555556
 30
0.0
 10
31.91963907407407
 20
125.4919455555556
 30
0.0
 10
30.92010203703703
 20
125.4919455555556
 30
0.0
 10
29.920565
 20
125.4919455555556
 30
0.0
 10
29.920565
 20
123.976177037037
 30
0.0
 10
29.920565
 20
122.4604085185185
 30
0.0
 10
29.920565
 20
120.94464
 30
0.0
 10
29.920565
 20
119.8051677777778
 30
0.0
 10
29.97348166666666
 20
119.92864
 30
0.0
 10
29.97348166666666
 20
118.6695761111111
 30
0.0
 10
29.97348166666666
 20
117.4027511111111
 30
0.0
 10
29.920565
 20
117.5297511111111
 30
0.0
 10
29.920565
 20
116.3938066666667
 30
0.0
 10
21.89487055555555
 20
116.3938066666667
 30
0.0
 10
22.3146761111111
 20
120.5389455555555
 30
0.0
 10
19.12203722222221
 20
122.7790844444445
 30
0.0
 10
19.62650944444444
 20
123.4916955555556
 30
0.0
 10
19.52773166666666
 20
123.4387788888889
 30
0.0
 10
20.08864833333333
 20
124.2360566666667
 30
0.0
 10
20.64603722222222
 20
125.0298066666667
 30
0.0
 10
20.63192611111111
 20
124.9239733333333
 30
0.0
 10
21.13639833333333
 20
125.6401122222222
 30
0.0
 10
21.80785203703703
 20
126.5937881481481
 30
0.0
 10
22.47930574074074
 20
127.5474640740741
 30
0.0
 10
23.15075944444444
 20
128.50114
 30
0.0
 10
22.33231499999999
 20
129.0761677777778
 30
0.0
 10
21.51387055555555
 20
129.6511955555555
 30
0.0
 10
20.69542611111111
 20
130.2262233333333
 30
0.0
 10
20.02514833333333
 20
129.2725474074074
 30
0.0
 10
19.35487055555555
 20
128.3188714814815
 30
0.0
 10
18.68459277777777
 20
127.3651955555556
 30
0.0
 10
18.18012055555555
 20
126.6490566666667
 30
0.0
 10
18.27537055555555
 20
126.6984455555556
 30
0.0
 10
17.71798166666666
 20
125.9046955555556
 30
0.0
 10
17.157065
 20
125.1109455555556
 30
0.0
 10
17.17470388888889
 20
125.2167788888889
 30
0.0
 10
16.67023166666666
 20
124.5041677777778
 30
0.0
 10
11.33623166666666
 20
127.8132233333333
 30
0.0
 10
18.45881499999999
 20
132.6850844444444
 30
0.0
 10
18.046065
 20
135.58139
 30
0.0
 10
17.60509277777777
 20
138.6399733333333
 30
0.0
 10
15.696565
 20
135.1157233333333
 30
0.0
 10
14.30662055555555
 20
140.0016955555556
 30
0.0
 10
15.16034277777777
 20
140.1890205555555
 30
0.0
 10
15.05450944444444
 20
140.2133622222222
 30
0.0
 10
16.00348166666666
 20
140.4215011111111
 30
0.0
 10
16.95245388888889
 20
140.6261122222222
 30
0.0
 10
16.871315
 20
140.5590844444444
 30
0.0
 10
17.72503722222222
 20
140.7425288888889
 30
0.0
 10
18.86568537037036
 20
140.9894733333333
 30
0.0
 10
20.00633351851851
 20
141.2364177777777
 30
0.0
 10
21.14698166666666
 20
141.4833622222222
 30
0.0
 10
20.93531499999999
 20
142.4605566666667
 30
0.0
 10
20.72364833333333
 20
143.4377511111111
 30
0.0
 10
20.51198166666666
 20
144.4149455555556
 30
0.0
 10
19.37133351851851
 20
144.1680011111111
 30
0.0
 10
18.23068537037036
 20
143.9210566666667
 30
0.0
 10
17.09003722222222
 20
143.6741122222222
 30
0.0
 10
16.236315
 20
143.4906677777778
 30
0.0
 10
16.33862055555555
 20
143.4624455555555
 30
0.0
 10
15.38964833333333
 20
143.2578344444445
 30
0.0
 10
14.44067611111111
 20
143.0496955555556
 30
0.0
 10
14.52534277777777
 20
143.1202511111111
 30
0.0
 10
13.67162055555555
 20
142.9332788888889
 30
0.0
 10
12.54978722222222
 20
148.8952233333333
 30
0.0
 10
16.5044261111111
 20
145.4626955555556
 30
0.0
 10
17.91200944444444
 20
150.98014
 30
0.0
 10
18.99150944444444
 20
155.2134733333333
 30
0.0
 10
12.07706499999999
 20
155.8876316666667
 30
0.0
 10
16.22220388888888
 20
160.7697233333333
 30
0.0
 10
16.9171761111111
 20
160.2405566666667
 30
0.0
 10
16.86778722222222
 20
160.3393344444444
 30
0.0
 10
17.64037055555555
 20
159.7466677777778
 30
0.0
 10
18.41295388888889
 20
159.1610566666667
 30
0.0
 10
18.30712055555555
 20
159.1786955555555
 30
0.0
 10
19.00562055555555
 20
158.6495288888889
 30
0.0
 10
19.9334261111111
 20
157.9416214814815
 30
0.0
 10
20.86123166666666
 20
157.2337140740741
 30
0.0
 10
21.78903722222222
 20
156.5258066666667
 30
0.0
 10
22.39463907407407
 20
157.3207325925926
 30
0.0
 10
23.00024092592592
 20
158.1156585185185
 30
0.0
 10
23.60584277777777
 20
158.9105844444444
 30
0.0
 10
22.67803722222222
 20
159.6184918518518
 30
0.0
 10
21.75023166666666
 20
160.3263992592592
 30
0.0
 10
20.82242611111111
 20
161.0343066666667
 30
0.0
 10
20.12745388888888
 20
161.5634733333333
 30
0.0
 10
20.173315
 20
161.4682233333333
 30
0.0
 10
19.40073166666666
 20
162.0538344444444
 30
0.0
 10
18.62462055555555
 20
162.6465011111111
 30
0.0
 10
18.73398166666666
 20
162.6253344444444
 30
0.0
 10
18.03900944444444
 20
163.1545011111111
 30
0.0
 10
20.39909277777777
 20
166.25189
 30
0.0
 10
17.79206499999999
 20
170.3970288888889
 30
0.0
 10
23.72931499999999
 20
170.3970288888889
 30
0.0
 10
27.9661761111111
 20
170.3970288888889
 30
0.0
 10
27.81095388888888
 20
169.3986677777778
 30
0.0
 10
29.93820388888888
 20
169.3986677777778
 30
0.0
 10
30.93891685185184
 20
169.3986677777778
 30
0.0
 10
31.9396298148148
 20
169.3986677777778
 30
0.0
 10
32.94034277777777
 20
169.3986677777778
 30
0.0
 10
35.07112055555555
 20
169.3986677777778
 30
0.0
 10
34.87003722222222
 20
170.3970288888889
 30
0.0
 10
39.1104261111111
 20
170.3970288888889
 30
0.0
 10
45.04767611111111
 20
170.3970288888889
 30
0.0
 10
42.43712055555554
 20
166.25189
 30
0.0
 10
44.79720388888888
 20
163.1545011111111
 30
0.0
 10
44.10223166666666
 20
162.6253344444444
 30
0.0
 10
44.21159277777777
 20
162.6465011111111
 30
0.0
 10
43.43548166666666
 20
162.0538344444444
 30
0.0
 10
42.66642611111111
 20
161.4682233333333
 30
0.0
 10
42.71228722222222
 20
161.5634733333333
 30
0.0
 10
42.01378722222221
 20
161.0343066666667
 30
0.0
 10
41.08598166666666
 20
160.3263992592592
 30
0.0
 10
40.1581761111111
 20
159.6184918518518
 30
0.0
 10
39.23037055555555
 20
158.9105844444444
 30
0.0
 10
39.83714833333332
 20
158.1156585185185
 30
0.0
 10
40.4439261111111
 20
157.3207325925926
 30
0.0
 10
41.05070388888888
 20
156.5258066666667
 30
0.0
 10
41.97733351851851
 20
157.2337140740741
 30
0.0
 10
42.90396314814814
 20
157.9416214814815
 30
0.0
 10
43.83059277777777
 20
158.6495288888889
 30
0.0
 10
44.52909277777777
 20
159.1786955555555
 30
0.0
 10
44.42325944444443
 20
159.1610566666667
 30
0.0
 10
45.19584277777777
 20
159.7466677777778
 30
0.0
 10
45.9684261111111
 20
160.3393344444444
 30
0.0
 10
45.92609277777777
 20
160.2370288888889
 30
0.0
 10
46.62106499999999
 20
160.7661955555556
 30
0.0
 10
50.7626761111111
 20
155.8837511111111
 30
0.0
 10
43.84823166666666
 20
155.2134733333333
 30
0.0
 10
44.92420388888888
 20
150.98014
 30
0.0
 10
46.33178722222221
 20
145.4626955555556
 30
0.0
 10
50.2864261111111
 20
148.8952233333333
 30
0.0
 10
49.16459277777777
 20
142.9332788888889
 30
0.0
 10
48.31087055555555
 20
143.1202511111111
 30
0.0
 10
48.39906499999999
 20
143.0496955555556
 30
0.0
 10
47.44656499999999
 20
143.2578344444445
 30
0.0
 10
46.49759277777777
 20
143.4624455555555
 30
0.0
 10
46.59989833333333
 20
143.4906677777778
 30
0.0
 10
45.7461761111111
 20
143.6741122222222
 30
0.0
 10
44.60670388888889
 20
143.9210566666667
 30
0.0
 10
43.46723166666666
 20
144.1680011111111
 30
0.0
 10
42.32775944444444
 20
144.4149455555556
 30
0.0
 10
42.11609277777777
 20
143.4377511111111
 30
0.0
 10
41.9044261111111
 20
142.4605566666667
 30
0.0
 10
41.69275944444443
 20
141.4833622222222
 30
0.0
 10
42.83223166666667
 20
141.2364177777778
 30
0.0
 10
43.97170388888888
 20
140.9894733333333
 30
0.0
 10
45.1111761111111
 20
140.7425288888889
 30
0.0
 10
45.9684261111111
 20
140.5590844444444
 30
0.0
 10
45.88375944444444
 20
140.6261122222222
 30
0.0
 10
46.83273166666666
 20
140.4215011111111
 30
0.0
 10
47.78170388888888
 20
140.2133622222222
 30
0.0
 10
47.67587055555555
 20
140.1890205555555
 30
0.0
 10
48.52253722222221
 20
140.0052233333333
 30
0.0
  0
SPLINE
  5
D2
330
1F
100
AcDbEntity
  8
DEFAULT
 62
     1
100
AcDbSpline
210
0.0
220
0.0
230
1.0
 70
    11
 71
     3
 72
    29
 73
    25
 74
     0
 42
0.000000001
 43
0.0000000001
 40
0.0
 40
0.0
 40
0.0
 40
0.0
 40
538.583
 40
538.583
 40
538.583
 40
539.583
 40
539.583
 40
539.583
 40
1361.63
 40
1361.63
 40
1361.63
 40
1362.63
 40
1362.63
 40
1362.63
 40
1901.213
 40
1901.213
 40
1901.213
 40
1902.213
 40
1902.213
 40
1902.213
 40
2724.26
 40
2724.26
 40
2724.26
 40
2725.26
 40
2725.26
 40
2725.26
 40
2725.26
 10
195.1000105555555
 20
0.1000477777777778
 30
0.0
 10
131.7666392592593
 20
0.1000477777777778
 30
0.0
 10
68.43326796296297
 20
0.1000477777777778
 30
0.0
 10
5.099896666666677
 20
0.1000477777777778
 30
0.0
 10
2.338705000000011
 20
0.1000477777777778
 30
0.0
 10
0.0999772222222323
 20
2.338775555555555
 30
0.0
 10
0.0999772222222323
 20
5.099967222222221
 30
0.0
 10
0.0999772222222323
 20
101.7666051851852
 30
0.0
 10
0.0999772222222323
 20
198.4332431481481
 30
0.0
 10
0.0999772222222323
 20
295.0998811111111
 30
0.0
 10
0.0999772222222323
 20
297.8614255555555
 30
0.0
 10
2.338705000000011
 20
300.1001533333333
 30
0.0
 10
5.099896666666677
 20
300.1001533333333
 30
0.0
 10
68.43326796296296
 20
300.1001533333333
 30
0.0
 10
131.7666392592593
 20
300.1001533333333
 30
0.0
 10
195.1000105555555
 20
300.1001533333333
 30
0.0
 10
197.861555
 20
300.1001533333333
 30
0.0
 10
200.09993
 20
297.8614255555555
 30
0.0
 10
200.09993
 20
295.0998811111111
 30
0.0
 10
200.09993
 20
198.4332431481481
 30
0.0
 10
200.09993
 20
101.7666051851852
 30
0.0
 10
200.09993
 20
5.099967222222221
 30
0.0
 10
200.09993
 20
2.338775555555555
 30
0.0
 10
197.861555
 20
0.1000477777777778
 30
0.0
 10
195.1000105555555
 20
0.1000477777777778
 30
0.0
  0
SPLINE
  5
D3
330
1F
100
AcDbEntity
  8
DEFAULT
 62
     3
100
AcDbSpline
210
0.0
220
0.0
230
1.0
 70
    11
 71
     3
 72
    14
 73
    10
 74
     0
 42
0.000000001
 43
0.0000000001
 40
0.0
 40
0.0
 40
0.0
 40
0.0
 40
1.0
 40
1.0
 40
1.0
 40
2.0
 40
2.0
 40
2.0
 40
3.0
 40
3.0
 40
3.0
 40
3.0
 10
50.8068086111111
 20
91.93889833333331
 30
0.0
 10
52.15053916666665
 20
92.25851499999999
 30
0.0
 10
52.06446138888888
 20
94.26864277777776
 30
0.0
 10
53.3531586111111
 20
92.50616499999998
 30
0.0
 10
54.4263086111111
 20
91.03860944444442
 30
0.0
 10
55.75592805555554
 20
86.48248444444442
 30
0.0
 10
53.35809749999999
 20
88.28306222222221
 30
0.0
 10
50.41134472222221
 20
90.49568444444442
 30
0.0
 10
46.4411836111111
 20
90.90067333333333
 30
0.0
 10
50.8068086111111
 20
91.93889833333331
 30
0.0
  0
POLYLINE
  5
D4
330
1F
100
AcDbEntity
  8
DEFAULT
 62
     7
100
AcDb2dPolyline
 66
     1
 10
0.0
 20
0.0
 30
0.0
  0
VERTEX
  5
D5
330
D4
100
AcDbEntity
  8
DEFAULT
 62
     7
100
AcDbVertex
100
AcDb2dVertex
 10
57.13786444444442
 20
81.66011805555553
 30
0.0
  0
VERTEX
  5
D6
330
D4
100
AcDbEntity
  8
DEFAULT
 62
     7
100
AcDbVertex
100
AcDb2dVertex
 10
57.13998111111109
 20
79.76922916666663
 30
0.0
  0
SEQEND
  5
D7
330
D4
100
AcDbEntity
  8
DEFAULT
 62
     7
  0
SPLINE
  5
D8
330
1F
100
AcDbEntity
  8
DEFAULT
 62
     7
100
AcDbSpline
210
0.0
220
0.0
230
1.0
 70
    11
 71
     3
 72
    17
 73
    13
 74
     0
 42
0.000000001
 43
0.0000000001
 40
0.0
 40
0.0
 40
0.0
 40
0.0
 40
1.0
 40
1.0
 40
1.0
 40
2.0
 40
2.0
 40
2.0
 40
3.0
 40
3.0
 40
3.0
 40
4.0
 40
4.0
 40
4.0
 40
4.0
 10
58.15555777777777
 20
81.07150833333333
 30
0.0
 10
58.15591055555556
 20
80.68662777777777
 30
0.0
 10
57.88956333333334
 20
80.51870555555554
 30
0.0
 10
57.63803277777777
 20
80.51835277777776
 30
0.0
 10
57.35616333333333
 20
80.518
 30
0.0
 10
57.13885222222222
 20
80.724375
 30
0.0
 10
57.13849944444444
 20
81.05316388888889
 30
0.0
 10
57.13814666666667
 20
81.40135555555555
 30
0.0
 10
57.36568833333333
 20
81.60596666666666
 30
0.0
 10
57.65390777777777
 20
81.60631944444444
 30
0.0
 10
57.95271055555556
 20
81.60667222222222
 30
0.0
 10
58.155205
 20
81.38971388888888
 30
0.0
 10
58.15555777777777
 20
81.07150833333333
 30
0.0
  0
POLYLINE
  5
D9
330
1F
100
AcDbEntity
  8
DEFAULT
 62
     7
100
AcDb2dPolyline
 66
     1
 10
0.0
 20
0.0
 30
0.0
  0
VERTEX
  5
DA
330
D9
100
AcDbEntity
  8
DEFAULT
 62
     7
100
AcDbVertex
100
AcDb2dVertex
 10
56.8855225
 20
79.14280166666666
 30
0.0
  0
VERTEX
  5
DB
330
D9
100
AcDbEntity
  8
DEFAULT
 62
     7
100
AcDbVertex
100
AcDb2dVertex
 10
58.41305027777777
 20
79.14456555555554
 30
0.0
  0
SEQEND
  5
DC
330
D9
100
AcDbEntity
  8
DEFAULT
 62
     7
  0
POLYLINE
  5
DD
330
1F
100
AcDbEntity
  8
DEFAULT
 62
     7
100
AcDb2dPolyline
 66
     1
 10
0.0
 20
0.0
 30
0.0
  0
VERTEX
  5
DE
330
DD
100
AcDbEntity
  8
DEFAULT
 62
     7
100
AcDbVertex
100
AcDb2dVertex
 10
51.32186416666665
 20
84.21345305555555
 30
0.0
  0
VERTEX
  5
DF
330
DD
100
AcDbEntity
  8
DEFAULT
 62
     7
100
AcDbVertex
100
AcDb2dVertex
 10
50.30939194444443
 20
84.00848916666666
 30
0.0
  0
SEQEND
  5
E0
330
DD
100
AcDbEntity
  8
DEFAULT
 62
     7
  0
SPLINE
  5
E1
330
1F
100
AcDbEntity
  8
DEFAULT
 62
     7
100
AcDbSpline
210
0.0
220
0.0
230
1.0
 70
    11
 71
     3
 72
    17
 73
    13
 74
     0
 42
0.000000001
 43
0.0000000001
 40
0.0
 40
0.0
 40
0.0
 40
0.0
 40
1.0
 40
1.0
 40
1.0
 40
2.0
 40
2.0
 40
2.0
 40
3.0
 40
3.0
 40
3.0
 40
4.0
 40
4.0
 40
4.0
 40
4.0
 10
51.25536555555555
 20
83.5688575
 30
0.0
 10
50.83520722222222
 20
83.76429638888888
 30
0.0
 10
50.78722944444443
 20
84.14071027777777
 30
0.0
 10
50.91528777777777
 20
84.41517138888888
 30
0.0
 10
51.05816277777777
 20
84.7227936111111
 30
0.0
 10
51.39400722222221
 20
84.85508527777777
 30
0.0
 10
51.75313499999999
 20
84.68822138888889
 30
0.0
 10
52.13342944444444
 20
84.51147972222222
 30
0.0
 10
52.24067388888889
 20
84.15870194444445
 30
0.0
 10
52.0942711111111
 20
83.84402416666666
 30
0.0
 10
51.94257666666666
 20
83.51770472222222
 30
0.0
 10
51.60285166666667
 20
83.40728527777777
 30
0.0
 10
51.25536555555555
 20
83.5688575
 30
0.0
  0
POLYLINE
  5
E2
330
1F
100
AcDbEntity
  8
DEFAULT
 62
     7
100
AcDb2dPolyline
 66
     1
 10
0.0
 20
0.0
 30
0.0
  0
VERTEX
  5
E3
330
E2
100
AcDbEntity
  8
DEFAULT
 62
     7
100
AcDbVertex
100
AcDb2dVertex
 10
50.292635
 20
85.53411194444445
 30
0.0
  0
VERTEX
  5
E4
330
E2
100
AcDbEntity
  8
DEFAULT
 62
     7
100
AcDbVertex
100
AcDb2dVertex
 10
49.64881555555556
 20
84.14910638888888
 30
0.0
  0
SEQEND
  5
E5
330
E2
100
AcDbEntity
  8
DEFAULT
 62
     7
  0
SPLINE
  5
E6
330
1F
100
AcDbEntity
  8
DEFAULT
 62
     5
100
AcDbSpline
210
0.0
220
0.0
230
1.0
 70
     8
 71
     3
 72
    23
 73
    19
 74
     0
 42
0.000000001
 43
0.0000000001
 40
0.0
 40
0.0
 40
0.0
 40
0.0
 40
1.0
 40
1.0
 40
1.0
 40
2.0
 40
2.0
 40
2.0
 40
3.0
 40
3.0
 40
3.0
 40
4.0
 40
4.0
 40
4.0
 40
5.0
 40
5.0
 40
5.0
 40
6.0
 40
6.0
 40
6.0
 40
6.0
 10
59.10382444444443
 20
74.79559166666667
 30
0.0
 10
61.34219944444444
 20
74.79806111111111
 30
0.0
 10
64.47416055555556
 20
75.93859166666667
 30
0.0
 10
64.47274944444443
 20
77.14191666666666
 30
0.0
 10
64.47133833333332
 20
78.42849722222222
 30
0.0
 10
63.29764666666666
 20
81.12477777777778
 30
0.0
 10
60.51034944444444
 20
83.33104999999999
 30
0.0
 10
58.53902722222222
 20
84.89103333333333
 30
0.0
 10
57.2517411111111
 20
87.19925833333333
 30
0.0
 10
56.69399944444444
 20
89.42493333333333
 30
0.0
 10
55.86391333333333
 20
92.73751666666665
 30
0.0
 10
50.68972166666666
 20
98.87055833333334
 30
0.0
 10
50.27450222222222
 20
95.79363055555555
 30
0.0
 10
49.86669111111111
 20
92.77208888888887
 30
0.0
 10
45.54128277777777
 20
92.63979722222221
 30
0.0
 10
45.04845222222222
 20
92.02843333333333
 30
0.0
 10
44.55597444444444
 20
91.41742222222223
 30
0.0
 10
45.47002166666666
 20
90.44269722222221
 30
0.0
 10
44.82408555555555
 20
88.83261944444443
 30
0.0
  0
SPLINE
  5
E7
330
1F
100
AcDbEntity
  8
DEFAULT
 62
     5
100
AcDbSpline
210
0.0
220
0.0
230
1.0
 70
     8
 71
     3
 72
    17
 73
    13
 74
     0
 42
0.000000001
 43
0.0000000001
 40
0.0
 40
0.0
 40
0.0
 40
0.0
 40
1.0
 40
1.0
 40
1.0
 40
2.0
 40
2.0
 40
2.0
 40
3.0
 40
3.0
 40
3.0
 40
4.0
 40
4.0
 40
4.0
 40
4.0
 10
43.60019361111111
 20
86.19973305555554
 30
0.0
 10
42.25117138888888
 20
83.48228583333332
 30
0.0
 10
41.55337694444444
 20
84.67784972222222
 30
0.0
 10
41.26374638888888
 20
84.17267194444443
 30
0.0
 10
40.97446861111111
 20
83.66749416666666
 30
0.0
 10
43.29327694444444
 20
82.55024694444444
 30
0.0
 10
43.79986583333333
 20
76.49587472222221
 30
0.0
 10
43.8527825
 20
75.86263861111111
 30
0.0
 10
45.79694083333332
 20
76.6641497222222
 30
0.0
 10
47.72592972222222
 20
76.75199138888888
 30
0.0
 10
51.87389083333333
 20
76.94108027777777
 30
0.0
 10
53.02077138888888
 20
74.78878305555554
 30
0.0
 10
56.20317972222222
 20
74.7926636111111
 30
0.0
  0
SPLINE
  5
E8
330
1F
100
AcDbEntity
  8
DEFAULT
 62
     1
100
AcDbSpline
210
0.0
220
0.0
230
1.0
 70
    11
 71
     3
 72
    77
 73
    73
 74
     0
 42
0.000000001
 43
0.0000000001
 40
1.0
 40
1.0
 40
1.0
 40
1.0
 40
2.0
 40
2.0
 40
2.0
 40
3.0
 40
3.0
 40
3.0
 40
4.0
 40
4.0
 40
4.0
 40
5.0
 40
5.0
 40
5.0
 40
6.0
 40
6.0
 40
6.0
 40
7.0
 40
7.0
 40
7.0
 40
8.0
 40
8.0
 40
8.0
 40
9.0
 40
9.0
 40
9.0
 40
18.91963451947701
 40
18.91963451947701
 40
18.91963451947701
 40
27.42012391715289
 40
27.42012391715289
 40
27.42012391715289
 40
37.33975843662991
 40
37.33975843662991
 40
37.33975843662991
 40
38.33975843662991
 40
38.33975843662991
 40
38.33975843662991
 40
39.33975843662991
 40
39.33975843662991
 40
39.33975843662991
 40
40.33975843662991
 40
40.33975843662991
 40
40.33975843662991
 40
41.33975843662991
 40
41.33975843662991
 40
41.33975843662991
 40
42.33975843662991
 40
42.33975843662991
 40
42.33975843662991
 40
43.33975843662991
 40
43.33975843662991
 40
43.33975843662991
 40
44.33975843662991
 40
44.33975843662991
 40
44.33975843662991
 40
45.33975843662991
 40
45.33975843662991
 40
45.33975843662991
 40
49.58976137780536
 40
49.58976137780536
 40
49.58976137780536
 40
58.08976726015626
 40
58.08976726015626
 40
58.08976726015626
 40
62.34177019994827
 40
62.34177019994827
 40
62.34177019994827
 40
63.34177019994827
 40
63.34177019994827
 40
63.34177019994827
 40
64.34177019994827
 40
64.34177019994827
 40
64.34177019994827
 40
64.34177019994827
 10
59.15480083333333
 20
73.04651944444444
 30
0.0
 10
61.55792305555555
 20
73.04934166666666
 30
0.0
 10
64.14025638888889
 20
73.5220638888889
 30
0.0
 10
65.96376472222221
 20
75.66201388888888
 30
0.0
 10
67.05561194444444
 20
76.94506666666666
 30
0.0
 10
65.80889527777776
 20
81.68816388888888
 30
0.0
 10
61.75124527777778
 20
84.89949999999999
 30
0.0
 10
59.09588694444444
 20
87.00099722222222
 30
0.0
 10
58.53391194444444
 20
91.49679722222221
 30
0.0
 10
56.63561472222221
 20
93.96730000000001
 30
0.0
 10
52.01069805555554
 20
99.98639444444443
 30
0.0
 10
49.32323694444444
 20
100.5085055555555
 30
0.0
 10
48.25467305555555
 20
96.52246944444444
 30
0.0
 10
47.5999175
 20
94.08054166666666
 30
0.0
 10
44.79603972222222
 20
94.70460555555555
 30
0.0
 10
43.51404527777777
 20
93.33618055555554
 30
0.0
 10
42.23028694444444
 20
91.96422777777778
 30
0.0
 10
43.86823416666666
 20
90.92670833333332
 30
0.0
 10
43.25828138888888
 20
89.61508055555555
 30
0.0
 10
44.05167861111111
 20
89.24607499999999
 30
0.0
 10
43.94161194444444
 20
89.24289999999999
 30
0.0
 10
44.82426194444444
 20
88.83261944444443
 30
0.0
 10
45.70408972222221
 20
88.42339722222222
 30
0.0
 10
45.63847305555555
 20
88.50841666666666
 30
0.0
 10
46.43187027777777
 20
88.13976388888888
 30
0.0
 10
47.48961564814814
 20
87.64799166666666
 30
0.0
 10
48.54736101851851
 20
87.15621944444445
 30
0.0
 10
49.60510638888888
 20
86.66444722222222
 30
0.0
 10
49.18365453703703
 20
85.75804351851853
 30
0.0
 10
48.76220268518517
 20
84.85163981481482
 30
0.0
 10
48.34075083333332
 20
83.94523611111111
 30
0.0
 10
47.28300546296295
 20
84.43700833333334
 30
0.0
 10
46.22526009259258
 20
84.92878055555555
 30
0.0
 10
45.16751472222222
 20
85.42055277777777
 30
0.0
 10
44.3741175
 20
85.78955833333332
 30
0.0
 10
44.47995083333333
 20
85.79061666666666
 30
0.0
 10
43.60012305555555
 20
86.19983888888888
 30
0.0
 10
42.71747305555555
 20
86.61011944444444
 30
0.0
 10
42.78767583333332
 20
86.52686388888888
 30
0.0
 10
41.9942786111111
 20
86.89586944444444
 30
0.0
 10
40.86680083333332
 20
84.47122777777777
 30
0.0
 10
38.46367861111111
 20
89.21044444444443
 30
0.0
 10
38.25483416666666
 20
85.44983333333333
 30
0.0
 10
38.1430036111111
 20
83.43229722222222
 30
0.0
 10
40.93770916666666
 20
83.83622777777778
 30
0.0
 10
42.14103416666666
 20
76.07158888888888
 30
0.0
 10
42.5834175
 20
73.2155
 30
0.0
 10
43.7295925
 20
74.52995
 30
0.0
 10
47.83522027777776
 20
74.75502222222221
 30
0.0
 10
51.00528138888888
 20
74.92894166666667
 30
0.0
 10
52.94873416666665
 20
73.20138888888889
 30
0.0
 10
56.15618972222222
 20
73.04299166666667
 30
0.0
 10
56.15513138888888
 20
73.91752777777778
 30
0.0
 10
56.20416749999999
 20
73.81875
 30
0.0
 10
56.20310916666666
 20
74.79241666666667
 30
0.0
 10
56.20205083333332
 20
75.76255555555555
 30
0.0
 10
56.15336749999999
 20
75.66730555555556
 30
0.0
 10
56.15230916666666
 20
76.54254722222221
 30
0.0
 10
56.15172120370369
 20
77.04231574074073
 30
0.0
 10
56.15113324074073
 20
77.54208425925925
 30
0.0
 10
56.15054527777777
 20
78.04185277777778
 30
0.0
 10
57.15008231481482
 20
78.04302870370371
 30
0.0
 10
58.14961935185185
 20
78.04420462962963
 30
0.0
 10
59.14915638888888
 20
78.04538055555555
 30
0.0
 10
59.14974435185184
 20
77.54537685185186
 30
0.0
 10
59.15033231481481
 20
77.04537314814816
 30
0.0
 10
59.15092027777777
 20
76.54536944444445
 30
0.0
 10
59.15162583333333
 20
75.67083333333332
 30
0.0
 10
59.10294249999999
 20
75.76573055555555
 30
0.0
 10
59.10364805555555
 20
74.79559166666667
 30
0.0
 10
59.10470638888888
 20
73.82227777777777
 30
0.0
 10
59.15374249999999
 20
73.92105555555555
 30
0.0
 10
59.15480083333333
 20
73.04651944444444
 30
0.0
  0
SPLINE
  5
E9
330
1F
100
AcDbEntity
  8
DEFAULT
 62
     3
100
AcDbSpline
210
0.0
220
0.0
230
1.0
 70
    11
 71
     3
 72
    14
 73
    10
 74
     0
 42
0.000000001
 43
0.0000000001
 40
0.0
 40
0.0
 40
0.0
 40
0.0
 40
1.0
 40
1.0
 40
1.0
 40
2.0
 40
2.0
 40
2.0
 40
3.0
 40
3.0
 40
3.0
 40
3.0
 10
50.87556499999999
 20
31.42389222222222
 30
0.0
 10
52.22000111111111
 20
31.10745055555555
 30
0.0
 10
52.13886222222222
 20
29.09697
 30
0.0
 10
53.42332611111111
 20
30.86227
 30
0.0
 10
54.49330111111111
 20
32.33229499999999
 30
0.0
 10
55.81269
 20
36.891595
 30
0.0
 10
53.41838722222222
 20
35.08572555555555
 30
0.0
 10
50.47692611111111
 20
32.86604777777777
 30
0.0
 10
46.50782333333333
 20
32.45223944444444
 30
0.0
 10
50.87556499999999
 20
31.42389222222222
 30
0.0
  0
POLYLINE
  5
EA
330
1F
100
AcDbEntity
  8
DEFAULT
 62
     7
100
AcDb2dPolyline
 66
     1
 10
0.0
 20
0.0
 30
0.0
  0
VERTEX
  5
EB
330
EA
100
AcDbEntity
  8
DEFAULT
 62
     7
100
AcDbVertex
100
AcDb2dVertex
 10
58.20032527777776
 20
41.71819472222221
 30
0.0
  0
VERTEX
  5
EC
330
EA
100
AcDbEntity
  8
DEFAULT
 62
     7
100
AcDbVertex
100
AcDb2dVertex
 10
58.1982086111111
 20
43.6090836111111
 30
0.0
  0
SEQEND
  5
ED
330
EA
100
AcDbEntity
  8
DEFAULT
 62
     7
  0
SPLINE
  5
EE
330
1F
100
AcDbEntity
  8
DEFAULT
 62
     7
100
AcDbSpline
210
0.0
220
0.0
230
1.0
 70
    11
 71
     3
 72
    17
 73
    13
 74
     0
 42
0.000000001
 43
0.0000000001
 40
0.0
 40
0.0
 40
0.0
 40
0.0
 40
1.0
 40
1.0
 40
1.0
 40
2.0
 40
2.0
 40
2.0
 40
3.0
 40
3.0
 40
3.0
 40
4.0
 40
4.0
 40
4.0
 40
4.0
 10
57.18266722222222
 20
42.30694555555555
 30
0.0
 10
57.18231444444444
 20
42.69182611111111
 30
0.0
 10
57.44866166666666
 20
42.85974833333333
 30
0.0
 10
57.70019222222222
 20
42.85974833333333
 30
0.0
 10
57.98206166666666
 20
42.86010111111111
 30
0.0
 10
58.19937277777777
 20
42.65407888888888
 30
0.0
 10
58.19972555555555
 20
42.32529
 30
0.0
 10
58.20007833333332
 20
41.97674555555555
 30
0.0
 10
57.97253666666666
 20
41.77213444444444
 30
0.0
 10
57.68431722222222
 20
41.77213444444444
 30
0.0
 10
57.38551444444444
 20
41.77178166666666
 30
0.0
 10
57.18302
 20
41.98874
 30
0.0
 10
57.18266722222222
 20
42.30694555555555
 30
0.0
  0
POLYLINE
  5
EF
330
1F
100
AcDbEntity
  8
DEFAULT
 62
     7
100
AcDb2dPolyline
 66
     1
 10
0.0
 20
0.0
 30
0.0
  0
VERTEX
  5
F0
330
EF
100
AcDbEntity
  8
DEFAULT
 62
     7
100
AcDbVertex
100
AcDb2dVertex
 10
58.45270249999999
 20
44.23551111111111
 30
0.0
  0
VERTEX
  5
F1
330
EF
100
AcDbEntity
  8
DEFAULT
 62
     7
100
AcDbVertex
100
AcDb2dVertex
 10
56.9251747222222
 20
44.23374722222222
 30
0.0
  0
SEQEND
  5
F2
330
EF
100
AcDbEntity
  8
DEFAULT
 62
     7
  0
POLYLINE
  5
F3
330
1F
100
AcDbEntity
  8
DEFAULT
 62
     7
100
AcDb2dPolyline
 66
     1
 10
0.0
 20
0.0
 30
0.0
  0
VERTEX
  5
F4
330
F3
100
AcDbEntity
  8
DEFAULT
 62
     7
100
AcDbVertex
100
AcDb2dVertex
 10
51.37248777777778
 20
39.15194805555555
 30
0.0
  0
VERTEX
  5
F5
330
F3
100
AcDbEntity
  8
DEFAULT
 62
     7
100
AcDbVertex
100
AcDb2dVertex
 10
50.8785988888889
 20
38.24495638888889
 30
0.0
  0
SEQEND
  5
F6
330
F3
100
AcDbEntity
  8
DEFAULT
 62
     7
  0
SPLINE
  5
F7
330
1F
100
AcDbEntity
  8
DEFAULT
 62
     7
100
AcDbSpline
210
0.0
220
0.0
230
1.0
 70
    11
 71
     3
 72
    17
 73
    13
 74
     0
 42
0.000000001
 43
0.0000000001
 40
0.0
 40
0.0
 40
0.0
 40
0.0
 40
1.0
 40
1.0
 40
1.0
 40
2.0
 40
2.0
 40
2.0
 40
3.0
 40
3.0
 40
3.0
 40
4.0
 40
4.0
 40
4.0
 40
4.0
 10
51.82347888888888
 20
38.68652833333333
 30
0.0
 10
51.40367333333332
 20
38.49038388888889
 30
0.0
 10
51.08476222222222
 20
38.69570055555555
 30
0.0
 10
50.9563511111111
 20
38.97016166666666
 30
0.0
 10
50.81277055555555
 20
39.27743111111111
 30
0.0
 10
50.92707055555555
 20
39.61997833333333
 30
0.0
 10
51.28584555555555
 20
39.78754777777777
 30
0.0
 10
51.66578722222221
 20
39.96534777777777
 30
0.0
 10
52.00480666666666
 20
39.82070888888889
 30
0.0
 10
52.151915
 20
39.50638388888888
 30
0.0
 10
52.30431499999999
 20
39.18041722222222
 30
0.0
 10
52.17061222222222
 20
38.84915888888889
 30
0.0
 10
51.82347888888888
 20
38.68652833333333
 30
0.0
  0
POLYLINE
  5
F8
330
1F
100
AcDbEntity
  8
DEFAULT
 62
     7
100
AcDb2dPolyline
 66
     1
 10
0.0
 20
0.0
 30
0.0
  0
VERTEX
  5
F9
330
F8
100
AcDbEntity
  8
DEFAULT
 62
     7
100
AcDbVertex
100
AcDb2dVertex
 10
49.6992275
 20
39.21223777777778
 30
0.0
  0
VERTEX
  5
FA
330
F8
100
AcDbEntity
  8
DEFAULT
 62
     7
100
AcDbVertex
100
AcDb2dVertex
 10
50.34622194444444
 20
37.8289961111111
 30
0.0
  0
SEQEND
  5
FB
330
F8
100
AcDbEntity
  8
DEFAULT
 62
     7
  0
SPLINE
  5
FC
330
1F
100
AcDbEntity
  8
DEFAULT
 62
     5
100
AcDbSpline
210
0.0
220
0.0
230
1.0
 70
     8
 71
     3
 72
    23
 73
    19
 74
     0
 42
0.000000001
 43
0.0000000001
 40
0.0
 40
0.0
 40
0.0
 40
0.0
 40
1.0
 40
1.0
 40
1.0
 40
2.0
 40
2.0
 40
2.0
 40
3.0
 40
3.0
 40
3.0
 40
4.0
 40
4.0
 40
4.0
 40
5.0
 40
5.0
 40
5.0
 40
6.0
 40
6.0
 40
6.0
 40
6.0
 10
59.13359888888889
 20
48.58600194444444
 30
0.0
 10
61.37197388888889
 20
48.58847138888888
 30
0.0
 10
64.50640444444444
 20
47.45534916666666
 30
0.0
 10
64.50781555555555
 20
46.25202416666666
 30
0.0
 10
64.50957944444444
 20
44.96509083333333
 30
0.0
 10
63.341885
 20
42.26634083333332
 30
0.0
 10
60.55952666666666
 20
40.0537186111111
 30
0.0
 10
58.592085
 20
38.48950194444443
 30
0.0
 10
57.30973777777778
 20
36.17810194444444
 30
0.0
 10
56.75728777777778
 20
33.95172138888888
 30
0.0
 10
55.93460999999999
 20
30.63702138888889
 30
0.0
 10
50.77452944444445
 20
24.49198527777777
 30
0.0
 10
50.35225444444445
 20
27.56820749999999
 30
0.0
 10
49.93738777777777
 20
30.58833805555555
 30
0.0
 10
45.61162666666666
 20
30.71110472222222
 30
0.0
 10
45.11773777777778
 20
31.32141027777778
 30
0.0
 10
44.62349611111111
 20
31.93136305555555
 30
0.0
 10
45.53542666666667
 20
32.90785194444444
 30
0.0
 10
44.88596277777778
 20
34.5165186111111
 30
0.0
  0
SPLINE
  5
FD
330
1F
100
AcDbEntity
  8
DEFAULT
 62
     5
100
AcDbSpline
210
0.0
220
0.0
230
1.0
 70
     8
 71
     3
 72
    17
 73
    13
 74
     0
 42
0.000000001
 43
0.0000000001
 40
0.0
 40
0.0
 40
0.0
 40
0.0
 40
1.0
 40
1.0
 40
1.0
 40
2.0
 40
2.0
 40
2.0
 40
3.0
 40
3.0
 40
3.0
 40
4.0
 40
4.0
 40
4.0
 40
4.0
 10
43.65600305555555
 20
37.1465475
 30
0.0
 10
42.30063083333333
 20
39.86081972222222
 30
0.0
 10
41.60565861111111
 20
38.66419749999999
 30
0.0
 10
41.31496972222222
 20
39.16831694444444
 30
0.0
 10
41.02463361111111
 20
39.67278916666667
 30
0.0
 10
43.34061972222221
 20
40.79568083333333
 30
0.0
 10
43.83345027777778
 20
46.8511113888889
 30
0.0
 10
43.88495583333333
 20
47.4843475
 30
0.0
 10
45.83123083333333
 20
46.68706972222223
 30
0.0
 10
47.76021972222222
 20
46.60381416666666
 30
0.0
 10
51.90888638888889
 20
46.42425027777778
 30
0.0
 10
53.05047527777777
 20
48.57901694444443
 30
0.0
 10
56.23288361111111
 20
48.58254472222222
 30
0.0
  0
SPLINE
  5
FE
330
1F
100
AcDbEntity
  8
DEFAULT
 62
     1
100
AcDbSpline
210
0.0
220
0.0
230
1.0
 70
    11
 71
     3
 72
    77
 73
    73
 74
     0
 42
0.000000001
 43
0.0000000001
 40
1.0
 40
1.0
 40
1.0
 40
1.0
 40
2.0
 40
2.0
 40
2.0
 40
3.0
 40
3.0
 40
3.0
 40
4.0
 40
4.0
 40
4.0
 40
5.0
 40
5.0
 40
5.0
 40
6.0
 40
6.0
 40
6.0
 40
7.0
 40
7.0
 40
7.0
 40
8.0
 40
8.0
 40
8.0
 40
9.0
 40
9.0
 40
9.0
 40
18.92035306831364
 40
18.92035306831364
 40
18.92035306831364
 40
27.42029453870036
 40
27.42029453870036
 40
27.42029453870036
 40
37.3393181297601
 40
37.3393181297601
 40
37.3393181297601
 40
38.3393181297601
 40
38.3393181297601
 40
38.3393181297601
 40
39.3393181297601
 40
39.3393181297601
 40
39.3393181297601
 40
40.3393181297601
 40
40.3393181297601
 40
40.3393181297601
 40
41.3393181297601
 40
41.3393181297601
 40
41.3393181297601
 40
42.3393181297601
 40
42.3393181297601
 40
42.3393181297601
 40
43.3393181297601
 40
43.3393181297601
 40
43.3393181297601
 40
44.3393181297601
 40
44.3393181297601
 40
44.3393181297601
 40
45.3393181297601
 40
45.3393181297601
 40
45.3393181297601
 40
49.58932107093555
 40
49.58932107093555
 40
49.58932107093555
 40
58.0893258356401
 40
58.0893258356401
 40
58.0893258356401
 40
62.34232877474088
 40
62.34232877474088
 40
62.34232877474088
 40
63.34232877474088
 40
63.34232877474088
 40
63.34232877474088
 40
64.34232877474088
 40
64.34232877474088
 40
64.34232877474088
 40
64.34232877474088
 10
59.18048305555555
 20
50.33542694444444
 30
0.0
 10
61.58395805555554
 20
50.33824916666666
 30
0.0
 10
64.16734972222221
 20
49.87152416666666
 30
0.0
 10
65.99579694444444
 20
47.73545472222222
 30
0.0
 10
67.0901136111111
 20
46.45451861111111
 30
0.0
 10
65.85433305555554
 20
41.70895194444444
 30
0.0
 10
61.80409138888889
 20
38.48844361111111
 30
0.0
 10
59.15331916666666
 20
36.38059638888888
 30
0.0
 10
58.6019275
 20
31.88373805555555
 30
0.0
 10
56.70892194444443
 20
29.40864916666667
 30
0.0
 10
52.09776361111111
 20
23.37932416666666
 30
0.0
 10
49.4117136111111
 20
22.85121583333333
 30
0.0
 10
48.33397749999999
 20
26.83442972222222
 30
0.0
 10
47.67357749999999
 20
29.27494638888889
 30
0.0
 10
44.87111083333333
 20
28.64488527777777
 30
0.0
 10
43.58594138888888
 20
30.01048805555555
 30
0.0
 10
42.29936083333332
 20
31.37926583333332
 30
0.0
 10
43.9348386111111
 20
32.42066583333333
 30
0.0
 10
43.3220636111111
 20
33.73088249999999
 30
0.0
 10
44.1144025
 20
34.10129916666666
 30
0.0
 10
44.00398305555554
 20
34.10412138888888
 30
0.0
 10
44.88592749999999
 20
34.5165186111111
 30
0.0
 10
45.76469694444444
 20
34.92750472222222
 30
0.0
 10
45.69943305555555
 20
34.84248527777778
 30
0.0
 10
46.49212472222222
 20
35.21325472222222
 30
0.0
 10
47.54881175925926
 20
35.70749638888888
 30
0.0
 10
48.6054987962963
 20
36.20173805555555
 30
0.0
 10
49.66218583333333
 20
36.69597972222222
 30
0.0
 10
49.2386173148148
 20
37.60132509259259
 30
0.0
 10
48.81504879629629
 20
38.50667046296295
 30
0.0
 10
48.39148027777777
 20
39.41201583333333
 30
0.0
 10
47.33491083333333
 20
38.91789175925926
 30
0.0
 10
46.27834138888889
 20
38.42376768518518
 30
0.0
 10
45.22177194444444
 20
37.92964361111111
 30
0.0
 10
44.42908027777777
 20
37.55887416666666
 30
0.0
 10
44.5349136111111
 20
37.55746305555555
 30
0.0
 10
43.65614416666666
 20
37.14647694444444
 30
0.0
 10
42.77419972222221
 20
36.73407972222221
 30
0.0
 10
42.84404972222222
 20
36.81768805555555
 30
0.0
 10
42.05171083333332
 20
36.44691861111111
 30
0.0
 10
40.9185886111111
 20
38.86909083333333
 30
0.0
 10
38.5264025
 20
34.12422972222222
 30
0.0
 10
38.30909138888888
 20
37.88448805555555
 30
0.0
 10
38.19267472222221
 20
39.90167138888889
 30
0.0
 10
40.98808583333332
 20
39.50409083333333
 30
0.0
 10
42.17377194444444
 20
47.27119916666666
 30
0.0
 10
42.60980527777777
 20
50.12834638888889
 30
0.0
 10
43.75880249999999
 20
48.8167186111111
 30
0.0
 10
47.86513583333333
 20
48.6008186111111
 30
0.0
 10
51.03554972222221
 20
48.43430749999999
 30
0.0
 10
52.97476916666665
 20
50.16609361111111
 30
0.0
 10
56.18187194444444
 20
50.33189916666667
 30
0.0
 10
56.18293027777776
 20
49.45771583333332
 30
0.0
 10
56.23196638888888
 20
49.55614083333332
 30
0.0
 10
56.23302472222222
 20
48.58247416666666
 30
0.0
 10
56.23408305555554
 20
47.61233527777777
 30
0.0
 10
56.18504694444444
 20
47.70758527777777
 30
0.0
 10
56.18610527777777
 20
46.83234361111111
 30
0.0
 10
56.18669324074074
 20
46.33257509259258
 30
0.0
 10
56.1872812037037
 20
45.83280657407406
 30
0.0
 10
56.18786916666666
 20
45.33303805555555
 30
0.0
 10
57.18740620370369
 20
45.33409638888887
 30
0.0
 10
58.18694324074073
 20
45.33515472222221
 30
0.0
 10
59.18648027777777
 20
45.33621305555555
 30
0.0
 10
59.1858923148148
 20
45.83633435185185
 30
0.0
 10
59.18530435185184
 20
46.33645564814814
 30
0.0
 10
59.18471638888888
 20
46.83657694444444
 30
0.0
 10
59.18365805555554
 20
47.71111305555555
 30
0.0
 10
59.13497472222222
 20
47.61586305555555
 30
0.0
 10
59.1335636111111
 20
48.58600194444444
 30
0.0
 10
59.13250527777777
 20
49.5596686111111
 30
0.0
 10
59.18154138888887
 20
49.46089083333332
 30
0.0
 10
59.18048305555555
 20
50.33542694444444
 30
0.0
  0
SPLINE
  5
FF
330
1F
100
AcDbEntity
  8
DEFAULT
 62
     3
100
AcDbSpline
210
0.0
220
0.0
230
1.0
 70
    11
 71
     3
 72
    17
 73
    13
 74
     0
 42
0.000000001
 43
0.0000000001
 40
0.0
 40
0.0
 40
0.0
 40
0.0
 40
1.0
 40
1.0
 40
1.0
 40
2.0
 40
2.0
 40
2.0
 40
3.0
 40
3.0
 40
3.0
 40
4.0
 40
4.0
 40
4.0
 40
4.0
 10
28.08054666666666
 20
90.00811027777777
 30
0.0
 10
30.72285222222222
 20
92.29516861111111
 30
0.0
 10
32.72557166666666
 20
92.43204638888888
 30
0.0
 10
32.18264666666666
 20
90.92603805555554
 30
0.0
 10
31.73320777777777
 20
89.68037972222221
 30
0.0
 10
32.64654944444444
 20
89.30784638888888
 30
0.0
 10
31.05869666666667
 20
87.92707416666666
 30
0.0
 10
30.09138
 20
87.08605194444443
 30
0.0
 10
29.67757166666667
 20
86.43376583333333
 30
0.0
 10
29.20661333333333
 20
85.21632972222221
 30
0.0
 10
28.73071611111111
 20
83.9861936111111
 30
0.0
 10
25.34404944444444
 20
87.63956027777778
 30
0.0
 10
28.08054666666666
 20
90.00811027777777
 30
0.0
  0
POLYLINE
  5
100
330
1F
100
AcDbEntity
  8
DEFAULT
 62
     7
100
AcDb2dPolyline
 66
     1
 10
0.0
 20
0.0
 30
0.0
  0
VERTEX
  5
101
330
100
100
AcDbEntity
  8
DEFAULT
 62
     7
100
AcDbVertex
100
AcDb2dVertex
 10
17.99540611111111
 20
85.35461861111109
 30
0.0
  0
VERTEX
  5
102
330
100
100
AcDbEntity
  8
DEFAULT
 62
     7
100
AcDbVertex
100
AcDb2dVertex
 10
19.49294777777778
 20
85.0544047222222
 30
0.0
  0
SEQEND
  5
103
330
100
100
AcDbEntity
  8
DEFAULT
 62
     7
  0
POLYLINE
  5
104
330
1F
100
AcDbEntity
  8
DEFAULT
 62
     7
100
AcDb2dPolyline
 66
     1
 10
0.0
 20
0.0
 30
0.0
  0
VERTEX
  5
105
330
104
100
AcDbEntity
  8
DEFAULT
 62
     7
100
AcDbVertex
100
AcDb2dVertex
 10
19.17929305555555
 20
88.3084622222222
 30
0.0
  0
VERTEX
  5
106
330
104
100
AcDbEntity
  8
DEFAULT
 62
     7
100
AcDbVertex
100
AcDb2dVertex
 10
18.76089861111111
 20
86.2210761111111
 30
0.0
  0
VERTEX
  5
107
330
104
100
AcDbEntity
  8
DEFAULT
 62
     7
100
AcDbVertex
100
AcDb2dVertex
 10
19.12037916666667
 20
86.14910944444443
 30
0.0
  0
SEQEND
  5
108
330
104
100
AcDbEntity
  8
DEFAULT
 62
     7
  0
SPLINE
  5
109
330
1F
100
AcDbEntity
  8
DEFAULT
 62
     5
100
AcDbSpline
210
0.0
220
0.0
230
1.0
 70
     8
 71
     3
 72
    44
 73
    40
 74
     0
 42
0.000000001
 43
0.0000000001
 40
0.0
 40
0.0
 40
0.0
 40
0.0
 40
1.0
 40
1.0
 40
1.0
 40
2.0
 40
2.0
 40
2.0
 40
3.0
 40
3.0
 40
3.0
 40
4.0
 40
4.0
 40
4.0
 40
5.0
 40
5.0
 40
5.0
 40
6.0
 40
6.0
 40
6.0
 40
14.50889352383728
 40
14.50889352383728
 40
14.50889352383728
 40
15.50889352383728
 40
15.50889352383728
 40
15.50889352383728
 40
16.50889352383728
 40
16.50889352383728
 40
16.50889352383728
 40
17.50889352383728
 40
17.50889352383728
 40
17.50889352383728
 40
18.50889352383728
 40
18.50889352383728
 40
18.50889352383728
 40
19.50889352383728
 40
19.50889352383728
 40
19.50889352383728
 40
20.50889352383728
 40
20.50889352383728
 40
20.50889352383728
 40
20.50889352383728
 10
19.50709416666666
 20
81.63686999999999
 30
0.0
 10
25.77313305555555
 20
79.99292555555554
 30
0.0
 10
28.13886083333333
 20
76.53640888888889
 30
0.0
 10
27.84358583333333
 20
77.83745333333331
 30
0.0
 10
27.54831083333333
 20
79.13885055555555
 30
0.0
 10
29.64557472222222
 20
78.12884777777778
 30
0.0
 10
29.58630805555555
 20
78.947645
 30
0.0
 10
29.06560805555555
 20
86.1132672222222
 30
0.0
 10
34.37032749999999
 20
88.17348944444443
 30
0.0
 10
34.21087194444443
 20
89.23182277777777
 30
0.0
 10
34.04506638888888
 20
90.33037277777777
 30
0.0
 10
34.73263027777777
 20
92.61178666666665
 30
0.0
 10
34.03942194444444
 20
93.29158944444444
 30
0.0
 10
33.3462136111111
 20
93.9713922222222
 30
0.0
 10
29.59159972222222
 20
93.26795333333332
 30
0.0
 10
26.87168305555555
 20
91.044395
 30
0.0
 10
24.95221916666667
 20
89.47488666666665
 30
0.0
 10
23.17351361111111
 20
88.05001722222221
 30
0.0
 10
20.76263027777777
 20
88.52626722222222
 30
0.0
 10
19.78132009259259
 20
88.72170611111109
 30
0.0
 10
18.8000099074074
 20
88.91714499999999
 30
0.0
 10
17.81869972222222
 20
89.11258388888888
 30
0.0
 10
15.63324138888889
 20
89.51298666666665
 30
0.0
 10
15.1552275
 20
90.95796444444443
 30
0.0
 10
14.50682194444444
 20
91.92245888888887
 30
0.0
 10
13.97941916666666
 20
92.70774222222221
 30
0.0
 10
13.22729694444444
 20
92.83192
 30
0.0
 10
13.0089275
 20
92.83403666666665
 30
0.0
 10
12.35875805555555
 20
92.841445
 30
0.0
 10
8.945633055555554
 20
93.28982555555555
 30
0.0
 10
9.048644166666664
 20
92.53876166666666
 30
0.0
 10
9.297352499999999
 20
90.72301444444443
 30
0.0
 10
8.188924722222222
 20
87.75685888888887
 30
0.0
 10
8.450685833333331
 20
86.7373311111111
 30
0.0
 10
9.161885833333331
 20
83.96873111111111
 30
0.0
 10
7.997366388888888
 20
82.00446444444444
 30
0.0
 10
8.529002499999999
 20
81.68943388888889
 30
0.0
 10
9.061344166666665
 20
81.37440333333332
 30
0.0
 10
14.23729972222222
 20
82.53222
 30
0.0
 10
16.66264694444444
 20
82.20484222222221
 30
0.0
  0
SPLINE
  5
10A
330
1F
100
AcDbEntity
  8
DEFAULT
 62
     1
100
AcDbSpline
210
0.0
220
0.0
230
1.0
 70
    11
 71
     3
 72
    62
 73
    58
 74
     0
 42
0.000000001
 43
0.0000000001
 40
1.0
 40
1.0
 40
1.0
 40
1.0
 40
2.0
 40
2.0
 40
2.0
 40
3.0
 40
3.0
 40
3.0
 40
4.0
 40
4.0
 40
4.0
 40
5.0
 40
5.0
 40
5.0
 40
6.0
 40
6.0
 40
6.0
 40
7.420097531861798
 40
7.420097531861798
 40
7.420097531861798
 40
15.92173243345573
 40
15.92173243345573
 40
15.92173243345573
 40
17.34162890855522
 40
17.34162890855522
 40
17.34162890855522
 40
18.34162890855522
 40
18.34162890855522
 40
18.34162890855522
 40
19.34162890855522
 40
19.34162890855522
 40
19.34162890855522
 40
20.34162890855522
 40
20.34162890855522
 40
20.34162890855522
 40
21.34162890855522
 40
21.34162890855522
 40
21.34162890855522
 40
22.34162890855522
 40
22.34162890855522
 40
22.34162890855522
 40
23.34162890855522
 40
23.34162890855522
 40
23.34162890855522
 40
24.34162890855522
 40
24.34162890855522
 40
24.34162890855522
 40
25.34162890855522
 40
25.34162890855522
 40
25.34162890855522
 40
33.84228588316606
 40
33.84228588316606
 40
33.84228588316606
 40
34.84228588316606
 40
34.84228588316606
 40
34.84228588316606
 40
35.84228588316606
 40
35.84228588316606
 40
35.84228588316606
 40
35.84228588316606
 10
36.00912138888889
 20
88.99800166666667
 30
0.0
 10
36.46102972222222
 20
86.55889611111111
 30
0.0
 10
31.05400472222222
 20
87.06513222222222
 30
0.0
 10
31.62479916666666
 20
78.04213499999999
 30
0.0
 10
31.71757972222222
 20
76.57704888888888
 30
0.0
 10
28.76094916666666
 20
77.95499888888888
 30
0.0
 10
28.95709361111111
 20
74.88124611111111
 30
0.0
 10
29.12289916666666
 20
72.28021555555556
 30
0.0
 10
26.82278805555555
 20
78.52085444444444
 30
0.0
 10
19.21301861111111
 20
79.915385
 30
0.0
 10
19.38341027777777
 20
80.76663777777777
 30
0.0
 10
19.31779361111111
 20
80.68161833333333
 30
0.0
 10
19.50723527777777
 20
81.63694055555555
 30
0.0
 10
19.69844083333333
 20
82.58450166666667
 30
0.0
 10
19.72631027777777
 20
82.48254888888889
 30
0.0
 10
19.89811305555556
 20
83.34050444444443
 30
0.0
 10
19.93174453703704
 20
83.50407574074073
 30
0.0
 10
19.96537601851852
 20
83.66764703703701
 30
0.0
 10
19.9990075
 20
83.83121833333333
 30
0.0
 10
19.01875564814815
 20
84.02759796296296
 30
0.0
 10
18.03850379629629
 20
84.22397759259259
 30
0.0
 10
17.05825194444444
 20
84.42035722222222
 30
0.0
 10
17.02473805555555
 20
84.25678592592591
 30
0.0
 10
16.99122416666667
 20
84.09321462962963
 30
0.0
 10
16.95771027777777
 20
83.92964333333333
 30
0.0
 10
16.7859075
 20
83.07168777777777
 30
0.0
 10
16.85505194444444
 20
83.15600166666667
 30
0.0
 10
16.66278805555555
 20
82.20491277777778
 30
0.0
 10
16.47369916666667
 20
81.24959055555556
 30
0.0
 10
16.44265472222222
 20
81.35577666666666
 30
0.0
 10
16.27120472222222
 20
80.49782111111111
 30
0.0
 10
13.90971027777778
 20
80.93032666666666
 30
0.0
 10
10.10394361111111
 20
80.19407944444444
 30
0.0
 10
8.363338055555554
 20
79.52274333333332
 30
0.0
 10
5.35061583333333
 20
78.36034055555555
 30
0.0
 10
6.876379722222219
 20
82.95456555555555
 30
0.0
 10
6.807235277777775
 20
84.16177111111111
 30
0.0
 10
6.739854722222219
 20
85.40072666666666
 30
0.0
 10
6.312288055555551
 20
86.17824888888889
 30
0.0
 10
6.496085277777774
 20
87.29937666666666
 30
0.0
 10
6.861915833333332
 20
89.50988222222222
 30
0.0
 10
7.701174166666666
 20
89.66792666666666
 30
0.0
 10
7.469046388888889
 20
92.60868222222223
 30
0.0
 10
7.359332499999997
 20
93.98451555555555
 30
0.0
 10
10.3628825
 20
93.42677388888887
 30
0.0
 10
13.05775194444444
 20
93.39537666666665
 30
0.0
 10
15.66054638888889
 20
93.37068222222221
 30
0.0
 10
15.2269825
 20
90.26165166666667
 30
0.0
 10
18.03438805555555
 20
89.74694888888888
 30
0.0
 10
19.0147575
 20
89.55174518518517
 30
0.0
 10
19.99512694444444
 20
89.35654148148147
 30
0.0
 10
20.97549638888889
 20
89.16133777777777
 30
0.0
 10
24.2154075
 20
88.5210461111111
 30
0.0
 10
27.42639083333333
 20
93.75344611111112
 30
0.0
 10
32.41749083333333
 20
94.04025444444444
 30
0.0
 10
37.40541583333333
 20
94.32741555555556
 30
0.0
 10
35.40516583333333
 20
92.25766833333333
 30
0.0
 10
36.00912138888889
 20
88.99800166666667
 30
0.0
  0
SPLINE
  5
10B
330
1F
100
AcDbEntity
  8
DEFAULT
 62
     3
100
AcDbSpline
210
0.0
220
0.0
230
1.0
 70
    11
 71
     3
 72
    17
 73
    13
 74
     0
 42
0.000000001
 43
0.0000000001
 40
0.0
 40
0.0
 40
0.0
 40
0.0
 40
1.0
 40
1.0
 40
1.0
 40
2.0
 40
2.0
 40
2.0
 40
3.0
 40
3.0
 40
3.0
 40
4.0
 40
4.0
 40
4.0
 40
4.0
 10
28.14517555555555
 20
33.30285722222222
 30
0.0
 10
30.79242
 20
31.02179611111111
 30
0.0
 10
32.79584499999999
 20
30.88985722222221
 30
0.0
 10
32.24903944444444
 20
32.39445444444444
 30
0.0
 10
31.79713111111111
 20
33.63905444444444
 30
0.0
 10
32.70976722222222
 20
34.01370444444444
 30
0.0
 10
31.11838666666666
 20
35.39094888888889
 30
0.0
 10
30.14930611111111
 20
36.22950166666666
 30
0.0
 10
29.73373388888889
 20
36.88108222222222
 30
0.0
 10
29.26030611111111
 20
38.09745999999999
 30
0.0
 10
28.78158666666666
 20
39.326185
 30
0.0
 10
25.40338666666666
 20
35.66540999999999
 30
0.0
 10
28.14517555555555
 20
33.30285722222222
 30
0.0
  0
POLYLINE
  5
10C
330
1F
100
AcDbEntity
  8
DEFAULT
 62
     7
100
AcDb2dPolyline
 66
     1
 10
0.0
 20
0.0
 30
0.0
  0
VERTEX
  5
10D
330
10C
100
AcDbEntity
  8
DEFAULT
 62
     7
100
AcDbVertex
100
AcDb2dVertex
 10
19.54724027777778
 20
38.23726583333333
 30
0.0
  0
VERTEX
  5
10E
330
10C
100
AcDbEntity
  8
DEFAULT
 62
     7
100
AcDbVertex
100
AcDb2dVertex
 10
18.05040416666666
 20
37.93387694444444
 30
0.0
  0
SEQEND
  5
10F
330
10C
100
AcDbEntity
  8
DEFAULT
 62
     7
  0
POLYLINE
  5
110
330
1F
100
AcDbEntity
  8
DEFAULT
 62
     7
100
AcDb2dPolyline
 66
     1
 10
0.0
 20
0.0
 30
0.0
  0
VERTEX
  5
111
330
110
100
AcDbEntity
  8
DEFAULT
 62
     7
100
AcDbVertex
100
AcDb2dVertex
 10
19.59976888888889
 20
35.05538666666666
 30
0.0
  0
VERTEX
  5
112
330
110
100
AcDbEntity
  8
DEFAULT
 62
     7
100
AcDbVertex
100
AcDb2dVertex
 10
19.17678833333333
 20
37.14171444444444
 30
0.0
  0
VERTEX
  5
113
330
110
100
AcDbEntity
  8
DEFAULT
 62
     7
100
AcDbVertex
100
AcDb2dVertex
 10
18.81801333333333
 20
37.06904222222222
 30
0.0
  0
SEQEND
  5
114
330
110
100
AcDbEntity
  8
DEFAULT
 62
     7
  0
SPLINE
  5
115
330
1F
100
AcDbEntity
  8
DEFAULT
 62
     5
100
AcDbSpline
210
0.0
220
0.0
230
1.0
 70
     8
 71
     3
 72
    44
 73
    40
 74
     0
 42
0.000000001
 43
0.0000000001
 40
0.0
 40
0.0
 40
0.0
 40
0.0
 40
1.0
 40
1.0
 40
1.0
 40
2.0
 40
2.0
 40
2.0
 40
3.0
 40
3.0
 40
3.0
 40
4.0
 40
4.0
 40
4.0
 40
5.0
 40
5.0
 40
5.0
 40
6.0
 40
6.0
 40
6.0
 40
14.50850639066576
 40
14.50850639066576
 40
14.50850639066576
 40
15.50850639066576
 40
15.50850639066576
 40
15.50850639066576
 40
16.50850639066576
 40
16.50850639066576
 40
16.50850639066576
 40
17.50850639066576
 40
17.50850639066576
 40
17.50850639066576
 40
18.50850639066576
 40
18.50850639066576
 40
18.50850639066576
 40
19.50850639066576
 40
19.50850639066576
 40
19.50850639066576
 40
20.50850639066576
 40
20.50850639066576
 40
20.50850639066576
 40
20.50850639066576
 10
19.55256722222222
 20
41.65444777777777
 30
0.0
 10
25.81472555555555
 20
43.3128561111111
 30
0.0
 10
28.17269222222222
 20
46.77501722222222
 30
0.0
 10
27.88023944444444
 20
45.47291444444443
 30
0.0
 10
27.58813944444444
 20
44.17116444444444
 30
0.0
 10
29.68293388888889
 20
45.18575333333333
 30
0.0
 10
29.62543111111111
 20
44.36660333333333
 30
0.0
 10
29.12131166666666
 20
37.20027555555555
 30
0.0
 10
34.43061722222222
 20
35.15169499999999
 30
0.0
 10
34.27363111111111
 20
34.09300888888888
 30
0.0
 10
34.11064777777777
 20
32.99445888888889
 30
0.0
 10
34.80315055555555
 20
30.71445611111111
 30
0.0
 10
34.11170611111111
 20
30.03324222222222
 30
0.0
 10
33.41990888888888
 20
29.35167555555555
 30
0.0
 10
29.66388388888889
 20
30.04664777777777
 30
0.0
 10
26.93867555555555
 20
32.26420888888889
 30
0.0
 10
25.01533111111111
 20
33.82877833333333
 30
0.0
 10
23.23345055555555
 20
35.25012
 30
0.0
 10
20.82397833333333
 20
34.76787277777778
 30
0.0
 10
19.84313851851851
 20
34.57031722222222
 30
0.0
 10
18.8622987037037
 20
34.37276166666666
 30
0.0
 10
17.88145888888889
 20
34.1752061111111
 30
0.0
 10
15.69670611111111
 20
33.76986444444444
 30
0.0
 10
15.22186722222222
 20
32.32382833333333
 30
0.0
 10
14.57593111111111
 20
31.35792277777777
 30
0.0
 10
14.04993944444444
 20
30.57122833333333
 30
0.0
 10
13.29817
 20
30.44563944444444
 30
0.0
 10
13.07980055555555
 20
30.44281722222222
 30
0.0
 10
12.42963111111111
 20
30.43364499999999
 30
0.0
 10
9.017564444444442
 20
29.97750333333332
 30
0.0
 10
9.118811666666664
 20
30.72892
 30
0.0
 10
9.363639444444443
 20
32.54537277777777
 30
0.0
 10
8.248156111111111
 20
35.50905888888888
 30
0.0
 10
8.507800555555555
 20
36.52893944444444
 30
0.0
 10
9.212650555555555
 20
39.29930333333333
 30
0.0
 10
8.043544999999998
 20
41.26110055555555
 30
0.0
 10
8.574828333333333
 20
41.57718944444444
 30
0.0
 10
9.106111666666665
 20
41.89327833333333
 30
0.0
 10
14.28488944444444
 20
40.74745611111111
 30
0.0
 10
16.70953111111111
 20
41.08012555555555
 30
0.0
  0
SPLINE
  5
116
330
1F
100
AcDbEntity
  8
DEFAULT
 62
     1
100
AcDbSpline
210
0.0
220
0.0
230
1.0
 70
    11
 71
     3
 72
    62
 73
    58
 74
     0
 42
0.000000001
 43
0.0000000001
 40
1.0
 40
1.0
 40
1.0
 40
1.0
 40
2.0
 40
2.0
 40
2.0
 40
3.0
 40
3.0
 40
3.0
 40
4.0
 40
4.0
 40
4.0
 40
5.0
 40
5.0
 40
5.0
 40
6.0
 40
6.0
 40
6.0
 40
7.420704754690424
 40
7.420704754690424
 40
7.420704754690424
 40
15.92119191720058
 40
15.92119191720058
 40
15.92119191720058
 40
17.3409175949285
 40
17.3409175949285
 40
17.3409175949285
 40
18.3409175949285
 40
18.3409175949285
 40
18.3409175949285
 40
19.3409175949285
 40
19.3409175949285
 40
19.3409175949285
 40
20.3409175949285
 40
20.3409175949285
 40
20.3409175949285
 40
21.3409175949285
 40
21.3409175949285
 40
21.3409175949285
 40
22.3409175949285
 40
22.3409175949285
 40
22.3409175949285
 40
23.3409175949285
 40
23.3409175949285
 40
23.3409175949285
 40
24.3409175949285
 40
24.3409175949285
 40
24.3409175949285
 40
25.3409175949285
 40
25.3409175949285
 40
25.3409175949285
 40
33.84216691488142
 40
33.84216691488142
 40
33.84216691488142
 40
34.84216691488142
 40
34.84216691488142
 40
34.84216691488142
 40
35.84216691488142
 40
35.84216691488142
 40
35.84216691488142
 40
35.84216691488142
 10
36.07128083333333
 20
34.33120444444444
 30
0.0
 10
36.5178975
 20
36.77136833333333
 30
0.0
 10
31.11193083333334
 20
36.252785
 30
0.0
 10
31.66191138888889
 20
45.27684055555554
 30
0.0
 10
31.75151694444444
 20
46.74263222222223
 30
0.0
 10
28.79770861111111
 20
45.35762666666666
 30
0.0
 10
28.9867975
 20
48.43208499999999
 30
0.0
 10
29.14695861111111
 20
51.03346833333333
 30
0.0
 10
26.86131138888889
 20
44.78753777777777
 30
0.0
 10
19.25436416666667
 20
43.37536833333333
 30
0.0
 10
19.42651972222222
 20
42.52482111111111
 30
0.0
 10
19.36090305555555
 20
42.60948777777778
 30
0.0
 10
19.55246138888889
 20
41.65451833333333
 30
0.0
 10
19.74613638888889
 20
40.70730999999999
 30
0.0
 10
19.77400583333333
 20
40.80926277777777
 30
0.0
 10
19.94721972222222
 20
39.95201277777777
 30
0.0
 10
19.98120398148148
 20
39.78844148148148
 30
0.0
 10
20.01518824074074
 20
39.62487018518518
 30
0.0
 10
20.0491725
 20
39.46129888888888
 30
0.0
 10
19.06950861111111
 20
39.262685
 30
0.0
 10
18.08984472222222
 20
39.06407111111111
 30
0.0
 10
17.11018083333333
 20
38.86545722222222
 30
0.0
 10
17.07619657407407
 20
39.02891092592592
 30
0.0
 10
17.04221231481482
 20
39.19236462962962
 30
0.0
 10
17.00822805555556
 20
39.35581833333332
 30
0.0
 10
16.83466138888889
 20
40.21377388888889
 30
0.0
 10
16.90380583333333
 20
40.12981277777777
 30
0.0
 10
16.70977805555556
 20
41.08019611111111
 30
0.0
 10
16.51821972222222
 20
42.03516555555555
 30
0.0
 10
16.48752805555556
 20
41.92897944444444
 30
0.0
 10
16.31396138888889
 20
42.78658222222222
 30
0.0
 10
13.95387805555556
 20
42.34843222222222
 30
0.0
 10
10.1463475
 20
43.07585999999999
 30
0.0
 10
8.403978055555553
 20
43.74366833333333
 30
0.0
 10
5.388786388888889
 20
44.89901555555555
 30
0.0
 10
6.924780833333333
 20
40.30796555555555
 30
0.0
 10
6.858105833333336
 20
39.10111277777777
 30
0.0
 10
6.793900277777779
 20
37.86215722222222
 30
0.0
 10
6.368097500000004
 20
37.08322388888889
 30
0.0
 10
6.554716944444447
 20
35.96244888888889
 30
0.0
 10
6.925133611111113
 20
33.75264888888888
 30
0.0
 10
7.765097500000001
 20
33.59672111111111
 30
0.0
 10
7.539672500000003
 20
30.65561277777778
 30
0.0
 10
7.432780833333332
 20
29.27977944444444
 30
0.0
 10
10.4352725
 20
29.84387111111111
 30
0.0
 10
13.13014194444444
 20
29.88161833333333
 30
0.0
 10
15.73293638888889
 20
29.91266277777777
 30
0.0
 10
15.29231694444444
 20
33.02028222222222
 30
0.0
 10
18.09831138888889
 20
33.541335
 30
0.0
 10
19.07832805555556
 20
33.73865537037037
 30
0.0
 10
20.05834472222222
 20
33.93597574074074
 30
0.0
 10
21.03836138888889
 20
34.13329611111111
 30
0.0
 10
24.27650861111111
 20
34.78099611111111
 30
0.0
 10
27.49948638888889
 20
29.55635722222222
 30
0.0
 10
32.49129194444444
 20
29.28083777777777
 30
0.0
 10
37.47992249999999
 20
29.00461277777777
 30
0.0
 10
35.47473361111111
 20
31.07012666666666
 30
0.0
 10
36.07128083333333
 20
34.33120444444444
 30
0.0
  0
POLYLINE
  5
117
330
1F
100
AcDbEntity
  8
DEFAULT
 62
     7
100
AcDb2dPolyline
 66
     1
 10
0.0
 20
0.0
 30
0.0
  0
VERTEX
  5
118
330
117
100
AcDbEntity
  8
DEFAULT
 62
     7
100
AcDbVertex
100
AcDb2dVertex
 10
60.43033944444443
 20
103.0643099999999
 30
0.0
  0
VERTEX
  5
119
330
117
100
AcDbEntity
  8
DEFAULT
 62
     7
100
AcDbVertex
100
AcDb2dVertex
 10
58.90281166666664
 20
103.0808905555555
 30
0.0
  0
SEQEND
  5
11A
330
117
100
AcDbEntity
  8
DEFAULT
 62
     7
  0
POLYLINE
  5
11B
330
1F
100
AcDbEntity
  8
DEFAULT
 62
     7
100
AcDb2dPolyline
 66
     1
 10
0.0
 20
0.0
 30
0.0
  0
VERTEX
  5
11C
330
11B
100
AcDbEntity
  8
DEFAULT
 62
     7
100
AcDbVertex
100
AcDb2dVertex
 10
58.75379833333333
 20
105.2519555555555
 30
0.0
  0
VERTEX
  5
11D
330
11B
100
AcDbEntity
  8
DEFAULT
 62
     7
100
AcDbVertex
100
AcDb2dVertex
 10
59.24098444444445
 20
104.0772055555556
 30
0.0
  0
VERTEX
  5
11E
330
11B
100
AcDbEntity
  8
DEFAULT
 62
     7
100
AcDbVertex
100
AcDb2dVertex
 10
59.69747888888889
 20
105.241725
 30
0.0
  0
VERTEX
  5
11F
330
11B
100
AcDbEntity
  8
DEFAULT
 62
     7
100
AcDbVertex
100
AcDb2dVertex
 10
60.13950944444444
 20
104.0676805555555
 30
0.0
  0
VERTEX
  5
120
330
11B
100
AcDbEntity
  8
DEFAULT
 62
     7
100
AcDbVertex
100
AcDb2dVertex
 10
60.62669555555555
 20
105.2314944444444
 30
0.0
  0
SEQEND
  5
121
330
11B
100
AcDbEntity
  8
DEFAULT
 62
     7
  0
POLYLINE
  5
122
330
1F
100
AcDbEntity
  8
DEFAULT
 62
     7
100
AcDb2dPolyline
 66
     1
 10
0.0
 20
0.0
 30
0.0
  0
VERTEX
  5
123
330
122
100
AcDbEntity
  8
DEFAULT
 62
     7
100
AcDbVertex
100
AcDb2dVertex
 10
60.76865333333332
 20
109.9393491666666
 30
0.0
  0
VERTEX
  5
124
330
122
100
AcDbEntity
  8
DEFAULT
 62
     7
100
AcDbVertex
100
AcDb2dVertex
 10
61.8372172222222
 20
108.8478547222222
 30
0.0
  0
SEQEND
  5
125
330
122
100
AcDbEntity
  8
DEFAULT
 62
     7
  0
SPLINE
  5
126
330
1F
100
AcDbEntity
  8
DEFAULT
 62
     7
100
AcDbSpline
210
0.0
220
0.0
230
1.0
 70
     8
 71
     3
 72
    14
 73
    10
 74
     0
 42
0.000000001
 43
0.0000000001
 40
0.0
 40
0.0
 40
0.0
 40
0.0
 40
1.0
 40
1.0
 40
1.0
 40
1.029698484809796
 40
1.029698484809796
 40
1.029698484809796
 40
2.029698484809796
 40
2.029698484809796
 40
2.029698484809796
 40
2.029698484809796
 10
59.22369833333332
 20
108.0448972222222
 30
0.0
 10
59.22369833333332
 20
108.0448972222222
 30
0.0
 10
60.45489277777777
 20
108.6241583333333
 30
0.0
 10
60.58330388888889
 20
108.6989472222222
 30
0.0
 10
60.58577333333333
 20
108.6964777777778
 30
0.0
 10
60.58824277777777
 20
108.6940083333333
 30
0.0
 10
60.59071222222222
 20
108.6915388888889
 30
0.0
 10
60.51557055555555
 20
108.5620694444444
 30
0.0
 10
59.91055666666666
 20
107.343575
 30
0.0
 10
59.91055666666666
 20
107.343575
 30
0.0
  0
SPLINE
  5
127
330
1F
100
AcDbEntity
  8
DEFAULT
 62
     1
100
AcDbSpline
210
0.0
220
0.0
230
1.0
 70
    11
 71
     3
 72
    62
 73
    58
 74
     0
 42
0.000000001
 43
0.0000000001
 40
1.0
 40
1.0
 40
1.0
 40
1.0
 40
2.0
 40
2.0
 40
2.0
 40
3.0
 40
3.0
 40
3.0
 40
11.49450910883025
 40
11.49450910883025
 40
11.49450910883025
 40
12.49450910883025
 40
12.49450910883025
 40
12.49450910883025
 40
13.49450910883025
 40
13.49450910883025
 40
13.49450910883025
 40
14.49450910883025
 40
14.49450910883025
 40
14.49450910883025
 40
15.49450910883025
 40
15.49450910883025
 40
15.49450910883025
 40
16.49450910883024
 40
16.49450910883024
 40
16.49450910883024
 40
17.49450910883024
 40
17.49450910883024
 40
17.49450910883024
 40
18.49450910883024
 40
18.49450910883024
 40
18.49450910883024
 40
26.99511408730091
 40
26.99511408730091
 40
26.99511408730091
 40
27.99511408730091
 40
27.99511408730091
 40
27.99511408730091
 40
28.99511408730091
 40
28.99511408730091
 40
28.99511408730091
 40
29.99511408730091
 40
29.99511408730091
 40
29.99511408730091
 40
30.99511408730091
 40
30.99511408730091
 40
30.99511408730091
 40
42.32501664645824
 40
42.32501664645824
 40
42.32501664645824
 40
43.32501664645824
 40
43.32501664645824
 40
43.32501664645824
 40
54.66369469991758
 40
54.66369469991758
 40
54.66369469991758
 40
55.66369469991758
 40
55.66369469991758
 40
55.66369469991758
 40
55.66369469991758
 10
58.11904527777778
 20
98.49146333333333
 30
0.0
 10
58.12610083333333
 20
99.36741055555555
 30
0.0
 10
58.17548972222222
 20
99.26686888888888
 30
0.0
 10
58.18642583333333
 20
100.23983
 30
0.0
 10
58.19524527777778
 20
101.2096161111111
 30
0.0
 10
58.14515083333334
 20
101.1150716666667
 30
0.0
 10
58.15467583333333
 20
101.989255
 30
0.0
 10
59.15350731481481
 20
101.9783188888889
 30
0.0
 10
60.15233879629628
 20
101.9673827777778
 30
0.0
 10
61.15117027777777
 20
101.9564466666667
 30
0.0
 10
61.14164527777778
 20
101.0826161111111
 30
0.0
 10
61.09507861111111
 20
101.1810411111111
 30
0.0
 10
61.0841425
 20
100.2084327777778
 30
0.0
 10
61.07320638888888
 20
99.23547166666665
 30
0.0
 10
61.12506472222221
 20
99.33283833333333
 30
0.0
 10
61.11553972222222
 20
98.45865499999998
 30
0.0
 10
62.77430083333333
 20
98.44242722222221
 30
0.0
 10
64.12967305555556
 20
99.77169388888889
 30
0.0
 10
64.14872305555556
 20
101.4283383333333
 30
0.0
 10
64.16671472222222
 20
103.4289411111111
 30
0.0
 10
67.62887583333332
 20
104.7321022222222
 30
0.0
 10
69.05797861111111
 20
106.1315716666666
 30
0.0
 10
70.24260638888889
 20
107.291505
 30
0.0
 10
66.79808416666667
 20
110.3560855555556
 30
0.0
 10
65.63779805555555
 20
111.5407133333333
 30
0.0
 10
65.01302861111111
 20
110.9286438888889
 30
0.0
 10
65.04901194444444
 20
111.0330661111111
 30
0.0
 10
64.35298138888888
 20
110.3518522222222
 30
0.0
 10
63.66012583333333
 20
109.6731077777778
 30
0.0
 10
63.76243138888888
 20
109.704505
 30
0.0
 10
63.13730916666666
 20
109.0924355555556
 30
0.0
 10
62.43798601851851
 20
109.806692962963
 30
0.0
 10
61.73866287037036
 20
110.5209503703704
 30
0.0
 10
61.03933972222222
 20
111.2352077777778
 30
0.0
 10
61.35225361111111
 20
111.5410661111111
 30
0.0
 10
61.50042027777778
 20
111.666655
 30
0.0
 10
61.65670083333333
 20
111.8045911111111
 30
0.0
 10
61.81015916666666
 20
111.9404105555555
 30
0.0
 10
61.97667027777778
 20
112.0832855555555
 30
0.0
 10
62.32415638888888
 20
112.4240688888889
 30
0.0
 10
63.0177175
 20
113.1077522222222
 30
0.0
 10
62.91505916666667
 20
113.0714161111111
 30
0.0
 10
63.54018138888888
 20
113.6831327777778
 30
0.0
 10
62.38024805555555
 20
114.8681133333333
 30
0.0
 10
60.48195083333334
 20
114.8906911111111
 30
0.0
 10
59.29485361111111
 20
113.7279355555555
 30
0.0
 10
58.34282398148148
 20
112.7958966666667
 30
0.0
 10
57.39079435185185
 20
111.8638577777778
 30
0.0
 10
56.43876472222222
 20
110.9318188888889
 30
0.0
 10
55.01177861111111
 20
109.52988
 30
0.0
 10
55.21180361111111
 20
107.5197522222222
 30
0.0
 10
55.19098972222222
 20
105.5216188888889
 30
0.0
 10
55.17640824074073
 20
104.1883540740741
 30
0.0
 10
55.16182675925926
 20
102.8550892592593
 30
0.0
 10
55.14724527777778
 20
101.5218244444444
 30
0.0
 10
55.1310175
 20
99.86306333333332
 30
0.0
 10
56.46028416666667
 20
98.5076911111111
 30
0.0
 10
58.11904527777778
 20
98.49146333333333
 30
0.0
  0
POLYLINE
  5
128
330
1F
100
AcDbEntity
  8
DEFAULT
 62
     7
100
AcDb2dPolyline
 66
     1
 10
0.0
 20
0.0
 30
0.0
  0
VERTEX
  5
129
330
128
100
AcDbEntity
  8
DEFAULT
 62
     7
100
AcDbVertex
100
AcDb2dVertex
 10
26.04949916666667
 20
100.6310605555556
 30
0.0
  0
VERTEX
  5
12A
330
128
100
AcDbEntity
  8
DEFAULT
 62
     7
100
AcDbVertex
100
AcDb2dVertex
 10
27.57702694444444
 20
100.6328244444445
 30
0.0
  0
SEQEND
  5
12B
330
128
100
AcDbEntity
  8
DEFAULT
 62
     7
  0
POLYLINE
  5
12C
330
1F
100
AcDbEntity
  8
DEFAULT
 62
     7
100
AcDb2dPolyline
 66
     1
 10
0.0
 20
0.0
 30
0.0
  0
VERTEX
  5
12D
330
12C
100
AcDbEntity
  8
DEFAULT
 62
     7
100
AcDbVertex
100
AcDb2dVertex
 10
27.75207527777777
 20
98.463735
 30
0.0
  0
VERTEX
  5
12E
330
12C
100
AcDbEntity
  8
DEFAULT
 62
     7
100
AcDbVertex
100
AcDb2dVertex
 10
27.25077805555555
 20
99.63248777777774
 30
0.0
  0
VERTEX
  5
12F
330
12C
100
AcDbEntity
  8
DEFAULT
 62
     7
100
AcDbVertex
100
AcDb2dVertex
 10
26.80839472222222
 20
98.46267666666667
 30
0.0
  0
VERTEX
  5
130
330
12C
100
AcDbEntity
  8
DEFAULT
 62
     7
100
AcDbVertex
100
AcDb2dVertex
 10
26.35225305555555
 20
99.63142944444444
 30
0.0
  0
VERTEX
  5
131
330
12C
100
AcDbEntity
  8
DEFAULT
 62
     7
100
AcDbVertex
100
AcDb2dVertex
 10
25.87917805555555
 20
98.46161833333333
 30
0.0
  0
SEQEND
  5
132
330
12C
100
AcDbEntity
  8
DEFAULT
 62
     7
  0
SPLINE
  5
133
330
1F
100
AcDbEntity
  8
DEFAULT
 62
     5
100
AcDbSpline
210
0.0
220
0.0
230
1.0
 70
     8
 71
     3
 72
    29
 73
    25
 74
     0
 42
0.000000001
 43
0.0000000001
 40
0.0
 40
0.0
 40
0.0
 40
0.0
 40
1.0
 40
1.0
 40
1.0
 40
2.0
 40
2.0
 40
2.0
 40
3.0
 40
3.0
 40
3.0
 40
4.0
 40
4.0
 40
4.0
 40
5.0
 40
5.0
 40
5.0
 40
6.0
 40
6.0
 40
6.0
 40
7.0
 40
7.0
 40
7.0
 40
8.0
 40
8.0
 40
8.0
 40
8.0
 10
28.26265055555555
 20
103.48341
 30
0.0
 10
35.04974222222222
 20
103.4911711111111
 30
0.0
 10
35.27234499999999
 20
104.6821488888889
 30
0.0
 10
35.037395
 20
104.0647877777778
 30
0.0
 10
34.63381722222222
 20
103.0061016666667
 30
0.0
 10
34.9149811111111
 20
101.8860322222222
 30
0.0
 10
32.88227555555555
 20
101.0742905555555
 30
0.0
 10
30.70563666666666
 20
100.2050461111111
 30
0.0
 10
30.15706722222222
 20
98.16140444444443
 30
0.0
 10
28.75618666666666
 20
97.97760722222222
 30
0.0
 10
25.00615888888889
 20
97.485835
 30
0.0
 10
24.42301722222222
 20
94.65232388888887
 30
0.0
 10
23.19852555555555
 20
94.96241555555555
 30
0.0
 10
19.60583666666666
 20
95.87117111111111
 30
0.0
 10
17.225645
 20
95.16914333333332
 30
0.0
 10
17.44930611111111
 20
95.7441711111111
 30
0.0
 10
17.92520333333333
 20
96.96901555555554
 30
0.0
 10
17.24998666666666
 20
97.56168222222222
 30
0.0
 10
17.72482555555555
 20
98.76818222222222
 30
0.0
 10
18.66744777777777
 20
101.1617794444444
 30
0.0
 10
17.89803944444444
 20
102.6967155555555
 30
0.0
 10
18.30655611111111
 20
103.5077516666667
 30
0.0
 10
18.71542555555555
 20
104.3191405555555
 30
0.0
 10
23.94112277777777
 20
103.4784711111111
 30
0.0
 10
25.35928944444444
 20
103.480235
 30
0.0
  0
SPLINE
  5
134
330
1F
100
AcDbEntity
  8
DEFAULT
 62
     1
100
AcDbSpline
210
0.0
220
0.0
230
1.0
 70
    11
 71
     3
 72
    53
 73
    49
 74
     0
 42
0.000000001
 43
0.0000000001
 40
1.0
 40
1.0
 40
1.0
 40
1.0
 40
2.0
 40
2.0
 40
2.0
 40
3.0
 40
3.0
 40
3.0
 40
4.0
 40
4.0
 40
4.0
 40
5.0
 40
5.0
 40
5.0
 40
6.0
 40
6.0
 40
6.0
 40
7.0
 40
7.0
 40
7.0
 40
8.0
 40
8.0
 40
8.0
 40
9.0
 40
9.0
 40
9.0
 40
10.0
 40
10.0
 40
10.0
 40
11.0
 40
11.0
 40
11.0
 40
19.5090047596649
 40
19.5090047596649
 40
19.5090047596649
 40
20.5090047596649
 40
20.5090047596649
 40
20.5090047596649
 40
21.5090047596649
 40
21.5090047596649
 40
21.5090047596649
 40
22.5090047596649
 40
22.5090047596649
 40
22.5090047596649
 40
23.5090047596649
 40
23.5090047596649
 40
23.5090047596649
 40
24.5090047596649
 40
24.5090047596649
 40
24.5090047596649
 40
24.5090047596649
 10
36.59459138888889
 20
104.0113772222222
 30
0.0
 10
36.13421638888888
 20
102.4094133333333
 30
0.0
 10
36.91456083333333
 20
101.7962855555555
 30
0.0
 10
33.61785249999999
 20
100.5365161111111
 30
0.0
 10
30.31726361111111
 20
99.28062722222221
 30
0.0
 10
31.42780805555555
 20
97.62362999999998
 30
0.0
 10
29.37746361111111
 20
97.35692999999999
 30
0.0
 10
26.37497194444444
 20
96.966405
 30
0.0
 10
26.03877472222222
 20
95.61702999999999
 30
0.0
 10
25.40412749999999
 20
95.14748277777778
 30
0.0
 10
21.69713861111111
 20
92.40428277777777
 30
0.0
 10
26.30088861111111
 20
94.54176333333332
 30
0.0
 10
17.68570249999999
 20
94.6341911111111
 30
0.0
 10
15.0187025
 20
94.6627661111111
 30
0.0
 10
17.11032194444444
 20
95.07092999999998
 30
0.0
 10
16.11337194444444
 20
96.9360661111111
 30
0.0
 10
15.11289416666666
 20
98.80120222222222
 30
0.0
 10
16.93181638888888
 20
99.92162444444443
 30
0.0
 10
16.51659694444444
 20
102.0199466666667
 30
0.0
 10
16.06257194444444
 20
104.3020661111111
 30
0.0
 10
16.14618027777777
 20
105.3286494444444
 30
0.0
 10
18.44241083333333
 20
105.5396105555555
 30
0.0
 10
20.05107749999999
 20
105.6895411111111
 30
0.0
 10
23.11706916666666
 20
105.2274022222222
 30
0.0
 10
25.31134694444444
 20
105.2298716666667
 30
0.0
 10
25.31240527777777
 20
104.3549827777778
 30
0.0
 10
25.35826638888889
 20
104.4537605555555
 30
0.0
 10
25.35932472222222
 20
103.4800938888889
 30
0.0
 10
25.36391083333332
 20
102.5134827777778
 30
0.0
 10
25.31099416666666
 20
102.605205
 30
0.0
 10
25.3120525
 20
101.7303161111111
 30
0.0
 10
26.31264787037037
 20
101.7313744444444
 30
0.0
 10
27.31324324074074
 20
101.7324327777778
 30
0.0
 10
28.31383861111111
 20
101.7334911111111
 30
0.0
 10
28.31348583333333
 20
102.1744633333333
 30
0.0
 10
28.30290249999999
 20
102.3684911111111
 30
0.0
 10
28.28491083333333
 20
102.5769827777778
 30
0.0
 10
28.2775025
 20
102.7812411111111
 30
0.0
 10
28.26303861111111
 20
102.9999633333333
 30
0.0
 10
28.26268583333333
 20
103.4832688888889
 30
0.0
 10
28.2616275
 20
104.4569355555555
 30
0.0
 10
28.31101638888889
 20
104.3581577777778
 30
0.0
 10
28.30995805555555
 20
105.2330466666667
 30
0.0
 10
30.85348583333333
 20
105.2291661111111
 30
0.0
 10
34.51567194444444
 20
104.9684633333333
 30
0.0
 10
36.08059416666666
 20
106.1590883333333
 30
0.0
 10
37.64904416666666
 20
107.3535938888889
 30
0.0
 10
36.92161638888889
 20
105.1441466666667
 30
0.0
 10
36.59459138888889
 20
104.0113772222222
 30
0.0
  0
POLYLINE
  5
135
330
1F
100
AcDbEntity
  8
DEFAULT
 62
     7
100
AcDb2dPolyline
 66
     1
 10
0.0
 20
0.0
 30
0.0
  0
VERTEX
  5
136
330
135
100
AcDbEntity
  8
DEFAULT
 62
     7
100
AcDbVertex
100
AcDb2dVertex
 10
60.52438999999998
 20
20.32035277777777
 30
0.0
  0
VERTEX
  5
137
330
135
100
AcDbEntity
  8
DEFAULT
 62
     7
100
AcDbVertex
100
AcDb2dVertex
 10
58.99721499999998
 20
20.30024444444444
 30
0.0
  0
SEQEND
  5
138
330
135
100
AcDbEntity
  8
DEFAULT
 62
     7
  0
POLYLINE
  5
139
330
1F
100
AcDbEntity
  8
DEFAULT
 62
     7
100
AcDb2dPolyline
 66
     1
 10
0.0
 20
0.0
 30
0.0
  0
VERTEX
  5
13A
330
139
100
AcDbEntity
  8
DEFAULT
 62
     7
100
AcDbVertex
100
AcDb2dVertex
 10
58.85299944444444
 20
18.1289325
 30
0.0
  0
VERTEX
  5
13B
330
139
100
AcDbEntity
  8
DEFAULT
 62
     7
100
AcDbVertex
100
AcDb2dVertex
 10
59.33771611111112
 20
19.30474083333333
 30
0.0
  0
VERTEX
  5
13C
330
139
100
AcDbEntity
  8
DEFAULT
 62
     7
100
AcDbVertex
100
AcDb2dVertex
 10
59.79668
 20
18.14127972222222
 30
0.0
  0
VERTEX
  5
13D
330
139
100
AcDbEntity
  8
DEFAULT
 62
     7
100
AcDbVertex
100
AcDb2dVertex
 10
60.23588833333333
 20
19.3163825
 30
0.0
  0
VERTEX
  5
13E
330
139
100
AcDbEntity
  8
DEFAULT
 62
     7
100
AcDbVertex
100
AcDb2dVertex
 10
60.72589666666666
 20
18.15327416666667
 30
0.0
  0
SEQEND
  5
13F
330
139
100
AcDbEntity
  8
DEFAULT
 62
     7
  0
POLYLINE
  5
140
330
1F
100
AcDbEntity
  8
DEFAULT
 62
     7
100
AcDb2dPolyline
 66
     1
 10
0.0
 20
0.0
 30
0.0
  0
VERTEX
  5
141
330
140
100
AcDbEntity
  8
DEFAULT
 62
     7
100
AcDbVertex
100
AcDb2dVertex
 10
60.87836722222222
 20
13.44637194444444
 30
0.0
  0
VERTEX
  5
142
330
140
100
AcDbEntity
  8
DEFAULT
 62
     7
100
AcDbVertex
100
AcDb2dVertex
 10
61.94446166666666
 20
14.53998305555555
 30
0.0
  0
SEQEND
  5
143
330
140
100
AcDbEntity
  8
DEFAULT
 62
     7
  0
SPLINE
  5
144
330
1F
100
AcDbEntity
  8
DEFAULT
 62
     7
100
AcDbSpline
210
0.0
220
0.0
230
1.0
 70
     8
 71
     3
 72
    14
 73
    10
 74
     0
 42
0.000000001
 43
0.0000000001
 40
0.0
 40
0.0
 40
0.0
 40
0.0
 40
1.0
 40
1.0
 40
1.0
 40
1.030413812651486
 40
1.030413812651486
 40
1.030413812651486
 40
2.030413812651486
 40
2.030413812651486
 40
2.030413812651486
 40
2.030413812651486
 10
59.32928472222222
 20
15.33704916666666
 30
0.0
 10
59.32928472222222
 20
15.33704916666666
 30
0.0
 10
60.56189027777778
 20
14.76061027777778
 30
0.0
 10
60.69030138888889
 20
14.68582138888889
 30
0.0
 10
60.69277083333333
 20
14.68840842592592
 30
0.0
 10
60.69524027777777
 20
14.69099546296296
 30
0.0
 10
60.69770972222221
 20
14.6935825
 30
0.0
 10
60.62221527777777
 20
14.82305194444444
 30
0.0
 10
60.01437916666666
 20
16.04013527777778
 30
0.0
 10
60.01437916666666
 20
16.04013527777778
 30
0.0
  0
SPLINE
  5
145
330
1F
100
AcDbEntity
  8
DEFAULT
 62
     1
100
AcDbSpline
210
0.0
220
0.0
230
1.0
 70
    11
 71
     3
 72
    62
 73
    58
 74
     0
 42
0.000000001
 43
0.0000000001
 40
8.500636211484409
 40
8.500636211484409
 40
8.500636211484409
 40
8.500636211484409
 40
9.500636211484409
 40
9.500636211484409
 40
9.500636211484409
 40
10.50063621148441
 40
10.50063621148441
 40
10.50063621148441
 40
11.50063621148441
 40
11.50063621148441
 40
11.50063621148441
 40
12.50063621148441
 40
12.50063621148441
 40
12.50063621148441
 40
13.50063621148441
 40
13.50063621148441
 40
13.50063621148441
 40
14.50063621148441
 40
14.50063621148441
 40
14.50063621148441
 40
15.50063621148441
 40
15.50063621148441
 40
15.50063621148441
 40
24.00075726944587
 40
24.00075726944587
 40
24.00075726944587
 40
25.00075726944587
 40
25.00075726944587
 40
25.00075726944587
 40
26.00075726944587
 40
26.00075726944587
 40
26.00075726944587
 40
27.00075726944587
 40
27.00075726944587
 40
27.00075726944587
 40
28.00075726944587
 40
28.00075726944587
 40
28.00075726944587
 40
39.33095850331633
 40
39.33095850331633
 40
39.33095850331633
 40
40.33095850331633
 40
40.33095850331633
 40
40.33095850331633
 40
51.66995069839258
 40
51.66995069839258
 40
51.66995069839258
 40
52.66995069839258
 40
52.66995069839258
 40
52.66995069839258
 40
53.66995069839258
 40
53.66995069839258
 40
53.66995069839258
 40
54.66995069839258
 40
54.66995069839258
 40
54.66995069839258
 40
63.17058690987699
 40
63.17058690987699
 40
63.17058690987699
 40
63.17058690987699
 10
61.2449386111111
 20
21.42691083333333
 30
0.0
 10
61.23329694444444
 20
22.30109416666667
 30
0.0
 10
61.18496638888889
 20
22.20513861111111
 30
0.0
 10
61.17156083333332
 20
23.17809972222222
 30
0.0
 10
61.15850805555554
 20
24.15070805555555
 30
0.0
 10
61.21071916666666
 20
24.05334138888889
 30
0.0
 10
61.19943027777777
 20
24.92752472222222
 30
0.0
 10
62.85783861111111
 20
24.94728027777778
 30
0.0
 10
64.21638583333332
 20
23.62154138888889
 30
0.0
 10
64.23931638888888
 20
21.96454416666666
 30
0.0
 10
64.26189416666665
 20
19.96429416666667
 30
0.0
 10
67.72652472222221
 20
18.66889416666666
 30
0.0
 10
69.15915527777777
 20
17.2729525
 30
0.0
 10
70.34625249999999
 20
16.11548861111111
 30
0.0
 10
66.90843305555555
 20
13.04314694444444
 30
0.0
 10
65.75132194444444
 20
11.85569694444444
 30
0.0
 10
65.1247886111111
 20
12.46670805555555
 30
0.0
 10
65.16112472222221
 20
12.36228583333333
 30
0.0
 10
64.46403583333333
 20
13.04173583333333
 30
0.0
 10
63.7690636111111
 20
13.71871638888889
 30
0.0
 10
63.87172194444444
 20
13.68802472222222
 30
0.0
 10
63.2451886111111
 20
14.29833027777778
 30
0.0
 10
62.54751175925924
 20
13.58254416666666
 30
0.0
 10
61.8498349074074
 20
12.86675805555555
 30
0.0
 10
61.15215805555555
 20
12.15097194444444
 30
0.0
 10
61.46542472222222
 20
11.84581916666667
 30
0.0
 10
61.61429694444443
 20
11.72023027777777
 30
0.0
 10
61.77057749999999
 20
11.58299972222222
 30
0.0
 10
61.92474138888888
 20
11.44753305555555
 30
0.0
 10
62.0912525
 20
11.30501083333333
 30
0.0
 10
62.43979694444444
 20
10.96528583333333
 30
0.0
 10
63.13441638888888
 20
10.28301361111111
 30
0.0
 10
63.03175805555555
 20
10.31934972222222
 30
0.0
 10
63.65829138888888
 20
9.708338611111108
 30
0.0
 10
62.50118027777777
 20
8.521241388888887
 30
0.0
 10
60.60288305555555
 20
8.494430277777775
 30
0.0
 10
59.4129636111111
 20
9.65401083333333
 30
0.0
 10
58.45881731481481
 20
10.58393305555555
 30
0.0
 10
57.50467101851851
 20
11.51385527777777
 30
0.0
 10
56.55052472222222
 20
12.4437775
 30
0.0
 10
55.12071638888889
 20
13.84254138888889
 30
0.0
 10
55.31615527777777
 20
15.85302194444444
 30
0.0
 10
55.29075527777776
 20
17.85115527777777
 30
0.0
 10
55.27311638888889
 20
19.18442009259259
 30
0.0
 10
55.2554775
 20
20.5176849074074
 30
0.0
 10
55.23783861111111
 20
21.85094972222222
 30
0.0
 10
55.21808305555555
 20
23.50935805555555
 30
0.0
 10
56.54382194444444
 20
24.86790527777777
 30
0.0
 10
58.20258305555555
 20
24.88836638888889
 30
0.0
 10
58.2114025
 20
24.01206638888888
 30
0.0
 10
58.26079138888888
 20
24.11260805555555
 30
0.0
 10
58.27419694444444
 20
23.13999972222222
 30
0.0
 10
58.28513305555554
 20
22.17021361111111
 30
0.0
 10
58.23468583333333
 20
22.26440527777778
 30
0.0
 10
58.24632749999999
 20
21.39022194444444
 30
0.0
 10
59.24586453703703
 20
21.40245157407407
 30
0.0
 10
60.24540157407407
 20
21.4146812037037
 30
0.0
 10
61.2449386111111
 20
21.42691083333333
 30
0.0
  0
POLYLINE
  5
146
330
1F
100
AcDbEntity
  8
DEFAULT
 62
     7
100
AcDb2dPolyline
 66
     1
 10
0.0
 20
0.0
 30
0.0
  0
VERTEX
  5
147
330
146
100
AcDbEntity
  8
DEFAULT
 62
     7
100
AcDbVertex
100
AcDb2dVertex
 10
26.13822277777778
 20
22.67542666666666
 30
0.0
  0
VERTEX
  5
148
330
146
100
AcDbEntity
  8
DEFAULT
 62
     7
100
AcDbVertex
100
AcDb2dVertex
 10
27.66539777777777
 20
22.67719055555555
 30
0.0
  0
SEQEND
  5
149
330
146
100
AcDbEntity
  8
DEFAULT
 62
     7
  0
POLYLINE
  5
14A
330
1F
100
AcDbEntity
  8
DEFAULT
 62
     7
100
AcDb2dPolyline
 66
     1
 10
0.0
 20
0.0
 30
0.0
  0
VERTEX
  5
14B
330
14A
100
AcDbEntity
  8
DEFAULT
 62
     7
100
AcDbVertex
100
AcDb2dVertex
 10
27.83578944444444
 20
24.84652694444444
 30
0.0
  0
VERTEX
  5
14C
330
14A
100
AcDbEntity
  8
DEFAULT
 62
     7
100
AcDbVertex
100
AcDb2dVertex
 10
27.33696166666665
 20
23.6770686111111
 30
0.0
  0
VERTEX
  5
14D
330
14A
100
AcDbEntity
  8
DEFAULT
 62
     7
100
AcDbVertex
100
AcDb2dVertex
 10
26.89210888888889
 20
24.84546861111111
 30
0.0
  0
VERTEX
  5
14E
330
14A
100
AcDbEntity
  8
DEFAULT
 62
     7
100
AcDbVertex
100
AcDb2dVertex
 10
26.43878944444445
 20
23.67601027777778
 30
0.0
  0
VERTEX
  5
14F
330
14A
100
AcDbEntity
  8
DEFAULT
 62
     7
100
AcDbVertex
100
AcDb2dVertex
 10
25.96289222222222
 20
24.84441027777778
 30
0.0
  0
SEQEND
  5
150
330
14A
100
AcDbEntity
  8
DEFAULT
 62
     7
  0
SPLINE
  5
151
330
1F
100
AcDbEntity
  8
DEFAULT
 62
     5
100
AcDbSpline
210
0.0
220
0.0
230
1.0
 70
     8
 71
     3
 72
    29
 73
    25
 74
     0
 42
0.000000001
 43
0.0000000001
 40
0.0
 40
0.0
 40
0.0
 40
0.0
 40
1.0
 40
1.0
 40
1.0
 40
2.0
 40
2.0
 40
2.0
 40
3.0
 40
3.0
 40
3.0
 40
4.0
 40
4.0
 40
4.0
 40
5.0
 40
5.0
 40
5.0
 40
6.0
 40
6.0
 40
6.0
 40
7.0
 40
7.0
 40
7.0
 40
8.0
 40
8.0
 40
8.0
 40
8.0
 10
25.45453944444444
 20
19.82494694444444
 30
0.0
 10
24.03602
 20
19.82318305555555
 30
0.0
 10
18.81208666666667
 20
18.97087194444444
 30
0.0
 10
18.40180611111111
 20
19.7812025
 30
0.0
 10
17.99117277777778
 20
20.59153305555555
 30
0.0
 10
18.75740611111111
 20
22.12788027777778
 30
0.0
 10
17.80949222222222
 20
24.51971361111111
 30
0.0
 10
17.33147833333333
 20
25.72515527777778
 30
0.0
 10
18.00563666666667
 20
26.31888027777778
 30
0.0
 10
17.52691722222222
 20
27.54266638888889
 30
0.0
 10
17.30219777777778
 20
28.11734138888889
 30
0.0
 10
19.68380055555555
 20
27.42060527777777
 30
0.0
 10
23.27402
 20
28.3378275
 30
0.0
 10
24.49815888888889
 20
28.65074138888889
 30
0.0
 10
25.08765055555555
 20
25.81828861111111
 30
0.0
 10
28.83908944444444
 20
25.33498305555555
 30
0.0
 10
30.23997
 20
25.15436083333333
 30
0.0
 10
30.79347833333333
 20
23.1117775
 30
0.0
 10
32.97223388888889
 20
22.24782472222222
 30
0.0
 10
35.00670333333333
 20
21.44066916666666
 30
0.0
 10
34.72800888888889
 20
20.31989416666666
 30
0.0
 10
35.13370333333333
 20
19.26191361111111
 30
0.0
 10
35.37041722222222
 20
18.64525805555555
 30
0.0
 10
35.14463944444444
 20
19.83588305555555
 30
0.0
 10
28.35790055555556
 20
19.82812194444444
 30
0.0
  0
SPLINE
  5
152
330
1F
100
AcDbEntity
  8
DEFAULT
 62
     1
100
AcDbSpline
210
0.0
220
0.0
230
1.0
 70
    11
 71
     3
 72
    53
 73
    49
 74
     0
 42
0.000000001
 43
0.0000000001
 40
1.0
 40
1.0
 40
1.0
 40
1.0
 40
2.0
 40
2.0
 40
2.0
 40
3.0
 40
3.0
 40
3.0
 40
4.0
 40
4.0
 40
4.0
 40
5.0
 40
5.0
 40
5.0
 40
6.0
 40
6.0
 40
6.0
 40
7.0
 40
7.0
 40
7.0
 40
8.0
 40
8.0
 40
8.0
 40
9.0
 40
9.0
 40
9.0
 40
10.0
 40
10.0
 40
10.0
 40
11.0
 40
11.0
 40
11.0
 40
19.51100475854644
 40
19.51100475854644
 40
19.51100475854644
 40
20.51100475854644
 40
20.51100475854644
 40
20.51100475854644
 40
21.51100475854644
 40
21.51100475854644
 40
21.51100475854644
 40
22.51100475854644
 40
22.51100475854644
 40
22.51100475854644
 40
23.51100475854644
 40
23.51100475854644
 40
23.51100475854644
 40
24.51100475854644
 40
24.51100475854644
 40
24.51100475854644
 40
24.51100475854644
 10
36.69107611111111
 20
19.31920472222222
 30
0.0
 10
36.22717333333333
 20
20.92011027777778
 30
0.0
 10
37.00610666666667
 20
21.53500194444444
 30
0.0
 10
33.70622333333333
 20
22.78701027777778
 30
0.0
 10
30.40281222222222
 20
24.03549083333333
 30
0.0
 10
31.50982888888889
 20
25.6949575
 30
0.0
 10
29.45877888888889
 20
25.95707138888888
 30
0.0
 10
26.45522888888889
 20
26.34089361111111
 30
0.0
 10
26.11585666666667
 20
27.68956305555555
 30
0.0
 10
25.48015111111111
 20
28.15769916666666
 30
0.0
 10
21.767165
 20
30.89243249999999
 30
0.0
 10
26.37550111111111
 20
28.7651825
 30
0.0
 10
17.76102055555556
 20
28.65299916666667
 30
0.0
 10
15.09402055555556
 20
28.61842694444444
 30
0.0
 10
17.18634555555555
 20
28.21520194444444
 30
0.0
 10
16.19362888888889
 20
26.34794916666667
 30
0.0
 10
15.19738444444445
 20
24.48034361111111
 30
0.0
 10
17.01912888888889
 20
23.36415472222222
 30
0.0
 10
16.60884833333333
 20
21.26477416666667
 30
0.0
 10
16.15976222222222
 20
18.98194916666666
 30
0.0
 10
16.24548722222222
 20
17.95536583333333
 30
0.0
 10
18.54242333333334
 20
17.74969638888889
 30
0.0
 10
20.15109
 20
17.60329361111111
 30
0.0
 10
23.21637611111111
 20
18.07248805555556
 30
0.0
 10
25.41065388888889
 20
18.07531027777777
 30
0.0
 10
25.40959555555555
 20
18.94984638888889
 30
0.0
 10
25.45545666666667
 20
18.85142138888889
 30
0.0
 10
25.45439833333333
 20
19.82508805555555
 30
0.0
 10
25.45686777777778
 20
20.79169916666666
 30
0.0
 10
25.40395111111111
 20
20.69962416666666
 30
0.0
 10
25.40289277777778
 20
21.57486583333333
 30
0.0
 10
26.40372333333333
 20
21.57592416666667
 30
0.0
 10
27.40455388888889
 20
21.5769825
 30
0.0
 10
28.40538444444445
 20
21.57804083333333
 30
0.0
 10
28.40573722222222
 20
21.13706861111111
 30
0.0
 10
28.39550666666667
 20
20.94339361111111
 30
0.0
 10
28.37822055555556
 20
20.73490194444444
 30
0.0
 10
28.371165
 20
20.53029083333333
 30
0.0
 10
28.35705388888889
 20
20.31156861111111
 30
0.0
 10
28.35775944444444
 20
19.82791027777778
 30
0.0
 10
28.35881777777778
 20
18.85459638888889
 30
0.0
 10
28.40820666666667
 20
18.95337416666667
 30
0.0
 10
28.409265
 20
18.07848527777778
 30
0.0
 10
30.95279277777778
 20
18.08836305555555
 30
0.0
 10
34.61427333333333
 20
18.35717972222222
 30
0.0
 10
36.18201777777778
 20
17.1700825
 30
0.0
 10
37.75329
 20
15.9794575
 30
0.0
 10
37.02057055555555
 20
18.18714083333333
 30
0.0
 10
36.69107611111111
 20
19.31920472222222
 30
0.0
  0
POLYLINE
  5
153
330
1F
100
AcDbEntity
  8
DEFAULT
 62
     7
100
AcDb2dPolyline
 66
     1
 10
0.0
 20
0.0
 30
0.0
  0
VERTEX
  5
154
330
153
100
AcDbEntity
  8
DEFAULT
 62
     7
100
AcDbVertex
100
AcDb2dVertex
 10
13.61030777777777
 20
52.69910861111109
 30
0.0
  0
VERTEX
  5
155
330
153
100
AcDbEntity
  8
DEFAULT
 62
     7
100
AcDbVertex
100
AcDb2dVertex
 10
15.05563833333333
 20
53.19299749999998
 30
0.0
  0
SEQEND
  5
156
330
153
100
AcDbEntity
  8
DEFAULT
 62
     7
  0
SPLINE
  5
157
330
1F
100
AcDbEntity
  8
DEFAULT
 62
     7
100
AcDbSpline
210
0.0
220
0.0
230
1.0
 70
     8
 71
     3
 72
    14
 73
    10
 74
     0
 42
0.000000001
 43
0.0000000001
 40
0.0
 40
0.0
 40
0.0
 40
0.0
 40
1.0
 40
1.0
 40
1.0
 40
1.031622776601682
 40
1.031622776601682
 40
1.031622776601682
 40
2.031622776601682
 40
2.031622776601682
 40
2.031622776601682
 40
2.031622776601682
 10
13.08286972222222
 20
55.08621472222222
 30
0.0
 10
13.08286972222222
 20
55.08621472222222
 30
0.0
 10
13.92177527777778
 20
54.01518138888888
 30
0.0
 10
14.00256138888889
 20
53.88994527777778
 30
0.0
 10
14.00608916666666
 20
53.8911212037037
 30
0.0
 10
14.00961694444444
 20
53.89229712962963
 30
0.0
 10
14.01314472222222
 20
53.89347305555555
 30
0.0
 10
14.0039725
 20
54.04305083333333
 30
0.0
 10
14.01173361111111
 20
55.40336194444444
 30
0.0
 10
14.01173361111111
 20
55.40336194444444
 30
0.0
  0
POLYLINE
  5
158
330
1F
100
AcDbEntity
  8
DEFAULT
 62
     7
100
AcDb2dPolyline
 66
     1
 10
0.0
 20
0.0
 30
0.0
  0
VERTEX
  5
159
330
158
100
AcDbEntity
  8
DEFAULT
 62
     7
100
AcDbVertex
100
AcDb2dVertex
 10
15.03761138888889
 20
70.09062972222222
 30
0.0
  0
VERTEX
  5
15A
330
158
100
AcDbEntity
  8
DEFAULT
 62
     7
100
AcDbVertex
100
AcDb2dVertex
 10
13.5912225
 20
70.5813436111111
 30
0.0
  0
SEQEND
  5
15B
330
158
100
AcDbEntity
  8
DEFAULT
 62
     7
  0
SPLINE
  5
15C
330
1F
100
AcDbEntity
  8
DEFAULT
 62
     7
100
AcDbSpline
210
0.0
220
0.0
230
1.0
 70
     8
 71
     3
 72
    14
 73
    10
 74
     0
 42
0.000000001
 43
0.0000000001
 40
0.0
 40
0.0
 40
0.0
 40
0.0
 40
1.0
 40
1.0
 40
1.0
 40
1.029732137494639
 40
1.029732137494639
 40
1.029732137494639
 40
2.029732137494639
 40
2.029732137494639
 40
2.029732137494639
 40
2.029732137494639
 10
13.99906888888889
 20
67.8778311111111
 30
0.0
 10
13.99906888888889
 20
67.8778311111111
 30
0.0
 10
13.98778
 20
69.23814222222222
 30
0.0
 10
13.99977444444444
 20
69.38630888888889
 30
0.0
 10
13.99648185185185
 20
69.38748481481481
 30
0.0
 10
13.99318925925926
 20
69.38866074074075
 30
0.0
 10
13.98989666666666
 20
69.38983666666667
 30
0.0
 10
13.90558277777778
 20
69.26636444444445
 30
0.0
 10
13.06914666666666
 20
68.19321444444445
 30
0.0
 10
13.06914666666666
 20
68.19321444444445
 30
0.0
  0
POLYLINE
  5
15D
330
1F
100
AcDbEntity
  8
DEFAULT
 62
     7
100
AcDb2dPolyline
 66
     1
 10
0.0
 20
0.0
 30
0.0
  0
VERTEX
  5
15E
330
15D
100
AcDbEntity
  8
DEFAULT
 62
     7
100
AcDbVertex
100
AcDb2dVertex
 10
12.13940083333333
 20
65.8993122222222
 30
0.0
  0
VERTEX
  5
15F
330
15D
100
AcDbEntity
  8
DEFAULT
 62
     7
100
AcDbVertex
100
AcDb2dVertex
 10
12.14116472222222
 20
64.37213722222222
 30
0.0
  0
SEQEND
  5
160
330
15D
100
AcDbEntity
  8
DEFAULT
 62
     7
  0
SPLINE
  5
161
330
1F
100
AcDbEntity
  8
DEFAULT
 62
     7
100
AcDbSpline
210
0.0
220
0.0
230
1.0
 70
     8
 71
     3
 72
    20
 73
    16
 74
     0
 42
0.000000001
 43
0.0000000001
 40
0.0
 40
0.0
 40
0.0
 40
0.0
 40
1.0
 40
1.0
 40
1.0
 40
1.672859569301052
 40
1.672859569301052
 40
1.672859569301052
 40
2.672859569301052
 40
2.672859569301052
 40
2.672859569301052
 40
3.672859569301052
 40
3.672859569301052
 40
3.672859569301052
 40
6.077860400901741
 40
6.077860400901741
 40
6.077860400901741
 40
6.077860400901741
 10
14.62489666666667
 20
64.6542536111111
 30
0.0
 10
14.62489666666667
 20
64.6542536111111
 30
0.0
 10
13.28751611111111
 20
64.64966749999999
 30
0.0
 10
13.17356888888889
 20
64.64084805555554
 30
0.0
 10
13.25259111111111
 20
64.6448462037037
 30
0.0
 10
13.33161333333333
 20
64.64884435185185
 30
0.0
 10
13.41063555555555
 20
64.65284249999999
 30
0.0
 10
13.29351333333333
 20
64.72163416666666
 30
0.0
 10
13.14040777777778
 20
64.87438694444444
 30
0.0
 10
13.14040777777778
 20
65.13226749999998
 30
0.0
 10
13.140055
 20
65.36051472222222
 30
0.0
 10
13.26564388888889
 20
65.63321194444444
 30
0.0
 10
13.77540777777778
 20
65.63391749999998
 30
0.0
 10
14.05821796296296
 20
65.63415268518519
 30
0.0
 10
14.34102814814815
 20
65.63438787037036
 30
0.0
 10
14.62383833333333
 20
65.63462305555555
 30
0.0
  0
POLYLINE
  5
162
330
1F
100
AcDbEntity
  8
DEFAULT
 62
     7
100
AcDb2dPolyline
 66
     1
 10
0.0
 20
0.0
 30
0.0
  0
VERTEX
  5
163
330
162
100
AcDbEntity
  8
DEFAULT
 62
     7
100
AcDbVertex
100
AcDb2dVertex
 10
12.14733833333333
 20
58.90404638888889
 30
0.0
  0
VERTEX
  5
164
330
162
100
AcDbEntity
  8
DEFAULT
 62
     7
100
AcDbVertex
100
AcDb2dVertex
 10
12.14910222222222
 20
57.37651861111109
 30
0.0
  0
SEQEND
  5
165
330
162
100
AcDbEntity
  8
DEFAULT
 62
     7
  0
SPLINE
  5
166
330
1F
100
AcDbEntity
  8
DEFAULT
 62
     7
100
AcDbSpline
210
0.0
220
0.0
230
1.0
 70
     8
 71
     3
 72
    20
 73
    16
 74
     0
 42
0.000000001
 43
0.0000000001
 40
0.0
 40
0.0
 40
0.0
 40
0.0
 40
1.0
 40
1.0
 40
1.0
 40
1.671912196644769
 40
1.671912196644769
 40
1.671912196644769
 40
2.671912196644769
 40
2.671912196644769
 40
2.671912196644769
 40
3.671912196644769
 40
3.671912196644769
 40
3.671912196644769
 40
6.076914067745914
 40
6.076914067745914
 40
6.076914067745914
 40
6.076914067745914
 10
14.63279888888889
 20
57.65898777777777
 30
0.0
 10
14.63279888888889
 20
57.65898777777777
 30
0.0
 10
13.29541833333333
 20
57.65404888888888
 30
0.0
 10
13.18182388888889
 20
57.64522944444445
 30
0.0
 10
13.26072851851852
 20
57.64934518518518
 30
0.0
 10
13.33963314814815
 20
57.65346092592592
 30
0.0
 10
13.41853777777778
 20
57.65757666666666
 30
0.0
 10
13.30141555555555
 20
57.72601555555555
 30
0.0
 10
13.14831
 20
57.8791211111111
 30
0.0
 10
13.14831
 20
58.13664888888889
 30
0.0
 10
13.14795722222222
 20
58.36489611111111
 30
0.0
 10
13.27354611111111
 20
58.63759333333333
 30
0.0
 10
13.78331
 20
58.63829888888889
 30
0.0
 10
14.06612018518518
 20
58.63865166666667
 30
0.0
 10
14.34893037037037
 20
58.63900444444445
 30
0.0
 10
14.63174055555555
 20
58.63935722222222
 30
0.0
  0
SPLINE
  5
167
330
1F
100
AcDbEntity
  8
DEFAULT
 62
     5
100
AcDbSpline
210
0.0
220
0.0
230
1.0
 70
     8
 71
     3
 72
    11
 73
     7
 74
     0
 42
0.000000001
 43
0.0000000001
 40
0.0
 40
0.0
 40
0.0
 40
0.0
 40
1.0
 40
1.0
 40
1.0
 40
2.0
 40
2.0
 40
2.0
 40
2.0
 10
9.340779444444443
 20
63.61832166666666
 30
0.0
 10
9.344307222222222
 20
60.41333555555555
 30
0.0
 10
13.04141833333333
 20
64.0906911111111
 30
0.0
 10
13.04424055555555
 20
61.63994388888888
 30
0.0
 10
13.04706277777778
 20
59.18884388888888
 30
0.0
 10
9.341484999999999
 20
62.85808555555555
 30
0.0
 10
9.345365555555555
 20
59.65309944444444
 30
0.0
  0
SPLINE
  5
168
330
1F
100
AcDbEntity
  8
DEFAULT
 62
     5
100
AcDbSpline
210
0.0
220
0.0
230
1.0
 70
     8
 71
     3
 72
    14
 73
    10
 74
     0
 42
0.000000001
 43
0.0000000001
 40
0.0
 40
0.0
 40
0.0
 40
0.0
 40
1.0
 40
1.0
 40
1.0
 40
2.0
 40
2.0
 40
2.0
 40
3.0
 40
3.0
 40
3.0
 40
3.0
 10
13.85577055555556
 20
73.50110888888888
 30
0.0
 10
10.64619833333333
 20
74.40633666666666
 30
0.0
 10
8.284703888888888
 20
74.56967277777777
 30
0.0
 10
7.61619
 20
74.56896722222221
 30
0.0
 10
6.817501111111111
 20
74.56826166666667
 30
0.0
 10
6.728248333333333
 20
72.90420888888889
 30
0.0
 10
7.267998333333334
 20
72.64738666666666
 30
0.0
 10
8.077270555555556
 20
72.26215333333333
 30
0.0
 10
9.280948333333333
 20
70.47251166666666
 30
0.0
 10
9.285181666666666
 20
66.58666444444444
 30
0.0
  0
SPLINE
  5
169
330
1F
100
AcDbEntity
  8
DEFAULT
 62
     5
100
AcDbSpline
210
0.0
220
0.0
230
1.0
 70
     8
 71
     3
 72
    23
 73
    19
 74
     0
 42
0.000000001
 43
0.0000000001
 40
0.0
 40
0.0
 40
0.0
 40
0.0
 40
1.0
 40
1.0
 40
1.0
 40
2.0
 40
2.0
 40
2.0
 40
3.0
 40
3.0
 40
3.0
 40
4.0
 40
4.0
 40
4.0
 40
5.0
 40
5.0
 40
5.0
 40
6.0
 40
6.0
 40
6.0
 40
6.0
 10
16.60271
 20
72.56938749999999
 30
0.0
 10
18.32708777777778
 20
72.08079027777777
 30
0.0
 10
20.733385
 20
70.97659583333332
 30
0.0
 10
21.96034611111111
 20
70.64251527777778
 30
0.0
 10
23.18695444444444
 20
70.30843472222222
 30
0.0
 10
22.35157666666667
 20
69.61734305555555
 30
0.0
 10
21.39307944444444
 20
67.25937638888888
 30
0.0
 10
20.38977944444444
 20
64.79134305555554
 30
0.0
 10
21.48691833333333
 20
64.19056249999998
 30
0.0
 10
21.49009333333333
 20
61.65056249999999
 30
0.0
 10
21.49291555555556
 20
59.11056249999999
 30
0.0
 10
20.396835
 20
58.50484305555555
 30
0.0
 10
21.40577944444444
 20
56.03927916666666
 30
0.0
 10
22.36956833333333
 20
53.68342916666666
 30
0.0
 10
23.20671
 20
52.99410138888888
 30
0.0
 10
21.98080722222222
 20
52.65719861111111
 30
0.0
 10
20.75490444444445
 20
52.3206486111111
 30
0.0
 10
18.35072388888889
 20
51.21080972222221
 30
0.0
 10
16.62775722222222
 20
50.71833194444444
 30
0.0
  0
SPLINE
  5
16A
330
1F
100
AcDbEntity
  8
DEFAULT
 62
     5
100
AcDbSpline
210
0.0
220
0.0
230
1.0
 70
     8
 71
     3
 72
    14
 73
    10
 74
     0
 42
0.000000001
 43
0.0000000001
 40
0.0
 40
0.0
 40
0.0
 40
0.0
 40
1.0
 40
1.0
 40
1.0
 40
2.0
 40
2.0
 40
2.0
 40
3.0
 40
3.0
 40
3.0
 40
3.0
 10
13.88279333333333
 20
49.78040166666666
 30
0.0
 10
10.67533777777778
 20
48.86741277777778
 30
0.0
 10
8.31419611111111
 20
48.69913777777778
 30
0.0
 10
7.645682222222223
 20
48.69807944444444
 30
0.0
 10
6.846640555555555
 20
48.69737388888889
 30
0.0
 10
6.75386
 20
50.36107388888888
 30
0.0
 10
7.292904444444445
 20
50.61895444444445
 30
0.0
 10
8.10147111111111
 20
51.00630444444444
 30
0.0
 10
9.300915555555555
 20
52.79876833333334
 30
0.0
 10
9.296682222222222
 20
56.68426277777777
 30
0.0
  0
SPLINE
  5
16B
330
1F
100
AcDbEntity
  8
DEFAULT
 62
     1
100
AcDbSpline
210
0.0
220
0.0
230
1.0
 70
    11
 71
     3
 72
   101
 73
    97
 74
     0
 42
0.000000001
 43
0.0000000001
 40
8.500005882350907
 40
8.500005882350907
 40
8.500005882350907
 40
8.500005882350907
 40
9.500005882350907
 40
9.500005882350907
 40
9.500005882350907
 40
10.50000588235091
 40
10.50000588235091
 40
10.50000588235091
 40
11.50000588235091
 40
11.50000588235091
 40
11.50000588235091
 40
12.50200588235092
 40
12.50200588235092
 40
12.50200588235092
 40
21.00276684828802
 40
21.00276684828802
 40
21.00276684828802
 40
22.00276684828802
 40
22.00276684828802
 40
22.00276684828802
 40
23.00276684828802
 40
23.00276684828802
 40
23.00276684828802
 40
24.00276684828802
 40
24.00276684828802
 40
24.00276684828802
 40
25.00276684828802
 40
25.00276684828802
 40
25.00276684828802
 40
26.00276684828802
 40
26.00276684828802
 40
26.00276684828802
 40
27.00276684828802
 40
27.00276684828802
 40
27.00276684828802
 40
28.00276684828802
 40
28.00276684828802
 40
28.00276684828802
 40
36.51177273133104
 40
36.51177273133104
 40
36.51177273133104
 40
37.51177273133104
 40
37.51177273133104
 40
37.51177273133104
 40
38.51177273133104
 40
38.51177273133104
 40
38.51177273133104
 40
47.02177861368195
 40
47.02177861368195
 40
47.02177861368195
 40
48.02177861368195
 40
48.02177861368195
 40
48.02177861368195
 40
49.02177861368195
 40
49.02177861368195
 40
49.02177861368195
 40
50.02177861368195
 40
50.02177861368195
 40
50.02177861368195
 40
51.02177861368195
 40
51.02177861368195
 40
51.02177861368195
 40
52.02177861368195
 40
52.02177861368195
 40
52.02177861368195
 40
53.02177861368195
 40
53.02177861368195
 40
53.02177861368195
 40
54.02177861368195
 40
54.02177861368195
 40
54.02177861368195
 40
62.5243323227832
 40
62.5243323227832
 40
62.5243323227832
 40
63.5243323227832
 40
63.5243323227832
 40
63.5243323227832
 40
64.52433232278321
 40
64.52433232278321
 40
64.52433232278321
 40
65.52433232278321
 40
65.52433232278321
 40
65.52433232278321
 40
66.52433232278321
 40
66.52433232278321
 40
66.52433232278321
 40
75.02433820513411
 40
75.02433820513411
 40
75.02433820513411
 40
76.02433820513411
 40
76.02433820513411
 40
76.02433820513411
 40
77.02433820513411
 40
77.02433820513411
 40
77.02433820513411
 40
85.52434408748502
 40
85.52434408748502
 40
85.52434408748502
 40
85.52434408748502
 10
23.49567027777778
 20
56.65473527777777
 30
0.0
 10
23.49778694444444
 20
54.86932694444444
 30
0.0
 10
25.51214805555555
 20
51.58778805555556
 30
0.0
 10
24.02025083333333
 20
51.33555194444444
 30
0.0
 10
23.44875083333333
 20
51.23924361111111
 30
0.0
 10
20.57890361111111
 20
50.15127694444444
 30
0.0
 10
17.23950916666666
 20
49.07847972222222
 30
0.0
 10
16.95658138888889
 20
49.90609638888889
 30
0.0
 10
16.94247027777778
 20
49.79708805555556
 30
0.0
 10
16.6277925
 20
50.71819083333333
 30
0.0
 10
16.31382027777778
 20
51.63611861111111
 30
0.0
 10
16.39107861111111
 20
51.5616825
 30
0.0
 10
16.10815083333333
 20
52.3903575
 30
0.0
 10
15.16223601851852
 20
52.06709546296296
 30
0.0
 10
14.21632120370371
 20
51.74383342592593
 30
0.0
 10
13.27040638888889
 20
51.42057138888889
 30
0.0
 10
13.55333416666667
 20
50.59224916666666
 30
0.0
 10
13.56885638888889
 20
50.6980825
 30
0.0
 10
13.88282861111111
 20
49.7805075
 30
0.0
 10
14.19750638888889
 20
48.85905194444445
 30
0.0
 10
14.11918972222222
 20
48.93666305555555
 30
0.0
 10
14.4021175
 20
48.10904638888889
 30
0.0
 10
9.768028611111111
 20
46.78789361111111
 30
0.0
 10
5.209434166666666
 20
46.11408805555556
 30
0.0
 10
5.164631388888887
 20
48.32600472222222
 30
0.0
 10
5.075025833333333
 20
52.64400472222222
 30
0.0
 10
5.051742500000001
 20
51.30697694444444
 30
0.0
 10
6.087850833333333
 20
52.26053527777778
 30
0.0
 10
7.123959166666666
 20
53.21762138888889
 30
0.0
 10
7.551173055555554
 20
56.01232694444445
 30
0.0
 10
7.5504675
 20
56.63639083333333
 30
0.0
 10
8.421828611111112
 20
56.63744916666666
 30
0.0
 10
8.323050833333333
 20
56.68331027777777
 30
0.0
 10
9.296364722222222
 20
56.68436861111111
 30
0.0
 10
10.26650361111111
 20
56.68542694444444
 30
0.0
 10
10.17125361111111
 20
56.63956583333333
 30
0.0
 10
11.05002305555555
 20
56.64062416666667
 30
0.0
 10
11.04884712962963
 20
57.64004361111111
 30
0.0
 10
11.0476712037037
 20
58.63946305555555
 30
0.0
 10
11.0429675
 20
59.6388825
 30
0.0
 10
7.546939722222221
 20
59.63500194444445
 30
0.0
 10
7.546939722222221
 20
59.63500194444445
 30
0.0
 10
7.544823055555554
 20
61.63172416666666
 30
0.0
 10
7.54235361111111
 20
63.63197416666666
 30
0.0
 10
7.54235361111111
 20
63.63197416666666
 30
0.0
 10
11.04190916666667
 20
63.63585472222223
 30
0.0
 10
11.04073324074074
 20
64.63539175925926
 30
0.0
 10
11.03955731481481
 20
65.63492879629631
 30
0.0
 10
11.03485361111111
 20
66.63446583333334
 30
0.0
 10
10.15996472222222
 20
66.63340749999999
 30
0.0
 10
10.2555675
 20
66.5840186111111
 30
0.0
 10
9.285428611111112
 20
66.58331305555555
 30
0.0
 10
8.311409166666666
 20
66.58225472222222
 30
0.0
 10
8.41053972222222
 20
66.63129083333332
 30
0.0
 10
7.53917861111111
 20
66.6302325
 30
0.0
 10
7.538473055555556
 20
67.25500194444444
 30
0.0
 10
7.104909166666665
 20
70.04829638888889
 30
0.0
 10
6.066684166666666
 20
71.00326583333333
 30
0.0
 10
5.02810638888889
 20
71.95435472222222
 30
0.0
 10
5.054564722222222
 20
70.61767972222222
 30
0.0
 10
5.134292499999999
 20
74.93532694444444
 30
0.0
 10
5.174156388888888
 20
77.14724361111111
 30
0.0
 10
9.73451472222222
 20
76.48402138888889
 30
0.0
 10
14.37107305555556
 20
75.17345194444444
 30
0.0
 10
14.09026194444444
 20
74.34512972222221
 30
0.0
 10
14.16857861111111
 20
74.4230936111111
 30
0.0
 10
13.85566472222222
 20
73.5009325
 30
0.0
 10
13.54416194444444
 20
72.58229916666666
 30
0.0
 10
13.52828694444444
 20
72.6881325
 30
0.0
 10
13.24712305555555
 20
71.85945749999999
 30
0.0
 10
14.19374342592592
 20
71.53842972222222
 30
0.0
 10
15.14036379629629
 20
71.21740194444445
 30
0.0
 10
16.08733694444444
 20
70.89707972222222
 30
0.0
 10
16.36779527777778
 20
71.72504916666666
 30
0.0
 10
16.2912425
 20
71.65061305555555
 30
0.0
 10
16.60274527777777
 20
72.56959916666666
 30
0.0
 10
16.91530638888889
 20
73.4914075
 30
0.0
 10
16.93012305555555
 20
73.38239916666666
 30
0.0
 10
17.21093416666666
 20
74.21036861111111
 30
0.0
 10
20.55279805555556
 20
73.1453325
 30
0.0
 10
23.42511472222222
 20
72.06371583333333
 30
0.0
 10
23.99661472222222
 20
71.96917138888888
 30
0.0
 10
25.4892175
 20
71.72046305555554
 30
0.0
 10
23.48226472222222
 20
68.4336325
 30
0.0
 10
23.48438138888889
 20
66.64857694444444
 30
0.0
 10
23.48555731481481
 20
65.64903990740741
 30
0.0
 10
23.48673324074073
 20
64.64950287037037
 30
0.0
 10
23.48790916666666
 20
63.64996583333333
 30
0.0
 10
23.88619527777778
 20
63.65031861111111
 30
0.0
 10
24.20828138888889
 20
62.75849638888889
 30
0.0
 10
24.2096925
 20
61.65077416666666
 30
0.0
 10
24.21075083333333
 20
60.54657972222223
 30
0.0
 10
23.89078138888889
 20
59.65369916666666
 30
0.0
 10
23.4921425
 20
59.65334638888888
 30
0.0
 10
23.49331842592592
 20
58.65380935185184
 30
0.0
 10
23.49449435185185
 20
57.65427231481481
 30
0.0
 10
23.49567027777778
 20
56.65473527777777
 30
0.0
  0
POLYLINE
  5
16C
330
1F
100
AcDbEntity
  8
DEFAULT
 62
     7
100
AcDb2dPolyline
 66
     1
 10
0.0
 20
0.0
 30
0.0
  0
VERTEX
  5
16D
330
16C
100
AcDbEntity
  8
DEFAULT
 62
     7
100
AcDbVertex
100
AcDb2dVertex
 10
72.16002416666666
 20
25.19034416666666
 30
0.0
  0
VERTEX
  5
16E
330
16C
100
AcDbEntity
  8
DEFAULT
 62
     7
100
AcDbVertex
100
AcDb2dVertex
 10
70.6751825
 20
24.83298027777777
 30
0.0
  0
SEQEND
  5
16F
330
16C
100
AcDbEntity
  8
DEFAULT
 62
     7
  0
SPLINE
  5
170
330
1F
100
AcDbEntity
  8
DEFAULT
 62
     7
100
AcDbSpline
210
0.0
220
0.0
230
1.0
 70
     8
 71
     3
 72
    20
 73
    16
 74
     0
 42
0.000000001
 43
0.0000000001
 40
0.0
 40
0.0
 40
0.0
 40
0.0
 40
1.0
 40
1.0
 40
1.0
 40
1.671443221724671
 40
1.671443221724671
 40
1.671443221724671
 40
2.671443221724672
 40
2.671443221724672
 40
2.671443221724672
 40
3.671443221724672
 40
3.671443221724672
 40
3.671443221724672
 40
6.07724662183865
 40
6.07724662183865
 40
6.07724662183865
 40
6.07724662183865
 10
71.52819916666667
 20
22.48319805555555
 30
0.0
 10
71.52819916666667
 20
22.48319805555555
 30
0.0
 10
71.21211027777778
 20
23.78283138888889
 30
0.0
 10
71.17683249999999
 20
23.89113416666667
 30
0.0
 10
71.19917509259258
 20
23.81540453703704
 30
0.0
 10
71.22151768518518
 20
23.73967490740741
 30
0.0
 10
71.24386027777777
 20
23.66394527777778
 30
0.0
 10
71.28372416666666
 20
23.7937675
 30
0.0
 10
71.39661305555556
 20
23.9779175
 30
0.0
 10
71.64708527777778
 20
24.0382425
 30
0.0
 10
71.86862972222222
 20
24.09186472222222
 30
0.0
 10
72.16355194444444
 20
24.03330361111111
 30
0.0
 10
72.28279083333334
 20
23.53765083333333
 30
0.0
 10
72.34899546296296
 20
23.26260175925926
 30
0.0
 10
72.41520009259258
 20
22.98755268518518
 30
0.0
 10
72.48140472222222
 20
22.71250361111111
 30
0.0
  0
POLYLINE
  5
171
330
1F
100
AcDbEntity
  8
DEFAULT
 62
     7
100
AcDb2dPolyline
 66
     1
 10
0.0
 20
0.0
 30
0.0
  0
VERTEX
  5
172
330
171
100
AcDbEntity
  8
DEFAULT
 62
     7
100
AcDbVertex
100
AcDb2dVertex
 10
79.74287666666665
 20
22.64889777777777
 30
0.0
  0
VERTEX
  5
173
330
171
100
AcDbEntity
  8
DEFAULT
 62
     7
100
AcDbVertex
100
AcDb2dVertex
 10
79.74111277777776
 20
24.17607277777777
 30
0.0
  0
SEQEND
  5
174
330
171
100
AcDbEntity
  8
DEFAULT
 62
     7
  0
SPLINE
  5
175
330
1F
100
AcDbEntity
  8
DEFAULT
 62
     7
100
AcDbSpline
210
0.0
220
0.0
230
1.0
 70
     8
 71
     3
 72
    11
 73
     7
 74
     0
 42
0.000000001
 43
0.0000000001
 40
0.0
 40
0.0
 40
0.0
 40
0.0
 40
2.640588760106306
 40
2.640588760106306
 40
2.640588760106306
 40
3.640588760106306
 40
3.640588760106306
 40
3.640588760106306
 40
3.640588760106306
 10
78.74172861111113
 20
23.63487638888889
 30
0.0
 10
78.48008509259262
 20
23.46765972222222
 30
0.0
 10
78.2184415740741
 20
23.30044305555556
 30
0.0
 10
77.95679805555558
 20
23.1332263888889
 30
0.0
 10
77.90564527777778
 20
23.16920972222222
 30
0.0
 10
77.29040083333332
 20
23.6870875
 30
0.0
 10
77.29040083333332
 20
23.6870875
 30
0.0
  0
POLYLINE
  5
176
330
1F
100
AcDbEntity
  8
DEFAULT
 62
     7
100
AcDb2dPolyline
 66
     1
 10
0.0
 20
0.0
 30
0.0
  0
VERTEX
  5
177
330
176
100
AcDbEntity
  8
DEFAULT
 62
     7
100
AcDbVertex
100
AcDb2dVertex
 10
78.7422225
 20
23.13396722222222
 30
0.0
  0
VERTEX
  5
178
330
176
100
AcDbEntity
  8
DEFAULT
 62
     7
100
AcDbVertex
100
AcDb2dVertex
 10
76.61356138888888
 20
23.13149777777777
 30
0.0
  0
SEQEND
  5
179
330
176
100
AcDbEntity
  8
DEFAULT
 62
     7
  0
POLYLINE
  5
17A
330
1F
100
AcDbEntity
  8
DEFAULT
 62
     7
100
AcDb2dPolyline
 66
     1
 10
0.0
 20
0.0
 30
0.0
  0
VERTEX
  5
17B
330
17A
100
AcDbEntity
  8
DEFAULT
 62
     7
100
AcDbVertex
100
AcDb2dVertex
 10
72.2218661111111
 20
42.77307083333332
 30
0.0
  0
VERTEX
  5
17C
330
17A
100
AcDbEntity
  8
DEFAULT
 62
     7
100
AcDbVertex
100
AcDb2dVertex
 10
71.4866772222222
 20
44.11186249999999
 30
0.0
  0
SEQEND
  5
17D
330
17A
100
AcDbEntity
  8
DEFAULT
 62
     7
  0
POLYLINE
  5
17E
330
1F
100
AcDbEntity
  8
DEFAULT
 62
     7
100
AcDb2dPolyline
 66
     1
 10
0.0
 20
0.0
 30
0.0
  0
VERTEX
  5
17F
330
17E
100
AcDbEntity
  8
DEFAULT
 62
     7
100
AcDbVertex
100
AcDb2dVertex
 10
69.41068583333332
 20
42.45648805555555
 30
0.0
  0
VERTEX
  5
180
330
17E
100
AcDbEntity
  8
DEFAULT
 62
     7
100
AcDbVertex
100
AcDb2dVertex
 10
69.08295527777777
 20
42.27657138888888
 30
0.0
  0
SEQEND
  5
181
330
17E
100
AcDbEntity
  8
DEFAULT
 62
     7
  0
SPLINE
  5
182
330
1F
100
AcDbEntity
  8
DEFAULT
 62
     7
100
AcDbSpline
210
0.0
220
0.0
230
1.0
 70
     8
 71
     3
 72
    14
 73
    10
 74
     0
 42
0.000000001
 43
0.0000000001
 40
0.0
 40
0.0
 40
0.0
 40
0.0
 40
2.149576935120018
 40
2.149576935120018
 40
2.149576935120018
 40
3.149576935120018
 40
3.149576935120018
 40
3.149576935120018
 40
4.149576935120018
 40
4.149576935120018
 40
4.149576935120018
 40
4.149576935120018
 10
69.58689833333331
 20
42.55329027777776
 30
0.0
 10
69.80844277777776
 20
42.6749986111111
 30
0.0
 10
70.0299872222222
 20
42.79670694444443
 30
0.0
 10
70.25153166666664
 20
42.91841527777777
 30
0.0
 10
70.47448722222221
 20
43.04082916666667
 30
0.0
 10
70.63711777777777
 20
43.08175138888889
 30
0.0
 10
70.80503999999999
 20
43.02495416666667
 30
0.0
 10
70.95391222222221
 20
42.97380138888889
 30
0.0
 10
71.08267611111111
 20
42.82704583333333
 30
0.0
 10
71.11195666666666
 20
42.67817361111111
 30
0.0
  0
SPLINE
  5
183
330
1F
100
AcDbEntity
  8
DEFAULT
 62
     1
100
AcDbSpline
210
0.0
220
0.0
230
1.0
 70
    11
 71
     3
 72
    89
 73
    85
 74
     0
 42
0.000000001
 43
0.0000000001
 40
0.0
 40
0.0
 40
0.0
 40
0.0
 40
15.44415530224946
 40
15.44415530224946
 40
15.44415530224946
 40
16.44415530224946
 40
16.44415530224946
 40
16.44415530224946
 40
17.44415530224946
 40
17.44415530224946
 40
17.44415530224946
 40
27.35488307572806
 40
27.35488307572806
 40
27.35488307572806
 40
35.84662641852876
 40
35.84662641852876
 40
35.84662641852876
 40
36.84662641852876
 40
36.84662641852876
 40
36.84662641852876
 40
37.84662641852876
 40
37.84662641852876
 40
37.84662641852876
 40
38.84662641852876
 40
38.84662641852876
 40
38.84662641852876
 40
39.84662641852876
 40
39.84662641852876
 40
39.84662641852876
 40
40.84662641852876
 40
40.84662641852876
 40
40.84662641852876
 40
41.84662641852876
 40
41.84662641852876
 40
41.84662641852876
 40
42.84662641852876
 40
42.84662641852876
 40
42.84662641852876
 40
43.84662641852876
 40
43.84662641852876
 40
43.84662641852876
 40
53.76762888803759
 40
53.76762888803759
 40
53.76762888803759
 40
62.26363365498542
 40
62.26363365498542
 40
62.26363365498542
 40
72.18363612474316
 40
72.18363612474316
 40
72.18363612474316
 40
73.18363612474316
 40
73.18363612474316
 40
73.18363612474316
 40
74.18363612474316
 40
74.18363612474316
 40
74.18363612474316
 40
75.18363612474316
 40
75.18363612474316
 40
75.18363612474316
 40
76.18363612474316
 40
76.18363612474316
 40
76.18363612474316
 40
77.18363612474316
 40
77.18363612474316
 40
77.18363612474316
 40
78.18363612474316
 40
78.18363612474316
 40
78.18363612474316
 40
86.09205979827001
 40
86.09205979827001
 40
86.09205979827001
 40
94.58693101565761
 40
94.58693101565761
 40
94.58693101565761
 40
95.58693101565761
 40
95.58693101565761
 40
95.58693101565761
 40
96.58693101565761
 40
96.58693101565761
 40
96.58693101565761
 40
97.58693101565761
 40
97.58693101565761
 40
97.58693101565761
 40
98.58693101565761
 40
98.58693101565761
 40
98.58693101565761
 40
98.58693101565761
 10
69.71901361111111
 20
38.53388138888888
 30
0.0
 10
70.14269972222222
 20
36.76787583333333
 30
0.0
 10
70.56638583333333
 20
35.00187027777777
 30
0.0
 10
70.99007194444444
 20
33.23586472222222
 30
0.0
 10
71.1939775
 20
32.38672861111111
 30
0.0
 10
71.12342194444444
 20
32.47139527777777
 30
0.0
 10
71.35131638888889
 20
31.52101194444444
 30
0.0
 10
71.57709416666667
 20
30.57803694444444
 30
0.0
 10
71.60073027777777
 20
30.68492861111111
 30
0.0
 10
71.80393027777777
 20
29.83226472222222
 30
0.0
 10
72.07545157407407
 20
28.69890731481481
 30
0.0
 10
72.34697287037038
 20
27.56554990740741
 30
0.0
 10
72.61849416666666
 20
26.4321925
 30
0.0
 10
71.64764972222223
 20
26.19853601851851
 30
0.0
 10
70.67680527777777
 20
25.96487953703704
 30
0.0
 10
69.70596083333332
 20
25.73122305555555
 30
0.0
 10
69.50240805555555
 20
26.58000638888889
 30
0.0
 10
69.56978861111111
 20
26.49957305555555
 30
0.0
 10
69.3443636111111
 20
27.44572305555555
 30
0.0
 10
69.11611638888888
 20
28.39293138888889
 30
0.0
 10
68.91079972222222
 20
29.13835083333333
 30
0.0
 10
68.79085527777778
 20
29.11048138888889
 30
0.0
 10
67.2837886111111
 20
28.63140916666666
 30
0.0
 10
66.40678305555555
 20
26.68513416666666
 30
0.0
 10
66.78743027777777
 20
25.03448694444444
 30
0.0
 10
67.7159413888889
 20
21.15040361111111
 30
0.0
 10
69.65657194444444
 20
18.82065916666667
 30
0.0
 10
75.7613913888889
 20
18.64603416666667
 30
0.0
 10
78.23401083333333
 20
18.57547861111111
 30
0.0
 10
80.74825805555555
 20
18.64673972222222
 30
0.0
 10
83.60611083333333
 20
18.60052583333333
 30
0.0
 10
86.22513305555556
 20
18.5581925
 30
0.0
 10
87.79323027777778
 20
18.8915675
 30
0.0
 10
87.84297194444444
 20
21.92228138888889
 30
0.0
 10
86.96702472222222
 20
21.9205175
 30
0.0
 10
87.06580249999999
 20
21.97061194444444
 30
0.0
 10
86.09319416666666
 20
21.96920083333333
 30
0.0
 10
85.12023305555556
 20
21.96778972222222
 30
0.0
 10
85.2193636111111
 20
21.9205175
 30
0.0
 10
84.34341638888888
 20
21.91910638888889
 30
0.0
 10
83.17678027777777
 20
21.91828324074074
 30
0.0
 10
82.01014416666665
 20
21.91746009259259
 30
0.0
 10
80.84350805555555
 20
21.91663694444444
 30
0.0
 10
80.84244972222221
 20
22.91570361111111
 30
0.0
 10
80.84139138888888
 20
23.91477027777778
 30
0.0
 10
80.84033305555555
 20
24.91383694444444
 30
0.0
 10
82.00685157407406
 20
24.91466009259259
 30
0.0
 10
83.17337009259258
 20
24.91548324074074
 30
0.0
 10
84.3398886111111
 20
24.91630638888889
 30
0.0
 10
85.21583583333333
 20
24.91807027777778
 30
0.0
 10
85.12023305555556
 20
24.86797583333333
 30
0.0
 10
86.08966638888889
 20
24.86973972222222
 30
0.0
 10
87.06262749999999
 20
24.87115083333333
 30
0.0
 10
86.96349694444444
 20
24.91807027777778
 30
0.0
 10
87.83944416666667
 20
24.91948138888889
 30
0.0
 10
87.83379972222221
 20
30.13953416666666
 30
0.0
 10
75.44142194444444
 20
34.73234805555555
 30
0.0
 10
78.79739694444444
 20
39.84092305555555
 30
0.0
 10
81.02942194444444
 20
43.23887861111111
 30
0.0
 10
80.50096083333332
 20
46.38177583333333
 30
0.0
 10
79.05174972222223
 20
45.6868036111111
 30
0.0
 10
78.26329138888889
 20
45.30862583333333
 30
0.0
 10
78.34831083333333
 20
45.3566036111111
 30
0.0
 10
77.4931775
 20
44.88388138888889
 30
0.0
 10
76.64509972222223
 20
44.41962583333333
 30
0.0
 10
76.75058027777777
 20
44.42456472222221
 30
0.0
 10
75.9850525
 20
44.00158416666666
 30
0.0
 10
75.16966546296295
 20
43.55437953703703
 30
0.0
 10
74.35427842592593
 20
43.1071749074074
 30
0.0
 10
73.53889138888889
 20
42.65997027777777
 30
0.0
 10
73.05805527777777
 20
43.53556472222223
 30
0.0
 10
72.57721916666667
 20
44.41115916666666
 30
0.0
 10
72.09638305555555
 20
45.28675361111111
 30
0.0
 10
72.86191083333333
 20
45.70938138888888
 30
0.0
 10
72.80088027777776
 20
45.62012861111111
 30
0.0
 10
73.65354416666666
 20
46.08650083333333
 30
0.0
 10
74.50797194444444
 20
46.55569527777777
 30
0.0
 10
75.17366361111111
 20
46.95186472222222
 30
0.0
 10
75.11616083333334
 20
47.06052027777778
 30
0.0
 10
74.25361916666667
 20
48.38802305555556
 30
0.0
 10
72.14577194444443
 20
48.72175083333333
 30
0.0
 10
70.65211083333334
 20
47.91812305555555
 30
0.0
 10
68.11422810507854
 20
46.52218172170731
 30
0.0
 10
67.67501937609762
 20
38.04352432071804
 30
0.0
 10
69.71901361111111
 20
38.53388138888888
 30
0.0
  0
POLYLINE
  5
184
330
1F
100
AcDbEntity
  8
DEFAULT
 62
     7
100
AcDb2dPolyline
 66
     1
 10
0.0
 20
0.0
 30
0.0
  0
VERTEX
  5
185
330
184
100
AcDbEntity
  8
DEFAULT
 62
     7
100
AcDbVertex
100
AcDb2dVertex
 10
70.59545472222221
 20
98.57655333333334
 30
0.0
  0
VERTEX
  5
186
330
184
100
AcDbEntity
  8
DEFAULT
 62
     7
100
AcDbVertex
100
AcDb2dVertex
 10
72.08135472222223
 20
98.22236444444445
 30
0.0
  0
SEQEND
  5
187
330
184
100
AcDbEntity
  8
DEFAULT
 62
     7
  0
SPLINE
  5
188
330
1F
100
AcDbEntity
  8
DEFAULT
 62
     7
100
AcDbSpline
210
0.0
220
0.0
230
1.0
 70
     8
 71
     3
 72
    20
 73
    16
 74
     0
 42
0.000000001
 43
0.0000000001
 40
0.0
 40
0.0
 40
0.0
 40
0.0
 40
1.0
 40
1.0
 40
1.0
 40
1.67216441441064
 40
1.67216441441064
 40
1.67216441441064
 40
2.67216441441064
 40
2.67216441441064
 40
2.67216441441064
 40
3.67216441441064
 40
3.67216441441064
 40
3.67216441441064
 40
6.077543594498442
 40
6.077543594498442
 40
6.077543594498442
 40
6.077543594498442
 10
72.38534333333332
 20
100.7037327777778
 30
0.0
 10
72.38534333333332
 20
100.7037327777778
 30
0.0
 10
72.07807388888888
 20
99.40198277777777
 30
0.0
 10
72.06078777777778
 20
99.28909388888889
 30
0.0
 10
72.07513407407407
 20
99.3668225925926
 30
0.0
 10
72.08948037037037
 20
99.4445512962963
 30
0.0
 10
72.10382666666666
 20
99.52228
 30
0.0
 10
72.009635
 20
99.42456055555556
 30
0.0
 10
71.825485
 20
99.31131888888889
 30
0.0
 10
71.57466
 20
99.3712911111111
 30
0.0
 10
71.35276277777777
 20
99.42420777777777
 30
0.0
 10
71.11675444444444
 20
99.60976888888888
 30
0.0
 10
71.234935
 20
100.1057744444444
 30
0.0
 10
71.30043407407408
 20
100.3809411111111
 30
0.0
 10
71.36593314814814
 20
100.6561077777778
 30
0.0
 10
71.43143222222221
 20
100.9312744444444
 30
0.0
  0
POLYLINE
  5
189
330
1F
100
AcDbEntity
  8
DEFAULT
 62
     7
100
AcDb2dPolyline
 66
     1
 10
0.0
 20
0.0
 30
0.0
  0
VERTEX
  5
18A
330
189
100
AcDbEntity
  8
DEFAULT
 62
     7
100
AcDbVertex
100
AcDb2dVertex
 10
79.65570527777777
 20
99.25215805555554
 30
0.0
  0
VERTEX
  5
18B
330
189
100
AcDbEntity
  8
DEFAULT
 62
     7
100
AcDbVertex
100
AcDb2dVertex
 10
79.65394138888888
 20
100.7796858333333
 30
0.0
  0
SEQEND
  5
18C
330
189
100
AcDbEntity
  8
DEFAULT
 62
     7
  0
SPLINE
  5
18D
330
1F
100
AcDbEntity
  8
DEFAULT
 62
     7
100
AcDbSpline
210
0.0
220
0.0
230
1.0
 70
     8
 71
     3
 72
    11
 73
     7
 74
     0
 42
0.000000001
 43
0.0000000001
 40
0.0
 40
0.0
 40
0.0
 40
0.0
 40
2.640588760106337
 40
2.640588760106337
 40
2.640588760106337
 40
3.640588760106337
 40
3.640588760106337
 40
3.640588760106337
 40
3.640588760106337
 10
78.65455722222221
 20
100.2381366666666
 30
0.0
 10
78.3929137037037
 20
100.07092
 30
0.0
 10
78.13127018518519
 20
99.9037033333333
 30
0.0
 10
77.86962666666666
 20
99.73648666666664
 30
0.0
 10
77.81847388888887
 20
99.77246999999998
 30
0.0
 10
77.20322944444443
 20
100.2903477777778
 30
0.0
 10
77.20322944444443
 20
100.2903477777778
 30
0.0
  0
POLYLINE
  5
18E
330
1F
100
AcDbEntity
  8
DEFAULT
 62
     7
100
AcDb2dPolyline
 66
     1
 10
0.0
 20
0.0
 30
0.0
  0
VERTEX
  5
18F
330
18E
100
AcDbEntity
  8
DEFAULT
 62
     7
100
AcDbVertex
100
AcDb2dVertex
 10
78.65508638888889
 20
99.73740388888888
 30
0.0
  0
VERTEX
  5
190
330
18E
100
AcDbEntity
  8
DEFAULT
 62
     7
100
AcDbVertex
100
AcDb2dVertex
 10
76.52642527777776
 20
99.73493444444442
 30
0.0
  0
SEQEND
  5
191
330
18E
100
AcDbEntity
  8
DEFAULT
 62
     7
  0
POLYLINE
  5
192
330
1F
100
AcDbEntity
  8
DEFAULT
 62
     7
100
AcDb2dPolyline
 66
     1
 10
0.0
 20
0.0
 30
0.0
  0
VERTEX
  5
193
330
192
100
AcDbEntity
  8
DEFAULT
 62
     7
100
AcDbVertex
100
AcDb2dVertex
 10
71.44501416666665
 20
79.2978122222222
 30
0.0
  0
VERTEX
  5
194
330
192
100
AcDbEntity
  8
DEFAULT
 62
     7
100
AcDbVertex
100
AcDb2dVertex
 10
72.17702805555554
 20
80.63836777777777
 30
0.0
  0
SEQEND
  5
195
330
192
100
AcDbEntity
  8
DEFAULT
 62
     7
  0
POLYLINE
  5
196
330
1F
100
AcDbEntity
  8
DEFAULT
 62
     7
100
AcDb2dPolyline
 66
     1
 10
0.0
 20
0.0
 30
0.0
  0
VERTEX
  5
197
330
196
100
AcDbEntity
  8
DEFAULT
 62
     7
100
AcDbVertex
100
AcDb2dVertex
 10
69.66458
 20
81.49628805555554
 30
0.0
  0
VERTEX
  5
198
330
196
100
AcDbEntity
  8
DEFAULT
 62
     7
100
AcDbVertex
100
AcDb2dVertex
 10
69.33649666666666
 20
81.67549916666665
 30
0.0
  0
SEQEND
  5
199
330
196
100
AcDbEntity
  8
DEFAULT
 62
     7
  0
SPLINE
  5
19A
330
1F
100
AcDbEntity
  8
DEFAULT
 62
     7
100
AcDbSpline
210
0.0
220
0.0
230
1.0
 70
     8
 71
     3
 72
    14
 73
    10
 74
     0
 42
0.000000001
 43
0.0000000001
 40
0.0
 40
0.0
 40
0.0
 40
0.0
 40
2.14980673549973
 40
2.14980673549973
 40
2.14980673549973
 40
3.14980673549973
 40
3.14980673549973
 40
3.14980673549973
 40
4.14980673549973
 40
4.14980673549973
 40
4.14980673549973
 40
4.14980673549973
 10
69.84096888888888
 20
81.3998386111111
 30
0.0
 10
70.0628661111111
 20
81.27871824074072
 30
0.0
 10
70.28476333333333
 20
81.15759787037035
 30
0.0
 10
70.50666055555556
 20
81.03647749999998
 30
0.0
 10
70.72961611111111
 20
80.91476916666666
 30
0.0
 10
70.85167722222222
 20
80.79941083333333
 30
0.0
 10
70.89436333333333
 20
80.62760805555556
 30
0.0
 10
70.931405
 20
80.4745025
 30
0.0
 10
70.87742999999999
 20
80.2871775
 30
0.0
 10
70.76771611111111
 20
80.18204972222222
 30
0.0
  0
SPLINE
  5
19B
330
1F
100
AcDbEntity
  8
DEFAULT
 62
     1
100
AcDbSpline
210
0.0
220
0.0
230
1.0
 70
    11
 71
     3
 72
    89
 73
    85
 74
     0
 42
0.000000001
 43
0.0000000001
 40
0.0
 40
0.0
 40
0.0
 40
0.0
 40
15.4428381135076
 40
15.4428381135076
 40
15.4428381135076
 40
16.4428381135076
 40
16.4428381135076
 40
16.4428381135076
 40
17.4428381135076
 40
17.4428381135076
 40
17.4428381135076
 40
27.35332841419401
 40
27.35332841419401
 40
27.35332841419401
 40
35.84476886914628
 40
35.84476886914628
 40
35.84476886914628
 40
36.84476886914628
 40
36.84476886914628
 40
36.84476886914628
 40
37.84476886914628
 40
37.84476886914628
 40
37.84476886914628
 40
38.84476886914628
 40
38.84476886914628
 40
38.84476886914628
 40
39.84476886914628
 40
39.84476886914628
 40
39.84476886914628
 40
40.84476886914628
 40
40.84476886914628
 40
40.84476886914628
 40
41.84476886914628
 40
41.84476886914628
 40
41.84476886914628
 40
42.84476886914628
 40
42.84476886914628
 40
42.84476886914628
 40
43.84476886914628
 40
43.84476886914628
 40
43.84476886914628
 40
53.76478020986562
 40
53.76478020986562
 40
53.76478020986562
 40
62.26078609498597
 40
62.26078609498597
 40
62.26078609498597
 40
72.18079743570529
 40
72.18079743570529
 40
72.18079743570529
 40
73.18079743570529
 40
73.18079743570529
 40
73.18079743570529
 40
74.18079743570529
 40
74.18079743570529
 40
74.18079743570529
 40
75.18079743570529
 40
75.18079743570529
 40
75.18079743570529
 40
76.18079743570529
 40
76.18079743570529
 40
76.18079743570529
 40
77.18079743570529
 40
77.18079743570529
 40
77.18079743570529
 40
78.18079743570529
 40
78.18079743570529
 40
78.18079743570529
 40
86.08943941773987
 40
86.08943941773987
 40
86.08943941773987
 40
94.58316062813995
 40
94.58316062813995
 40
94.58316062813995
 40
95.58316062813995
 40
95.58316062813995
 40
95.58316062813995
 40
96.58316062813995
 40
96.58316062813995
 40
96.58316062813995
 40
97.58316062813995
 40
97.58316062813995
 40
97.58316062813995
 40
98.58316062813995
 40
98.58316062813995
 40
98.58316062813995
 40
98.58316062813995
 10
69.66630861111112
 20
84.87473499999999
 30
0.0
 10
70.08587898148149
 20
86.6415637037037
 30
0.0
 10
70.50544935185187
 20
88.4083924074074
 30
0.0
 10
70.92501972222223
 20
90.17522111111113
 30
0.0
 10
71.12716138888888
 20
91.02506277777776
 30
0.0
 10
71.0569586111111
 20
90.94004333333332
 30
0.0
 10
71.28273638888888
 20
91.89113222222221
 30
0.0
 10
71.50639749999999
 20
92.83445999999999
 30
0.0
 10
71.5300336111111
 20
92.72756833333334
 30
0.0
 10
71.73146972222222
 20
93.58093777777776
 30
0.0
 10
72.00040398148147
 20
94.71488314814813
 30
0.0
 10
72.26933824074072
 20
95.84882851851849
 30
0.0
 10
72.53827249999999
 20
96.98277388888887
 30
0.0
 10
71.56695768518517
 20
97.21431370370368
 30
0.0
 10
70.59564287037036
 20
97.4458535185185
 30
0.0
 10
69.62432805555555
 20
97.67739333333333
 30
0.0
 10
69.42253916666665
 20
96.82755166666665
 30
0.0
 10
69.48956694444443
 20
96.90869055555554
 30
0.0
 10
69.26661138888888
 20
95.96148222222222
 30
0.0
 10
69.04048083333332
 20
95.0139211111111
 30
0.0
 10
68.83657527777777
 20
94.26814888888887
 30
0.0
 10
68.71663083333333
 20
94.29566555555554
 30
0.0
 10
67.20850583333332
 20
94.77156277777777
 30
0.0
 10
66.32691416666665
 20
96.71572111111111
 30
0.0
 10
66.7040336111111
 20
98.36707388888888
 30
0.0
 10
67.62372527777778
 20
102.2532738888889
 30
0.0
 10
69.55906416666666
 20
104.5872516666667
 30
0.0
 10
75.66353083333333
 20
104.7759877777778
 30
0.0
 10
78.1357975
 20
104.8525405555555
 30
0.0
 10
80.6500447222222
 20
104.7865711111111
 30
0.0
 10
83.50825027777776
 20
104.8394877777778
 30
0.0
 10
86.12691972222221
 20
104.8878183333333
 30
0.0
 10
87.69572249999999
 20
104.5576183333333
 30
0.0
 10
87.75251972222222
 20
101.52761
 30
0.0
 10
86.8765725
 20
101.5269044444444
 30
0.0
 10
86.97535027777776
 20
101.4771627777778
 30
0.0
 10
86.00274194444444
 20
101.4764572222222
 30
0.0
 10
85.02978083333332
 20
101.4753988888889
 30
0.0
 10
85.1285586111111
 20
101.5226711111111
 30
0.0
 10
84.25261138888888
 20
101.5223183333333
 30
0.0
 10
83.08609287037036
 20
101.5205544444444
 30
0.0
 10
81.91957435185184
 20
101.5187905555555
 30
0.0
 10
80.75305583333332
 20
101.5170266666667
 30
0.0
 10
80.75423175925924
 20
100.51796
 30
0.0
 10
80.75540768518518
 20
99.51889333333332
 30
0.0
 10
80.75658361111111
 20
98.51982666666666
 30
0.0
 10
81.92310212962963
 20
98.52159055555553
 30
0.0
 10
83.08962064814814
 20
98.52335444444445
 30
0.0
 10
84.25613916666666
 20
98.52511833333332
 30
0.0
 10
85.13208638888888
 20
98.5254711111111
 30
0.0
 10
85.0364836111111
 20
98.57556555555556
 30
0.0
 10
86.00556416666666
 20
98.57591833333332
 30
0.0
 10
86.97852527777776
 20
98.57697666666665
 30
0.0
 10
86.8797475
 20
98.52970444444445
 30
0.0
 10
87.75569472222222
 20
98.53005722222221
 30
0.0
 10
87.76169194444444
 20
93.31000444444444
 30
0.0
 10
75.38025027777778
 20
88.6893211111111
 30
0.0
 10
78.74751416666665
 20
83.58815444444444
 30
0.0
 10
80.98730027777778
 20
80.19549055555554
 30
0.0
 10
80.4662475
 20
77.05082944444443
 30
0.0
 10
79.0152725
 20
77.74262666666665
 30
0.0
 10
78.2261086111111
 20
78.11904055555554
 30
0.0
 10
78.31112805555554
 20
78.07141555555555
 30
0.0
 10
77.45493638888888
 20
78.54237388888889
 30
0.0
 10
76.60544749999998
 20
79.00451277777776
 30
0.0
 10
76.71128083333332
 20
78.99992666666667
 30
0.0
 10
75.94469472222221
 20
79.42114333333332
 30
0.0
 10
75.12824935185184
 20
79.86646648148145
 30
0.0
 10
74.31180398148148
 20
80.31178962962962
 30
0.0
 10
73.4953586111111
 20
80.75711277777776
 30
0.0
 10
73.01652157407408
 20
79.88057759259259
 30
0.0
 10
72.53768453703704
 20
79.0040424074074
 30
0.0
 10
72.0588475
 20
78.1275072222222
 30
0.0
 10
72.82543361111111
 20
77.70629055555555
 30
0.0
 10
72.76440305555555
 20
77.79519055555555
 30
0.0
 10
73.61812527777776
 20
77.330935
 30
0.0
 10
74.4732586111111
 20
76.86350444444443
 30
0.0
 10
75.14036138888888
 20
76.46909888888888
 30
0.0
 10
75.0828586111111
 20
76.36009055555554
 30
0.0
 10
74.22313916666666
 20
75.03082388888888
 30
0.0
 10
72.11635027777777
 20
74.69251
 30
0.0
 10
70.6205725
 20
75.49261
 30
0.0
 10
68.07951416666666
 20
76.88290722222222
 30
0.0
 10
67.62125583333332
 20
85.36015722222221
 30
0.0
 10
69.66630861111112
 20
84.87473499999999
 30
0.0
  0
POLYLINE
  5
19C
330
1F
100
AcDbEntity
  8
DEFAULT
 62
     7
100
AcDb2dPolyline
 66
     1
 10
0.0
 20
0.0
 30
0.0
  0
VERTEX
  5
19D
330
19C
100
AcDbEntity
  8
DEFAULT
 62
     7
100
AcDbVertex
100
AcDb2dVertex
 10
38.31801666666666
 20
55.66875666666666
 30
0.0
  0
VERTEX
  5
19E
330
19C
100
AcDbEntity
  8
DEFAULT
 62
     7
100
AcDbVertex
100
AcDb2dVertex
 10
39.04403333333332
 20
54.32467333333332
 30
0.0
  0
SEQEND
  5
19F
330
19C
100
AcDbEntity
  8
DEFAULT
 62
     7
  0
POLYLINE
  5
1A0
330
1F
100
AcDbEntity
  8
DEFAULT
 62
     7
100
AcDb2dPolyline
 66
     1
 10
0.0
 20
0.0
 30
0.0
  0
VERTEX
  5
1A1
330
1A0
100
AcDbEntity
  8
DEFAULT
 62
     7
100
AcDbVertex
100
AcDb2dVertex
 10
40.64345722222222
 20
56.05702388888888
 30
0.0
  0
VERTEX
  5
1A2
330
1A0
100
AcDbEntity
  8
DEFAULT
 62
     7
100
AcDbVertex
100
AcDb2dVertex
 10
40.9722461111111
 20
56.23447111111109
 30
0.0
  0
SEQEND
  5
1A3
330
1A0
100
AcDbEntity
  8
DEFAULT
 62
     7
  0
POLYLINE
  5
1A4
330
1F
100
AcDbEntity
  8
DEFAULT
 62
     7
100
AcDb2dPolyline
 66
     1
 10
0.0
 20
0.0
 30
0.0
  0
VERTEX
  5
1A5
330
1A4
100
AcDbEntity
  8
DEFAULT
 62
     7
100
AcDbVertex
100
AcDb2dVertex
 10
39.56081749999998
 20
55.47204777777776
 30
0.0
  0
VERTEX
  5
1A6
330
1A4
100
AcDbEntity
  8
DEFAULT
 62
     7
100
AcDbVertex
100
AcDb2dVertex
 10
40.46498694444444
 20
55.96064499999998
 30
0.0
  0
SEQEND
  5
1A7
330
1A4
100
AcDbEntity
  8
DEFAULT
 62
     7
  0
POLYLINE
  5
1A8
330
1F
100
AcDbEntity
  8
DEFAULT
 62
     7
100
AcDb2dPolyline
 66
     1
 10
0.0
 20
0.0
 30
0.0
  0
VERTEX
  5
1A9
330
1A8
100
AcDbEntity
  8
DEFAULT
 62
     7
100
AcDbVertex
100
AcDb2dVertex
 10
39.02854638888888
 20
69.01920833333332
 30
0.0
  0
VERTEX
  5
1AA
330
1A8
100
AcDbEntity
  8
DEFAULT
 62
     7
100
AcDbVertex
100
AcDb2dVertex
 10
38.30570472222222
 20
67.67406666666666
 30
0.0
  0
SEQEND
  5
1AB
330
1A8
100
AcDbEntity
  8
DEFAULT
 62
     7
  0
POLYLINE
  5
1AC
330
1F
100
AcDbEntity
  8
DEFAULT
 62
     7
100
AcDb2dPolyline
 66
     1
 10
0.0
 20
0.0
 30
0.0
  0
VERTEX
  5
1AD
330
1AC
100
AcDbEntity
  8
DEFAULT
 62
     7
100
AcDbVertex
100
AcDb2dVertex
 10
40.63192138888888
 20
67.29080888888888
 30
0.0
  0
VERTEX
  5
1AE
330
1AC
100
AcDbEntity
  8
DEFAULT
 62
     7
100
AcDbVertex
100
AcDb2dVertex
 10
40.96106305555555
 20
67.1140672222222
 30
0.0
  0
SEQEND
  5
1AF
330
1AC
100
AcDbEntity
  8
DEFAULT
 62
     7
  0
POLYLINE
  5
1B0
330
1F
100
AcDbEntity
  8
DEFAULT
 62
     7
100
AcDb2dPolyline
 66
     1
 10
0.0
 20
0.0
 30
0.0
  0
VERTEX
  5
1B1
330
1B0
100
AcDbEntity
  8
DEFAULT
 62
     7
100
AcDbVertex
100
AcDb2dVertex
 10
39.54790583333333
 20
67.87335083333332
 30
0.0
  0
VERTEX
  5
1B2
330
1B0
100
AcDbEntity
  8
DEFAULT
 62
     7
100
AcDbVertex
100
AcDb2dVertex
 10
40.45313361111111
 20
67.38687027777777
 30
0.0
  0
SEQEND
  5
1B3
330
1B0
100
AcDbEntity
  8
DEFAULT
 62
     7
  0
POLYLINE
  5
1B4
330
1F
100
AcDbEntity
  8
DEFAULT
 62
     7
100
AcDb2dPolyline
 66
     1
 10
0.0
 20
0.0
 30
0.0
  0
VERTEX
  5
1B5
330
1B4
100
AcDbEntity
  8
DEFAULT
 62
     7
100
AcDbVertex
100
AcDb2dVertex
 10
31.50877055555555
 20
59.02564888888887
 30
0.0
  0
VERTEX
  5
1B6
330
1B4
100
AcDbEntity
  8
DEFAULT
 62
     7
100
AcDbVertex
100
AcDb2dVertex
 10
31.51229833333333
 20
57.49847388888887
 30
0.0
  0
SEQEND
  5
1B7
330
1B4
100
AcDbEntity
  8
DEFAULT
 62
     7
  0
POLYLINE
  5
1B8
330
1F
100
AcDbEntity
  8
DEFAULT
 62
     7
100
AcDb2dPolyline
 66
     1
 10
0.0
 20
0.0
 30
0.0
  0
VERTEX
  5
1B9
330
1B8
100
AcDbEntity
  8
DEFAULT
 62
     7
100
AcDbVertex
100
AcDb2dVertex
 10
34.12758111111111
 20
57.95595611111111
 30
0.0
  0
VERTEX
  5
1BA
330
1B8
100
AcDbEntity
  8
DEFAULT
 62
     7
100
AcDbVertex
100
AcDb2dVertex
 10
34.50152555555555
 20
57.95666166666667
 30
0.0
  0
SEQEND
  5
1BB
330
1B8
100
AcDbEntity
  8
DEFAULT
 62
     7
  0
SPLINE
  5
1BC
330
1F
100
AcDbEntity
  8
DEFAULT
 62
     7
100
AcDbSpline
210
0.0
220
0.0
230
1.0
 70
     8
 71
     3
 72
    14
 73
    10
 74
     0
 42
0.000000001
 43
0.0000000001
 40
0.0
 40
0.0
 40
0.0
 40
0.0
 40
2.150005813945619
 40
2.150005813945619
 40
2.150005813945619
 40
3.150005813945619
 40
3.150005813945619
 40
3.150005813945619
 40
4.150005813945619
 40
4.150005813945619
 40
4.150005813945619
 40
4.150005813945619
 10
33.92653305555554
 20
57.95528583333331
 30
0.0
 10
33.67370898148146
 20
57.95469787037035
 30
0.0
 10
33.42088490740739
 20
57.95410990740739
 30
0.0
 10
33.16806083333332
 20
57.95352194444443
 30
0.0
 10
32.91406083333333
 20
57.95316916666666
 30
0.0
 10
32.75143027777778
 20
57.99514972222222
 30
0.0
 10
32.63148583333333
 20
58.12532472222222
 30
0.0
 10
32.52529972222222
 20
58.24174138888889
 30
0.0
 10
32.48261361111111
 20
58.43224138888889
 30
0.0
 10
32.52812194444444
 20
58.57688027777778
 30
0.0
  0
POLYLINE
  5
1BD
330
1F
100
AcDbEntity
  8
DEFAULT
 62
     7
100
AcDb2dPolyline
 66
     1
 10
0.0
 20
0.0
 30
0.0
  0
VERTEX
  5
1BE
330
1BD
100
AcDbEntity
  8
DEFAULT
 62
     7
100
AcDbVertex
100
AcDb2dVertex
 10
31.49741111111111
 20
65.92619388888887
 30
0.0
  0
VERTEX
  5
1BF
330
1BD
100
AcDbEntity
  8
DEFAULT
 62
     7
100
AcDbVertex
100
AcDb2dVertex
 10
31.50093888888889
 20
64.3986661111111
 30
0.0
  0
SEQEND
  5
1C0
330
1BD
100
AcDbEntity
  8
DEFAULT
 62
     7
  0
POLYLINE
  5
1C1
330
1F
100
AcDbEntity
  8
DEFAULT
 62
     7
100
AcDb2dPolyline
 66
     1
 10
0.0
 20
0.0
 30
0.0
  0
VERTEX
  5
1C2
330
1C1
100
AcDbEntity
  8
DEFAULT
 62
     7
100
AcDbVertex
100
AcDb2dVertex
 10
34.11618638888888
 20
64.85614833333332
 30
0.0
  0
VERTEX
  5
1C3
330
1C1
100
AcDbEntity
  8
DEFAULT
 62
     7
100
AcDbVertex
100
AcDb2dVertex
 10
34.49013083333333
 20
64.85720666666664
 30
0.0
  0
SEQEND
  5
1C4
330
1C1
100
AcDbEntity
  8
DEFAULT
 62
     7
  0
SPLINE
  5
1C5
330
1F
100
AcDbEntity
  8
DEFAULT
 62
     7
100
AcDbSpline
210
0.0
220
0.0
230
1.0
 70
     8
 71
     3
 72
    14
 73
    10
 74
     0
 42
0.000000001
 43
0.0000000001
 40
0.0
 40
0.0
 40
0.0
 40
0.0
 40
2.150005813945647
 40
2.150005813945647
 40
2.150005813945647
 40
3.150005813945647
 40
3.150005813945647
 40
3.150005813945647
 40
4.150005813945647
 40
4.150005813945647
 40
4.150005813945647
 40
4.150005813945647
 10
33.9151736111111
 20
64.85579555555553
 30
0.0
 10
33.66234953703702
 20
64.85520759259258
 30
0.0
 10
33.40952546296295
 20
64.85461962962961
 30
0.0
 10
33.15670138888888
 20
64.85403166666664
 30
0.0
 10
32.90270138888889
 20
64.8533261111111
 30
0.0
 10
32.74007083333333
 20
64.89530666666666
 30
0.0
 10
32.62012638888888
 20
65.02548166666666
 30
0.0
 10
32.51394027777778
 20
65.14189833333333
 30
0.0
 10
32.47125416666666
 20
65.33239833333333
 30
0.0
 10
32.5167625
 20
65.47703722222221
 30
0.0
  0
SPLINE
  5
1C6
330
1F
100
AcDbEntity
  8
DEFAULT
 62
     5
100
AcDbSpline
210
0.0
220
0.0
230
1.0
 70
     8
 71
     3
 72
    23
 73
    19
 74
     0
 42
0.000000001
 43
0.0000000001
 40
0.0
 40
0.0
 40
0.0
 40
0.0
 40
1.0
 40
1.0
 40
1.0
 40
2.0
 40
2.0
 40
2.0
 40
3.0
 40
3.0
 40
3.0
 40
4.0
 40
4.0
 40
4.0
 40
5.0
 40
5.0
 40
5.0
 40
6.0
 40
6.0
 40
6.0
 40
6.0
 10
28.70171777777778
 20
63.55182305555554
 30
0.0
 10
28.70312888888889
 20
62.3015786111111
 30
0.0
 10
28.70312888888889
 20
62.3015786111111
 30
0.0
 10
34.50314833333334
 20
62.30828138888888
 30
0.0
 10
40.66688166666666
 20
62.31498416666665
 30
0.0
 10
36.43954555555555
 20
66.15355916666665
 30
0.0
 10
39.60643166666667
 20
64.33357861111111
 30
0.0
 10
42.05647333333334
 20
62.92528972222221
 30
0.0
 10
42.05717888888888
 20
62.37001749999999
 30
0.0
 10
42.05788444444444
 20
61.6729286111111
 30
0.0
 10
42.05859
 20
60.97548694444443
 30
0.0
 10
42.05929555555555
 20
60.42056749999999
 30
0.0
 10
39.61242888888889
 20
59.00663416666666
 30
0.0
 10
36.44977611111111
 20
57.17959805555555
 30
0.0
 10
40.66829277777778
 20
61.02734527777777
 30
0.0
 10
34.50455944444444
 20
61.02028972222222
 30
0.0
 10
28.70454
 20
61.01393972222222
 30
0.0
 10
28.70454
 20
61.01393972222222
 30
0.0
 10
28.70595111111111
 20
59.76334249999999
 30
0.0
  0
SPLINE
  5
1C7
330
1F
100
AcDbEntity
  8
DEFAULT
 62
     5
100
AcDbSpline
210
0.0
220
0.0
230
1.0
 70
     8
 71
     3
 72
    11
 73
     7
 74
     0
 42
0.000000001
 43
0.0000000001
 40
0.0
 40
0.0
 40
0.0
 40
0.0
 40
1.0
 40
1.0
 40
1.0
 40
2.0
 40
2.0
 40
2.0
 40
2.0
 10
28.64590833333333
 20
66.60867777777777
 30
0.0
 10
28.64449722222222
 20
67.89243611111111
 30
0.0
 10
28.38626388888888
 20
69.05977777777778
 30
0.0
 10
29.01703055555555
 20
69.38821388888888
 30
0.0
 10
29.64779722222222
 20
69.71629722222222
 30
0.0
 10
31.59089722222222
 20
68.830825
 30
0.0
 10
32.38852777777777
 20
70.07013333333333
 30
0.0
  0
SPLINE
  5
1C8
330
1F
100
AcDbEntity
  8
DEFAULT
 62
     5
100
AcDbSpline
210
0.0
220
0.0
230
1.0
 70
     8
 71
     3
 72
    29
 73
    25
 74
     0
 42
0.000000001
 43
0.0000000001
 40
0.0
 40
0.0
 40
0.0
 40
0.0
 40
1.0
 40
1.0
 40
1.0
 40
2.0
 40
2.0
 40
2.0
 40
3.0
 40
3.0
 40
3.0
 40
4.0
 40
4.0
 40
4.0
 40
5.0
 40
5.0
 40
5.0
 40
6.0
 40
6.0
 40
6.0
 40
7.0
 40
7.0
 40
7.0
 40
8.0
 40
8.0
 40
8.0
 40
8.0
 10
33.75790527777777
 20
72.62569083333332
 30
0.0
 10
34.57317472222222
 20
74.08407416666665
 30
0.0
 10
34.81059416666666
 20
75.18544638888888
 30
0.0
 10
35.55036916666666
 20
75.18615194444445
 30
0.0
 10
36.50181083333333
 20
75.18721027777777
 30
0.0
 10
37.25075805555555
 20
73.46459638888889
 30
0.0
 10
40.7044525
 20
70.50126305555555
 30
0.0
 10
42.10462749999999
 20
69.29970194444444
 30
0.0
 10
44.83124694444444
 20
67.45537972222222
 30
0.0
 10
46.09771916666666
 20
67.45679083333333
 30
0.0
 10
47.23824972222222
 20
67.45820194444444
 30
0.0
 10
45.37981638888888
 20
65.29779083333332
 30
0.0
 10
45.38404972222222
 20
61.67793805555555
 30
0.0
 10
45.38793027777778
 20
58.05879083333333
 30
0.0
 10
47.25130249999999
 20
55.90226027777777
 30
0.0
 10
46.11112472222221
 20
55.90120194444444
 30
0.0
 10
44.84429972222222
 20
55.89943805555556
 30
0.0
 10
42.1219136111111
 20
54.04911861111111
 30
0.0
 10
40.72456083333333
 20
52.84438249999999
 30
0.0
 10
37.27792194444444
 20
49.87293527777777
 30
0.0
 10
36.53250249999999
 20
48.14891027777777
 30
0.0
 10
35.58106083333333
 20
48.14785194444444
 30
0.0
 10
34.84128583333333
 20
48.14679361111111
 30
0.0
 10
34.60139694444445
 20
49.24746027777777
 30
0.0
 10
33.78295249999999
 20
50.70407972222221
 30
0.0
  0
SPLINE
  5
1C9
330
1F
100
AcDbEntity
  8
DEFAULT
 62
     5
100
AcDbSpline
210
0.0
220
0.0
230
1.0
 70
     8
 71
     3
 72
    11
 73
     7
 74
     0
 42
0.000000001
 43
0.0000000001
 40
0.0
 40
0.0
 40
0.0
 40
0.0
 40
1.0
 40
1.0
 40
1.0
 40
2.0
 40
2.0
 40
2.0
 40
2.0
 10
32.40761305555555
 20
53.25649749999999
 30
0.0
 10
31.60716027777777
 20
54.49439472222221
 30
0.0
 10
29.66617694444444
 20
53.60433638888888
 30
0.0
 10
29.03470472222222
 20
53.93100861111111
 30
0.0
 10
28.40323249999999
 20
54.25803361111111
 30
0.0
 10
28.65864361111111
 20
55.42572805555555
 30
0.0
 10
28.6572325
 20
56.70948638888889
 30
0.0
  0
SPLINE
  5
1CA
330
1F
100
AcDbEntity
  8
DEFAULT
 62
     1
100
AcDbSpline
210
0.0
220
0.0
230
1.0
 70
    11
 71
     3
 72
   107
 73
   103
 74
     0
 42
0.000000001
 43
0.0000000001
 40
1.0
 40
1.0
 40
1.0
 40
1.0
 40
2.0
 40
2.0
 40
2.0
 40
3.0
 40
3.0
 40
3.0
 40
4.0
 40
4.0
 40
4.0
 40
5.0
 40
5.0
 40
5.0
 40
6.0
 40
6.0
 40
6.0
 40
7.0
 40
7.0
 40
7.0
 40
8.0
 40
8.0
 40
8.0
 40
17.9142461135479
 40
17.9142461135479
 40
17.9142461135479
 40
26.41107022612078
 40
26.41107022612078
 40
26.41107022612078
 40
36.32619629692795
 40
36.32619629692795
 40
36.32619629692795
 40
37.32619629692795
 40
37.32619629692795
 40
37.32619629692795
 40
38.32619629692795
 40
38.32619629692795
 40
38.32619629692795
 40
39.32619629692795
 40
39.32619629692795
 40
39.32619629692795
 40
40.32619629692795
 40
40.32619629692795
 40
40.32619629692795
 40
41.33619629692794
 40
41.33619629692794
 40
41.33619629692794
 40
50.11620199168691
 40
50.11620199168691
 40
50.11620199168691
 40
51.11620199168691
 40
51.11620199168691
 40
51.11620199168691
 40
52.11620199168691
 40
52.11620199168691
 40
52.11620199168691
 40
60.91620767996723
 40
60.91620767996723
 40
60.91620767996723
 40
61.91620767996723
 40
61.91620767996723
 40
61.91620767996723
 40
62.91620767996723
 40
62.91620767996723
 40
62.91620767996723
 40
63.91620767996723
 40
63.91620767996723
 40
63.91620767996723
 40
64.91620767996723
 40
64.91620767996723
 40
64.91620767996723
 40
65.91620767996723
 40
65.91620767996723
 40
65.91620767996723
 40
75.8315390410464
 40
75.8315390410464
 40
75.8315390410464
 40
84.32869791916559
 40
84.32869791916559
 40
84.32869791916559
 40
94.24402928024475
 40
94.24402928024475
 40
94.24402928024475
 40
95.24402928024475
 40
95.24402928024475
 40
95.24402928024475
 40
96.24402928024475
 40
96.24402928024475
 40
96.24402928024475
 40
97.24402928024475
 40
97.24402928024475
 40
97.24402928024475
 40
98.24402928024475
 40
98.24402928024475
 40
98.24402928024475
 40
99.24402928024475
 40
99.24402928024475
 40
99.24402928024475
 40
100.2440292802447
 40
100.2440292802447
 40
100.2440292802447
 40
101.2440292802447
 40
101.2440292802447
 40
101.2440292802447
 40
101.2440292802447
 10
47.38412333333333
 20
61.68044277777777
 30
0.0
 10
47.38624
 20
59.63080388888888
 30
0.0
 10
48.29429
 20
58.56647333333333
 30
0.0
 10
48.29605388888889
 20
57.07069555555555
 30
0.0
 10
48.29852333333334
 20
54.89405666666666
 30
0.0
 10
48.79523444444445
 20
55.57879833333332
 30
0.0
 10
46.30532888888889
 20
54.79316222222221
 30
0.0
 10
43.81224833333334
 20
54.00682055555554
 30
0.0
 10
38.74106777777778
 20
49.26689833333333
 30
0.0
 10
37.63158166666667
 20
47.57603444444444
 30
0.0
 10
35.81442333333334
 20
44.80425944444444
 30
0.0
 10
34.85698444444445
 20
46.04180388888889
 30
0.0
 10
33.96375111111112
 20
46.94032888888888
 30
0.0
 10
33.228915
 20
47.67304833333332
 30
0.0
 10
32.86414277777778
 20
48.92152888888888
 30
0.0
 10
32.26689
 20
49.83098999999999
 30
0.0
 10
33.03559277777778
 20
50.24479833333333
 30
0.0
 10
32.92623166666667
 20
50.24091777777777
 30
0.0
 10
33.78277611111111
 20
50.70411499999999
 30
0.0
 10
34.63614555555556
 20
51.16343166666665
 30
0.0
 10
34.57617333333334
 20
51.07523722222221
 30
0.0
 10
35.3484038888889
 20
51.49257333333333
 30
0.0
 10
36.37428166666667
 20
52.04643444444444
 30
0.0
 10
37.40015944444445
 20
52.60029555555555
 30
0.0
 10
38.42603722222222
 20
53.15415666666666
 30
0.0
 10
37.95119833333333
 20
54.03327888888888
 30
0.0
 10
37.47635944444445
 20
54.9124011111111
 30
0.0
 10
37.00152055555556
 20
55.79152333333332
 30
0.0
 10
35.97552518518518
 20
55.23766222222221
 30
0.0
 10
34.94952981481481
 20
54.68380111111111
 30
0.0
 10
33.92353444444444
 20
54.12994
 30
0.0
 10
33.15130388888889
 20
53.71613166666666
 30
0.0
 10
33.260665
 20
53.72001222222222
 30
0.0
 10
32.40764833333333
 20
53.25646222222222
 30
0.0
 10
31.55110388888889
 20
52.79714555555555
 30
0.0
 10
31.61425111111111
 20
52.88533999999999
 30
0.0
 10
30.84237333333333
 20
52.47153166666666
 30
0.0
 10
30.39328722222223
 20
53.30761499999999
 30
0.0
 10
26.91913166666667
 20
49.52513166666665
 30
0.0
 10
26.91101777777778
 20
56.65829833333333
 30
0.0
 10
27.78237888888889
 20
56.65935666666666
 30
0.0
 10
27.68360111111112
 20
56.70839277777777
 30
0.0
 10
28.65726777777778
 20
56.7094511111111
 30
0.0
 10
29.62740666666667
 20
56.71086222222222
 30
0.0
 10
29.53215666666667
 20
56.66112055555554
 30
0.0
 10
30.41057333333334
 20
56.66217888888888
 30
0.0
 10
30.40939740740741
 20
57.69464185185185
 30
0.0
 10
30.40822148148149
 20
58.7271048148148
 30
0.0
 10
30.40704555555556
 20
59.75956777777778
 30
0.0
 10
26.90749
 20
59.75568722222222
 30
0.0
 10
26.90784277777778
 20
59.65690944444444
 30
0.0
 10
26.90537333333334
 20
61.65715944444443
 30
0.0
 10
26.90290388888889
 20
63.65740944444444
 30
0.0
 10
26.90325666666667
 20
63.55475111111109
 30
0.0
 10
30.40281222222223
 20
63.55898444444443
 30
0.0
 10
30.4016362962963
 20
64.59262333333332
 30
0.0
 10
30.40046037037037
 20
65.62626222222222
 30
0.0
 10
30.39575666666667
 20
66.65990111111111
 30
0.0
 10
29.52086777777778
 20
66.65884277777776
 30
0.0
 10
29.61611777777778
 20
66.60980666666666
 30
0.0
 10
28.64597888888889
 20
66.60874833333332
 30
0.0
 10
27.67231222222222
 20
66.60768999999999
 30
0.0
 10
27.77109
 20
66.6567261111111
 30
0.0
 10
26.89972888888889
 20
66.65602055555554
 30
0.0
 10
26.891615
 20
73.78918722222221
 30
0.0
 10
30.37423722222222
 20
70.01481777777776
 30
0.0
 10
30.82120666666667
 20
70.85160666666667
 30
0.0
 10
31.59449555555555
 20
70.43956222222222
 30
0.0
 10
31.53099555555556
 20
70.52775666666666
 30
0.0
 10
32.38859833333333
 20
70.07020388888888
 30
0.0
 10
33.24267333333334
 20
69.60912333333332
 30
0.0
 10
33.133665
 20
69.61229833333333
 30
0.0
 10
33.90624833333334
 20
69.20025388888888
 30
0.0
 10
34.93353722222222
 20
68.64874462962962
 30
0.0
 10
35.96082611111111
 20
68.09723537037037
 30
0.0
 10
36.988115
 20
67.54572611111111
 30
0.0
 10
37.46107240740741
 20
68.42590666666666
 30
0.0
 10
37.93402981481481
 20
69.30608722222222
 30
0.0
 10
38.40698722222222
 20
70.18626777777776
 30
0.0
 10
37.37969833333333
 20
70.73777703703702
 30
0.0
 10
36.35240944444444
 20
71.28928629629628
 30
0.0
 10
35.32512055555556
 20
71.84079555555554
 30
0.0
 10
34.55218444444445
 20
72.25636777777777
 30
0.0
 10
34.61215666666666
 20
72.16817333333331
 30
0.0
 10
33.75808166666667
 20
72.6257261111111
 30
0.0
 10
32.90012611111111
 20
73.08680666666666
 30
0.0
 10
33.00948722222223
 20
73.08363166666666
 30
0.0
 10
32.24007888888889
 20
73.49532333333332
 30
0.0
 10
32.83521500000001
 20
74.40266777777776
 30
0.0
 10
33.197165
 20
75.65185388888888
 30
0.0
 10
33.92988444444445
 20
76.39021777777776
 30
0.0
 10
34.82170666666667
 20
77.28697888888888
 30
0.0
 10
35.77632333333334
 20
78.52628722222221
 30
0.0
 10
37.59983166666667
 20
75.75909833333333
 30
0.0
 10
38.71284555555556
 20
74.07070388888889
 30
0.0
 10
43.79460944444445
 20
69.34595111111109
 30
0.0
 10
46.28980666666666
 20
68.56560666666665
 30
0.0
 10
48.78112333333333
 20
67.78173444444444
 30
0.0
 10
48.28300111111111
 20
68.46894555555555
 30
0.0
 10
48.28547055555556
 20
66.28877888888887
 30
0.0
 10
48.28723444444444
 20
64.79300111111111
 30
0.0
 10
47.38165388888888
 20
63.73008166666666
 30
0.0
 10
47.38412333333333
 20
61.68044277777777
 30
0.0
  0
POLYLINE
  5
1CB
330
1F
100
AcDbEntity
  8
DEFAULT
 62
     7
100
AcDb2dPolyline
 66
     1
 10
0.0
 20
0.0
 30
0.0
  0
VERTEX
  5
1CC
330
1CB
100
AcDbEntity
  8
DEFAULT
 62
     7
100
AcDbVertex
100
AcDb2dVertex
 10
140.2175602777778
 20
95.24255638888886
 30
0.0
  0
VERTEX
  5
1CD
330
1CB
100
AcDbEntity
  8
DEFAULT
 62
     7
100
AcDbVertex
100
AcDb2dVertex
 10
139.1362963888889
 20
96.32135083333331
 30
0.0
  0
SEQEND
  5
1CE
330
1CB
100
AcDbEntity
  8
DEFAULT
 62
     7
  0
POLYLINE
  5
1CF
330
1F
100
AcDbEntity
  8
DEFAULT
 62
     7
100
AcDb2dPolyline
 66
     1
 10
0.0
 20
0.0
 30
0.0
  0
VERTEX
  5
1D0
330
1CF
100
AcDbEntity
  8
DEFAULT
 62
     7
100
AcDbVertex
100
AcDb2dVertex
 10
138.1015991666667
 20
94.20284972222224
 30
0.0
  0
VERTEX
  5
1D1
330
1CF
100
AcDbEntity
  8
DEFAULT
 62
     7
100
AcDbVertex
100
AcDb2dVertex
 10
137.8377213888889
 20
93.9382663888889
 30
0.0
  0
SEQEND
  5
1D2
330
1CF
100
AcDbEntity
  8
DEFAULT
 62
     7
  0
POLYLINE
  5
1D3
330
1F
100
AcDbEntity
  8
DEFAULT
 62
     7
100
AcDb2dPolyline
 66
     1
 10
0.0
 20
0.0
 30
0.0
  0
VERTEX
  5
1D4
330
1D3
100
AcDbEntity
  8
DEFAULT
 62
     7
100
AcDbVertex
100
AcDb2dVertex
 10
138.9707730555555
 20
95.07392861111109
 30
0.0
  0
VERTEX
  5
1D5
330
1D3
100
AcDbEntity
  8
DEFAULT
 62
     7
100
AcDbVertex
100
AcDb2dVertex
 10
138.2451091666667
 20
94.34650083333332
 30
0.0
  0
SEQEND
  5
1D6
330
1D3
100
AcDbEntity
  8
DEFAULT
 62
     7
  0
SPLINE
  5
1D7
330
1F
100
AcDbEntity
  8
DEFAULT
 62
     1
100
AcDbSpline
210
0.0
220
0.0
230
1.0
 70
    11
 71
     3
 72
    53
 73
    49
 74
     0
 42
0.000000001
 43
0.0000000001
 40
1.0
 40
1.0
 40
1.0
 40
1.0
 40
2.0
 40
2.0
 40
2.0
 40
3.0
 40
3.0
 40
3.0
 40
4.0
 40
4.0
 40
4.0
 40
5.0
 40
5.0
 40
5.0
 40
6.0
 40
6.0
 40
6.0
 40
7.0
 40
7.0
 40
7.0
 40
8.0
 40
8.0
 40
8.0
 40
9.0
 40
9.0
 40
9.0
 40
10.0
 40
10.0
 40
10.0
 40
11.0
 40
11.0
 40
11.0
 40
20.92000408266045
 40
20.92000408266045
 40
20.92000408266045
 40
29.41660493241204
 40
29.41660493241204
 40
29.41660493241204
 40
39.34650749990988
 40
39.34650749990988
 40
39.34650749990988
 40
40.34650749990988
 40
40.34650749990988
 40
40.34650749990988
 40
41.34650749990988
 40
41.34650749990988
 40
41.34650749990988
 40
42.34650749990988
 40
42.34650749990988
 40
42.34650749990988
 40
42.34650749990988
 10
140.0944055555555
 20
102.5742663888889
 30
0.0
 10
132.2666194444444
 20
94.7288413888889
 30
0.0
 10
121.2232638888889
 20
97.57540527777778
 30
0.0
 10
111.7515333333333
 20
99.95383305555555
 30
0.0
 10
107.6402611111111
 20
100.9864136111111
 30
0.0
 10
93.98246944444443
 20
112.9579275
 30
0.0
 10
90.31499166666664
 20
111.2575386111111
 30
0.0
 10
86.64963055555555
 20
109.5599719444444
 30
0.0
 10
78.31313888888889
 20
106.4019052777778
 30
0.0
 10
84.21581666666667
 20
106.7899608333333
 30
0.0
 10
92.56289166666666
 20
107.3385302777778
 30
0.0
 10
103.787575
 20
102.3114469444444
 30
0.0
 10
108.9963388888889
 20
96.83986361111111
 30
0.0
 10
115.9453555555555
 20
89.54053861111112
 30
0.0
 10
114.5550583333333
 20
96.60738305555556
 30
0.0
 10
125.5324444444444
 20
93.13463861111111
 30
0.0
 10
130.1485416666667
 20
91.6744913888889
 30
0.0
 10
138.6081527777777
 20
88.34321083333333
 30
0.0
 10
141.5178638888889
 20
91.25927194444444
 30
0.0
 10
142.8637111111111
 20
92.37828305555556
 30
0.0
 10
146.4631027777777
 20
96.21262472222222
 30
0.0
 10
146.4631027777777
 20
96.21262472222222
 30
0.0
 10
147.634325
 20
97.38702194444444
 30
0.0
 10
147.6336194444444
 20
99.28531916666667
 30
0.0
 10
146.4592222222222
 20
100.4565413888889
 30
0.0
 10
145.843625
 20
99.83812194444445
 30
0.0
 10
145.87855
 20
99.9432497222222
 30
0.0
 10
145.1885166666667
 20
99.25215805555557
 30
0.0
 10
144.5044805555555
 20
98.5656525
 30
0.0
 10
144.6050222222222
 20
98.60022472222222
 30
0.0
 10
143.9866027777778
 20
97.97968861111111
 30
0.0
 10
143.1623962962963
 20
97.15418861111111
 30
0.0
 10
142.3381898148148
 20
96.3286886111111
 30
0.0
 10
141.5139833333333
 20
95.50318861111111
 30
0.0
 10
140.8066638888889
 20
96.20886175925926
 30
0.0
 10
140.0993444444445
 20
96.91453490740741
 30
0.0
 10
139.392025
 20
97.62020805555555
 30
0.0
 10
140.2171722222222
 20
98.44641361111111
 30
0.0
 10
141.0423194444444
 20
99.27261916666667
 30
0.0
 10
141.8674666666666
 20
100.0988247222222
 30
0.0
 10
142.4830638888889
 20
100.7168913888889
 30
0.0
 10
142.4509611111111
 20
100.6138802777778
 30
0.0
 10
143.1378194444444
 20
101.3028552777778
 30
0.0
 10
143.8250305555555
 20
101.9914775
 30
0.0
 10
143.7177861111111
 20
101.9607858333333
 30
0.0
 10
144.3351472222222
 20
102.5763830555555
 30
0.0
 10
143.16075
 20
103.7472525
 30
0.0
 10
141.2564555555555
 20
103.7553663888889
 30
0.0
 10
140.0944055555555
 20
102.5742663888889
 30
0.0
  0
POLYLINE
  5
1D8
330
1F
100
AcDbEntity
  8
DEFAULT
 62
     7
100
AcDb2dPolyline
 66
     1
 10
0.0
 20
0.0
 30
0.0
  0
VERTEX
  5
1D9
330
1D8
100
AcDbEntity
  8
DEFAULT
 62
     7
100
AcDbVertex
100
AcDb2dVertex
 10
139.2131313888889
 20
27.24329916666665
 30
0.0
  0
VERTEX
  5
1DA
330
1D8
100
AcDbEntity
  8
DEFAULT
 62
     7
100
AcDbVertex
100
AcDb2dVertex
 10
140.2919258333333
 20
28.32456305555554
 30
0.0
  0
SEQEND
  5
1DB
330
1D8
100
AcDbEntity
  8
DEFAULT
 62
     7
  0
POLYLINE
  5
1DC
330
1F
100
AcDbEntity
  8
DEFAULT
 62
     7
100
AcDb2dPolyline
 66
     1
 10
0.0
 20
0.0
 30
0.0
  0
VERTEX
  5
1DD
330
1DC
100
AcDbEntity
  8
DEFAULT
 62
     7
100
AcDbVertex
100
AcDb2dVertex
 10
138.1734247222222
 20
29.35926027777777
 30
0.0
  0
VERTEX
  5
1DE
330
1DC
100
AcDbEntity
  8
DEFAULT
 62
     7
100
AcDbVertex
100
AcDb2dVertex
 10
137.9088413888889
 20
29.62313805555555
 30
0.0
  0
SEQEND
  5
1DF
330
1DC
100
AcDbEntity
  8
DEFAULT
 62
     7
  0
POLYLINE
  5
1E0
330
1F
100
AcDbEntity
  8
DEFAULT
 62
     7
100
AcDb2dPolyline
 66
     1
 10
0.0
 20
0.0
 30
0.0
  0
VERTEX
  5
1E1
330
1E0
100
AcDbEntity
  8
DEFAULT
 62
     7
100
AcDbVertex
100
AcDb2dVertex
 10
139.0445036111111
 20
28.49005111111111
 30
0.0
  0
VERTEX
  5
1E2
330
1E0
100
AcDbEntity
  8
DEFAULT
 62
     7
100
AcDbVertex
100
AcDb2dVertex
 10
138.3170758333333
 20
29.21606777777778
 30
0.0
  0
SEQEND
  5
1E3
330
1E0
100
AcDbEntity
  8
DEFAULT
 62
     7
  0
SPLINE
  5
1E4
330
1F
100
AcDbEntity
  8
DEFAULT
 62
     1
100
AcDbSpline
210
0.0
220
0.0
230
1.0
 70
    11
 71
     3
 72
    53
 73
    49
 74
     0
 42
0.000000001
 43
0.0000000001
 40
1.0
 40
1.0
 40
1.0
 40
1.0
 40
2.0
 40
2.0
 40
2.0
 40
3.0
 40
3.0
 40
3.0
 40
4.0
 40
4.0
 40
4.0
 40
5.0
 40
5.0
 40
5.0
 40
6.0
 40
6.0
 40
6.0
 40
7.0
 40
7.0
 40
7.0
 40
8.0
 40
8.0
 40
8.0
 40
9.0
 40
9.0
 40
9.0
 40
10.0
 40
10.0
 40
10.0
 40
11.0
 40
11.0
 40
11.0
 40
20.91930400784249
 40
20.91930400784249
 40
20.91930400784249
 40
29.4159048575941
 40
29.4159048575941
 40
29.4159048575941
 40
39.34581870414888
 40
39.34581870414888
 40
39.34581870414888
 40
40.34581870414888
 40
40.34581870414888
 40
40.34581870414888
 40
41.34581870414888
 40
41.34581870414888
 40
41.34581870414888
 40
42.34581870414888
 40
42.34581870414888
 40
42.34581870414888
 40
42.34581870414888
 10
140.1870802777778
 20
20.99422888888889
 30
0.0
 10
132.3413025
 20
28.822015
 30
0.0
 10
121.3050025
 20
25.95040388888889
 30
0.0
 10
111.8382108333333
 20
23.55010388888889
 30
0.0
 10
107.7297608333333
 20
22.50870388888889
 30
0.0
 10
94.09878027777776
 20
10.50614555555556
 30
0.0
 10
90.42777472222221
 20
12.197715
 30
0.0
 10
86.75853305555555
 20
13.88716777777778
 30
0.0
 10
78.41498583333332
 20
17.02653722222222
 30
0.0
 10
84.31836916666666
 20
16.65153444444444
 30
0.0
 10
92.66650249999998
 20
16.12166222222222
 30
0.0
 10
103.8798969444444
 20
21.17485111111111
 30
0.0
 10
109.0763136111111
 20
26.65807611111111
 30
0.0
 10
116.0083969444444
 20
33.9732761111111
 30
0.0
 10
114.6343275
 20
26.90325666666666
 30
0.0
 10
125.6039525
 20
30.40069555555555
 30
0.0
 10
130.2165219444444
 20
31.87177888888889
 30
0.0
 10
138.6687247222222
 20
35.22210944444444
 30
0.0
 10
141.5847858333333
 20
32.31239833333333
 30
0.0
 10
142.9334552777778
 20
31.19691499999999
 30
0.0
 10
146.5413136111111
 20
27.37033444444444
 30
0.0
 10
146.5413136111111
 20
27.37033444444444
 30
0.0
 10
147.7150052777777
 20
26.19875944444444
 30
0.0
 10
147.7188858333333
 20
24.30046222222222
 30
0.0
 10
146.5469580555555
 20
23.12677055555556
 30
0.0
 10
145.9303025
 20
23.74377888888889
 30
0.0
 10
145.9652275
 20
23.63865111111111
 30
0.0
 10
145.2737830555555
 20
24.32797888888889
 30
0.0
 10
144.5883358333333
 20
25.01342611111111
 30
0.0
 10
144.6885247222222
 20
24.97885388888889
 30
0.0
 10
144.0686941666666
 20
25.59797888888889
 30
0.0
 10
143.2427237962962
 20
26.4215974074074
 30
0.0
 10
142.4167534259259
 20
27.24521592592592
 30
0.0
 10
141.5907830555555
 20
28.06883444444444
 30
0.0
 10
140.8851099074074
 20
27.361515
 30
0.0
 10
140.1794367592592
 20
26.65419555555556
 30
0.0
 10
139.4737636111111
 20
25.94687611111111
 30
0.0
 10
140.3007923148148
 20
25.12255203703704
 30
0.0
 10
141.1278210185185
 20
24.29822796296297
 30
0.0
 10
141.9548497222222
 20
23.47390388888889
 30
0.0
 10
142.5715052777778
 20
22.85689555555555
 30
0.0
 10
142.5394025
 20
22.95990666666667
 30
0.0
 10
143.2280247222222
 20
22.27304833333333
 30
0.0
 10
143.9166469444444
 20
21.58583722222222
 30
0.0
 10
143.8090497222222
 20
21.61617611111111
 30
0.0
 10
144.4278219444444
 20
21.00199
 30
0.0
 10
143.2562469444444
 20
19.82829833333333
 30
0.0
 10
141.3519525
 20
19.81595111111111
 30
0.0
 10
140.1870802777778
 20
20.99422888888889
 30
0.0
  0
POLYLINE
  5
1E5
330
1F
100
AcDbEntity
  8
DEFAULT
 62
     7
100
AcDb2dPolyline
 66
     1
 10
0.0
 20
0.0
 30
0.0
  0
VERTEX
  5
1E6
330
1E5
100
AcDbEntity
  8
DEFAULT
 62
     7
100
AcDbVertex
100
AcDb2dVertex
 10
125.2387922222223
 20
104.5558544444445
 30
0.0
  0
VERTEX
  5
1E7
330
1E5
100
AcDbEntity
  8
DEFAULT
 62
     7
100
AcDbVertex
100
AcDb2dVertex
 10
127.1296811111112
 20
104.5579711111111
 30
0.0
  0
SEQEND
  5
1E8
330
1E5
100
AcDbEntity
  8
DEFAULT
 62
     7
  0
SPLINE
  5
1E9
330
1F
100
AcDbEntity
  8
DEFAULT
 62
     7
100
AcDbSpline
210
0.0
220
0.0
230
1.0
 70
    11
 71
     3
 72
    17
 73
    13
 74
     0
 42
0.000000001
 43
0.0000000001
 40
0.0
 40
0.0
 40
0.0
 40
0.0
 40
1.0
 40
1.0
 40
1.0
 40
2.0
 40
2.0
 40
2.0
 40
3.0
 40
3.0
 40
3.0
 40
4.0
 40
4.0
 40
4.0
 40
4.0
 10
125.8274019444444
 20
105.5737241666667
 30
0.0
 10
126.2122825
 20
105.5740769444444
 30
0.0
 10
126.3802047222222
 20
105.3077297222222
 30
0.0
 10
126.3805575
 20
105.0561991666667
 30
0.0
 10
126.3809102777778
 20
104.7743297222222
 30
0.0
 10
126.1745352777778
 20
104.5570186111111
 30
0.0
 10
125.8457463888889
 20
104.5566658333333
 30
0.0
 10
125.4975547222222
 20
104.5563130555555
 30
0.0
 10
125.2929436111111
 20
104.7838547222222
 30
0.0
 10
125.2925908333333
 20
105.0720741666666
 30
0.0
 10
125.2922380555556
 20
105.3708769444444
 30
0.0
 10
125.5091963888889
 20
105.5733713888889
 30
0.0
 10
125.8274019444444
 20
105.5737241666667
 30
0.0
  0
POLYLINE
  5
1EA
330
1F
100
AcDbEntity
  8
DEFAULT
 62
     7
100
AcDb2dPolyline
 66
     1
 10
0.0
 20
0.0
 30
0.0
  0
VERTEX
  5
1EB
330
1EA
100
AcDbEntity
  8
DEFAULT
 62
     7
100
AcDbVertex
100
AcDb2dVertex
 10
127.7561438888889
 20
104.3036888888889
 30
0.0
  0
VERTEX
  5
1EC
330
1EA
100
AcDbEntity
  8
DEFAULT
 62
     7
100
AcDbVertex
100
AcDb2dVertex
 10
127.75438
 20
105.8312166666667
 30
0.0
  0
SEQEND
  5
1ED
330
1EA
100
AcDbEntity
  8
DEFAULT
 62
     7
  0
POLYLINE
  5
1EE
330
1F
100
AcDbEntity
  8
DEFAULT
 62
     7
100
AcDb2dPolyline
 66
     1
 10
0.0
 20
0.0
 30
0.0
  0
VERTEX
  5
1EF
330
1EE
100
AcDbEntity
  8
DEFAULT
 62
     7
100
AcDbVertex
100
AcDb2dVertex
 10
121.3313902777778
 20
107.4749141666667
 30
0.0
  0
VERTEX
  5
1F0
330
1EE
100
AcDbEntity
  8
DEFAULT
 62
     7
100
AcDbVertex
100
AcDb2dVertex
 10
119.8959375
 20
106.9538613888889
 30
0.0
  0
SEQEND
  5
1F1
330
1EE
100
AcDbEntity
  8
DEFAULT
 62
     7
  0
SPLINE
  5
1F2
330
1F
100
AcDbEntity
  8
DEFAULT
 62
     7
100
AcDbSpline
210
0.0
220
0.0
230
1.0
 70
    11
 71
     3
 72
    17
 73
    13
 74
     0
 42
0.000000001
 43
0.0000000001
 40
0.0
 40
0.0
 40
0.0
 40
0.0
 40
1.0
 40
1.0
 40
1.0
 40
2.0
 40
2.0
 40
2.0
 40
3.0
 40
3.0
 40
3.0
 40
4.0
 40
4.0
 40
4.0
 40
4.0
 10
120.5510458333333
 20
105.3081177777778
 30
0.0
 10
120.3679541666666
 20
105.81259
 30
0.0
 10
120.6378291666666
 20
106.1593705555555
 30
0.0
 10
120.9673236111111
 20
106.2789622222222
 30
0.0
 10
121.3366819444444
 20
106.4130177777778
 30
0.0
 10
121.7197986111111
 20
106.2458011111111
 30
0.0
 10
121.8760791666666
 20
105.8147066666666
 30
0.0
 10
122.0418847222222
 20
105.3582122222222
 30
0.0
 10
121.8404486111111
 20
104.9821511111111
 30
0.0
 10
121.4626236111111
 20
104.8449205555555
 30
0.0
 10
121.0710402777778
 20
104.7027511111111
 30
0.0
 10
120.7023875
 20
104.8911344444444
 30
0.0
 10
120.5510458333333
 20
105.3081177777778
 30
0.0
  0
SPLINE
  5
1F3
330
1F
100
AcDbEntity
  8
DEFAULT
 62
     1
100
AcDbSpline
210
0.0
220
0.0
230
1.0
 70
    11
 71
     3
 72
    68
 73
    64
 74
     0
 42
0.000000001
 43
0.0000000001
 40
1.0
 40
1.0
 40
1.0
 40
1.0
 40
2.0
 40
2.0
 40
2.0
 40
3.0
 40
3.0
 40
3.0
 40
4.0
 40
4.0
 40
4.0
 40
5.0
 40
5.0
 40
5.0
 40
6.0
 40
6.0
 40
6.0
 40
7.0
 40
7.0
 40
7.0
 40
8.0
 40
8.0
 40
8.0
 40
9.0
 40
9.0
 40
9.0
 40
13.24513474462236
 40
13.24513474462236
 40
13.24513474462236
 40
21.74103946395625
 40
21.74103946395625
 40
21.74103946395625
 40
25.99522798822265
 40
25.99522798822265
 40
25.99522798822265
 40
26.99522798822265
 40
26.99522798822265
 40
26.99522798822265
 40
27.99522798822265
 40
27.99522798822265
 40
27.99522798822265
 40
28.99522798822265
 40
28.99522798822265
 40
28.99522798822265
 40
29.99522798822265
 40
29.99522798822265
 40
29.99522798822265
 40
30.99522798822265
 40
30.99522798822265
 40
30.99522798822265
 40
31.99522798822265
 40
31.99522798822265
 40
31.99522798822265
 40
36.24522987057517
 40
36.24522987057517
 40
36.24522987057517
 40
44.74523463527972
 40
44.74523463527972
 40
44.74523463527972
 40
49.00523651321357
 40
49.00523651321357
 40
49.00523651321357
 40
50.00523651321357
 40
50.00523651321357
 40
50.00523651321357
 40
50.00523651321357
 10
132.1058938888889
 20
103.62311
 30
0.0
 10
133.0795605555556
 20
103.6241683333333
 30
0.0
 10
132.9807827777778
 20
103.5747794444444
 30
0.0
 10
133.8556716666667
 20
103.5758377777778
 30
0.0
 10
133.8613161111111
 20
98.774885
 30
0.0
 10
127.9903883333333
 20
99.93023222222222
 30
0.0
 10
125.8638438888889
 20
99.5079572222222
 30
0.0
 10
123.7337716666667
 20
99.08956277777777
 30
0.0
 10
124.3617161111111
 20
101.1854155555555
 30
0.0
 10
123.06173
 20
100.5842822222222
 30
0.0
 10
121.7208216666667
 20
99.96409888888888
 30
0.0
 10
119.2146883333333
 20
97.97654888888887
 30
0.0
 10
120.1223855555556
 20
100.2942988888889
 30
0.0
 10
120.5774688888889
 20
101.4570544444444
 30
0.0
 10
117.2916966666667
 20
102.4053211111111
 30
0.0
 10
116.6256522222222
 20
104.81056
 30
0.0
 10
115.95608
 20
107.2154461111111
 30
0.0
 10
113.9618272222222
 20
111.2808572222222
 30
0.0
 10
117.121305
 20
112.4344405555555
 30
0.0
 10
117.4186966666667
 20
111.6128211111111
 30
0.0
 10
117.4328077777778
 20
111.7221822222222
 30
0.0
 10
117.7654772222222
 20
110.8053127777778
 30
0.0
 10
118.0977938888889
 20
109.8954988888889
 30
0.0
 10
118.016655
 20
109.9660544444444
 30
0.0
 10
118.3175744444444
 20
109.144435
 30
0.0
 10
118.4886716666667
 20
108.6754757407407
 30
0.0
 10
118.6597688888889
 20
108.2065164814815
 30
0.0
 10
118.8308661111111
 20
107.7375572222222
 30
0.0
 10
119.7699605555556
 20
108.0784581481482
 30
0.0
 10
120.709055
 20
108.4193590740741
 30
0.0
 10
121.6481494444444
 20
108.76026
 30
0.0
 10
121.4771698148148
 20
109.2303951851852
 30
0.0
 10
121.3061901851852
 20
109.7005303703704
 30
0.0
 10
121.1352105555555
 20
110.1706655555555
 30
0.0
 10
120.8342911111111
 20
110.992285
 30
0.0
 10
120.8240605555555
 20
110.8864516666667
 30
0.0
 10
120.4913911111111
 20
111.7962655555556
 30
0.0
 10
120.1583688888889
 20
112.713135
 30
0.0
 10
120.2363327777778
 20
112.6355238888889
 30
0.0
 10
119.9389411111111
 20
113.4571433333333
 30
0.0
 10
122.633105
 20
114.4375127777778
 30
0.0
 10
127.8556272222222
 20
114.2896988888889
 30
0.0
 10
128.4726355555556
 20
111.4681822222222
 30
0.0
 10
128.9301883333333
 20
109.373035
 30
0.0
 10
133.8464994444444
 20
111.8068488888889
 30
0.0
 10
133.8524966666667
 20
106.5744488888889
 30
0.0
 10
132.9776077777778
 20
106.5733905555555
 30
0.0
 10
133.0760327777778
 20
106.5240016666667
 30
0.0
 10
132.1027188888889
 20
106.5229433333333
 30
0.0
 10
131.13258
 20
106.521885
 30
0.0
 10
131.22783
 20
106.5712738888889
 30
0.0
 10
130.3529411111111
 20
106.5702155555555
 30
0.0
 10
129.8531725925926
 20
106.5697451851852
 30
0.0
 10
129.3534040740741
 20
106.5692748148148
 30
0.0
 10
128.8536355555555
 20
106.5688044444444
 30
0.0
 10
128.8546938888889
 20
105.5692674074074
 30
0.0
 10
128.8557522222222
 20
104.5697303703704
 30
0.0
 10
128.8568105555556
 20
103.5701933333333
 30
0.0
 10
129.357755
 20
103.5706637037037
 30
0.0
 10
129.8586994444445
 20
103.5711340740741
 30
0.0
 10
130.3596438888889
 20
103.5716044444444
 30
0.0
 10
131.231005
 20
103.5726627777778
 30
0.0
 10
131.135755
 20
103.6220516666667
 30
0.0
 10
132.1058938888889
 20
103.62311
 30
0.0
  0
POLYLINE
  5
1F4
330
1F
100
AcDbEntity
  8
DEFAULT
 62
     7
100
AcDb2dPolyline
 66
     1
 10
0.0
 20
0.0
 30
0.0
  0
VERTEX
  5
1F5
330
1F4
100
AcDbEntity
  8
DEFAULT
 62
     7
100
AcDbVertex
100
AcDb2dVertex
 10
125.3373230555555
 20
17.96048111111111
 30
0.0
  0
VERTEX
  5
1F6
330
1F4
100
AcDbEntity
  8
DEFAULT
 62
     7
100
AcDbVertex
100
AcDb2dVertex
 10
127.2282119444444
 20
17.96259777777777
 30
0.0
  0
SEQEND
  5
1F7
330
1F4
100
AcDbEntity
  8
DEFAULT
 62
     7
  0
SPLINE
  5
1F8
330
1F
100
AcDbEntity
  8
DEFAULT
 62
     7
100
AcDbSpline
210
0.0
220
0.0
230
1.0
 70
    11
 71
     3
 72
    17
 73
    13
 74
     0
 42
0.000000001
 43
0.0000000001
 40
0.0
 40
0.0
 40
0.0
 40
0.0
 40
1.0
 40
1.0
 40
1.0
 40
2.0
 40
2.0
 40
2.0
 40
3.0
 40
3.0
 40
3.0
 40
4.0
 40
4.0
 40
4.0
 40
4.0
 10
125.9259327777778
 20
18.97813916666667
 30
0.0
 10
126.3108133333333
 20
18.97884472222222
 30
0.0
 10
126.4787355555555
 20
18.71214472222222
 30
0.0
 10
126.4790883333333
 20
18.46061416666667
 30
0.0
 10
126.4794411111111
 20
18.17874472222222
 30
0.0
 10
126.2730661111111
 20
17.96143361111111
 30
0.0
 10
125.9442772222222
 20
17.96108083333333
 30
0.0
 10
125.5957327777778
 20
17.96072805555556
 30
0.0
 10
125.3914744444444
 20
18.1886225
 30
0.0
 10
125.3911216666666
 20
18.47648916666667
 30
0.0
 10
125.3907688888889
 20
18.77564472222222
 30
0.0
 10
125.6077272222222
 20
18.97778638888889
 30
0.0
 10
125.9259327777778
 20
18.97813916666667
 30
0.0
  0
POLYLINE
  5
1F9
330
1F
100
AcDbEntity
  8
DEFAULT
 62
     7
100
AcDb2dPolyline
 66
     1
 10
0.0
 20
0.0
 30
0.0
  0
VERTEX
  5
1FA
330
1F9
100
AcDbEntity
  8
DEFAULT
 62
     7
100
AcDbVertex
100
AcDb2dVertex
 10
127.8546747222222
 20
17.70828027777777
 30
0.0
  0
VERTEX
  5
1FB
330
1F9
100
AcDbEntity
  8
DEFAULT
 62
     7
100
AcDbVertex
100
AcDb2dVertex
 10
127.8529108333333
 20
19.23545527777777
 30
0.0
  0
SEQEND
  5
1FC
330
1F9
100
AcDbEntity
  8
DEFAULT
 62
     7
  0
POLYLINE
  5
1FD
330
1F
100
AcDbEntity
  8
DEFAULT
 62
     7
100
AcDb2dPolyline
 66
     1
 10
0.0
 20
0.0
 30
0.0
  0
VERTEX
  5
1FE
330
1FD
100
AcDbEntity
  8
DEFAULT
 62
     7
100
AcDbVertex
100
AcDb2dVertex
 10
120.0010652777778
 20
16.56796138888889
 30
0.0
  0
VERTEX
  5
1FF
330
1FD
100
AcDbEntity
  8
DEFAULT
 62
     7
100
AcDbVertex
100
AcDb2dVertex
 10
121.4379291666667
 20
16.05008361111112
 30
0.0
  0
SEQEND
  5
200
330
1FD
100
AcDbEntity
  8
DEFAULT
 62
     7
  0
SPLINE
  5
201
330
1F
100
AcDbEntity
  8
DEFAULT
 62
     7
100
AcDbSpline
210
0.0
220
0.0
230
1.0
 70
    11
 71
     3
 72
    17
 73
    13
 74
     0
 42
0.000000001
 43
0.0000000001
 40
0.0
 40
0.0
 40
0.0
 40
0.0
 40
1.0
 40
1.0
 40
1.0
 40
2.0
 40
2.0
 40
2.0
 40
3.0
 40
3.0
 40
3.0
 40
4.0
 40
4.0
 40
4.0
 40
4.0
 10
121.9868161111111
 20
17.73413888888889
 30
0.0
 10
121.8047827777778
 20
17.22931388888889
 30
0.0
 10
121.375805
 20
17.135475
 30
0.0
 10
121.0459577777778
 20
17.25471388888889
 30
0.0
 10
120.6762466666667
 20
17.38771111111111
 30
0.0
 10
120.4889216666667
 20
17.76095
 30
0.0
 10
120.6444966666667
 20
18.19275
 30
0.0
 10
120.8092438888889
 20
18.64995
 30
0.0
 10
121.2047077777778
 20
18.80975833333333
 30
0.0
 10
121.5825327777778
 20
18.67358611111111
 30
0.0
 10
121.9748216666667
 20
18.532475
 30
0.0
 10
122.1374522222222
 20
18.15182777777778
 30
0.0
 10
121.9868161111111
 20
17.73413888888889
 30
0.0
  0
SPLINE
  5
202
330
1F
100
AcDbEntity
  8
DEFAULT
 62
     1
100
AcDbSpline
210
0.0
220
0.0
230
1.0
 70
    11
 71
     3
 72
    68
 73
    64
 74
     0
 42
0.000000001
 43
0.0000000001
 40
1.0
 40
1.0
 40
1.0
 40
1.0
 40
2.0
 40
2.0
 40
2.0
 40
3.0
 40
3.0
 40
3.0
 40
4.0
 40
4.0
 40
4.0
 40
5.0
 40
5.0
 40
5.0
 40
6.0
 40
6.0
 40
6.0
 40
7.0
 40
7.0
 40
7.0
 40
8.0
 40
8.0
 40
8.0
 40
9.0
 40
9.0
 40
9.0
 40
13.24453837301538
 40
13.24453837301538
 40
13.24453837301538
 40
21.74090288967778
 40
21.74090288967778
 40
21.74090288967778
 40
25.99578584929018
 40
25.99578584929018
 40
25.99578584929018
 40
26.99578584929018
 40
26.99578584929018
 40
26.99578584929018
 40
27.99578584929018
 40
27.99578584929018
 40
27.99578584929018
 40
28.99578584929018
 40
28.99578584929018
 40
28.99578584929018
 40
29.99578584929018
 40
29.99578584929018
 40
29.99578584929018
 40
30.99578584929018
 40
30.99578584929018
 40
30.99578584929018
 40
31.99578584929018
 40
31.99578584929018
 40
31.99578584929018
 40
36.24578879046563
 40
36.24578879046563
 40
36.24578879046563
 40
44.74579355517018
 40
44.74579355517018
 40
44.74579355517018
 40
49.00579648944147
 40
49.00579648944147
 40
49.00579648944147
 40
50.00579648944147
 40
50.00579648944147
 40
50.00579648944147
 40
50.00579648944147
 10
132.2011791666667
 20
19.92728777777778
 30
0.0
 10
133.1748458333333
 20
19.92869888888889
 30
0.0
 10
133.0760680555555
 20
19.97808777777778
 30
0.0
 10
133.9509569444444
 20
19.97879333333333
 30
0.0
 10
133.9453125
 20
24.77974611111111
 30
0.0
 10
128.0775597222222
 20
23.61064055555556
 30
0.0
 10
125.9496041666666
 20
24.02832944444444
 30
0.0
 10
123.8184736111111
 20
24.44213777777778
 30
0.0
 10
124.4513569444444
 20
22.34734333333333
 30
0.0
 10
123.1499597222222
 20
22.94565444444444
 30
0.0
 10
121.8076402777778
 20
23.56266277777777
 30
0.0
 10
119.2972736111111
 20
25.54456833333333
 30
0.0
 10
120.2102625
 20
23.22858222222222
 30
0.0
 10
120.6681680555555
 20
22.06723777777778
 30
0.0
 10
117.3841597222222
 20
21.11156277777778
 30
0.0
 10
116.7234069444444
 20
18.70491277777777
 30
0.0
 10
116.0598319444444
 20
16.29826277777778
 30
0.0
 10
114.0743986111111
 20
12.22861833333333
 30
0.0
 10
117.2366986111111
 20
11.08209055555555
 30
0.0
 10
117.5319736111111
 20
11.90441555555555
 30
0.0
 10
117.5464375
 20
11.79470166666667
 30
0.0
 10
117.8769902777778
 20
12.71262944444444
 30
0.0
 10
118.2075430555555
 20
13.62314888888889
 30
0.0
 10
118.1264041666667
 20
13.55259333333333
 30
0.0
 10
118.4255597222222
 20
14.37491833333333
 30
0.0
 10
118.5954810185185
 20
14.84423037037037
 30
0.0
 10
118.7654023148148
 20
15.31354240740741
 30
0.0
 10
118.9353236111111
 20
15.78285444444444
 30
0.0
 10
119.8752412037037
 20
15.44407018518518
 30
0.0
 10
120.8151587962963
 20
15.10528592592593
 30
0.0
 10
121.7550763888889
 20
14.76650166666667
 30
0.0
 10
121.5851550925926
 20
14.29589611111111
 30
0.0
 10
121.4152337962963
 20
13.82529055555555
 30
0.0
 10
121.2453125
 20
13.354685
 30
0.0
 10
120.9461569444444
 20
12.53236
 30
0.0
 10
120.9355736111111
 20
12.63854611111111
 30
0.0
 10
120.6050208333333
 20
11.72802666666666
 30
0.0
 10
120.2744680555555
 20
10.81009888888889
 30
0.0
 10
120.3520791666666
 20
10.88806277777778
 30
0.0
 10
120.0568041666667
 20
10.06573777777778
 30
0.0
 10
122.7530847222222
 20
9.091365555555555
 30
0.0
 10
127.9752541666667
 20
9.251173888888887
 30
0.0
 10
128.5855597222222
 20
12.07374888888889
 30
0.0
 10
129.0385263888889
 20
14.17030722222222
 30
0.0
 10
133.9601291666666
 20
11.74742944444444
 30
0.0
 10
133.9544847222222
 20
16.98018222222222
 30
0.0
 10
133.0795958333333
 20
16.97947666666667
 30
0.0
 10
133.1780208333333
 20
17.02851277777778
 30
0.0
 10
132.2043541666667
 20
17.02745444444444
 30
0.0
 10
131.2342152777778
 20
17.02639611111111
 30
0.0
 10
131.3294652777778
 20
16.97736
 30
0.0
 10
130.4545763888889
 20
16.97630166666666
 30
0.0
 10
129.9548078703704
 20
16.9757137037037
 30
0.0
 10
129.4550393518518
 20
16.97512574074074
 30
0.0
 10
128.9552708333333
 20
16.97453777777778
 30
0.0
 10
128.9542125
 20
17.97407481481482
 30
0.0
 10
128.9531541666666
 20
18.97361185185185
 30
0.0
 10
128.9520958333333
 20
19.97314888888889
 30
0.0
 10
129.4530402777778
 20
19.97373685185185
 30
0.0
 10
129.9539847222222
 20
19.97432481481481
 30
0.0
 10
130.4549291666667
 20
19.97491277777777
 30
0.0
 10
131.3262902777778
 20
19.97597111111111
 30
0.0
 10
131.2310402777778
 20
19.92622944444444
 30
0.0
 10
132.2011791666667
 20
19.92728777777778
 30
0.0
  0
POLYLINE
  5
203
330
1F
100
AcDbEntity
  8
DEFAULT
 62
     7
100
AcDb2dPolyline
 66
     1
 10
0.0
 20
0.0
 30
0.0
  0
VERTEX
  5
204
330
203
100
AcDbEntity
  8
DEFAULT
 62
     7
100
AcDbVertex
100
AcDb2dVertex
 10
87.22215361111111
 20
43.42077083333334
 30
0.0
  0
VERTEX
  5
205
330
203
100
AcDbEntity
  8
DEFAULT
 62
     7
100
AcDbVertex
100
AcDb2dVertex
 10
87.61197305555555
 20
44.37715138888888
 30
0.0
  0
SEQEND
  5
206
330
203
100
AcDbEntity
  8
DEFAULT
 62
     7
  0
SPLINE
  5
207
330
1F
100
AcDbEntity
  8
DEFAULT
 62
     7
100
AcDbSpline
210
0.0
220
0.0
230
1.0
 70
    11
 71
     3
 72
    17
 73
    13
 74
     0
 42
0.000000001
 43
0.0000000001
 40
0.0
 40
0.0
 40
0.0
 40
0.0
 40
1.0
 40
1.0
 40
1.0
 40
2.0
 40
2.0
 40
2.0
 40
3.0
 40
3.0
 40
3.0
 40
4.0
 40
4.0
 40
4.0
 40
4.0
 10
86.72212638888888
 20
43.83277999999999
 30
0.0
 10
87.11759027777778
 20
44.07478555555555
 30
0.0
 10
87.45731527777778
 20
43.90580499999999
 30
0.0
 10
87.61535972222222
 20
43.64792444444444
 30
0.0
 10
87.79245416666666
 20
43.3579411111111
 30
0.0
 10
87.71695972222221
 20
43.00516333333333
 30
0.0
 10
87.3789986111111
 20
42.79843555555555
 30
0.0
 10
87.02128194444444
 20
42.57971333333332
 30
0.0
 10
86.66815138888889
 20
42.68554666666667
 30
0.0
 10
86.4868236111111
 20
42.98152722222222
 30
0.0
 10
86.29914583333333
 20
43.28844388888889
 30
0.0
 10
86.39510138888889
 20
43.632755
 30
0.0
 10
86.72212638888888
 20
43.83277999999999
 30
0.0
  0
POLYLINE
  5
208
330
1F
100
AcDbEntity
  8
DEFAULT
 62
     7
100
AcDb2dPolyline
 66
     1
 10
0.0
 20
0.0
 30
0.0
  0
VERTEX
  5
209
330
208
100
AcDbEntity
  8
DEFAULT
 62
     7
100
AcDbVertex
100
AcDb2dVertex
 10
88.89167444444445
 20
43.54685361111112
 30
0.0
  0
VERTEX
  5
20A
330
208
100
AcDbEntity
  8
DEFAULT
 62
     7
100
AcDbVertex
100
AcDb2dVertex
 10
88.09474944444446
 20
44.84966194444445
 30
0.0
  0
SEQEND
  5
20B
330
208
100
AcDbEntity
  8
DEFAULT
 62
     7
  0
POLYLINE
  5
20C
330
1F
100
AcDbEntity
  8
DEFAULT
 62
     7
100
AcDb2dPolyline
 66
     1
 10
0.0
 20
0.0
 30
0.0
  0
VERTEX
  5
20D
330
20C
100
AcDbEntity
  8
DEFAULT
 62
     7
100
AcDbVertex
100
AcDb2dVertex
 10
87.1806669444444
 20
80.02972027777774
 30
0.0
  0
VERTEX
  5
20E
330
20C
100
AcDbEntity
  8
DEFAULT
 62
     7
100
AcDbVertex
100
AcDb2dVertex
 10
88.20971972222219
 20
80.11967861111108
 30
0.0
  0
SEQEND
  5
20F
330
20C
100
AcDbEntity
  8
DEFAULT
 62
     7
  0
SPLINE
  5
210
330
1F
100
AcDbEntity
  8
DEFAULT
 62
     7
100
AcDbSpline
210
0.0
220
0.0
230
1.0
 70
    11
 71
     3
 72
    17
 73
    13
 74
     0
 42
0.000000001
 43
0.0000000001
 40
0.0
 40
0.0
 40
0.0
 40
0.0
 40
1.0
 40
1.0
 40
1.0
 40
2.0
 40
2.0
 40
2.0
 40
3.0
 40
3.0
 40
3.0
 40
4.0
 40
4.0
 40
4.0
 40
4.0
 10
87.31881472222221
 20
80.66274472222221
 30
0.0
 10
87.71463138888889
 20
80.4214447222222
 30
0.0
 10
87.71992305555554
 20
80.0422086111111
 30
0.0
 10
87.56223138888888
 20
79.78362249999999
 30
0.0
 10
87.38548972222222
 20
79.49399194444443
 30
0.0
 10
87.03729805555555
 20
79.39980027777776
 30
0.0
 10
86.69898416666666
 20
79.60617527777777
 30
0.0
 10
86.34091472222222
 20
79.82454472222221
 30
0.0
 10
86.27388694444444
 20
80.1868475
 30
0.0
 10
86.45415638888888
 20
80.48318083333332
 30
0.0
 10
86.64183416666665
 20
80.79045027777777
 30
0.0
 10
86.99178972222222
 20
80.86206416666666
 30
0.0
 10
87.31881472222221
 20
80.66274472222221
 30
0.0
  0
POLYLINE
  5
211
330
1F
100
AcDbEntity
  8
DEFAULT
 62
     7
100
AcDb2dPolyline
 66
     1
 10
0.0
 20
0.0
 30
0.0
  0
VERTEX
  5
212
330
211
100
AcDbEntity
  8
DEFAULT
 62
     7
100
AcDbVertex
100
AcDb2dVertex
 10
88.05552055555557
 20
78.60224027777778
 30
0.0
  0
VERTEX
  5
213
330
211
100
AcDbEntity
  8
DEFAULT
 62
     7
100
AcDbVertex
100
AcDb2dVertex
 10
88.8503288888889
 20
79.90645972222224
 30
0.0
  0
SEQEND
  5
214
330
211
100
AcDbEntity
  8
DEFAULT
 62
     7
  0
POLYLINE
  5
215
330
1F
100
AcDbEntity
  8
DEFAULT
 62
     7
100
AcDb2dPolyline
 66
     1
 10
0.0
 20
0.0
 30
0.0
  0
VERTEX
  5
216
330
215
100
AcDbEntity
  8
DEFAULT
 62
     7
100
AcDbVertex
100
AcDb2dVertex
 10
82.44469583333333
 20
60.95421444444445
 30
0.0
  0
VERTEX
  5
217
330
215
100
AcDbEntity
  8
DEFAULT
 62
     7
100
AcDbVertex
100
AcDb2dVertex
 10
82.44293194444444
 20
62.48174222222222
 30
0.0
  0
SEQEND
  5
218
330
215
100
AcDbEntity
  8
DEFAULT
 62
     7
  0
SPLINE
  5
219
330
1F
100
AcDbEntity
  8
DEFAULT
 62
     7
100
AcDbSpline
210
0.0
220
0.0
230
1.0
 70
     8
 71
     3
 72
    11
 73
     7
 74
     0
 42
0.000000001
 43
0.0000000001
 40
0.0
 40
0.0
 40
0.0
 40
0.0
 40
1.0
 40
1.0
 40
1.0
 40
2.0
 40
2.0
 40
2.0
 40
2.0
 10
80.27772305555554
 20
61.48306361111111
 30
0.0
 10
80.08298972222221
 20
61.54903305555555
 30
0.0
 10
79.95987027777777
 20
61.70778305555555
 30
0.0
 10
79.95951749999999
 20
61.8848775
 30
0.0
 10
79.95951749999999
 20
61.9148636111111
 30
0.0
 10
79.96233972222221
 20
61.93567749999999
 30
0.0
 10
79.96833694444443
 20
61.95966638888888
 30
0.0
  0
SPLINE
  5
21A
330
1F
100
AcDbEntity
  8
DEFAULT
 62
     7
100
AcDbSpline
210
0.0
220
0.0
230
1.0
 70
     8
 71
     3
 72
    11
 73
     7
 74
     0
 42
0.000000001
 43
0.0000000001
 40
0.0
 40
0.0
 40
0.0
 40
0.0
 40
2.830001590105601
 40
2.830001590105601
 40
2.830001590105601
 40
3.830001590105601
 40
3.830001590105601
 40
3.830001590105601
 40
3.830001590105601
 10
81.44404166666666
 20
61.48443944444443
 30
0.0
 10
81.11125462962961
 20
61.48408666666666
 30
0.0
 10
80.77846759259258
 20
61.48373388888888
 30
0.0
 10
80.44568055555554
 20
61.48338111111111
 30
0.0
 10
80.2749361111111
 20
61.48302833333333
 30
0.0
 10
80.12782777777778
 20
61.47985333333332
 30
0.0
 10
79.99271388888889
 20
61.47068111111111
 30
0.0
  0
SPLINE
  5
21B
330
1F
100
AcDbEntity
  8
DEFAULT
 62
     1
100
AcDbSpline
210
0.0
220
0.0
230
1.0
 70
    11
 71
     3
 72
    92
 73
    88
 74
     0
 42
0.000000001
 43
0.0000000001
 40
1.0
 40
1.0
 40
1.0
 40
1.0
 40
2.0
 40
2.0
 40
2.0
 40
3.0
 40
3.0
 40
3.0
 40
4.0
 40
4.0
 40
4.0
 40
5.0
 40
5.0
 40
5.0
 40
6.0
 40
6.0
 40
6.0
 40
15.91807420823215
 40
15.91807420823215
 40
15.91807420823215
 40
24.42282987785605
 40
24.42282987785605
 40
24.42282987785605
 40
34.34090408608821
 40
34.34090408608821
 40
34.34090408608821
 40
35.34090408608821
 40
35.34090408608821
 40
35.34090408608821
 40
36.34090408608821
 40
36.34090408608821
 40
36.34090408608821
 40
37.34090408608821
 40
37.34090408608821
 40
37.34090408608821
 40
38.34090408608821
 40
38.34090408608821
 40
38.34090408608821
 40
39.34090408608821
 40
39.34090408608821
 40
39.34090408608821
 40
49.27091017873489
 40
49.27091017873489
 40
49.27091017873489
 40
57.77091606108579
 40
57.77091606108579
 40
57.77091606108579
 40
67.69092215987425
 40
67.69092215987425
 40
67.69092215987425
 40
68.69092215987425
 40
68.69092215987425
 40
68.69092215987425
 40
69.69092215987425
 40
69.69092215987425
 40
69.69092215987425
 40
70.69092215987425
 40
70.69092215987425
 40
70.69092215987425
 40
71.69092215987425
 40
71.69092215987425
 40
71.69092215987425
 40
72.69092215987425
 40
72.69092215987425
 40
72.69092215987425
 40
82.61403538103625
 40
82.61403538103625
 40
82.61403538103625
 40
91.11078634831779
 40
91.11078634831779
 40
91.11078634831779
 40
101.0292225657868
 40
101.0292225657868
 40
101.0292225657868
 40
102.0292225657868
 40
102.0292225657868
 40
102.0292225657868
 40
103.0292225657868
 40
103.0292225657868
 40
103.0292225657868
 40
104.0292225657868
 40
104.0292225657868
 40
104.0292225657868
 40
105.0292225657868
 40
105.0292225657868
 40
105.0292225657868
 40
106.0292225657868
 40
106.0292225657868
 40
106.0292225657868
 40
106.0292225657868
 10
75.1193711111111
 20
61.71042888888888
 30
0.0
 10
75.1320711111111
 20
50.65437333333333
 30
0.0
 10
86.09957944444444
 20
67.96376777777778
 30
0.0
 10
81.95161833333333
 20
39.06632888888888
 30
0.0
 10
81.6979711111111
 20
37.29855944444444
 30
0.0
 10
88.22788777777778
 20
37.76810666666667
 30
0.0
 10
91.75672388888889
 20
39.89959
 30
0.0
 10
94.80260722222222
 20
41.73720944444445
 30
0.0
 10
97.87247944444444
 20
44.38304277777777
 30
0.0
 10
96.18620166666665
 20
47.14352888888888
 30
0.0
 10
95.43901833333332
 20
46.68738722222221
 30
0.0
 10
95.49899055555555
 20
46.77946222222222
 30
0.0
 10
94.66678777777778
 20
46.27005111111111
 30
0.0
 10
93.83846555555556
 20
45.76487333333332
 30
0.0
 10
93.94782666666667
 20
45.77192888888888
 30
0.0
 10
93.20029055555554
 20
45.31613999999999
 30
0.0
 10
92.20498685185184
 20
44.70818629629628
 30
0.0
 10
91.20968314814814
 20
44.10023259259258
 30
0.0
 10
90.21437944444443
 20
43.49227888888888
 30
0.0
 10
89.6925035185185
 20
44.34541314814814
 30
0.0
 10
89.1706275925926
 20
45.1985474074074
 30
0.0
 10
88.64875166666666
 20
46.05168166666666
 30
0.0
 10
89.64405537037037
 20
46.65963537037036
 30
0.0
 10
90.63935907407408
 20
47.26758907407407
 30
0.0
 10
91.63466277777778
 20
47.87554277777777
 30
0.0
 10
92.3821988888889
 20
48.33133166666667
 30
0.0
 10
92.32575444444444
 20
48.23960944444444
 30
0.0
 10
93.15442944444443
 20
48.74513999999999
 30
0.0
 10
93.98592666666667
 20
49.25384555555555
 30
0.0
 10
93.87656555555556
 20
49.24326222222221
 30
0.0
 10
94.62057388888888
 20
49.69940388888889
 30
0.0
 10
93.05882666666665
 20
52.25880666666666
 30
0.0
 10
90.55128222222221
 20
54.40792888888889
 30
0.0
 10
90.54493222222222
 20
60.22876222222222
 30
0.0
 10
89.67321833333332
 20
60.22770388888888
 30
0.0
 10
89.77199611111111
 20
60.27744555555554
 30
0.0
 10
88.79832944444443
 20
60.27603444444443
 30
0.0
 10
87.82819055555555
 20
60.27497611111111
 30
0.0
 10
87.92344055555556
 20
60.22558722222222
 30
0.0
 10
87.04855166666665
 20
60.22452888888888
 30
0.0
 10
85.88085722222222
 20
60.22323537037037
 30
0.0
 10
84.71316277777777
 20
60.22194185185185
 30
0.0
 10
83.54546833333332
 20
60.22064833333332
 30
0.0
 10
83.5442924074074
 20
61.22018537037036
 30
0.0
 10
83.54311648148148
 20
62.2197224074074
 30
0.0
 10
83.54194055555556
 20
63.21925944444443
 30
0.0
 10
84.70845907407407
 20
63.22055296296296
 30
0.0
 10
85.87497759259259
 20
63.22184648148149
 30
0.0
 10
87.04149611111112
 20
63.22314
 30
0.0
 10
87.92026555555555
 20
63.22419833333333
 30
0.0
 10
87.82501555555555
 20
63.17445666666666
 30
0.0
 10
88.79515444444444
 20
63.17586777777777
 30
0.0
 10
89.76882111111111
 20
63.17692611111111
 30
0.0
 10
89.67004333333333
 20
63.22631499999999
 30
0.0
 10
90.54140444444444
 20
63.22737333333333
 30
0.0
 10
90.53470166666666
 20
69.04820666666666
 30
0.0
 10
93.03695444444445
 20
71.20297333333332
 30
0.0
 10
94.59340999999999
 20
73.76590388888889
 30
0.0
 10
93.84834333333332
 20
74.21992888888889
 30
0.0
 10
93.95770444444443
 20
74.20969833333334
 30
0.0
 10
93.1247961111111
 20
74.71664
 30
0.0
 10
92.29506277777777
 20
75.22005388888888
 30
0.0
 10
92.35150722222221
 20
75.12868444444443
 30
0.0
 10
91.60326555555555
 20
75.58270944444445
 30
0.0
 10
90.60655074074073
 20
76.18948722222223
 30
0.0
 10
89.6098359259259
 20
76.796265
 30
0.0
 10
88.6131211111111
 20
77.40304277777777
 30
0.0
 10
89.13299796296296
 20
78.25629462962962
 30
0.0
 10
89.65287481481481
 20
79.10954648148147
 30
0.0
 10
90.17275166666666
 20
79.96279833333332
 30
0.0
 10
91.16946648148148
 20
79.35707888888888
 30
0.0
 10
92.1661812962963
 20
78.75135944444443
 30
0.0
 10
93.1628961111111
 20
78.14563999999999
 30
0.0
 10
93.91149055555555
 20
77.6912622222222
 30
0.0
 10
93.80212944444443
 20
77.69831777777777
 30
0.0
 10
94.63186277777777
 20
77.19490388888889
 30
0.0
 10
95.46477111111109
 20
76.68796222222221
 30
0.0
 10
95.4044461111111
 20
76.77933166666666
 30
0.0
 10
96.15339333333334
 20
76.32530666666666
 30
0.0
 10
97.83261555555555
 20
79.08932055555555
 30
0.0
 10
94.75709888888888
 20
81.72809833333332
 30
0.0
 10
91.70698222222221
 20
83.55936777777777
 30
0.0
 10
88.17320722222222
 20
85.68238444444444
 30
0.0
 10
81.64258499999998
 20
86.13746777777777
 30
0.0
 10
81.90011277777778
 20
84.37005111111111
 30
0.0
 10
86.11369055555555
 20
55.48213722222221
 30
0.0
 10
75.10667111111111
 20
72.76648444444444
 30
0.0
 10
75.1193711111111
 20
61.71042888888888
 30
0.0
  0
POLYLINE
  5
21C
330
1F
100
AcDbEntity
  8
DEFAULT
 62
     7
100
AcDb2dPolyline
 66
     1
 10
0.0
 20
0.0
 30
0.0
  0
VERTEX
  5
21D
330
21C
100
AcDbEntity
  8
DEFAULT
 62
     7
100
AcDbVertex
100
AcDb2dVertex
 10
121.3787330555555
 20
51.80887388888889
 30
0.0
  0
VERTEX
  5
21E
330
21C
100
AcDbEntity
  8
DEFAULT
 62
     7
100
AcDbVertex
100
AcDb2dVertex
 10
121.3769691666666
 20
53.33604888888888
 30
0.0
  0
SEQEND
  5
21F
330
21C
100
AcDbEntity
  8
DEFAULT
 62
     7
  0
SPLINE
  5
220
330
1F
100
AcDbEntity
  8
DEFAULT
 62
     7
100
AcDbSpline
210
0.0
220
0.0
230
1.0
 70
     8
 71
     3
 72
    29
 73
    25
 74
     0
 42
0.000000001
 43
0.0000000001
 40
0.0
 40
0.0
 40
0.0
 40
0.0
 40
1.802001109877536
 40
1.802001109877536
 40
1.802001109877536
 40
2.813001604437338
 40
2.813001604437338
 40
2.813001604437338
 40
4.008258898914136
 40
4.008258898914136
 40
4.008258898914136
 40
4.645259683843009
 40
4.645259683843009
 40
4.645259683843009
 40
7.433261297902811
 40
7.433261297902811
 40
7.433261297902811
 40
8.43326129790281
 40
8.43326129790281
 40
8.43326129790281
 40
9.43326129790281
 40
9.43326129790281
 40
9.43326129790281
 40
10.43326129790281
 40
10.43326129790281
 40
10.43326129790281
 40
10.43326129790281
 10
118.9051611111111
 20
52.99985166666666
 30
0.0
 10
118.9053962962963
 20
52.78794981481482
 30
0.0
 10
118.9056314814815
 20
52.57604796296297
 30
0.0
 10
118.9058666666667
 20
52.36414611111113
 30
0.0
 10
118.7869805555555
 20
52.36402851851852
 30
0.0
 10
118.6680944444444
 20
52.36391092592593
 30
0.0
 10
118.5492083333333
 20
52.36379333333334
 30
0.0
 10
118.668212037037
 20
52.28900444444444
 30
0.0
 10
118.7872157407407
 20
52.21421555555556
 30
0.0
 10
118.9062194444444
 20
52.13942666666666
 30
0.0
 10
118.9061018518518
 20
52.21433314814815
 30
0.0
 10
118.9059842592592
 20
52.28923962962963
 30
0.0
 10
118.9058666666667
 20
52.36414611111112
 30
0.0
 10
119.2337148148148
 20
52.3644988888889
 30
0.0
 10
119.561562962963
 20
52.36485166666667
 30
0.0
 10
119.8894111111111
 20
52.36520444444444
 30
0.0
 10
120.0601555555555
 20
52.36555722222222
 30
0.0
 10
120.1892722222222
 20
52.39236833333333
 30
0.0
 10
120.2668833333333
 20
52.46786277777777
 30
0.0
 10
120.33885
 20
52.53065722222222
 30
0.0
 10
120.3776555555555
 20
52.62978777777777
 30
0.0
 10
120.3776555555555
 20
52.75255444444445
 30
0.0
 10
120.3776555555555
 20
52.85450722222222
 30
0.0
 10
120.3624861111111
 20
52.93529333333333
 30
0.0
 10
120.3413194444444
 20
52.98644611111111
 30
0.0
  0
POLYLINE
  5
221
330
1F
100
AcDbEntity
  8
DEFAULT
 62
     7
100
AcDb2dPolyline
 66
     1
 10
0.0
 20
0.0
 30
0.0
  0
VERTEX
  5
222
330
221
100
AcDbEntity
  8
DEFAULT
 62
     7
100
AcDbVertex
100
AcDb2dVertex
 10
121.4212780555555
 20
70.18863138888888
 30
0.0
  0
VERTEX
  5
223
330
221
100
AcDbEntity
  8
DEFAULT
 62
     7
100
AcDbVertex
100
AcDb2dVertex
 10
121.4195141666667
 20
71.71580638888888
 30
0.0
  0
SEQEND
  5
224
330
221
100
AcDbEntity
  8
DEFAULT
 62
     7
  0
SPLINE
  5
225
330
1F
100
AcDbEntity
  8
DEFAULT
 62
     7
100
AcDbSpline
210
0.0
220
0.0
230
1.0
 70
     8
 71
     3
 72
    29
 73
    25
 74
     0
 42
0.000000001
 43
0.0000000001
 40
0.0
 40
0.0
 40
0.0
 40
0.0
 40
1.801001110493815
 40
1.801001110493815
 40
1.801001110493815
 40
2.813003086776471
 40
2.813003086776471
 40
2.813003086776471
 40
4.008260381253269
 40
4.008260381253269
 40
4.008260381253269
 40
4.646260381253274
 40
4.646260381253274
 40
4.646260381253274
 40
7.434261995313076
 40
7.434261995313076
 40
7.434261995313076
 40
8.434261995313076
 40
8.434261995313076
 40
8.434261995313076
 40
9.434261995313076
 40
9.434261995313076
 40
9.434261995313076
 40
10.43426199531308
 40
10.43426199531308
 40
10.43426199531308
 40
10.43426199531308
 10
118.9478825
 20
71.37960916666667
 30
0.0
 10
118.9481176851852
 20
71.16782490740741
 30
0.0
 10
118.9483528703704
 20
70.95604064814815
 30
0.0
 10
118.9485880555555
 20
70.7442563888889
 30
0.0
 10
118.8295843518518
 20
70.74402120370371
 30
0.0
 10
118.7105806481481
 20
70.74378601851852
 30
0.0
 10
118.5915769444444
 20
70.74355083333333
 30
0.0
 10
118.7105806481481
 20
70.66876194444444
 30
0.0
 10
118.8295843518518
 20
70.59397305555557
 30
0.0
 10
118.9485880555555
 20
70.51918416666666
 30
0.0
 10
118.9485880555555
 20
70.59420824074074
 30
0.0
 10
118.9485880555555
 20
70.6692323148148
 30
0.0
 10
118.9485880555555
 20
70.74425638888889
 30
0.0
 10
119.2764362037037
 20
70.74460916666666
 30
0.0
 10
119.6042843518518
 20
70.74496194444444
 30
0.0
 10
119.9321325
 20
70.74531472222222
 30
0.0
 10
120.1028769444444
 20
70.74531472222222
 30
0.0
 10
120.2316408333333
 20
70.77247861111111
 30
0.0
 10
120.3096047222222
 20
70.84762027777776
 30
0.0
 10
120.3815713888889
 20
70.91041472222221
 30
0.0
 10
120.4203769444444
 20
71.00954527777778
 30
0.0
 10
120.4203769444444
 20
71.13231194444444
 30
0.0
 10
120.4200241666666
 20
71.23426472222222
 30
0.0
 10
120.4052075
 20
71.31540361111111
 30
0.0
 10
120.3840408333333
 20
71.3662036111111
 30
0.0
  0
POLYLINE
  5
226
330
1F
100
AcDbEntity
  8
DEFAULT
 62
     7
100
AcDb2dPolyline
 66
     1
 10
0.0
 20
0.0
 30
0.0
  0
VERTEX
  5
227
330
226
100
AcDbEntity
  8
DEFAULT
 62
     7
100
AcDbVertex
100
AcDb2dVertex
 10
125.3671327777777
 20
61.00385027777777
 30
0.0
  0
VERTEX
  5
228
330
226
100
AcDbEntity
  8
DEFAULT
 62
     7
100
AcDbVertex
100
AcDb2dVertex
 10
125.3653688888889
 20
62.53137805555555
 30
0.0
  0
SEQEND
  5
229
330
226
100
AcDbEntity
  8
DEFAULT
 62
     7
  0
SPLINE
  5
22A
330
1F
100
AcDbEntity
  8
DEFAULT
 62
     7
100
AcDbSpline
210
0.0
220
0.0
230
1.0
 70
     8
 71
     3
 72
    23
 73
    19
 74
     0
 42
0.000000001
 43
0.0000000001
 40
0.0
 40
0.0
 40
0.0
 40
0.0
 40
1.0
 40
1.0
 40
1.0
 40
2.0
 40
2.0
 40
2.0
 40
3.0
 40
3.0
 40
3.0
 40
4.0
 40
4.0
 40
4.0
 40
5.0
 40
5.0
 40
5.0
 40
6.0
 40
6.0
 40
6.0
 40
6.0
 10
122.9416091666667
 20
62.18893666666666
 30
0.0
 10
122.8936313888889
 20
62.10815055555555
 30
0.0
 10
122.8520036111111
 20
61.97868111111111
 30
0.0
 10
122.8520036111111
 20
61.83192555555555
 30
0.0
 10
122.8523563888889
 20
61.52007
 30
0.0
 10
123.0446202777778
 20
61.33168666666666
 30
0.0
 10
123.2785119444444
 20
61.33168666666666
 30
0.0
 10
123.4520786111111
 20
61.33203944444444
 30
0.0
 10
123.5688480555555
 20
61.5373561111111
 30
0.0
 10
123.5684952777778
 20
61.75925333333333
 30
0.0
 10
123.5681425
 20
62.10180055555555
 30
0.0
 10
123.7148980555556
 20
62.24079499999999
 30
0.0
 10
123.9307980555555
 20
62.24114777777778
 30
0.0
 10
124.1858563888889
 20
62.24114777777778
 30
0.0
 10
124.3661258333333
 20
62.04359222222222
 30
0.0
 10
124.3664786111111
 20
61.69892833333333
 30
0.0
 10
124.3664786111111
 20
61.54017833333333
 30
0.0
 10
124.3276730555555
 20
61.39306999999999
 30
0.0
 10
124.2677008333333
 20
61.29111722222223
 30
0.0
  0
POLYLINE
  5
22B
330
1F
100
AcDbEntity
  8
DEFAULT
 62
     7
100
AcDb2dPolyline
 66
     1
 10
0.0
 20
0.0
 30
0.0
  0
VERTEX
  5
22C
330
22B
100
AcDbEntity
  8
DEFAULT
 62
     7
100
AcDbVertex
100
AcDb2dVertex
 10
111.7862113888889
 20
69.21764583333334
 30
0.0
  0
VERTEX
  5
22D
330
22B
100
AcDbEntity
  8
DEFAULT
 62
     7
100
AcDbVertex
100
AcDb2dVertex
 10
110.2590363888889
 20
69.21588194444445
 30
0.0
  0
SEQEND
  5
22E
330
22B
100
AcDbEntity
  8
DEFAULT
 62
     7
  0
SPLINE
  5
22F
330
1F
100
AcDbEntity
  8
DEFAULT
 62
     7
100
AcDbSpline
210
0.0
220
0.0
230
1.0
 70
     8
 71
     3
 72
    23
 73
    19
 74
     0
 42
0.000000001
 43
0.0000000001
 40
0.0
 40
0.0
 40
0.0
 40
0.0
 40
3.155002535656668
 40
3.155002535656668
 40
3.155002535656668
 40
4.155002535656669
 40
4.155002535656669
 40
4.155002535656669
 40
5.155002535656669
 40
5.155002535656669
 40
5.155002535656669
 40
6.155002535656669
 40
6.155002535656669
 40
6.155002535656669
 40
7.155002535656669
 40
7.155002535656669
 40
7.155002535656669
 40
9.57800336107956
 40
9.57800336107956
 40
9.57800336107956
 40
9.57800336107956
 10
111.8992061111111
 20
68.21752083333334
 30
0.0
 10
111.8996764814815
 20
67.84651620370371
 30
0.0
 10
111.9001468518518
 20
67.47551157407409
 30
0.0
 10
111.9006172222222
 20
67.10450694444445
 30
0.0
 10
111.9006172222222
 20
66.94152361111111
 30
0.0
 10
111.7602116666666
 20
66.73338472222223
 30
0.0
 10
111.4448283333333
 20
66.73303194444443
 30
0.0
 10
111.24692
 20
66.73267916666666
 30
0.0
 10
111.05007
 20
66.96092638888888
 30
0.0
 10
111.027845
 20
67.18529305555556
 30
0.0
 10
111.0250227777778
 20
66.94857916666666
 30
0.0
 10
110.9163672222222
 20
66.73232638888888
 30
0.0
 10
110.5815811111111
 20
66.7319736111111
 30
0.0
 10
110.3900227777778
 20
66.73162083333334
 30
0.0
 10
110.1497811111111
 20
66.8575625
 30
0.0
 10
110.1490755555555
 20
67.36097638888889
 30
0.0
 10
110.1488403703704
 20
67.64590324074074
 30
0.0
 10
110.1486051851851
 20
67.93083009259259
 30
0.0
 10
110.14837
 20
68.21575694444444
 30
0.0
  0
POLYLINE
  5
230
330
1F
100
AcDbEntity
  8
DEFAULT
 62
     7
100
AcDb2dPolyline
 66
     1
 10
0.0
 20
0.0
 30
0.0
  0
VERTEX
  5
231
330
230
100
AcDbEntity
  8
DEFAULT
 62
     7
100
AcDbVertex
100
AcDb2dVertex
 10
110.2758991666667
 20
54.28142277777776
 30
0.0
  0
VERTEX
  5
232
330
230
100
AcDbEntity
  8
DEFAULT
 62
     7
100
AcDbVertex
100
AcDb2dVertex
 10
111.8034269444444
 20
54.28318666666664
 30
0.0
  0
SEQEND
  5
233
330
230
100
AcDbEntity
  8
DEFAULT
 62
     7
  0
SPLINE
  5
234
330
1F
100
AcDbEntity
  8
DEFAULT
 62
     7
100
AcDbSpline
210
0.0
220
0.0
230
1.0
 70
     8
 71
     3
 72
    23
 73
    19
 74
     0
 42
0.000000001
 43
0.0000000001
 40
0.0
 40
0.0
 40
0.0
 40
0.0
 40
3.156002534853206
 40
3.156002534853206
 40
3.156002534853206
 40
4.156002534853206
 40
4.156002534853206
 40
4.156002534853206
 40
5.156002534853206
 40
5.156002534853206
 40
5.156002534853206
 40
6.156002534853206
 40
6.156002534853206
 40
6.156002534853206
 40
7.156002534853206
 40
7.156002534853206
 40
7.156002534853206
 40
9.579004392054312
 40
9.579004392054312
 40
9.579004392054312
 40
9.579004392054312
 10
110.1630808333333
 20
55.281195
 30
0.0
 10
110.162610462963
 20
55.65231722222222
 30
0.0
 10
110.1621400925926
 20
56.02343944444444
 30
0.0
 10
110.1616697222222
 20
56.39456166666666
 30
0.0
 10
110.1616697222222
 20
56.55754499999999
 30
0.0
 10
110.3020752777778
 20
56.76568388888888
 30
0.0
 10
110.6174586111111
 20
56.76603666666666
 30
0.0
 10
110.8153669444444
 20
56.76603666666666
 30
0.0
 10
111.0118641666667
 20
56.53778944444444
 30
0.0
 10
111.0340891666667
 20
56.31377555555554
 30
0.0
 10
111.0372641666667
 20
56.55048944444444
 30
0.0
 10
111.1459197222222
 20
56.76638944444444
 30
0.0
 10
111.4803530555555
 20
56.76709499999999
 30
0.0
 10
111.6722641666667
 20
56.76709499999999
 30
0.0
 10
111.9125058333333
 20
56.6415061111111
 30
0.0
 10
111.9128586111111
 20
56.13809222222221
 30
0.0
 10
111.9132113888889
 20
55.85316537037036
 30
0.0
 10
111.9135641666667
 20
55.56823851851851
 30
0.0
 10
111.9139169444444
 20
55.28331166666666
 30
0.0
  0
POLYLINE
  5
235
330
1F
100
AcDbEntity
  8
DEFAULT
 62
     7
100
AcDb2dPolyline
 66
     1
 10
0.0
 20
0.0
 30
0.0
  0
VERTEX
  5
236
330
235
100
AcDbEntity
  8
DEFAULT
 62
     7
100
AcDbVertex
100
AcDb2dVertex
 10
103.4340916666667
 20
59.00603444444443
 30
0.0
  0
VERTEX
  5
237
330
235
100
AcDbEntity
  8
DEFAULT
 62
     7
100
AcDbVertex
100
AcDb2dVertex
 10
103.4358555555555
 20
57.47885944444442
 30
0.0
  0
SEQEND
  5
238
330
235
100
AcDbEntity
  8
DEFAULT
 62
     7
  0
SPLINE
  5
239
330
1F
100
AcDbEntity
  8
DEFAULT
 62
     7
100
AcDbSpline
210
0.0
220
0.0
230
1.0
 70
     8
 71
     3
 72
    11
 73
     7
 74
     0
 42
0.000000001
 43
0.0000000001
 40
0.0
 40
0.0
 40
0.0
 40
0.0
 40
2.64058876010637
 40
2.64058876010637
 40
2.64058876010637
 40
3.64058876010637
 40
3.64058876010637
 40
3.64058876010637
 40
3.64058876010637
 10
104.4350633333333
 20
58.02005583333334
 30
0.0
 10
104.6967068518519
 20
58.18727250000001
 30
0.0
 10
104.9583503703704
 20
58.35448916666667
 30
0.0
 10
105.2199938888889
 20
58.52170583333334
 30
0.0
 10
105.2711466666667
 20
58.48572249999999
 30
0.0
 10
105.8863911111111
 20
57.96784472222222
 30
0.0
 10
105.8863911111111
 20
57.96784472222222
 30
0.0
  0
POLYLINE
  5
23A
330
1F
100
AcDbEntity
  8
DEFAULT
 62
     7
100
AcDb2dPolyline
 66
     1
 10
0.0
 20
0.0
 30
0.0
  0
VERTEX
  5
23B
330
23A
100
AcDbEntity
  8
DEFAULT
 62
     7
100
AcDbVertex
100
AcDb2dVertex
 10
104.4345694444444
 20
58.520965
 30
0.0
  0
VERTEX
  5
23C
330
23A
100
AcDbEntity
  8
DEFAULT
 62
     7
100
AcDbVertex
100
AcDb2dVertex
 10
106.5632305555555
 20
58.52343444444445
 30
0.0
  0
SEQEND
  5
23D
330
23A
100
AcDbEntity
  8
DEFAULT
 62
     7
  0
POLYLINE
  5
23E
330
1F
100
AcDbEntity
  8
DEFAULT
 62
     7
100
AcDb2dPolyline
 66
     1
 10
0.0
 20
0.0
 30
0.0
  0
VERTEX
  5
23F
330
23E
100
AcDbEntity
  8
DEFAULT
 62
     7
100
AcDbVertex
100
AcDb2dVertex
 10
103.4260130555556
 20
66.00507499999998
 30
0.0
  0
VERTEX
  5
240
330
23E
100
AcDbEntity
  8
DEFAULT
 62
     7
100
AcDbVertex
100
AcDb2dVertex
 10
103.4277769444444
 20
64.47789999999999
 30
0.0
  0
SEQEND
  5
241
330
23E
100
AcDbEntity
  8
DEFAULT
 62
     7
  0
SPLINE
  5
242
330
1F
100
AcDbEntity
  8
DEFAULT
 62
     7
100
AcDbSpline
210
0.0
220
0.0
230
1.0
 70
     8
 71
     3
 72
    11
 73
     7
 74
     0
 42
0.000000001
 43
0.0000000001
 40
0.0
 40
0.0
 40
0.0
 40
0.0
 40
2.640588760106306
 40
2.640588760106306
 40
2.640588760106306
 40
3.640588760106306
 40
3.640588760106306
 40
3.640588760106306
 40
3.640588760106306
 10
104.4271611111111
 20
65.01909638888891
 30
0.0
 10
104.6888046296297
 20
65.18631305555557
 30
0.0
 10
104.9504481481482
 20
65.35352972222223
 30
0.0
 10
105.2120916666667
 20
65.5207463888889
 30
0.0
 10
105.2632444444444
 20
65.48476305555555
 30
0.0
 10
105.8784888888889
 20
64.96723805555555
 30
0.0
 10
105.8784888888889
 20
64.96723805555555
 30
0.0
  0
POLYLINE
  5
243
330
1F
100
AcDbEntity
  8
DEFAULT
 62
     7
100
AcDb2dPolyline
 66
     1
 10
0.0
 20
0.0
 30
0.0
  0
VERTEX
  5
244
330
243
100
AcDbEntity
  8
DEFAULT
 62
     7
100
AcDbVertex
100
AcDb2dVertex
 10
104.4266319444445
 20
65.52000555555556
 30
0.0
  0
VERTEX
  5
245
330
243
100
AcDbEntity
  8
DEFAULT
 62
     7
100
AcDbVertex
100
AcDb2dVertex
 10
106.5552930555555
 20
65.522475
 30
0.0
  0
SEQEND
  5
246
330
243
100
AcDbEntity
  8
DEFAULT
 62
     7
  0
SPLINE
  5
247
330
1F
100
AcDbEntity
  8
DEFAULT
 62
     1
100
AcDbSpline
210
0.0
220
0.0
230
1.0
 70
    11
 71
     3
 72
   197
 73
   193
 74
     0
 42
0.000000001
 43
0.0000000001
 40
1.0
 40
1.0
 40
1.0
 40
1.0
 40
2.0
 40
2.0
 40
2.0
 40
3.0
 40
3.0
 40
3.0
 40
4.0
 40
4.0
 40
4.0
 40
13.92000609878846
 40
13.92000609878846
 40
13.92000609878846
 40
22.42001086349301
 40
22.42001086349301
 40
22.42001086349301
 40
32.34001696228142
 40
32.34001696228142
 40
32.34001696228142
 40
33.34001696228142
 40
33.34001696228142
 40
33.34001696228142
 40
34.34001696228142
 40
34.34001696228142
 40
34.34001696228142
 40
35.34001696228142
 40
35.34001696228142
 40
35.34001696228142
 40
36.34001696228142
 40
36.34001696228142
 40
36.34001696228142
 40
37.34001696228142
 40
37.34001696228142
 40
37.34001696228142
 40
38.34001696228142
 40
38.34001696228142
 40
38.34001696228142
 40
39.34001696228142
 40
39.34001696228142
 40
39.34001696228142
 40
49.26102306045512
 40
49.26102306045512
 40
49.26102306045512
 40
57.76102894280603
 40
57.76102894280603
 40
57.76102894280603
 40
67.68203504097974
 40
67.68203504097974
 40
67.68203504097974
 40
68.68203504097974
 40
68.68203504097974
 40
68.68203504097974
 40
69.68203504097974
 40
69.68203504097974
 40
69.68203504097974
 40
70.68203504097974
 40
70.68203504097974
 40
70.68203504097974
 40
71.68203504097974
 40
71.68203504097974
 40
71.68203504097974
 40
72.68203504097974
 40
72.68203504097974
 40
72.68203504097974
 40
73.68203504097974
 40
73.68203504097974
 40
73.68203504097974
 40
74.68203504097974
 40
74.68203504097974
 40
74.68203504097974
 40
84.60204229904161
 40
84.60204229904161
 40
84.60204229904161
 40
93.10204706374616
 40
93.10204706374616
 40
93.10204706374616
 40
103.022054321808
 40
103.022054321808
 40
103.022054321808
 40
104.022054321808
 40
104.022054321808
 40
104.022054321808
 40
105.022054321808
 40
105.022054321808
 40
105.022054321808
 40
116.3630617726476
 40
116.3630617726476
 40
116.3630617726476
 40
117.3630617726476
 40
117.3630617726476
 40
117.3630617726476
 40
118.3630617726476
 40
118.3630617726476
 40
118.3630617726476
 40
128.283067871436
 40
128.283067871436
 40
128.283067871436
 40
136.7830726361406
 40
136.7830726361406
 40
136.7830726361406
 40
146.703078734929
 40
146.703078734929
 40
146.703078734929
 40
147.703078734929
 40
147.703078734929
 40
147.703078734929
 40
148.703078734929
 40
148.703078734929
 40
148.703078734929
 40
149.703078734929
 40
149.703078734929
 40
149.703078734929
 40
150.703078734929
 40
150.703078734929
 40
150.703078734929
 40
151.703078734929
 40
151.703078734929
 40
151.703078734929
 40
152.703078734929
 40
152.703078734929
 40
152.703078734929
 40
153.703078734929
 40
153.703078734929
 40
153.703078734929
 40
163.6230859929908
 40
163.6230859929908
 40
163.6230859929908
 40
172.1230918753418
 40
172.1230918753418
 40
172.1230918753418
 40
182.0530991260945
 40
182.0530991260945
 40
182.0530991260945
 40
183.0530991260945
 40
183.0530991260945
 40
183.0530991260945
 40
184.0530991260945
 40
184.0530991260945
 40
184.0530991260945
 40
185.0530991260945
 40
185.0530991260945
 40
185.0530991260945
 40
186.0530991260945
 40
186.0530991260945
 40
186.0530991260945
 40
187.0530991260945
 40
187.0530991260945
 40
187.0530991260945
 40
188.0530991260945
 40
188.0530991260945
 40
188.0530991260945
 40
189.0530991260945
 40
189.0530991260945
 40
189.0530991260945
 40
198.9741052242682
 40
198.9741052242682
 40
198.9741052242682
 40
207.4731111073112
 40
207.4731111073112
 40
207.4731111073112
 40
217.3931161476325
 40
217.3931161476325
 40
217.3931161476325
 40
218.3931161476325
 40
218.3931161476325
 40
218.3931161476325
 40
219.3931161476325
 40
219.3931161476325
 40
219.3931161476325
 40
220.3931161476325
 40
220.3931161476325
 40
220.3931161476325
 40
221.3931161476325
 40
221.3931161476325
 40
221.3931161476325
 40
222.3931161476325
 40
222.3931161476325
 40
222.3931161476325
 40
232.3121222470358
 40
232.3121222470358
 40
232.3121222470358
 40
240.8121281293867
 40
240.8121281293867
 40
240.8121281293867
 40
250.7331342275604
 40
250.7331342275604
 40
250.7331342275604
 40
251.7331342275604
 40
251.7331342275604
 40
251.7331342275604
 40
252.7331342275604
 40
252.7331342275604
 40
252.7331342275604
 40
252.7331342275604
 10
133.4667341666666
 20
60.27829222222222
 30
0.0
 10
133.4706147222222
 20
57.01862555555555
 30
0.0
 10
129.4729369444444
 20
56.15925888888889
 30
0.0
 10
129.4754063888889
 20
54.08175055555556
 30
0.0
 10
129.4754063888889
 20
54.08175055555556
 30
0.0
 10
128.6992952777778
 20
54.03130333333333
 30
0.0
 10
127.7256286111111
 20
54.030245
 30
0.0
 10
126.7554897222222
 20
54.02918666666667
 30
0.0
 10
126.8507397222222
 20
54.07857555555555
 30
0.0
 10
125.9758508333333
 20
54.07751722222222
 30
0.0
 10
124.8093323148148
 20
54.0762237037037
 30
0.0
 10
123.6428137962963
 20
54.07493018518519
 30
0.0
 10
122.4762952777778
 20
54.07363666666667
 30
0.0
 10
122.4773536111111
 20
53.07409962962962
 30
0.0
 10
122.4784119444444
 20
52.07456259259259
 30
0.0
 10
122.4794702777778
 20
51.07502555555556
 30
0.0
 10
123.6459887962963
 20
51.07631907407407
 30
0.0
 10
124.8125073148148
 20
51.07761259259259
 30
0.0
 10
125.9790258333333
 20
51.07890611111111
 30
0.0
 10
126.8539147222222
 20
51.07996444444444
 30
0.0
 10
126.7586647222222
 20
51.12935333333333
 30
0.0
 10
127.7288036111111
 20
51.13041166666666
 30
0.0
 10
128.7024702777778
 20
51.13147
 30
0.0
 10
128.6036925
 20
51.08208111111111
 30
0.0
 10
129.4785813888889
 20
51.08313944444444
 30
0.0
 10
129.4835202777778
 20
46.72245333333333
 30
0.0
 10
127.6427258333333
 20
49.20071722222222
 30
0.0
 10
124.2624091666666
 20
46.76619777777778
 30
0.0
 10
122.5387369444444
 20
45.52265611111111
 30
0.0
 10
120.8785647222222
 20
44.33167833333333
 30
0.0
 10
116.6699258333333
 20
44.32673944444444
 30
0.0
 10
114.9272036111111
 20
44.32462277777778
 30
0.0
 10
113.9514202777778
 20
46.18658388888889
 30
0.0
 10
112.5473647222222
 20
46.18481999999999
 30
0.0
 10
112.5463063888889
 20
47.05970888888889
 30
0.0
 10
112.4972702777778
 20
46.96093111111111
 30
0.0
 10
112.4962119444444
 20
47.93459777777777
 30
0.0
 10
112.4948008333333
 20
48.90473666666666
 30
0.0
 10
112.5445425
 20
48.80948666666667
 30
0.0
 10
112.5434841666666
 20
49.68437555555555
 30
0.0
 10
112.5421906481481
 20
50.85101166666666
 30
0.0
 10
112.5408971296296
 20
52.01764777777777
 30
0.0
 10
112.5396036111111
 20
53.18428388888888
 30
0.0
 10
111.5400665740741
 20
53.18310796296296
 30
0.0
 10
110.540529537037
 20
53.18193203703703
 30
0.0
 10
109.5409925
 20
53.18075611111111
 30
0.0
 10
109.5422860185185
 20
52.01411999999999
 30
0.0
 10
109.543579537037
 20
50.84748388888888
 30
0.0
 10
109.5448730555555
 20
49.68084777777778
 30
0.0
 10
109.5459313888889
 20
48.80595888888888
 30
0.0
 10
109.5949675
 20
48.90156166666667
 30
0.0
 10
109.5960258333333
 20
47.93142277777778
 30
0.0
 10
109.5970841666667
 20
46.95740333333334
 30
0.0
 10
109.5476952777777
 20
47.05653388888889
 30
0.0
 10
109.5487536111111
 20
46.18129222222222
 30
0.0
 10
103.1987536111111
 20
46.17423666666667
 30
0.0
 10
107.4888841666667
 20
42.72548111111111
 30
0.0
 10
99.76693138888888
 20
45.64118944444444
 30
0.0
 10
97.84358694444444
 20
46.36932277777778
 30
0.0
 10
97.73810638888887
 20
49.08888666666667
 30
0.0
 10
97.51479805555554
 20
52.96908944444444
 30
0.0
 10
97.45023972222221
 20
54.12972833333333
 30
0.0
 10
95.34168694444445
 20
53.22062
 30
0.0
 10
95.33745361111109
 20
56.73075888888889
 30
0.0
 10
96.21234249999998
 20
56.73181722222222
 30
0.0
 10
96.11356472222222
 20
56.7812061111111
 30
0.0
 10
97.08723138888888
 20
56.78261722222222
 30
0.0
 10
98.05737027777776
 20
56.78367555555555
 30
0.0
 10
97.96212027777777
 20
56.73746166666666
 30
0.0
 10
98.83700916666665
 20
56.73852
 30
0.0
 10
100.0035276851852
 20
56.73993111111111
 30
0.0
 10
101.1700462037037
 20
56.74134222222222
 30
0.0
 10
102.3365647222222
 20
56.74275333333333
 30
0.0
 10
102.3355063888889
 20
57.74229037037037
 30
0.0
 10
102.3344480555555
 20
58.74182740740741
 30
0.0
 10
102.3333897222222
 20
59.74136444444444
 30
0.0
 10
101.1668712037037
 20
59.73995333333333
 30
0.0
 10
100.0003526851852
 20
59.73854222222221
 30
0.0
 10
98.83383416666666
 20
59.73713111111111
 30
0.0
 10
97.95894527777777
 20
59.73607277777777
 30
0.0
 10
98.05419527777777
 20
59.68668388888889
 30
0.0
 10
97.08405638888887
 20
59.68562555555555
 30
0.0
 10
96.11003694444445
 20
59.68456722222222
 30
0.0
 10
96.20881472222221
 20
59.73395611111111
 30
0.0
 10
95.3342786111111
 20
59.73289777777778
 30
0.0
 10
95.3327499074074
 20
61.06651537037036
 30
0.0
 10
95.33122120370369
 20
62.40013296296295
 30
0.0
 10
95.32969249999998
 20
63.73375055555555
 30
0.0
 10
96.20458138888887
 20
63.73480888888889
 30
0.0
 10
96.10545083333332
 20
63.78419777777777
 30
0.0
 10
97.07911749999998
 20
63.78490333333333
 30
0.0
 10
98.04925638888886
 20
63.78596166666667
 30
0.0
 10
97.95400638888887
 20
63.73657277777777
 30
0.0
 10
98.82889527777778
 20
63.73763111111111
 30
0.0
 10
99.99541379629629
 20
63.73892462962963
 30
0.0
 10
101.1619323148148
 20
63.74021814814815
 30
0.0
 10
102.3284508333333
 20
63.74151166666667
 30
0.0
 10
102.3273925
 20
64.74104870370371
 30
0.0
 10
102.3263341666666
 20
65.74058574074076
 30
0.0
 10
102.3252758333333
 20
66.74012277777778
 30
0.0
 10
101.1587573148148
 20
66.73882925925926
 30
0.0
 10
99.99223879629626
 20
66.73753574074074
 30
0.0
 10
98.82572027777776
 20
66.73624222222223
 30
0.0
 10
97.95083138888887
 20
66.73518388888888
 30
0.0
 10
98.04608138888887
 20
66.685795
 30
0.0
 10
97.07594249999998
 20
66.68473666666667
 30
0.0
 10
96.10227583333331
 20
66.68367833333333
 30
0.0
 10
96.2010536111111
 20
66.73342
 30
0.0
 10
95.3261647222222
 20
66.73236166666666
 30
0.0
 10
95.32228416666665
 20
70.24567555555555
 30
0.0
 10
97.43260083333331
 20
69.34150611111112
 30
0.0
 10
97.4950425
 20
70.49897
 30
0.0
 10
97.7091786111111
 20
74.37952555555556
 30
0.0
 10
97.80830916666665
 20
77.10297
 30
0.0
 10
99.73024249999997
 20
77.83216166666666
 30
0.0
 10
107.4458452777778
 20
80.76550888888887
 30
0.0
 10
103.1634758333333
 20
77.30687555555555
 30
0.0
 10
109.5134758333333
 20
77.31428388888888
 30
0.0
 10
109.5145341666666
 20
76.44256999999999
 30
0.0
 10
109.5635702777778
 20
76.53782
 30
0.0
 10
109.5646286111111
 20
75.56768111111111
 30
0.0
 10
109.5660397222222
 20
74.597895
 30
0.0
 10
109.5162980555555
 20
74.68926444444443
 30
0.0
 10
109.5173563888889
 20
73.81437555555556
 30
0.0
 10
109.5187675
 20
72.64785703703704
 30
0.0
 10
109.5201786111111
 20
71.48133851851851
 30
0.0
 10
109.5215897222222
 20
70.31482
 30
0.0
 10
110.5211267592592
 20
70.31599592592592
 30
0.0
 10
111.5206637962963
 20
70.31717185185185
 30
0.0
 10
112.5202008333333
 20
70.31834777777777
 30
0.0
 10
112.5187897222222
 20
71.48604222222222
 30
0.0
 10
112.5173786111111
 20
72.65373666666666
 30
0.0
 10
112.5159675
 20
73.82143111111111
 30
0.0
 10
112.5149091666666
 20
74.69279222222221
 30
0.0
 10
112.4658730555555
 20
74.60106999999999
 30
0.0
 10
112.4644619444444
 20
75.57120888888889
 30
0.0
 10
112.4634036111111
 20
76.54134777777777
 30
0.0
 10
112.5131452777778
 20
76.44609777777778
 30
0.0
 10
112.5120869444444
 20
77.31745888888888
 30
0.0
 10
113.9161425
 20
77.31922277777778
 30
0.0
 10
114.8876925
 20
79.18647555555555
 30
0.0
 10
116.6304147222222
 20
79.18859222222223
 30
0.0
 10
120.8390536111111
 20
79.19317833333332
 30
0.0
 10
122.5016952777778
 20
78.00608111111111
 30
0.0
 10
124.2285425
 20
76.76642
 30
0.0
 10
127.6141508333333
 20
74.33966166666667
 30
0.0
 10
129.5128008333333
 20
76.82533388888889
 30
0.0
 10
129.5180925
 20
72.46147277777777
 30
0.0
 10
128.6432036111111
 20
72.46041444444444
 30
0.0
 10
128.7416286111111
 20
72.41137833333333
 30
0.0
 10
127.7683147222222
 20
72.40996722222222
 30
0.0
 10
126.7981758333333
 20
72.40890888888889
 30
0.0
 10
126.8934258333333
 20
72.45829777777777
 30
0.0
 10
126.0185369444444
 20
72.45723944444444
 30
0.0
 10
124.8519008333333
 20
72.45594592592592
 30
0.0
 10
123.6852647222222
 20
72.45465240740741
 30
0.0
 10
122.5186286111111
 20
72.45335888888889
 30
0.0
 10
122.519804537037
 20
71.45393944444444
 30
0.0
 10
122.5209804629629
 20
70.45452
 30
0.0
 10
122.5221563888889
 20
69.45510055555556
 30
0.0
 10
123.6886749074074
 20
69.45627648148148
 30
0.0
 10
124.8551934259259
 20
69.45745240740742
 30
0.0
 10
126.0217119444444
 20
69.45862833333332
 30
0.0
 10
126.8966008333333
 20
69.45968666666667
 30
0.0
 10
126.8013508333333
 20
69.50907555555555
 30
0.0
 10
127.7714897222222
 20
69.51013388888889
 30
0.0
 10
128.7451563888889
 20
69.511545
 30
0.0
 10
128.6463786111111
 20
69.46180333333334
 30
0.0
 10
129.5212675
 20
69.46286166666667
 30
0.0
 10
129.5237369444444
 20
67.38852833333333
 30
0.0
 10
133.4596786111111
 20
66.54009777777777
 30
0.0
 10
133.4632063888889
 20
63.27690333333333
 30
0.0
 10
132.5890230555555
 20
63.27584499999999
 30
0.0
 10
132.6878008333333
 20
63.22680888888889
 30
0.0
 10
131.7141341666666
 20
63.22575055555555
 30
0.0
 10
130.7439952777777
 20
63.225045
 30
0.0
 10
130.8392452777778
 20
63.27372833333334
 30
0.0
 10
129.9636508333333
 20
63.27267
 30
0.0
 10
128.7972499074074
 20
63.27137648148148
 30
0.0
 10
127.6308489814814
 20
63.27008296296296
 30
0.0
 10
126.4644480555555
 20
63.26878944444444
 30
0.0
 10
126.4656239814815
 20
62.26925240740741
 30
0.0
 10
126.4667999074074
 20
61.26971537037036
 30
0.0
 10
126.4679758333333
 20
60.27017833333333
 30
0.0
 10
127.6346119444444
 20
60.27147185185186
 30
0.0
 10
128.8012480555555
 20
60.27276537037037
 30
0.0
 10
129.9678841666666
 20
60.27405888888889
 30
0.0
 10
130.8424202777778
 20
60.27511722222223
 30
0.0
 10
130.7475230555555
 20
60.32415333333333
 30
0.0
 10
131.7176619444444
 20
60.32521166666667
 30
0.0
 10
132.6909758333333
 20
60.32626999999999
 30
0.0
 10
132.5921980555555
 20
60.27723388888889
 30
0.0
 10
133.4667341666666
 20
60.27829222222222
 30
0.0
  0
POLYLINE
  5
248
330
1F
100
AcDbEntity
  8
DEFAULT
 62
     7
100
AcDb2dPolyline
 66
     1
 10
0.0
 20
0.0
 30
0.0
  0
VERTEX
  5
249
330
248
100
AcDbEntity
  8
DEFAULT
 62
     7
100
AcDbVertex
100
AcDb2dVertex
 10
142.5900261111111
 20
70.18658527777777
 30
0.0
  0
VERTEX
  5
24A
330
248
100
AcDbEntity
  8
DEFAULT
 62
     7
100
AcDbVertex
100
AcDb2dVertex
 10
142.59179
 20
68.65905749999999
 30
0.0
  0
SEQEND
  5
24B
330
248
100
AcDbEntity
  8
DEFAULT
 62
     7
  0
SPLINE
  5
24C
330
1F
100
AcDbEntity
  8
DEFAULT
 62
     7
100
AcDbSpline
210
0.0
220
0.0
230
1.0
 70
     8
 71
     3
 72
    23
 73
    19
 74
     0
 42
0.000000001
 43
0.0000000001
 40
0.0
 40
0.0
 40
0.0
 40
0.0
 40
1.0
 40
1.0
 40
1.0
 40
2.0
 40
2.0
 40
2.0
 40
3.0
 40
3.0
 40
3.0
 40
4.0
 40
4.0
 40
4.0
 40
5.0
 40
5.0
 40
5.0
 40
6.0
 40
6.0
 40
6.0
 40
6.0
 10
145.0155497222222
 20
69.00128722222222
 30
0.0
 10
145.0631747222222
 20
69.08207333333333
 30
0.0
 10
145.1051552777778
 20
69.21154277777778
 30
0.0
 10
145.1048025
 20
69.3586511111111
 30
0.0
 10
145.1044497222222
 20
69.67015388888888
 30
0.0
 10
144.9125386111111
 20
69.85889
 30
0.0
 10
144.6786469444444
 20
69.85853722222222
 30
0.0
 10
144.5047275
 20
69.85818444444443
 30
0.0
 10
144.3883108333333
 20
69.65322055555555
 30
0.0
 10
144.3883108333333
 20
69.43097055555555
 30
0.0
 10
144.3890163888889
 20
69.08842333333334
 30
0.0
 10
144.2419080555555
 20
68.94978166666667
 30
0.0
 10
144.0260080555555
 20
68.94942888888889
 30
0.0
 10
143.7713025
 20
68.94907611111111
 30
0.0
 10
143.5910330555555
 20
69.14663166666666
 30
0.0
 10
143.5906802777778
 20
69.49164833333332
 30
0.0
 10
143.5903275
 20
69.65039833333333
 30
0.0
 10
143.6291330555555
 20
69.79715388888889
 30
0.0
 10
143.6891052777778
 20
69.89945944444443
 30
0.0
  0
POLYLINE
  5
24D
330
1F
100
AcDbEntity
  8
DEFAULT
 62
     7
100
AcDb2dPolyline
 66
     1
 10
0.0
 20
0.0
 30
0.0
  0
VERTEX
  5
24E
330
24D
100
AcDbEntity
  8
DEFAULT
 62
     7
100
AcDbVertex
100
AcDb2dVertex
 10
143.2781897222222
 20
59.78842499999999
 30
0.0
  0
VERTEX
  5
24F
330
24D
100
AcDbEntity
  8
DEFAULT
 62
     7
100
AcDbVertex
100
AcDb2dVertex
 10
143.2799536111111
 20
58.26125
 30
0.0
  0
SEQEND
  5
250
330
24D
100
AcDbEntity
  8
DEFAULT
 62
     7
  0
SPLINE
  5
251
330
1F
100
AcDbEntity
  8
DEFAULT
 62
     7
100
AcDbSpline
210
0.0
220
0.0
230
1.0
 70
     8
 71
     3
 72
    11
 73
     7
 74
     0
 42
0.000000001
 43
0.0000000001
 40
0.0
 40
0.0
 40
0.0
 40
0.0
 40
1.0
 40
1.0
 40
1.0
 40
2.0
 40
2.0
 40
2.0
 40
2.0
 10
145.4451625
 20
59.25957583333332
 30
0.0
 10
145.6402486111111
 20
59.19360638888887
 30
0.0
 10
145.7633680555555
 20
59.03485638888888
 30
0.0
 10
145.7633680555555
 20
58.85811472222221
 30
0.0
 10
145.7633680555555
 20
58.8281286111111
 30
0.0
 10
145.7605458333333
 20
58.80731472222221
 30
0.0
 10
145.7545486111111
 20
58.78297305555554
 30
0.0
  0
SPLINE
  5
252
330
1F
100
AcDbEntity
  8
DEFAULT
 62
     7
100
AcDbSpline
210
0.0
220
0.0
230
1.0
 70
     8
 71
     3
 72
    11
 73
     7
 74
     0
 42
0.000000001
 43
0.0000000001
 40
0.0
 40
0.0
 40
0.0
 40
0.0
 40
2.830001590105487
 40
2.830001590105487
 40
2.830001590105487
 40
3.830001590105487
 40
3.830001590105487
 40
3.830001590105487
 40
3.830001590105487
 10
144.2788086111111
 20
59.2582
 30
0.0
 10
144.6115956481482
 20
59.25855277777777
 30
0.0
 10
144.9443826851852
 20
59.25890555555554
 30
0.0
 10
145.2771697222222
 20
59.25925833333332
 30
0.0
 10
145.4479141666667
 20
59.2596111111111
 30
0.0
 10
145.5950225
 20
59.2627861111111
 30
0.0
 10
145.7301363888889
 20
59.27195833333332
 30
0.0
  0
POLYLINE
  5
253
330
1F
100
AcDbEntity
  8
DEFAULT
 62
     7
100
AcDb2dPolyline
 66
     1
 10
0.0
 20
0.0
 30
0.0
  0
VERTEX
  5
254
330
253
100
AcDbEntity
  8
DEFAULT
 62
     7
100
AcDbVertex
100
AcDb2dVertex
 10
140.3341886111112
 20
41.86495027777779
 30
0.0
  0
VERTEX
  5
255
330
253
100
AcDbEntity
  8
DEFAULT
 62
     7
100
AcDbVertex
100
AcDb2dVertex
 10
140.4096830555556
 20
40.33953916666668
 30
0.0
  0
SEQEND
  5
256
330
253
100
AcDbEntity
  8
DEFAULT
 62
     7
  0
SPLINE
  5
257
330
1F
100
AcDbEntity
  8
DEFAULT
 62
     7
100
AcDbSpline
210
0.0
220
0.0
230
1.0
 70
     8
 71
     3
 72
    20
 73
    16
 74
     0
 42
0.000000001
 43
0.0000000001
 40
0.0
 40
0.0
 40
0.0
 40
0.0
 40
1.0
 40
1.0
 40
1.0
 40
1.680920700228794
 40
1.680920700228794
 40
1.680920700228794
 40
2.680920700228794
 40
2.680920700228794
 40
2.680920700228794
 40
3.680920700228794
 40
3.680920700228794
 40
3.680920700228794
 40
6.13690319202304
 40
6.13690319202304
 40
6.13690319202304
 40
6.13690319202304
 10
141.3465197222222
 20
41.64033666666666
 30
0.0
 10
141.3465197222222
 20
41.64033666666666
 30
0.0
 10
142.6761391666667
 20
41.70912833333333
 30
0.0
 10
142.7953780555555
 20
41.72394499999999
 30
0.0
 10
142.7156502777778
 20
41.71653666666666
 30
0.0
 10
142.6359225
 20
41.70912833333333
 30
0.0
 10
142.5561947222222
 20
41.70172
 30
0.0
 10
142.6976586111111
 20
41.63645611111111
 30
0.0
 10
142.8405336111111
 20
41.47523666666666
 30
0.0
 10
142.8525280555556
 20
41.23605333333333
 30
0.0
 10
142.8624058333333
 20
41.03532277777777
 30
0.0
 10
142.7579836111111
 20
40.71817555555555
 30
0.0
 10
142.2609197222222
 20
40.69312833333333
 30
0.0
 10
141.9724650925926
 20
40.67889962962963
 30
0.0
 10
141.684010462963
 20
40.66467092592593
 30
0.0
 10
141.3955558333333
 20
40.65044222222222
 30
0.0
  0
SPLINE
  5
258
330
1F
100
AcDbEntity
  8
DEFAULT
 62
     1
100
AcDbSpline
210
0.0
220
0.0
230
1.0
 70
    11
 71
     3
 72
    92
 73
    88
 74
     0
 42
0.000000001
 43
0.0000000001
 40
1.0
 40
1.0
 40
1.0
 40
1.0
 40
2.0
 40
2.0
 40
2.0
 40
3.0
 40
3.0
 40
3.0
 40
4.0
 40
4.0
 40
4.0
 40
13.92000725806188
 40
13.92000725806188
 40
13.92000725806188
 40
22.42001314041278
 40
22.42001314041278
 40
22.42001314041278
 40
32.34001923920125
 40
32.34001923920125
 40
32.34001923920125
 40
33.34001923920125
 40
33.34001923920125
 40
33.34001923920125
 40
34.34001923920125
 40
34.34001923920125
 40
34.34001923920125
 40
35.34001923920125
 40
35.34001923920125
 40
35.34001923920125
 40
36.34001923920125
 40
36.34001923920125
 40
36.34001923920125
 40
37.34001923920125
 40
37.34001923920125
 40
37.34001923920125
 40
38.34001923920125
 40
38.34001923920125
 40
38.34001923920125
 40
39.34001923920125
 40
39.34001923920125
 40
39.34001923920125
 40
40.34001923920125
 40
40.34001923920125
 40
40.34001923920125
 40
41.34001923920125
 40
41.34001923920125
 40
41.34001923920125
 40
42.34001923920125
 40
42.34001923920125
 40
42.34001923920125
 40
50.83935344842021
 40
50.83935344842021
 40
50.83935344842021
 40
60.7600208654845
 40
60.7600208654845
 40
60.7600208654845
 40
61.7600208654845
 40
61.7600208654845
 40
61.7600208654845
 40
62.7600208654845
 40
62.7600208654845
 40
62.7600208654845
 40
63.7600208654845
 40
63.7600208654845
 40
63.7600208654845
 40
64.7600208654845
 40
64.7600208654845
 40
64.7600208654845
 40
65.7600208654845
 40
65.7600208654845
 40
65.7600208654845
 40
66.7600208654845
 40
66.7600208654845
 40
66.7600208654845
 40
76.68002696427297
 40
76.68002696427297
 40
76.68002696427297
 40
85.18003284662387
 40
85.18003284662387
 40
85.18003284662387
 40
95.10003894541228
 40
95.10003894541228
 40
95.10003894541228
 40
96.10003894541228
 40
96.10003894541228
 40
96.10003894541228
 40
97.10003894541228
 40
97.10003894541228
 40
97.10003894541228
 40
97.10003894541228
 10
135.1782355555555
 20
60.51567638888888
 30
0.0
 10
135.23468
 20
63.50370416666667
 30
0.0
 10
134.4966688888888
 20
65.0047736111111
 30
0.0
 10
134.4934938888889
 20
67.91519027777777
 30
0.0
 10
135.3683827777778
 20
67.91624861111111
 30
0.0
 10
135.2692522222222
 20
67.96528472222222
 30
0.0
 10
136.2429188888889
 20
67.96634305555555
 30
0.0
 10
137.2130577777777
 20
67.96740138888889
 30
0.0
 10
137.1181605555555
 20
67.9180125
 30
0.0
 10
137.9930494444444
 20
67.91871805555556
 30
0.0
 10
139.1595679629629
 20
67.92012916666667
 30
0.0
 10
140.3260864814814
 20
67.92154027777778
 30
0.0
 10
141.492605
 20
67.92295138888889
 30
0.0
 10
141.491429074074
 20
68.92248842592593
 30
0.0
 10
141.4902531481481
 20
69.92202546296298
 30
0.0
 10
141.4890772222222
 20
70.92156250000001
 30
0.0
 10
140.3225587037037
 20
70.92026898148147
 30
0.0
 10
139.1560401851852
 20
70.91897546296296
 30
0.0
 10
137.9895216666666
 20
70.91768194444444
 30
0.0
 10
137.1146327777778
 20
70.9166236111111
 30
0.0
 10
137.2098827777778
 20
70.86723472222222
 30
0.0
 10
136.2397438888889
 20
70.86617638888889
 30
0.0
 10
135.2660772222222
 20
70.86511805555554
 30
0.0
 10
135.364855
 20
70.91485972222222
 30
0.0
 10
134.4899661111111
 20
70.91380138888888
 30
0.0
 10
134.4878494444444
 20
72.57150416666667
 30
0.0
 10
135.8269938888889
 20
73.9138236111111
 30
0.0
 10
137.4850494444444
 20
73.9155875
 30
0.0
 10
145.5319105555555
 20
73.92475972222222
 30
0.0
 10
144.4728716666666
 20
74.51989583333334
 30
0.0
 10
149.0656855555555
 20
72.17674583333333
 30
0.0
 10
151.2783077777777
 20
71.04785694444443
 30
0.0
 10
160.5524827777778
 20
64.55321805555555
 30
0.0
 10
157.0455188888889
 20
62.05907916666666
 30
0.0
 10
153.6232216666667
 20
59.62526527777778
 30
0.0
 10
145.9037383333333
 20
51.47892083333333
 30
0.0
 10
146.3387133333333
 20
39.89652083333333
 30
0.0
 10
146.3983327777778
 20
38.31043194444445
 30
0.0
 10
145.0023911111111
 20
36.38955694444444
 30
0.0
 10
138.8534744444444
 20
36.38285416666667
 30
0.0
 10
137.1954188888889
 20
36.3807375
 30
0.0
 10
135.8534522222222
 20
37.72340972222222
 30
0.0
 10
135.8513355555556
 20
39.38146527777778
 30
0.0
 10
136.7262244444444
 20
39.42485694444444
 30
0.0
 10
136.6239188888889
 20
39.4668375
 30
0.0
 10
137.5975855555555
 20
39.51410972222222
 30
0.0
 10
138.5641966666666
 20
39.56420416666666
 30
0.0
 10
138.4724744444444
 20
39.50775972222223
 30
0.0
 10
139.3470105555555
 20
39.55115138888889
 30
0.0
 10
139.2977392592592
 20
40.54939490740741
 30
0.0
 10
139.248467962963
 20
41.54763842592593
 30
0.0
 10
139.1991966666667
 20
42.54588194444445
 30
0.0
 10
138.0339716666666
 20
42.48931990740741
 30
0.0
 10
136.8687466666666
 20
42.43275787037037
 30
0.0
 10
135.7035216666666
 20
42.37619583333333
 30
0.0
 10
134.8286327777778
 20
42.33315694444445
 30
0.0
 10
134.9274105555555
 20
42.28729583333334
 30
0.0
 10
133.9572716666666
 20
42.24002361111111
 30
0.0
 10
132.9871327777778
 20
42.19310416666666
 30
0.0
 10
133.0823827777778
 20
42.24637361111111
 30
0.0
 10
132.2074938888889
 20
42.20298194444445
 30
0.0
 10
132.2043188888889
 20
45.01215138888889
 30
0.0
 10
134.8621466666666
 20
46.36646527777778
 30
0.0
 10
135.5878105555555
 20
49.34249861111111
 30
0.0
 10
136.3353466666666
 20
52.41025416666667
 30
0.0
 10
135.1852911111111
 20
54.22917638888889
 30
0.0
 10
135.1817633333333
 20
57.51706527777777
 30
0.0
 10
136.0566522222222
 20
57.51777083333334
 30
0.0
 10
135.9575216666667
 20
57.5675125
 30
0.0
 10
136.9311883333333
 20
57.56857083333334
 30
0.0
 10
137.9013272222222
 20
57.56927638888889
 30
0.0
 10
137.80643
 20
57.5198875
 30
0.0
 10
138.6813188888889
 20
57.52094583333333
 30
0.0
 10
139.8478374074074
 20
57.52223935185185
 30
0.0
 10
141.0143559259259
 20
57.52353287037037
 30
0.0
 10
142.1808744444444
 20
57.52482638888888
 30
0.0
 10
142.1796985185185
 20
58.52436342592591
 30
0.0
 10
142.1785225925926
 20
59.52390046296296
 30
0.0
 10
142.1773466666666
 20
60.52343749999999
 30
0.0
 10
141.0108281481481
 20
60.52214398148147
 30
0.0
 10
139.8443096296296
 20
60.52085046296295
 30
0.0
 10
138.6777911111111
 20
60.51955694444444
 30
0.0
 10
137.8029022222222
 20
60.51849861111111
 30
0.0
 10
137.8981522222222
 20
60.46910972222222
 30
0.0
 10
136.9280133333333
 20
60.46805138888889
 30
0.0
 10
135.9543466666667
 20
60.46699305555555
 30
0.0
 10
136.0531244444444
 20
60.51638194444445
 30
0.0
 10
135.1782355555555
 20
60.51567638888888
 30
0.0
  0
POLYLINE
  5
259
330
1F
100
AcDbEntity
  8
DEFAULT
 62
     7
100
AcDb2dPolyline
 66
     1
 10
0.0
 20
0.0
 30
0.0
  0
VERTEX
  5
25A
330
259
100
AcDbEntity
  8
DEFAULT
 62
     7
100
AcDbVertex
100
AcDb2dVertex
 10
159.345771111111
 20
44.84909749999998
 30
0.0
  0
VERTEX
  5
25B
330
259
100
AcDbEntity
  8
DEFAULT
 62
     7
100
AcDbVertex
100
AcDb2dVertex
 10
158.5516683333333
 20
43.54452527777774
 30
0.0
  0
SEQEND
  5
25C
330
259
100
AcDbEntity
  8
DEFAULT
 62
     7
  0
SPLINE
  5
25D
330
1F
100
AcDbEntity
  8
DEFAULT
 62
     7
100
AcDbSpline
210
0.0
220
0.0
230
1.0
 70
    11
 71
     3
 72
    17
 73
    13
 74
     0
 42
0.000000001
 43
0.0000000001
 40
0.0
 40
0.0
 40
0.0
 40
0.0
 40
1.0
 40
1.0
 40
1.0
 40
2.0
 40
2.0
 40
2.0
 40
3.0
 40
3.0
 40
3.0
 40
4.0
 40
4.0
 40
4.0
 40
4.0
 10
160.0923194444444
 20
42.6704125
 30
0.0
 10
159.6340611111111
 20
42.94945972222222
 30
0.0
 10
159.6277111111111
 20
43.38866805555556
 30
0.0
 10
159.8097444444444
 20
43.68852916666666
 30
0.0
 10
160.0140027777778
 20
44.02402083333333
 30
0.0
 10
160.4175805555556
 20
44.13302916666666
 30
0.0
 10
160.8091638888889
 20
43.89455138888889
 30
0.0
 10
161.2240305555555
 20
43.6419625
 30
0.0
 10
161.3023472222222
 20
43.22250972222222
 30
0.0
 10
161.09315
 20
42.87925694444444
 30
0.0
 10
160.8768972222222
 20
42.52330416666666
 30
0.0
 10
160.4715555555555
 20
42.4400486111111
 30
0.0
 10
160.0923194444444
 20
42.6704125
 30
0.0
  0
SPLINE
  5
25E
330
1F
100
AcDbEntity
  8
DEFAULT
 62
     5
100
AcDbSpline
210
0.0
220
0.0
230
1.0
 70
     8
 71
     3
 72
    35
 73
    31
 74
     0
 42
0.000000001
 43
0.0000000001
 40
0.0
 40
0.0
 40
0.0
 40
0.0
 40
1.0
 40
1.0
 40
1.0
 40
2.0
 40
2.0
 40
2.0
 40
3.0
 40
3.0
 40
3.0
 40
4.0
 40
4.0
 40
4.0
 40
5.0
 40
5.0
 40
5.0
 40
6.0
 40
6.0
 40
6.0
 40
7.0
 40
7.0
 40
7.0
 40
8.0
 40
8.0
 40
8.0
 40
9.0
 40
9.0
 40
9.0
 40
10.0
 40
10.0
 40
10.0
 40
10.0
 10
155.9875030555555
 20
47.69749583333333
 30
0.0
 10
157.6783669444444
 20
50.09320972222222
 30
0.0
 10
157.3509891666667
 20
52.33087916666666
 30
0.0
 10
157.8180669444444
 20
53.32994583333333
 30
0.0
 10
158.2851447222222
 20
54.32936527777778
 30
0.0
 10
162.5982058333333
 20
57.89100972222222
 30
0.0
 10
162.2157947222222
 20
56.4689625
 30
0.0
 10
161.1945030555555
 20
52.67060416666666
 30
0.0
 10
162.9848502777778
 20
48.91105138888889
 30
0.0
 10
162.5579891666667
 20
47.56696805555555
 30
0.0
 10
162.1032586111111
 20
46.13433749999999
 30
0.0
 10
162.8444447222222
 20
43.53013194444444
 30
0.0
 10
162.4398086111111
 20
42.08868194444444
 30
0.0
 10
161.7575363888889
 20
39.65980694444444
 30
0.0
 10
162.8642002777778
 20
39.09289305555556
 30
0.0
 10
162.6306613888889
 20
38.4571875
 30
0.0
 10
161.4721391666667
 20
35.30159027777777
 30
0.0
 10
162.7753002777778
 20
34.60802916666666
 30
0.0
 10
162.0538697222222
 20
34.74173194444445
 30
0.0
 10
160.8293780555556
 20
34.96892083333333
 30
0.0
 10
159.8207863888889
 20
32.65469861111111
 30
0.0
 10
155.6132058333333
 20
34.00830694444444
 30
0.0
 10
149.8922086111111
 20
35.84874861111111
 30
0.0
 10
150.3102502777778
 20
34.3106375
 30
0.0
 10
149.6865391666667
 20
34.86132361111111
 30
0.0
 10
149.0624752777778
 20
35.41200972222222
 30
0.0
 10
150.8429447222222
 20
37.64509305555555
 30
0.0
 10
151.1551530555556
 20
38.00351527777777
 30
0.0
 10
153.0414558333333
 20
40.1685125
 30
0.0
 10
153.1010752777778
 20
42.61749583333333
 30
0.0
 10
154.4793780555555
 20
45.2199375
 30
0.0
  0
SPLINE
  5
25F
330
1F
100
AcDbEntity
  8
DEFAULT
 62
     1
100
AcDbSpline
210
0.0
220
0.0
230
1.0
 70
    11
 71
     3
 72
    68
 73
    64
 74
     0
 42
0.000000001
 43
0.0000000001
 40
1.0
 40
1.0
 40
1.0
 40
1.0
 40
2.0
 40
2.0
 40
2.0
 40
3.0
 40
3.0
 40
3.0
 40
7.249823525747849
 40
7.249823525747849
 40
7.249823525747849
 40
15.74928497927537
 40
15.74928497927537
 40
15.74928497927537
 40
20.00167125053529
 40
20.00167125053529
 40
20.00167125053529
 40
21.00167125053529
 40
21.00167125053529
 40
21.00167125053529
 40
22.00167125053529
 40
22.00167125053529
 40
22.00167125053529
 40
23.00167125053529
 40
23.00167125053529
 40
23.00167125053529
 40
24.00167125053529
 40
24.00167125053529
 40
24.00167125053529
 40
25.00167125053529
 40
25.00167125053529
 40
25.00167125053529
 40
26.00167125053529
 40
26.00167125053529
 40
26.00167125053529
 40
27.00167125053529
 40
27.00167125053529
 40
27.00167125053529
 40
28.00167125053529
 40
28.00167125053529
 40
28.00167125053529
 40
29.00167125053529
 40
29.00167125053529
 40
29.00167125053529
 40
30.00167125053529
 40
30.00167125053529
 40
30.00167125053529
 40
31.00167125053529
 40
31.00167125053529
 40
31.00167125053529
 40
32.0016712505353
 40
32.0016712505353
 40
32.0016712505353
 40
33.0016712505353
 40
33.0016712505353
 40
33.0016712505353
 40
34.0016712505353
 40
34.0016712505353
 40
34.0016712505353
 40
35.0016712505353
 40
35.0016712505353
 40
35.0016712505353
 40
36.0016712505353
 40
36.0016712505353
 40
36.0016712505353
 40
36.0016712505353
 10
154.5186775
 20
48.64904333333333
 30
0.0
 10
155.2655080555556
 20
48.19431277777778
 30
0.0
 10
155.1561469444444
 20
48.203485
 30
0.0
 10
155.9876441666667
 20
47.69760166666666
 30
0.0
 10
156.8163191666666
 20
47.19312944444444
 30
0.0
 10
156.7602275
 20
47.28449888888889
 30
0.0
 10
157.5081163888889
 20
46.82976833333333
 30
0.0
 10
157.9349775
 20
46.5698887037037
 30
0.0
 10
158.3618386111111
 20
46.31000907407408
 30
0.0
 10
158.7886997222222
 20
46.05012944444445
 30
0.0
 10
158.2691756481481
 20
45.19628962962963
 30
0.0
 10
157.7496515740741
 20
44.34244981481481
 30
0.0
 10
157.2301275
 20
43.48861
 30
0.0
 10
156.8029136111111
 20
43.74848962962963
 30
0.0
 10
156.3756997222222
 20
44.00836925925926
 30
0.0
 10
155.9484858333333
 20
44.26824888888888
 30
0.0
 10
155.2016552777777
 20
44.72297944444444
 30
0.0
 10
155.3081941666667
 20
44.71557111111111
 30
0.0
 10
154.4795191666666
 20
45.21969055555555
 30
0.0
 10
153.6480219444444
 20
45.72592666666667
 30
0.0
 10
153.7065830555555
 20
45.63279333333333
 30
0.0
 10
152.9597525
 20
46.08717111111111
 30
0.0
 10
151.4304608333333
 20
43.371135
 30
0.0
 10
151.5564025
 20
42.39006
 30
0.0
 10
150.9485663888889
 20
41.19484888888889
 30
0.0
 10
150.3869441666667
 20
40.08959611111111
 30
0.0
 10
149.0534441666667
 20
38.703885
 30
0.0
 10
148.6286997222222
 20
37.91577944444445
 30
0.0
 10
145.9493525
 20
32.94796277777778
 30
0.0
 10
149.7233691666667
 20
32.49958222222223
 30
0.0
 10
150.6046080555555
 20
32.99876277777778
 30
0.0
 10
151.4861997222222
 20
33.49794333333333
 30
0.0
 10
154.6636691666666
 20
32.60753222222222
 30
0.0
 10
156.5524413888889
 20
32.21559611111111
 30
0.0
 10
158.4412136111111
 20
31.82366
 30
0.0
 10
161.2080497222222
 20
32.39198500000001
 30
0.0
 10
161.6391441666667
 20
33.19667111111112
 30
0.0
 10
162.2395719444444
 20
34.31815166666667
 30
0.0
 10
163.5646052777778
 20
33.72089888888889
 30
0.0
 10
163.2315830555555
 20
34.766885
 30
0.0
 10
162.8982080555555
 20
35.81287111111111
 30
0.0
 10
164.0002858333333
 20
38.85205166666667
 30
0.0
 10
163.2986108333333
 20
39.65038777777778
 30
0.0
 10
162.3711580555556
 20
40.704135
 30
0.0
 10
163.2478108333333
 20
41.878885
 30
0.0
 10
163.3638747222222
 20
43.69392666666667
 30
0.0
 10
163.4421913888889
 20
44.92335722222222
 30
0.0
 10
163.2100636111111
 20
46.32741277777778
 30
0.0
 10
163.3599941666667
 20
46.88056833333333
 30
0.0
 10
163.7321747222222
 20
48.25040444444445
 30
0.0
 10
161.8045969444444
 20
54.23527944444444
 30
0.0
 10
163.1398608333333
 20
56.33854055555555
 30
0.0
 10
163.6983080555555
 20
57.21766277777778
 30
0.0
 10
162.7891997222222
 20
57.607835
 30
0.0
 10
163.2848525
 20
57.98142666666667
 30
0.0
 10
163.7801525
 20
58.35466555555556
 30
0.0
 10
163.3659913888889
 20
59.43381277777777
 30
0.0
 10
160.8401025
 20
57.97084333333333
 30
0.0
 10
158.7036802777777
 20
56.73365166666667
 30
0.0
 10
156.0694886111111
 20
55.32218777777778
 30
0.0
 10
155.9093275
 20
53.79501277777777
 30
0.0
 10
155.7488136111111
 20
52.26783777777778
 30
0.0
 10
156.0776025
 20
51.21056277777777
 30
0.0
 10
154.5186775
 20
48.64904333333333
 30
0.0
  0
POLYLINE
  5
260
330
1F
100
AcDbEntity
  8
DEFAULT
 62
     7
100
AcDb2dPolyline
 66
     1
 10
0.0
 20
0.0
 30
0.0
  0
VERTEX
  5
261
330
260
100
AcDbEntity
  8
DEFAULT
 62
     7
100
AcDbVertex
100
AcDb2dVertex
 10
158.5085941666666
 20
81.97722999999998
 30
0.0
  0
VERTEX
  5
262
330
260
100
AcDbEntity
  8
DEFAULT
 62
     7
100
AcDbVertex
100
AcDb2dVertex
 10
159.3055191666666
 20
80.67442166666665
 30
0.0
  0
SEQEND
  5
263
330
260
100
AcDbEntity
  8
DEFAULT
 62
     7
  0
SPLINE
  5
264
330
1F
100
AcDbEntity
  8
DEFAULT
 62
     7
100
AcDbSpline
210
0.0
220
0.0
230
1.0
 70
    11
 71
     3
 72
    17
 73
    13
 74
     0
 42
0.000000001
 43
0.0000000001
 40
0.0
 40
0.0
 40
0.0
 40
0.0
 40
1.0
 40
1.0
 40
1.0
 40
2.0
 40
2.0
 40
2.0
 40
3.0
 40
3.0
 40
3.0
 40
4.0
 40
4.0
 40
4.0
 40
4.0
 10
160.7875386111111
 20
81.64459583333333
 30
0.0
 10
160.3296330555555
 20
81.36449027777778
 30
0.0
 10
159.9362858333333
 20
81.55992916666666
 30
0.0
 10
159.7531941666666
 20
81.85908472222222
 30
0.0
 10
159.5482302777777
 20
82.1942236111111
 30
0.0
 10
159.6357191666667
 20
82.60274027777777
 30
0.0
 10
160.0269497222222
 20
82.84227638888889
 30
0.0
 10
160.4414636111111
 20
83.09557083333333
 30
0.0
 10
160.8499802777778
 20
82.97315694444444
 30
0.0
 10
161.0595302777778
 20
82.63025694444444
 30
0.0
 10
161.2771941666666
 20
82.27465694444444
 30
0.0
 10
161.1660691666666
 20
81.87601805555555
 30
0.0
 10
160.7875386111111
 20
81.64459583333333
 30
0.0
  0
SPLINE
  5
265
330
1F
100
AcDbEntity
  8
DEFAULT
 62
     1
100
AcDbSpline
210
0.0
220
0.0
230
1.0
 70
    11
 71
     3
 72
    68
 73
    64
 74
     0
 42
0.000000001
 43
0.0000000001
 40
1.0
 40
1.0
 40
1.0
 40
1.0
 40
2.0
 40
2.0
 40
2.0
 40
3.0
 40
3.0
 40
3.0
 40
7.2505764314973
 40
7.2505764314973
 40
7.2505764314973
 40
15.750876249739
 40
15.750876249739
 40
15.750876249739
 40
20.00334953007835
 40
20.00334953007835
 40
20.00334953007835
 40
21.00334953007835
 40
21.00334953007835
 40
21.00334953007835
 40
22.00334953007835
 40
22.00334953007835
 40
22.00334953007835
 40
23.00334953007835
 40
23.00334953007835
 40
23.00334953007835
 40
24.00334953007835
 40
24.00334953007835
 40
24.00334953007835
 40
25.00334953007835
 40
25.00334953007835
 40
25.00334953007835
 40
26.00334953007835
 40
26.00334953007835
 40
26.00334953007835
 40
27.00334953007835
 40
27.00334953007835
 40
27.00334953007835
 40
28.00334953007835
 40
28.00334953007835
 40
28.00334953007835
 40
29.00334953007835
 40
29.00334953007835
 40
29.00334953007835
 40
30.00334953007835
 40
30.00334953007835
 40
30.00334953007835
 40
31.00334953007835
 40
31.00334953007835
 40
31.00334953007835
 40
32.00334953007835
 40
32.00334953007835
 40
32.00334953007835
 40
33.00334953007835
 40
33.00334953007835
 40
33.00334953007835
 40
34.00334953007835
 40
34.00334953007835
 40
34.00334953007835
 40
35.00334953007835
 40
35.00334953007835
 40
35.00334953007835
 40
36.00334953007835
 40
36.00334953007835
 40
36.00334953007835
 40
36.00334953007835
 10
154.4864688888889
 20
76.86470388888888
 30
0.0
 10
155.2325938888889
 20
77.32084555555555
 30
0.0
 10
155.12288
 20
77.31132055555554
 30
0.0
 10
155.9533188888889
 20
77.81932055555554
 30
0.0
 10
156.7805827777778
 20
78.32555666666666
 30
0.0
 10
156.7251966666666
 20
78.23418722222222
 30
0.0
 10
157.4716744444444
 20
78.69103444444443
 30
0.0
 10
157.8980651851852
 20
78.9518548148148
 30
0.0
 10
158.3244559259259
 20
79.21267518518518
 30
0.0
 10
158.7508466666667
 20
79.47349555555554
 30
0.0
 10
158.2292059259259
 20
80.32615944444443
 30
0.0
 10
157.7075651851852
 20
81.17882333333331
 30
0.0
 10
157.1859244444444
 20
82.03148722222221
 30
0.0
 10
156.7594161111111
 20
81.77043166666665
 30
0.0
 10
156.3329077777778
 20
81.5093761111111
 30
0.0
 10
155.9063994444444
 20
81.24832055555554
 30
0.0
 10
155.1602744444444
 20
80.79217888888888
 30
0.0
 10
155.2671661111111
 20
80.79993999999999
 30
0.0
 10
154.4395494444444
 20
80.29370388888888
 30
0.0
 10
153.6091105555555
 20
79.78570388888888
 30
0.0
 10
153.6676716666666
 20
79.87883722222222
 30
0.0
 10
152.9215466666667
 20
79.42269555555555
 30
0.0
 10
151.3862577777778
 20
82.13555666666666
 30
0.0
 10
151.50973
 20
83.11698444444443
 30
0.0
 10
150.8997772222222
 20
84.31043166666666
 30
0.0
 10
150.3353327777778
 20
85.41462611111109
 30
0.0
 10
148.9986577777778
 20
86.79751499999999
 30
0.0
 10
148.5721494444444
 20
87.58456222222222
 30
0.0
 10
145.8815133333333
 20
92.54638166666665
 30
0.0
 10
149.6544716666667
 20
93.00322888888887
 30
0.0
 10
150.5371216666666
 20
92.50581222222222
 30
0.0
 10
151.4197716666667
 20
92.00910111111111
 30
0.0
 10
154.5951244444444
 20
92.90621499999999
 30
0.0
 10
156.4831911111111
 20
93.3027372222222
 30
0.0
 10
158.370905
 20
93.69890666666666
 30
0.0
 10
161.1387994444444
 20
93.13657888888886
 30
0.0
 10
161.5716577777778
 20
92.3329511111111
 30
0.0
 10
162.174555
 20
91.21288166666666
 30
0.0
 10
163.49853
 20
91.81330944444443
 30
0.0
 10
163.1676244444444
 20
90.76661777777777
 30
0.0
 10
162.8367188888889
 20
89.71957333333332
 30
0.0
 10
163.9458522222222
 20
86.68321499999999
 30
0.0
 10
163.2459411111111
 20
85.88311499999999
 30
0.0
 10
162.3209577777777
 20
84.82689833333332
 30
0.0
 10
163.2004327777778
 20
83.65461777777776
 30
0.0
 10
163.32073
 20
81.83992888888888
 30
0.0
 10
163.4018688888889
 20
80.61049833333333
 30
0.0
 10
163.1725633333333
 20
79.20608999999999
 30
0.0
 10
163.323905
 20
78.6532872222222
 30
0.0
 10
163.6989077777777
 20
77.28380388888887
 30
0.0
 10
161.7850883333333
 20
71.29469555555555
 30
0.0
 10
163.1256438888889
 20
69.1949622222222
 30
0.0
 10
163.685855
 20
68.31725111111109
 30
0.0
 10
162.7774522222222
 20
67.92460944444443
 30
0.0
 10
163.2738105555555
 20
67.55242888888888
 30
0.0
 10
163.7701688888889
 20
67.18024833333332
 30
0.0
 10
163.3584772222222
 20
66.09968999999998
 30
0.0
 10
160.8290605555555
 20
67.55701499999999
 30
0.0
 10
158.6901688888889
 20
68.78962055555554
 30
0.0
 10
156.0524494444444
 20
70.19473444444444
 30
0.0
 10
155.8887605555556
 20
71.72155666666666
 30
0.0
 10
155.7250716666667
 20
73.24873166666666
 30
0.0
 10
156.0513911111111
 20
74.30671222222222
 30
0.0
 10
154.4864688888889
 20
76.86470388888888
 30
0.0
  0
SPLINE
  5
266
330
1F
100
AcDbEntity
  8
DEFAULT
 62
     5
100
AcDbSpline
210
0.0
220
0.0
230
1.0
 70
     8
 71
     3
 72
    35
 73
    31
 74
     0
 42
0.000000001
 43
0.0000000001
 40
0.0
 40
0.0
 40
0.0
 40
0.0
 40
1.0
 40
1.0
 40
1.0
 40
2.0
 40
2.0
 40
2.0
 40
3.0
 40
3.0
 40
3.0
 40
4.0
 40
4.0
 40
4.0
 40
5.0
 40
5.0
 40
5.0
 40
6.0
 40
6.0
 40
6.0
 40
7.0
 40
7.0
 40
7.0
 40
8.0
 40
8.0
 40
8.0
 40
9.0
 40
9.0
 40
9.0
 40
10.0
 40
10.0
 40
10.0
 40
10.0
 10
154.4394436111111
 20
80.29377444444444
 30
0.0
 10
153.0551436111111
 20
82.8930411111111
 30
0.0
 10
152.9902325
 20
85.34167166666666
 30
0.0
 10
151.0986380555555
 20
87.50243555555555
 30
0.0
 10
150.7857241666666
 20
87.86015222222221
 30
0.0
 10
149.0003158333333
 20
90.08935499999998
 30
0.0
 10
149.6229686111111
 20
90.64145222222221
 30
0.0
 10
150.2456213888889
 20
91.19319666666667
 30
0.0
 10
149.8311075
 20
89.65437999999999
 30
0.0
 10
155.5478713888889
 20
91.50787444444444
 30
0.0
 10
159.7522769444444
 20
92.870655
 30
0.0
 10
160.7661602777778
 20
90.559255
 30
0.0
 10
161.9899463888889
 20
90.78856055555555
 30
0.0
 10
162.7113769444444
 20
90.92402722222221
 30
0.0
 10
161.4096269444444
 20
90.22799666666666
 30
0.0
 10
162.5752047222222
 20
87.07486888888889
 30
0.0
 10
162.8105075
 20
86.4395161111111
 30
0.0
 10
161.7052547222222
 20
85.87048555555555
 30
0.0
 10
162.3928186111111
 20
83.44302166666665
 30
0.0
 10
162.8009825
 20
82.0022772222222
 30
0.0
 10
162.0654408333333
 20
79.39630777777776
 30
0.0
 10
162.5236991666666
 20
77.96473555555555
 30
0.0
 10
162.9533825
 20
76.62135777777777
 30
0.0
 10
161.1715019444444
 20
72.85827722222221
 30
0.0
 10
162.2016130555555
 20
69.06203555555555
 30
0.0
 10
162.5871991666666
 20
67.64104666666667
 30
0.0
 10
158.2660241666666
 20
71.19316611111111
 30
0.0
 10
157.7968297222222
 20
72.19117444444444
 30
0.0
 10
157.3272825
 20
73.18918277777777
 30
0.0
 10
157.6497213888889
 20
75.42755777777776
 30
0.0
 10
155.9532130555555
 20
77.8193911111111
 30
0.0
  0
POLYLINE
  5
267
330
1F
100
AcDbEntity
  8
DEFAULT
 62
     7
100
AcDb2dPolyline
 66
     1
 10
0.0
 20
0.0
 30
0.0
  0
VERTEX
  5
268
330
267
100
AcDbEntity
  8
DEFAULT
 62
     7
100
AcDbVertex
100
AcDb2dVertex
 10
63.15801722222221
 20
60.93357694444443
 30
0.0
  0
VERTEX
  5
269
330
267
100
AcDbEntity
  8
DEFAULT
 62
     7
100
AcDbVertex
100
AcDb2dVertex
 10
63.15625333333332
 20
62.46075194444444
 30
0.0
  0
SEQEND
  5
26A
330
267
100
AcDbEntity
  8
DEFAULT
 62
     7
  0
SPLINE
  5
26B
330
1F
100
AcDbEntity
  8
DEFAULT
 62
     7
100
AcDbSpline
210
0.0
220
0.0
230
1.0
 70
     8
 71
     3
 72
    20
 73
    16
 74
     0
 42
0.000000001
 43
0.0000000001
 40
0.0
 40
0.0
 40
0.0
 40
0.0
 40
1.0
 40
1.0
 40
1.0
 40
1.680706250889477
 40
1.680706250889477
 40
1.680706250889477
 40
2.680706250889477
 40
2.680706250889477
 40
2.680706250889477
 40
3.680706250889477
 40
3.680706250889477
 40
3.680706250889477
 40
6.136708083136368
 40
6.136708083136368
 40
6.136708083136368
 40
6.136708083136368
 10
62.15771583333333
 20
61.20676805555556
 30
0.0
 10
62.15771583333333
 20
61.20676805555556
 30
0.0
 10
60.82668527777777
 20
61.20182916666666
 30
0.0
 10
60.70638805555555
 20
61.19300972222223
 30
0.0
 10
60.78635101851851
 20
61.1966550925926
 30
0.0
 10
60.86631398148148
 20
61.20030046296296
 30
0.0
 10
60.94627694444444
 20
61.20394583333333
 30
0.0
 10
60.80834083333333
 20
61.27555972222222
 30
0.0
 10
60.67322694444444
 20
61.44348194444444
 30
0.0
 10
60.67322694444444
 20
61.68337083333333
 30
0.0
 10
60.67287416666666
 20
61.88410138888888
 30
0.0
 10
60.79211305555555
 20
62.19630972222222
 30
0.0
 10
61.29023527777777
 20
62.1966625
 30
0.0
 10
61.57904268518519
 20
62.19701527777778
 30
0.0
 10
61.8678500925926
 20
62.19736805555556
 30
0.0
 10
62.1566575
 20
62.19772083333333
 30
0.0
  0
SPLINE
  5
26C
330
1F
100
AcDbEntity
  8
DEFAULT
 62
     5
100
AcDbSpline
210
0.0
220
0.0
230
1.0
 70
     8
 71
     3
 72
    41
 73
    37
 74
     0
 42
0.000000001
 43
0.0000000001
 40
0.0
 40
0.0
 40
0.0
 40
0.0
 40
1.0
 40
1.0
 40
1.0
 40
2.0
 40
2.0
 40
2.0
 40
3.0
 40
3.0
 40
3.0
 40
4.0
 40
4.0
 40
4.0
 40
5.0
 40
5.0
 40
5.0
 40
6.0
 40
6.0
 40
6.0
 40
7.0
 40
7.0
 40
7.0
 40
8.0
 40
8.0
 40
8.0
 40
9.0
 40
9.0
 40
9.0
 40
10.0
 40
10.0
 40
10.0
 40
11.0
 40
11.0
 40
11.0
 40
12.0
 40
12.0
 40
12.0
 40
12.0
 10
69.50473638888889
 20
63.15494805555554
 30
0.0
 10
69.5029725
 20
64.66307305555554
 30
0.0
 10
69.3202336111111
 20
66.51797861111109
 30
0.0
 10
69.31846972222222
 20
68.08431194444444
 30
0.0
 10
69.3156475
 20
70.26271472222221
 30
0.0
 10
70.04131138888887
 20
71.03177027777777
 30
0.0
 10
69.48991972222221
 20
71.11396749999999
 30
0.0
 10
68.87326416666666
 20
71.2060425
 30
0.0
 10
68.6298475
 20
71.34115638888888
 30
0.0
 10
68.2185086111111
 20
70.6567675
 30
0.0
 10
67.07691972222221
 20
68.75741194444443
 30
0.0
 10
64.20036972222222
 20
65.79831194444444
 30
0.0
 10
58.28922527777777
 20
65.65896472222222
 30
0.0
 10
54.23016416666666
 20
65.56336194444444
 30
0.0
 10
53.29212805555555
 20
65.7796147222222
 30
0.0
 10
53.29318638888888
 20
64.93541749999999
 30
0.0
 10
53.29459749999999
 20
63.53136194444443
 30
0.0
 10
52.64301694444444
 20
62.65929527777777
 30
0.0
 10
52.64442805555555
 20
61.68598138888888
 30
0.0
 10
52.64513361111111
 20
60.71266749999999
 30
0.0
 10
53.29883083333333
 20
59.84165916666666
 30
0.0
 10
53.30059472222222
 20
58.43795638888888
 30
0.0
 10
53.30165305555555
 20
57.59375916666665
 30
0.0
 10
54.23898361111111
 20
57.8121286111111
 30
0.0
 10
58.2983975
 20
57.72569805555554
 30
0.0
 10
64.20989472222222
 20
57.59975638888888
 30
0.0
 10
67.09314749999999
 20
54.64735916666665
 30
0.0
 10
68.23861694444443
 20
52.75082583333333
 30
0.0
 10
68.65171972222221
 20
52.06678972222221
 30
0.0
 10
68.8947836111111
 20
52.20260916666666
 30
0.0
 10
69.51143916666666
 20
52.29644805555554
 30
0.0
 10
70.06247805555554
 20
52.38005638888887
 30
0.0
 10
69.33540305555555
 20
53.14699527777777
 30
0.0
 10
69.3329336111111
 20
55.3261036111111
 30
0.0
 10
69.33116972222221
 20
56.89173138888889
 30
0.0
 10
69.50967527777777
 20
58.74734249999999
 30
0.0
 10
69.50791138888887
 20
60.25511472222221
 30
0.0
  0
SPLINE
  5
26D
330
1F
100
AcDbEntity
  8
DEFAULT
 62
     1
100
AcDbSpline
210
0.0
220
0.0
230
1.0
 70
    11
 71
     3
 72
    62
 73
    58
 74
     0
 42
0.000000001
 43
0.0000000001
 40
1.0
 40
1.0
 40
1.0
 40
1.0
 40
2.0
 40
2.0
 40
2.0
 40
3.0
 40
3.0
 40
3.0
 40
4.0
 40
4.0
 40
4.0
 40
5.0
 40
5.0
 40
5.0
 40
14.91900725879358
 40
14.91900725879358
 40
14.91900725879358
 40
23.41901202349813
 40
23.41901202349813
 40
23.41901202349813
 40
33.33901928156001
 40
33.33901928156001
 40
33.33901928156001
 40
34.33901928156001
 40
34.33901928156001
 40
34.33901928156001
 40
35.33901928156001
 40
35.33901928156001
 40
35.33901928156001
 40
36.33901928156001
 40
36.33901928156001
 40
36.33901928156001
 40
37.33901928156001
 40
37.33901928156001
 40
37.33901928156001
 40
38.33901928156001
 40
38.33901928156001
 40
38.33901928156001
 40
39.33901928156001
 40
39.33901928156001
 40
39.33901928156001
 40
40.33901928156001
 40
40.33901928156001
 40
40.33901928156001
 40
41.33901928156001
 40
41.33901928156001
 40
41.33901928156001
 40
42.33901928156001
 40
42.33901928156001
 40
42.33901928156001
 40
43.33901928156001
 40
43.33901928156001
 40
43.33901928156001
 40
44.33901928156001
 40
44.33901928156001
 40
44.33901928156001
 40
45.33901928156001
 40
45.33901928156001
 40
45.33901928156001
 40
45.33901928156001
 10
68.55527027777778
 20
73.00002333333333
 30
0.0
 10
70.24542861111111
 20
72.73014833333333
 30
0.0
 10
71.9031313888889
 20
73.00390388888889
 30
0.0
 10
71.22897305555556
 20
70.35030944444445
 30
0.0
 10
70.58268416666667
 20
67.79514
 30
0.0
 10
71.25296194444444
 20
64.77289277777777
 30
0.0
 10
71.25472583333332
 20
63.20620666666667
 30
0.0
 10
70.37983694444443
 20
63.2055011111111
 30
0.0
 10
70.47861472222222
 20
63.15611222222222
 30
0.0
 10
69.50459527777778
 20
63.15505388888888
 30
0.0
 10
68.53445638888888
 20
63.15399555555555
 30
0.0
 10
68.63005916666665
 20
63.20338444444444
 30
0.0
 10
67.7548175
 20
63.20267888888889
 30
0.0
 10
66.58841657407407
 20
63.20126777777778
 30
0.0
 10
65.42201564814815
 20
63.19985666666667
 30
0.0
 10
64.25561472222222
 20
63.19844555555556
 30
0.0
 10
64.25667305555555
 20
62.19890851851852
 30
0.0
 10
64.25773138888889
 20
61.19937148148148
 30
0.0
 10
64.25878972222222
 20
60.19983444444445
 30
0.0
 10
65.42530824074073
 20
60.20124555555557
 30
0.0
 10
66.59182675925926
 20
60.20265666666668
 30
0.0
 10
67.75834527777778
 20
60.20406777777778
 30
0.0
 10
68.63358694444445
 20
60.20477333333333
 30
0.0
 10
68.53798416666666
 20
60.25416222222222
 30
0.0
 10
69.50812305555554
 20
60.25522055555555
 30
0.0
 10
70.48178972222222
 20
60.25627888888889
 30
0.0
 10
70.38336472222221
 20
60.20688999999999
 30
0.0
 10
71.25825361111112
 20
60.20759555555555
 30
0.0
 10
71.2600175
 20
58.641615
 30
0.0
 10
70.5964425
 20
55.61760388888889
 30
0.0
 10
71.24837583333334
 20
53.06384555555555
 30
0.0
 10
71.92888416666666
 20
50.412015
 30
0.0
 10
70.27047583333332
 20
50.67836222222222
 30
0.0
 10
68.58102305555556
 20
50.40460666666667
 30
0.0
 10
66.89157027777777
 20
50.13473166666667
 30
0.0
 10
67.32795638888888
 20
50.79830666666667
 30
0.0
 10
66.32853694444444
 20
52.14485944444445
 30
0.0
 10
65.33193972222222
 20
53.49494
 30
0.0
 10
63.5796925
 20
55.41193444444445
 30
0.0
 10
58.10775638888888
 20
55.93475111111111
 30
0.0
 10
51.84877305555555
 20
56.53094555555555
 30
0.0
 10
51.45013416666666
 20
54.83373166666667
 30
0.0
 10
51.3876925
 20
56.83398166666666
 30
0.0
 10
51.32207583333334
 20
58.83740666666667
 30
0.0
 10
50.44612861111111
 20
60.12786777777777
 30
0.0
 10
50.44401194444444
 20
61.68361777777778
 30
0.0
 10
50.44224805555556
 20
63.23936777777777
 30
0.0
 10
51.31572583333333
 20
64.53124
 30
0.0
 10
51.37675638888889
 20
66.53149
 30
0.0
 10
51.43461194444444
 20
68.53209277777778
 30
0.0
 10
51.83713138888889
 20
66.83911222222223
 30
0.0
 10
58.09470361111111
 20
67.44977055555555
 30
0.0
 10
63.56558138888889
 20
67.98105388888888
 30
0.0
 10
65.3132425
 20
69.90580944444444
 30
0.0
 10
66.30666472222222
 20
71.25483166666666
 30
0.0
 10
67.30326194444444
 20
72.60702888888888
 30
0.0
 10
66.86511194444444
 20
73.26989833333333
 30
0.0
 10
68.55527027777778
 20
73.00002333333333
 30
0.0
  0
POLYLINE
  5
26E
330
1F
100
AcDbEntity
  8
DEFAULT
 62
     7
100
AcDb2dPolyline
 66
     1
 10
0.0
 20
0.0
 30
0.0
  0
VERTEX
  5
26F
330
26E
100
AcDbEntity
  8
DEFAULT
 62
     7
100
AcDbVertex
100
AcDb2dVertex
 10
107.1499705555555
 20
84.90729638888887
 30
0.0
  0
VERTEX
  5
270
330
26E
100
AcDbEntity
  8
DEFAULT
 62
     7
100
AcDbVertex
100
AcDb2dVertex
 10
107.1482066666666
 20
86.43447138888887
 30
0.0
  0
SEQEND
  5
271
330
26E
100
AcDbEntity
  8
DEFAULT
 62
     7
  0
SPLINE
  5
272
330
1F
100
AcDbEntity
  8
DEFAULT
 62
     7
100
AcDbSpline
210
0.0
220
0.0
230
1.0
 70
     8
 71
     3
 72
    23
 73
    19
 74
     0
 42
0.000000001
 43
0.0000000001
 40
0.0
 40
0.0
 40
0.0
 40
0.0
 40
3.156002534853177
 40
3.156002534853177
 40
3.156002534853177
 40
4.156002534853178
 40
4.156002534853178
 40
4.156002534853178
 40
5.156002534853178
 40
5.156002534853178
 40
5.156002534853178
 40
6.156002534853178
 40
6.156002534853178
 40
6.156002534853178
 40
7.156002534853178
 40
7.156002534853178
 40
7.156002534853178
 40
9.578003360616894
 40
9.578003360616894
 40
9.578003360616894
 40
9.578003360616894
 10
106.1502336111111
 20
84.79430166666667
 30
0.0
 10
105.7791113888889
 20
84.79383129629629
 30
0.0
 10
105.4079891666667
 20
84.79336092592592
 30
0.0
 10
105.0368669444445
 20
84.79289055555556
 30
0.0
 10
104.8738836111111
 20
84.79289055555554
 30
0.0
 10
104.6657447222222
 20
84.9332961111111
 30
0.0
 10
104.6657447222222
 20
85.24867944444443
 30
0.0
 10
104.6653919444444
 20
85.44658777777776
 30
0.0
 10
104.8936391666667
 20
85.64343777777776
 30
0.0
 10
105.1180058333333
 20
85.66566277777777
 30
0.0
 10
104.8812919444444
 20
85.66848499999999
 30
0.0
 10
104.6650391666667
 20
85.77714055555555
 30
0.0
 10
104.6646863888889
 20
86.11192666666666
 30
0.0
 10
104.6643336111111
 20
86.30348499999998
 30
0.0
 10
104.7899225
 20
86.54372666666666
 30
0.0
 10
105.2936891666667
 20
86.54443222222221
 30
0.0
 10
105.5784984259259
 20
86.5446674074074
 30
0.0
 10
105.8633076851852
 20
86.54490259259258
 30
0.0
 10
106.1481169444445
 20
86.54513777777777
 30
0.0
  0
POLYLINE
  5
273
330
1F
100
AcDbEntity
  8
DEFAULT
 62
     7
100
AcDb2dPolyline
 66
     1
 10
0.0
 20
0.0
 30
0.0
  0
VERTEX
  5
274
330
273
100
AcDbEntity
  8
DEFAULT
 62
     7
100
AcDbVertex
100
AcDb2dVertex
 10
93.62902138888892
 20
94.13377583333333
 30
0.0
  0
VERTEX
  5
275
330
273
100
AcDbEntity
  8
DEFAULT
 62
     7
100
AcDbVertex
100
AcDb2dVertex
 10
95.15266861111112
 20
94.24102027777778
 30
0.0
  0
SEQEND
  5
276
330
273
100
AcDbEntity
  8
DEFAULT
 62
     7
  0
POLYLINE
  5
277
330
1F
100
AcDbEntity
  8
DEFAULT
 62
     7
100
AcDb2dPolyline
 66
     1
 10
0.0
 20
0.0
 30
0.0
  0
VERTEX
  5
278
330
277
100
AcDbEntity
  8
DEFAULT
 62
     7
100
AcDbVertex
100
AcDb2dVertex
 10
93.9886783333333
 20
97.29551138888887
 30
0.0
  0
VERTEX
  5
279
330
277
100
AcDbEntity
  8
DEFAULT
 62
     7
100
AcDbVertex
100
AcDb2dVertex
 10
94.1379033333333
 20
95.17178916666666
 30
0.0
  0
VERTEX
  5
27A
330
277
100
AcDbEntity
  8
DEFAULT
 62
     7
100
AcDbVertex
100
AcDb2dVertex
 10
94.50302833333333
 20
95.19754194444442
 30
0.0
  0
SEQEND
  5
27B
330
277
100
AcDbEntity
  8
DEFAULT
 62
     7
  0
SPLINE
  5
27C
330
1F
100
AcDbEntity
  8
DEFAULT
 62
     1
100
AcDbSpline
210
0.0
220
0.0
230
1.0
 70
    11
 71
     3
 72
    68
 73
    64
 74
     0
 42
0.000000001
 43
0.0000000001
 40
1.0
 40
1.0
 40
1.0
 40
1.0
 40
2.0
 40
2.0
 40
2.0
 40
3.0
 40
3.0
 40
3.0
 40
4.0
 40
4.0
 40
4.0
 40
14.35800391002051
 40
14.35800391002051
 40
14.35800391002051
 40
22.85500979444828
 40
22.85500979444828
 40
22.85500979444828
 40
33.21301288384732
 40
33.21301288384732
 40
33.21301288384732
 40
34.21301288384732
 40
34.21301288384732
 40
34.21301288384732
 40
35.21301288384732
 40
35.21301288384732
 40
35.21301288384732
 40
36.21301288384732
 40
36.21301288384732
 40
36.21301288384732
 40
37.21301288384732
 40
37.21301288384732
 40
37.21301288384732
 40
38.21301288384732
 40
38.21301288384732
 40
38.21301288384732
 40
39.21301288384732
 40
39.21301288384732
 40
39.21301288384732
 40
40.21301288384732
 40
40.21301288384732
 40
40.21301288384732
 40
41.21301288384732
 40
41.21301288384732
 40
41.21301288384732
 40
42.63147190687198
 40
42.63147190687198
 40
42.63147190687198
 40
51.13338798502753
 40
51.13338798502753
 40
51.13338798502753
 40
52.55184700805219
 40
52.55184700805219
 40
52.55184700805219
 40
53.55184700805219
 40
53.55184700805219
 40
53.55184700805219
 40
54.55184700805219
 40
54.55184700805219
 40
54.55184700805219
 40
55.55184700805219
 40
55.55184700805219
 40
55.55184700805219
 40
56.55184700805219
 40
56.55184700805219
 40
56.55184700805219
 40
56.55184700805219
 10
111.0739530555555
 20
81.22602499999999
 30
0.0
 10
113.8584280555555
 20
81.28
 30
0.0
 10
115.5821002777778
 20
81.59326666666666
 30
0.0
 10
115.4046530555555
 20
84.17806944444445
 30
0.0
 10
114.5287058333333
 20
84.17665833333334
 30
0.0
 10
114.6278363888889
 20
84.22604722222222
 30
0.0
 10
113.6548752777778
 20
84.22498888888889
 30
0.0
 10
112.6854419444444
 20
84.223225
 30
0.0
 10
112.7806919444444
 20
84.17665833333334
 30
0.0
 10
111.9050975
 20
84.17524722222223
 30
0.0
 10
110.6870734259259
 20
84.17418888888889
 30
0.0
 10
109.4690493518518
 20
84.17313055555555
 30
0.0
 10
108.2510252777778
 20
84.17207222222221
 30
0.0
 10
108.2498493518518
 20
85.17125648148146
 30
0.0
 10
108.2486734259259
 20
86.17044074074073
 30
0.0
 10
108.2474975
 20
87.169625
 30
0.0
 10
109.4655215740741
 20
87.17056574074074
 30
0.0
 10
110.6835456481481
 20
87.17150648148147
 30
0.0
 10
111.9015697222222
 20
87.17244722222222
 30
0.0
 10
112.7775169444444
 20
87.17385833333333
 30
0.0
 10
112.6819141666667
 20
87.1234111111111
 30
0.0
 10
113.6513475
 20
87.12552777777778
 30
0.0
 10
114.6239558333333
 20
87.12658611111111
 30
0.0
 10
114.5255308333333
 20
87.17385833333333
 30
0.0
 10
115.4014780555555
 20
87.17526944444444
 30
0.0
 10
115.3961863888889
 20
91.55183055555554
 30
0.0
 10
108.7773697222222
 20
90.36155833333333
 30
0.0
 10
103.9175030555555
 20
93.96694722222222
 30
0.0
 10
100.3205808333333
 20
96.63500555555557
 30
0.0
 10
98.68051694444442
 20
98.65995
 30
0.0
 10
94.01044472222222
 20
98.34033333333332
 30
0.0
 10
90.07273916666665
 20
98.07081111111111
 30
0.0
 10
89.93445027777777
 20
94.91450833333333
 30
0.0
 10
90.23748638888888
 20
91.95399722222223
 30
0.0
 10
90.53170305555554
 20
89.08062222222222
 30
0.0
 10
91.26195305555554
 20
88.96208888888889
 30
0.0
 10
93.25161972222222
 20
88.99454444444444
 30
0.0
 10
93.19200027777777
 20
89.86872777777778
 30
0.0
 10
93.24632805555554
 20
89.77277222222222
 30
0.0
 10
93.17788916666666
 20
90.74432222222222
 30
0.0
 10
93.11156694444445
 20
91.71128611111111
 30
0.0
 10
93.0709975
 20
91.61356666666666
 30
0.0
 10
93.00643916666667
 20
92.48563333333333
 30
0.0
 10
92.9947975
 20
92.65202685185186
 30
0.0
 10
92.98315583333333
 20
92.81842037037036
 30
0.0
 10
92.97151416666665
 20
92.98481388888888
 30
0.0
 10
93.96881694444443
 20
93.05489907407407
 30
0.0
 10
94.96611972222222
 20
93.12498425925925
 30
0.0
 10
95.96342249999998
 20
93.19506944444444
 30
0.0
 10
95.97506416666666
 20
93.02867592592592
 30
0.0
 10
95.98670583333332
 20
92.86228240740739
 30
0.0
 10
95.9983475
 20
92.69588888888887
 30
0.0
 10
96.05937805555556
 20
91.82488055555555
 30
0.0
 10
96.0061086111111
 20
91.91307499999999
 30
0.0
 10
96.07243083333333
 20
90.94611111111111
 30
0.0
 10
96.14086972222222
 20
89.97420833333334
 30
0.0
 10
96.1839086111111
 20
90.07898333333333
 30
0.0
 10
96.24352805555556
 20
89.20479999999999
 30
0.0
 10
96.67673916666666
 20
86.43443611111111
 30
0.0
 10
100.7650808333333
 20
83.63690833333334
 30
0.0
 10
103.4324336111111
 20
82.661125
 30
0.0
 10
105.5554502777778
 20
81.88395555555556
 30
0.0
 10
108.6852947222222
 20
81.17698888888889
 30
0.0
 10
111.0739530555555
 20
81.22602499999999
 30
0.0
  0
POLYLINE
  5
27D
330
1F
100
AcDbEntity
  8
DEFAULT
 62
     7
100
AcDb2dPolyline
 66
     1
 10
0.0
 20
0.0
 30
0.0
  0
VERTEX
  5
27E
330
27D
100
AcDbEntity
  8
DEFAULT
 62
     7
100
AcDbVertex
100
AcDb2dVertex
 10
107.2044041666666
 20
37.05905861111111
 30
0.0
  0
VERTEX
  5
27F
330
27D
100
AcDbEntity
  8
DEFAULT
 62
     7
100
AcDbVertex
100
AcDb2dVertex
 10
107.2026402777778
 20
38.58658638888888
 30
0.0
  0
SEQEND
  5
280
330
27D
100
AcDbEntity
  8
DEFAULT
 62
     7
  0
SPLINE
  5
281
330
1F
100
AcDbEntity
  8
DEFAULT
 62
     7
100
AcDbSpline
210
0.0
220
0.0
230
1.0
 70
     8
 71
     3
 72
    23
 73
    19
 74
     0
 42
0.000000001
 43
0.0000000001
 40
0.0
 40
0.0
 40
0.0
 40
0.0
 40
3.156001425855254
 40
3.156001425855254
 40
3.156001425855254
 40
4.156001425855254
 40
4.156001425855254
 40
4.156001425855254
 40
5.156001425855254
 40
5.156001425855254
 40
5.156001425855254
 40
6.156001425855254
 40
6.156001425855254
 40
6.156001425855254
 40
7.156001425855254
 40
7.156001425855254
 40
7.156001425855254
 40
9.578003283823188
 40
9.578003283823188
 40
9.578003283823188
 40
9.578003283823188
 10
106.2046672222222
 20
36.94606388888888
 30
0.0
 10
105.833545
 20
36.9457111111111
 30
0.0
 10
105.4624227777777
 20
36.94535833333332
 30
0.0
 10
105.0913005555555
 20
36.94500555555555
 30
0.0
 10
104.9283172222222
 20
36.94465277777777
 30
0.0
 10
104.7201783333333
 20
37.08505833333333
 30
0.0
 10
104.7201783333333
 20
37.40044166666666
 30
0.0
 10
104.7198255555555
 20
37.59835
 30
0.0
 10
104.9480727777778
 20
37.79519999999999
 30
0.0
 10
105.1724394444444
 20
37.81742499999999
 30
0.0
 10
104.9357255555555
 20
37.82024722222221
 30
0.0
 10
104.7194727777778
 20
37.92890277777777
 30
0.0
 10
104.71912
 20
38.26368888888889
 30
0.0
 10
104.7187672222222
 20
38.4556
 30
0.0
 10
104.8443561111111
 20
38.69584166666666
 30
0.0
 10
105.3481227777778
 20
38.69619444444444
 30
0.0
 10
105.632932037037
 20
38.69654722222221
 30
0.0
 10
105.9177412962963
 20
38.69689999999999
 30
0.0
 10
106.2025505555555
 20
38.69725277777777
 30
0.0
  0
POLYLINE
  5
282
330
1F
100
AcDbEntity
  8
DEFAULT
 62
     7
100
AcDb2dPolyline
 66
     1
 10
0.0
 20
0.0
 30
0.0
  0
VERTEX
  5
283
330
282
100
AcDbEntity
  8
DEFAULT
 62
     7
100
AcDbVertex
100
AcDb2dVertex
 10
95.22650499999999
 20
29.22559277777778
 30
0.0
  0
VERTEX
  5
284
330
282
100
AcDbEntity
  8
DEFAULT
 62
     7
100
AcDbVertex
100
AcDb2dVertex
 10
93.70285777777778
 20
29.32930944444444
 30
0.0
  0
SEQEND
  5
285
330
282
100
AcDbEntity
  8
DEFAULT
 62
     7
  0
POLYLINE
  5
286
330
1F
100
AcDbEntity
  8
DEFAULT
 62
     7
100
AcDb2dPolyline
 66
     1
 10
0.0
 20
0.0
 30
0.0
  0
VERTEX
  5
287
330
286
100
AcDbEntity
  8
DEFAULT
 62
     7
100
AcDbVertex
100
AcDb2dVertex
 10
94.43501277777774
 20
26.14362027777777
 30
0.0
  0
VERTEX
  5
288
330
286
100
AcDbEntity
  8
DEFAULT
 62
     7
100
AcDbVertex
100
AcDb2dVertex
 10
94.57965166666665
 20
28.2673425
 30
0.0
  0
VERTEX
  5
289
330
286
100
AcDbEntity
  8
DEFAULT
 62
     7
100
AcDbVertex
100
AcDb2dVertex
 10
94.21417388888888
 20
28.29238972222222
 30
0.0
  0
SEQEND
  5
28A
330
286
100
AcDbEntity
  8
DEFAULT
 62
     7
  0
SPLINE
  5
28B
330
1F
100
AcDbEntity
  8
DEFAULT
 62
     1
100
AcDbSpline
210
0.0
220
0.0
230
1.0
 70
    11
 71
     3
 72
    68
 73
    64
 74
     0
 42
0.000000001
 43
0.0000000001
 40
1.0
 40
1.0
 40
1.0
 40
1.0
 40
2.0
 40
2.0
 40
2.0
 40
3.0
 40
3.0
 40
3.0
 40
4.0
 40
4.0
 40
4.0
 40
14.35901086011592
 40
14.35901086011592
 40
14.35901086011592
 40
22.85601674454368
 40
22.85601674454368
 40
22.85601674454368
 40
33.2140276057081
 40
33.2140276057081
 40
33.2140276057081
 40
34.2140276057081
 40
34.2140276057081
 40
34.2140276057081
 40
35.2140276057081
 40
35.2140276057081
 40
35.2140276057081
 40
36.2140276057081
 40
36.2140276057081
 40
36.2140276057081
 40
37.2140276057081
 40
37.2140276057081
 40
37.2140276057081
 40
38.2140276057081
 40
38.2140276057081
 40
38.2140276057081
 40
39.2140276057081
 40
39.2140276057081
 40
39.2140276057081
 40
40.2140276057081
 40
40.2140276057081
 40
40.2140276057081
 40
41.2140276057081
 40
41.2140276057081
 40
41.2140276057081
 40
42.63221306607637
 40
42.63221306607637
 40
42.63221306607637
 40
51.13481372705064
 40
51.13481372705064
 40
51.13481372705064
 40
52.55299918741891
 40
52.55299918741891
 40
52.55299918741891
 40
53.55299918741891
 40
53.55299918741891
 40
53.55299918741891
 40
54.55299918741891
 40
54.55299918741891
 40
54.55299918741891
 40
55.55299918741891
 40
55.55299918741891
 40
55.55299918741891
 40
56.55299918741891
 40
56.55299918741891
 40
56.55299918741891
 40
56.55299918741891
 10
111.1184030555555
 20
42.27664194444444
 30
0.0
 10
113.9028780555555
 20
42.22901694444444
 30
0.0
 10
115.6272558333333
 20
41.91963083333333
 30
0.0
 10
115.4554530555555
 20
39.33447527777777
 30
0.0
 10
114.5798586111111
 20
39.33376972222221
 30
0.0
 10
114.6789891666667
 20
39.28473361111111
 30
0.0
 10
113.7060280555555
 20
39.28367527777777
 30
0.0
 10
112.7365947222222
 20
39.2833225
 30
0.0
 10
112.8318447222222
 20
39.32988916666666
 30
0.0
 10
111.9562502777778
 20
39.32953638888888
 30
0.0
 10
110.7381086111111
 20
39.32777249999999
 30
0.0
 10
109.5199669444444
 20
39.32600861111111
 30
0.0
 10
108.3018252777778
 20
39.32424472222222
 30
0.0
 10
108.3030012037037
 20
38.32506046296296
 30
0.0
 10
108.3041771296296
 20
37.3258762037037
 30
0.0
 10
108.3053530555555
 20
36.32669194444444
 30
0.0
 10
109.5233771296296
 20
36.32845583333333
 30
0.0
 10
110.7414012037037
 20
36.33021972222222
 30
0.0
 10
111.9594252777778
 20
36.33198361111111
 30
0.0
 10
112.8353725
 20
36.33268916666666
 30
0.0
 10
112.7397697222222
 20
36.3827836111111
 30
0.0
 10
113.7092030555555
 20
36.38313638888889
 30
0.0
 10
114.6821641666666
 20
36.38419472222222
 30
0.0
 10
114.5830336111111
 20
36.33656972222222
 30
0.0
 10
115.4589808333333
 20
36.33727527777777
 30
0.0
 10
115.4639197222222
 20
31.96036138888888
 30
0.0
 10
108.8426336111111
 20
33.13581694444444
 30
0.0
 10
103.9905280555555
 20
29.51949194444444
 30
0.0
 10
100.3999558333333
 20
26.84296694444444
 30
0.0
 10
98.76447805555554
 20
24.81449472222221
 30
0.0
 10
94.09370027777776
 20
25.12352805555555
 30
0.0
 10
90.15528916666665
 20
25.38423083333333
 30
0.0
 10
90.0099447222222
 20
28.54018083333333
 30
0.0
 10
90.30627805555554
 20
31.50104472222222
 30
0.0
 10
90.59379194444442
 20
34.37547805555555
 30
0.0
 10
91.32404194444442
 20
34.4954225
 30
0.0
 10
93.31370861111111
 20
34.46755305555556
 30
0.0
 10
93.25585305555553
 20
33.59336972222221
 30
0.0
 10
93.3101808333333
 20
33.68932527777778
 30
0.0
 10
93.2438586111111
 20
32.7174225
 30
0.0
 10
93.17965305555553
 20
31.7504586111111
 30
0.0
 10
93.1390836111111
 20
31.84817805555555
 30
0.0
 10
93.07628916666665
 20
30.97611138888889
 30
0.0
 10
93.06511787037034
 20
30.80971787037037
 30
0.0
 10
93.05394657407406
 20
30.64332435185185
 30
0.0
 10
93.04277527777776
 20
30.47693083333333
 30
0.0
 10
94.04031324074072
 20
30.4090799074074
 30
0.0
 10
95.03785120370368
 20
30.34122898148148
 30
0.0
 10
96.03538916666665
 20
30.27337805555555
 30
0.0
 10
96.04656046296293
 20
30.43977157407407
 30
0.0
 10
96.05773175925924
 20
30.60616509259259
 30
0.0
 10
96.06890305555552
 20
30.7725586111111
 30
0.0
 10
96.12781694444443
 20
31.64321416666666
 30
0.0
 10
96.07454749999998
 20
31.55501972222222
 30
0.0
 10
96.13875305555554
 20
32.52268916666666
 30
0.0
 10
96.20507527777777
 20
33.49423916666667
 30
0.0
 10
96.24846694444442
 20
33.39016972222222
 30
0.0
 10
96.30632249999998
 20
34.26400027777777
 30
0.0
 10
96.73283083333331
 20
37.0354225
 30
0.0
 10
100.8148225
 20
39.84247527777777
 30
0.0
 10
103.4800586111111
 20
40.82425583333332
 30
0.0
 10
105.6013113888889
 20
41.60601138888889
 30
0.0
 10
108.7297447222222
 20
42.32003361111111
 30
0.0
 10
111.1184030555555
 20
42.27664194444444
 30
0.0
  0
SPLINE
  5
28C
330
1F
100
AcDbEntity
  8
DEFAULT
 62
     7
100
AcDbSpline
210
0.0
220
0.0
230
1.0
 70
    11
 71
     3
 72
    17
 73
    13
 74
     0
 42
0.000000001
 43
0.0000000001
 40
0.0
 40
0.0
 40
0.0
 40
0.0
 40
1.0
 40
1.0
 40
1.0
 40
2.0
 40
2.0
 40
2.0
 40
3.0
 40
3.0
 40
3.0
 40
4.0
 40
4.0
 40
4.0
 40
4.0
 10
117.1509383333333
 20
255.3437305555555
 30
0.0
 10
117.4186966666666
 20
255.4114638888888
 30
0.0
 10
117.6906883333333
 20
255.2495388888888
 30
0.0
 10
117.7584216666666
 20
254.9821333333333
 30
0.0
 10
117.8265077777778
 20
254.714375
 30
0.0
 10
117.6645827777778
 20
254.4423833333333
 30
0.0
 10
117.3968244444444
 20
254.3742972222222
 30
0.0
 10
117.1290661111111
 20
254.3065638888888
 30
0.0
 10
116.8570744444444
 20
254.4684888888889
 30
0.0
 10
116.7893411111111
 20
254.7362472222222
 30
0.0
 10
116.721255
 20
255.0040055555555
 30
0.0
 10
116.88318
 20
255.2759972222222
 30
0.0
 10
117.1509383333333
 20
255.3437305555555
 30
0.0
  0
SPLINE
  5
28D
330
1F
100
AcDbEntity
  8
DEFAULT
 62
     7
100
AcDbSpline
210
0.0
220
0.0
230
1.0
 70
    11
 71
     3
 72
    17
 73
    13
 74
     0
 42
0.000000001
 43
0.0000000001
 40
0.0
 40
0.0
 40
0.0
 40
0.0
 40
1.0
 40
1.0
 40
1.0
 40
2.0
 40
2.0
 40
2.0
 40
3.0
 40
3.0
 40
3.0
 40
4.0
 40
4.0
 40
4.0
 40
4.0
 10
85.77523555555555
 20
258.7874413888889
 30
0.0
 10
86.01512444444444
 20
258.6505636111111
 30
0.0
 10
86.09873277777777
 20
258.3454108333333
 30
0.0
 10
85.961855
 20
258.1055219444444
 30
0.0
 10
85.82533
 20
257.8656330555555
 30
0.0
 10
85.51982444444444
 20
257.7820247222222
 30
0.0
 10
85.27993555555555
 20
257.9189025
 30
0.0
 10
85.04004666666665
 20
258.0554275
 30
0.0
 10
84.95643833333332
 20
258.3609330555556
 30
0.0
 10
85.09296333333333
 20
258.6008219444444
 30
0.0
 10
85.22984111111111
 20
258.8407108333333
 30
0.0
 10
85.53534666666665
 20
258.9243191666666
 30
0.0
 10
85.77523555555555
 20
258.7874413888889
 30
0.0
  0
SPLINE
  5
28E
330
1F
100
AcDbEntity
  8
DEFAULT
 62
     7
100
AcDbSpline
210
0.0
220
0.0
230
1.0
 70
    11
 71
     3
 72
    17
 73
    13
 74
     0
 42
0.000000001
 43
0.0000000001
 40
0.0
 40
0.0
 40
0.0
 40
0.0
 40
1.0
 40
1.0
 40
1.0
 40
2.0
 40
2.0
 40
2.0
 40
3.0
 40
3.0
 40
3.0
 40
4.0
 40
4.0
 40
4.0
 40
4.0
 10
84.47193333333333
 20
259.5303913888889
 30
0.0
 10
84.71182222222222
 20
259.3935136111111
 30
0.0
 10
84.79543055555555
 20
259.0883608333333
 30
0.0
 10
84.65890555555555
 20
258.8481191666667
 30
0.0
 10
84.52202777777777
 20
258.6085830555555
 30
0.0
 10
84.21652222222222
 20
258.5246219444444
 30
0.0
 10
83.9769861111111
 20
258.6614997222222
 30
0.0
 10
83.73709722222222
 20
258.7983775
 30
0.0
 10
83.65313611111111
 20
259.1035302777777
 30
0.0
 10
83.7900138888889
 20
259.3434191666666
 30
0.0
 10
83.92689166666666
 20
259.5833080555555
 30
0.0
 10
84.23204444444444
 20
259.6669163888889
 30
0.0
 10
84.47193333333333
 20
259.5303913888889
 30
0.0
  0
SPLINE
  5
28F
330
1F
100
AcDbEntity
  8
DEFAULT
 62
     7
100
AcDbSpline
210
0.0
220
0.0
230
1.0
 70
    11
 71
     3
 72
    17
 73
    13
 74
     0
 42
0.000000001
 43
0.0000000001
 40
0.0
 40
0.0
 40
0.0
 40
0.0
 40
1.0
 40
1.0
 40
1.0
 40
2.0
 40
2.0
 40
2.0
 40
3.0
 40
3.0
 40
3.0
 40
4.0
 40
4.0
 40
4.0
 40
4.0
 10
44.89485277777777
 20
268.6102916666666
 30
0.0
 10
44.95694166666666
 20
268.8794611111111
 30
0.0
 10
45.22540555555555
 20
269.0470305555555
 30
0.0
 10
45.49457499999999
 20
268.9849416666667
 30
0.0
 10
45.76374444444443
 20
268.9228527777777
 30
0.0
 10
45.93131388888888
 20
268.6543888888888
 30
0.0
 10
45.86922499999999
 20
268.3852194444444
 30
0.0
 10
45.80713611111111
 20
268.1164027777778
 30
0.0
 10
45.53867222222221
 20
267.9484805555555
 30
0.0
 10
45.26950277777777
 20
268.0105694444444
 30
0.0
 10
45.00033333333333
 20
268.073011111111
 30
0.0
 10
44.83276388888888
 20
268.3411222222222
 30
0.0
 10
44.89485277777777
 20
268.6102916666666
 30
0.0
  0
SPLINE
  5
290
330
1F
100
AcDbEntity
  8
DEFAULT
 62
     7
100
AcDbSpline
210
0.0
220
0.0
230
1.0
 70
    11
 71
     3
 72
    17
 73
    13
 74
     0
 42
0.000000001
 43
0.0000000001
 40
0.0
 40
0.0
 40
0.0
 40
0.0
 40
1.0
 40
1.0
 40
1.0
 40
2.0
 40
2.0
 40
2.0
 40
3.0
 40
3.0
 40
3.0
 40
4.0
 40
4.0
 40
4.0
 40
4.0
 10
46.33284555555555
 20
267.9529608333333
 30
0.0
 10
46.5970761111111
 20
268.0337469444444
 30
0.0
 10
46.8764761111111
 20
267.8852275
 30
0.0
 10
46.95726222222222
 20
267.6209969444444
 30
0.0
 10
47.03804833333333
 20
267.3571191666666
 30
0.0
 10
46.88917611111111
 20
267.0773663888889
 30
0.0
 10
46.62529833333333
 20
266.9965802777778
 30
0.0
 10
46.36106777777778
 20
266.9161469444444
 30
0.0
 10
46.08166777777777
 20
267.0646663888888
 30
0.0
 10
46.00088166666666
 20
267.3285441666666
 30
0.0
 10
45.92009555555556
 20
267.5927747222222
 30
0.0
 10
46.06861499999999
 20
267.8721747222222
 30
0.0
 10
46.33284555555555
 20
267.9529608333333
 30
0.0
  0
SPLINE
  5
291
330
1F
100
AcDbEntity
  8
DEFAULT
 62
     7
100
AcDbSpline
210
0.0
220
0.0
230
1.0
 70
    11
 71
     3
 72
    17
 73
    13
 74
     0
 42
0.000000001
 43
0.0000000001
 40
0.0
 40
0.0
 40
0.0
 40
0.0
 40
1.0
 40
1.0
 40
1.0
 40
2.0
 40
2.0
 40
2.0
 40
3.0
 40
3.0
 40
3.0
 40
4.0
 40
4.0
 40
4.0
 40
4.0
 10
44.89848638888888
 20
267.5145638888889
 30
0.0
 10
45.16271694444444
 20
267.59535
 30
0.0
 10
45.44211694444444
 20
267.4464777777778
 30
0.0
 10
45.52290305555555
 20
267.1826
 30
0.0
 10
45.60368916666666
 20
266.9183694444444
 30
0.0
 10
45.45481694444444
 20
266.6389694444444
 30
0.0
 10
45.19093916666667
 20
266.5581833333333
 30
0.0
 10
44.9267086111111
 20
266.4773972222222
 30
0.0
 10
44.64730861111111
 20
266.6259166666666
 30
0.0
 10
44.56652249999999
 20
266.8901472222222
 30
0.0
 10
44.48573638888888
 20
267.1543777777778
 30
0.0
 10
44.63425583333333
 20
267.4337777777777
 30
0.0
 10
44.89848638888888
 20
267.5145638888889
 30
0.0
  0
POLYLINE
  5
292
330
1F
100
AcDbEntity
  8
DEFAULT
 62
     7
100
AcDb2dPolyline
 66
     1
 10
0.0
 20
0.0
 30
0.0
  0
VERTEX
  5
293
330
292
100
AcDbEntity
  8
DEFAULT
 62
     7
100
AcDbVertex
100
AcDb2dVertex
 10
136.2362513888889
 20
265.6602580555555
 30
0.0
  0
VERTEX
  5
294
330
292
100
AcDbEntity
  8
DEFAULT
 62
     7
100
AcDbVertex
100
AcDb2dVertex
 10
134.9239180555555
 20
264.273488611111
 30
0.0
  0
SEQEND
  5
295
330
292
100
AcDbEntity
  8
DEFAULT
 62
     7
  0
POLYLINE
  5
296
330
1F
100
AcDbEntity
  8
DEFAULT
 62
     7
100
AcDb2dPolyline
 66
     1
 10
0.0
 20
0.0
 30
0.0
  0
VERTEX
  5
297
330
296
100
AcDbEntity
  8
DEFAULT
 62
     7
100
AcDbVertex
100
AcDb2dVertex
 10
136.8938997222222
 20
265.0378875
 30
0.0
  0
VERTEX
  5
298
330
296
100
AcDbEntity
  8
DEFAULT
 62
     7
100
AcDbVertex
100
AcDb2dVertex
 10
135.5819191666667
 20
263.6511180555556
 30
0.0
  0
SEQEND
  5
299
330
296
100
AcDbEntity
  8
DEFAULT
 62
     7
  0
POLYLINE
  5
29A
330
1F
100
AcDbEntity
  8
DEFAULT
 62
     7
100
AcDb2dPolyline
 66
     1
 10
0.0
 20
0.0
 30
0.0
  0
VERTEX
  5
29B
330
29A
100
AcDbEntity
  8
DEFAULT
 62
     7
100
AcDbVertex
100
AcDb2dVertex
 10
137.5517597222222
 20
264.4155522222222
 30
0.0
  0
VERTEX
  5
29C
330
29A
100
AcDbEntity
  8
DEFAULT
 62
     7
100
AcDbVertex
100
AcDb2dVertex
 10
136.2397791666667
 20
263.0287827777778
 30
0.0
  0
SEQEND
  5
29D
330
29A
100
AcDbEntity
  8
DEFAULT
 62
     7
  0
SPLINE
  5
29E
330
1F
100
AcDbEntity
  8
DEFAULT
 62
     1
100
AcDbSpline
210
0.0
220
0.0
230
1.0
 70
    11
 71
     3
 72
   224
 73
   220
 74
     0
 42
0.000000001
 43
0.0000000001
 40
1.0
 40
1.0
 40
1.0
 40
1.0
 40
2.0
 40
2.0
 40
2.0
 40
3.0
 40
3.0
 40
3.0
 40
4.0
 40
4.0
 40
4.0
 40
5.0
 40
5.0
 40
5.0
 40
6.0
 40
6.0
 40
6.0
 40
7.0
 40
7.0
 40
7.0
 40
8.0
 40
8.0
 40
8.0
 40
9.0
 40
9.0
 40
9.0
 40
10.0
 40
10.0
 40
10.0
 40
11.0
 40
11.0
 40
11.0
 40
12.0
 40
12.0
 40
12.0
 40
13.0
 40
13.0
 40
13.0
 40
14.0
 40
14.0
 40
14.0
 40
15.0
 40
15.0
 40
15.0
 40
16.0
 40
16.0
 40
16.0
 40
25.94302267924601
 40
25.94302267924601
 40
25.94302267924601
 40
34.44432405021269
 40
34.44432405021269
 40
34.44432405021269
 40
44.35756176551033
 40
44.35756176551033
 40
44.35756176551033
 40
45.35756176551033
 40
45.35756176551033
 40
45.35756176551033
 40
47.35756176551033
 40
47.35756176551033
 40
47.35756176551033
 40
48.35756176551033
 40
48.35756176551033
 40
48.35756176551033
 40
50.35756176551033
 40
50.35756176551033
 40
50.35756176551033
 40
51.35756176551033
 40
51.35756176551033
 40
51.35756176551033
 40
52.35756176551033
 40
52.35756176551033
 40
52.35756176551033
 40
53.35756176551033
 40
53.35756176551033
 40
53.35756176551033
 40
54.35756176551033
 40
54.35756176551033
 40
54.35756176551033
 40
55.35756176551033
 40
55.35756176551033
 40
55.35756176551033
 40
56.35756176551033
 40
56.35756176551033
 40
56.35756176551033
 40
57.35756176551033
 40
57.35756176551033
 40
57.35756176551033
 40
58.35756176551033
 40
58.35756176551033
 40
58.35756176551033
 40
59.35756176551033
 40
59.35756176551033
 40
59.35756176551033
 40
60.35756176551033
 40
60.35756176551033
 40
60.35756176551033
 40
70.27556564734056
 40
70.27556564734056
 40
70.27556564734056
 40
78.7796443158384
 40
78.7796443158384
 40
78.7796443158384
 40
88.70426360324687
 40
88.70426360324687
 40
88.70426360324687
 40
89.70426360324687
 40
89.70426360324687
 40
89.70426360324687
 40
90.70426360324687
 40
90.70426360324687
 40
90.70426360324687
 40
91.70426360324687
 40
91.70426360324687
 40
91.70426360324687
 40
92.70426360324687
 40
92.70426360324687
 40
92.70426360324687
 40
93.70426360324687
 40
93.70426360324687
 40
93.70426360324687
 40
94.70426360324687
 40
94.70426360324687
 40
94.70426360324687
 40
104.6267262511987
 40
104.6267262511987
 40
104.6267262511987
 40
113.1194035675696
 40
113.1194035675696
 40
113.1194035675696
 40
123.0311586593785
 40
123.0311586593785
 40
123.0311586593785
 40
124.0311586593785
 40
124.0311586593785
 40
124.0311586593785
 40
125.0311586593785
 40
125.0311586593785
 40
125.0311586593785
 40
126.0311586593785
 40
126.0311586593785
 40
126.0311586593785
 40
127.0311586593785
 40
127.0311586593785
 40
127.0311586593785
 40
128.0311586593785
 40
128.0311586593785
 40
128.0311586593785
 40
129.0311586593785
 40
129.0311586593785
 40
129.0311586593785
 40
130.0311586593785
 40
130.0311586593785
 40
130.0311586593785
 40
131.0311586593785
 40
131.0311586593785
 40
131.0311586593785
 40
132.0311586593785
 40
132.0311586593785
 40
132.0311586593785
 40
133.0311586593785
 40
133.0311586593785
 40
133.0311586593785
 40
134.0311586593785
 40
134.0311586593785
 40
134.0311586593785
 40
135.0311586593785
 40
135.0311586593785
 40
135.0311586593785
 40
136.0311586593785
 40
136.0311586593785
 40
136.0311586593785
 40
137.0311586593785
 40
137.0311586593785
 40
137.0311586593785
 40
138.0311586593785
 40
138.0311586593785
 40
138.0311586593785
 40
147.9389295994033
 40
147.9389295994033
 40
147.9389295994033
 40
156.445736520922
 40
156.445736520922
 40
156.445736520922
 40
166.3599736574848
 40
166.3599736574848
 40
166.3599736574848
 40
167.3599736574848
 40
167.3599736574848
 40
167.3599736574848
 40
168.3599736574848
 40
168.3599736574848
 40
168.3599736574848
 40
169.3599736574848
 40
169.3599736574848
 40
169.3599736574848
 40
170.3599736574848
 40
170.3599736574848
 40
170.3599736574848
 40
171.3599736574848
 40
171.3599736574848
 40
171.3599736574848
 40
172.3599736574848
 40
172.3599736574848
 40
172.3599736574848
 40
173.3599736574848
 40
173.3599736574848
 40
173.3599736574848
 40
174.3599736574848
 40
174.3599736574848
 40
174.3599736574848
 40
175.3599736574848
 40
175.3599736574848
 40
175.3599736574848
 40
176.3599736574848
 40
176.3599736574848
 40
176.3599736574848
 40
177.3599736574848
 40
177.3599736574848
 40
177.3599736574848
 40
177.3599736574848
 10
81.37292166666666
 20
255.2846402777777
 30
0.0
 10
69.87730499999999
 20
260.8546486111111
 30
0.0
 10
62.59491333333332
 20
260.6461569444444
 30
0.0
 10
62.7444911111111
 20
263.2542430555555
 30
0.0
 10
62.89159944444444
 20
265.8729125
 30
0.0
 10
31.02553555555555
 20
261.9408513888889
 30
0.0
 10
26.92802166666667
 20
256.7920597222222
 30
0.0
 10
21.43386055555555
 20
249.8927847222222
 30
0.0
 10
24.04618
 20
259.4707013888889
 30
0.0
 10
15.95310499999999
 20
257.2474958333333
 30
0.0
 10
7.851210555555558
 20
255.0299347222222
 30
0.0
 10
7.735852222222215
 20
249.0778680555555
 30
0.0
 10
6.473260555555556
 20
251.8605791666666
 30
0.0
 10
5.212079999999995
 20
254.6369402777777
 30
0.0
 10
7.62860777777778
 20
254.7071430555555
 30
0.0
 10
6.701507777777775
 20
256.1884569444444
 30
0.0
 10
5.775466111111109
 20
257.6658902777777
 30
0.0
 10
5.790282777777776
 20
257.6800013888889
 30
0.0
 10
9.448941111111113
 20
260.3600541666666
 30
0.0
 10
13.10583555555555
 20
263.0326986111111
 30
0.0
 10
17.51379388888888
 20
259.5902930555555
 30
0.0
 10
20.49123833333333
 20
262.2731680555555
 30
0.0
 10
23.46691888888888
 20
264.9482819444444
 30
0.0
 10
17.49544944444444
 20
266.3117680555555
 30
0.0
 10
28.49576611111111
 20
267.3062486111111
 30
0.0
 10
39.49149666666666
 20
268.3035513888888
 30
0.0
 10
59.18249388888888
 20
280.7442597222222
 30
0.0
 10
61.16157722222221
 20
274.1988208333333
 30
0.0
 10
60.32514111111111
 20
273.948348611111
 30
0.0
 10
60.43414944444443
 20
273.9303569444444
 30
0.0
 10
59.50387444444443
 20
273.6474291666667
 30
0.0
 10
58.57677444444444
 20
273.3655597222222
 30
0.0
 10
58.65085777777777
 20
273.4368208333333
 30
0.0
 10
57.81794944444444
 20
273.1874069444444
 30
0.0
 10
56.9786911111111
 20
272.9327013888889
 30
0.0
 10
57.08699388888888
 20
272.9178847222222
 30
0.0
 10
56.16095222222221
 20
272.6324875
 30
0.0
 10
55.22961888888888
 20
272.3530875
 30
0.0
 10
55.30370222222221
 20
272.4247013888889
 30
0.0
 10
54.47149944444444
 20
272.1717597222222
 30
0.0
 10
53.63153555555555
 20
271.9205819444444
 30
0.0
 10
53.74054388888888
 20
271.9022375
 30
0.0
 10
52.81379666666665
 20
271.6203680555555
 30
0.0
 10
51.88740222222222
 20
271.3349708333333
 30
0.0
 10
51.96077999999999
 20
271.4097597222222
 30
0.0
 10
51.12504944444444
 20
271.1561124999999
 30
0.0
 10
50.00580314814814
 20
270.8179162037036
 30
0.0
 10
48.88655685185184
 20
270.4797199074073
 30
0.0
 10
47.76731055555554
 20
270.1415236111111
 30
0.0
 10
48.05952814814814
 20
269.1854958333333
 30
0.0
 10
48.35174574074074
 20
268.2294680555556
 30
0.0
 10
48.64396333333332
 20
267.2734402777778
 30
0.0
 10
49.75979944444444
 20
267.6108134259259
 30
0.0
 10
50.87563555555555
 20
267.948186574074
 30
0.0
 10
51.99147166666666
 20
268.2855597222222
 30
0.0
 10
52.83037722222222
 20
268.5402652777777
 30
0.0
 10
52.72136888888888
 20
268.5582569444444
 30
0.0
 10
53.65517166666666
 20
268.8418902777777
 30
0.0
 10
54.57874388888888
 20
269.1230541666666
 30
0.0
 10
54.50466055555555
 20
269.0517930555555
 30
0.0
 10
55.3403911111111
 20
269.3054402777777
 30
0.0
 10
56.17682722222222
 20
269.5559124999999
 30
0.0
 10
56.07134666666666
 20
269.5749625
 30
0.0
 10
56.99844666666667
 20
269.8568319444444
 30
0.0
 10
57.92519388888889
 20
270.1387013888888
 30
0.0
 10
57.85181611111111
 20
270.0639125
 30
0.0
 10
58.68789944444444
 20
270.3179125
 30
0.0
 10
59.52327722222221
 20
270.5715597222222
 30
0.0
 10
59.41779666666667
 20
270.5906097222222
 30
0.0
 10
60.34560222222222
 20
270.8689513888889
 30
0.0
 10
61.27199666666665
 20
271.1543486111111
 30
0.0
 10
61.1950911111111
 20
271.0788541666666
 30
0.0
 10
62.03505499999999
 20
271.3300319444444
 30
0.0
 10
62.8111661111111
 20
270.7408930555555
 30
0.0
 10
62.45062722222222
 20
271.4436263888888
 30
0.0
 10
66.66067722222222
 20
272.7337347222222
 30
0.0
 10
69.99513277777777
 20
273.7539680555555
 30
0.0
 10
71.04923277777776
 20
273.0261874999999
 30
0.0
 10
81.53837444444443
 20
266.7037041666666
 30
0.0
 10
93.94380499999998
 20
259.2251680555555
 30
0.0
 10
99.347655
 20
257.4485791666666
 30
0.0
 10
101.9705577777778
 20
259.1232152777777
 30
0.0
 10
104.5920494444444
 20
260.8045541666667
 30
0.0
 10
106.6339272222222
 20
254.3963458333333
 30
0.0
 10
108.1131244444444
 20
256.9522208333333
 30
0.0
 10
110.5081327777778
 20
261.0828958333333
 30
0.0
 10
108.7064966666667
 20
257.2838319444444
 30
0.0
 10
121.8894494444444
 20
263.3163319444444
 30
0.0
 10
135.1697688888889
 20
269.3961041666666
 30
0.0
 10
136.4753994444444
 20
275.5714791666666
 30
0.0
 10
141.6464161111111
 20
272.2426680555556
 30
0.0
 10
141.0428133333333
 20
271.6080208333333
 30
0.0
 10
141.1468827777778
 20
271.6429458333333
 30
0.0
 10
140.47978
 20
270.9395069444444
 30
0.0
 10
139.8137355555556
 20
270.2325402777777
 30
0.0
 10
139.8401938888889
 20
270.3362569444444
 30
0.0
 10
139.2411772222222
 20
269.6987875
 30
0.0
 10
138.4391957407407
 20
268.8520032407407
 30
0.0
 10
137.6372142592593
 20
268.0052189814814
 30
0.0
 10
136.8352327777778
 20
267.1584347222222
 30
0.0
 10
137.5616022222222
 20
266.4711060185185
 30
0.0
 10
138.2879716666667
 20
265.7837773148148
 30
0.0
 10
139.0143411111111
 20
265.096448611111
 30
0.0
 10
139.8160874074074
 20
265.9445263888888
 30
0.0
 10
140.6178337037037
 20
266.7926041666666
 30
0.0
 10
141.41958
 20
267.6406819444444
 30
0.0
 10
142.0193022222222
 20
268.2742708333333
 30
0.0
 10
141.9187605555555
 20
268.2404041666666
 30
0.0
 10
142.5858633333333
 20
268.9438430555555
 30
0.0
 10
143.2554355555556
 20
269.6518680555555
 30
0.0
 10
143.2219216666666
 20
269.5463875
 30
0.0
 10
143.8251716666666
 20
270.1810347222222
 30
0.0
 10
146.0744827777777
 20
268.0809486111111
 30
0.0
 10
144.4248938888889
 20
266.0620013888889
 30
0.0
 10
142.8014105555555
 20
264.1647625
 30
0.0
 10
138.0046911111111
 20
258.5478347222222
 30
0.0
 10
125.4069966666667
 20
259.2745569444444
 30
0.0
 10
125.6228966666667
 20
258.524198611111
 30
0.0
 10
124.7790522222222
 20
258.3047708333333
 30
0.0
 10
124.8884133333333
 20
258.2864263888889
 30
0.0
 10
123.9450855555555
 20
258.0440680555555
 30
0.0
 10
123.007755
 20
257.8070013888889
 30
0.0
 10
123.0818383333333
 20
257.8782624999999
 30
0.0
 10
122.2365827777778
 20
257.6658902777777
 30
0.0
 10
121.1058124074074
 20
257.3781412037036
 30
0.0
 10
119.975042037037
 20
257.0903921296296
 30
0.0
 10
118.8442716666667
 20
256.8026430555555
 30
0.0
 10
119.089805
 20
255.8346208333333
 30
0.0
 10
119.3353383333333
 20
254.8665986111111
 30
0.0
 10
119.5808716666667
 20
253.8985763888889
 30
0.0
 10
120.7107012962963
 20
254.1849143518518
 30
0.0
 10
121.8405309259259
 20
254.4712523148148
 30
0.0
 10
122.9703605555555
 20
254.7575902777777
 30
0.0
 10
123.8219661111111
 20
254.9752541666666
 30
0.0
 10
123.7150744444444
 20
254.9978319444444
 30
0.0
 10
124.652405
 20
255.2348986111111
 30
0.0
 10
125.5992605555555
 20
255.4779625
 30
0.0
 10
125.5156522222222
 20
255.4010569444444
 30
0.0
 10
126.3644355555555
 20
255.6141347222222
 30
0.0
 10
127.3391605555556
 20
251.5487236111111
 30
0.0
 10
121.4541216666667
 20
251.8281236111111
 30
0.0
 10
117.9076466666667
 20
250.7990708333333
 30
0.0
 10
115.7094883333333
 20
250.1594847222222
 30
0.0
 10
114.0623688888889
 20
249.7664902777777
 30
0.0
 10
111.7922438888889
 20
247.1703986111111
 30
0.0
 10
108.8338494444444
 20
243.7897291666666
 30
0.0
 10
109.94898
 20
251.1878319444444
 30
0.0
 10
106.250105
 20
248.2887041666666
 30
0.0
 10
105.4905744444444
 20
248.7257958333333
 30
0.0
 10
105.551605
 20
248.6347791666666
 30
0.0
 10
104.7056438888889
 20
249.1173791666666
 30
0.0
 10
103.8660327777778
 20
249.5901013888888
 30
0.0
 10
103.9711605555556
 20
249.5890430555555
 30
0.0
 10
103.2091605555555
 20
250.0219013888888
 30
0.0
 10
102.4549216666667
 20
250.4529958333333
 30
0.0
 10
102.5113661111111
 20
250.3644486111111
 30
0.0
 10
101.665405
 20
250.8470486111111
 30
0.0
 10
100.8257938888889
 20
251.3197708333333
 30
0.0
 10
100.9302161111111
 20
251.3222402777778
 30
0.0
 10
100.1657466666666
 20
251.7508652777777
 30
0.0
 10
99.41362444444442
 20
252.1861930555555
 30
0.0
 10
99.47465499999998
 20
252.0951763888888
 30
0.0
 10
98.62446055555554
 20
252.5802458333333
 30
0.0
 10
97.78096888888888
 20
253.0522625
 30
0.0
 10
97.88962444444444
 20
253.0519097222222
 30
0.0
 10
97.12515499999999
 20
253.4805347222222
 30
0.0
 10
96.36985777777777
 20
253.9151569444444
 30
0.0
 10
96.43088833333333
 20
253.8241402777777
 30
0.0
 10
95.58069388888889
 20
254.3092097222222
 30
0.0
 10
94.74108277777776
 20
254.7822847222222
 30
0.0
 10
94.84867999999999
 20
254.7851069444444
 30
0.0
 10
94.08421055555554
 20
255.2137319444444
 30
0.0
 10
93.32891333333332
 20
255.6483541666666
 30
0.0
 10
93.3895911111111
 20
255.5573375
 30
0.0
 10
92.53974944444444
 20
256.0424069444444
 30
0.0
 10
91.69978555555555
 20
256.5154819444444
 30
0.0
 10
91.80879388888889
 20
256.5151291666667
 30
0.0
 10
91.04397166666666
 20
256.9437541666666
 30
0.0
 10
90.03255777777777
 20
257.522074537037
 30
0.0
 10
89.02114388888889
 20
258.1003949074073
 30
0.0
 10
88.00972999999999
 20
258.6787152777777
 30
0.0
 10
87.51466518518517
 20
257.8094708333333
 30
0.0
 10
87.01960037037036
 20
256.9402263888889
 30
0.0
 10
86.52453555555554
 20
256.0709819444444
 30
0.0
 10
87.53783092592592
 20
255.4944254629629
 30
0.0
 10
88.55112629629629
 20
254.9178689814814
 30
0.0
 10
89.56442166666666
 20
254.3413125
 30
0.0
 10
90.32324666666666
 20
253.9073958333333
 30
0.0
 10
90.26644944444443
 20
253.9959430555555
 30
0.0
 10
91.10888277777777
 20
253.5126375
 30
0.0
 10
91.95378555555556
 20
253.0335652777777
 30
0.0
 10
91.8433661111111
 20
253.0409736111111
 30
0.0
 10
92.60466055555554
 20
252.6112902777778
 30
0.0
 10
93.36348555555554
 20
252.1777263888889
 30
0.0
 10
93.30774666666666
 20
252.2627458333333
 30
0.0
 10
94.14912166666664
 20
251.7829680555555
 30
0.0
 10
94.99402444444443
 20
251.3038958333333
 30
0.0
 10
94.8881911111111
 20
251.3084819444444
 30
0.0
 10
95.64595777777775
 20
250.8780930555555
 30
0.0
 10
96.40442999999999
 20
250.4445291666666
 30
0.0
 10
96.34798555555554
 20
250.5327236111111
 30
0.0
 10
97.18936055555554
 20
250.0529458333333
 30
0.0
 10
98.03532166666666
 20
249.5706986111111
 30
0.0
 10
97.92842999999999
 20
249.5788125
 30
0.0
 10
98.68937166666664
 20
249.1491291666666
 30
0.0
 10
99.44466888888888
 20
248.7145069444444
 30
0.0
 10
99.38892999999999
 20
248.7995263888888
 30
0.0
 10
100.2331272222222
 20
248.3239819444444
 30
0.0
 10
101.0787355555556
 20
247.8413819444444
 30
0.0
 10
100.9651411111111
 20
247.8477319444444
 30
0.0
 10
101.7299633333333
 20
247.4194597222222
 30
0.0
 10
102.4884355555555
 20
246.9855430555555
 30
0.0
 10
102.4284633333333
 20
247.0733847222222
 30
0.0
 10
103.2744244444444
 20
246.5907847222222
 30
0.0
 10
104.1193272222222
 20
246.1117125
 30
0.0
 10
104.00538
 20
246.1180625
 30
0.0
 10
104.7698494444444
 20
245.6894375
 30
0.0
 10
100.5721466666667
 20
239.9857263888888
 30
0.0
 10
92.66992444444443
 20
249.8102347222222
 30
0.0
 10
81.37292166666666
 20
255.2846402777777
 30
0.0
  0
SPLINE
  5
29F
330
1F
100
AcDbEntity
  8
DEFAULT
 62
     7
100
AcDbSpline
210
0.0
220
0.0
230
1.0
 70
    11
 71
     3
 72
    17
 73
    13
 74
     0
 42
0.000000001
 43
0.0000000001
 40
0.0
 40
0.0
 40
0.0
 40
0.0
 40
1.0
 40
1.0
 40
1.0
 40
2.0
 40
2.0
 40
2.0
 40
3.0
 40
3.0
 40
3.0
 40
4.0
 40
4.0
 40
4.0
 40
4.0
 10
117.1509383333333
 20
273.3509194444444
 30
0.0
 10
117.4186966666666
 20
273.4186527777778
 30
0.0
 10
117.6906883333333
 20
273.2567277777777
 30
0.0
 10
117.7584216666666
 20
272.9893222222222
 30
0.0
 10
117.8265077777778
 20
272.7215638888889
 30
0.0
 10
117.6645827777778
 20
272.4495722222222
 30
0.0
 10
117.3968244444444
 20
272.381486111111
 30
0.0
 10
117.1290661111111
 20
272.3137527777777
 30
0.0
 10
116.8570744444444
 20
272.4756777777777
 30
0.0
 10
116.7893411111111
 20
272.7434361111111
 30
0.0
 10
116.721255
 20
273.0108416666666
 30
0.0
 10
116.88318
 20
273.2831861111111
 30
0.0
 10
117.1509383333333
 20
273.3509194444444
 30
0.0
  0
SPLINE
  5
2A0
330
1F
100
AcDbEntity
  8
DEFAULT
 62
     7
100
AcDbSpline
210
0.0
220
0.0
230
1.0
 70
    11
 71
     3
 72
    17
 73
    13
 74
     0
 42
0.000000001
 43
0.0000000001
 40
0.0
 40
0.0
 40
0.0
 40
0.0
 40
1.0
 40
1.0
 40
1.0
 40
2.0
 40
2.0
 40
2.0
 40
3.0
 40
3.0
 40
3.0
 40
4.0
 40
4.0
 40
4.0
 40
4.0
 10
85.77523555555555
 20
276.7946302777777
 30
0.0
 10
86.01512444444444
 20
276.6577525
 30
0.0
 10
86.09873277777777
 20
276.3525997222222
 30
0.0
 10
85.961855
 20
276.1127108333333
 30
0.0
 10
85.82533
 20
275.8728219444444
 30
0.0
 10
85.51982444444444
 20
275.7888608333333
 30
0.0
 10
85.27993555555555
 20
275.9257386111111
 30
0.0
 10
85.04004666666665
 20
276.0626163888888
 30
0.0
 10
84.95643833333332
 20
276.3681219444445
 30
0.0
 10
85.09296333333333
 20
276.6080108333333
 30
0.0
 10
85.22984111111111
 20
276.8475469444444
 30
0.0
 10
85.53534666666665
 20
276.9315080555555
 30
0.0
 10
85.77523555555555
 20
276.7946302777777
 30
0.0
  0
SPLINE
  5
2A1
330
1F
100
AcDbEntity
  8
DEFAULT
 62
     7
100
AcDbSpline
210
0.0
220
0.0
230
1.0
 70
    11
 71
     3
 72
    17
 73
    13
 74
     0
 42
0.000000001
 43
0.0000000001
 40
0.0
 40
0.0
 40
0.0
 40
0.0
 40
1.0
 40
1.0
 40
1.0
 40
2.0
 40
2.0
 40
2.0
 40
3.0
 40
3.0
 40
3.0
 40
4.0
 40
4.0
 40
4.0
 40
4.0
 10
84.47193333333333
 20
277.5374038888888
 30
0.0
 10
84.71182222222222
 20
277.400526111111
 30
0.0
 10
84.79543055555555
 20
277.0953733333333
 30
0.0
 10
84.65890555555555
 20
276.8554844444444
 30
0.0
 10
84.52202777777777
 20
276.6155955555555
 30
0.0
 10
84.21652222222222
 20
276.5319872222222
 30
0.0
 10
83.9769861111111
 20
276.6685122222222
 30
0.0
 10
83.73709722222222
 20
276.8053899999999
 30
0.0
 10
83.65313611111111
 20
277.1108955555555
 30
0.0
 10
83.7900138888889
 20
277.3507844444444
 30
0.0
 10
83.92689166666666
 20
277.5903205555555
 30
0.0
 10
84.23204444444444
 20
277.6742816666667
 30
0.0
 10
84.47193333333333
 20
277.5374038888888
 30
0.0
  0
SPLINE
  5
2A2
330
1F
100
AcDbEntity
  8
DEFAULT
 62
     7
100
AcDbSpline
210
0.0
220
0.0
230
1.0
 70
    11
 71
     3
 72
    17
 73
    13
 74
     0
 42
0.000000001
 43
0.0000000001
 40
0.0
 40
0.0
 40
0.0
 40
0.0
 40
1.0
 40
1.0
 40
1.0
 40
2.0
 40
2.0
 40
2.0
 40
3.0
 40
3.0
 40
3.0
 40
4.0
 40
4.0
 40
4.0
 40
4.0
 10
44.89485277777777
 20
286.6174452777777
 30
0.0
 10
44.95694166666666
 20
286.8866147222222
 30
0.0
 10
45.22540555555555
 20
287.0541841666666
 30
0.0
 10
45.49457499999999
 20
286.9920952777778
 30
0.0
 10
45.76374444444443
 20
286.9300063888888
 30
0.0
 10
45.93131388888888
 20
286.6615424999999
 30
0.0
 10
45.86922499999999
 20
286.3923730555555
 30
0.0
 10
45.80713611111111
 20
286.1235563888889
 30
0.0
 10
45.53867222222221
 20
285.9556341666666
 30
0.0
 10
45.26950277777777
 20
286.0177230555555
 30
0.0
 10
45.00033333333333
 20
286.0798119444444
 30
0.0
 10
44.83276388888888
 20
286.3482758333333
 30
0.0
 10
44.89485277777777
 20
286.6174452777777
 30
0.0
  0
SPLINE
  5
2A3
330
1F
100
AcDbEntity
  8
DEFAULT
 62
     7
100
AcDbSpline
210
0.0
220
0.0
230
1.0
 70
    11
 71
     3
 72
    17
 73
    13
 74
     0
 42
0.000000001
 43
0.0000000001
 40
0.0
 40
0.0
 40
0.0
 40
0.0
 40
1.0
 40
1.0
 40
1.0
 40
2.0
 40
2.0
 40
2.0
 40
3.0
 40
3.0
 40
3.0
 40
4.0
 40
4.0
 40
4.0
 40
4.0
 10
46.33284555555555
 20
285.9601144444444
 30
0.0
 10
46.5970761111111
 20
286.0409005555555
 30
0.0
 10
46.8764761111111
 20
285.8920283333333
 30
0.0
 10
46.95726222222222
 20
285.6281505555555
 30
0.0
 10
47.03804833333333
 20
285.36392
 30
0.0
 10
46.88917611111111
 20
285.08452
 30
0.0
 10
46.62529833333333
 20
285.0037338888889
 30
0.0
 10
46.36106777777778
 20
284.9229477777777
 30
0.0
 10
46.08166777777777
 20
285.0714672222222
 30
0.0
 10
46.00088166666666
 20
285.3356977777777
 30
0.0
 10
45.92009555555556
 20
285.5999283333333
 30
0.0
 10
46.06861499999999
 20
285.8793283333333
 30
0.0
 10
46.33284555555555
 20
285.9601144444444
 30
0.0
  0
SPLINE
  5
2A4
330
1F
100
AcDbEntity
  8
DEFAULT
 62
     7
100
AcDbSpline
210
0.0
220
0.0
230
1.0
 70
    11
 71
     3
 72
    17
 73
    13
 74
     0
 42
0.000000001
 43
0.0000000001
 40
0.0
 40
0.0
 40
0.0
 40
0.0
 40
1.0
 40
1.0
 40
1.0
 40
2.0
 40
2.0
 40
2.0
 40
3.0
 40
3.0
 40
3.0
 40
4.0
 40
4.0
 40
4.0
 40
4.0
 10
44.89848638888888
 20
285.5215763888888
 30
0.0
 10
45.16271694444444
 20
285.6023625
 30
0.0
 10
45.44211694444444
 20
285.4538430555555
 30
0.0
 10
45.52290305555555
 20
285.1896125
 30
0.0
 10
45.60368916666666
 20
284.9257347222222
 30
0.0
 10
45.45481694444444
 20
284.6459819444444
 30
0.0
 10
45.19093916666667
 20
284.5651958333333
 30
0.0
 10
44.9267086111111
 20
284.4847625
 30
0.0
 10
44.64730861111111
 20
284.6332819444444
 30
0.0
 10
44.56652249999999
 20
284.8971597222222
 30
0.0
 10
44.48573638888888
 20
285.1613902777777
 30
0.0
 10
44.63425583333333
 20
285.4407902777778
 30
0.0
 10
44.89848638888888
 20
285.5215763888888
 30
0.0
  0
POLYLINE
  5
2A5
330
1F
100
AcDbEntity
  8
DEFAULT
 62
     7
100
AcDb2dPolyline
 66
     1
 10
0.0
 20
0.0
 30
0.0
  0
VERTEX
  5
2A6
330
2A5
100
AcDbEntity
  8
DEFAULT
 62
     7
100
AcDbVertex
100
AcDb2dVertex
 10
136.2362513888889
 20
283.6674116666666
 30
0.0
  0
VERTEX
  5
2A7
330
2A5
100
AcDbEntity
  8
DEFAULT
 62
     7
100
AcDbVertex
100
AcDb2dVertex
 10
134.9239180555555
 20
282.2806422222221
 30
0.0
  0
SEQEND
  5
2A8
330
2A5
100
AcDbEntity
  8
DEFAULT
 62
     7
  0
POLYLINE
  5
2A9
330
1F
100
AcDbEntity
  8
DEFAULT
 62
     7
100
AcDb2dPolyline
 66
     1
 10
0.0
 20
0.0
 30
0.0
  0
VERTEX
  5
2AA
330
2A9
100
AcDbEntity
  8
DEFAULT
 62
     7
100
AcDbVertex
100
AcDb2dVertex
 10
136.8938997222222
 20
283.0450763888888
 30
0.0
  0
VERTEX
  5
2AB
330
2A9
100
AcDbEntity
  8
DEFAULT
 62
     7
100
AcDbVertex
100
AcDb2dVertex
 10
135.5819191666666
 20
281.6583069444445
 30
0.0
  0
SEQEND
  5
2AC
330
2A9
100
AcDbEntity
  8
DEFAULT
 62
     7
  0
POLYLINE
  5
2AD
330
1F
100
AcDbEntity
  8
DEFAULT
 62
     7
100
AcDb2dPolyline
 66
     1
 10
0.0
 20
0.0
 30
0.0
  0
VERTEX
  5
2AE
330
2AD
100
AcDbEntity
  8
DEFAULT
 62
     7
100
AcDbVertex
100
AcDb2dVertex
 10
137.5517597222222
 20
282.4227058333333
 30
0.0
  0
VERTEX
  5
2AF
330
2AD
100
AcDbEntity
  8
DEFAULT
 62
     7
100
AcDbVertex
100
AcDb2dVertex
 10
136.2397791666667
 20
281.0359363888889
 30
0.0
  0
SEQEND
  5
2B0
330
2AD
100
AcDbEntity
  8
DEFAULT
 62
     7
  0
SPLINE
  5
2B1
330
1F
100
AcDbEntity
  8
DEFAULT
 62
     1
100
AcDbSpline
210
0.0
220
0.0
230
1.0
 70
    11
 71
     3
 72
   224
 73
   220
 74
     0
 42
0.000000001
 43
0.0000000001
 40
1.0
 40
1.0
 40
1.0
 40
1.0
 40
2.0
 40
2.0
 40
2.0
 40
3.0
 40
3.0
 40
3.0
 40
4.0
 40
4.0
 40
4.0
 40
5.0
 40
5.0
 40
5.0
 40
6.0
 40
6.0
 40
6.0
 40
7.0
 40
7.0
 40
7.0
 40
8.0
 40
8.0
 40
8.0
 40
9.0
 40
9.0
 40
9.0
 40
10.0
 40
10.0
 40
10.0
 40
11.0
 40
11.0
 40
11.0
 40
12.0
 40
12.0
 40
12.0
 40
13.0
 40
13.0
 40
13.0
 40
14.0
 40
14.0
 40
14.0
 40
15.0
 40
15.0
 40
15.0
 40
16.0
 40
16.0
 40
16.0
 40
25.94302267924601
 40
25.94302267924601
 40
25.94302267924601
 40
34.44432405021269
 40
34.44432405021269
 40
34.44432405021269
 40
44.35756176551033
 40
44.35756176551033
 40
44.35756176551033
 40
45.35756176551033
 40
45.35756176551033
 40
45.35756176551033
 40
47.35756176551033
 40
47.35756176551033
 40
47.35756176551033
 40
48.35756176551033
 40
48.35756176551033
 40
48.35756176551033
 40
50.35756176551033
 40
50.35756176551033
 40
50.35756176551033
 40
51.35756176551033
 40
51.35756176551033
 40
51.35756176551033
 40
52.35756176551033
 40
52.35756176551033
 40
52.35756176551033
 40
53.35756176551033
 40
53.35756176551033
 40
53.35756176551033
 40
54.35756176551033
 40
54.35756176551033
 40
54.35756176551033
 40
55.35756176551033
 40
55.35756176551033
 40
55.35756176551033
 40
56.35756176551033
 40
56.35756176551033
 40
56.35756176551033
 40
57.35756176551033
 40
57.35756176551033
 40
57.35756176551033
 40
58.35756176551033
 40
58.35756176551033
 40
58.35756176551033
 40
59.35756176551033
 40
59.35756176551033
 40
59.35756176551033
 40
60.35756176551033
 40
60.35756176551033
 40
60.35756176551033
 40
70.27556564734056
 40
70.27556564734056
 40
70.27556564734056
 40
78.7796443158384
 40
78.7796443158384
 40
78.7796443158384
 40
88.70353694927618
 40
88.70353694927618
 40
88.70353694927618
 40
89.70353694927618
 40
89.70353694927618
 40
89.70353694927618
 40
90.70353694927618
 40
90.70353694927618
 40
90.70353694927618
 40
91.70353694927618
 40
91.70353694927618
 40
91.70353694927618
 40
92.70353694927618
 40
92.70353694927618
 40
92.70353694927618
 40
93.70353694927618
 40
93.70353694927618
 40
93.70353694927618
 40
94.70353694927618
 40
94.70353694927618
 40
94.70353694927618
 40
104.625999597228
 40
104.625999597228
 40
104.625999597228
 40
113.1186769135989
 40
113.1186769135989
 40
113.1186769135989
 40
123.0304320054078
 40
123.0304320054078
 40
123.0304320054078
 40
124.0304320054078
 40
124.0304320054078
 40
124.0304320054078
 40
125.0304320054078
 40
125.0304320054078
 40
125.0304320054078
 40
126.0304320054078
 40
126.0304320054078
 40
126.0304320054078
 40
127.0304320054078
 40
127.0304320054078
 40
127.0304320054078
 40
128.0304320054078
 40
128.0304320054078
 40
128.0304320054078
 40
129.0304320054078
 40
129.0304320054078
 40
129.0304320054078
 40
130.0304320054078
 40
130.0304320054078
 40
130.0304320054078
 40
131.0304320054078
 40
131.0304320054078
 40
131.0304320054078
 40
132.0304320054078
 40
132.0304320054078
 40
132.0304320054078
 40
133.0304320054078
 40
133.0304320054078
 40
133.0304320054078
 40
134.0304320054078
 40
134.0304320054078
 40
134.0304320054078
 40
135.0304320054078
 40
135.0304320054078
 40
135.0304320054078
 40
136.0304320054078
 40
136.0304320054078
 40
136.0304320054078
 40
137.0304320054078
 40
137.0304320054078
 40
137.0304320054078
 40
138.0304320054078
 40
138.0304320054078
 40
138.0304320054078
 40
147.9382029454326
 40
147.9382029454326
 40
147.9382029454326
 40
156.4450098669514
 40
156.4450098669514
 40
156.4450098669514
 40
166.3592470035141
 40
166.3592470035141
 40
166.3592470035141
 40
167.3592470035141
 40
167.3592470035141
 40
167.3592470035141
 40
168.3592470035141
 40
168.3592470035141
 40
168.3592470035141
 40
169.3592470035141
 40
169.3592470035141
 40
169.3592470035141
 40
170.3592470035141
 40
170.3592470035141
 40
170.3592470035141
 40
171.3592470035141
 40
171.3592470035141
 40
171.3592470035141
 40
172.3592470035141
 40
172.3592470035141
 40
172.3592470035141
 40
173.3592470035141
 40
173.3592470035141
 40
173.3592470035141
 40
174.3592470035141
 40
174.3592470035141
 40
174.3592470035141
 40
175.3592470035141
 40
175.3592470035141
 40
175.3592470035141
 40
176.3592470035141
 40
176.3592470035141
 40
176.3592470035141
 40
177.3592470035141
 40
177.3592470035141
 40
177.3592470035141
 40
177.3592470035141
 10
81.37292166666666
 20
273.2918291666667
 30
0.0
 10
69.87730499999999
 20
278.8618375
 30
0.0
 10
62.59491333333332
 20
278.6533458333333
 30
0.0
 10
62.7444911111111
 20
281.2614319444444
 30
0.0
 10
62.89159944444444
 20
283.8801013888889
 30
0.0
 10
31.02553555555555
 20
279.9476875
 30
0.0
 10
26.92802166666667
 20
274.7992486111111
 30
0.0
 10
21.43386055555555
 20
267.8999736111111
 30
0.0
 10
24.04618
 20
277.4778902777778
 30
0.0
 10
15.95310499999999
 20
275.2546847222222
 30
0.0
 10
7.851210555555558
 20
273.0371236111111
 30
0.0
 10
7.735852222222215
 20
267.0850569444444
 30
0.0
 10
6.473260555555556
 20
269.8677680555555
 30
0.0
 10
5.212079999999995
 20
272.6437763888889
 30
0.0
 10
7.62860777777778
 20
272.7143319444444
 30
0.0
 10
6.701507777777775
 20
274.1956458333333
 30
0.0
 10
5.775466111111109
 20
275.6730791666666
 30
0.0
 10
5.790282777777776
 20
275.6871902777777
 30
0.0
 10
9.448941111111113
 20
278.3672430555555
 30
0.0
 10
13.10583555555555
 20
281.0398875
 30
0.0
 10
17.51379388888888
 20
277.5974819444444
 30
0.0
 10
20.49123833333333
 20
280.2803569444444
 30
0.0
 10
23.46691888888888
 20
282.9554708333333
 30
0.0
 10
17.49544944444444
 20
284.3189569444444
 30
0.0
 10
28.49576611111111
 20
285.3134375
 30
0.0
 10
39.49149666666666
 20
286.3107402777778
 30
0.0
 10
59.18249388888888
 20
298.7514486111111
 30
0.0
 10
61.16157722222221
 20
292.2060097222222
 30
0.0
 10
60.32514111111111
 20
291.9555375
 30
0.0
 10
60.43414944444443
 20
291.9371930555556
 30
0.0
 10
59.50387444444443
 20
291.6546180555555
 30
0.0
 10
58.57677444444444
 20
291.3727486111111
 30
0.0
 10
58.65085777777777
 20
291.4440097222222
 30
0.0
 10
57.81794944444444
 20
291.1945958333333
 30
0.0
 10
56.9786911111111
 20
290.9398902777777
 30
0.0
 10
57.08699388888888
 20
290.9250736111111
 30
0.0
 10
56.16095222222221
 20
290.6396763888889
 30
0.0
 10
55.22961888888888
 20
290.3602763888889
 30
0.0
 10
55.30370222222221
 20
290.4315375
 30
0.0
 10
54.47149944444444
 20
290.1789486111111
 30
0.0
 10
53.63153555555555
 20
289.9277708333333
 30
0.0
 10
53.74054388888888
 20
289.9094263888889
 30
0.0
 10
52.81379666666665
 20
289.6275569444444
 30
0.0
 10
51.88740222222222
 20
289.3421597222222
 30
0.0
 10
51.96077999999999
 20
289.4165958333333
 30
0.0
 10
51.12504944444444
 20
289.1633013888889
 30
0.0
 10
50.00580314814814
 20
288.8251050925926
 30
0.0
 10
48.88655685185184
 20
288.4869087962963
 30
0.0
 10
47.76731055555554
 20
288.1487125
 30
0.0
 10
48.05952814814814
 20
287.1926847222222
 30
0.0
 10
48.35174574074074
 20
286.2366569444445
 30
0.0
 10
48.64396333333332
 20
285.2806291666666
 30
0.0
 10
49.75979944444444
 20
285.6180023148148
 30
0.0
 10
50.87563555555555
 20
285.955375462963
 30
0.0
 10
51.99147166666666
 20
286.2927486111111
 30
0.0
 10
52.83037722222222
 20
286.5471013888888
 30
0.0
 10
52.72136888888888
 20
286.5654458333333
 30
0.0
 10
53.65517166666666
 20
286.8490791666666
 30
0.0
 10
54.57874388888888
 20
287.1302430555555
 30
0.0
 10
54.50466055555555
 20
287.0589819444444
 30
0.0
 10
55.3403911111111
 20
287.3126291666667
 30
0.0
 10
56.17682722222222
 20
287.5631013888889
 30
0.0
 10
56.07134666666666
 20
287.5821513888889
 30
0.0
 10
56.99844666666667
 20
287.8640208333333
 30
0.0
 10
57.92519388888889
 20
288.1458902777778
 30
0.0
 10
57.85181611111111
 20
288.0711013888889
 30
0.0
 10
58.68789944444444
 20
288.3247486111111
 30
0.0
 10
59.52327722222221
 20
288.5787486111111
 30
0.0
 10
59.41779666666667
 20
288.5977986111111
 30
0.0
 10
60.34560222222222
 20
288.8761402777778
 30
0.0
 10
61.27199666666665
 20
289.1615375
 30
0.0
 10
61.1950911111111
 20
289.0860430555555
 30
0.0
 10
62.03505499999999
 20
289.3372208333333
 30
0.0
 10
62.8111661111111
 20
288.7480819444444
 30
0.0
 10
62.45062722222222
 20
289.4508152777777
 30
0.0
 10
66.66067722222222
 20
290.7409236111111
 30
0.0
 10
69.99513277777777
 20
291.7611569444445
 30
0.0
 10
71.04923277777776
 20
291.0333763888889
 30
0.0
 10
81.53837444444443
 20
284.7105402777778
 30
0.0
 10
93.94380499999998
 20
277.2320041666666
 30
0.0
 10
99.347655
 20
275.4557680555556
 30
0.0
 10
101.9705577777778
 20
277.1304041666667
 30
0.0
 10
104.5920494444444
 20
278.8117430555556
 30
0.0
 10
106.6339272222222
 20
272.4035347222222
 30
0.0
 10
108.1131244444444
 20
274.9594097222222
 30
0.0
 10
110.5081327777778
 20
279.0900847222222
 30
0.0
 10
108.7064966666667
 20
275.2910208333333
 30
0.0
 10
121.8894494444444
 20
281.3235208333334
 30
0.0
 10
135.1697688888889
 20
287.4032930555555
 30
0.0
 10
136.4753994444444
 20
293.5783152777778
 30
0.0
 10
141.6464161111111
 20
290.2498569444444
 30
0.0
 10
141.0428133333333
 20
289.6152097222222
 30
0.0
 10
141.1468827777778
 20
289.6501347222222
 30
0.0
 10
140.47978
 20
288.9463430555555
 30
0.0
 10
139.8137355555556
 20
288.2393763888889
 30
0.0
 10
139.8401938888889
 20
288.3434458333333
 30
0.0
 10
139.2411772222222
 20
287.7059763888889
 30
0.0
 10
138.4391957407407
 20
286.8591921296296
 30
0.0
 10
137.6372142592593
 20
286.0124078703704
 30
0.0
 10
136.8352327777778
 20
285.1656236111111
 30
0.0
 10
137.5616022222222
 20
284.4782949074074
 30
0.0
 10
138.2879716666667
 20
283.7909662037037
 30
0.0
 10
139.0143411111111
 20
283.1036375
 30
0.0
 10
139.8160874074074
 20
283.9515976851852
 30
0.0
 10
140.6178337037037
 20
284.7995578703704
 30
0.0
 10
141.41958
 20
285.6475180555556
 30
0.0
 10
142.0193022222222
 20
286.2814597222222
 30
0.0
 10
141.9187605555555
 20
286.2475930555556
 30
0.0
 10
142.5858633333333
 20
286.9510319444445
 30
0.0
 10
143.2554355555556
 20
287.6590569444444
 30
0.0
 10
143.2219216666666
 20
287.5535763888889
 30
0.0
 10
143.8251716666666
 20
288.1882236111111
 30
0.0
 10
146.0744827777777
 20
286.0881375
 30
0.0
 10
144.4248938888889
 20
284.0691902777777
 30
0.0
 10
142.8014105555555
 20
282.1719513888889
 30
0.0
 10
138.0046911111111
 20
276.5550236111111
 30
0.0
 10
125.4069966666667
 20
277.2817458333333
 30
0.0
 10
125.6228966666667
 20
276.5313875
 30
0.0
 10
124.7790522222222
 20
276.3119597222222
 30
0.0
 10
124.8884133333333
 20
276.2936152777777
 30
0.0
 10
123.9450855555555
 20
276.0512569444444
 30
0.0
 10
123.007755
 20
275.8138375
 30
0.0
 10
123.0818383333333
 20
275.8854513888889
 30
0.0
 10
122.2365827777778
 20
275.6730791666666
 30
0.0
 10
121.1058124074074
 20
275.3853300925926
 30
0.0
 10
119.975042037037
 20
275.0975810185185
 30
0.0
 10
118.8442716666667
 20
274.8098319444445
 30
0.0
 10
119.089805
 20
273.8418097222222
 30
0.0
 10
119.3353383333333
 20
272.8737875
 30
0.0
 10
119.5808716666667
 20
271.9057652777778
 30
0.0
 10
120.7107012962963
 20
272.1921032407408
 30
0.0
 10
121.8405309259259
 20
272.4784412037037
 30
0.0
 10
122.9703605555555
 20
272.7647791666666
 30
0.0
 10
123.8219661111111
 20
272.9824430555556
 30
0.0
 10
123.7150744444444
 20
273.0050208333333
 30
0.0
 10
124.652405
 20
273.2420875
 30
0.0
 10
125.5992605555555
 20
273.4851513888889
 30
0.0
 10
125.5156522222222
 20
273.4082458333334
 30
0.0
 10
126.3644355555555
 20
273.6213236111111
 30
0.0
 10
127.3391605555556
 20
269.5559125
 30
0.0
 10
121.4541216666667
 20
269.8353125
 30
0.0
 10
117.9076466666667
 20
268.8062597222222
 30
0.0
 10
115.7094883333333
 20
268.1666736111111
 30
0.0
 10
114.0623688888889
 20
267.7736791666666
 30
0.0
 10
111.7922438888889
 20
265.1775875
 30
0.0
 10
108.8338494444444
 20
261.7969180555555
 30
0.0
 10
109.94898
 20
269.1950208333333
 30
0.0
 10
106.250105
 20
266.2955402777778
 30
0.0
 10
105.4905744444444
 20
266.7329847222222
 30
0.0
 10
105.551605
 20
266.6416152777778
 30
0.0
 10
104.7056438888889
 20
267.1242152777778
 30
0.0
 10
103.8660327777778
 20
267.5972902777777
 30
0.0
 10
103.9711605555556
 20
267.5958791666667
 30
0.0
 10
103.2091605555555
 20
268.0290902777778
 30
0.0
 10
102.4549216666667
 20
268.4601847222222
 30
0.0
 10
102.5113661111111
 20
268.3716375
 30
0.0
 10
101.665405
 20
268.8538847222222
 30
0.0
 10
100.8257938888889
 20
269.3269597222222
 30
0.0
 10
100.9302161111111
 20
269.3294291666667
 30
0.0
 10
100.1657466666666
 20
269.7580541666666
 30
0.0
 10
99.41362444444442
 20
270.1933819444444
 30
0.0
 10
99.47465499999998
 20
270.1023652777778
 30
0.0
 10
98.62446055555554
 20
270.5874347222222
 30
0.0
 10
97.78096888888888
 20
271.0594513888889
 30
0.0
 10
97.88962444444444
 20
271.0590986111111
 30
0.0
 10
97.12515499999999
 20
271.4877236111111
 30
0.0
 10
96.36985777777777
 20
271.9223458333333
 30
0.0
 10
96.43088833333333
 20
271.8313291666666
 30
0.0
 10
95.58069388888889
 20
272.3163986111111
 30
0.0
 10
94.74108277777776
 20
272.7894736111111
 30
0.0
 10
94.84867999999999
 20
272.7922958333333
 30
0.0
 10
94.08421055555554
 20
273.2209208333333
 30
0.0
 10
93.32891333333332
 20
273.6555430555555
 30
0.0
 10
93.3895911111111
 20
273.5645263888889
 30
0.0
 10
92.53974944444444
 20
274.0495958333333
 30
0.0
 10
91.69978555555555
 20
274.5226708333333
 30
0.0
 10
91.80879388888889
 20
274.5223180555556
 30
0.0
 10
91.04397166666666
 20
274.9509430555555
 30
0.0
 10
90.03255777777777
 20
275.5292634259259
 30
0.0
 10
89.02114388888889
 20
276.1075837962962
 30
0.0
 10
88.00972999999999
 20
276.6859041666667
 30
0.0
 10
87.51466518518517
 20
275.8166597222223
 30
0.0
 10
87.01960037037036
 20
274.9474152777778
 30
0.0
 10
86.52453555555554
 20
274.0781708333333
 30
0.0
 10
87.53783092592592
 20
273.5016143518519
 30
0.0
 10
88.55112629629629
 20
272.9250578703704
 30
0.0
 10
89.56442166666666
 20
272.3485013888889
 30
0.0
 10
90.32324666666666
 20
271.9145847222222
 30
0.0
 10
90.26644944444443
 20
272.0031319444444
 30
0.0
 10
91.10888277777777
 20
271.5198263888889
 30
0.0
 10
91.95378555555556
 20
271.0407541666667
 30
0.0
 10
91.8433661111111
 20
271.0481625
 30
0.0
 10
92.60466055555554
 20
270.6184791666666
 30
0.0
 10
93.36348555555554
 20
270.1849152777777
 30
0.0
 10
93.30774666666666
 20
270.2699347222222
 30
0.0
 10
94.14912166666664
 20
269.7898041666667
 30
0.0
 10
94.99402444444443
 20
269.3110847222222
 30
0.0
 10
94.8881911111111
 20
269.3156708333333
 30
0.0
 10
95.64595777777775
 20
268.8852819444444
 30
0.0
 10
96.40442999999999
 20
268.4513652777778
 30
0.0
 10
96.34798555555554
 20
268.5399125
 30
0.0
 10
97.18936055555554
 20
268.0601347222222
 30
0.0
 10
98.03532166666666
 20
267.5778875
 30
0.0
 10
97.92842999999999
 20
267.5856486111111
 30
0.0
 10
98.68937166666664
 20
267.1563180555555
 30
0.0
 10
99.44466888888888
 20
266.7216958333333
 30
0.0
 10
99.38892999999999
 20
266.8067152777778
 30
0.0
 10
100.2331272222222
 20
266.3311708333333
 30
0.0
 10
101.0787355555556
 20
265.8485708333333
 30
0.0
 10
100.9651411111111
 20
265.8549208333333
 30
0.0
 10
101.7299633333333
 20
265.4262958333333
 30
0.0
 10
102.4884355555555
 20
264.9927319444445
 30
0.0
 10
102.4284633333333
 20
265.0802208333333
 30
0.0
 10
103.2744244444444
 20
264.5976208333333
 30
0.0
 10
104.1193272222222
 20
264.1189013888889
 30
0.0
 10
104.00538
 20
264.1252513888888
 30
0.0
 10
104.7698494444444
 20
263.6966263888889
 30
0.0
 10
100.5721466666667
 20
257.9929152777778
 30
0.0
 10
92.66992444444443
 20
267.8170708333333
 30
0.0
 10
81.37292166666666
 20
273.2918291666667
 30
0.0
  0
SPLINE
  5
2B2
330
1F
100
AcDbEntity
  8
DEFAULT
 62
     7
100
AcDbSpline
210
0.0
220
0.0
230
1.0
 70
    11
 71
     3
 72
    17
 73
    13
 74
     0
 42
0.000000001
 43
0.0000000001
 40
0.0
 40
0.0
 40
0.0
 40
0.0
 40
1.0
 40
1.0
 40
1.0
 40
2.0
 40
2.0
 40
2.0
 40
3.0
 40
3.0
 40
3.0
 40
4.0
 40
4.0
 40
4.0
 40
4.0
 10
117.2904619444444
 20
221.1113744444444
 30
0.0
 10
117.5557508333333
 20
221.1886327777778
 30
0.0
 10
117.8333869444444
 20
221.0365855555555
 30
0.0
 10
117.9102925
 20
220.7712966666666
 30
0.0
 10
117.9879036111111
 20
220.5063605555555
 30
0.0
 10
117.8355036111111
 20
220.2287244444444
 30
0.0
 10
117.5702147222222
 20
220.1514661111111
 30
0.0
 10
117.3052786111111
 20
220.0742077777777
 30
0.0
 10
117.0276425
 20
220.2266077777777
 30
0.0
 10
116.9503841666667
 20
220.4915438888889
 30
0.0
 10
116.8731258333333
 20
220.7568327777777
 30
0.0
 10
117.0255258333333
 20
221.034116111111
 30
0.0
 10
117.2904619444444
 20
221.1113744444444
 30
0.0
  0
SPLINE
  5
2B3
330
1F
100
AcDbEntity
  8
DEFAULT
 62
     7
100
AcDbSpline
210
0.0
220
0.0
230
1.0
 70
    11
 71
     3
 72
    17
 73
    13
 74
     0
 42
0.000000001
 43
0.0000000001
 40
0.0
 40
0.0
 40
0.0
 40
0.0
 40
1.0
 40
1.0
 40
1.0
 40
2.0
 40
2.0
 40
2.0
 40
3.0
 40
3.0
 40
3.0
 40
4.0
 40
4.0
 40
4.0
 40
4.0
 10
85.81312388888888
 20
223.4500794444444
 30
0.0
 10
86.05759888888888
 20
223.3220211111111
 30
0.0
 10
86.15179055555555
 20
223.0196905555555
 30
0.0
 10
86.02373222222222
 20
222.7752155555555
 30
0.0
 10
85.89567388888888
 20
222.5307405555555
 30
0.0
 10
85.59334333333332
 20
222.4361961111111
 30
0.0
 10
85.34886833333333
 20
222.5646072222222
 30
0.0
 10
85.10439333333333
 20
222.6926655555555
 30
0.0
 10
85.00984888888888
 20
222.9949961111111
 30
0.0
 10
85.13825999999999
 20
223.2394711111111
 30
0.0
 10
85.26631833333332
 20
223.4839461111111
 30
0.0
 10
85.56864888888887
 20
223.5784905555555
 30
0.0
 10
85.81312388888888
 20
223.4500794444444
 30
0.0
  0
SPLINE
  5
2B4
330
1F
100
AcDbEntity
  8
DEFAULT
 62
     7
100
AcDbSpline
210
0.0
220
0.0
230
1.0
 70
    11
 71
     3
 72
    17
 73
    13
 74
     0
 42
0.000000001
 43
0.0000000001
 40
0.0
 40
0.0
 40
0.0
 40
0.0
 40
1.0
 40
1.0
 40
1.0
 40
2.0
 40
2.0
 40
2.0
 40
3.0
 40
3.0
 40
3.0
 40
4.0
 40
4.0
 40
4.0
 40
4.0
 10
84.48470388888887
 20
224.1466744444444
 30
0.0
 10
84.72917888888888
 20
224.0186161111111
 30
0.0
 10
84.82337055555554
 20
223.7162855555555
 30
0.0
 10
84.69531222222221
 20
223.4714577777778
 30
0.0
 10
84.5669011111111
 20
223.2269827777778
 30
0.0
 10
84.26492333333333
 20
223.1327911111111
 30
0.0
 10
84.02044833333332
 20
223.2608494444444
 30
0.0
 10
83.77562055555555
 20
223.3892605555555
 30
0.0
 10
83.68142888888889
 20
223.6912383333333
 30
0.0
 10
83.80948722222222
 20
223.9360661111111
 30
0.0
 10
83.93789833333332
 20
224.1805411111111
 30
0.0
 10
84.24022888888888
 20
224.2747327777778
 30
0.0
 10
84.48470388888887
 20
224.1466744444444
 30
0.0
  0
SPLINE
  5
2B5
330
1F
100
AcDbEntity
  8
DEFAULT
 62
     7
100
AcDbSpline
210
0.0
220
0.0
230
1.0
 70
    11
 71
     3
 72
    17
 73
    13
 74
     0
 42
0.000000001
 43
0.0000000001
 40
0.0
 40
0.0
 40
0.0
 40
0.0
 40
1.0
 40
1.0
 40
1.0
 40
2.0
 40
2.0
 40
2.0
 40
3.0
 40
3.0
 40
3.0
 40
4.0
 40
4.0
 40
4.0
 40
4.0
 10
44.6128775
 20
231.8299275
 30
0.0
 10
44.66544138888888
 20
232.1008608333333
 30
0.0
 10
44.92790805555555
 20
232.2783080555555
 30
0.0
 10
45.19884138888888
 20
232.2253913888889
 30
0.0
 10
45.47012749999999
 20
232.1728275
 30
0.0
 10
45.64722194444444
 20
231.9103608333333
 30
0.0
 10
45.59465805555555
 20
231.6390747222222
 30
0.0
 10
45.54174138888888
 20
231.3681413888889
 30
0.0
 10
45.2796275
 20
231.1910469444444
 30
0.0
 10
45.00834138888888
 20
231.2436108333333
 30
0.0
 10
44.73740805555555
 20
231.2965275
 30
0.0
 10
44.56031361111111
 20
231.5586413888889
 30
0.0
 10
44.6128775
 20
231.8299275
 30
0.0
  0
SPLINE
  5
2B6
330
1F
100
AcDbEntity
  8
DEFAULT
 62
     7
100
AcDbSpline
210
0.0
220
0.0
230
1.0
 70
    11
 71
     3
 72
    17
 73
    13
 74
     0
 42
0.000000001
 43
0.0000000001
 40
0.0
 40
0.0
 40
0.0
 40
0.0
 40
1.0
 40
1.0
 40
1.0
 40
2.0
 40
2.0
 40
2.0
 40
3.0
 40
3.0
 40
3.0
 40
4.0
 40
4.0
 40
4.0
 40
4.0
 10
46.07309527777777
 20
231.2234319444444
 30
0.0
 10
46.33415083333333
 20
231.3133902777778
 30
0.0
 10
46.61848972222221
 20
231.1747486111111
 30
0.0
 10
46.70880083333333
 20
230.9136930555555
 30
0.0
 10
46.79875916666666
 20
230.6526375
 30
0.0
 10
46.66011749999999
 20
230.3679458333333
 30
0.0
 10
46.39870916666666
 20
230.2779875
 30
0.0
 10
46.13765361111111
 20
230.1880291666667
 30
0.0
 10
45.85296194444444
 20
230.3266708333333
 30
0.0
 10
45.76335638888889
 20
230.5877263888889
 30
0.0
 10
45.67339805555554
 20
230.8487819444444
 30
0.0
 10
45.81203972222222
 20
231.1334736111111
 30
0.0
 10
46.07309527777777
 20
231.2234319444444
 30
0.0
  0
SPLINE
  5
2B7
330
1F
100
AcDbEntity
  8
DEFAULT
 62
     7
100
AcDbSpline
210
0.0
220
0.0
230
1.0
 70
    11
 71
     3
 72
    17
 73
    13
 74
     0
 42
0.000000001
 43
0.0000000001
 40
0.0
 40
0.0
 40
0.0
 40
0.0
 40
1.0
 40
1.0
 40
1.0
 40
2.0
 40
2.0
 40
2.0
 40
3.0
 40
3.0
 40
3.0
 40
4.0
 40
4.0
 40
4.0
 40
4.0
 10
44.65492861111111
 20
230.7349052777778
 30
0.0
 10
44.91598416666666
 20
230.8248636111111
 30
0.0
 10
45.20067583333334
 20
230.6858691666666
 30
0.0
 10
45.29063416666666
 20
230.4251663888888
 30
0.0
 10
45.3805925
 20
230.1637580555555
 30
0.0
 10
45.24195083333333
 20
229.8794191666667
 30
0.0
 10
44.9805425
 20
229.7894608333333
 30
0.0
 10
44.71948694444444
 20
229.6991497222222
 30
0.0
 10
44.43479527777777
 20
229.8381441666666
 30
0.0
 10
44.34518972222222
 20
230.0991997222222
 30
0.0
 10
44.25523138888889
 20
230.3602552777778
 30
0.0
 10
44.39387305555555
 20
230.6449469444444
 30
0.0
 10
44.65492861111111
 20
230.7349052777778
 30
0.0
  0
POLYLINE
  5
2B8
330
1F
100
AcDbEntity
  8
DEFAULT
 62
     7
100
AcDb2dPolyline
 66
     1
 10
0.0
 20
0.0
 30
0.0
  0
VERTEX
  5
2B9
330
2B8
100
AcDbEntity
  8
DEFAULT
 62
     7
100
AcDbVertex
100
AcDb2dVertex
 10
135.8915522222222
 20
231.99598
 30
0.0
  0
VERTEX
  5
2BA
330
2B8
100
AcDbEntity
  8
DEFAULT
 62
     7
100
AcDbVertex
100
AcDb2dVertex
 10
134.3918938888889
 20
230.81488
 30
0.0
  0
SEQEND
  5
2BB
330
2B8
100
AcDbEntity
  8
DEFAULT
 62
     7
  0
POLYLINE
  5
2BC
330
1F
100
AcDbEntity
  8
DEFAULT
 62
     7
100
AcDb2dPolyline
 66
     1
 10
0.0
 20
0.0
 30
0.0
  0
VERTEX
  5
2BD
330
2BC
100
AcDbEntity
  8
DEFAULT
 62
     7
100
AcDbVertex
100
AcDb2dVertex
 10
136.6994133333333
 20
230.9703844444445
 30
0.0
  0
VERTEX
  5
2BE
330
2BC
100
AcDbEntity
  8
DEFAULT
 62
     7
100
AcDbVertex
100
AcDb2dVertex
 10
135.199755
 20
229.7889316666667
 30
0.0
  0
SEQEND
  5
2BF
330
2BC
100
AcDbEntity
  8
DEFAULT
 62
     7
  0
SPLINE
  5
2C0
330
1F
100
AcDbEntity
  8
DEFAULT
 62
     1
100
AcDbSpline
210
0.0
220
0.0
230
1.0
 70
    11
 71
     3
 72
   224
 73
   220
 74
     0
 42
0.000000001
 43
0.0000000001
 40
1.0
 40
1.0
 40
1.0
 40
1.0
 40
2.0
 40
2.0
 40
2.0
 40
3.0
 40
3.0
 40
3.0
 40
4.0
 40
4.0
 40
4.0
 40
5.0
 40
5.0
 40
5.0
 40
6.0
 40
6.0
 40
6.0
 40
7.0
 40
7.0
 40
7.0
 40
8.0
 40
8.0
 40
8.0
 40
9.0
 40
9.0
 40
9.0
 40
10.0
 40
10.0
 40
10.0
 40
11.0
 40
11.0
 40
11.0
 40
12.0
 40
12.0
 40
12.0
 40
13.0
 40
13.0
 40
13.0
 40
14.0
 40
14.0
 40
14.0
 40
15.0
 40
15.0
 40
15.0
 40
16.0
 40
16.0
 40
16.0
 40
25.94000080482895
 40
25.94000080482895
 40
25.94000080482895
 40
34.43936078073295
 40
34.43936078073295
 40
34.43936078073295
 40
44.34995596972139
 40
44.34995596972139
 40
44.34995596972139
 40
45.34995596972139
 40
45.34995596972139
 40
45.34995596972139
 40
47.34995596972139
 40
47.34995596972139
 40
47.34995596972139
 40
48.34995596972139
 40
48.34995596972139
 40
48.34995596972139
 40
50.34995596972139
 40
50.34995596972139
 40
50.34995596972139
 40
51.34995596972139
 40
51.34995596972139
 40
51.34995596972139
 40
52.34995596972139
 40
52.34995596972139
 40
52.34995596972139
 40
53.34995596972139
 40
53.34995596972139
 40
53.34995596972139
 40
54.34995596972139
 40
54.34995596972139
 40
54.34995596972139
 40
55.34995596972139
 40
55.34995596972139
 40
55.34995596972139
 40
56.34995596972139
 40
56.34995596972139
 40
56.34995596972139
 40
57.34995596972139
 40
57.34995596972139
 40
57.34995596972139
 40
58.34995596972139
 40
58.34995596972139
 40
58.34995596972139
 40
59.34995596972139
 40
59.34995596972139
 40
59.34995596972139
 40
60.34995596972139
 40
60.34995596972139
 40
60.34995596972139
 40
70.27026448306914
 40
70.27026448306914
 40
70.27026448306914
 40
78.76823718248404
 40
78.76823718248404
 40
78.76823718248404
 40
88.68775995326293
 40
88.68775995326293
 40
88.68775995326293
 40
89.68775995326293
 40
89.68775995326293
 40
89.68775995326293
 40
90.68775995326293
 40
90.68775995326293
 40
90.68775995326293
 40
91.68775995326293
 40
91.68775995326293
 40
91.68775995326293
 40
92.68775995326293
 40
92.68775995326293
 40
92.68775995326293
 40
93.68775995326293
 40
93.68775995326293
 40
93.68775995326293
 40
94.68775995326293
 40
94.68775995326293
 40
94.68775995326293
 40
104.6074422566434
 40
104.6074422566434
 40
104.6074422566434
 40
113.1078425413359
 40
113.1078425413359
 40
113.1078425413359
 40
123.0278055452992
 40
123.0278055452992
 40
123.0278055452992
 40
124.0278055452992
 40
124.0278055452992
 40
124.0278055452992
 40
125.0278055452992
 40
125.0278055452992
 40
125.0278055452992
 40
126.0278055452992
 40
126.0278055452992
 40
126.0278055452992
 40
127.0278055452992
 40
127.0278055452992
 40
127.0278055452992
 40
128.0278055452992
 40
128.0278055452992
 40
128.0278055452992
 40
129.0278055452992
 40
129.0278055452992
 40
129.0278055452992
 40
130.0278055452992
 40
130.0278055452992
 40
130.0278055452992
 40
131.0278055452992
 40
131.0278055452992
 40
131.0278055452992
 40
132.0278055452992
 40
132.0278055452992
 40
132.0278055452992
 40
133.0278055452992
 40
133.0278055452992
 40
133.0278055452992
 40
134.0278055452992
 40
134.0278055452992
 40
134.0278055452992
 40
135.0278055452992
 40
135.0278055452992
 40
135.0278055452992
 40
136.0278055452992
 40
136.0278055452992
 40
136.0278055452992
 40
137.0278055452992
 40
137.0278055452992
 40
137.0278055452992
 40
138.0278055452992
 40
138.0278055452992
 40
138.0278055452992
 40
147.9426683784402
 40
147.9426683784402
 40
147.9426683784402
 40
156.4513003483869
 40
156.4513003483869
 40
156.4513003483869
 40
166.3663304038129
 40
166.3663304038129
 40
166.3663304038129
 40
167.3663304038129
 40
167.3663304038129
 40
167.3663304038129
 40
168.3663304038129
 40
168.3663304038129
 40
168.3663304038129
 40
169.3663304038129
 40
169.3663304038129
 40
169.3663304038129
 40
170.3663304038129
 40
170.3663304038129
 40
170.3663304038129
 40
171.3663304038129
 40
171.3663304038129
 40
171.3663304038129
 40
172.3663304038129
 40
172.3663304038129
 40
172.3663304038129
 40
173.3663304038129
 40
173.3663304038129
 40
173.3663304038129
 40
174.3663304038129
 40
174.3663304038129
 40
174.3663304038129
 40
175.3663304038129
 40
175.3663304038129
 40
175.3663304038129
 40
176.3663304038129
 40
176.3663304038129
 40
176.3663304038129
 40
177.3663304038129
 40
177.3663304038129
 40
177.3663304038129
 40
177.3663304038129
 10
81.53862138888888
 20
219.7829544444444
 30
0.0
 10
69.85391583333333
 20
224.9395072222222
 30
0.0
 10
62.58316583333333
 20
224.4706655555555
 30
0.0
 10
62.63714083333333
 20
227.0843961111111
 30
0.0
 10
62.69252694444445
 20
229.705535
 30
0.0
 10
30.98662416666667
 20
224.6445849999999
 30
0.0
 10
27.07220194444445
 20
219.35186
 30
0.0
 10
21.82992416666668
 20
212.2610266666667
 30
0.0
 10
24.09969638888889
 20
221.9250211111111
 30
0.0
 10
16.08846583333334
 20
219.4178294444444
 30
0.0
 10
8.07300194444445
 20
216.9131072222222
 30
0.0
 10
8.168251944444444
 20
210.9624516666666
 30
0.0
 10
6.808999166666672
 20
213.697185
 30
0.0
 10
5.451863055555559
 20
216.4248627777777
 30
0.0
 10
7.860276944444447
 20
216.5829072222222
 30
0.0
 10
6.879907500000004
 20
218.0317655555555
 30
0.0
 10
5.904829722222223
 20
219.4742738888889
 30
0.0
 10
5.916118611111115
 20
219.48521
 30
0.0
 10
9.479879722222227
 20
222.29826
 30
0.0
 10
13.04011305555555
 20
225.0996683333333
 30
0.0
 10
17.56554638888889
 20
221.8142488888889
 30
0.0
 10
20.44632972222222
 20
224.6011933333333
 30
0.0
 10
23.32534916666667
 20
227.3800238888888
 30
0.0
 10
17.3097825
 20
228.5300794444444
 30
0.0
 10
28.2667075
 20
229.9186127777778
 30
0.0
 10
39.22116305555556
 20
231.3029127777777
 30
0.0
 10
58.45601861111112
 20
244.4333016666666
 30
0.0
 10
60.66828805555556
 20
237.9640627777778
 30
0.0
 10
59.83820194444444
 20
237.6853683333333
 30
0.0
 10
59.94932694444444
 20
237.6698461111111
 30
0.0
 10
59.02963527777777
 20
237.3579905555555
 30
0.0
 10
58.11558805555555
 20
237.0401377777777
 30
0.0
 10
58.18543805555557
 20
237.1156322222222
 30
0.0
 10
57.35958527777778
 20
236.8344683333333
 30
0.0
 10
56.53161583333333
 20
236.5490711111111
 30
0.0
 10
56.64062416666667
 20
236.5406044444444
 30
0.0
 10
55.72304916666667
 20
236.2216933333333
 30
0.0
 10
54.80794361111111
 20
235.9073683333333
 30
0.0
 10
54.87673527777778
 20
235.9860377777777
 30
0.0
 10
54.05299916666667
 20
235.6981711111111
 30
0.0
 10
53.22644083333333
 20
235.4208877777778
 30
0.0
 10
53.33403805555556
 20
235.4043072222222
 30
0.0
 10
52.41434638888888
 20
235.0920988888888
 30
0.0
 10
51.50029916666666
 20
234.7745988888888
 30
0.0
 10
51.57014916666667
 20
234.8497405555555
 30
0.0
 10
50.74429638888889
 20
234.5689294444444
 30
0.0
 10
49.63845564814815
 20
234.1902812962963
 30
0.0
 10
48.53261490740741
 20
233.8116331481482
 30
0.0
 10
47.42677416666667
 20
233.432985
 30
0.0
 10
47.75227046296296
 20
232.4880109259259
 30
0.0
 10
48.07776675925925
 20
231.5430368518519
 30
0.0
 10
48.40326305555555
 20
230.5980627777778
 30
0.0
 10
49.5058112037037
 20
230.9756525925926
 30
0.0
 10
50.60835935185185
 20
231.3532424074074
 30
0.0
 10
51.7109075
 20
231.7308322222222
 30
0.0
 10
52.54346305555556
 20
232.01376
 30
0.0
 10
52.43586583333334
 20
232.0303405555555
 30
0.0
 10
53.35520472222223
 20
232.3425488888889
 30
0.0
 10
54.26960472222222
 20
232.6600488888888
 30
0.0
 10
54.19975472222223
 20
232.5849072222222
 30
0.0
 10
55.0256075
 20
232.8657183333333
 30
0.0
 10
55.85004916666667
 20
233.1500572222222
 30
0.0
 10
55.74351027777777
 20
233.16311
 30
0.0
 10
56.66214361111111
 20
233.4784933333333
 30
0.0
 10
57.57724916666667
 20
233.7928183333333
 30
0.0
 10
57.50492972222222
 20
233.7130905555555
 30
0.0
 10
58.33325194444444
 20
233.9984877777778
 30
0.0
 10
59.15875194444445
 20
234.2796516666666
 30
0.0
 10
59.05115472222222
 20
234.2962322222222
 30
0.0
 10
59.97049361111111
 20
234.6080877777778
 30
0.0
 10
60.88806861111111
 20
234.9269988888889
 30
0.0
 10
60.81151583333334
 20
234.8493877777777
 30
0.0
 10
61.64160194444444
 20
235.1280822222222
 30
0.0
 10
62.43641027777778
 20
234.569635
 30
0.0
 10
62.0518825
 20
235.25861
 30
0.0
 10
66.21501305555554
 20
236.6958266666666
 30
0.0
 10
69.51419083333333
 20
237.833535
 30
0.0
 10
70.5894575
 20
237.1438544444444
 30
0.0
 10
81.29837972222222
 20
231.1991961111111
 30
0.0
 10
93.95992694444443
 20
224.1665711111111
 30
0.0
 10
99.42198527777776
 20
222.5833044444444
 30
0.0
 10
101.9859741666667
 20
224.3521322222222
 30
0.0
 10
104.5453769444444
 20
226.1230766666666
 30
0.0
 10
106.7477686111111
 20
219.8274044444444
 30
0.0
 10
108.2033297222222
 20
222.3973905555555
 30
0.0
 10
109.6603019444445
 20
224.9754905555556
 30
0.0
 10
112.1840741666667
 20
222.6203461111111
 30
0.0
 10
121.7425880555555
 20
229.2490405555555
 30
0.0
 10
134.1130936111111
 20
237.8293016666666
 30
0.0
 10
140.2528380555555
 20
241.9920794444444
 30
0.0
 10
142.0453019444444
 20
237.9213766666667
 30
0.0
 10
141.3580908333333
 20
237.3791572222222
 30
0.0
 10
141.4660408333333
 20
237.3999711111111
 30
0.0
 10
140.7005130555555
 20
236.7981322222222
 30
0.0
 10
139.9385130555555
 20
236.1977044444444
 30
0.0
 10
139.9836686111111
 20
236.2954238888889
 30
0.0
 10
139.2964575
 20
235.7535572222222
 30
0.0
 10
138.3798232407407
 20
235.032009074074
 30
0.0
 10
137.4631889814815
 20
234.3104609259259
 30
0.0
 10
136.5465547222222
 20
233.5889127777778
 30
0.0
 10
137.1648565740741
 20
232.8038646296296
 30
0.0
 10
137.7831584259259
 20
232.0188164814814
 30
0.0
 10
138.4014602777778
 20
231.2337683333333
 30
0.0
 10
139.3179769444444
 20
231.9553164814814
 30
0.0
 10
140.2344936111111
 20
232.6768646296296
 30
0.0
 10
141.1510102777778
 20
233.3984127777778
 30
0.0
 10
141.8382213888889
 20
233.9402794444444
 30
0.0
 10
141.7337991666667
 20
233.9208766666667
 30
0.0
 10
142.4957991666667
 20
234.5213044444444
 30
0.0
 10
143.2613269444444
 20
235.1227905555555
 30
0.0
 10
143.2126436111111
 20
235.0243655555555
 30
0.0
 10
143.9009130555555
 20
235.5627044444444
 30
0.0
 10
145.1158797222222
 20
234.1678211111111
 30
0.0
 10
145.1680908333333
 20
232.0014127777777
 30
0.0
 10
142.3924352777778
 20
230.2414044444444
 30
0.0
 10
135.8522880555556
 20
226.0952072222222
 30
0.0
 10
125.4044213888889
 20
225.33356
 30
0.0
 10
125.6460741666667
 20
224.5920211111111
 30
0.0
 10
124.8106963888889
 20
224.3450766666666
 30
0.0
 10
124.9218213888889
 20
224.3295544444444
 30
0.0
 10
123.9841380555555
 20
224.0526238888889
 30
0.0
 10
123.0563325
 20
223.7823961111111
 30
0.0
 10
123.1307686111111
 20
223.8554211111111
 30
0.0
 10
122.2897463888889
 20
223.6137683333333
 30
0.0
 10
121.1701473148148
 20
223.2863905555556
 30
0.0
 10
120.0505482407407
 20
222.9590127777778
 30
0.0
 10
118.9309491666667
 20
222.631635
 30
0.0
 10
119.2105843518519
 20
221.6719618518518
 30
0.0
 10
119.490219537037
 20
220.7122887037037
 30
0.0
 10
119.7698547222222
 20
219.7526155555555
 30
0.0
 10
120.8894537962963
 20
220.0801109259259
 30
0.0
 10
122.0090528703704
 20
220.4076062962962
 30
0.0
 10
123.1286519444444
 20
220.7351016666666
 30
0.0
 10
123.9717908333333
 20
220.9809877777778
 30
0.0
 10
123.8631352777778
 20
221.0007433333333
 30
0.0
 10
124.7919991666667
 20
221.2677961111111
 30
0.0
 10
125.7293297222222
 20
221.5443738888889
 30
0.0
 10
125.6496019444444
 20
221.4660572222222
 30
0.0
 10
126.4892130555555
 20
221.710885
 30
0.0
 10
127.6078713888889
 20
217.6825155555555
 30
0.0
 10
121.7196575
 20
217.7523655555555
 30
0.0
 10
118.2088130555556
 20
216.5970183333333
 30
0.0
 10
116.0360547222222
 20
215.8829961111111
 30
0.0
 10
114.4044575
 20
215.4296766666666
 30
0.0
 10
112.2264075
 20
212.7520933333333
 30
0.0
 10
109.3939547222222
 20
209.2701766666667
 30
0.0
 10
110.2441491666667
 20
216.7049683333333
 30
0.0
 10
106.6486380555556
 20
213.6731961111111
 30
0.0
 10
105.8746436111111
 20
214.0834766666667
 30
0.0
 10
105.9374380555556
 20
213.9949294444444
 30
0.0
 10
105.0748963888889
 20
214.4457794444444
 30
0.0
 10
104.2211741666667
 20
214.8913377777777
 30
0.0
 10
104.3273602777778
 20
214.8927488888889
 30
0.0
 10
103.5480741666667
 20
215.2977377777777
 30
0.0
 10
102.7797241666667
 20
215.7020211111111
 30
0.0
 10
102.8379325
 20
215.6159433333333
 30
0.0
 10
101.9753908333333
 20
216.0667933333333
 30
0.0
 10
101.1181408333333
 20
216.5112933333333
 30
0.0
 10
101.2267963888889
 20
216.5172905555555
 30
0.0
 10
100.4482158333333
 20
216.9187516666666
 30
0.0
 10
99.67563249999999
 20
217.3258572222222
 30
0.0
 10
99.74160194444444
 20
217.2383683333333
 30
0.0
 10
98.87447416666667
 20
217.691335
 30
0.0
 10
98.01722416666667
 20
218.1361877777778
 30
0.0
 10
98.12341027777778
 20
218.1372461111111
 30
0.0
 10
97.34518249999999
 20
218.53906
 30
0.0
 10
96.57612694444443
 20
218.9468711111111
 30
0.0
 10
96.64174361111111
 20
218.8593822222222
 30
0.0
 10
95.77496861111112
 20
219.3123488888889
 30
0.0
 10
94.91771861111111
 20
219.7572016666666
 30
0.0
 10
95.0228463888889
 20
219.7621405555555
 30
0.0
 10
94.24461861111111
 20
220.1636016666666
 30
0.0
 10
93.47521027777778
 20
220.5714127777778
 30
0.0
 10
93.53871027777778
 20
220.4796905555555
 30
0.0
 10
92.67087694444443
 20
220.9358322222222
 30
0.0
 10
91.81362694444444
 20
221.380685
 30
0.0
 10
91.92334083333333
 20
221.3831544444444
 30
0.0
 10
91.14476027777778
 20
221.7846155555555
 30
0.0
 10
90.1124149074074
 20
222.3264822222222
 30
0.0
 10
89.08006953703703
 20
222.8683488888888
 30
0.0
 10
88.04772416666665
 20
223.4102155555555
 30
0.0
 10
87.58476212962962
 20
222.5232146296296
 30
0.0
 10
87.1218000925926
 20
221.6362137037037
 30
0.0
 10
86.65883805555555
 20
220.7492127777778
 30
0.0
 10
87.69200657407407
 20
220.2088748148148
 30
0.0
 10
88.72517509259261
 20
219.6685368518518
 30
0.0
 10
89.75834361111112
 20
219.1281988888889
 30
0.0
 10
90.53092694444445
 20
218.7214461111111
 30
0.0
 10
90.47166027777777
 20
218.8106988888889
 30
0.0
 10
91.33102694444443
 20
218.3591433333333
 30
0.0
 10
92.1935686111111
 20
217.9086461111111
 30
0.0
 10
92.0827963888889
 20
217.9093516666666
 30
0.0
 10
92.85784916666667
 20
217.507185
 30
0.0
 10
93.63396027777777
 20
217.1011377777778
 30
0.0
 10
93.57257694444445
 20
217.1861572222222
 30
0.0
 10
94.43053249999998
 20
216.7381294444444
 30
0.0
 10
95.29307416666666
 20
216.2876322222222
 30
0.0
 10
95.18688805555554
 20
216.2858683333333
 30
0.0
 10
95.96194083333333
 20
215.8833488888889
 30
0.0
 10
96.73452416666666
 20
215.4765961111111
 30
0.0
 10
96.67561027777778
 20
215.5658488888889
 30
0.0
 10
97.53039083333333
 20
215.1167627777778
 30
0.0
 10
98.39363805555556
 20
214.6630905555555
 30
0.0
 10
98.28568805555554
 20
214.6680294444444
 30
0.0
 10
99.06074083333333
 20
214.26551
 30
0.0
 10
99.83332416666666
 20
213.8587572222222
 30
0.0
 10
99.77617416666666
 20
213.9413072222222
 30
0.0
 10
100.6330713888889
 20
213.4968072222222
 30
0.0
 10
101.4966713888889
 20
213.0427822222222
 30
0.0
 10
101.3820186111111
 20
213.0459572222222
 30
0.0
 10
102.1602463888889
 20
212.6444961111111
 30
0.0
 10
102.9331825
 20
212.2377433333333
 30
0.0
 10
102.8714463888889
 20
212.3227627777777
 30
0.0
 10
103.7339880555556
 20
211.8722655555555
 30
0.0
 10
104.5965297222222
 20
211.4217683333333
 30
0.0
 10
104.4850519444445
 20
211.4260016666667
 30
0.0
 10
105.2632797222222
 20
211.0241877777778
 30
0.0
 10
101.2730102777778
 20
205.1730155555555
 30
0.0
 10
93.02224361111111
 20
214.7107155555555
 30
0.0
 10
81.53862138888888
 20
219.7829544444444
 30
0.0
  0
SPLINE
  5
2C1
330
1F
100
AcDbEntity
  8
DEFAULT
 62
     7
100
AcDbSpline
210
0.0
220
0.0
230
1.0
 70
    11
 71
     3
 72
    17
 73
    13
 74
     0
 42
0.000000001
 43
0.0000000001
 40
0.0
 40
0.0
 40
0.0
 40
0.0
 40
1.0
 40
1.0
 40
1.0
 40
2.0
 40
2.0
 40
2.0
 40
3.0
 40
3.0
 40
3.0
 40
4.0
 40
4.0
 40
4.0
 40
4.0
 10
117.2904619444444
 20
239.0346727777778
 30
0.0
 10
117.5557508333333
 20
239.1119311111111
 30
0.0
 10
117.8333869444444
 20
238.9595311111111
 30
0.0
 10
117.9102925
 20
238.694595
 30
0.0
 10
117.9879036111111
 20
238.4293061111111
 30
0.0
 10
117.8355036111111
 20
238.1520227777778
 30
0.0
 10
117.5702147222222
 20
238.0744116666667
 30
0.0
 10
117.3052786111111
 20
237.9975061111111
 30
0.0
 10
117.0276425
 20
238.1495533333333
 30
0.0
 10
116.9503841666667
 20
238.4148422222222
 30
0.0
 10
116.8731258333333
 20
238.6797783333333
 30
0.0
 10
117.0255258333333
 20
238.9574144444444
 30
0.0
 10
117.2904619444444
 20
239.0346727777778
 30
0.0
  0
SPLINE
  5
2C2
330
1F
100
AcDbEntity
  8
DEFAULT
 62
     7
100
AcDbSpline
210
0.0
220
0.0
230
1.0
 70
    11
 71
     3
 72
    17
 73
    13
 74
     0
 42
0.000000001
 43
0.0000000001
 40
0.0
 40
0.0
 40
0.0
 40
0.0
 40
1.0
 40
1.0
 40
1.0
 40
2.0
 40
2.0
 40
2.0
 40
3.0
 40
3.0
 40
3.0
 40
4.0
 40
4.0
 40
4.0
 40
4.0
 10
85.81312388888888
 20
241.3732013888889
 30
0.0
 10
86.05759888888888
 20
241.2451430555555
 30
0.0
 10
86.15179055555555
 20
240.9428125
 30
0.0
 10
86.02373222222222
 20
240.6983375
 30
0.0
 10
85.89567388888888
 20
240.4538625
 30
0.0
 10
85.59334333333332
 20
240.3593180555555
 30
0.0
 10
85.34886833333333
 20
240.4877291666666
 30
0.0
 10
85.10439333333333
 20
240.6157875
 30
0.0
 10
85.00984888888888
 20
240.9181180555555
 30
0.0
 10
85.13825999999999
 20
241.1625930555555
 30
0.0
 10
85.26631833333332
 20
241.4070680555555
 30
0.0
 10
85.56864888888887
 20
241.5016125
 30
0.0
 10
85.81312388888888
 20
241.3732013888889
 30
0.0
  0
SPLINE
  5
2C3
330
1F
100
AcDbEntity
  8
DEFAULT
 62
     7
100
AcDbSpline
210
0.0
220
0.0
230
1.0
 70
    11
 71
     3
 72
    17
 73
    13
 74
     0
 42
0.000000001
 43
0.0000000001
 40
0.0
 40
0.0
 40
0.0
 40
0.0
 40
1.0
 40
1.0
 40
1.0
 40
2.0
 40
2.0
 40
2.0
 40
3.0
 40
3.0
 40
3.0
 40
4.0
 40
4.0
 40
4.0
 40
4.0
 10
84.48470388888887
 20
242.0697963888889
 30
0.0
 10
84.72917888888888
 20
241.9417380555555
 30
0.0
 10
84.82337055555554
 20
241.6394075
 30
0.0
 10
84.69531222222221
 20
241.3945797222222
 30
0.0
 10
84.5669011111111
 20
241.1504575
 30
0.0
 10
84.26492333333333
 20
241.0559130555555
 30
0.0
 10
84.02044833333332
 20
241.1843241666666
 30
0.0
 10
83.77562055555555
 20
241.3123825
 30
0.0
 10
83.68142888888889
 20
241.6143602777777
 30
0.0
 10
83.80948722222222
 20
241.8591880555555
 30
0.0
 10
83.93789833333332
 20
242.1036630555555
 30
0.0
 10
84.24022888888888
 20
242.1978547222222
 30
0.0
 10
84.48470388888887
 20
242.0697963888889
 30
0.0
  0
SPLINE
  5
2C4
330
1F
100
AcDbEntity
  8
DEFAULT
 62
     7
100
AcDbSpline
210
0.0
220
0.0
230
1.0
 70
    11
 71
     3
 72
    17
 73
    13
 74
     0
 42
0.000000001
 43
0.0000000001
 40
0.0
 40
0.0
 40
0.0
 40
0.0
 40
1.0
 40
1.0
 40
1.0
 40
2.0
 40
2.0
 40
2.0
 40
3.0
 40
3.0
 40
3.0
 40
4.0
 40
4.0
 40
4.0
 40
4.0
 10
44.6128775
 20
249.7530494444444
 30
0.0
 10
44.66544138888888
 20
250.0243355555556
 30
0.0
 10
44.92790805555555
 20
250.20143
 30
0.0
 10
45.19884138888888
 20
250.1485133333333
 30
0.0
 10
45.47012749999999
 20
250.0959494444444
 30
0.0
 10
45.64722194444444
 20
249.8334827777778
 30
0.0
 10
45.59465805555555
 20
249.5625494444444
 30
0.0
 10
45.54174138888888
 20
249.2912633333333
 30
0.0
 10
45.2796275
 20
249.1141688888889
 30
0.0
 10
45.00834138888888
 20
249.1667327777778
 30
0.0
 10
44.73740805555555
 20
249.2196494444445
 30
0.0
 10
44.56031361111111
 20
249.4817633333333
 30
0.0
 10
44.6128775
 20
249.7530494444444
 30
0.0
  0
SPLINE
  5
2C5
330
1F
100
AcDbEntity
  8
DEFAULT
 62
     7
100
AcDbSpline
210
0.0
220
0.0
230
1.0
 70
    11
 71
     3
 72
    17
 73
    13
 74
     0
 42
0.000000001
 43
0.0000000001
 40
0.0
 40
0.0
 40
0.0
 40
0.0
 40
1.0
 40
1.0
 40
1.0
 40
2.0
 40
2.0
 40
2.0
 40
3.0
 40
3.0
 40
3.0
 40
4.0
 40
4.0
 40
4.0
 40
4.0
 10
46.07309527777777
 20
249.146695
 30
0.0
 10
46.33415083333333
 20
249.2366533333333
 30
0.0
 10
46.61848972222221
 20
249.0976588888889
 30
0.0
 10
46.70880083333333
 20
248.8369561111111
 30
0.0
 10
46.79875916666666
 20
248.5755477777778
 30
0.0
 10
46.66011749999999
 20
248.2912088888889
 30
0.0
 10
46.39870916666666
 20
248.2012505555556
 30
0.0
 10
46.13765361111111
 20
248.1109394444444
 30
0.0
 10
45.85296194444444
 20
248.2499338888889
 30
0.0
 10
45.76335638888889
 20
248.5109894444444
 30
0.0
 10
45.67339805555554
 20
248.772045
 30
0.0
 10
45.81203972222222
 20
249.0567366666667
 30
0.0
 10
46.07309527777777
 20
249.146695
 30
0.0
  0
SPLINE
  5
2C6
330
1F
100
AcDbEntity
  8
DEFAULT
 62
     7
100
AcDbSpline
210
0.0
220
0.0
230
1.0
 70
    11
 71
     3
 72
    17
 73
    13
 74
     0
 42
0.000000001
 43
0.0000000001
 40
0.0
 40
0.0
 40
0.0
 40
0.0
 40
1.0
 40
1.0
 40
1.0
 40
2.0
 40
2.0
 40
2.0
 40
3.0
 40
3.0
 40
3.0
 40
4.0
 40
4.0
 40
4.0
 40
4.0
 10
44.65492861111111
 20
248.6580272222222
 30
0.0
 10
44.91598416666666
 20
248.7479855555555
 30
0.0
 10
45.20067583333334
 20
248.6093438888888
 30
0.0
 10
45.29063416666666
 20
248.3482883333333
 30
0.0
 10
45.3805925
 20
248.08688
 30
0.0
 10
45.24195083333333
 20
247.8025411111111
 30
0.0
 10
44.9805425
 20
247.7125827777778
 30
0.0
 10
44.71948694444444
 20
247.6226244444444
 30
0.0
 10
44.43479527777777
 20
247.7612661111111
 30
0.0
 10
44.34518972222222
 20
248.0223216666666
 30
0.0
 10
44.25523138888889
 20
248.2833772222222
 30
0.0
 10
44.39387305555555
 20
248.5680688888889
 30
0.0
 10
44.65492861111111
 20
248.6580272222222
 30
0.0
  0
POLYLINE
  5
2C7
330
1F
100
AcDbEntity
  8
DEFAULT
 62
     7
100
AcDb2dPolyline
 66
     1
 10
0.0
 20
0.0
 30
0.0
  0
VERTEX
  5
2C8
330
2C7
100
AcDbEntity
  8
DEFAULT
 62
     7
100
AcDbVertex
100
AcDb2dVertex
 10
135.8915522222222
 20
249.9191019444444
 30
0.0
  0
VERTEX
  5
2C9
330
2C7
100
AcDbEntity
  8
DEFAULT
 62
     7
100
AcDbVertex
100
AcDb2dVertex
 10
134.3918938888889
 20
248.7380019444444
 30
0.0
  0
SEQEND
  5
2CA
330
2C7
100
AcDbEntity
  8
DEFAULT
 62
     7
  0
POLYLINE
  5
2CB
330
1F
100
AcDbEntity
  8
DEFAULT
 62
     7
100
AcDb2dPolyline
 66
     1
 10
0.0
 20
0.0
 30
0.0
  0
VERTEX
  5
2CC
330
2CB
100
AcDbEntity
  8
DEFAULT
 62
     7
100
AcDbVertex
100
AcDb2dVertex
 10
136.6994133333333
 20
248.8934711111111
 30
0.0
  0
VERTEX
  5
2CD
330
2CB
100
AcDbEntity
  8
DEFAULT
 62
     7
100
AcDbVertex
100
AcDb2dVertex
 10
135.199755
 20
247.7123711111111
 30
0.0
  0
SEQEND
  5
2CE
330
2CB
100
AcDbEntity
  8
DEFAULT
 62
     7
  0
SPLINE
  5
2CF
330
1F
100
AcDbEntity
  8
DEFAULT
 62
     1
100
AcDbSpline
210
0.0
220
0.0
230
1.0
 70
    11
 71
     3
 72
   224
 73
   220
 74
     0
 42
0.000000001
 43
0.0000000001
 40
1.0
 40
1.0
 40
1.0
 40
1.0
 40
2.0
 40
2.0
 40
2.0
 40
3.0
 40
3.0
 40
3.0
 40
4.0
 40
4.0
 40
4.0
 40
5.0
 40
5.0
 40
5.0
 40
6.0
 40
6.0
 40
6.0
 40
7.0
 40
7.0
 40
7.0
 40
8.0
 40
8.0
 40
8.0
 40
9.0
 40
9.0
 40
9.0
 40
10.0
 40
10.0
 40
10.0
 40
11.0
 40
11.0
 40
11.0
 40
12.0
 40
12.0
 40
12.0
 40
13.0
 40
13.0
 40
13.0
 40
14.0
 40
14.0
 40
14.0
 40
15.0
 40
15.0
 40
15.0
 40
16.0
 40
16.0
 40
16.0
 40
25.94000080482895
 40
25.94000080482895
 40
25.94000080482895
 40
34.43936078073295
 40
34.43936078073295
 40
34.43936078073295
 40
44.34995596972139
 40
44.34995596972139
 40
44.34995596972139
 40
45.34995596972139
 40
45.34995596972139
 40
45.34995596972139
 40
47.34995596972139
 40
47.34995596972139
 40
47.34995596972139
 40
48.34995596972139
 40
48.34995596972139
 40
48.34995596972139
 40
50.34995596972139
 40
50.34995596972139
 40
50.34995596972139
 40
51.34995596972139
 40
51.34995596972139
 40
51.34995596972139
 40
52.34995596972139
 40
52.34995596972139
 40
52.34995596972139
 40
53.34995596972139
 40
53.34995596972139
 40
53.34995596972139
 40
54.34995596972139
 40
54.34995596972139
 40
54.34995596972139
 40
55.34995596972139
 40
55.34995596972139
 40
55.34995596972139
 40
56.34995596972139
 40
56.34995596972139
 40
56.34995596972139
 40
57.34995596972139
 40
57.34995596972139
 40
57.34995596972139
 40
58.34995596972139
 40
58.34995596972139
 40
58.34995596972139
 40
59.34995596972139
 40
59.34995596972139
 40
59.34995596972139
 40
60.34995596972139
 40
60.34995596972139
 40
60.34995596972139
 40
70.27026448306914
 40
70.27026448306914
 40
70.27026448306914
 40
78.76823718248396
 40
78.76823718248396
 40
78.76823718248396
 40
88.68775995326277
 40
88.68775995326277
 40
88.68775995326277
 40
89.68775995326277
 40
89.68775995326277
 40
89.68775995326277
 40
90.68775995326277
 40
90.68775995326277
 40
90.68775995326277
 40
91.68775995326277
 40
91.68775995326277
 40
91.68775995326277
 40
92.68775995326277
 40
92.68775995326277
 40
92.68775995326277
 40
93.68775995326277
 40
93.68775995326277
 40
93.68775995326277
 40
94.68775995326277
 40
94.68775995326277
 40
94.68775995326277
 40
104.607722957226
 40
104.607722957226
 40
104.607722957226
 40
113.1081232419185
 40
113.1081232419185
 40
113.1081232419185
 40
123.0280862458818
 40
123.0280862458818
 40
123.0280862458818
 40
124.0280862458818
 40
124.0280862458818
 40
124.0280862458818
 40
125.0280862458818
 40
125.0280862458818
 40
125.0280862458818
 40
126.0280862458818
 40
126.0280862458818
 40
126.0280862458818
 40
127.0280862458818
 40
127.0280862458818
 40
127.0280862458818
 40
128.0280862458818
 40
128.0280862458818
 40
128.0280862458818
 40
129.0280862458818
 40
129.0280862458818
 40
129.0280862458818
 40
130.0280862458818
 40
130.0280862458818
 40
130.0280862458818
 40
131.0280862458818
 40
131.0280862458818
 40
131.0280862458818
 40
132.0280862458818
 40
132.0280862458818
 40
132.0280862458818
 40
133.0280862458818
 40
133.0280862458818
 40
133.0280862458818
 40
134.0280862458818
 40
134.0280862458818
 40
134.0280862458818
 40
135.0280862458818
 40
135.0280862458818
 40
135.0280862458818
 40
136.0280862458818
 40
136.0280862458818
 40
136.0280862458818
 40
137.0280862458818
 40
137.0280862458818
 40
137.0280862458818
 40
138.0280862458818
 40
138.0280862458818
 40
138.0280862458818
 40
147.9429490790228
 40
147.9429490790228
 40
147.9429490790228
 40
156.4515810489696
 40
156.4515810489696
 40
156.4515810489696
 40
166.3666111043955
 40
166.3666111043955
 40
166.3666111043955
 40
167.3666111043955
 40
167.3666111043955
 40
167.3666111043955
 40
168.3666111043955
 40
168.3666111043955
 40
168.3666111043955
 40
169.3666111043955
 40
169.3666111043955
 40
169.3666111043955
 40
170.3666111043955
 40
170.3666111043955
 40
170.3666111043955
 40
171.3666111043955
 40
171.3666111043955
 40
171.3666111043955
 40
172.3666111043955
 40
172.3666111043955
 40
172.3666111043955
 40
173.3666111043955
 40
173.3666111043955
 40
173.3666111043955
 40
174.3666111043955
 40
174.3666111043955
 40
174.3666111043955
 40
175.3666111043955
 40
175.3666111043955
 40
175.3666111043955
 40
176.3666111043955
 40
176.3666111043955
 40
176.3666111043955
 40
177.3666111043955
 40
177.3666111043955
 40
177.3666111043955
 40
177.3666111043955
 10
81.53862138888888
 20
237.7060411111111
 30
0.0
 10
69.85391583333333
 20
242.8625938888889
 30
0.0
 10
62.58316583333333
 20
242.3937522222222
 30
0.0
 10
62.63714083333333
 20
245.0074827777778
 30
0.0
 10
62.69252694444445
 20
247.6286216666666
 30
0.0
 10
30.98662416666667
 20
242.5676716666666
 30
0.0
 10
27.07220194444445
 20
237.2749466666667
 30
0.0
 10
21.82992416666668
 20
230.1841133333333
 30
0.0
 10
24.09969638888889
 20
239.8481077777778
 30
0.0
 10
16.08846583333334
 20
237.3409161111111
 30
0.0
 10
8.07300194444445
 20
234.8361938888889
 30
0.0
 10
8.168251944444444
 20
228.8855383333333
 30
0.0
 10
6.808999166666672
 20
231.6202716666667
 30
0.0
 10
5.451863055555559
 20
234.3479494444444
 30
0.0
 10
7.860276944444447
 20
234.5059938888889
 30
0.0
 10
6.879907500000004
 20
235.9548522222222
 30
0.0
 10
5.904829722222223
 20
237.3973605555555
 30
0.0
 10
5.916118611111115
 20
237.4082966666666
 30
0.0
 10
9.479879722222227
 20
240.2213466666666
 30
0.0
 10
13.04011305555555
 20
243.022755
 30
0.0
 10
17.56554638888889
 20
239.7373355555555
 30
0.0
 10
20.44632972222222
 20
242.52428
 30
0.0
 10
23.32534916666667
 20
245.3031105555555
 30
0.0
 10
17.3097825
 20
246.4531661111111
 30
0.0
 10
28.2667075
 20
247.8416994444444
 30
0.0
 10
39.22116305555556
 20
249.2259994444444
 30
0.0
 10
58.45601861111112
 20
262.3563883333333
 30
0.0
 10
60.66828805555556
 20
255.8871494444444
 30
0.0
 10
59.83820194444444
 20
255.608455
 30
0.0
 10
59.94932694444444
 20
255.5932855555555
 30
0.0
 10
59.02963527777777
 20
255.2810772222222
 30
0.0
 10
58.11558805555555
 20
254.9632244444444
 30
0.0
 10
58.18543805555557
 20
255.0387188888889
 30
0.0
 10
57.35958527777778
 20
254.757555
 30
0.0
 10
56.53161583333333
 20
254.4721577777777
 30
0.0
 10
56.64062416666667
 20
254.4636911111111
 30
0.0
 10
55.72304916666667
 20
254.14478
 30
0.0
 10
54.80794361111111
 20
253.830455
 30
0.0
 10
54.87673527777778
 20
253.9091244444444
 30
0.0
 10
54.05299916666667
 20
253.6212577777778
 30
0.0
 10
53.22644083333333
 20
253.3439744444444
 30
0.0
 10
53.33403805555556
 20
253.3273938888888
 30
0.0
 10
52.41434638888888
 20
253.0151855555555
 30
0.0
 10
51.50029916666666
 20
252.6976855555555
 30
0.0
 10
51.57014916666667
 20
252.7728272222222
 30
0.0
 10
50.74429638888889
 20
252.4920161111111
 30
0.0
 10
49.63845564814815
 20
252.1133679629629
 30
0.0
 10
48.53261490740741
 20
251.7347198148148
 30
0.0
 10
47.42677416666667
 20
251.3560716666667
 30
0.0
 10
47.75227046296296
 20
250.4110975925926
 30
0.0
 10
48.07776675925925
 20
249.4661235185185
 30
0.0
 10
48.40326305555555
 20
248.5211494444444
 30
0.0
 10
49.5058112037037
 20
248.8987392592593
 30
0.0
 10
50.60835935185185
 20
249.2763290740741
 30
0.0
 10
51.7109075
 20
249.6539188888889
 30
0.0
 10
52.54346305555556
 20
249.9368466666666
 30
0.0
 10
52.43586583333334
 20
249.9534272222222
 30
0.0
 10
53.35520472222223
 20
250.2656355555555
 30
0.0
 10
54.26960472222222
 20
250.5831355555555
 30
0.0
 10
54.19975472222223
 20
250.5079938888889
 30
0.0
 10
55.0256075
 20
250.788805
 30
0.0
 10
55.85004916666667
 20
251.0731438888889
 30
0.0
 10
55.74351027777777
 20
251.0861966666666
 30
0.0
 10
56.66214361111111
 20
251.40158
 30
0.0
 10
57.57724916666667
 20
251.715905
 30
0.0
 10
57.50492972222222
 20
251.6361772222222
 30
0.0
 10
58.33325194444444
 20
251.9215744444444
 30
0.0
 10
59.15875194444445
 20
252.2027383333333
 30
0.0
 10
59.05115472222222
 20
252.2193188888889
 30
0.0
 10
59.97049361111111
 20
252.5311744444444
 30
0.0
 10
60.88806861111111
 20
252.8500855555556
 30
0.0
 10
60.81151583333334
 20
252.7724744444444
 30
0.0
 10
61.64160194444444
 20
253.0511688888889
 30
0.0
 10
62.43641027777778
 20
252.4927216666667
 30
0.0
 10
62.0518825
 20
253.1816966666667
 30
0.0
 10
66.21501305555554
 20
254.6189133333333
 30
0.0
 10
69.51419083333333
 20
255.7566216666667
 30
0.0
 10
70.5894575
 20
255.0669411111111
 30
0.0
 10
81.29837972222222
 20
249.1226355555555
 30
0.0
 10
93.95992694444443
 20
242.0896577777778
 30
0.0
 10
99.42198527777776
 20
240.5067438888889
 30
0.0
 10
101.9859741666667
 20
242.2752188888889
 30
0.0
 10
104.5453769444444
 20
244.0465161111111
 30
0.0
 10
106.7477686111111
 20
237.7504911111111
 30
0.0
 10
108.2033297222222
 20
240.3204772222222
 30
0.0
 10
109.6603019444445
 20
242.8985772222222
 30
0.0
 10
112.1840741666667
 20
240.5434327777778
 30
0.0
 10
121.7425880555555
 20
247.17248
 30
0.0
 10
134.1130936111111
 20
255.7523883333333
 30
0.0
 10
140.2528380555555
 20
259.9151661111111
 30
0.0
 10
142.0453019444444
 20
255.8444633333333
 30
0.0
 10
141.3580908333333
 20
255.3022438888889
 30
0.0
 10
141.4660408333333
 20
255.3230577777778
 30
0.0
 10
140.7005130555555
 20
254.7212188888889
 30
0.0
 10
139.9385130555555
 20
254.1207911111111
 30
0.0
 10
139.9836686111111
 20
254.2185105555556
 30
0.0
 10
139.2964575
 20
253.6766438888889
 30
0.0
 10
138.3798232407407
 20
252.9550957407407
 30
0.0
 10
137.4631889814815
 20
252.2335475925926
 30
0.0
 10
136.5465547222222
 20
251.5119994444444
 30
0.0
 10
137.1648565740741
 20
250.7269512962963
 30
0.0
 10
137.7831584259259
 20
249.9419031481482
 30
0.0
 10
138.4014602777778
 20
249.156855
 30
0.0
 10
139.3179769444444
 20
249.8784031481481
 30
0.0
 10
140.2344936111111
 20
250.5999512962963
 30
0.0
 10
141.1510102777778
 20
251.3214994444444
 30
0.0
 10
141.8382213888889
 20
251.8633661111111
 30
0.0
 10
141.7337991666667
 20
251.8439633333333
 30
0.0
 10
142.4957991666667
 20
252.4443911111111
 30
0.0
 10
143.2613269444444
 20
253.0458772222222
 30
0.0
 10
143.2126436111111
 20
252.9474522222222
 30
0.0
 10
143.9009130555555
 20
253.4857911111111
 30
0.0
 10
145.1158797222222
 20
252.0909077777777
 30
0.0
 10
145.1680908333333
 20
249.9244994444444
 30
0.0
 10
142.3924352777778
 20
248.1644911111111
 30
0.0
 10
135.8522880555556
 20
244.0182938888889
 30
0.0
 10
125.4044213888889
 20
243.2566466666667
 30
0.0
 10
125.6460741666667
 20
242.5151077777778
 30
0.0
 10
124.8106963888889
 20
242.2681633333333
 30
0.0
 10
124.9218213888889
 20
242.2526411111111
 30
0.0
 10
123.9841380555555
 20
241.9760633333333
 30
0.0
 10
123.0563325
 20
241.7054827777778
 30
0.0
 10
123.1307686111111
 20
241.7785077777777
 30
0.0
 10
122.2897463888889
 20
241.5372077777778
 30
0.0
 10
121.1701473148148
 20
241.2097124074074
 30
0.0
 10
120.0505482407407
 20
240.8822170370371
 30
0.0
 10
118.9309491666667
 20
240.5547216666667
 30
0.0
 10
119.2105843518519
 20
239.5950485185185
 30
0.0
 10
119.490219537037
 20
238.6353753703704
 30
0.0
 10
119.7698547222222
 20
237.6757022222222
 30
0.0
 10
120.8894537962963
 20
238.0031975925926
 30
0.0
 10
122.0090528703704
 20
238.3306929629629
 30
0.0
 10
123.1286519444444
 20
238.6581883333333
 30
0.0
 10
123.9717908333333
 20
238.9040744444444
 30
0.0
 10
123.8631352777778
 20
238.92383
 30
0.0
 10
124.7919991666667
 20
239.1908827777777
 30
0.0
 10
125.7293297222222
 20
239.4678133333333
 30
0.0
 10
125.6496019444444
 20
239.3891438888889
 30
0.0
 10
126.4892130555555
 20
239.6339716666667
 30
0.0
 10
127.6078713888889
 20
235.6056022222222
 30
0.0
 10
121.7196575
 20
235.6754522222222
 30
0.0
 10
118.2088130555556
 20
234.5204577777778
 30
0.0
 10
116.0360547222222
 20
233.8060827777778
 30
0.0
 10
114.4044575
 20
233.3527633333333
 30
0.0
 10
112.2264075
 20
230.67518
 30
0.0
 10
109.3939547222222
 20
227.1932633333333
 30
0.0
 10
110.2441491666667
 20
234.628055
 30
0.0
 10
106.6486380555556
 20
231.5962827777778
 30
0.0
 10
105.8746436111111
 20
232.0065633333333
 30
0.0
 10
105.9374380555556
 20
231.9180161111111
 30
0.0
 10
105.0748963888889
 20
232.3688661111111
 30
0.0
 10
104.2211741666667
 20
232.8144244444444
 30
0.0
 10
104.3273602777778
 20
232.8158355555556
 30
0.0
 10
103.5480741666667
 20
233.2208244444444
 30
0.0
 10
102.7797241666667
 20
233.6251077777778
 30
0.0
 10
102.8379325
 20
233.5393827777777
 30
0.0
 10
101.9753908333333
 20
233.98988
 30
0.0
 10
101.1181408333333
 20
234.43438
 30
0.0
 10
101.2267963888889
 20
234.4403772222222
 30
0.0
 10
100.4482158333333
 20
234.8418383333333
 30
0.0
 10
99.67563249999999
 20
235.2489438888889
 30
0.0
 10
99.74160194444444
 20
235.161455
 30
0.0
 10
98.87447416666667
 20
235.6144216666667
 30
0.0
 10
98.01722416666667
 20
236.0592744444444
 30
0.0
 10
98.12341027777778
 20
236.0603327777778
 30
0.0
 10
97.34518249999999
 20
236.4621466666667
 30
0.0
 10
96.57612694444443
 20
236.8699577777778
 30
0.0
 10
96.64174361111111
 20
236.7824688888889
 30
0.0
 10
95.77496861111112
 20
237.2354355555556
 30
0.0
 10
94.91771861111111
 20
237.6802883333333
 30
0.0
 10
95.0228463888889
 20
237.6852272222222
 30
0.0
 10
94.24461861111111
 20
238.0866883333333
 30
0.0
 10
93.47521027777778
 20
238.4944994444444
 30
0.0
 10
93.53871027777778
 20
238.4027772222222
 30
0.0
 10
92.67087694444443
 20
238.8592716666666
 30
0.0
 10
91.81362694444444
 20
239.3037716666666
 30
0.0
 10
91.92334083333333
 20
239.3062411111111
 30
0.0
 10
91.14476027777778
 20
239.7077022222222
 30
0.0
 10
90.1124149074074
 20
240.2495688888889
 30
0.0
 10
89.08006953703703
 20
240.7914355555555
 30
0.0
 10
88.04772416666665
 20
241.3333022222222
 30
0.0
 10
87.58476212962962
 20
240.4463012962963
 30
0.0
 10
87.1218000925926
 20
239.5593003703704
 30
0.0
 10
86.65883805555555
 20
238.6722994444444
 30
0.0
 10
87.69200657407407
 20
238.1319614814815
 30
0.0
 10
88.72517509259261
 20
237.5916235185185
 30
0.0
 10
89.75834361111112
 20
237.0512855555556
 30
0.0
 10
90.53092694444445
 20
236.6445327777778
 30
0.0
 10
90.47166027777777
 20
236.7337855555556
 30
0.0
 10
91.33102694444443
 20
236.28223
 30
0.0
 10
92.1935686111111
 20
235.8317327777778
 30
0.0
 10
92.0827963888889
 20
235.8324383333333
 30
0.0
 10
92.85784916666667
 20
235.4302716666666
 30
0.0
 10
93.63396027777777
 20
235.0242244444444
 30
0.0
 10
93.57257694444445
 20
235.1092438888889
 30
0.0
 10
94.43053249999998
 20
234.6612161111111
 30
0.0
 10
95.29307416666666
 20
234.2107188888889
 30
0.0
 10
95.18688805555554
 20
234.208955
 30
0.0
 10
95.96194083333333
 20
233.8064355555556
 30
0.0
 10
96.73452416666666
 20
233.3996827777778
 30
0.0
 10
96.67561027777778
 20
233.4889355555556
 30
0.0
 10
97.53039083333333
 20
233.0398494444444
 30
0.0
 10
98.39363805555556
 20
232.5861772222222
 30
0.0
 10
98.28568805555554
 20
232.5911161111111
 30
0.0
 10
99.06074083333333
 20
232.1885966666667
 30
0.0
 10
99.83332416666666
 20
231.7818438888889
 30
0.0
 10
99.77617416666666
 20
231.8643938888889
 30
0.0
 10
100.6330713888889
 20
231.4198938888889
 30
0.0
 10
101.4966713888889
 20
230.9658688888889
 30
0.0
 10
101.3820186111111
 20
230.9690438888889
 30
0.0
 10
102.1602463888889
 20
230.5675827777778
 30
0.0
 10
102.9331825
 20
230.16083
 30
0.0
 10
102.8714463888889
 20
230.2458494444444
 30
0.0
 10
103.7339880555556
 20
229.7953522222222
 30
0.0
 10
104.5965297222222
 20
229.344855
 30
0.0
 10
104.4850519444445
 20
229.3490883333333
 30
0.0
 10
105.2632797222222
 20
228.9472744444444
 30
0.0
 10
101.2730102777778
 20
223.0961022222222
 30
0.0
 10
93.02224361111111
 20
232.634155
 30
0.0
 10
81.53862138888888
 20
237.7060411111111
 30
0.0
  0
SPLINE
  5
2D0
330
1F
100
AcDbEntity
  8
DEFAULT
 62
     7
100
AcDbSpline
210
0.0
220
0.0
230
1.0
 70
    11
 71
     3
 72
    17
 73
    13
 74
     0
 42
0.000000001
 43
0.0000000001
 40
0.0
 40
0.0
 40
0.0
 40
0.0
 40
1.0
 40
1.0
 40
1.0
 40
2.0
 40
2.0
 40
2.0
 40
3.0
 40
3.0
 40
3.0
 40
4.0
 40
4.0
 40
4.0
 40
4.0
 10
117.4258580555556
 20
185.0746305555555
 30
0.0
 10
117.6907941666666
 20
185.1529472222222
 30
0.0
 10
117.9691358333333
 20
185.0019583333333
 30
0.0
 10
118.0474525
 20
184.7370222222222
 30
0.0
 10
118.1257691666667
 20
184.4720861111111
 30
0.0
 10
117.9744275
 20
184.1940972222222
 30
0.0
 10
117.7098441666667
 20
184.1157805555555
 30
0.0
 10
117.4449080555555
 20
184.0374638888889
 30
0.0
 10
117.1669191666667
 20
184.1884527777778
 30
0.0
 10
117.0882497222222
 20
184.4533888888889
 30
0.0
 10
117.0099330555556
 20
184.7179722222222
 30
0.0
 10
117.1612747222222
 20
184.9963138888889
 30
0.0
 10
117.4258580555556
 20
185.0746305555555
 30
0.0
  0
SPLINE
  5
2D1
330
1F
100
AcDbEntity
  8
DEFAULT
 62
     7
100
AcDbSpline
210
0.0
220
0.0
230
1.0
 70
    11
 71
     3
 72
    17
 73
    13
 74
     0
 42
0.000000001
 43
0.0000000001
 40
0.0
 40
0.0
 40
0.0
 40
0.0
 40
1.0
 40
1.0
 40
1.0
 40
2.0
 40
2.0
 40
2.0
 40
3.0
 40
3.0
 40
3.0
 40
4.0
 40
4.0
 40
4.0
 40
4.0
 10
85.93885388888889
 20
187.28055
 30
0.0
 10
86.18403444444444
 20
187.1531972222222
 30
0.0
 10
86.27963722222222
 20
186.8515722222222
 30
0.0
 10
86.15228444444443
 20
186.6063916666667
 30
0.0
 10
86.02528444444444
 20
186.3612111111111
 30
0.0
 10
85.72330666666666
 20
186.2656083333333
 30
0.0
 10
85.4781261111111
 20
186.3929611111111
 30
0.0
 10
85.23329833333332
 20
186.5199611111111
 30
0.0
 10
85.13769555555555
 20
186.8219388888889
 30
0.0
 10
85.26469555555555
 20
187.0671194444444
 30
0.0
 10
85.39204833333332
 20
187.3119472222222
 30
0.0
 10
85.69402611111111
 20
187.40755
 30
0.0
 10
85.93885388888889
 20
187.28055
 30
0.0
  0
SPLINE
  5
2D2
330
1F
100
AcDbEntity
  8
DEFAULT
 62
     7
100
AcDbSpline
210
0.0
220
0.0
230
1.0
 70
    11
 71
     3
 72
    17
 73
    13
 74
     0
 42
0.000000001
 43
0.0000000001
 40
0.0
 40
0.0
 40
0.0
 40
0.0
 40
1.0
 40
1.0
 40
1.0
 40
2.0
 40
2.0
 40
2.0
 40
3.0
 40
3.0
 40
3.0
 40
4.0
 40
4.0
 40
4.0
 40
4.0
 10
84.60750583333332
 20
187.9712888888889
 30
0.0
 10
84.85268638888888
 20
187.8442888888889
 30
0.0
 10
84.94828916666667
 20
187.5423111111111
 30
0.0
 10
84.82093638888888
 20
187.2971305555556
 30
0.0
 10
84.69393638888889
 20
187.0523027777778
 30
0.0
 10
84.39195861111111
 20
186.9567
 30
0.0
 10
84.14677805555554
 20
187.0837
 30
0.0
 10
83.90195027777777
 20
187.2110527777778
 30
0.0
 10
83.8063475
 20
187.5126777777778
 30
0.0
 10
83.9333475
 20
187.7578583333333
 30
0.0
 10
84.06070027777777
 20
188.0030388888889
 30
0.0
 10
84.36232527777777
 20
188.0986416666667
 30
0.0
 10
84.60750583333332
 20
187.9712888888889
 30
0.0
  0
SPLINE
  5
2D3
330
1F
100
AcDbEntity
  8
DEFAULT
 62
     7
100
AcDbSpline
210
0.0
220
0.0
230
1.0
 70
    11
 71
     3
 72
    17
 73
    13
 74
     0
 42
0.000000001
 43
0.0000000001
 40
0.0
 40
0.0
 40
0.0
 40
0.0
 40
1.0
 40
1.0
 40
1.0
 40
2.0
 40
2.0
 40
2.0
 40
3.0
 40
3.0
 40
3.0
 40
4.0
 40
4.0
 40
4.0
 40
4.0
 10
44.70368249999999
 20
195.4862316666666
 30
0.0
 10
44.75518805555555
 20
195.7575177777777
 30
0.0
 10
45.01694916666666
 20
195.9356705555555
 30
0.0
 10
45.28823527777778
 20
195.884165
 30
0.0
 10
45.55952138888888
 20
195.8326594444444
 30
0.0
 10
45.73767416666666
 20
195.5712511111111
 30
0.0
 10
45.68616861111111
 20
195.299965
 30
0.0
 10
45.63466305555556
 20
195.0286788888889
 30
0.0
 10
45.37290194444444
 20
194.8501733333333
 30
0.0
 10
45.10161583333333
 20
194.9016788888889
 30
0.0
 10
44.83032972222222
 20
194.9531844444444
 30
0.0
 10
44.65217694444444
 20
195.2149455555555
 30
0.0
 10
44.70368249999999
 20
195.4862316666666
 30
0.0
  0
SPLINE
  5
2D4
330
1F
100
AcDbEntity
  8
DEFAULT
 62
     7
100
AcDbSpline
210
0.0
220
0.0
230
1.0
 70
    11
 71
     3
 72
    17
 73
    13
 74
     0
 42
0.000000001
 43
0.0000000001
 40
0.0
 40
0.0
 40
0.0
 40
0.0
 40
1.0
 40
1.0
 40
1.0
 40
2.0
 40
2.0
 40
2.0
 40
3.0
 40
3.0
 40
3.0
 40
4.0
 40
4.0
 40
4.0
 40
4.0
 10
46.16644027777777
 20
194.885945
 30
0.0
 10
46.42714305555555
 20
194.9769616666667
 30
0.0
 10
46.71218749999999
 20
194.8397311111111
 30
0.0
 10
46.80320416666667
 20
194.5786755555555
 30
0.0
 10
46.89422083333332
 20
194.3183255555555
 30
0.0
 10
46.75699027777777
 20
194.0329283333333
 30
0.0
 10
46.49628749999999
 20
193.9419116666666
 30
0.0
 10
46.23558472222221
 20
193.850895
 30
0.0
 10
45.9501875
 20
193.9884783333333
 30
0.0
 10
45.85917083333332
 20
194.2491811111111
 30
0.0
 10
45.76815416666666
 20
194.5098838888889
 30
0.0
 10
45.90573749999999
 20
194.7949283333333
 30
0.0
 10
46.16644027777777
 20
194.885945
 30
0.0
  0
SPLINE
  5
2D5
330
1F
100
AcDbEntity
  8
DEFAULT
 62
     7
100
AcDbSpline
210
0.0
220
0.0
230
1.0
 70
    11
 71
     3
 72
    17
 73
    13
 74
     0
 42
0.000000001
 43
0.0000000001
 40
0.0
 40
0.0
 40
0.0
 40
0.0
 40
1.0
 40
1.0
 40
1.0
 40
2.0
 40
2.0
 40
2.0
 40
3.0
 40
3.0
 40
3.0
 40
4.0
 40
4.0
 40
4.0
 40
4.0
 10
44.75035499999999
 20
194.3913858333333
 30
0.0
 10
45.01105777777777
 20
194.4824025
 30
0.0
 10
45.29610222222222
 20
194.3448191666667
 30
0.0
 10
45.38711888888888
 20
194.0841163888889
 30
0.0
 10
45.47813555555555
 20
193.8234136111111
 30
0.0
 10
45.34090499999999
 20
193.5383691666667
 30
0.0
 10
45.08020222222222
 20
193.4473525
 30
0.0
 10
44.81949944444444
 20
193.3563358333333
 30
0.0
 10
44.53410222222222
 20
193.4939191666667
 30
0.0
 10
44.44308555555556
 20
193.7546219444445
 30
0.0
 10
44.35206888888888
 20
194.0153247222222
 30
0.0
 10
44.48965222222222
 20
194.3003691666667
 30
0.0
 10
44.75035499999999
 20
194.3913858333333
 30
0.0
  0
POLYLINE
  5
2D6
330
1F
100
AcDbEntity
  8
DEFAULT
 62
     7
100
AcDb2dPolyline
 66
     1
 10
0.0
 20
0.0
 30
0.0
  0
VERTEX
  5
2D7
330
2D6
100
AcDbEntity
  8
DEFAULT
 62
     7
100
AcDbVertex
100
AcDb2dVertex
 10
135.8640002777778
 20
195.6674536111111
 30
0.0
  0
VERTEX
  5
2D8
330
2D6
100
AcDbEntity
  8
DEFAULT
 62
     7
100
AcDbVertex
100
AcDb2dVertex
 10
134.1195141666666
 20
194.8916952777778
 30
0.0
  0
SEQEND
  5
2D9
330
2D6
100
AcDbEntity
  8
DEFAULT
 62
     7
  0
SPLINE
  5
2DA
330
1F
100
AcDbEntity
  8
DEFAULT
 62
     1
100
AcDbSpline
210
0.0
220
0.0
230
1.0
 70
    11
 71
     3
 72
   224
 73
   220
 74
     0
 42
0.000000001
 43
0.0000000001
 40
1.0
 40
1.0
 40
1.0
 40
1.0
 40
2.0
 40
2.0
 40
2.0
 40
3.0
 40
3.0
 40
3.0
 40
4.0
 40
4.0
 40
4.0
 40
5.0
 40
5.0
 40
5.0
 40
6.0
 40
6.0
 40
6.0
 40
7.0
 40
7.0
 40
7.0
 40
8.0
 40
8.0
 40
8.0
 40
9.0
 40
9.0
 40
9.0
 40
10.0
 40
10.0
 40
10.0
 40
11.0
 40
11.0
 40
11.0
 40
20.90971482939847
 40
20.90971482939847
 40
20.90971482939847
 40
29.41966694442239
 40
29.41966694442239
 40
29.41966694442239
 40
39.33621876448569
 40
39.33621876448569
 40
39.33621876448569
 40
40.33621876448569
 40
40.33621876448569
 40
40.33621876448569
 40
41.33621876448569
 40
41.33621876448569
 40
41.33621876448569
 40
42.33621876448569
 40
42.33621876448569
 40
42.33621876448569
 40
43.33621876448569
 40
43.33621876448569
 40
43.33621876448569
 40
44.33621876448569
 40
44.33621876448569
 40
44.33621876448569
 40
45.33621876448569
 40
45.33621876448569
 40
45.33621876448569
 40
46.33621876448569
 40
46.33621876448569
 40
46.33621876448569
 40
47.33621876448569
 40
47.33621876448569
 40
47.33621876448569
 40
48.33621876448569
 40
48.33621876448569
 40
48.33621876448569
 40
49.33621876448569
 40
49.33621876448569
 40
49.33621876448569
 40
50.33621876448569
 40
50.33621876448569
 40
50.33621876448569
 40
51.33621876448569
 40
51.33621876448569
 40
51.33621876448569
 40
52.33621876448569
 40
52.33621876448569
 40
52.33621876448569
 40
53.33621876448569
 40
53.33621876448569
 40
53.33621876448569
 40
54.33621876448569
 40
54.33621876448569
 40
54.33621876448569
 40
55.33621876448569
 40
55.33621876448569
 40
55.33621876448569
 40
56.33621876448569
 40
56.33621876448569
 40
56.33621876448569
 40
57.33621876448569
 40
57.33621876448569
 40
57.33621876448569
 40
58.33621876448569
 40
58.33621876448569
 40
58.33621876448569
 40
59.33621876448569
 40
59.33621876448569
 40
59.33621876448569
 40
60.33621876448569
 40
60.33621876448569
 40
60.33621876448569
 40
61.33621876448569
 40
61.33621876448569
 40
61.33621876448569
 40
62.33621876448569
 40
62.33621876448569
 40
62.33621876448569
 40
63.33621876448569
 40
63.33621876448569
 40
63.33621876448569
 40
64.3362187644857
 40
64.3362187644857
 40
64.3362187644857
 40
65.3362187644857
 40
65.3362187644857
 40
65.3362187644857
 40
75.27565622341663
 40
75.27565622341663
 40
75.27565622341663
 40
83.77481971166652
 40
83.77481971166652
 40
83.77481971166652
 40
93.68514367206258
 40
93.68514367206258
 40
93.68514367206258
 40
94.68514367206258
 40
94.68514367206258
 40
94.68514367206258
 40
96.68514367206258
 40
96.68514367206258
 40
96.68514367206258
 40
97.68514367206258
 40
97.68514367206258
 40
97.68514367206258
 40
99.68514367206258
 40
99.68514367206258
 40
99.68514367206258
 40
100.6851436720626
 40
100.6851436720626
 40
100.6851436720626
 40
101.6851436720626
 40
101.6851436720626
 40
101.6851436720626
 40
102.6851436720626
 40
102.6851436720626
 40
102.6851436720626
 40
103.6851436720626
 40
103.6851436720626
 40
103.6851436720626
 40
104.6851436720626
 40
104.6851436720626
 40
104.6851436720626
 40
105.6851436720626
 40
105.6851436720626
 40
105.6851436720626
 40
106.6851436720626
 40
106.6851436720626
 40
106.6851436720626
 40
107.6851436720626
 40
107.6851436720626
 40
107.6851436720626
 40
108.6851436720626
 40
108.6851436720626
 40
108.6851436720626
 40
109.6851436720626
 40
109.6851436720626
 40
109.6851436720626
 40
119.6091535471081
 40
119.6091535471081
 40
119.6091535471081
 40
128.1202928950449
 40
128.1202928950449
 40
128.1202928950449
 40
138.0361640115934
 40
138.0361640115934
 40
138.0361640115934
 40
139.0361640115934
 40
139.0361640115934
 40
139.0361640115934
 40
140.0361640115934
 40
140.0361640115934
 40
140.0361640115934
 40
141.0361640115934
 40
141.0361640115934
 40
141.0361640115934
 40
142.0361640115934
 40
142.0361640115934
 40
142.0361640115934
 40
143.0361640115934
 40
143.0361640115934
 40
143.0361640115934
 40
144.0361640115934
 40
144.0361640115934
 40
144.0361640115934
 40
153.9564221231549
 40
153.9564221231549
 40
153.9564221231549
 40
162.4558482214276
 40
162.4558482214276
 40
162.4558482214276
 40
172.3763906461138
 40
172.3763906461138
 40
172.3763906461138
 40
173.3763906461138
 40
173.3763906461138
 40
173.3763906461138
 40
174.3763906461138
 40
174.3763906461138
 40
174.3763906461138
 40
175.3763906461138
 40
175.3763906461138
 40
175.3763906461138
 40
176.3763906461138
 40
176.3763906461138
 40
176.3763906461138
 40
177.3763906461138
 40
177.3763906461138
 40
177.3763906461138
 40
177.3763906461138
 10
106.8149375
 20
177.5924255555555
 30
0.0
 10
106.0391791666667
 20
177.9991783333333
 30
0.0
 10
106.1037375
 20
177.9095727777778
 30
0.0
 10
105.2394319444444
 20
178.356895
 30
0.0
 10
104.3804180555556
 20
178.79822
 30
0.0
 10
104.4876625
 20
178.8017477777778
 30
0.0
 10
103.7062597222222
 20
179.2028561111111
 30
0.0
 10
102.9361458333333
 20
179.60467
 30
0.0
 10
102.9961180555556
 20
179.5171811111111
 30
0.0
 10
102.1318125
 20
179.9641505555556
 30
0.0
 10
101.2731513888889
 20
180.4058283333333
 30
0.0
 10
101.3789847222222
 20
180.4125311111111
 30
0.0
 10
100.5989930555556
 20
180.8104644444444
 30
0.0
 10
99.82782083333333
 20
181.2151005555556
 30
0.0
 10
99.89237916666667
 20
181.125495
 30
0.0
 10
99.0234875
 20
181.5749338888889
 30
0.0
 10
98.1648263888889
 20
182.0166116666667
 30
0.0
 10
98.27171805555557
 20
182.0201394444445
 30
0.0
 10
97.49172638888889
 20
182.4180727777778
 30
0.0
 10
96.72020138888888
 20
182.8227088888889
 30
0.0
 10
96.78475972222222
 20
182.7331033333333
 30
0.0
 10
95.91622083333333
 20
183.1821894444444
 30
0.0
 10
95.05755972222224
 20
183.6238672222222
 30
0.0
 10
95.16339305555555
 20
183.63057
 30
0.0
 10
94.38304861111111
 20
184.0285033333333
 30
0.0
 10
93.61187638888889
 20
184.4334922222222
 30
0.0
 10
93.67678749999999
 20
184.3438866666667
 30
0.0
 10
92.80754305555556
 20
184.7929727777777
 30
0.0
 10
91.94888194444445
 20
185.2346505555556
 30
0.0
 10
92.05612638888888
 20
185.2381783333333
 30
0.0
 10
91.27578194444445
 20
185.6361116666667
 30
0.0
 10
90.24190787037037
 20
186.173745
 30
0.0
 10
89.2080337962963
 20
186.7113783333333
 30
0.0
 10
88.17415972222223
 20
187.2490116666667
 30
0.0
 10
87.71425509259258
 20
186.3602468518519
 30
0.0
 10
87.25435046296296
 20
185.471482037037
 30
0.0
 10
86.79444583333333
 20
184.5827172222222
 30
0.0
 10
87.8302013888889
 20
184.0469653703704
 30
0.0
 10
88.86595694444445
 20
183.5112135185185
 30
0.0
 10
89.9017125
 20
182.9754616666667
 30
0.0
 10
90.6764125
 20
182.5718838888889
 30
0.0
 10
90.61644027777777
 20
182.6593727777777
 30
0.0
 10
91.47721805555557
 20
182.2109922222222
 30
0.0
 10
92.34187638888889
 20
181.7640227777778
 30
0.0
 10
92.23251527777778
 20
181.7671977777777
 30
0.0
 10
93.00933194444444
 20
181.3682061111111
 30
0.0
 10
93.78403194444445
 20
180.9646283333333
 30
0.0
 10
93.72476527777778
 20
181.0485894444444
 30
0.0
 10
94.58483749999999
 20
180.6037366666667
 30
0.0
 10
95.44914305555555
 20
180.1567672222222
 30
0.0
 10
95.34084027777779
 20
180.1564144444444
 30
0.0
 10
96.11765694444445
 20
179.7574227777778
 30
0.0
 10
96.89235694444444
 20
179.353845
 30
0.0
 10
96.83238472222222
 20
179.4413338888889
 30
0.0
 10
97.69210416666667
 20
178.9961283333333
 30
0.0
 10
98.55746805555556
 20
178.5459838888889
 30
0.0
 10
98.44810694444445
 20
178.5491588888889
 30
0.0
 10
99.22492361111112
 20
178.1501672222222
 30
0.0
 10
99.9996236111111
 20
177.7465894444445
 30
0.0
 10
99.94070972222222
 20
177.8305505555556
 30
0.0
 10
100.7993708333333
 20
177.3888727777778
 30
0.0
 10
101.6647347222222
 20
176.9383755555556
 30
0.0
 10
101.5521986111111
 20
176.9404922222222
 30
0.0
 10
102.3321902777778
 20
176.5425588888889
 30
0.0
 10
103.1068902777778
 20
176.1389811111111
 30
0.0
 10
103.0433902777778
 20
176.2254116666666
 30
0.0
 10
103.9076958333333
 20
175.7780894444444
 30
0.0
 10
104.7720013888889
 20
175.33112
 30
0.0
 10
104.6594652777778
 20
175.3332366666667
 30
0.0
 10
105.4398097222222
 20
174.9349505555555
 30
0.0
 10
101.4731763888889
 20
169.0686088888889
 30
0.0
 10
93.18325138888888
 20
178.5720894444444
 30
0.0
 10
81.67881527777777
 20
183.5935283333333
 30
0.0
 10
69.9722375
 20
188.7021033333333
 30
0.0
 10
62.70430972222222
 20
188.20257
 30
0.0
 10
62.74699583333334
 20
190.8159477777778
 30
0.0
 10
62.79038750000001
 20
193.4370866666667
 30
0.0
 10
31.10741527777778
 20
188.2413755555555
 30
0.0
 10
27.21557083333334
 20
182.9345394444445
 30
0.0
 10
22.00116250000001
 20
175.8214811111111
 30
0.0
 10
24.22965972222223
 20
185.4950005555555
 30
0.0
 10
16.23183472222222
 20
182.954295
 30
0.0
 10
8.22589583333335
 20
180.414295
 30
0.0
 10
8.346898611111115
 20
174.4636394444444
 30
0.0
 10
6.976004166666682
 20
177.19167
 30
0.0
 10
5.605462500000019
 20
179.9165255555556
 30
0.0
 10
8.015640277777795
 20
180.0837422222222
 30
0.0
 10
7.029979166666669
 20
181.5266033333333
 30
0.0
 10
6.045376388888893
 20
182.9662894444444
 30
0.0
 10
6.06019305555557
 20
182.9789894444444
 30
0.0
 10
9.609843055555574
 20
185.8036811111111
 30
0.0
 10
13.15843472222223
 20
188.6209644444445
 30
0.0
 10
17.69903750000001
 20
185.3560061111111
 30
0.0
 10
20.56747361111112
 20
188.1535338888889
 30
0.0
 10
23.43414583333334
 20
190.9468283333333
 30
0.0
 10
17.41399305555557
 20
192.0711311111111
 30
0.0
 10
28.36456805555557
 20
193.5037616666666
 30
0.0
 10
39.31232083333334
 20
194.9349811111111
 30
0.0
 10
58.49355416666668
 20
208.1482727777778
 30
0.0
 10
60.73263472222222
 20
201.6882061111111
 30
0.0
 10
59.90466527777779
 20
201.4052783333333
 30
0.0
 10
60.01437916666666
 20
201.3908144444445
 30
0.0
 10
59.09786250000001
 20
201.0733144444445
 30
0.0
 10
58.18240416666667
 20
200.7519338888889
 30
0.0
 10
58.25295972222222
 20
200.8288394444444
 30
0.0
 10
57.42957638888889
 20
200.5434422222222
 30
0.0
 10
56.60266527777778
 20
200.2566338888889
 30
0.0
 10
56.71132083333333
 20
200.2456977777778
 30
0.0
 10
55.7958625
 20
199.92467
 30
0.0
 10
54.87899305555556
 20
199.6068172222222
 30
0.0
 10
54.94954861111111
 20
199.6837227777778
 30
0.0
 10
54.1275763888889
 20
199.3951505555555
 30
0.0
 10
53.29960694444445
 20
199.11187
 30
0.0
 10
53.40932083333334
 20
199.0974061111111
 30
0.0
 10
52.49245138888889
 20
198.7799061111111
 30
0.0
 10
51.57699305555555
 20
198.4585255555556
 30
0.0
 10
51.64754861111112
 20
198.5354311111111
 30
0.0
 10
50.82416527777778
 20
198.2500338888889
 30
0.0
 10
49.71985324074075
 20
197.8671524074074
 30
0.0
 10
48.61554120370371
 20
197.4842709259259
 30
0.0
 10
47.51122916666667
 20
197.1013894444444
 30
0.0
 10
47.84072361111112
 20
196.1578264814815
 30
0.0
 10
48.17021805555556
 20
195.2142635185185
 30
0.0
 10
48.49971250000001
 20
194.2707005555555
 30
0.0
 10
49.60084953703705
 20
194.6522885185185
 30
0.0
 10
50.70198657407408
 20
195.0338764814815
 30
0.0
 10
51.80312361111112
 20
195.4154644444444
 30
0.0
 10
52.63320972222223
 20
195.7033311111111
 30
0.0
 10
52.52349583333334
 20
195.7174422222222
 30
0.0
 10
53.44354027777779
 20
196.0363533333333
 30
0.0
 10
54.35547083333334
 20
196.3563227777778
 30
0.0
 10
54.28526805555556
 20
196.27977
 30
0.0
 10
55.11182638888889
 20
196.5662255555555
 30
0.0
 10
55.93485694444445
 20
196.8516227777777
 30
0.0
 10
55.82902361111112
 20
196.867145
 30
0.0
 10
56.74554027777778
 20
197.1849977777778
 30
0.0
 10
57.65888194444445
 20
197.5014394444445
 30
0.0
 10
57.58832638888889
 20
197.4245338888889
 30
0.0
 10
58.41488472222223
 20
197.7113422222222
 30
0.0
 10
59.23826805555556
 20
197.9967394444444
 30
0.0
 10
59.13208194444445
 20
198.0122616666667
 30
0.0
 10
60.0489513888889
 20
198.3301144444444
 30
0.0
 10
60.96440972222223
 20
198.6511422222222
 30
0.0
 10
60.89032638888889
 20
198.5731783333333
 30
0.0
 10
61.71829583333334
 20
198.8561061111111
 30
0.0
 10
62.51592638888889
 20
198.3001283333333
 30
0.0
 10
62.12822361111112
 20
198.9873394444444
 30
0.0
 10
66.28324027777778
 20
200.4425477777778
 30
0.0
 10
69.57642083333334
 20
201.5954255555555
 30
0.0
 10
70.65803749999999
 20
200.9099783333333
 30
0.0
 10
81.39200694444445
 20
195.0090644444444
 30
0.0
 10
94.08212916666666
 20
188.0314727777778
 30
0.0
 10
99.5519486111111
 20
186.4700783333333
 30
0.0
 10
102.1092347222222
 20
188.2487838888889
 30
0.0
 10
104.6605236111111
 20
190.0331338888889
 30
0.0
 10
106.8886680555556
 20
183.74487
 30
0.0
 10
108.3329402777778
 20
186.3215588888889
 30
0.0
 10
109.7779180555556
 20
188.9060088888889
 30
0.0
 10
112.3119208333333
 20
186.5621533333333
 30
0.0
 10
121.8436236111111
 20
193.2303588888889
 30
0.0
 10
134.1777930555556
 20
201.8631838888889
 30
0.0
 10
141.2121819444444
 20
204.5555838888889
 30
0.0
 10
143.0215791666667
 20
200.4894672222222
 30
0.0
 10
142.2225375
 20
200.1338672222222
 30
0.0
 10
142.3329569444444
 20
200.1275172222222
 30
0.0
 10
141.4428986111111
 20
199.7331116666666
 30
0.0
 10
140.5595430555556
 20
199.3408227777778
 30
0.0
 10
140.6241013888889
 20
199.4233727777778
 30
0.0
 10
139.8264708333333
 20
199.0645977777777
 30
0.0
 10
138.759200462963
 20
198.5925811111111
 30
0.0
 10
137.6919300925926
 20
198.1205644444444
 30
0.0
 10
136.6246597222222
 20
197.6485477777778
 30
0.0
 10
137.0312949074074
 20
196.7340301851852
 30
0.0
 10
137.4379300925926
 20
195.8195125925926
 30
0.0
 10
137.8445652777778
 20
194.904995
 30
0.0
 10
138.9099541666667
 20
195.3788931481481
 30
0.0
 10
139.9753430555556
 20
195.8527912962963
 30
0.0
 10
141.0407319444444
 20
196.3266894444444
 30
0.0
 10
141.8408319444444
 20
196.6787616666666
 30
0.0
 10
141.7357041666667
 20
196.6907561111111
 30
0.0
 10
142.6236458333333
 20
197.0809283333333
 30
0.0
 10
143.5126458333333
 20
197.4785088888889
 30
0.0
 10
143.4420902777778
 20
197.3906672222222
 30
0.0
 10
144.2400736111111
 20
197.7494422222222
 30
0.0
 10
144.5406402777778
 20
197.05447
 30
0.0
 10
145.1587069444444
 20
194.8196227777778
 30
0.0
 10
142.9055152777778
 20
193.7471783333333
 30
0.0
 10
137.4762652777778
 20
191.1630811111111
 30
0.0
 10
125.5216847222222
 20
189.3304005555555
 30
0.0
 10
125.7668652777778
 20
188.5902727777778
 30
0.0
 10
124.9321930555556
 20
188.3380366666667
 30
0.0
 10
125.0415541666667
 20
188.3235727777778
 30
0.0
 10
124.1077513888889
 20
188.0448783333333
 30
0.0
 10
123.1806513888889
 20
187.7683005555556
 30
0.0
 10
123.2522652777778
 20
187.8416783333333
 30
0.0
 10
122.4151236111111
 20
187.596145
 30
0.0
 10
121.296700462963
 20
187.2645338888889
 30
0.0
 10
120.1782773148148
 20
186.9329227777778
 30
0.0
 10
119.0598541666667
 20
186.6013116666667
 30
0.0
 10
119.3434875
 20
185.642932037037
 30
0.0
 10
119.6271208333333
 20
184.6845524074074
 30
0.0
 10
119.9107541666667
 20
183.7261727777778
 30
0.0
 10
121.0291773148148
 20
184.0579014814815
 30
0.0
 10
122.147600462963
 20
184.3896301851852
 30
0.0
 10
123.2660236111111
 20
184.7213588888889
 30
0.0
 10
124.1052819444444
 20
184.9714783333333
 30
0.0
 10
123.9980375
 20
184.9901755555556
 30
0.0
 10
124.9261958333333
 20
185.2632255555556
 30
0.0
 10
125.8635263888889
 20
185.5433311111111
 30
0.0
 10
125.7830930555556
 20
185.4632505555556
 30
0.0
 10
126.6223513888889
 20
185.7130172222222
 30
0.0
 10
127.7558263888889
 20
181.6888811111111
 30
0.0
 10
121.8669069444445
 20
181.7347422222222
 30
0.0
 10
118.3631180555556
 20
180.5649311111111
 30
0.0
 10
116.1917708333333
 20
179.8385616666667
 30
0.0
 10
114.5629958333333
 20
179.3781866666667
 30
0.0
 10
112.3983513888889
 20
176.6939005555555
 30
0.0
 10
109.5771875
 20
173.1992838888889
 30
0.0
 10
110.3966902777778
 20
180.6372505555555
 30
0.0
 10
106.8149375
 20
177.5924255555555
 30
0.0
  0
SPLINE
  5
2DB
330
1F
100
AcDbEntity
  8
DEFAULT
 62
     7
100
AcDbSpline
210
0.0
220
0.0
230
1.0
 70
    11
 71
     3
 72
    17
 73
    13
 74
     0
 42
0.000000001
 43
0.0000000001
 40
0.0
 40
0.0
 40
0.0
 40
0.0
 40
1.0
 40
1.0
 40
1.0
 40
2.0
 40
2.0
 40
2.0
 40
3.0
 40
3.0
 40
3.0
 40
4.0
 40
4.0
 40
4.0
 40
4.0
 10
117.4258580555556
 20
202.7368027777778
 30
0.0
 10
117.6907941666666
 20
202.8151194444444
 30
0.0
 10
117.9691358333333
 20
202.6641305555555
 30
0.0
 10
118.0474525
 20
202.3991944444444
 30
0.0
 10
118.1257691666667
 20
202.1342583333333
 30
0.0
 10
117.9744275
 20
201.8562694444445
 30
0.0
 10
117.7098441666667
 20
201.7779527777778
 30
0.0
 10
117.4449080555555
 20
201.6996361111111
 30
0.0
 10
117.1669191666667
 20
201.850625
 30
0.0
 10
117.0882497222222
 20
202.1155611111111
 30
0.0
 10
117.0099330555556
 20
202.3801444444445
 30
0.0
 10
117.1612747222222
 20
202.6584861111111
 30
0.0
 10
117.4258580555556
 20
202.7368027777778
 30
0.0
  0
SPLINE
  5
2DC
330
1F
100
AcDbEntity
  8
DEFAULT
 62
     7
100
AcDbSpline
210
0.0
220
0.0
230
1.0
 70
    11
 71
     3
 72
    17
 73
    13
 74
     0
 42
0.000000001
 43
0.0000000001
 40
0.0
 40
0.0
 40
0.0
 40
0.0
 40
1.0
 40
1.0
 40
1.0
 40
2.0
 40
2.0
 40
2.0
 40
3.0
 40
3.0
 40
3.0
 40
4.0
 40
4.0
 40
4.0
 40
4.0
 10
85.93885388888889
 20
204.9425105555555
 30
0.0
 10
86.18403444444444
 20
204.8155105555555
 30
0.0
 10
86.27963722222222
 20
204.5135327777778
 30
0.0
 10
86.15228444444443
 20
204.2683522222222
 30
0.0
 10
86.02528444444444
 20
204.0235244444444
 30
0.0
 10
85.72330666666666
 20
203.9279216666667
 30
0.0
 10
85.4781261111111
 20
204.0549216666666
 30
0.0
 10
85.23329833333332
 20
204.1822744444444
 30
0.0
 10
85.13769555555555
 20
204.4838994444444
 30
0.0
 10
85.26469555555555
 20
204.72908
 30
0.0
 10
85.39204833333332
 20
204.9742605555555
 30
0.0
 10
85.69402611111111
 20
205.0698633333333
 30
0.0
 10
85.93885388888889
 20
204.9425105555555
 30
0.0
  0
SPLINE
  5
2DD
330
1F
100
AcDbEntity
  8
DEFAULT
 62
     7
100
AcDbSpline
210
0.0
220
0.0
230
1.0
 70
    11
 71
     3
 72
    17
 73
    13
 74
     0
 42
0.000000001
 43
0.0000000001
 40
0.0
 40
0.0
 40
0.0
 40
0.0
 40
1.0
 40
1.0
 40
1.0
 40
2.0
 40
2.0
 40
2.0
 40
3.0
 40
3.0
 40
3.0
 40
4.0
 40
4.0
 40
4.0
 40
4.0
 10
84.60750583333332
 20
205.6334258333333
 30
0.0
 10
84.85268638888888
 20
205.5064258333333
 30
0.0
 10
84.94828916666667
 20
205.2044480555556
 30
0.0
 10
84.82093638888888
 20
204.9592675
 30
0.0
 10
84.69393638888889
 20
204.7144397222222
 30
0.0
 10
84.39195861111111
 20
204.6188369444444
 30
0.0
 10
84.14677805555554
 20
204.7458369444444
 30
0.0
 10
83.90195027777777
 20
204.8731897222222
 30
0.0
 10
83.8063475
 20
205.1748147222222
 30
0.0
 10
83.9333475
 20
205.4199952777778
 30
0.0
 10
84.06070027777777
 20
205.6651758333333
 30
0.0
 10
84.36232527777777
 20
205.7607786111111
 30
0.0
 10
84.60750583333332
 20
205.6334258333333
 30
0.0
  0
SPLINE
  5
2DE
330
1F
100
AcDbEntity
  8
DEFAULT
 62
     7
100
AcDbSpline
210
0.0
220
0.0
230
1.0
 70
    11
 71
     3
 72
    17
 73
    13
 74
     0
 42
0.000000001
 43
0.0000000001
 40
0.0
 40
0.0
 40
0.0
 40
0.0
 40
1.0
 40
1.0
 40
1.0
 40
2.0
 40
2.0
 40
2.0
 40
3.0
 40
3.0
 40
3.0
 40
4.0
 40
4.0
 40
4.0
 40
4.0
 10
44.70368249999999
 20
213.1483686111111
 30
0.0
 10
44.75518805555555
 20
213.4196547222222
 30
0.0
 10
45.01694916666666
 20
213.5978075
 30
0.0
 10
45.28823527777778
 20
213.5463019444445
 30
0.0
 10
45.55952138888888
 20
213.4947963888889
 30
0.0
 10
45.73767416666666
 20
213.2333880555555
 30
0.0
 10
45.68616861111111
 20
212.9621019444444
 30
0.0
 10
45.63466305555556
 20
212.6908158333333
 30
0.0
 10
45.37290194444444
 20
212.5123102777778
 30
0.0
 10
45.10161583333333
 20
212.5638158333333
 30
0.0
 10
44.83032972222222
 20
212.6153213888889
 30
0.0
 10
44.65217694444444
 20
212.8770825
 30
0.0
 10
44.70368249999999
 20
213.1483686111111
 30
0.0
  0
SPLINE
  5
2DF
330
1F
100
AcDbEntity
  8
DEFAULT
 62
     7
100
AcDbSpline
210
0.0
220
0.0
230
1.0
 70
    11
 71
     3
 72
    17
 73
    13
 74
     0
 42
0.000000001
 43
0.0000000001
 40
0.0
 40
0.0
 40
0.0
 40
0.0
 40
1.0
 40
1.0
 40
1.0
 40
2.0
 40
2.0
 40
2.0
 40
3.0
 40
3.0
 40
3.0
 40
4.0
 40
4.0
 40
4.0
 40
4.0
 10
46.16644027777777
 20
212.5480819444444
 30
0.0
 10
46.42714305555555
 20
212.6390986111111
 30
0.0
 10
46.71218749999999
 20
212.5018680555555
 30
0.0
 10
46.80320416666667
 20
212.2408125
 30
0.0
 10
46.89422083333332
 20
211.9804625
 30
0.0
 10
46.75699027777777
 20
211.6950652777778
 30
0.0
 10
46.49628749999999
 20
211.6040486111111
 30
0.0
 10
46.23558472222221
 20
211.5130319444444
 30
0.0
 10
45.9501875
 20
211.6506152777778
 30
0.0
 10
45.85917083333332
 20
211.9113180555556
 30
0.0
 10
45.76815416666666
 20
212.1720208333333
 30
0.0
 10
45.90573749999999
 20
212.4570652777778
 30
0.0
 10
46.16644027777777
 20
212.5480819444444
 30
0.0
  0
SPLINE
  5
2E0
330
1F
100
AcDbEntity
  8
DEFAULT
 62
     7
100
AcDbSpline
210
0.0
220
0.0
230
1.0
 70
    11
 71
     3
 72
    17
 73
    13
 74
     0
 42
0.000000001
 43
0.0000000001
 40
0.0
 40
0.0
 40
0.0
 40
0.0
 40
1.0
 40
1.0
 40
1.0
 40
2.0
 40
2.0
 40
2.0
 40
3.0
 40
3.0
 40
3.0
 40
4.0
 40
4.0
 40
4.0
 40
4.0
 10
44.75035499999999
 20
212.0535227777777
 30
0.0
 10
45.01105777777777
 20
212.1445394444444
 30
0.0
 10
45.29610222222222
 20
212.0069561111111
 30
0.0
 10
45.38711888888888
 20
211.7462533333333
 30
0.0
 10
45.47813555555555
 20
211.4855505555555
 30
0.0
 10
45.34090499999999
 20
211.2005061111111
 30
0.0
 10
45.08020222222222
 20
211.1094894444444
 30
0.0
 10
44.81949944444444
 20
211.01812
 30
0.0
 10
44.53410222222222
 20
211.1560561111111
 30
0.0
 10
44.44308555555556
 20
211.4164061111111
 30
0.0
 10
44.35206888888888
 20
211.6774616666666
 30
0.0
 10
44.48965222222222
 20
211.9625061111111
 30
0.0
 10
44.75035499999999
 20
212.0535227777777
 30
0.0
  0
POLYLINE
  5
2E1
330
1F
100
AcDbEntity
  8
DEFAULT
 62
     7
100
AcDb2dPolyline
 66
     1
 10
0.0
 20
0.0
 30
0.0
  0
VERTEX
  5
2E2
330
2E1
100
AcDbEntity
  8
DEFAULT
 62
     7
100
AcDbVertex
100
AcDb2dVertex
 10
135.8640002777778
 20
213.3295905555555
 30
0.0
  0
VERTEX
  5
2E3
330
2E1
100
AcDbEntity
  8
DEFAULT
 62
     7
100
AcDbVertex
100
AcDb2dVertex
 10
134.1195141666667
 20
212.5538322222222
 30
0.0
  0
SEQEND
  5
2E4
330
2E1
100
AcDbEntity
  8
DEFAULT
 62
     7
  0
SPLINE
  5
2E5
330
1F
100
AcDbEntity
  8
DEFAULT
 62
     1
100
AcDbSpline
210
0.0
220
0.0
230
1.0
 70
    11
 71
     3
 72
   224
 73
   220
 74
     0
 42
0.000000001
 43
0.0000000001
 40
1.0
 40
1.0
 40
1.0
 40
1.0
 40
2.0
 40
2.0
 40
2.0
 40
3.0
 40
3.0
 40
3.0
 40
4.0
 40
4.0
 40
4.0
 40
5.0
 40
5.0
 40
5.0
 40
6.0
 40
6.0
 40
6.0
 40
7.0
 40
7.0
 40
7.0
 40
8.0
 40
8.0
 40
8.0
 40
9.0
 40
9.0
 40
9.0
 40
10.0
 40
10.0
 40
10.0
 40
11.0
 40
11.0
 40
11.0
 40
20.90971482939847
 40
20.90971482939847
 40
20.90971482939847
 40
29.41966694442239
 40
29.41966694442239
 40
29.41966694442239
 40
39.33621876448569
 40
39.33621876448569
 40
39.33621876448569
 40
40.33621876448569
 40
40.33621876448569
 40
40.33621876448569
 40
41.33621876448569
 40
41.33621876448569
 40
41.33621876448569
 40
42.33621876448569
 40
42.33621876448569
 40
42.33621876448569
 40
43.33621876448569
 40
43.33621876448569
 40
43.33621876448569
 40
44.33621876448569
 40
44.33621876448569
 40
44.33621876448569
 40
45.33621876448569
 40
45.33621876448569
 40
45.33621876448569
 40
46.33621876448569
 40
46.33621876448569
 40
46.33621876448569
 40
47.33621876448569
 40
47.33621876448569
 40
47.33621876448569
 40
48.33621876448569
 40
48.33621876448569
 40
48.33621876448569
 40
49.33621876448569
 40
49.33621876448569
 40
49.33621876448569
 40
50.33621876448569
 40
50.33621876448569
 40
50.33621876448569
 40
51.33621876448569
 40
51.33621876448569
 40
51.33621876448569
 40
52.33621876448569
 40
52.33621876448569
 40
52.33621876448569
 40
53.33621876448569
 40
53.33621876448569
 40
53.33621876448569
 40
54.33621876448569
 40
54.33621876448569
 40
54.33621876448569
 40
55.33621876448569
 40
55.33621876448569
 40
55.33621876448569
 40
56.33621876448569
 40
56.33621876448569
 40
56.33621876448569
 40
57.33621876448569
 40
57.33621876448569
 40
57.33621876448569
 40
58.33621876448569
 40
58.33621876448569
 40
58.33621876448569
 40
59.33621876448569
 40
59.33621876448569
 40
59.33621876448569
 40
60.33621876448569
 40
60.33621876448569
 40
60.33621876448569
 40
61.33621876448569
 40
61.33621876448569
 40
61.33621876448569
 40
62.33621876448569
 40
62.33621876448569
 40
62.33621876448569
 40
63.33621876448569
 40
63.33621876448569
 40
63.33621876448569
 40
64.3362187644857
 40
64.3362187644857
 40
64.3362187644857
 40
65.3362187644857
 40
65.3362187644857
 40
65.3362187644857
 40
75.27565622341663
 40
75.27565622341663
 40
75.27565622341663
 40
83.77576381097113
 40
83.77576381097113
 40
83.77576381097113
 40
93.68641525272815
 40
93.68641525272815
 40
93.68641525272815
 40
94.68641525272815
 40
94.68641525272815
 40
94.68641525272815
 40
96.68641525272815
 40
96.68641525272815
 40
96.68641525272815
 40
97.68641525272815
 40
97.68641525272815
 40
97.68641525272815
 40
99.68641525272815
 40
99.68641525272815
 40
99.68641525272815
 40
100.6864152527282
 40
100.6864152527282
 40
100.6864152527282
 40
101.6864152527282
 40
101.6864152527282
 40
101.6864152527282
 40
102.6864152527282
 40
102.6864152527282
 40
102.6864152527282
 40
103.6864152527282
 40
103.6864152527282
 40
103.6864152527282
 40
104.6864152527282
 40
104.6864152527282
 40
104.6864152527282
 40
105.6864152527282
 40
105.6864152527282
 40
105.6864152527282
 40
106.6864152527282
 40
106.6864152527282
 40
106.6864152527282
 40
107.6864152527282
 40
107.6864152527282
 40
107.6864152527282
 40
108.6864152527282
 40
108.6864152527282
 40
108.6864152527282
 40
109.6864152527282
 40
109.6864152527282
 40
109.6864152527282
 40
119.6104251277737
 40
119.6104251277737
 40
119.6104251277737
 40
128.1215644757105
 40
128.1215644757105
 40
128.1215644757105
 40
138.037029215197
 40
138.037029215197
 40
138.037029215197
 40
139.037029215197
 40
139.037029215197
 40
139.037029215197
 40
140.037029215197
 40
140.037029215197
 40
140.037029215197
 40
141.037029215197
 40
141.037029215197
 40
141.037029215197
 40
142.037029215197
 40
142.037029215197
 40
142.037029215197
 40
143.037029215197
 40
143.037029215197
 40
143.037029215197
 40
144.037029215197
 40
144.037029215197
 40
144.037029215197
 40
153.9572873267585
 40
153.9572873267585
 40
153.9572873267585
 40
162.4567134250313
 40
162.4567134250313
 40
162.4567134250313
 40
172.3772558497175
 40
172.3772558497175
 40
172.3772558497175
 40
173.3772558497175
 40
173.3772558497175
 40
173.3772558497175
 40
174.3772558497175
 40
174.3772558497175
 40
174.3772558497175
 40
175.3772558497175
 40
175.3772558497175
 40
175.3772558497175
 40
176.3772558497175
 40
176.3772558497175
 40
176.3772558497175
 40
177.3772558497175
 40
177.3772558497175
 40
177.3772558497175
 40
177.3772558497175
 10
106.8149375
 20
195.2545625
 30
0.0
 10
106.0391791666667
 20
195.6613152777778
 30
0.0
 10
106.1037375
 20
195.5717097222222
 30
0.0
 10
105.2394319444444
 20
196.0190319444444
 30
0.0
 10
104.3804180555556
 20
196.4603569444444
 30
0.0
 10
104.4876625
 20
196.4638847222222
 30
0.0
 10
103.7062597222222
 20
196.8649930555555
 30
0.0
 10
102.9361458333333
 20
197.2668069444444
 30
0.0
 10
102.9961180555556
 20
197.1793180555555
 30
0.0
 10
102.1318125
 20
197.6262875
 30
0.0
 10
101.2731513888889
 20
198.0679652777777
 30
0.0
 10
101.3789847222222
 20
198.0746680555555
 30
0.0
 10
100.5989930555556
 20
198.4726013888888
 30
0.0
 10
99.82782083333333
 20
198.8772375
 30
0.0
 10
99.89237916666667
 20
198.7876319444444
 30
0.0
 10
99.0234875
 20
199.2370708333333
 30
0.0
 10
98.1648263888889
 20
199.6787486111111
 30
0.0
 10
98.27171805555557
 20
199.6822763888889
 30
0.0
 10
97.49172638888889
 20
200.0802097222222
 30
0.0
 10
96.72020138888888
 20
200.4848458333333
 30
0.0
 10
96.78475972222222
 20
200.3952402777778
 30
0.0
 10
95.91622083333333
 20
200.8443263888889
 30
0.0
 10
95.05755972222224
 20
201.2860041666666
 30
0.0
 10
95.16339305555555
 20
201.2927069444444
 30
0.0
 10
94.38304861111111
 20
201.6906402777778
 30
0.0
 10
93.61187638888889
 20
202.0956291666666
 30
0.0
 10
93.67678749999999
 20
202.0060236111111
 30
0.0
 10
92.80754305555556
 20
202.4551097222222
 30
0.0
 10
91.94888194444445
 20
202.8967875
 30
0.0
 10
92.05612638888888
 20
202.9003152777777
 30
0.0
 10
91.27578194444445
 20
203.2982486111111
 30
0.0
 10
90.24190787037037
 20
203.8358819444444
 30
0.0
 10
89.2080337962963
 20
204.3735152777778
 30
0.0
 10
88.17415972222223
 20
204.9111486111111
 30
0.0
 10
87.71425509259258
 20
204.0223837962963
 30
0.0
 10
87.25435046296296
 20
203.1336189814815
 30
0.0
 10
86.79444583333333
 20
202.2448541666666
 30
0.0
 10
87.8302013888889
 20
201.7091023148148
 30
0.0
 10
88.86595694444445
 20
201.1733504629629
 30
0.0
 10
89.9017125
 20
200.6375986111111
 30
0.0
 10
90.6764125
 20
200.2340208333333
 30
0.0
 10
90.61644027777777
 20
200.3215097222222
 30
0.0
 10
91.47721805555557
 20
199.8731291666666
 30
0.0
 10
92.34187638888889
 20
199.4261597222222
 30
0.0
 10
92.23251527777778
 20
199.4293347222222
 30
0.0
 10
93.00933194444444
 20
199.0303430555555
 30
0.0
 10
93.78403194444445
 20
198.6267652777777
 30
0.0
 10
93.72476527777778
 20
198.7107263888889
 30
0.0
 10
94.58483749999999
 20
198.2658736111111
 30
0.0
 10
95.44914305555555
 20
197.8189041666666
 30
0.0
 10
95.34084027777779
 20
197.8185513888889
 30
0.0
 10
96.11765694444445
 20
197.4195597222222
 30
0.0
 10
96.89235694444444
 20
197.0159819444444
 30
0.0
 10
96.83238472222222
 20
197.1034708333333
 30
0.0
 10
97.69210416666667
 20
196.6582652777778
 30
0.0
 10
98.55746805555556
 20
196.2081208333333
 30
0.0
 10
98.44810694444445
 20
196.2112958333333
 30
0.0
 10
99.22492361111112
 20
195.8123041666666
 30
0.0
 10
99.9996236111111
 20
195.4087263888889
 30
0.0
 10
99.94070972222222
 20
195.4926875
 30
0.0
 10
100.7993708333333
 20
195.0510097222222
 30
0.0
 10
101.6647347222222
 20
194.6005125
 30
0.0
 10
101.5521986111111
 20
194.6026291666666
 30
0.0
 10
102.3321902777778
 20
194.2046958333333
 30
0.0
 10
103.1068902777778
 20
193.8011180555555
 30
0.0
 10
103.0433902777778
 20
193.8875486111111
 30
0.0
 10
103.9076958333333
 20
193.4402263888888
 30
0.0
 10
104.7720013888889
 20
192.9932569444444
 30
0.0
 10
104.6594652777778
 20
192.9953736111111
 30
0.0
 10
105.4398097222222
 20
192.5970875
 30
0.0
 10
101.4731763888889
 20
186.7307458333333
 30
0.0
 10
93.18325138888888
 20
196.2342263888889
 30
0.0
 10
81.67881527777777
 20
201.2556652777777
 30
0.0
 10
69.9722375
 20
206.3642402777777
 30
0.0
 10
62.70430972222222
 20
205.8647069444444
 30
0.0
 10
62.74699583333334
 20
208.4780847222222
 30
0.0
 10
62.79038750000001
 20
211.0992236111111
 30
0.0
 10
31.10741527777778
 20
205.9035125
 30
0.0
 10
27.21557083333334
 20
200.5966763888889
 30
0.0
 10
22.00116250000001
 20
193.4836180555555
 30
0.0
 10
24.22965972222223
 20
203.1571374999999
 30
0.0
 10
16.23183472222222
 20
200.6164319444444
 30
0.0
 10
8.22589583333335
 20
198.0764319444444
 30
0.0
 10
8.346898611111115
 20
192.1257763888889
 30
0.0
 10
6.976004166666682
 20
194.8538069444444
 30
0.0
 10
5.605462500000019
 20
197.5786625
 30
0.0
 10
8.015640277777795
 20
197.7458791666666
 30
0.0
 10
7.029979166666669
 20
199.1887402777778
 30
0.0
 10
6.045376388888893
 20
200.6284263888888
 30
0.0
 10
6.06019305555557
 20
200.6411263888889
 30
0.0
 10
9.609843055555574
 20
203.4658180555555
 30
0.0
 10
13.15843472222223
 20
206.2831013888888
 30
0.0
 10
17.69903750000001
 20
203.0181430555555
 30
0.0
 10
20.56747361111112
 20
205.8156708333333
 30
0.0
 10
23.43414583333334
 20
208.6089652777777
 30
0.0
 10
17.41399305555557
 20
209.7332680555555
 30
0.0
 10
28.36456805555557
 20
211.1658986111111
 30
0.0
 10
39.31232083333334
 20
212.5971180555555
 30
0.0
 10
58.49355416666668
 20
225.8104097222222
 30
0.0
 10
60.73263472222222
 20
219.3503430555555
 30
0.0
 10
59.90466527777779
 20
219.0674152777777
 30
0.0
 10
60.01437916666666
 20
219.0529513888889
 30
0.0
 10
59.09786250000001
 20
218.7354513888888
 30
0.0
 10
58.18240416666667
 20
218.4140708333333
 30
0.0
 10
58.25295972222222
 20
218.4909763888888
 30
0.0
 10
57.42957638888889
 20
218.2055791666666
 30
0.0
 10
56.60266527777778
 20
217.9187708333333
 30
0.0
 10
56.71132083333333
 20
217.9078347222222
 30
0.0
 10
55.7958625
 20
217.5868069444444
 30
0.0
 10
54.87899305555556
 20
217.2689541666666
 30
0.0
 10
54.94954861111111
 20
217.3458597222222
 30
0.0
 10
54.1275763888889
 20
217.0572875
 30
0.0
 10
53.29960694444445
 20
216.7740069444444
 30
0.0
 10
53.40932083333334
 20
216.7595430555556
 30
0.0
 10
52.49245138888889
 20
216.4420430555555
 30
0.0
 10
51.57699305555555
 20
216.1206625
 30
0.0
 10
51.64754861111112
 20
216.1975680555555
 30
0.0
 10
50.82416527777778
 20
215.9121708333333
 30
0.0
 10
49.71985324074075
 20
215.5292893518518
 30
0.0
 10
48.61554120370371
 20
215.1464078703704
 30
0.0
 10
47.51122916666667
 20
214.7635263888889
 30
0.0
 10
47.84072361111112
 20
213.8198458333333
 30
0.0
 10
48.17021805555556
 20
212.8761652777777
 30
0.0
 10
48.49971250000001
 20
211.9324847222222
 30
0.0
 10
49.60084953703705
 20
212.3141902777777
 30
0.0
 10
50.70198657407408
 20
212.6958958333333
 30
0.0
 10
51.80312361111112
 20
213.0776013888889
 30
0.0
 10
52.63320972222223
 20
213.3654680555555
 30
0.0
 10
52.52349583333334
 20
213.3795791666666
 30
0.0
 10
53.44354027777779
 20
213.6984902777778
 30
0.0
 10
54.35547083333334
 20
214.0184597222222
 30
0.0
 10
54.28526805555556
 20
213.9419069444444
 30
0.0
 10
55.11182638888889
 20
214.2283625
 30
0.0
 10
55.93485694444445
 20
214.5137597222222
 30
0.0
 10
55.82902361111112
 20
214.5292819444444
 30
0.0
 10
56.74554027777778
 20
214.8471347222222
 30
0.0
 10
57.65888194444445
 20
215.1635763888888
 30
0.0
 10
57.58832638888889
 20
215.0866708333333
 30
0.0
 10
58.41488472222223
 20
215.3734791666666
 30
0.0
 10
59.23826805555556
 20
215.6588763888888
 30
0.0
 10
59.13208194444445
 20
215.6743986111111
 30
0.0
 10
60.0489513888889
 20
215.9922513888889
 30
0.0
 10
60.96440972222223
 20
216.3132791666666
 30
0.0
 10
60.89032638888889
 20
216.2353152777777
 30
0.0
 10
61.71829583333334
 20
216.5182430555555
 30
0.0
 10
62.51592638888889
 20
215.9622652777777
 30
0.0
 10
62.12822361111112
 20
216.6494763888889
 30
0.0
 10
66.28324027777778
 20
218.1046847222222
 30
0.0
 10
69.57642083333334
 20
219.2575624999999
 30
0.0
 10
70.65803749999999
 20
218.5721152777777
 30
0.0
 10
81.39200694444445
 20
212.6712013888888
 30
0.0
 10
94.08212916666666
 20
205.6936097222222
 30
0.0
 10
99.5519486111111
 20
204.1322152777777
 30
0.0
 10
102.1092347222222
 20
205.9109208333333
 30
0.0
 10
104.6605236111111
 20
207.6952708333333
 30
0.0
 10
106.8886680555556
 20
201.4070069444444
 30
0.0
 10
108.3329402777778
 20
203.9836958333333
 30
0.0
 10
109.7779180555556
 20
206.5681458333333
 30
0.0
 10
112.3119208333333
 20
204.2242902777778
 30
0.0
 10
121.8436236111111
 20
210.8924958333333
 30
0.0
 10
134.1777930555556
 20
219.5253208333333
 30
0.0
 10
141.2121819444444
 20
222.2177208333333
 30
0.0
 10
143.0215791666667
 20
218.1516041666666
 30
0.0
 10
142.2225375
 20
217.7960041666666
 30
0.0
 10
142.3329569444444
 20
217.7896541666667
 30
0.0
 10
141.4428986111111
 20
217.3952486111111
 30
0.0
 10
140.5595430555556
 20
217.0029597222222
 30
0.0
 10
140.6241013888889
 20
217.0855097222222
 30
0.0
 10
139.8264708333333
 20
216.7267347222222
 30
0.0
 10
138.759200462963
 20
216.2547180555555
 30
0.0
 10
137.6919300925926
 20
215.7827013888889
 30
0.0
 10
136.6246597222222
 20
215.3106847222222
 30
0.0
 10
137.0312949074074
 20
214.3961671296296
 30
0.0
 10
137.4379300925926
 20
213.481649537037
 30
0.0
 10
137.8445652777778
 20
212.5671319444444
 30
0.0
 10
138.9099541666667
 20
213.0409125
 30
0.0
 10
139.9753430555556
 20
213.5146930555555
 30
0.0
 10
141.0407319444444
 20
213.9884736111111
 30
0.0
 10
141.8408319444444
 20
214.3408986111111
 30
0.0
 10
141.7357041666667
 20
214.3528930555555
 30
0.0
 10
142.6236458333333
 20
214.7430652777778
 30
0.0
 10
143.5126458333333
 20
215.1406458333333
 30
0.0
 10
143.4420902777778
 20
215.0528041666666
 30
0.0
 10
144.2400736111111
 20
215.4115791666667
 30
0.0
 10
144.5406402777778
 20
214.7166069444444
 30
0.0
 10
145.1587069444444
 20
212.4817597222222
 30
0.0
 10
142.9055152777778
 20
211.4093152777778
 30
0.0
 10
137.4762652777778
 20
208.8252180555555
 30
0.0
 10
125.5216847222222
 20
206.9925375
 30
0.0
 10
125.7668652777778
 20
206.2524097222222
 30
0.0
 10
124.9321930555556
 20
206.0001736111111
 30
0.0
 10
125.0415541666667
 20
205.9857097222222
 30
0.0
 10
124.1077513888889
 20
205.7070152777777
 30
0.0
 10
123.1806513888889
 20
205.4304375
 30
0.0
 10
123.2522652777778
 20
205.5038152777777
 30
0.0
 10
122.4151236111111
 20
205.2582819444444
 30
0.0
 10
121.296700462963
 20
204.9266708333333
 30
0.0
 10
120.1782773148148
 20
204.5950597222222
 30
0.0
 10
119.0598541666667
 20
204.2634486111111
 30
0.0
 10
119.3434875
 20
203.3050689814815
 30
0.0
 10
119.6271208333333
 20
202.3466893518518
 30
0.0
 10
119.9107541666667
 20
201.3883097222222
 30
0.0
 10
121.0291773148148
 20
201.7200384259259
 30
0.0
 10
122.147600462963
 20
202.0517671296296
 30
0.0
 10
123.2660236111111
 20
202.3834958333333
 30
0.0
 10
124.1052819444444
 20
202.6336152777777
 30
0.0
 10
123.9980375
 20
202.6523125
 30
0.0
 10
124.9261958333333
 20
202.9253625
 30
0.0
 10
125.8635263888889
 20
203.2054680555555
 30
0.0
 10
125.7830930555556
 20
203.1253875
 30
0.0
 10
126.6223513888889
 20
203.3751541666666
 30
0.0
 10
127.7558263888889
 20
199.3510180555555
 30
0.0
 10
121.8669069444445
 20
199.3968791666666
 30
0.0
 10
118.3631180555556
 20
198.2270680555555
 30
0.0
 10
116.1917708333333
 20
197.5006986111111
 30
0.0
 10
114.5629958333333
 20
197.0403236111111
 30
0.0
 10
112.3983513888889
 20
194.3560375
 30
0.0
 10
109.5771875
 20
190.8614208333333
 30
0.0
 10
110.3966902777778
 20
198.2993875
 30
0.0
 10
106.8149375
 20
195.2545625
 30
0.0
  0
SPLINE
  5
2E6
330
1F
100
AcDbEntity
  8
DEFAULT
 62
     7
100
AcDbSpline
210
0.0
220
0.0
230
1.0
 70
    11
 71
     3
 72
    17
 73
    13
 74
     0
 42
0.000000001
 43
0.0000000001
 40
0.0
 40
0.0
 40
0.0
 40
0.0
 40
1.0
 40
1.0
 40
1.0
 40
2.0
 40
2.0
 40
2.0
 40
3.0
 40
3.0
 40
3.0
 40
4.0
 40
4.0
 40
4.0
 40
4.0
 10
176.9448666666667
 20
60.4567625
 30
0.0
 10
177.2210916666667
 20
60.45711527777777
 30
0.0
 10
177.4451055555556
 20
60.23345416666666
 30
0.0
 10
177.4454583333333
 20
59.95758194444444
 30
0.0
 10
177.4458111111111
 20
59.68135694444444
 30
0.0
 10
177.22215
 20
59.45734305555555
 30
0.0
 10
176.945925
 20
59.45699027777778
 30
0.0
 10
176.6697
 20
59.45663749999999
 30
0.0
 10
176.4456861111111
 20
59.68029861111111
 30
0.0
 10
176.4453333333333
 20
59.95617083333332
 30
0.0
 10
176.4449805555556
 20
60.23239583333334
 30
0.0
 10
176.6686416666666
 20
60.45640972222222
 30
0.0
 10
176.9448666666667
 20
60.4567625
 30
0.0
  0
SPLINE
  5
2E7
330
1F
100
AcDbEntity
  8
DEFAULT
 62
     1
100
AcDbSpline
210
0.0
220
0.0
230
1.0
 70
    11
 71
     3
 72
    68
 73
    64
 74
     0
 42
0.000000001
 43
0.0000000001
 40
1.0
 40
1.0
 40
1.0
 40
1.0
 40
2.0
 40
2.0
 40
2.0
 40
3.0
 40
3.0
 40
3.0
 40
4.0
 40
4.0
 40
4.0
 40
5.0
 40
5.0
 40
5.0
 40
6.0
 40
6.0
 40
6.0
 40
7.0
 40
7.0
 40
7.0
 40
8.0
 40
8.0
 40
8.0
 40
9.0
 40
9.0
 40
9.0
 40
10.0
 40
10.0
 40
10.0
 40
11.0
 40
11.0
 40
11.0
 40
12.0
 40
12.0
 40
12.0
 40
13.0
 40
13.0
 40
13.0
 40
14.0
 40
14.0
 40
14.0
 40
23.92000725806188
 40
23.92000725806188
 40
23.92000725806188
 40
32.42001202276643
 40
32.42001202276643
 40
32.42001202276643
 40
42.34101928009675
 40
42.34101928009675
 40
42.34101928009675
 40
43.34101928009675
 40
43.34101928009675
 40
43.34101928009675
 40
44.34101928009675
 40
44.34101928009675
 40
44.34101928009675
 40
45.34101928009675
 40
45.34101928009675
 40
45.34101928009675
 40
46.34101928009675
 40
46.34101928009675
 40
46.34101928009675
 40
47.34101928009675
 40
47.34101928009675
 40
47.34101928009675
 40
47.34101928009675
 10
191.1955013888889
 20
58.52442222222221
 30
0.0
 10
191.1976180555555
 20
56.61589444444444
 30
0.0
 10
192.1377708333333
 20
58.26089722222221
 30
0.0
 10
191.1951486111111
 20
56.01969999999999
 30
0.0
 10
190.5795513888889
 20
54.54791111111111
 30
0.0
 10
190.8910541666666
 20
56.14634722222221
 30
0.0
 10
181.9622486111111
 20
56.13611666666665
 30
0.0
 10
175.6863319444444
 20
56.12906111111111
 30
0.0
 10
175.7459513888889
 20
57.32144999999999
 30
0.0
 10
173.5770736111111
 20
56.80392499999999
 30
0.0
 10
167.2711708333333
 20
55.30109166666666
 30
0.0
 10
171.9468875
 20
58.20621666666666
 30
0.0
 10
171.9451236111111
 20
59.95246666666666
 30
0.0
 10
171.9430069444444
 20
61.6948361111111
 30
0.0
 10
167.2567069444444
 20
64.58937777777777
 30
0.0
 10
173.5696652777777
 20
63.1045361111111
 30
0.0
 10
175.7399541666666
 20
62.59194999999999
 30
0.0
 10
175.6775125
 20
63.78045833333332
 30
0.0
 10
181.9534291666667
 20
63.78786666666665
 30
0.0
 10
190.8822347222222
 20
63.79809722222222
 30
0.0
 10
190.5672041666667
 20
65.39582777777777
 30
0.0
 10
191.1863291666667
 20
63.92897777777777
 30
0.0
 10
192.1342430555555
 20
61.68636944444443
 30
0.0
 10
191.1898569444444
 20
63.32925555555555
 30
0.0
 10
191.1923263888889
 20
61.42425555555555
 30
0.0
 10
190.2221875
 20
61.42319722222221
 30
0.0
 10
190.3174375
 20
61.4725861111111
 30
0.0
 10
189.4425486111111
 20
61.47152777777777
 30
0.0
 10
188.5676597222222
 20
61.47082222222221
 30
0.0
 10
188.6664375
 20
61.42143333333332
 30
0.0
 10
187.6927708333333
 20
61.42002222222221
 30
0.0
 10
186.7226319444444
 20
61.41896388888888
 30
0.0
 10
186.8178819444444
 20
61.46870555555554
 30
0.0
 10
185.9429930555555
 20
61.46764722222221
 30
0.0
 10
185.0681041666666
 20
61.46658888888888
 30
0.0
 10
185.1668819444444
 20
61.41719999999999
 30
0.0
 10
184.1932152777777
 20
61.41614166666665
 30
0.0
 10
183.2230763888888
 20
61.41508333333332
 30
0.0
 10
183.3183263888889
 20
61.46482499999999
 30
0.0
 10
182.4434375
 20
61.46376666666666
 30
0.0
 10
181.2769189814815
 20
61.46235555555555
 30
0.0
 10
180.1104004629629
 20
61.46094444444444
 30
0.0
 10
178.9438819444444
 20
61.45953333333332
 30
0.0
 10
178.9449402777778
 20
60.45999629629628
 30
0.0
 10
178.9459986111111
 20
59.46045925925925
 30
0.0
 10
178.9470569444444
 20
58.46092222222221
 30
0.0
 10
180.1136930555556
 20
58.46233333333331
 30
0.0
 10
181.2803291666667
 20
58.46374444444442
 30
0.0
 10
182.4469652777778
 20
58.46515555555554
 30
0.0
 10
183.3215013888889
 20
58.46621388888888
 30
0.0
 10
183.2262513888889
 20
58.51172222222221
 30
0.0
 10
184.1963902777777
 20
58.51666111111111
 30
0.0
 10
185.1700569444444
 20
58.51736666666665
 30
0.0
 10
185.0716319444444
 20
58.46797777777777
 30
0.0
 10
185.9465208333333
 20
58.46903611111109
 30
0.0
 10
186.8214097222222
 20
58.47009444444443
 30
0.0
 10
186.7258069444444
 20
58.51913055555555
 30
0.0
 10
187.6959458333333
 20
58.52018888888888
 30
0.0
 10
188.6696125
 20
58.52124722222221
 30
0.0
 10
188.5708347222222
 20
58.4722111111111
 30
0.0
 10
189.4460763888889
 20
58.47291666666666
 30
0.0
 10
190.3209652777777
 20
58.47397499999999
 30
0.0
 10
190.2253625
 20
58.52336388888888
 30
0.0
 10
191.1955013888889
 20
58.52442222222221
 30
0.0
  0
SPLINE
  5
2E8
330
1F
100
AcDbEntity
  8
DEFAULT
 62
     7
100
AcDbSpline
210
0.0
220
0.0
230
1.0
 70
    11
 71
     3
 72
    17
 73
    13
 74
     0
 42
0.000000001
 43
0.0000000001
 40
0.0
 40
0.0
 40
0.0
 40
0.0
 40
1.0
 40
1.0
 40
1.0
 40
2.0
 40
2.0
 40
2.0
 40
3.0
 40
3.0
 40
3.0
 40
4.0
 40
4.0
 40
4.0
 40
4.0
 10
184.9399047222222
 20
50.00434499999999
 30
0.0
 10
184.6636797222222
 20
50.00434499999999
 30
0.0
 10
184.4400186111111
 20
50.22835888888888
 30
0.0
 10
184.4400186111111
 20
50.5042311111111
 30
0.0
 10
184.4400186111111
 20
50.7804561111111
 30
0.0
 10
184.6636797222222
 20
51.00447
 30
0.0
 10
184.9399047222222
 20
51.00447
 30
0.0
 10
185.2161297222222
 20
51.00447
 30
0.0
 10
185.4397908333333
 20
50.7804561111111
 30
0.0
 10
185.4397908333333
 20
50.5042311111111
 30
0.0
 10
185.4397908333333
 20
50.22835888888888
 30
0.0
 10
185.2161297222222
 20
50.00434499999999
 30
0.0
 10
184.9399047222222
 20
50.00434499999999
 30
0.0
  0
SPLINE
  5
2E9
330
1F
100
AcDbEntity
  8
DEFAULT
 62
     1
100
AcDbSpline
210
0.0
220
0.0
230
1.0
 70
    11
 71
     3
 72
    68
 73
    64
 74
     0
 42
0.000000001
 43
0.0000000001
 40
1.0
 40
1.0
 40
1.0
 40
1.0
 40
2.0
 40
2.0
 40
2.0
 40
3.0
 40
3.0
 40
3.0
 40
4.0
 40
4.0
 40
4.0
 40
5.0
 40
5.0
 40
5.0
 40
6.0
 40
6.0
 40
6.0
 40
7.0
 40
7.0
 40
7.0
 40
8.0
 40
8.0
 40
8.0
 40
9.0
 40
9.0
 40
9.0
 40
10.0
 40
10.0
 40
10.0
 40
11.0
 40
11.0
 40
11.0
 40
12.0
 40
12.0
 40
12.0
 40
13.0
 40
13.0
 40
13.0
 40
14.0
 40
14.0
 40
14.0
 40
23.91999999999996
 40
23.91999999999996
 40
23.91999999999996
 40
32.41999999999996
 40
32.41999999999996
 40
32.41999999999996
 40
42.33999999999992
 40
42.33999999999992
 40
42.33999999999992
 40
43.33999999999992
 40
43.33999999999992
 40
43.33999999999992
 40
44.33999999999992
 40
44.33999999999992
 40
44.33999999999992
 40
45.33999999999992
 40
45.33999999999992
 40
45.33999999999992
 40
46.33999999999992
 40
46.33999999999992
 40
46.33999999999992
 40
47.33999999999992
 40
47.33999999999992
 40
47.33999999999992
 40
47.33999999999992
 10
170.6913161111111
 20
51.95323055555555
 30
0.0
 10
170.6913161111111
 20
53.86175833333333
 30
0.0
 10
169.7493994444444
 20
52.21781388888888
 30
0.0
 10
170.6944911111111
 20
54.45795277777777
 30
0.0
 10
171.3118522222222
 20
55.92903611111111
 30
0.0
 10
170.9985855555555
 20
54.3306
 30
0.0
 10
179.9273911111111
 20
54.3306
 30
0.0
 10
186.2033077777778
 20
54.3306
 30
0.0
 10
186.1422772222222
 20
53.13821111111111
 30
0.0
 10
188.3118605555555
 20
53.65326666666666
 30
0.0
 10
194.6195272222222
 20
55.14939722222222
 30
0.0
 10
189.9402827777778
 20
52.24956388888889
 30
0.0
 10
189.9402827777778
 20
50.50331388888888
 30
0.0
 10
189.9402827777778
 20
48.76023888888889
 30
0.0
 10
194.623055
 20
45.86040555555554
 30
0.0
 10
188.3118605555555
 20
47.35300833333334
 30
0.0
 10
186.1422772222222
 20
47.86806388888888
 30
0.0
 10
186.2033077777778
 20
46.67920277777778
 30
0.0
 10
179.9273911111111
 20
46.67920277777778
 30
0.0
 10
170.9985855555555
 20
46.67920277777778
 30
0.0
 10
171.3118522222222
 20
45.08111944444444
 30
0.0
 10
170.6944911111111
 20
46.548675
 30
0.0
 10
169.7493994444444
 20
48.79198888888888
 30
0.0
 10
170.6913161111111
 20
47.14839722222221
 30
0.0
 10
170.6913161111111
 20
49.05304444444444
 30
0.0
 10
171.661455
 20
49.05304444444444
 30
0.0
 10
171.566205
 20
49.00400833333332
 30
0.0
 10
172.4410938888889
 20
49.00400833333332
 30
0.0
 10
173.3159827777778
 20
49.00400833333332
 30
0.0
 10
173.217205
 20
49.05304444444444
 30
0.0
 10
174.1908716666667
 20
49.05304444444444
 30
0.0
 10
175.1610105555555
 20
49.05304444444444
 30
0.0
 10
175.0657605555555
 20
49.00400833333332
 30
0.0
 10
175.9406494444444
 20
49.00400833333332
 30
0.0
 10
176.8155383333333
 20
49.00400833333332
 30
0.0
 10
176.7167605555555
 20
49.05304444444444
 30
0.0
 10
177.6904272222222
 20
49.05304444444444
 30
0.0
 10
178.6605661111111
 20
49.05304444444444
 30
0.0
 10
178.5653161111111
 20
49.00400833333332
 30
0.0
 10
179.440205
 20
49.00400833333332
 30
0.0
 10
180.6067235185185
 20
49.00400833333332
 30
0.0
 10
181.773242037037
 20
49.00400833333332
 30
0.0
 10
182.9397605555555
 20
49.00400833333332
 30
0.0
 10
182.9397605555555
 20
50.00354537037037
 30
0.0
 10
182.9397605555555
 20
51.0030824074074
 30
0.0
 10
182.9397605555555
 20
52.00261944444443
 30
0.0
 10
181.773242037037
 20
52.00261944444443
 30
0.0
 10
180.6067235185185
 20
52.00261944444443
 30
0.0
 10
179.440205
 20
52.00261944444443
 30
0.0
 10
178.5653161111111
 20
52.00261944444443
 30
0.0
 10
178.6605661111111
 20
51.95675833333333
 30
0.0
 10
177.6904272222222
 20
51.95323055555555
 30
0.0
 10
176.7167605555555
 20
51.95323055555555
 30
0.0
 10
176.8155383333333
 20
52.00261944444443
 30
0.0
 10
175.9406494444444
 20
52.00261944444443
 30
0.0
 10
175.0657605555555
 20
52.00261944444443
 30
0.0
 10
175.1610105555555
 20
51.95323055555555
 30
0.0
 10
174.1908716666667
 20
51.95323055555555
 30
0.0
 10
173.217205
 20
51.95323055555555
 30
0.0
 10
173.3159827777778
 20
52.00261944444443
 30
0.0
 10
172.4410938888889
 20
52.00261944444443
 30
0.0
 10
171.566205
 20
52.00261944444443
 30
0.0
 10
171.661455
 20
51.95323055555555
 30
0.0
 10
170.6913161111111
 20
51.95323055555555
 30
0.0
  0
SPLINE
  5
2EA
330
1F
100
AcDbEntity
  8
DEFAULT
 62
     7
100
AcDbSpline
210
0.0
220
0.0
230
1.0
 70
    11
 71
     3
 72
    17
 73
    13
 74
     0
 42
0.000000001
 43
0.0000000001
 40
0.0
 40
0.0
 40
0.0
 40
0.0
 40
1.0
 40
1.0
 40
1.0
 40
2.0
 40
2.0
 40
2.0
 40
3.0
 40
3.0
 40
3.0
 40
4.0
 40
4.0
 40
4.0
 40
4.0
 10
176.9448666666667
 20
41.52078027777777
 30
0.0
 10
177.2210916666667
 20
41.52113305555556
 30
0.0
 10
177.4451055555556
 20
41.29747194444445
 30
0.0
 10
177.4454583333333
 20
41.02124694444444
 30
0.0
 10
177.4458111111111
 20
40.74537472222222
 30
0.0
 10
177.22215
 20
40.52100805555555
 30
0.0
 10
176.945925
 20
40.52100805555555
 30
0.0
 10
176.6697
 20
40.52065527777778
 30
0.0
 10
176.4456861111111
 20
40.74431638888889
 30
0.0
 10
176.4453333333333
 20
41.02018861111111
 30
0.0
 10
176.4449805555556
 20
41.29641361111111
 30
0.0
 10
176.6686416666666
 20
41.5204275
 30
0.0
 10
176.9448666666667
 20
41.52078027777777
 30
0.0
  0
SPLINE
  5
2EB
330
1F
100
AcDbEntity
  8
DEFAULT
 62
     1
100
AcDbSpline
210
0.0
220
0.0
230
1.0
 70
    11
 71
     3
 72
    68
 73
    64
 74
     0
 42
0.000000001
 43
0.0000000001
 40
1.0
 40
1.0
 40
1.0
 40
1.0
 40
2.0
 40
2.0
 40
2.0
 40
3.0
 40
3.0
 40
3.0
 40
4.0
 40
4.0
 40
4.0
 40
5.0
 40
5.0
 40
5.0
 40
6.0
 40
6.0
 40
6.0
 40
7.0
 40
7.0
 40
7.0
 40
8.0
 40
8.0
 40
8.0
 40
9.0
 40
9.0
 40
9.0
 40
10.0
 40
10.0
 40
10.0
 40
11.0
 40
11.0
 40
11.0
 40
12.0
 40
12.0
 40
12.0
 40
13.0
 40
13.0
 40
13.0
 40
14.0
 40
14.0
 40
14.0
 40
23.92000725806188
 40
23.92000725806188
 40
23.92000725806188
 40
32.42001202276643
 40
32.42001202276643
 40
32.42001202276643
 40
42.34101928009675
 40
42.34101928009675
 40
42.34101928009675
 40
43.34101928009675
 40
43.34101928009675
 40
43.34101928009675
 40
44.34101928009675
 40
44.34101928009675
 40
44.34101928009675
 40
45.34101928009675
 40
45.34101928009675
 40
45.34101928009675
 40
46.34101928009675
 40
46.34101928009675
 40
46.34101928009675
 40
47.34101928009675
 40
47.34101928009675
 40
47.34101928009675
 40
47.34101928009675
 10
191.1955013888889
 20
39.58844
 30
0.0
 10
191.1976180555555
 20
37.67991222222222
 30
0.0
 10
192.1377708333333
 20
39.324915
 30
0.0
 10
191.1951486111111
 20
37.08371777777778
 30
0.0
 10
190.5795513888889
 20
35.61192888888888
 30
0.0
 10
190.8910541666666
 20
37.210365
 30
0.0
 10
181.9622486111111
 20
37.19978166666667
 30
0.0
 10
175.6863319444444
 20
37.19307888888888
 30
0.0
 10
175.7459513888889
 20
38.38546777777778
 30
0.0
 10
173.5770736111111
 20
37.86794277777778
 30
0.0
 10
167.2711708333333
 20
36.36510944444444
 30
0.0
 10
171.9468875
 20
39.27023444444444
 30
0.0
 10
171.9451236111111
 20
41.01648444444444
 30
0.0
 10
171.9430069444444
 20
42.75885388888889
 30
0.0
 10
167.2567069444444
 20
45.65339555555556
 30
0.0
 10
173.5696652777777
 20
44.16820111111111
 30
0.0
 10
175.7399541666666
 20
43.65596777777778
 30
0.0
 10
175.6775125
 20
44.84447611111111
 30
0.0
 10
181.9534291666667
 20
44.85188444444444
 30
0.0
 10
190.8822347222222
 20
44.86176222222222
 30
0.0
 10
190.5672041666667
 20
46.45984555555555
 30
0.0
 10
191.1863291666667
 20
44.99264277777777
 30
0.0
 10
192.1342430555555
 20
42.75038722222222
 30
0.0
 10
191.1898569444444
 20
44.39292055555555
 30
0.0
 10
191.1923263888889
 20
42.48827333333333
 30
0.0
 10
190.2221875
 20
42.487215
 30
0.0
 10
190.3174375
 20
42.53660388888888
 30
0.0
 10
189.4425486111111
 20
42.53554555555555
 30
0.0
 10
188.5676597222222
 20
42.53484
 30
0.0
 10
188.6664375
 20
42.48545111111111
 30
0.0
 10
187.6927708333333
 20
42.48403999999999
 30
0.0
 10
186.7226319444444
 20
42.48298166666666
 30
0.0
 10
186.8178819444444
 20
42.53272333333333
 30
0.0
 10
185.9429930555555
 20
42.531665
 30
0.0
 10
185.0681041666666
 20
42.53060666666666
 30
0.0
 10
185.1668819444444
 20
42.48121777777777
 30
0.0
 10
184.1932152777777
 20
42.48015944444444
 30
0.0
 10
183.2230763888888
 20
42.47910111111111
 30
0.0
 10
183.3183263888889
 20
42.52849
 30
0.0
 10
182.4434375
 20
42.52778444444444
 30
0.0
 10
181.2769189814815
 20
42.52637333333332
 30
0.0
 10
180.1104004629629
 20
42.52496222222221
 30
0.0
 10
178.9438819444444
 20
42.5235511111111
 30
0.0
 10
178.9449402777778
 20
41.52401407407407
 30
0.0
 10
178.9459986111111
 20
40.52447703703703
 30
0.0
 10
178.9470569444444
 20
39.52493999999999
 30
0.0
 10
180.1136930555556
 20
39.5263511111111
 30
0.0
 10
181.2803291666667
 20
39.52776222222221
 30
0.0
 10
182.4469652777778
 20
39.52917333333333
 30
0.0
 10
183.3215013888889
 20
39.52987888888889
 30
0.0
 10
183.2262513888889
 20
39.57574
 30
0.0
 10
184.1963902777777
 20
39.58067888888888
 30
0.0
 10
185.1700569444444
 20
39.58138444444445
 30
0.0
 10
185.0716319444444
 20
39.53199555555555
 30
0.0
 10
185.9465208333333
 20
39.53305388888889
 30
0.0
 10
186.8214097222222
 20
39.53411222222222
 30
0.0
 10
186.7258069444444
 20
39.58314833333333
 30
0.0
 10
187.6959458333333
 20
39.58420666666666
 30
0.0
 10
188.6696125
 20
39.585265
 30
0.0
 10
188.5708347222222
 20
39.53622888888889
 30
0.0
 10
189.4460763888889
 20
39.53693444444444
 30
0.0
 10
190.3209652777777
 20
39.53799277777777
 30
0.0
 10
190.2253625
 20
39.58738166666667
 30
0.0
 10
191.1955013888889
 20
39.58844
 30
0.0
  0
SPLINE
  5
2EC
330
1F
100
AcDbEntity
  8
DEFAULT
 62
     7
100
AcDbSpline
210
0.0
220
0.0
230
1.0
 70
    11
 71
     3
 72
    17
 73
    13
 74
     0
 42
0.000000001
 43
0.0000000001
 40
0.0
 40
0.0
 40
0.0
 40
0.0
 40
1.0
 40
1.0
 40
1.0
 40
2.0
 40
2.0
 40
2.0
 40
3.0
 40
3.0
 40
3.0
 40
4.0
 40
4.0
 40
4.0
 40
4.0
 10
184.9399047222222
 20
31.06836277777778
 30
0.0
 10
184.6636797222222
 20
31.06836277777778
 30
0.0
 10
184.4400186111111
 20
31.29237666666667
 30
0.0
 10
184.4400186111111
 20
31.56824888888889
 30
0.0
 10
184.4400186111111
 20
31.84447388888889
 30
0.0
 10
184.6636797222222
 20
32.06848777777778
 30
0.0
 10
184.9399047222222
 20
32.06848777777778
 30
0.0
 10
185.2161297222222
 20
32.06848777777778
 30
0.0
 10
185.4397908333333
 20
31.84447388888889
 30
0.0
 10
185.4397908333333
 20
31.56824888888889
 30
0.0
 10
185.4397908333333
 20
31.29237666666667
 30
0.0
 10
185.2161297222222
 20
31.06836277777778
 30
0.0
 10
184.9399047222222
 20
31.06836277777778
 30
0.0
  0
SPLINE
  5
2ED
330
1F
100
AcDbEntity
  8
DEFAULT
 62
     1
100
AcDbSpline
210
0.0
220
0.0
230
1.0
 70
    11
 71
     3
 72
    68
 73
    64
 74
     0
 42
0.000000001
 43
0.0000000001
 40
1.0
 40
1.0
 40
1.0
 40
1.0
 40
2.0
 40
2.0
 40
2.0
 40
3.0
 40
3.0
 40
3.0
 40
4.0
 40
4.0
 40
4.0
 40
5.0
 40
5.0
 40
5.0
 40
6.0
 40
6.0
 40
6.0
 40
7.0
 40
7.0
 40
7.0
 40
8.0
 40
8.0
 40
8.0
 40
9.0
 40
9.0
 40
9.0
 40
10.0
 40
10.0
 40
10.0
 40
11.0
 40
11.0
 40
11.0
 40
12.0
 40
12.0
 40
12.0
 40
13.0
 40
13.0
 40
13.0
 40
14.0
 40
14.0
 40
14.0
 40
23.91999999999996
 40
23.91999999999996
 40
23.91999999999996
 40
32.41999999999996
 40
32.41999999999996
 40
32.41999999999996
 40
42.33999999999992
 40
42.33999999999992
 40
42.33999999999992
 40
43.33999999999992
 40
43.33999999999992
 40
43.33999999999992
 40
44.33999999999992
 40
44.33999999999992
 40
44.33999999999992
 40
45.33999999999992
 40
45.33999999999992
 40
45.33999999999992
 40
46.33999999999992
 40
46.33999999999992
 40
46.33999999999992
 40
47.33999999999992
 40
47.33999999999992
 40
47.33999999999992
 40
47.33999999999992
 10
170.6913161111111
 20
33.01693083333333
 30
0.0
 10
170.6913161111111
 20
34.92545861111111
 30
0.0
 10
169.7493994444444
 20
33.28151416666667
 30
0.0
 10
170.6944911111111
 20
35.52200583333333
 30
0.0
 10
171.3118522222222
 20
36.99308916666666
 30
0.0
 10
170.9985855555555
 20
35.39465305555555
 30
0.0
 10
179.9273911111111
 20
35.39465305555555
 30
0.0
 10
186.2033077777778
 20
35.39465305555555
 30
0.0
 10
186.1422772222222
 20
34.20226416666667
 30
0.0
 10
188.3118605555555
 20
34.71731972222222
 30
0.0
 10
194.6195272222222
 20
36.21345027777777
 30
0.0
 10
189.9402827777778
 20
33.31361694444444
 30
0.0
 10
189.9402827777778
 20
31.56736694444444
 30
0.0
 10
189.9402827777778
 20
29.82429194444444
 30
0.0
 10
194.623055
 20
26.92445861111111
 30
0.0
 10
188.3118605555555
 20
28.41670861111111
 30
0.0
 10
186.1422772222222
 20
28.93176416666667
 30
0.0
 10
186.2033077777778
 20
27.74325583333333
 30
0.0
 10
179.9273911111111
 20
27.74325583333333
 30
0.0
 10
170.9985855555555
 20
27.74325583333333
 30
0.0
 10
171.3118522222222
 20
26.1451725
 30
0.0
 10
170.6944911111111
 20
27.61272805555555
 30
0.0
 10
169.7493994444444
 20
29.85604194444445
 30
0.0
 10
170.6913161111111
 20
28.21245027777778
 30
0.0
 10
170.6913161111111
 20
30.1170975
 30
0.0
 10
171.661455
 20
30.1170975
 30
0.0
 10
171.566205
 20
30.06806138888889
 30
0.0
 10
172.4410938888889
 20
30.06806138888889
 30
0.0
 10
173.3159827777778
 20
30.06806138888889
 30
0.0
 10
173.217205
 20
30.1170975
 30
0.0
 10
174.1908716666667
 20
30.1170975
 30
0.0
 10
175.1610105555555
 20
30.1170975
 30
0.0
 10
175.0657605555555
 20
30.06806138888889
 30
0.0
 10
175.9406494444444
 20
30.06806138888889
 30
0.0
 10
176.8155383333333
 20
30.06806138888889
 30
0.0
 10
176.7167605555555
 20
30.1170975
 30
0.0
 10
177.6904272222222
 20
30.1170975
 30
0.0
 10
178.6605661111111
 20
30.1170975
 30
0.0
 10
178.5653161111111
 20
30.06806138888889
 30
0.0
 10
179.440205
 20
30.06806138888889
 30
0.0
 10
180.6067235185185
 20
30.06806138888889
 30
0.0
 10
181.773242037037
 20
30.06806138888889
 30
0.0
 10
182.9397605555555
 20
30.06806138888889
 30
0.0
 10
182.9397605555555
 20
31.06759842592593
 30
0.0
 10
182.9397605555555
 20
32.06713546296297
 30
0.0
 10
182.9397605555555
 20
33.0666725
 30
0.0
 10
181.773242037037
 20
33.0666725
 30
0.0
 10
180.6067235185185
 20
33.0666725
 30
0.0
 10
179.440205
 20
33.0666725
 30
0.0
 10
178.5653161111111
 20
33.0666725
 30
0.0
 10
178.6605661111111
 20
33.02081138888889
 30
0.0
 10
177.6904272222222
 20
33.01693083333333
 30
0.0
 10
176.7167605555555
 20
33.01693083333333
 30
0.0
 10
176.8155383333333
 20
33.0666725
 30
0.0
 10
175.9406494444444
 20
33.0666725
 30
0.0
 10
175.0657605555555
 20
33.0666725
 30
0.0
 10
175.1610105555555
 20
33.01693083333333
 30
0.0
 10
174.1908716666667
 20
33.01693083333333
 30
0.0
 10
173.217205
 20
33.01693083333333
 30
0.0
 10
173.3159827777778
 20
33.0666725
 30
0.0
 10
172.4410938888889
 20
33.0666725
 30
0.0
 10
171.566205
 20
33.0666725
 30
0.0
 10
171.661455
 20
33.01693083333333
 30
0.0
 10
170.6913161111111
 20
33.01693083333333
 30
0.0
  0
SPLINE
  5
2EE
330
1F
100
AcDbEntity
  8
DEFAULT
 62
     7
100
AcDbSpline
210
0.0
220
0.0
230
1.0
 70
    11
 71
     3
 72
    17
 73
    13
 74
     0
 42
0.000000001
 43
0.0000000001
 40
0.0
 40
0.0
 40
0.0
 40
0.0
 40
1.0
 40
1.0
 40
1.0
 40
2.0
 40
2.0
 40
2.0
 40
3.0
 40
3.0
 40
3.0
 40
4.0
 40
4.0
 40
4.0
 40
4.0
 10
176.9448666666667
 20
22.58483333333333
 30
0.0
 10
177.2210916666667
 20
22.58518611111111
 30
0.0
 10
177.4451055555556
 20
22.361525
 30
0.0
 10
177.4454583333333
 20
22.0853
 30
0.0
 10
177.4458111111111
 20
21.80942777777777
 30
0.0
 10
177.22215
 20
21.58506111111111
 30
0.0
 10
176.945925
 20
21.58470833333333
 30
0.0
 10
176.6697
 20
21.58435555555555
 30
0.0
 10
176.4456861111111
 20
21.80836944444444
 30
0.0
 10
176.4453333333333
 20
22.08424166666666
 30
0.0
 10
176.4449805555556
 20
22.36046666666666
 30
0.0
 10
176.6686416666666
 20
22.58448055555555
 30
0.0
 10
176.9448666666667
 20
22.58483333333333
 30
0.0
  0
SPLINE
  5
2EF
330
1F
100
AcDbEntity
  8
DEFAULT
 62
     1
100
AcDbSpline
210
0.0
220
0.0
230
1.0
 70
    11
 71
     3
 72
    68
 73
    64
 74
     0
 42
0.000000001
 43
0.0000000001
 40
1.0
 40
1.0
 40
1.0
 40
1.0
 40
2.0
 40
2.0
 40
2.0
 40
3.0
 40
3.0
 40
3.0
 40
4.0
 40
4.0
 40
4.0
 40
5.0
 40
5.0
 40
5.0
 40
6.0
 40
6.0
 40
6.0
 40
7.0
 40
7.0
 40
7.0
 40
8.0
 40
8.0
 40
8.0
 40
9.0
 40
9.0
 40
9.0
 40
10.0
 40
10.0
 40
10.0
 40
11.0
 40
11.0
 40
11.0
 40
12.0
 40
12.0
 40
12.0
 40
13.0
 40
13.0
 40
13.0
 40
14.0
 40
14.0
 40
14.0
 40
23.92000725806188
 40
23.92000725806188
 40
23.92000725806188
 40
32.42001202276644
 40
32.42001202276644
 40
32.42001202276644
 40
42.34101928009676
 40
42.34101928009676
 40
42.34101928009676
 40
43.34101928009676
 40
43.34101928009676
 40
43.34101928009676
 40
44.34101928009676
 40
44.34101928009676
 40
44.34101928009676
 40
45.34101928009676
 40
45.34101928009676
 40
45.34101928009676
 40
46.34101928009676
 40
46.34101928009676
 40
46.34101928009676
 40
47.34101928009676
 40
47.34101928009676
 40
47.34101928009676
 40
47.34101928009676
 10
191.1955013888889
 20
20.65245777777778
 30
0.0
 10
191.1976180555555
 20
18.74393
 30
0.0
 10
192.1377708333333
 20
20.38893277777778
 30
0.0
 10
191.1951486111111
 20
18.14738277777777
 30
0.0
 10
190.5795513888889
 20
16.67594666666666
 30
0.0
 10
190.8910541666666
 20
18.27438277777778
 30
0.0
 10
181.9622486111111
 20
18.26379944444444
 30
0.0
 10
175.6863319444444
 20
18.25709666666667
 30
0.0
 10
175.7459513888889
 20
19.44948555555555
 30
0.0
 10
173.5770736111111
 20
18.93196055555555
 30
0.0
 10
167.2711708333333
 20
17.42877444444444
 30
0.0
 10
171.9468875
 20
20.33425222222222
 30
0.0
 10
171.9451236111111
 20
22.08050222222222
 30
0.0
 10
171.9430069444444
 20
23.82287166666666
 30
0.0
 10
167.2567069444444
 20
26.71741333333333
 30
0.0
 10
173.5696652777777
 20
25.23221888888889
 30
0.0
 10
175.7399541666666
 20
24.71998555555555
 30
0.0
 10
175.6775125
 20
25.90849388888889
 30
0.0
 10
181.9534291666667
 20
25.91590222222222
 30
0.0
 10
190.8822347222222
 20
25.92578
 30
0.0
 10
190.5672041666667
 20
27.52386333333333
 30
0.0
 10
191.1863291666667
 20
26.05666055555555
 30
0.0
 10
192.1342430555555
 20
23.814405
 30
0.0
 10
191.1898569444444
 20
25.45693833333333
 30
0.0
 10
191.1923263888889
 20
23.55229111111111
 30
0.0
 10
190.2221875
 20
23.55123277777778
 30
0.0
 10
190.3174375
 20
23.60026888888888
 30
0.0
 10
189.4425486111111
 20
23.59956333333333
 30
0.0
 10
188.5676597222222
 20
23.59885777777778
 30
0.0
 10
188.6664375
 20
23.54946888888889
 30
0.0
 10
187.6927708333333
 20
23.54805777777777
 30
0.0
 10
186.7226319444444
 20
23.54699944444444
 30
0.0
 10
186.8178819444444
 20
23.59674111111111
 30
0.0
 10
185.9429930555555
 20
23.59568277777778
 30
0.0
 10
185.0681041666666
 20
23.59462444444445
 30
0.0
 10
185.1668819444444
 20
23.54523555555555
 30
0.0
 10
184.1932152777777
 20
23.54417722222222
 30
0.0
 10
183.2230763888888
 20
23.54311888888889
 30
0.0
 10
183.3183263888889
 20
23.59250777777778
 30
0.0
 10
182.4434375
 20
23.59180222222222
 30
0.0
 10
181.2769189814815
 20
23.59039111111111
 30
0.0
 10
180.1104004629629
 20
23.58898
 30
0.0
 10
178.9438819444444
 20
23.58756888888889
 30
0.0
 10
178.9449402777778
 20
22.58803185185185
 30
0.0
 10
178.9459986111111
 20
21.58849481481481
 30
0.0
 10
178.9470569444444
 20
20.58895777777778
 30
0.0
 10
180.1136930555556
 20
20.59036888888889
 30
0.0
 10
181.2803291666667
 20
20.59178
 30
0.0
 10
182.4469652777778
 20
20.59319111111111
 30
0.0
 10
183.3215013888889
 20
20.59389666666667
 30
0.0
 10
183.2262513888889
 20
20.63975777777777
 30
0.0
 10
184.1963902777777
 20
20.64469666666666
 30
0.0
 10
185.1700569444444
 20
20.64540222222222
 30
0.0
 10
185.0716319444444
 20
20.59601333333333
 30
0.0
 10
185.9465208333333
 20
20.59707166666666
 30
0.0
 10
186.8214097222222
 20
20.59813
 30
0.0
 10
186.7258069444444
 20
20.64716611111111
 30
0.0
 10
187.6959458333333
 20
20.64822444444444
 30
0.0
 10
188.6696125
 20
20.64928277777778
 30
0.0
 10
188.5708347222222
 20
20.60024666666666
 30
0.0
 10
189.4460763888889
 20
20.60095222222222
 30
0.0
 10
190.3209652777777
 20
20.60165777777778
 30
0.0
 10
190.2253625
 20
20.65104666666667
 30
0.0
 10
191.1955013888889
 20
20.65245777777778
 30
0.0
  0
SPLINE
  5
2F0
330
1F
100
AcDbEntity
  8
DEFAULT
 62
     7
100
AcDbSpline
210
0.0
220
0.0
230
1.0
 70
    11
 71
     3
 72
    17
 73
    13
 74
     0
 42
0.000000001
 43
0.0000000001
 40
0.0
 40
0.0
 40
0.0
 40
0.0
 40
1.0
 40
1.0
 40
1.0
 40
2.0
 40
2.0
 40
2.0
 40
3.0
 40
3.0
 40
3.0
 40
4.0
 40
4.0
 40
4.0
 40
4.0
 10
184.9399047222222
 20
12.13241583333333
 30
0.0
 10
184.6636797222222
 20
12.13241583333333
 30
0.0
 10
184.4400186111111
 20
12.35642972222222
 30
0.0
 10
184.4400186111111
 20
12.63230194444444
 30
0.0
 10
184.4400186111111
 20
12.90852694444444
 30
0.0
 10
184.6636797222222
 20
13.13254083333333
 30
0.0
 10
184.9399047222222
 20
13.13254083333333
 30
0.0
 10
185.2161297222222
 20
13.13254083333333
 30
0.0
 10
185.4397908333333
 20
12.90852694444444
 30
0.0
 10
185.4397908333333
 20
12.63230194444444
 30
0.0
 10
185.4397908333333
 20
12.35642972222222
 30
0.0
 10
185.2161297222222
 20
12.13241583333333
 30
0.0
 10
184.9399047222222
 20
12.13241583333333
 30
0.0
  0
SPLINE
  5
2F1
330
1F
100
AcDbEntity
  8
DEFAULT
 62
     1
100
AcDbSpline
210
0.0
220
0.0
230
1.0
 70
    11
 71
     3
 72
    68
 73
    64
 74
     0
 42
0.000000001
 43
0.0000000001
 40
1.0
 40
1.0
 40
1.0
 40
1.0
 40
2.0
 40
2.0
 40
2.0
 40
3.0
 40
3.0
 40
3.0
 40
4.0
 40
4.0
 40
4.0
 40
5.0
 40
5.0
 40
5.0
 40
6.0
 40
6.0
 40
6.0
 40
7.0
 40
7.0
 40
7.0
 40
8.0
 40
8.0
 40
8.0
 40
9.0
 40
9.0
 40
9.0
 40
10.0
 40
10.0
 40
10.0
 40
11.0
 40
11.0
 40
11.0
 40
12.0
 40
12.0
 40
12.0
 40
13.0
 40
13.0
 40
13.0
 40
14.0
 40
14.0
 40
14.0
 40
23.91999999999996
 40
23.91999999999996
 40
23.91999999999996
 40
32.41999999999996
 40
32.41999999999996
 40
32.41999999999996
 40
42.33999999999992
 40
42.33999999999992
 40
42.33999999999992
 40
43.33999999999992
 40
43.33999999999992
 40
43.33999999999992
 40
44.33999999999992
 40
44.33999999999992
 40
44.33999999999992
 40
45.33999999999992
 40
45.33999999999992
 40
45.33999999999992
 40
46.33999999999992
 40
46.33999999999992
 40
46.33999999999992
 40
47.33999999999992
 40
47.33999999999992
 40
47.33999999999992
 40
47.33999999999992
 10
170.6913161111111
 20
14.08094861111111
 30
0.0
 10
170.6913161111111
 20
15.98947638888889
 30
0.0
 10
169.7493994444444
 20
14.34553194444444
 30
0.0
 10
170.6944911111111
 20
16.58602361111111
 30
0.0
 10
171.3118522222222
 20
18.05710694444444
 30
0.0
 10
170.9985855555555
 20
16.45867083333333
 30
0.0
 10
179.9273911111111
 20
16.45867083333333
 30
0.0
 10
186.2033077777778
 20
16.45867083333333
 30
0.0
 10
186.1422772222222
 20
15.26628194444444
 30
0.0
 10
188.3118605555555
 20
15.7813375
 30
0.0
 10
194.6195272222222
 20
17.27746805555555
 30
0.0
 10
189.9402827777778
 20
14.37728194444444
 30
0.0
 10
189.9402827777778
 20
12.63138472222222
 30
0.0
 10
189.9402827777778
 20
10.88830972222222
 30
0.0
 10
194.623055
 20
7.988476388888887
 30
0.0
 10
188.3118605555555
 20
9.480726388888888
 30
0.0
 10
186.1422772222222
 20
9.995781944444444
 30
0.0
 10
186.2033077777778
 20
8.80727361111111
 30
0.0
 10
179.9273911111111
 20
8.80727361111111
 30
0.0
 10
170.9985855555555
 20
8.80727361111111
 30
0.0
 10
171.3118522222222
 20
7.209190277777776
 30
0.0
 10
170.6944911111111
 20
8.67674583333333
 30
0.0
 10
169.7493994444444
 20
10.92005972222222
 30
0.0
 10
170.6913161111111
 20
9.276468055555554
 30
0.0
 10
170.6913161111111
 20
11.18111527777778
 30
0.0
 10
171.661455
 20
11.18111527777778
 30
0.0
 10
171.566205
 20
11.13207916666666
 30
0.0
 10
172.4410938888889
 20
11.13207916666666
 30
0.0
 10
173.3159827777778
 20
11.13207916666666
 30
0.0
 10
173.217205
 20
11.18111527777778
 30
0.0
 10
174.1908716666667
 20
11.18111527777778
 30
0.0
 10
175.1610105555555
 20
11.18111527777778
 30
0.0
 10
175.0657605555555
 20
11.13207916666666
 30
0.0
 10
175.9406494444444
 20
11.13207916666666
 30
0.0
 10
176.8155383333333
 20
11.13207916666666
 30
0.0
 10
176.7167605555555
 20
11.18111527777778
 30
0.0
 10
177.6904272222222
 20
11.18111527777778
 30
0.0
 10
178.6605661111111
 20
11.18111527777778
 30
0.0
 10
178.5653161111111
 20
11.13207916666666
 30
0.0
 10
179.440205
 20
11.13207916666666
 30
0.0
 10
180.6067235185185
 20
11.13207916666666
 30
0.0
 10
181.773242037037
 20
11.13207916666666
 30
0.0
 10
182.9397605555555
 20
11.13207916666666
 30
0.0
 10
182.9397605555555
 20
12.1316162037037
 30
0.0
 10
182.9397605555555
 20
13.13115324074074
 30
0.0
 10
182.9397605555555
 20
14.13069027777778
 30
0.0
 10
181.773242037037
 20
14.13069027777778
 30
0.0
 10
180.6067235185185
 20
14.13069027777778
 30
0.0
 10
179.440205
 20
14.13069027777778
 30
0.0
 10
178.5653161111111
 20
14.13069027777778
 30
0.0
 10
178.6605661111111
 20
14.08482916666667
 30
0.0
 10
177.6904272222222
 20
14.08094861111111
 30
0.0
 10
176.7167605555555
 20
14.08094861111111
 30
0.0
 10
176.8155383333333
 20
14.13069027777778
 30
0.0
 10
175.9406494444444
 20
14.13069027777778
 30
0.0
 10
175.0657605555555
 20
14.13069027777778
 30
0.0
 10
175.1610105555555
 20
14.08094861111111
 30
0.0
 10
174.1908716666667
 20
14.08094861111111
 30
0.0
 10
173.217205
 20
14.08094861111111
 30
0.0
 10
173.3159827777778
 20
14.13069027777778
 30
0.0
 10
172.4410938888889
 20
14.13069027777778
 30
0.0
 10
171.566205
 20
14.13069027777778
 30
0.0
 10
171.661455
 20
14.08094861111111
 30
0.0
 10
170.6913161111111
 20
14.08094861111111
 30
0.0
  0
SPLINE
  5
2F2
330
1F
100
AcDbEntity
  8
DEFAULT
 62
     7
100
AcDbSpline
210
0.0
220
0.0
230
1.0
 70
    11
 71
     3
 72
    17
 73
    13
 74
     0
 42
0.000000001
 43
0.0000000001
 40
0.0
 40
0.0
 40
0.0
 40
0.0
 40
1.0
 40
1.0
 40
1.0
 40
2.0
 40
2.0
 40
2.0
 40
3.0
 40
3.0
 40
3.0
 40
4.0
 40
4.0
 40
4.0
 40
4.0
 10
174.5334541666666
 20
196.7054669444444
 30
0.0
 10
174.5334541666666
 20
196.4292419444444
 30
0.0
 10
174.3094402777778
 20
196.2055808333333
 30
0.0
 10
174.0335680555555
 20
196.2055808333333
 30
0.0
 10
173.7573430555555
 20
196.2055808333333
 30
0.0
 10
173.5333291666666
 20
196.4292419444444
 30
0.0
 10
173.5333291666666
 20
196.7054669444444
 30
0.0
 10
173.5333291666666
 20
196.9816919444444
 30
0.0
 10
173.7573430555555
 20
197.2053530555555
 30
0.0
 10
174.0335680555555
 20
197.2053530555555
 30
0.0
 10
174.3094402777778
 20
197.2053530555555
 30
0.0
 10
174.5334541666666
 20
196.9816919444444
 30
0.0
 10
174.5334541666666
 20
196.7054669444444
 30
0.0
  0
SPLINE
  5
2F3
330
1F
100
AcDbEntity
  8
DEFAULT
 62
     7
100
AcDbSpline
210
0.0
220
0.0
230
1.0
 70
    11
 71
     3
 72
    17
 73
    13
 74
     0
 42
0.000000001
 43
0.0000000001
 40
0.0
 40
0.0
 40
0.0
 40
0.0
 40
1.0
 40
1.0
 40
1.0
 40
2.0
 40
2.0
 40
2.0
 40
3.0
 40
3.0
 40
3.0
 40
4.0
 40
4.0
 40
4.0
 40
4.0
 10
174.5334541666666
 20
198.2054427777778
 30
0.0
 10
174.5334541666666
 20
197.9292177777778
 30
0.0
 10
174.3094402777778
 20
197.7055566666667
 30
0.0
 10
174.0335680555555
 20
197.7055566666667
 30
0.0
 10
173.7573430555555
 20
197.7055566666667
 30
0.0
 10
173.5333291666666
 20
197.9292177777778
 30
0.0
 10
173.5333291666666
 20
198.2054427777778
 30
0.0
 10
173.5333291666666
 20
198.4816677777778
 30
0.0
 10
173.7573430555555
 20
198.7053288888889
 30
0.0
 10
174.0335680555555
 20
198.7053288888889
 30
0.0
 10
174.3094402777778
 20
198.7053288888889
 30
0.0
 10
174.5334541666666
 20
198.4816677777778
 30
0.0
 10
174.5334541666666
 20
198.2054427777778
 30
0.0
  0
SPLINE
  5
2F4
330
1F
100
AcDbEntity
  8
DEFAULT
 62
     1
100
AcDbSpline
210
0.0
220
0.0
230
1.0
 70
    11
 71
     3
 72
   113
 73
   109
 74
     0
 42
0.000000001
 43
0.0000000001
 40
1.0
 40
1.0
 40
1.0
 40
1.0
 40
2.0
 40
2.0
 40
2.0
 40
3.0
 40
3.0
 40
3.0
 40
4.0
 40
4.0
 40
4.0
 40
5.0
 40
5.0
 40
5.0
 40
6.0
 40
6.0
 40
6.0
 40
7.014142135623718
 40
7.014142135623718
 40
7.014142135623718
 40
8.014142135623718
 40
8.014142135623718
 40
8.014142135623718
 40
9.024142135623709
 40
9.024142135623709
 40
9.024142135623709
 40
10.02414213562371
 40
10.02414213562371
 40
10.02414213562371
 40
11.0341421356237
 40
11.0341421356237
 40
11.0341421356237
 40
12.0341421356237
 40
12.0341421356237
 40
12.0341421356237
 40
13.04828427124742
 40
13.04828427124742
 40
13.04828427124742
 40
14.04828427124742
 40
14.04828427124742
 40
14.04828427124742
 40
15.04828427124742
 40
15.04828427124742
 40
15.04828427124742
 40
24.96828427124738
 40
24.96828427124738
 40
24.96828427124738
 40
33.46829015359828
 40
33.46829015359828
 40
33.46829015359828
 40
43.38829519391954
 40
43.38829519391954
 40
43.38829519391954
 40
44.38829519391954
 40
44.38829519391954
 40
44.38829519391954
 40
45.38829519391954
 40
45.38829519391954
 40
45.38829519391954
 40
46.38829519391954
 40
46.38829519391954
 40
46.38829519391954
 40
47.38829519391954
 40
47.38829519391954
 40
47.38829519391954
 40
48.38829519391954
 40
48.38829519391954
 40
48.38829519391954
 40
49.38829519391954
 40
49.38829519391954
 40
49.38829519391954
 40
50.38829519391954
 40
50.38829519391954
 40
50.38829519391954
 40
51.38829519391954
 40
51.38829519391954
 40
51.38829519391954
 40
52.38829519391954
 40
52.38829519391954
 40
52.38829519391954
 40
53.38829519391954
 40
53.38829519391954
 40
53.38829519391954
 40
53.63829519391954
 40
53.63829519391954
 40
53.63829519391954
 40
54.63829519391954
 40
54.63829519391954
 40
54.63829519391954
 40
55.63829519391954
 40
55.63829519391954
 40
55.63829519391954
 40
56.63829519391954
 40
56.63829519391954
 40
56.63829519391954
 40
57.63829519391954
 40
57.63829519391954
 40
57.63829519391954
 40
58.63829519391954
 40
58.63829519391954
 40
58.63829519391954
 40
59.63829519391954
 40
59.63829519391954
 40
59.63829519391954
 40
60.63829519391954
 40
60.63829519391954
 40
60.63829519391954
 40
61.63829519391954
 40
61.63829519391954
 40
61.63829519391954
 40
61.63829519391954
 10
178.9218333333333
 20
173.5192886111111
 30
0.0
 10
179.5356666666667
 20
167.3915386111111
 30
0.0
 10
178.3503333333333
 20
169.1201497222222
 30
0.0
 10
175.7644722222222
 20
169.1201497222222
 30
0.0
 10
175.641
 20
169.1201497222222
 30
0.0
 10
175.5316388888889
 20
169.7445663888889
 30
0.0
 10
175.5316388888889
 20
170.5136219444444
 30
0.0
 10
175.5281111111111
 20
171.3849830555556
 30
0.0
 10
175.48225
 20
171.2862052777778
 30
0.0
 10
175.4787222222222
 20
172.2598719444444
 30
0.0
 10
175.4787222222222
 20
173.1700386111111
 30
0.0
 10
175.5210555555555
 20
173.1418163888889
 30
0.0
 10
175.5245833333333
 20
173.8579552777778
 30
0.0
 10
175.5210555555555
 20
174.5705663888889
 30
0.0
 10
175.4787222222222
 20
174.5388163888889
 30
0.0
 10
175.4787222222222
 20
175.4525108333333
 30
0.0
 10
175.4787222222222
 20
176.4226497222222
 30
0.0
 10
175.5281111111111
 20
176.3273997222222
 30
0.0
 10
175.5316388888889
 20
177.2058163888889
 30
0.0
 10
175.5281111111111
 20
178.0771775
 30
0.0
 10
175.48225
 20
177.9783997222222
 30
0.0
 10
175.4787222222222
 20
178.9520663888889
 30
0.0
 10
175.4787222222222
 20
179.9222052777777
 30
0.0
 10
175.5281111111111
 20
179.8304830555555
 30
0.0
 10
175.5316388888889
 20
180.7053719444444
 30
0.0
 10
175.5281111111111
 20
181.5802608333333
 30
0.0
 10
175.48225
 20
181.4814830555555
 30
0.0
 10
175.48225
 20
182.4551497222222
 30
0.0
 10
175.48225
 20
183.4252886111111
 30
0.0
 10
175.5316388888889
 20
183.3300386111111
 30
0.0
 10
175.5351666666666
 20
184.2049275
 30
0.0
 10
175.5316388888889
 20
185.0798163888889
 30
0.0
 10
175.48225
 20
184.9810386111111
 30
0.0
 10
175.48225
 20
185.9547052777778
 30
0.0
 10
175.48225
 20
186.9248441666667
 30
0.0
 10
175.5316388888889
 20
186.8295941666666
 30
0.0
 10
175.5351666666666
 20
187.7080108333333
 30
0.0
 10
175.5316388888889
 20
188.5793719444444
 30
0.0
 10
175.4857777777778
 20
188.4805941666667
 30
0.0
 10
175.48225
 20
189.4542608333333
 30
0.0
 10
175.48225
 20
190.4243997222222
 30
0.0
 10
175.5316388888889
 20
190.3326775
 30
0.0
 10
175.5316388888889
 20
191.2075663888889
 30
0.0
 10
175.5316388888889
 20
192.3740849074074
 30
0.0
 10
175.5316388888889
 20
193.5406034259259
 30
0.0
 10
175.5316388888889
 20
194.7071219444444
 30
0.0
 10
174.5321018518518
 20
194.7059460185185
 30
0.0
 10
173.5325648148148
 20
194.7047700925926
 30
0.0
 10
172.5330277777778
 20
194.7035941666666
 30
0.0
 10
172.5342037037037
 20
193.5370756481481
 30
0.0
 10
172.5353796296296
 20
192.3705571296296
 30
0.0
 10
172.5365555555555
 20
191.2040386111111
 30
0.0
 10
172.5365555555555
 20
190.3291497222222
 30
0.0
 10
172.5824166666667
 20
190.4279275
 30
0.0
 10
172.5824166666667
 20
189.4577886111111
 30
0.0
 10
172.5859444444444
 20
188.4841219444444
 30
0.0
 10
172.5330277777778
 20
188.5793719444444
 30
0.0
 10
172.5330277777778
 20
187.7044830555555
 30
0.0
 10
172.5330277777778
 20
186.8295941666666
 30
0.0
 10
172.5824166666667
 20
186.9248441666667
 30
0.0
 10
172.5824166666667
 20
185.9547052777778
 30
0.0
 10
172.5824166666667
 20
184.9810386111111
 30
0.0
 10
172.5330277777778
 20
185.0798163888889
 30
0.0
 10
172.5330277777778
 20
184.2049275
 30
0.0
 10
172.5330277777778
 20
183.3300386111111
 30
0.0
 10
172.5824166666667
 20
183.4252886111111
 30
0.0
 10
172.5824166666667
 20
182.4551497222222
 30
0.0
 10
172.5824166666667
 20
181.4814830555555
 30
0.0
 10
172.5330277777778
 20
181.5767330555555
 30
0.0
 10
172.5330277777778
 20
180.7018441666666
 30
0.0
 10
172.5295
 20
179.8269552777778
 30
0.0
 10
172.5788888888889
 20
179.9257330555556
 30
0.0
 10
172.5788888888889
 20
178.9520663888889
 30
0.0
 10
172.5824166666667
 20
177.9819275
 30
0.0
 10
172.5295
 20
178.0771775
 30
0.0
 10
172.5295
 20
177.2022886111111
 30
0.0
 10
172.5295
 20
176.3273997222222
 30
0.0
 10
172.5788888888889
 20
176.4226497222222
 30
0.0
 10
172.5788888888889
 20
175.4525108333333
 30
0.0
 10
172.5788888888889
 20
174.6093719444444
 30
0.0
 10
172.5436111111111
 20
174.5705663888889
 30
0.0
 10
172.5330277777778
 20
174.0096497222222
 30
0.0
 10
172.5330277777778
 20
173.9802515740741
 30
0.0
 10
172.5330277777778
 20
173.9508534259259
 30
0.0
 10
172.5330277777778
 20
173.9214552777778
 30
0.0
 10
172.5330277777778
 20
173.1418163888889
 30
0.0
 10
172.5788888888889
 20
173.1982608333333
 30
0.0
 10
172.5788888888889
 20
172.2598719444444
 30
0.0
 10
172.5824166666667
 20
171.2862052777778
 30
0.0
 10
172.5295
 20
171.3849830555556
 30
0.0
 10
172.5295
 20
170.5100941666667
 30
0.0
 10
172.5295
 20
169.7410386111111
 30
0.0
 10
172.4271944444444
 20
169.1201497222222
 30
0.0
 10
172.3037222222222
 20
169.1201497222222
 30
0.0
 10
169.7178611111111
 20
169.1201497222222
 30
0.0
 10
168.5325277777778
 20
167.3915386111111
 30
0.0
 10
169.1463611111111
 20
173.5192886111111
 30
0.0
 10
169.7778333333333
 20
179.8234275
 30
0.0
 10
170.561
 20
194.0721219444444
 30
0.0
 10
169.291
 20
203.3995663888889
 30
0.0
 10
166.9979444444444
 20
220.2094275
 30
0.0
 10
168.9064722222222
 20
215.7044552777778
 30
0.0
 10
174.0358611111111
 20
215.7044552777778
 30
0.0
 10
179.1617222222222
 20
215.7044552777778
 30
0.0
 10
181.0667222222222
 20
220.2094275
 30
0.0
 10
178.7771944444444
 20
203.3995663888889
 30
0.0
 10
177.9093611111111
 20
194.0262608333333
 30
0.0
 10
178.2938888888889
 20
179.8234275
 30
0.0
 10
178.9218333333333
 20
173.5192886111111
 30
0.0
  0
SPLINE
  5
2F5
330
1F
100
AcDbEntity
  8
DEFAULT
 62
     7
100
AcDbSpline
210
0.0
220
0.0
230
1.0
 70
    11
 71
     3
 72
    17
 73
    13
 74
     0
 42
0.000000001
 43
0.0000000001
 40
0.0
 40
0.0
 40
0.0
 40
0.0
 40
1.0
 40
1.0
 40
1.0
 40
2.0
 40
2.0
 40
2.0
 40
3.0
 40
3.0
 40
3.0
 40
4.0
 40
4.0
 40
4.0
 40
4.0
 10
188.3514069444444
 20
196.7054669444444
 30
0.0
 10
188.3514069444444
 20
196.4292419444444
 30
0.0
 10
188.1273930555555
 20
196.2055808333333
 30
0.0
 10
187.8515208333333
 20
196.2055808333333
 30
0.0
 10
187.5752958333333
 20
196.2055808333333
 30
0.0
 10
187.3516347222222
 20
196.4292419444444
 30
0.0
 10
187.3516347222222
 20
196.7054669444444
 30
0.0
 10
187.3516347222222
 20
196.9816919444444
 30
0.0
 10
187.5752958333333
 20
197.2053530555555
 30
0.0
 10
187.8515208333333
 20
197.2053530555555
 30
0.0
 10
188.1273930555555
 20
197.2053530555555
 30
0.0
 10
188.3514069444444
 20
196.9816919444444
 30
0.0
 10
188.3514069444444
 20
196.7054669444444
 30
0.0
  0
SPLINE
  5
2F6
330
1F
100
AcDbEntity
  8
DEFAULT
 62
     7
100
AcDbSpline
210
0.0
220
0.0
230
1.0
 70
    11
 71
     3
 72
    17
 73
    13
 74
     0
 42
0.000000001
 43
0.0000000001
 40
0.0
 40
0.0
 40
0.0
 40
0.0
 40
1.0
 40
1.0
 40
1.0
 40
2.0
 40
2.0
 40
2.0
 40
3.0
 40
3.0
 40
3.0
 40
4.0
 40
4.0
 40
4.0
 40
4.0
 10
188.3514069444444
 20
198.2054427777778
 30
0.0
 10
188.3514069444444
 20
197.9292177777778
 30
0.0
 10
188.1273930555555
 20
197.7055566666667
 30
0.0
 10
187.8515208333333
 20
197.7055566666667
 30
0.0
 10
187.5752958333333
 20
197.7055566666667
 30
0.0
 10
187.3516347222222
 20
197.9292177777778
 30
0.0
 10
187.3516347222222
 20
198.2054427777778
 30
0.0
 10
187.3516347222222
 20
198.4816677777778
 30
0.0
 10
187.5752958333333
 20
198.7053288888889
 30
0.0
 10
187.8515208333333
 20
198.7053288888889
 30
0.0
 10
188.1273930555555
 20
198.7053288888889
 30
0.0
 10
188.3514069444444
 20
198.4816677777778
 30
0.0
 10
188.3514069444444
 20
198.2054427777778
 30
0.0
  0
SPLINE
  5
2F7
330
1F
100
AcDbEntity
  8
DEFAULT
 62
     1
100
AcDbSpline
210
0.0
220
0.0
230
1.0
 70
    11
 71
     3
 72
   113
 73
   109
 74
     0
 42
0.000000001
 43
0.0000000001
 40
1.0
 40
1.0
 40
1.0
 40
1.0
 40
2.0
 40
2.0
 40
2.0
 40
3.0
 40
3.0
 40
3.0
 40
4.0
 40
4.0
 40
4.0
 40
5.0
 40
5.0
 40
5.0
 40
6.0
 40
6.0
 40
6.0
 40
7.014142135623718
 40
7.014142135623718
 40
7.014142135623718
 40
8.014142135623718
 40
8.014142135623718
 40
8.014142135623718
 40
9.024142135623709
 40
9.024142135623709
 40
9.024142135623709
 40
10.02414213562371
 40
10.02414213562371
 40
10.02414213562371
 40
11.0341421356237
 40
11.0341421356237
 40
11.0341421356237
 40
12.0341421356237
 40
12.0341421356237
 40
12.0341421356237
 40
13.04828427124742
 40
13.04828427124742
 40
13.04828427124742
 40
14.04828427124742
 40
14.04828427124742
 40
14.04828427124742
 40
15.04828427124742
 40
15.04828427124742
 40
15.04828427124742
 40
24.96828427124738
 40
24.96828427124738
 40
24.96828427124738
 40
33.46829015359828
 40
33.46829015359828
 40
33.46829015359828
 40
43.38829519391954
 40
43.38829519391954
 40
43.38829519391954
 40
44.38829519391954
 40
44.38829519391954
 40
44.38829519391954
 40
45.38829519391954
 40
45.38829519391954
 40
45.38829519391954
 40
46.38829519391954
 40
46.38829519391954
 40
46.38829519391954
 40
47.38829519391954
 40
47.38829519391954
 40
47.38829519391954
 40
48.38829519391954
 40
48.38829519391954
 40
48.38829519391954
 40
49.38829519391954
 40
49.38829519391954
 40
49.38829519391954
 40
50.38829519391954
 40
50.38829519391954
 40
50.38829519391954
 40
51.38829519391954
 40
51.38829519391954
 40
51.38829519391954
 40
52.38829519391954
 40
52.38829519391954
 40
52.38829519391954
 40
53.38829519391954
 40
53.38829519391954
 40
53.38829519391954
 40
53.63829519391954
 40
53.63829519391954
 40
53.63829519391954
 40
54.63829519391954
 40
54.63829519391954
 40
54.63829519391954
 40
55.63829519391954
 40
55.63829519391954
 40
55.63829519391954
 40
56.63829519391954
 40
56.63829519391954
 40
56.63829519391954
 40
57.63829519391954
 40
57.63829519391954
 40
57.63829519391954
 40
58.63829519391954
 40
58.63829519391954
 40
58.63829519391954
 40
59.63829519391954
 40
59.63829519391954
 40
59.63829519391954
 40
60.63829519391954
 40
60.63829519391954
 40
60.63829519391954
 40
61.63829519391954
 40
61.63829519391954
 40
61.63829519391954
 40
61.63829519391954
 10
192.7399272222222
 20
173.5192886111111
 30
0.0
 10
193.3537605555555
 20
167.3915386111111
 30
0.0
 10
192.1684272222222
 20
169.1201497222222
 30
0.0
 10
189.582566111111
 20
169.1201497222222
 30
0.0
 10
189.4590938888889
 20
169.1201497222222
 30
0.0
 10
189.3497327777777
 20
169.7445663888889
 30
0.0
 10
189.3497327777777
 20
170.5136219444444
 30
0.0
 10
189.346205
 20
171.3849830555556
 30
0.0
 10
189.3003438888888
 20
171.2862052777778
 30
0.0
 10
189.2968161111111
 20
172.2598719444444
 30
0.0
 10
189.2968161111111
 20
173.1700386111111
 30
0.0
 10
189.3391494444444
 20
173.1418163888889
 30
0.0
 10
189.3426772222222
 20
173.8579552777778
 30
0.0
 10
189.3391494444444
 20
174.5705663888889
 30
0.0
 10
189.2968161111111
 20
174.5388163888889
 30
0.0
 10
189.2968161111111
 20
175.4525108333333
 30
0.0
 10
189.2968161111111
 20
176.4226497222222
 30
0.0
 10
189.346205
 20
176.3273997222222
 30
0.0
 10
189.3497327777777
 20
177.2058163888889
 30
0.0
 10
189.346205
 20
178.0771775
 30
0.0
 10
189.3003438888888
 20
177.9783997222222
 30
0.0
 10
189.2968161111111
 20
178.9520663888889
 30
0.0
 10
189.2968161111111
 20
179.9222052777777
 30
0.0
 10
189.346205
 20
179.8304830555555
 30
0.0
 10
189.3497327777777
 20
180.7053719444444
 30
0.0
 10
189.346205
 20
181.5802608333333
 30
0.0
 10
189.3003438888888
 20
181.4814830555555
 30
0.0
 10
189.3003438888888
 20
182.4551497222222
 30
0.0
 10
189.3003438888888
 20
183.4252886111111
 30
0.0
 10
189.3497327777777
 20
183.3300386111111
 30
0.0
 10
189.3532605555555
 20
184.2049275
 30
0.0
 10
189.3497327777777
 20
185.0798163888889
 30
0.0
 10
189.3003438888888
 20
184.9810386111111
 30
0.0
 10
189.3003438888888
 20
185.9547052777778
 30
0.0
 10
189.3003438888888
 20
186.9248441666667
 30
0.0
 10
189.3497327777777
 20
186.8295941666666
 30
0.0
 10
189.3532605555555
 20
187.7080108333333
 30
0.0
 10
189.3497327777777
 20
188.5793719444444
 30
0.0
 10
189.3038716666666
 20
188.4805941666667
 30
0.0
 10
189.3003438888888
 20
189.4542608333333
 30
0.0
 10
189.3003438888888
 20
190.4243997222222
 30
0.0
 10
189.3497327777777
 20
190.3326775
 30
0.0
 10
189.3497327777777
 20
191.2075663888889
 30
0.0
 10
189.3497327777777
 20
192.3740849074074
 30
0.0
 10
189.3497327777777
 20
193.5406034259259
 30
0.0
 10
189.3497327777777
 20
194.7071219444444
 30
0.0
 10
188.3501957407407
 20
194.7059460185185
 30
0.0
 10
187.3506587037037
 20
194.7047700925926
 30
0.0
 10
186.3511216666666
 20
194.7035941666666
 30
0.0
 10
186.3522975925925
 20
193.5370756481481
 30
0.0
 10
186.3534735185185
 20
192.3705571296296
 30
0.0
 10
186.3546494444444
 20
191.2040386111111
 30
0.0
 10
186.3546494444444
 20
190.3291497222222
 30
0.0
 10
186.4005105555555
 20
190.4279275
 30
0.0
 10
186.4005105555555
 20
189.4577886111111
 30
0.0
 10
186.4040383333333
 20
188.4841219444444
 30
0.0
 10
186.3511216666666
 20
188.5793719444444
 30
0.0
 10
186.3511216666666
 20
187.7044830555555
 30
0.0
 10
186.3511216666666
 20
186.8295941666666
 30
0.0
 10
186.4005105555555
 20
186.9248441666667
 30
0.0
 10
186.4005105555555
 20
185.9547052777778
 30
0.0
 10
186.4005105555555
 20
184.9810386111111
 30
0.0
 10
186.3511216666666
 20
185.0798163888889
 30
0.0
 10
186.3511216666666
 20
184.2049275
 30
0.0
 10
186.3511216666666
 20
183.3300386111111
 30
0.0
 10
186.4005105555555
 20
183.4252886111111
 30
0.0
 10
186.4005105555555
 20
182.4551497222222
 30
0.0
 10
186.4005105555555
 20
181.4814830555555
 30
0.0
 10
186.3511216666666
 20
181.5767330555555
 30
0.0
 10
186.3511216666666
 20
180.7018441666666
 30
0.0
 10
186.3475938888888
 20
179.8269552777778
 30
0.0
 10
186.3969827777777
 20
179.9257330555556
 30
0.0
 10
186.3969827777777
 20
178.9520663888889
 30
0.0
 10
186.4005105555555
 20
177.9819275
 30
0.0
 10
186.3475938888888
 20
178.0771775
 30
0.0
 10
186.3475938888888
 20
177.2022886111111
 30
0.0
 10
186.3475938888888
 20
176.3273997222222
 30
0.0
 10
186.3969827777777
 20
176.4226497222222
 30
0.0
 10
186.3969827777777
 20
175.4525108333333
 30
0.0
 10
186.3969827777777
 20
174.6093719444444
 30
0.0
 10
186.3617049999999
 20
174.5705663888889
 30
0.0
 10
186.3511216666666
 20
174.0096497222222
 30
0.0
 10
186.3511216666666
 20
173.9802515740741
 30
0.0
 10
186.3511216666666
 20
173.9508534259259
 30
0.0
 10
186.3511216666666
 20
173.9214552777778
 30
0.0
 10
186.3511216666666
 20
173.1418163888889
 30
0.0
 10
186.3969827777777
 20
173.1982608333333
 30
0.0
 10
186.3969827777777
 20
172.2598719444444
 30
0.0
 10
186.4005105555555
 20
171.2862052777778
 30
0.0
 10
186.3475938888888
 20
171.3849830555556
 30
0.0
 10
186.3475938888888
 20
170.5100941666667
 30
0.0
 10
186.3475938888888
 20
169.7410386111111
 30
0.0
 10
186.2452883333333
 20
169.1201497222222
 30
0.0
 10
186.1218161111111
 20
169.1201497222222
 30
0.0
 10
183.5359549999999
 20
169.1201497222222
 30
0.0
 10
182.3506216666666
 20
167.3915386111111
 30
0.0
 10
182.964455
 20
173.5192886111111
 30
0.0
 10
183.5959272222222
 20
179.8234275
 30
0.0
 10
184.3790938888888
 20
194.0721219444444
 30
0.0
 10
183.1090938888889
 20
203.3995663888889
 30
0.0
 10
180.8160383333333
 20
220.2094275
 30
0.0
 10
182.7245661111111
 20
215.7044552777778
 30
0.0
 10
187.853955
 20
215.7044552777778
 30
0.0
 10
192.9798161111111
 20
215.7044552777778
 30
0.0
 10
194.8848161111111
 20
220.2094275
 30
0.0
 10
192.5952883333333
 20
203.3995663888889
 30
0.0
 10
191.727455
 20
194.0262608333333
 30
0.0
 10
192.1119827777777
 20
179.8234275
 30
0.0
 10
192.7399272222222
 20
173.5192886111111
 30
0.0
  0
SPLINE
  5
2F8
330
1F
100
AcDbEntity
  8
DEFAULT
 62
     7
100
AcDbSpline
210
0.0
220
0.0
230
1.0
 70
    11
 71
     3
 72
    17
 73
    13
 74
     0
 42
0.000000001
 43
0.0000000001
 40
0.0
 40
0.0
 40
0.0
 40
0.0
 40
1.0
 40
1.0
 40
1.0
 40
2.0
 40
2.0
 40
2.0
 40
3.0
 40
3.0
 40
3.0
 40
4.0
 40
4.0
 40
4.0
 40
4.0
 10
174.5334541666666
 20
146.9425983333333
 30
0.0
 10
174.5334541666666
 20
146.6663733333333
 30
0.0
 10
174.3094402777778
 20
146.4427122222222
 30
0.0
 10
174.0335680555555
 20
146.4427122222222
 30
0.0
 10
173.7573430555555
 20
146.4427122222222
 30
0.0
 10
173.5333291666666
 20
146.6663733333333
 30
0.0
 10
173.5333291666666
 20
146.9425983333333
 30
0.0
 10
173.5333291666666
 20
147.2188233333333
 30
0.0
 10
173.7573430555555
 20
147.4424844444444
 30
0.0
 10
174.0335680555555
 20
147.4424844444444
 30
0.0
 10
174.3094402777778
 20
147.4424844444444
 30
0.0
 10
174.5334541666666
 20
147.2188233333333
 30
0.0
 10
174.5334541666666
 20
146.9425983333333
 30
0.0
  0
SPLINE
  5
2F9
330
1F
100
AcDbEntity
  8
DEFAULT
 62
     7
100
AcDbSpline
210
0.0
220
0.0
230
1.0
 70
    11
 71
     3
 72
    17
 73
    13
 74
     0
 42
0.000000001
 43
0.0000000001
 40
0.0
 40
0.0
 40
0.0
 40
0.0
 40
1.0
 40
1.0
 40
1.0
 40
2.0
 40
2.0
 40
2.0
 40
3.0
 40
3.0
 40
3.0
 40
4.0
 40
4.0
 40
4.0
 40
4.0
 10
174.5334541666666
 20
148.4426094444444
 30
0.0
 10
174.5334541666666
 20
148.1663844444444
 30
0.0
 10
174.3094402777778
 20
147.9427233333333
 30
0.0
 10
174.0335680555555
 20
147.9427233333333
 30
0.0
 10
173.7573430555555
 20
147.9427233333333
 30
0.0
 10
173.5333291666666
 20
148.1663844444444
 30
0.0
 10
173.5333291666666
 20
148.4426094444444
 30
0.0
 10
173.5333291666666
 20
148.7188344444444
 30
0.0
 10
173.7573430555555
 20
148.9424955555555
 30
0.0
 10
174.0335680555555
 20
148.9424955555555
 30
0.0
 10
174.3094402777778
 20
148.9424955555555
 30
0.0
 10
174.5334541666666
 20
148.7188344444444
 30
0.0
 10
174.5334541666666
 20
148.4426094444444
 30
0.0
  0
SPLINE
  5
2FA
330
1F
100
AcDbEntity
  8
DEFAULT
 62
     1
100
AcDbSpline
210
0.0
220
0.0
230
1.0
 70
    11
 71
     3
 72
   113
 73
   109
 74
     0
 42
0.000000001
 43
0.0000000001
 40
1.0
 40
1.0
 40
1.0
 40
1.0
 40
2.0
 40
2.0
 40
2.0
 40
3.0
 40
3.0
 40
3.0
 40
4.0
 40
4.0
 40
4.0
 40
5.0
 40
5.0
 40
5.0
 40
6.0
 40
6.0
 40
6.0
 40
7.014142135623718
 40
7.014142135623718
 40
7.014142135623718
 40
8.014142135623718
 40
8.014142135623718
 40
8.014142135623718
 40
9.024142135623709
 40
9.024142135623709
 40
9.024142135623709
 40
10.02414213562371
 40
10.02414213562371
 40
10.02414213562371
 40
11.0341421356237
 40
11.0341421356237
 40
11.0341421356237
 40
12.0341421356237
 40
12.0341421356237
 40
12.0341421356237
 40
13.04828427124746
 40
13.04828427124746
 40
13.04828427124746
 40
14.04828427124746
 40
14.04828427124746
 40
14.04828427124746
 40
15.04828427124746
 40
15.04828427124746
 40
15.04828427124746
 40
24.96828427124748
 40
24.96828427124748
 40
24.96828427124748
 40
33.46829015359838
 40
33.46829015359838
 40
33.46829015359838
 40
43.3882951939197
 40
43.3882951939197
 40
43.3882951939197
 40
44.3882951939197
 40
44.3882951939197
 40
44.3882951939197
 40
45.3882951939197
 40
45.3882951939197
 40
45.3882951939197
 40
46.3882951939197
 40
46.3882951939197
 40
46.3882951939197
 40
47.3882951939197
 40
47.3882951939197
 40
47.3882951939197
 40
48.3882951939197
 40
48.3882951939197
 40
48.3882951939197
 40
49.3882951939197
 40
49.3882951939197
 40
49.3882951939197
 40
50.3882951939197
 40
50.3882951939197
 40
50.3882951939197
 40
51.3882951939197
 40
51.3882951939197
 40
51.3882951939197
 40
52.3882951939197
 40
52.3882951939197
 40
52.3882951939197
 40
53.3882951939197
 40
53.3882951939197
 40
53.3882951939197
 40
53.6382951939197
 40
53.6382951939197
 40
53.6382951939197
 40
54.6382951939197
 40
54.6382951939197
 40
54.6382951939197
 40
55.6382951939197
 40
55.6382951939197
 40
55.6382951939197
 40
56.6382951939197
 40
56.6382951939197
 40
56.6382951939197
 40
57.6382951939197
 40
57.6382951939197
 40
57.6382951939197
 40
58.6382951939197
 40
58.6382951939197
 40
58.6382951939197
 40
59.6382951939197
 40
59.6382951939197
 40
59.6382951939197
 40
60.6382951939197
 40
60.6382951939197
 40
60.6382951939197
 40
61.6382951939197
 40
61.6382951939197
 40
61.6382951939197
 40
61.6382951939197
 10
178.9218333333333
 20
123.75642
 30
0.0
 10
179.5356666666667
 20
117.62867
 30
0.0
 10
178.3503333333333
 20
119.3572811111111
 30
0.0
 10
175.7644722222222
 20
119.3572811111111
 30
0.0
 10
175.641
 20
119.3572811111111
 30
0.0
 10
175.5316388888889
 20
119.9816977777778
 30
0.0
 10
175.5316388888889
 20
120.7507533333333
 30
0.0
 10
175.5281111111111
 20
121.6221144444444
 30
0.0
 10
175.48225
 20
121.5233366666667
 30
0.0
 10
175.4787222222222
 20
122.4970033333333
 30
0.0
 10
175.4787222222222
 20
123.40717
 30
0.0
 10
175.5210555555555
 20
123.3789477777778
 30
0.0
 10
175.5245833333333
 20
124.0950866666667
 30
0.0
 10
175.5210555555555
 20
124.8076977777778
 30
0.0
 10
175.4787222222222
 20
124.7759477777778
 30
0.0
 10
175.4787222222222
 20
125.6896422222222
 30
0.0
 10
175.4787222222222
 20
126.6597811111111
 30
0.0
 10
175.5281111111111
 20
126.5645311111111
 30
0.0
 10
175.5316388888889
 20
127.4429477777778
 30
0.0
 10
175.5281111111111
 20
128.3143088888889
 30
0.0
 10
175.48225
 20
128.2155311111111
 30
0.0
 10
175.4787222222222
 20
129.1891977777778
 30
0.0
 10
175.4787222222222
 20
130.1593366666667
 30
0.0
 10
175.5281111111111
 20
130.0676144444444
 30
0.0
 10
175.5316388888889
 20
130.9425033333333
 30
0.0
 10
175.5281111111111
 20
131.8173922222222
 30
0.0
 10
175.48225
 20
131.7186144444444
 30
0.0
 10
175.48225
 20
132.6922811111111
 30
0.0
 10
175.48225
 20
133.66242
 30
0.0
 10
175.5316388888889
 20
133.56717
 30
0.0
 10
175.5351666666666
 20
134.4420588888889
 30
0.0
 10
175.5316388888889
 20
135.3169477777778
 30
0.0
 10
175.48225
 20
135.21817
 30
0.0
 10
175.48225
 20
136.1918366666667
 30
0.0
 10
175.48225
 20
137.1619755555556
 30
0.0
 10
175.5316388888889
 20
137.0667255555556
 30
0.0
 10
175.5351666666666
 20
137.9451422222222
 30
0.0
 10
175.5316388888889
 20
138.8165033333333
 30
0.0
 10
175.4857777777778
 20
138.7177255555555
 30
0.0
 10
175.48225
 20
139.6913922222222
 30
0.0
 10
175.48225
 20
140.6615311111111
 30
0.0
 10
175.5316388888889
 20
140.5698088888889
 30
0.0
 10
175.5316388888889
 20
141.4446977777778
 30
0.0
 10
175.5316388888889
 20
142.6112162962963
 30
0.0
 10
175.5316388888889
 20
143.7777348148148
 30
0.0
 10
175.5316388888889
 20
144.9442533333333
 30
0.0
 10
174.5321018518518
 20
144.9430774074074
 30
0.0
 10
173.5325648148148
 20
144.9419014814815
 30
0.0
 10
172.5330277777778
 20
144.9407255555556
 30
0.0
 10
172.5342037037037
 20
143.774207037037
 30
0.0
 10
172.5353796296296
 20
142.6076885185185
 30
0.0
 10
172.5365555555555
 20
141.44117
 30
0.0
 10
172.5365555555555
 20
140.5662811111111
 30
0.0
 10
172.5824166666667
 20
140.6650588888889
 30
0.0
 10
172.5824166666667
 20
139.69492
 30
0.0
 10
172.5859444444444
 20
138.7212533333333
 30
0.0
 10
172.5330277777778
 20
138.8165033333333
 30
0.0
 10
172.5330277777778
 20
137.9416144444444
 30
0.0
 10
172.5330277777778
 20
137.0667255555556
 30
0.0
 10
172.5824166666667
 20
137.1619755555556
 30
0.0
 10
172.5824166666667
 20
136.1918366666667
 30
0.0
 10
172.5824166666667
 20
135.21817
 30
0.0
 10
172.5330277777778
 20
135.3169477777778
 30
0.0
 10
172.5330277777778
 20
134.4420588888889
 30
0.0
 10
172.5330277777778
 20
133.56717
 30
0.0
 10
172.5824166666667
 20
133.66242
 30
0.0
 10
172.5824166666667
 20
132.6922811111111
 30
0.0
 10
172.5824166666667
 20
131.7186144444444
 30
0.0
 10
172.5330277777778
 20
131.8138644444444
 30
0.0
 10
172.5330277777778
 20
130.9389755555555
 30
0.0
 10
172.5295
 20
130.0640866666667
 30
0.0
 10
172.5788888888889
 20
130.1628644444444
 30
0.0
 10
172.5788888888889
 20
129.1891977777778
 30
0.0
 10
172.5824166666667
 20
128.2190588888889
 30
0.0
 10
172.5295
 20
128.3143088888889
 30
0.0
 10
172.5295
 20
127.43942
 30
0.0
 10
172.5295
 20
126.5645311111111
 30
0.0
 10
172.5788888888889
 20
126.6597811111111
 30
0.0
 10
172.5788888888889
 20
125.6896422222222
 30
0.0
 10
172.5788888888889
 20
124.8465033333333
 30
0.0
 10
172.5436111111111
 20
124.8076977777778
 30
0.0
 10
172.5330277777778
 20
124.2467811111111
 30
0.0
 10
172.5330277777778
 20
124.217382962963
 30
0.0
 10
172.5330277777778
 20
124.1879848148148
 30
0.0
 10
172.5330277777778
 20
124.1585866666667
 30
0.0
 10
172.5330277777778
 20
123.3789477777778
 30
0.0
 10
172.5788888888889
 20
123.4353922222222
 30
0.0
 10
172.5788888888889
 20
122.4970033333333
 30
0.0
 10
172.5824166666667
 20
121.5233366666667
 30
0.0
 10
172.5295
 20
121.6221144444444
 30
0.0
 10
172.5295
 20
120.7472255555556
 30
0.0
 10
172.5295
 20
119.97817
 30
0.0
 10
172.4271944444444
 20
119.3572811111111
 30
0.0
 10
172.3037222222222
 20
119.3572811111111
 30
0.0
 10
169.7178611111111
 20
119.3572811111111
 30
0.0
 10
168.5325277777778
 20
117.62867
 30
0.0
 10
169.1463611111111
 20
123.75642
 30
0.0
 10
169.7778333333333
 20
130.0605588888889
 30
0.0
 10
170.561
 20
144.3092533333333
 30
0.0
 10
169.291
 20
153.6366977777778
 30
0.0
 10
166.9979444444444
 20
170.4465588888889
 30
0.0
 10
168.9064722222222
 20
165.9415866666667
 30
0.0
 10
174.0358611111111
 20
165.9415866666667
 30
0.0
 10
179.1617222222222
 20
165.9415866666667
 30
0.0
 10
181.0667222222222
 20
170.4465588888889
 30
0.0
 10
178.7771944444444
 20
153.6366977777778
 30
0.0
 10
177.9093611111111
 20
144.2633922222222
 30
0.0
 10
178.2938888888889
 20
130.0605588888889
 30
0.0
 10
178.9218333333333
 20
123.75642
 30
0.0
  0
SPLINE
  5
2FB
330
1F
100
AcDbEntity
  8
DEFAULT
 62
     7
100
AcDbSpline
210
0.0
220
0.0
230
1.0
 70
    11
 71
     3
 72
    17
 73
    13
 74
     0
 42
0.000000001
 43
0.0000000001
 40
0.0
 40
0.0
 40
0.0
 40
0.0
 40
1.0
 40
1.0
 40
1.0
 40
2.0
 40
2.0
 40
2.0
 40
3.0
 40
3.0
 40
3.0
 40
4.0
 40
4.0
 40
4.0
 40
4.0
 10
188.3514069444444
 20
146.9425983333333
 30
0.0
 10
188.3514069444444
 20
146.6663733333333
 30
0.0
 10
188.1273930555555
 20
146.4427122222222
 30
0.0
 10
187.8515208333333
 20
146.4427122222222
 30
0.0
 10
187.5752958333333
 20
146.4427122222222
 30
0.0
 10
187.3516347222222
 20
146.6663733333333
 30
0.0
 10
187.3516347222222
 20
146.9425983333333
 30
0.0
 10
187.3516347222222
 20
147.2188233333333
 30
0.0
 10
187.5752958333333
 20
147.4424844444444
 30
0.0
 10
187.8515208333333
 20
147.4424844444444
 30
0.0
 10
188.1273930555555
 20
147.4424844444444
 30
0.0
 10
188.3514069444444
 20
147.2188233333333
 30
0.0
 10
188.3514069444444
 20
146.9425983333333
 30
0.0
  0
SPLINE
  5
2FC
330
1F
100
AcDbEntity
  8
DEFAULT
 62
     7
100
AcDbSpline
210
0.0
220
0.0
230
1.0
 70
    11
 71
     3
 72
    17
 73
    13
 74
     0
 42
0.000000001
 43
0.0000000001
 40
0.0
 40
0.0
 40
0.0
 40
0.0
 40
1.0
 40
1.0
 40
1.0
 40
2.0
 40
2.0
 40
2.0
 40
3.0
 40
3.0
 40
3.0
 40
4.0
 40
4.0
 40
4.0
 40
4.0
 10
188.3514069444444
 20
148.4426094444444
 30
0.0
 10
188.3514069444444
 20
148.1663844444444
 30
0.0
 10
188.1273930555555
 20
147.9427233333333
 30
0.0
 10
187.8515208333333
 20
147.9427233333333
 30
0.0
 10
187.5752958333333
 20
147.9427233333333
 30
0.0
 10
187.3516347222222
 20
148.1663844444444
 30
0.0
 10
187.3516347222222
 20
148.4426094444444
 30
0.0
 10
187.3516347222222
 20
148.7188344444444
 30
0.0
 10
187.5752958333333
 20
148.9424955555555
 30
0.0
 10
187.8515208333333
 20
148.9424955555555
 30
0.0
 10
188.1273930555555
 20
148.9424955555555
 30
0.0
 10
188.3514069444444
 20
148.7188344444444
 30
0.0
 10
188.3514069444444
 20
148.4426094444444
 30
0.0
  0
SPLINE
  5
2FD
330
1F
100
AcDbEntity
  8
DEFAULT
 62
     1
100
AcDbSpline
210
0.0
220
0.0
230
1.0
 70
    11
 71
     3
 72
   113
 73
   109
 74
     0
 42
0.000000001
 43
0.0000000001
 40
1.0
 40
1.0
 40
1.0
 40
1.0
 40
2.0
 40
2.0
 40
2.0
 40
3.0
 40
3.0
 40
3.0
 40
4.0
 40
4.0
 40
4.0
 40
5.0
 40
5.0
 40
5.0
 40
6.0
 40
6.0
 40
6.0
 40
7.014142135623718
 40
7.014142135623718
 40
7.014142135623718
 40
8.014142135623718
 40
8.014142135623718
 40
8.014142135623718
 40
9.024142135623709
 40
9.024142135623709
 40
9.024142135623709
 40
10.02414213562371
 40
10.02414213562371
 40
10.02414213562371
 40
11.0341421356237
 40
11.0341421356237
 40
11.0341421356237
 40
12.0341421356237
 40
12.0341421356237
 40
12.0341421356237
 40
13.04828427124746
 40
13.04828427124746
 40
13.04828427124746
 40
14.04828427124746
 40
14.04828427124746
 40
14.04828427124746
 40
15.04828427124746
 40
15.04828427124746
 40
15.04828427124746
 40
24.96828427124748
 40
24.96828427124748
 40
24.96828427124748
 40
33.46829015359838
 40
33.46829015359838
 40
33.46829015359838
 40
43.3882951939197
 40
43.3882951939197
 40
43.3882951939197
 40
44.3882951939197
 40
44.3882951939197
 40
44.3882951939197
 40
45.3882951939197
 40
45.3882951939197
 40
45.3882951939197
 40
46.3882951939197
 40
46.3882951939197
 40
46.3882951939197
 40
47.3882951939197
 40
47.3882951939197
 40
47.3882951939197
 40
48.3882951939197
 40
48.3882951939197
 40
48.3882951939197
 40
49.3882951939197
 40
49.3882951939197
 40
49.3882951939197
 40
50.3882951939197
 40
50.3882951939197
 40
50.3882951939197
 40
51.3882951939197
 40
51.3882951939197
 40
51.3882951939197
 40
52.3882951939197
 40
52.3882951939197
 40
52.3882951939197
 40
53.3882951939197
 40
53.3882951939197
 40
53.3882951939197
 40
53.6382951939197
 40
53.6382951939197
 40
53.6382951939197
 40
54.6382951939197
 40
54.6382951939197
 40
54.6382951939197
 40
55.6382951939197
 40
55.6382951939197
 40
55.6382951939197
 40
56.6382951939197
 40
56.6382951939197
 40
56.6382951939197
 40
57.6382951939197
 40
57.6382951939197
 40
57.6382951939197
 40
58.6382951939197
 40
58.6382951939197
 40
58.6382951939197
 40
59.6382951939197
 40
59.6382951939197
 40
59.6382951939197
 40
60.6382951939197
 40
60.6382951939197
 40
60.6382951939197
 40
61.6382951939197
 40
61.6382951939197
 40
61.6382951939197
 40
61.6382951939197
 10
192.7399272222222
 20
123.75642
 30
0.0
 10
193.3537605555555
 20
117.62867
 30
0.0
 10
192.1684272222222
 20
119.3572811111111
 30
0.0
 10
189.582566111111
 20
119.3572811111111
 30
0.0
 10
189.4590938888889
 20
119.3572811111111
 30
0.0
 10
189.3497327777777
 20
119.9816977777778
 30
0.0
 10
189.3497327777777
 20
120.7507533333333
 30
0.0
 10
189.346205
 20
121.6221144444444
 30
0.0
 10
189.3003438888888
 20
121.5233366666667
 30
0.0
 10
189.2968161111111
 20
122.4970033333333
 30
0.0
 10
189.2968161111111
 20
123.40717
 30
0.0
 10
189.3391494444444
 20
123.3789477777778
 30
0.0
 10
189.3426772222222
 20
124.0950866666667
 30
0.0
 10
189.3391494444444
 20
124.8076977777778
 30
0.0
 10
189.2968161111111
 20
124.7759477777778
 30
0.0
 10
189.2968161111111
 20
125.6896422222222
 30
0.0
 10
189.2968161111111
 20
126.6597811111111
 30
0.0
 10
189.346205
 20
126.5645311111111
 30
0.0
 10
189.3497327777777
 20
127.4429477777778
 30
0.0
 10
189.346205
 20
128.3143088888889
 30
0.0
 10
189.3003438888888
 20
128.2155311111111
 30
0.0
 10
189.2968161111111
 20
129.1891977777778
 30
0.0
 10
189.2968161111111
 20
130.1593366666667
 30
0.0
 10
189.346205
 20
130.0676144444444
 30
0.0
 10
189.3497327777777
 20
130.9425033333333
 30
0.0
 10
189.346205
 20
131.8173922222222
 30
0.0
 10
189.3003438888888
 20
131.7186144444444
 30
0.0
 10
189.3003438888888
 20
132.6922811111111
 30
0.0
 10
189.3003438888888
 20
133.66242
 30
0.0
 10
189.3497327777777
 20
133.56717
 30
0.0
 10
189.3532605555555
 20
134.4420588888889
 30
0.0
 10
189.3497327777777
 20
135.3169477777778
 30
0.0
 10
189.3003438888888
 20
135.21817
 30
0.0
 10
189.3003438888888
 20
136.1918366666667
 30
0.0
 10
189.3003438888888
 20
137.1619755555556
 30
0.0
 10
189.3497327777777
 20
137.0667255555556
 30
0.0
 10
189.3532605555555
 20
137.9451422222222
 30
0.0
 10
189.3497327777777
 20
138.8165033333333
 30
0.0
 10
189.3038716666666
 20
138.7177255555555
 30
0.0
 10
189.3003438888888
 20
139.6913922222222
 30
0.0
 10
189.3003438888888
 20
140.6615311111111
 30
0.0
 10
189.3497327777777
 20
140.5698088888889
 30
0.0
 10
189.3497327777777
 20
141.4446977777778
 30
0.0
 10
189.3497327777777
 20
142.6112162962963
 30
0.0
 10
189.3497327777777
 20
143.7777348148148
 30
0.0
 10
189.3497327777777
 20
144.9442533333333
 30
0.0
 10
188.3501957407407
 20
144.9430774074074
 30
0.0
 10
187.3506587037037
 20
144.9419014814815
 30
0.0
 10
186.3511216666666
 20
144.9407255555556
 30
0.0
 10
186.3522975925925
 20
143.774207037037
 30
0.0
 10
186.3534735185185
 20
142.6076885185185
 30
0.0
 10
186.3546494444444
 20
141.44117
 30
0.0
 10
186.3546494444444
 20
140.5662811111111
 30
0.0
 10
186.4005105555555
 20
140.6650588888889
 30
0.0
 10
186.4005105555555
 20
139.69492
 30
0.0
 10
186.4040383333333
 20
138.7212533333333
 30
0.0
 10
186.3511216666666
 20
138.8165033333333
 30
0.0
 10
186.3511216666666
 20
137.9416144444444
 30
0.0
 10
186.3511216666666
 20
137.0667255555556
 30
0.0
 10
186.4005105555555
 20
137.1619755555556
 30
0.0
 10
186.4005105555555
 20
136.1918366666667
 30
0.0
 10
186.4005105555555
 20
135.21817
 30
0.0
 10
186.3511216666666
 20
135.3169477777778
 30
0.0
 10
186.3511216666666
 20
134.4420588888889
 30
0.0
 10
186.3511216666666
 20
133.56717
 30
0.0
 10
186.4005105555555
 20
133.66242
 30
0.0
 10
186.4005105555555
 20
132.6922811111111
 30
0.0
 10
186.4005105555555
 20
131.7186144444444
 30
0.0
 10
186.3511216666666
 20
131.8138644444444
 30
0.0
 10
186.3511216666666
 20
130.9389755555555
 30
0.0
 10
186.3475938888888
 20
130.0640866666667
 30
0.0
 10
186.3969827777777
 20
130.1628644444444
 30
0.0
 10
186.3969827777777
 20
129.1891977777778
 30
0.0
 10
186.4005105555555
 20
128.2190588888889
 30
0.0
 10
186.3475938888888
 20
128.3143088888889
 30
0.0
 10
186.3475938888888
 20
127.43942
 30
0.0
 10
186.3475938888888
 20
126.5645311111111
 30
0.0
 10
186.3969827777777
 20
126.6597811111111
 30
0.0
 10
186.3969827777777
 20
125.6896422222222
 30
0.0
 10
186.3969827777777
 20
124.8465033333333
 30
0.0
 10
186.3617049999999
 20
124.8076977777778
 30
0.0
 10
186.3511216666666
 20
124.2467811111111
 30
0.0
 10
186.3511216666666
 20
124.217382962963
 30
0.0
 10
186.3511216666666
 20
124.1879848148148
 30
0.0
 10
186.3511216666666
 20
124.1585866666667
 30
0.0
 10
186.3511216666666
 20
123.3789477777778
 30
0.0
 10
186.3969827777777
 20
123.4353922222222
 30
0.0
 10
186.3969827777777
 20
122.4970033333333
 30
0.0
 10
186.4005105555555
 20
121.5233366666667
 30
0.0
 10
186.3475938888888
 20
121.6221144444444
 30
0.0
 10
186.3475938888888
 20
120.7472255555556
 30
0.0
 10
186.3475938888888
 20
119.97817
 30
0.0
 10
186.2452883333333
 20
119.3572811111111
 30
0.0
 10
186.1218161111111
 20
119.3572811111111
 30
0.0
 10
183.5359549999999
 20
119.3572811111111
 30
0.0
 10
182.3506216666666
 20
117.62867
 30
0.0
 10
182.964455
 20
123.75642
 30
0.0
 10
183.5959272222222
 20
130.0605588888889
 30
0.0
 10
184.3790938888888
 20
144.3092533333333
 30
0.0
 10
183.1090938888889
 20
153.6366977777778
 30
0.0
 10
180.8160383333333
 20
170.4465588888889
 30
0.0
 10
182.7245661111111
 20
165.9415866666667
 30
0.0
 10
187.853955
 20
165.9415866666667
 30
0.0
 10
192.9798161111111
 20
165.9415866666667
 30
0.0
 10
194.8848161111111
 20
170.4465588888889
 30
0.0
 10
192.5952883333333
 20
153.6366977777778
 30
0.0
 10
191.727455
 20
144.2633922222222
 30
0.0
 10
192.1119827777777
 20
130.0605588888889
 30
0.0
 10
192.7399272222222
 20
123.75642
 30
0.0
  0
SPLINE
  5
2FE
330
1F
100
AcDbEntity
  8
DEFAULT
 62
     7
100
AcDbSpline
210
0.0
220
0.0
230
1.0
 70
    11
 71
     3
 72
    17
 73
    13
 74
     0
 42
0.000000001
 43
0.0000000001
 40
0.0
 40
0.0
 40
0.0
 40
0.0
 40
1.0
 40
1.0
 40
1.0
 40
2.0
 40
2.0
 40
2.0
 40
3.0
 40
3.0
 40
3.0
 40
4.0
 40
4.0
 40
4.0
 40
4.0
 10
174.5334541666666
 20
97.17976499999999
 30
0.0
 10
174.5334541666666
 20
96.90353999999998
 30
0.0
 10
174.3094402777778
 20
96.67987888888888
 30
0.0
 10
174.0335680555555
 20
96.67987888888888
 30
0.0
 10
173.7573430555555
 20
96.67987888888888
 30
0.0
 10
173.5333291666666
 20
96.90353999999998
 30
0.0
 10
173.5333291666666
 20
97.17976499999999
 30
0.0
 10
173.5333291666666
 20
97.45598999999999
 30
0.0
 10
173.7573430555555
 20
97.67965111111108
 30
0.0
 10
174.0335680555555
 20
97.67965111111108
 30
0.0
 10
174.3094402777778
 20
97.67965111111108
 30
0.0
 10
174.5334541666666
 20
97.45598999999999
 30
0.0
 10
174.5334541666666
 20
97.17976499999999
 30
0.0
  0
SPLINE
  5
2FF
330
1F
100
AcDbEntity
  8
DEFAULT
 62
     7
100
AcDbSpline
210
0.0
220
0.0
230
1.0
 70
    11
 71
     3
 72
    17
 73
    13
 74
     0
 42
0.000000001
 43
0.0000000001
 40
0.0
 40
0.0
 40
0.0
 40
0.0
 40
1.0
 40
1.0
 40
1.0
 40
2.0
 40
2.0
 40
2.0
 40
3.0
 40
3.0
 40
3.0
 40
4.0
 40
4.0
 40
4.0
 40
4.0
 10
174.5334541666666
 20
98.67974083333333
 30
0.0
 10
174.5334541666666
 20
98.40351583333333
 30
0.0
 10
174.3094402777778
 20
98.17985472222223
 30
0.0
 10
174.0335680555555
 20
98.17985472222223
 30
0.0
 10
173.7573430555555
 20
98.17985472222223
 30
0.0
 10
173.5333291666666
 20
98.40351583333333
 30
0.0
 10
173.5333291666666
 20
98.67974083333333
 30
0.0
 10
173.5333291666666
 20
98.95596583333334
 30
0.0
 10
173.7573430555555
 20
99.17962694444444
 30
0.0
 10
174.0335680555555
 20
99.17962694444444
 30
0.0
 10
174.3094402777778
 20
99.17962694444444
 30
0.0
 10
174.5334541666666
 20
98.95596583333334
 30
0.0
 10
174.5334541666666
 20
98.67974083333333
 30
0.0
  0
SPLINE
  5
300
330
1F
100
AcDbEntity
  8
DEFAULT
 62
     1
100
AcDbSpline
210
0.0
220
0.0
230
1.0
 70
    11
 71
     3
 72
   113
 73
   109
 74
     0
 42
0.000000001
 43
0.0000000001
 40
1.0
 40
1.0
 40
1.0
 40
1.0
 40
2.0
 40
2.0
 40
2.0
 40
3.0
 40
3.0
 40
3.0
 40
4.0
 40
4.0
 40
4.0
 40
5.0
 40
5.0
 40
5.0
 40
6.0
 40
6.0
 40
6.0
 40
7.014142135623718
 40
7.014142135623718
 40
7.014142135623718
 40
8.014142135623718
 40
8.014142135623718
 40
8.014142135623718
 40
9.024142135623709
 40
9.024142135623709
 40
9.024142135623709
 40
10.02414213562371
 40
10.02414213562371
 40
10.02414213562371
 40
11.0341421356237
 40
11.0341421356237
 40
11.0341421356237
 40
12.0341421356237
 40
12.0341421356237
 40
12.0341421356237
 40
13.04828427124742
 40
13.04828427124742
 40
13.04828427124742
 40
14.04828427124742
 40
14.04828427124742
 40
14.04828427124742
 40
15.04828427124742
 40
15.04828427124742
 40
15.04828427124742
 40
24.96828427124743
 40
24.96828427124743
 40
24.96828427124743
 40
33.46829015359834
 40
33.46829015359834
 40
33.46829015359834
 40
43.3882951939196
 40
43.3882951939196
 40
43.3882951939196
 40
44.3882951939196
 40
44.3882951939196
 40
44.3882951939196
 40
45.3882951939196
 40
45.3882951939196
 40
45.3882951939196
 40
46.3882951939196
 40
46.3882951939196
 40
46.3882951939196
 40
47.3882951939196
 40
47.3882951939196
 40
47.3882951939196
 40
48.3882951939196
 40
48.3882951939196
 40
48.3882951939196
 40
49.3882951939196
 40
49.3882951939196
 40
49.3882951939196
 40
50.3882951939196
 40
50.3882951939196
 40
50.3882951939196
 40
51.3882951939196
 40
51.3882951939196
 40
51.3882951939196
 40
52.3882951939196
 40
52.3882951939196
 40
52.3882951939196
 40
53.3882951939196
 40
53.3882951939196
 40
53.3882951939196
 40
53.6382951939196
 40
53.6382951939196
 40
53.6382951939196
 40
54.6382951939196
 40
54.6382951939196
 40
54.6382951939196
 40
55.6382951939196
 40
55.6382951939196
 40
55.6382951939196
 40
56.6382951939196
 40
56.6382951939196
 40
56.6382951939196
 40
57.6382951939196
 40
57.6382951939196
 40
57.6382951939196
 40
58.6382951939196
 40
58.6382951939196
 40
58.6382951939196
 40
59.6382951939196
 40
59.6382951939196
 40
59.6382951939196
 40
60.6382951939196
 40
60.6382951939196
 40
60.6382951939196
 40
61.6382951939196
 40
61.6382951939196
 40
61.6382951939196
 40
61.6382951939196
 10
178.9218333333333
 20
73.99358666666666
 30
0.0
 10
179.5356666666667
 20
67.86583666666665
 30
0.0
 10
178.3503333333333
 20
69.59444777777777
 30
0.0
 10
175.7644722222222
 20
69.59444777777777
 30
0.0
 10
175.641
 20
69.59444777777777
 30
0.0
 10
175.5316388888889
 20
70.21886444444443
 30
0.0
 10
175.5316388888889
 20
70.98791999999999
 30
0.0
 10
175.5281111111111
 20
71.8592811111111
 30
0.0
 10
175.48225
 20
71.76050333333332
 30
0.0
 10
175.4787222222222
 20
72.73416999999999
 30
0.0
 10
175.4787222222222
 20
73.64433666666666
 30
0.0
 10
175.5210555555555
 20
73.61611444444443
 30
0.0
 10
175.5245833333333
 20
74.33225333333333
 30
0.0
 10
175.5210555555555
 20
75.04486444444443
 30
0.0
 10
175.4787222222222
 20
75.01311444444443
 30
0.0
 10
175.4787222222222
 20
75.92680888888887
 30
0.0
 10
175.4787222222222
 20
76.89694777777777
 30
0.0
 10
175.5281111111111
 20
76.80169777777778
 30
0.0
 10
175.5316388888889
 20
77.68011444444443
 30
0.0
 10
175.5281111111111
 20
78.55147555555554
 30
0.0
 10
175.48225
 20
78.45269777777777
 30
0.0
 10
175.4787222222222
 20
79.42636444444443
 30
0.0
 10
175.4787222222222
 20
80.39650333333333
 30
0.0
 10
175.5281111111111
 20
80.30478111111111
 30
0.0
 10
175.5316388888889
 20
81.17966999999999
 30
0.0
 10
175.5281111111111
 20
82.05455888888888
 30
0.0
 10
175.48225
 20
81.9557811111111
 30
0.0
 10
175.48225
 20
82.92944777777777
 30
0.0
 10
175.48225
 20
83.89958666666666
 30
0.0
 10
175.5316388888889
 20
83.80433666666666
 30
0.0
 10
175.5351666666666
 20
84.67922555555555
 30
0.0
 10
175.5316388888889
 20
85.55411444444444
 30
0.0
 10
175.48225
 20
85.45533666666667
 30
0.0
 10
175.48225
 20
86.42900333333333
 30
0.0
 10
175.48225
 20
87.39914222222221
 30
0.0
 10
175.5316388888889
 20
87.3038922222222
 30
0.0
 10
175.5351666666666
 20
88.18230888888888
 30
0.0
 10
175.5316388888889
 20
89.05367
 30
0.0
 10
175.4857777777778
 20
88.95489222222221
 30
0.0
 10
175.48225
 20
89.92855888888887
 30
0.0
 10
175.48225
 20
90.89869777777777
 30
0.0
 10
175.5316388888889
 20
90.80697555555554
 30
0.0
 10
175.5316388888889
 20
91.68186444444444
 30
0.0
 10
175.5316388888889
 20
92.84838296296296
 30
0.0
 10
175.5316388888889
 20
94.01490148148149
 30
0.0
 10
175.5316388888889
 20
95.18142
 30
0.0
 10
174.5321018518518
 20
95.18024407407408
 30
0.0
 10
173.5325648148148
 20
95.17906814814815
 30
0.0
 10
172.5330277777778
 20
95.17789222222221
 30
0.0
 10
172.5342037037037
 20
94.01137370370371
 30
0.0
 10
172.5353796296296
 20
92.84485518518518
 30
0.0
 10
172.5365555555555
 20
91.67833666666667
 30
0.0
 10
172.5365555555555
 20
90.80344777777778
 30
0.0
 10
172.5824166666667
 20
90.90222555555553
 30
0.0
 10
172.5824166666667
 20
89.93208666666666
 30
0.0
 10
172.5859444444444
 20
88.95841999999999
 30
0.0
 10
172.5330277777778
 20
89.05367
 30
0.0
 10
172.5330277777778
 20
88.1787811111111
 30
0.0
 10
172.5330277777778
 20
87.3038922222222
 30
0.0
 10
172.5824166666667
 20
87.39914222222221
 30
0.0
 10
172.5824166666667
 20
86.42900333333333
 30
0.0
 10
172.5824166666667
 20
85.45533666666667
 30
0.0
 10
172.5330277777778
 20
85.55411444444444
 30
0.0
 10
172.5330277777778
 20
84.67922555555555
 30
0.0
 10
172.5330277777778
 20
83.80433666666666
 30
0.0
 10
172.5824166666667
 20
83.89958666666666
 30
0.0
 10
172.5824166666667
 20
82.92944777777777
 30
0.0
 10
172.5824166666667
 20
81.9557811111111
 30
0.0
 10
172.5330277777778
 20
82.0510311111111
 30
0.0
 10
172.5330277777778
 20
81.17614222222221
 30
0.0
 10
172.5295
 20
80.30125333333332
 30
0.0
 10
172.5788888888889
 20
80.4000311111111
 30
0.0
 10
172.5788888888889
 20
79.42636444444443
 30
0.0
 10
172.5824166666667
 20
78.45622555555555
 30
0.0
 10
172.5295
 20
78.55147555555554
 30
0.0
 10
172.5295
 20
77.67658666666665
 30
0.0
 10
172.5295
 20
76.80169777777778
 30
0.0
 10
172.5788888888889
 20
76.89694777777777
 30
0.0
 10
172.5788888888889
 20
75.92680888888887
 30
0.0
 10
172.5788888888889
 20
75.08367
 30
0.0
 10
172.5436111111111
 20
75.04486444444443
 30
0.0
 10
172.5330277777778
 20
74.48394777777777
 30
0.0
 10
172.5330277777778
 20
74.45454962962962
 30
0.0
 10
172.5330277777778
 20
74.42515148148148
 30
0.0
 10
172.5330277777778
 20
74.39575333333332
 30
0.0
 10
172.5330277777778
 20
73.61611444444443
 30
0.0
 10
172.5788888888889
 20
73.67255888888889
 30
0.0
 10
172.5788888888889
 20
72.73416999999999
 30
0.0
 10
172.5824166666667
 20
71.76050333333332
 30
0.0
 10
172.5295
 20
71.8592811111111
 30
0.0
 10
172.5295
 20
70.98439222222221
 30
0.0
 10
172.5295
 20
70.21533666666666
 30
0.0
 10
172.4271944444444
 20
69.59444777777777
 30
0.0
 10
172.3037222222222
 20
69.59444777777777
 30
0.0
 10
169.7178611111111
 20
69.59444777777777
 30
0.0
 10
168.5325277777778
 20
67.86583666666665
 30
0.0
 10
169.1463611111111
 20
73.99358666666666
 30
0.0
 10
169.7778333333333
 20
80.29772555555554
 30
0.0
 10
170.561
 20
94.54642
 30
0.0
 10
169.291
 20
103.8738644444444
 30
0.0
 10
166.9979444444444
 20
120.6837255555555
 30
0.0
 10
168.9064722222222
 20
116.1787533333333
 30
0.0
 10
174.0358611111111
 20
116.1787533333333
 30
0.0
 10
179.1617222222222
 20
116.1787533333333
 30
0.0
 10
181.0667222222222
 20
120.6837255555555
 30
0.0
 10
178.7771944444444
 20
103.8738644444444
 30
0.0
 10
177.9093611111111
 20
94.50055888888889
 30
0.0
 10
178.2938888888889
 20
80.29772555555554
 30
0.0
 10
178.9218333333333
 20
73.99358666666666
 30
0.0
  0
SPLINE
  5
301
330
1F
100
AcDbEntity
  8
DEFAULT
 62
     7
100
AcDbSpline
210
0.0
220
0.0
230
1.0
 70
    11
 71
     3
 72
    17
 73
    13
 74
     0
 42
0.000000001
 43
0.0000000001
 40
0.0
 40
0.0
 40
0.0
 40
0.0
 40
1.0
 40
1.0
 40
1.0
 40
2.0
 40
2.0
 40
2.0
 40
3.0
 40
3.0
 40
3.0
 40
4.0
 40
4.0
 40
4.0
 40
4.0
 10
181.2064575
 20
223.1326147222222
 30
0.0
 10
181.0681686111111
 20
222.8934313888889
 30
0.0
 10
180.7626630555555
 20
222.8115869444444
 30
0.0
 10
180.5234797222222
 20
222.9495230555555
 30
0.0
 10
180.2842963888889
 20
223.0878119444444
 30
0.0
 10
180.2024519444444
 20
223.3933175
 30
0.0
 10
180.3403880555556
 20
223.6325008333333
 30
0.0
 10
180.4786769444445
 20
223.8716841666667
 30
0.0
 10
180.7841825
 20
223.9538813888888
 30
0.0
 10
181.0233658333333
 20
223.8155925
 30
0.0
 10
181.2625491666667
 20
223.6776563888888
 30
0.0
 10
181.3447463888889
 20
223.3717980555555
 30
0.0
 10
181.2064575
 20
223.1326147222222
 30
0.0
  0
SPLINE
  5
302
330
1F
100
AcDbEntity
  8
DEFAULT
 62
     7
100
AcDbSpline
210
0.0
220
0.0
230
1.0
 70
    11
 71
     3
 72
    17
 73
    13
 74
     0
 42
0.000000001
 43
0.0000000001
 40
0.0
 40
0.0
 40
0.0
 40
0.0
 40
1.0
 40
1.0
 40
1.0
 40
2.0
 40
2.0
 40
2.0
 40
3.0
 40
3.0
 40
3.0
 40
4.0
 40
4.0
 40
4.0
 40
4.0
 10
180.0234172222222
 20
224.1816347222222
 30
0.0
 10
179.7471922222222
 20
224.1816347222222
 30
0.0
 10
179.5235311111111
 20
224.4056486111111
 30
0.0
 10
179.5235311111111
 20
224.6815208333333
 30
0.0
 10
179.5235311111111
 20
224.9577458333333
 30
0.0
 10
179.7471922222222
 20
225.1814069444444
 30
0.0
 10
180.0234172222222
 20
225.1814069444444
 30
0.0
 10
180.2996422222222
 20
225.1814069444444
 30
0.0
 10
180.5233033333333
 20
224.9577458333333
 30
0.0
 10
180.5233033333333
 20
224.6815208333333
 30
0.0
 10
180.5233033333333
 20
224.4056486111111
 30
0.0
 10
180.2996422222222
 20
224.1816347222222
 30
0.0
 10
180.0234172222222
 20
224.1816347222222
 30
0.0
  0
SPLINE
  5
303
330
1F
100
AcDbEntity
  8
DEFAULT
 62
     7
100
AcDbSpline
210
0.0
220
0.0
230
1.0
 70
    11
 71
     3
 72
    17
 73
    13
 74
     0
 42
0.000000001
 43
0.0000000001
 40
0.0
 40
0.0
 40
0.0
 40
0.0
 40
1.0
 40
1.0
 40
1.0
 40
2.0
 40
2.0
 40
2.0
 40
3.0
 40
3.0
 40
3.0
 40
4.0
 40
4.0
 40
4.0
 40
4.0
 10
181.5233930555555
 20
224.1816347222222
 30
0.0
 10
181.2471680555555
 20
224.1816347222222
 30
0.0
 10
181.0235069444444
 20
224.4056486111111
 30
0.0
 10
181.0235069444444
 20
224.6815208333333
 30
0.0
 10
181.0235069444444
 20
224.9577458333333
 30
0.0
 10
181.2471680555555
 20
225.1814069444444
 30
0.0
 10
181.5233930555555
 20
225.1814069444444
 30
0.0
 10
181.7996180555555
 20
225.1814069444444
 30
0.0
 10
182.0232791666666
 20
224.9577458333333
 30
0.0
 10
182.0232791666666
 20
224.6815208333333
 30
0.0
 10
182.0232791666666
 20
224.4056486111111
 30
0.0
 10
181.7996180555555
 20
224.1816347222222
 30
0.0
 10
181.5233930555555
 20
224.1816347222222
 30
0.0
  0
SPLINE
  5
304
330
1F
100
AcDbEntity
  8
DEFAULT
 62
     1
100
AcDbSpline
210
0.0
220
0.0
230
1.0
 70
    11
 71
     3
 72
   110
 73
   106
 74
     0
 42
0.000000001
 43
0.0000000001
 40
1.0
 40
1.0
 40
1.0
 40
1.0
 40
2.0
 40
2.0
 40
2.0
 40
3.0
 40
3.0
 40
3.0
 40
4.0
 40
4.0
 40
4.0
 40
5.009999999999991
 40
5.009999999999991
 40
5.009999999999991
 40
6.009999999999991
 40
6.009999999999991
 40
6.009999999999991
 40
7.009999999999991
 40
7.009999999999991
 40
7.009999999999991
 40
8.009999999999991
 40
8.009999999999991
 40
8.009999999999991
 40
9.009999999999991
 40
9.009999999999991
 40
9.009999999999991
 40
10.00999999999999
 40
10.00999999999999
 40
10.00999999999999
 40
11.00999999999999
 40
11.00999999999999
 40
11.00999999999999
 40
12.00999999999999
 40
12.00999999999999
 40
12.00999999999999
 40
13.00999999999999
 40
13.00999999999999
 40
13.00999999999999
 40
14.00999999999999
 40
14.00999999999999
 40
14.00999999999999
 40
15.00999999999999
 40
15.00999999999999
 40
15.00999999999999
 40
24.93099999999998
 40
24.93099999999998
 40
24.93099999999998
 40
33.43099999999998
 40
33.43099999999998
 40
33.43099999999998
 40
43.36099999999999
 40
43.36099999999999
 40
43.36099999999999
 40
44.36099999999999
 40
44.36099999999999
 40
44.36099999999999
 40
45.36099999999999
 40
45.36099999999999
 40
45.36099999999999
 40
46.36099999999999
 40
46.36099999999999
 40
46.36099999999999
 40
47.36099999999999
 40
47.36099999999999
 40
47.36099999999999
 40
48.36099999999999
 40
48.36099999999999
 40
48.36099999999999
 40
49.36099999999999
 40
49.36099999999999
 40
49.36099999999999
 40
50.36099999999999
 40
50.36099999999999
 40
50.36099999999999
 40
51.36099999999999
 40
51.36099999999999
 40
51.36099999999999
 40
52.36099999999999
 40
52.36099999999999
 40
52.36099999999999
 40
53.36099999999999
 40
53.36099999999999
 40
53.36099999999999
 40
54.36099999999999
 40
54.36099999999999
 40
54.36099999999999
 40
55.36099999999999
 40
55.36099999999999
 40
55.36099999999999
 40
56.36099999999999
 40
56.36099999999999
 40
56.36099999999999
 40
57.36099999999999
 40
57.36099999999999
 40
57.36099999999999
 40
58.36099999999999
 40
58.36099999999999
 40
58.36099999999999
 40
59.36099999999999
 40
59.36099999999999
 40
59.36099999999999
 40
60.36099999999999
 40
60.36099999999999
 40
60.36099999999999
 40
61.36099999999999
 40
61.36099999999999
 40
61.36099999999999
 40
61.36099999999999
 10
154.5603405555555
 20
219.1679922222222
 30
0.0
 10
149.3992016666667
 20
218.7234922222222
 30
0.0
 10
150.7362294444444
 20
220.1698811111111
 30
0.0
 10
150.997285
 20
222.1313255555555
 30
0.0
 10
150.997285
 20
222.3535755555555
 30
0.0
 10
151.2371738888889
 20
222.5334922222222
 30
0.0
 10
151.5299794444445
 20
222.5334922222222
 30
0.0
 10
152.4048683333333
 20
222.5334922222222
 30
0.0
 10
152.3060905555556
 20
222.5828811111111
 30
0.0
 10
153.2797572222222
 20
222.5828811111111
 30
0.0
 10
154.2498961111111
 20
222.5828811111111
 30
0.0
 10
154.1546461111111
 20
222.5334922222222
 30
0.0
 10
155.029535
 20
222.5334922222222
 30
0.0
 10
155.9008961111111
 20
222.5334922222222
 30
0.0
 10
157.8020155555556
 20
222.5828811111111
 30
0.0
 10
158.7756822222222
 20
222.5828811111111
 30
0.0
 10
159.7458211111111
 20
222.5828811111111
 30
0.0
 10
159.6509238888889
 20
222.5334922222222
 30
0.0
 10
160.5258127777778
 20
222.5334922222222
 30
0.0
 10
161.4007016666667
 20
222.5334922222222
 30
0.0
 10
161.3015711111111
 20
222.5828811111111
 30
0.0
 10
162.2752377777778
 20
222.5828811111111
 30
0.0
 10
163.2453766666667
 20
222.5828811111111
 30
0.0
 10
163.1501266666667
 20
222.5334922222222
 30
0.0
 10
164.0253683333333
 20
222.5334922222222
 30
0.0
 10
164.9002572222222
 20
222.5334922222222
 30
0.0
 10
164.8011266666666
 20
222.5828811111111
 30
0.0
 10
165.7751461111111
 20
222.5828811111111
 30
0.0
 10
166.745285
 20
222.5828811111111
 30
0.0
 10
166.6496822222222
 20
222.5334922222222
 30
0.0
 10
167.5245711111111
 20
222.5334922222222
 30
0.0
 10
168.39946
 20
222.5334922222222
 30
0.0
 10
168.3006822222222
 20
222.5828811111111
 30
0.0
 10
169.2743488888889
 20
222.5828811111111
 30
0.0
 10
170.2444877777778
 20
222.5828811111111
 30
0.0
 10
170.1492377777778
 20
222.5334922222222
 30
0.0
 10
171.0241266666667
 20
222.5334922222222
 30
0.0
 10
171.8990155555555
 20
222.5334922222222
 30
0.0
 10
171.8002377777778
 20
222.5828811111111
 30
0.0
 10
172.7739044444444
 20
222.5828811111111
 30
0.0
 10
173.7440433333333
 20
222.5828811111111
 30
0.0
 10
173.6487933333333
 20
222.5334922222222
 30
0.0
 10
174.5236822222222
 20
222.5334922222222
 30
0.0
 10
175.6903183333333
 20
222.5334922222222
 30
0.0
 10
176.8569544444444
 20
222.5334922222222
 30
0.0
 10
178.0235905555555
 20
222.5334922222222
 30
0.0
 10
178.0235905555555
 20
223.5330292592592
 30
0.0
 10
178.0235905555555
 20
224.5325662962963
 30
0.0
 10
178.0235905555555
 20
225.5321033333333
 30
0.0
 10
176.8558961111111
 20
225.5321033333333
 30
0.0
 10
175.6882016666666
 20
225.5321033333333
 30
0.0
 10
174.5205072222222
 20
225.5321033333333
 30
0.0
 10
173.6487933333333
 20
225.5321033333333
 30
0.0
 10
173.7440433333333
 20
225.4827144444444
 30
0.0
 10
172.7739044444444
 20
225.4827144444444
 30
0.0
 10
171.8002377777778
 20
225.4827144444444
 30
0.0
 10
171.8990155555555
 20
225.5321033333333
 30
0.0
 10
171.0241266666667
 20
225.5321033333333
 30
0.0
 10
170.1492377777778
 20
225.5321033333333
 30
0.0
 10
170.2444877777778
 20
225.4827144444444
 30
0.0
 10
169.2743488888889
 20
225.4827144444444
 30
0.0
 10
168.3006822222222
 20
225.4827144444444
 30
0.0
 10
168.39946
 20
225.5321033333333
 30
0.0
 10
167.5245711111111
 20
225.5321033333333
 30
0.0
 10
166.6496822222222
 20
225.5321033333333
 30
0.0
 10
166.745285
 20
225.4827144444444
 30
0.0
 10
165.7751461111111
 20
225.4827144444444
 30
0.0
 10
164.8011266666666
 20
225.4827144444444
 30
0.0
 10
164.9002572222222
 20
225.5321033333333
 30
0.0
 10
164.0253683333333
 20
225.5321033333333
 30
0.0
 10
163.1501266666667
 20
225.5321033333333
 30
0.0
 10
163.2453766666667
 20
225.4827144444444
 30
0.0
 10
162.2752377777778
 20
225.4827144444444
 30
0.0
 10
161.3015711111111
 20
225.4827144444444
 30
0.0
 10
161.4007016666667
 20
225.5321033333333
 30
0.0
 10
160.5258127777778
 20
225.5321033333333
 30
0.0
 10
159.6509238888889
 20
225.5321033333333
 30
0.0
 10
159.7458211111111
 20
225.4827144444444
 30
0.0
 10
158.7756822222222
 20
225.4827144444444
 30
0.0
 10
157.8020155555556
 20
225.4827144444444
 30
0.0
 10
155.9008961111111
 20
225.5321033333333
 30
0.0
 10
155.0260072222222
 20
225.5321033333333
 30
0.0
 10
154.1546461111111
 20
225.5321033333333
 30
0.0
 10
154.2498961111111
 20
225.4827144444444
 30
0.0
 10
153.2797572222222
 20
225.4827144444444
 30
0.0
 10
152.3060905555556
 20
225.4827144444444
 30
0.0
 10
152.4048683333333
 20
225.5321033333333
 30
0.0
 10
151.5299794444445
 20
225.5321033333333
 30
0.0
 10
151.2371738888889
 20
225.5321033333333
 30
0.0
 10
150.997285
 20
225.7084922222222
 30
0.0
 10
150.997285
 20
225.9307422222222
 30
0.0
 10
150.7362294444444
 20
227.8921866666666
 30
0.0
 10
149.3992016666667
 20
229.3385755555555
 30
0.0
 10
154.5603405555555
 20
228.8940755555556
 30
0.0
 10
158.8233072222222
 20
228.5254227777777
 30
0.0
 10
169.4542655555555
 20
227.2839977777778
 30
0.0
 10
178.1647016666667
 20
228.3966588888889
 30
0.0
 10
195.7397377777777
 20
230.6367977777778
 30
0.0
 10
192.02146
 20
227.8286866666666
 30
0.0
 10
192.02146
 20
224.0327977777777
 30
0.0
 10
192.02146
 20
220.2369088888888
 30
0.0
 10
195.7397377777777
 20
217.42527
 30
0.0
 10
178.1647016666667
 20
219.6689366666666
 30
0.0
 10
169.4080516666667
 20
220.7840672222222
 30
0.0
 10
158.8487072222222
 20
219.5387616666667
 30
0.0
 10
154.5603405555555
 20
219.1679922222222
 30
0.0
  0
SPLINE
  5
305
330
1F
100
AcDbEntity
  8
DEFAULT
 62
     7
100
AcDbSpline
210
0.0
220
0.0
230
1.0
 70
    11
 71
     3
 72
    17
 73
    13
 74
     0
 42
0.000000001
 43
0.0000000001
 40
0.0
 40
0.0
 40
0.0
 40
0.0
 40
1.0
 40
1.0
 40
1.0
 40
2.0
 40
2.0
 40
2.0
 40
3.0
 40
3.0
 40
3.0
 40
4.0
 40
4.0
 40
4.0
 40
4.0
 10
181.2064575
 20
236.1137433333333
 30
0.0
 10
181.0681686111111
 20
235.87456
 30
0.0
 10
180.7626630555555
 20
235.7927155555556
 30
0.0
 10
180.5234797222222
 20
235.9306516666666
 30
0.0
 10
180.2842963888889
 20
236.0689405555556
 30
0.0
 10
180.2024519444444
 20
236.3747988888889
 30
0.0
 10
180.3403880555556
 20
236.6136294444445
 30
0.0
 10
180.4786769444445
 20
236.8531655555555
 30
0.0
 10
180.7841825
 20
236.93501
 30
0.0
 10
181.0233658333333
 20
236.7970738888889
 30
0.0
 10
181.2625491666667
 20
236.658785
 30
0.0
 10
181.3447463888889
 20
236.3529266666667
 30
0.0
 10
181.2064575
 20
236.1137433333333
 30
0.0
  0
SPLINE
  5
306
330
1F
100
AcDbEntity
  8
DEFAULT
 62
     7
100
AcDbSpline
210
0.0
220
0.0
230
1.0
 70
    11
 71
     3
 72
    17
 73
    13
 74
     0
 42
0.000000001
 43
0.0000000001
 40
0.0
 40
0.0
 40
0.0
 40
0.0
 40
1.0
 40
1.0
 40
1.0
 40
2.0
 40
2.0
 40
2.0
 40
3.0
 40
3.0
 40
3.0
 40
4.0
 40
4.0
 40
4.0
 40
4.0
 10
180.0234172222222
 20
237.1629397222222
 30
0.0
 10
179.7471922222222
 20
237.1629397222222
 30
0.0
 10
179.5235311111111
 20
237.3866008333333
 30
0.0
 10
179.5235311111111
 20
237.6628258333333
 30
0.0
 10
179.5235311111111
 20
237.9390508333333
 30
0.0
 10
179.7471922222222
 20
238.1627119444444
 30
0.0
 10
180.0234172222222
 20
238.1627119444444
 30
0.0
 10
180.2996422222222
 20
238.1627119444444
 30
0.0
 10
180.5233033333333
 20
237.9390508333333
 30
0.0
 10
180.5233033333333
 20
237.6628258333333
 30
0.0
 10
180.5233033333333
 20
237.3866008333333
 30
0.0
 10
180.2996422222222
 20
237.1629397222222
 30
0.0
 10
180.0234172222222
 20
237.1629397222222
 30
0.0
  0
SPLINE
  5
307
330
1F
100
AcDbEntity
  8
DEFAULT
 62
     7
100
AcDbSpline
210
0.0
220
0.0
230
1.0
 70
    11
 71
     3
 72
    17
 73
    13
 74
     0
 42
0.000000001
 43
0.0000000001
 40
0.0
 40
0.0
 40
0.0
 40
0.0
 40
1.0
 40
1.0
 40
1.0
 40
2.0
 40
2.0
 40
2.0
 40
3.0
 40
3.0
 40
3.0
 40
4.0
 40
4.0
 40
4.0
 40
4.0
 10
181.5233930555555
 20
237.1629397222222
 30
0.0
 10
181.2471680555555
 20
237.1629397222222
 30
0.0
 10
181.0235069444444
 20
237.3866008333333
 30
0.0
 10
181.0235069444444
 20
237.6628258333333
 30
0.0
 10
181.0235069444444
 20
237.9390508333333
 30
0.0
 10
181.2471680555555
 20
238.1627119444444
 30
0.0
 10
181.5233930555555
 20
238.1627119444444
 30
0.0
 10
181.7996180555555
 20
238.1627119444444
 30
0.0
 10
182.0232791666666
 20
237.9390508333333
 30
0.0
 10
182.0232791666666
 20
237.6628258333333
 30
0.0
 10
182.0232791666666
 20
237.3866008333333
 30
0.0
 10
181.7996180555555
 20
237.1629397222222
 30
0.0
 10
181.5233930555555
 20
237.1629397222222
 30
0.0
  0
SPLINE
  5
308
330
1F
100
AcDbEntity
  8
DEFAULT
 62
     1
100
AcDbSpline
210
0.0
220
0.0
230
1.0
 70
    11
 71
     3
 72
   110
 73
   106
 74
     0
 42
0.000000001
 43
0.0000000001
 40
1.0
 40
1.0
 40
1.0
 40
1.0
 40
2.0
 40
2.0
 40
2.0
 40
3.0
 40
3.0
 40
3.0
 40
4.0
 40
4.0
 40
4.0
 40
5.009999999999991
 40
5.009999999999991
 40
5.009999999999991
 40
6.009999999999991
 40
6.009999999999991
 40
6.009999999999991
 40
7.009999999999991
 40
7.009999999999991
 40
7.009999999999991
 40
8.009999999999991
 40
8.009999999999991
 40
8.009999999999991
 40
9.009999999999991
 40
9.009999999999991
 40
9.009999999999991
 40
10.00999999999999
 40
10.00999999999999
 40
10.00999999999999
 40
11.00999999999999
 40
11.00999999999999
 40
11.00999999999999
 40
12.00999999999999
 40
12.00999999999999
 40
12.00999999999999
 40
13.00999999999999
 40
13.00999999999999
 40
13.00999999999999
 40
14.00999999999999
 40
14.00999999999999
 40
14.00999999999999
 40
15.00999999999999
 40
15.00999999999999
 40
15.00999999999999
 40
24.93099999999998
 40
24.93099999999998
 40
24.93099999999998
 40
33.43099999999998
 40
33.43099999999998
 40
33.43099999999998
 40
43.36099999999999
 40
43.36099999999999
 40
43.36099999999999
 40
44.36099999999999
 40
44.36099999999999
 40
44.36099999999999
 40
45.36099999999999
 40
45.36099999999999
 40
45.36099999999999
 40
46.36099999999999
 40
46.36099999999999
 40
46.36099999999999
 40
47.36099999999999
 40
47.36099999999999
 40
47.36099999999999
 40
48.36099999999999
 40
48.36099999999999
 40
48.36099999999999
 40
49.36099999999999
 40
49.36099999999999
 40
49.36099999999999
 40
50.36099999999999
 40
50.36099999999999
 40
50.36099999999999
 40
51.36099999999999
 40
51.36099999999999
 40
51.36099999999999
 40
52.36099999999999
 40
52.36099999999999
 40
52.36099999999999
 40
53.36099999999999
 40
53.36099999999999
 40
53.36099999999999
 40
54.36099999999999
 40
54.36099999999999
 40
54.36099999999999
 40
55.36099999999999
 40
55.36099999999999
 40
55.36099999999999
 40
56.36099999999999
 40
56.36099999999999
 40
56.36099999999999
 40
57.36099999999999
 40
57.36099999999999
 40
57.36099999999999
 40
58.36099999999999
 40
58.36099999999999
 40
58.36099999999999
 40
59.36099999999999
 40
59.36099999999999
 40
59.36099999999999
 40
60.36099999999999
 40
60.36099999999999
 40
60.36099999999999
 40
61.36099999999999
 40
61.36099999999999
 40
61.36099999999999
 40
61.36099999999999
 10
154.5603405555555
 20
232.1492972222222
 30
0.0
 10
149.3992016666667
 20
231.7047972222222
 30
0.0
 10
150.7362294444444
 20
233.1511861111111
 30
0.0
 10
150.997285
 20
235.1126305555555
 30
0.0
 10
150.997285
 20
235.3348805555555
 30
0.0
 10
151.2371738888889
 20
235.5147972222222
 30
0.0
 10
151.5299794444445
 20
235.5147972222222
 30
0.0
 10
152.4048683333333
 20
235.5147972222222
 30
0.0
 10
152.3060905555556
 20
235.5641861111111
 30
0.0
 10
153.2797572222222
 20
235.5641861111111
 30
0.0
 10
154.2498961111111
 20
235.5641861111111
 30
0.0
 10
154.1546461111111
 20
235.5147972222222
 30
0.0
 10
155.029535
 20
235.5147972222222
 30
0.0
 10
155.9008961111111
 20
235.5147972222222
 30
0.0
 10
157.8020155555556
 20
235.5641861111111
 30
0.0
 10
158.7756822222222
 20
235.5641861111111
 30
0.0
 10
159.7458211111111
 20
235.5641861111111
 30
0.0
 10
159.6509238888889
 20
235.5147972222222
 30
0.0
 10
160.5258127777778
 20
235.5147972222222
 30
0.0
 10
161.4007016666667
 20
235.5147972222222
 30
0.0
 10
161.3015711111111
 20
235.5641861111111
 30
0.0
 10
162.2752377777778
 20
235.5641861111111
 30
0.0
 10
163.2453766666667
 20
235.5641861111111
 30
0.0
 10
163.1501266666667
 20
235.5147972222222
 30
0.0
 10
164.0253683333333
 20
235.5147972222222
 30
0.0
 10
164.9002572222222
 20
235.5147972222222
 30
0.0
 10
164.8011266666666
 20
235.5641861111111
 30
0.0
 10
165.7751461111111
 20
235.5641861111111
 30
0.0
 10
166.745285
 20
235.5641861111111
 30
0.0
 10
166.6496822222222
 20
235.5147972222222
 30
0.0
 10
167.5245711111111
 20
235.5147972222222
 30
0.0
 10
168.39946
 20
235.5147972222222
 30
0.0
 10
168.3006822222222
 20
235.5641861111111
 30
0.0
 10
169.2743488888889
 20
235.5641861111111
 30
0.0
 10
170.2444877777778
 20
235.5641861111111
 30
0.0
 10
170.1492377777778
 20
235.5147972222222
 30
0.0
 10
171.0241266666667
 20
235.5147972222222
 30
0.0
 10
171.8990155555555
 20
235.5147972222222
 30
0.0
 10
171.8002377777778
 20
235.5641861111111
 30
0.0
 10
172.7739044444444
 20
235.5641861111111
 30
0.0
 10
173.7440433333333
 20
235.5641861111111
 30
0.0
 10
173.6487933333333
 20
235.5147972222222
 30
0.0
 10
174.5236822222222
 20
235.5147972222222
 30
0.0
 10
175.6903183333333
 20
235.5147972222222
 30
0.0
 10
176.8569544444444
 20
235.5147972222222
 30
0.0
 10
178.0235905555555
 20
235.5147972222222
 30
0.0
 10
178.0235905555555
 20
236.5143342592592
 30
0.0
 10
178.0235905555555
 20
237.5138712962963
 30
0.0
 10
178.0235905555555
 20
238.5134083333333
 30
0.0
 10
176.8558961111111
 20
238.5134083333333
 30
0.0
 10
175.6882016666666
 20
238.5134083333333
 30
0.0
 10
174.5205072222222
 20
238.5134083333333
 30
0.0
 10
173.6487933333333
 20
238.5134083333333
 30
0.0
 10
173.7440433333333
 20
238.4640194444444
 30
0.0
 10
172.7739044444444
 20
238.4640194444444
 30
0.0
 10
171.8002377777778
 20
238.4640194444444
 30
0.0
 10
171.8990155555555
 20
238.5134083333333
 30
0.0
 10
171.0241266666667
 20
238.5134083333333
 30
0.0
 10
170.1492377777778
 20
238.5134083333333
 30
0.0
 10
170.2444877777778
 20
238.4640194444444
 30
0.0
 10
169.2743488888889
 20
238.4640194444444
 30
0.0
 10
168.3006822222222
 20
238.4640194444444
 30
0.0
 10
168.39946
 20
238.5134083333333
 30
0.0
 10
167.5245711111111
 20
238.5134083333333
 30
0.0
 10
166.6496822222222
 20
238.5134083333333
 30
0.0
 10
166.745285
 20
238.4640194444444
 30
0.0
 10
165.7751461111111
 20
238.4640194444444
 30
0.0
 10
164.8011266666666
 20
238.4640194444444
 30
0.0
 10
164.9002572222222
 20
238.5134083333333
 30
0.0
 10
164.0253683333333
 20
238.5134083333333
 30
0.0
 10
163.1501266666667
 20
238.5134083333333
 30
0.0
 10
163.2453766666667
 20
238.4640194444444
 30
0.0
 10
162.2752377777778
 20
238.4640194444444
 30
0.0
 10
161.3015711111111
 20
238.4640194444444
 30
0.0
 10
161.4007016666667
 20
238.5134083333333
 30
0.0
 10
160.5258127777778
 20
238.5134083333333
 30
0.0
 10
159.6509238888889
 20
238.5134083333333
 30
0.0
 10
159.7458211111111
 20
238.4640194444444
 30
0.0
 10
158.7756822222222
 20
238.4640194444444
 30
0.0
 10
157.8020155555556
 20
238.4640194444444
 30
0.0
 10
155.9008961111111
 20
238.5134083333333
 30
0.0
 10
155.0260072222222
 20
238.5134083333333
 30
0.0
 10
154.1546461111111
 20
238.5134083333333
 30
0.0
 10
154.2498961111111
 20
238.4640194444444
 30
0.0
 10
153.2797572222222
 20
238.4640194444444
 30
0.0
 10
152.3060905555556
 20
238.4640194444444
 30
0.0
 10
152.4048683333333
 20
238.5134083333333
 30
0.0
 10
151.5299794444445
 20
238.5134083333333
 30
0.0
 10
151.2371738888889
 20
238.5134083333333
 30
0.0
 10
150.997285
 20
238.6897972222222
 30
0.0
 10
150.997285
 20
238.9120472222222
 30
0.0
 10
150.7362294444444
 20
240.8731388888889
 30
0.0
 10
149.3992016666667
 20
242.3198805555556
 30
0.0
 10
154.5603405555555
 20
241.8753805555556
 30
0.0
 10
158.8233072222222
 20
241.506375
 30
0.0
 10
169.4542655555555
 20
240.2653027777777
 30
0.0
 10
178.1647016666667
 20
241.3779638888889
 30
0.0
 10
195.7397377777777
 20
243.6181027777778
 30
0.0
 10
192.02146
 20
240.8099916666666
 30
0.0
 10
192.02146
 20
237.0141027777778
 30
0.0
 10
192.02146
 20
233.2182138888889
 30
0.0
 10
195.7397377777777
 20
230.406575
 30
0.0
 10
178.1647016666667
 20
232.6502416666666
 30
0.0
 10
169.4080516666667
 20
233.7653722222222
 30
0.0
 10
158.8487072222222
 20
232.5200666666667
 30
0.0
 10
154.5603405555555
 20
232.1492972222222
 30
0.0
  0
SPLINE
  5
309
330
1F
100
AcDbEntity
  8
DEFAULT
 62
     7
100
AcDbSpline
210
0.0
220
0.0
230
1.0
 70
    11
 71
     3
 72
    17
 73
    13
 74
     0
 42
0.000000001
 43
0.0000000001
 40
0.0
 40
0.0
 40
0.0
 40
0.0
 40
1.0
 40
1.0
 40
1.0
 40
2.0
 40
2.0
 40
2.0
 40
3.0
 40
3.0
 40
3.0
 40
4.0
 40
4.0
 40
4.0
 40
4.0
 10
181.2064575
 20
249.0950130555555
 30
0.0
 10
181.0681686111111
 20
248.8558297222222
 30
0.0
 10
180.7626630555555
 20
248.7739852777778
 30
0.0
 10
180.5234797222222
 20
248.9119213888889
 30
0.0
 10
180.2842963888889
 20
249.0502102777778
 30
0.0
 10
180.2024519444444
 20
249.3560686111111
 30
0.0
 10
180.3403880555556
 20
249.5948991666666
 30
0.0
 10
180.4786769444445
 20
249.8340825
 30
0.0
 10
180.7841825
 20
249.9162797222222
 30
0.0
 10
181.0233658333333
 20
249.7779908333333
 30
0.0
 10
181.2625491666667
 20
249.6400547222222
 30
0.0
 10
181.3447463888889
 20
249.3341963888889
 30
0.0
 10
181.2064575
 20
249.0950130555555
 30
0.0
  0
SPLINE
  5
30A
330
1F
100
AcDbEntity
  8
DEFAULT
 62
     7
100
AcDbSpline
210
0.0
220
0.0
230
1.0
 70
    11
 71
     3
 72
    17
 73
    13
 74
     0
 42
0.000000001
 43
0.0000000001
 40
0.0
 40
0.0
 40
0.0
 40
0.0
 40
1.0
 40
1.0
 40
1.0
 40
2.0
 40
2.0
 40
2.0
 40
3.0
 40
3.0
 40
3.0
 40
4.0
 40
4.0
 40
4.0
 40
4.0
 10
180.0234172222222
 20
250.1440683333333
 30
0.0
 10
179.7471922222222
 20
250.1440683333333
 30
0.0
 10
179.5235311111111
 20
250.3680822222222
 30
0.0
 10
179.5235311111111
 20
250.6439544444444
 30
0.0
 10
179.5235311111111
 20
250.9201794444444
 30
0.0
 10
179.7471922222222
 20
251.1441933333333
 30
0.0
 10
180.0234172222222
 20
251.1441933333333
 30
0.0
 10
180.2996422222222
 20
251.1441933333333
 30
0.0
 10
180.5233033333333
 20
250.9201794444444
 30
0.0
 10
180.5233033333333
 20
250.6439544444444
 30
0.0
 10
180.5233033333333
 20
250.3680822222222
 30
0.0
 10
180.2996422222222
 20
250.1440683333333
 30
0.0
 10
180.0234172222222
 20
250.1440683333333
 30
0.0
  0
SPLINE
  5
30B
330
1F
100
AcDbEntity
  8
DEFAULT
 62
     7
100
AcDbSpline
210
0.0
220
0.0
230
1.0
 70
    11
 71
     3
 72
    17
 73
    13
 74
     0
 42
0.000000001
 43
0.0000000001
 40
0.0
 40
0.0
 40
0.0
 40
0.0
 40
1.0
 40
1.0
 40
1.0
 40
2.0
 40
2.0
 40
2.0
 40
3.0
 40
3.0
 40
3.0
 40
4.0
 40
4.0
 40
4.0
 40
4.0
 10
181.5233930555555
 20
250.1440683333333
 30
0.0
 10
181.2471680555555
 20
250.1440683333333
 30
0.0
 10
181.0235069444444
 20
250.3680822222222
 30
0.0
 10
181.0235069444444
 20
250.6439544444444
 30
0.0
 10
181.0235069444444
 20
250.9201794444444
 30
0.0
 10
181.2471680555555
 20
251.1441933333333
 30
0.0
 10
181.5233930555555
 20
251.1441933333333
 30
0.0
 10
181.7996180555555
 20
251.1441933333333
 30
0.0
 10
182.0232791666666
 20
250.9201794444444
 30
0.0
 10
182.0232791666666
 20
250.6439544444444
 30
0.0
 10
182.0232791666666
 20
250.3680822222222
 30
0.0
 10
181.7996180555555
 20
250.1440683333333
 30
0.0
 10
181.5233930555555
 20
250.1440683333333
 30
0.0
  0
SPLINE
  5
30C
330
1F
100
AcDbEntity
  8
DEFAULT
 62
     1
100
AcDbSpline
210
0.0
220
0.0
230
1.0
 70
    11
 71
     3
 72
   110
 73
   106
 74
     0
 42
0.000000001
 43
0.0000000001
 40
1.0
 40
1.0
 40
1.0
 40
1.0
 40
2.0
 40
2.0
 40
2.0
 40
3.0
 40
3.0
 40
3.0
 40
4.0
 40
4.0
 40
4.0
 40
5.009999999999991
 40
5.009999999999991
 40
5.009999999999991
 40
6.009999999999991
 40
6.009999999999991
 40
6.009999999999991
 40
7.009999999999991
 40
7.009999999999991
 40
7.009999999999991
 40
8.009999999999991
 40
8.009999999999991
 40
8.009999999999991
 40
9.009999999999991
 40
9.009999999999991
 40
9.009999999999991
 40
10.00999999999999
 40
10.00999999999999
 40
10.00999999999999
 40
11.00999999999999
 40
11.00999999999999
 40
11.00999999999999
 40
12.00999999999999
 40
12.00999999999999
 40
12.00999999999999
 40
13.00999999999999
 40
13.00999999999999
 40
13.00999999999999
 40
14.00999999999999
 40
14.00999999999999
 40
14.00999999999999
 40
15.00999999999999
 40
15.00999999999999
 40
15.00999999999999
 40
24.93099999999998
 40
24.93099999999998
 40
24.93099999999998
 40
33.43099999999998
 40
33.43099999999998
 40
33.43099999999998
 40
43.36099999999999
 40
43.36099999999999
 40
43.36099999999999
 40
44.36099999999999
 40
44.36099999999999
 40
44.36099999999999
 40
45.36099999999999
 40
45.36099999999999
 40
45.36099999999999
 40
46.36099999999999
 40
46.36099999999999
 40
46.36099999999999
 40
47.36099999999999
 40
47.36099999999999
 40
47.36099999999999
 40
48.36099999999999
 40
48.36099999999999
 40
48.36099999999999
 40
49.36099999999999
 40
49.36099999999999
 40
49.36099999999999
 40
50.36099999999999
 40
50.36099999999999
 40
50.36099999999999
 40
51.36099999999999
 40
51.36099999999999
 40
51.36099999999999
 40
52.36099999999999
 40
52.36099999999999
 40
52.36099999999999
 40
53.36099999999999
 40
53.36099999999999
 40
53.36099999999999
 40
54.36099999999999
 40
54.36099999999999
 40
54.36099999999999
 40
55.36099999999999
 40
55.36099999999999
 40
55.36099999999999
 40
56.36099999999999
 40
56.36099999999999
 40
56.36099999999999
 40
57.36099999999999
 40
57.36099999999999
 40
57.36099999999999
 40
58.36099999999999
 40
58.36099999999999
 40
58.36099999999999
 40
59.36099999999999
 40
59.36099999999999
 40
59.36099999999999
 40
60.36099999999999
 40
60.36099999999999
 40
60.36099999999999
 40
61.36099999999999
 40
61.36099999999999
 40
61.36099999999999
 40
61.36099999999999
 10
154.5603405555555
 20
245.1303905555555
 30
0.0
 10
149.3992016666667
 20
244.6858905555555
 30
0.0
 10
150.7362294444444
 20
246.1322794444444
 30
0.0
 10
150.997285
 20
248.0937238888889
 30
0.0
 10
150.997285
 20
248.3159738888889
 30
0.0
 10
151.2371738888889
 20
248.4958905555555
 30
0.0
 10
151.5299794444445
 20
248.4958905555555
 30
0.0
 10
152.4048683333333
 20
248.4958905555555
 30
0.0
 10
152.3060905555556
 20
248.5452794444444
 30
0.0
 10
153.2797572222222
 20
248.5452794444444
 30
0.0
 10
154.2498961111111
 20
248.5452794444444
 30
0.0
 10
154.1546461111111
 20
248.4958905555555
 30
0.0
 10
155.029535
 20
248.4958905555555
 30
0.0
 10
155.9008961111111
 20
248.4958905555555
 30
0.0
 10
157.8020155555556
 20
248.5452794444444
 30
0.0
 10
158.7756822222222
 20
248.5452794444444
 30
0.0
 10
159.7458211111111
 20
248.5452794444444
 30
0.0
 10
159.6509238888889
 20
248.4958905555555
 30
0.0
 10
160.5258127777778
 20
248.4958905555555
 30
0.0
 10
161.4007016666667
 20
248.4958905555555
 30
0.0
 10
161.3015711111111
 20
248.5452794444444
 30
0.0
 10
162.2752377777778
 20
248.5452794444444
 30
0.0
 10
163.2453766666667
 20
248.5452794444444
 30
0.0
 10
163.1501266666667
 20
248.4958905555555
 30
0.0
 10
164.0253683333333
 20
248.4958905555555
 30
0.0
 10
164.9002572222222
 20
248.4958905555555
 30
0.0
 10
164.8011266666666
 20
248.5452794444444
 30
0.0
 10
165.7751461111111
 20
248.5452794444444
 30
0.0
 10
166.745285
 20
248.5452794444444
 30
0.0
 10
166.6496822222222
 20
248.4958905555555
 30
0.0
 10
167.5245711111111
 20
248.4958905555555
 30
0.0
 10
168.39946
 20
248.4958905555555
 30
0.0
 10
168.3006822222222
 20
248.5452794444444
 30
0.0
 10
169.2743488888889
 20
248.5452794444444
 30
0.0
 10
170.2444877777778
 20
248.5452794444444
 30
0.0
 10
170.1492377777778
 20
248.4958905555555
 30
0.0
 10
171.0241266666667
 20
248.4958905555555
 30
0.0
 10
171.8990155555555
 20
248.4958905555555
 30
0.0
 10
171.8002377777778
 20
248.5452794444444
 30
0.0
 10
172.7739044444444
 20
248.5452794444444
 30
0.0
 10
173.7440433333333
 20
248.5452794444444
 30
0.0
 10
173.6487933333333
 20
248.4958905555555
 30
0.0
 10
174.5236822222222
 20
248.4958905555555
 30
0.0
 10
175.6903183333333
 20
248.4958905555555
 30
0.0
 10
176.8569544444444
 20
248.4958905555555
 30
0.0
 10
178.0235905555555
 20
248.4958905555555
 30
0.0
 10
178.0235905555555
 20
249.4954275925926
 30
0.0
 10
178.0235905555555
 20
250.4949646296296
 30
0.0
 10
178.0235905555555
 20
251.4945016666666
 30
0.0
 10
176.8558961111111
 20
251.4945016666667
 30
0.0
 10
175.6882016666666
 20
251.4945016666667
 30
0.0
 10
174.5205072222222
 20
251.4945016666666
 30
0.0
 10
173.6487933333333
 20
251.4945016666666
 30
0.0
 10
173.7440433333333
 20
251.4451127777778
 30
0.0
 10
172.7739044444444
 20
251.4451127777778
 30
0.0
 10
171.8002377777778
 20
251.4451127777778
 30
0.0
 10
171.8990155555555
 20
251.4945016666666
 30
0.0
 10
171.0241266666667
 20
251.4945016666666
 30
0.0
 10
170.1492377777778
 20
251.4945016666666
 30
0.0
 10
170.2444877777778
 20
251.4451127777778
 30
0.0
 10
169.2743488888889
 20
251.4451127777778
 30
0.0
 10
168.3006822222222
 20
251.4451127777778
 30
0.0
 10
168.39946
 20
251.4945016666666
 30
0.0
 10
167.5245711111111
 20
251.4945016666666
 30
0.0
 10
166.6496822222222
 20
251.4945016666666
 30
0.0
 10
166.745285
 20
251.4451127777778
 30
0.0
 10
165.7751461111111
 20
251.4451127777778
 30
0.0
 10
164.8011266666666
 20
251.4451127777778
 30
0.0
 10
164.9002572222222
 20
251.4945016666666
 30
0.0
 10
164.0253683333333
 20
251.4945016666666
 30
0.0
 10
163.1501266666667
 20
251.4945016666666
 30
0.0
 10
163.2453766666667
 20
251.4451127777778
 30
0.0
 10
162.2752377777778
 20
251.4451127777778
 30
0.0
 10
161.3015711111111
 20
251.4451127777778
 30
0.0
 10
161.4007016666667
 20
251.4945016666666
 30
0.0
 10
160.5258127777778
 20
251.4945016666666
 30
0.0
 10
159.6509238888889
 20
251.4945016666666
 30
0.0
 10
159.7458211111111
 20
251.4451127777778
 30
0.0
 10
158.7756822222222
 20
251.4451127777778
 30
0.0
 10
157.8020155555556
 20
251.4451127777778
 30
0.0
 10
155.9008961111111
 20
251.4945016666666
 30
0.0
 10
155.0260072222222
 20
251.4945016666666
 30
0.0
 10
154.1546461111111
 20
251.4945016666666
 30
0.0
 10
154.2498961111111
 20
251.4451127777778
 30
0.0
 10
153.2797572222222
 20
251.4451127777778
 30
0.0
 10
152.3060905555556
 20
251.4451127777778
 30
0.0
 10
152.4048683333333
 20
251.4945016666666
 30
0.0
 10
151.5299794444445
 20
251.4945016666666
 30
0.0
 10
151.2371738888889
 20
251.4945016666666
 30
0.0
 10
150.997285
 20
251.6708905555555
 30
0.0
 10
150.997285
 20
251.8931405555555
 30
0.0
 10
150.7362294444444
 20
253.854585
 30
0.0
 10
149.3992016666667
 20
255.3009738888889
 30
0.0
 10
154.5603405555555
 20
254.8564738888889
 30
0.0
 10
158.8233072222222
 20
254.4878211111111
 30
0.0
 10
169.4542655555555
 20
253.2467488888888
 30
0.0
 10
178.1647016666667
 20
254.3590572222222
 30
0.0
 10
195.7397377777777
 20
256.5991961111111
 30
0.0
 10
192.02146
 20
253.791085
 30
0.0
 10
192.02146
 20
249.9951961111111
 30
0.0
 10
192.02146
 20
246.1993072222222
 30
0.0
 10
195.7397377777777
 20
243.3876683333333
 30
0.0
 10
178.1647016666667
 20
245.631335
 30
0.0
 10
169.4080516666667
 20
246.7464655555555
 30
0.0
 10
158.8487072222222
 20
245.5015127777777
 30
0.0
 10
154.5603405555555
 20
245.1303905555555
 30
0.0
  0
SPLINE
  5
30D
330
1F
100
AcDbEntity
  8
DEFAULT
 62
     7
100
AcDbSpline
210
0.0
220
0.0
230
1.0
 70
    11
 71
     3
 72
    17
 73
    13
 74
     0
 42
0.000000001
 43
0.0000000001
 40
0.0
 40
0.0
 40
0.0
 40
0.0
 40
1.0
 40
1.0
 40
1.0
 40
2.0
 40
2.0
 40
2.0
 40
3.0
 40
3.0
 40
3.0
 40
4.0
 40
4.0
 40
4.0
 40
4.0
 10
181.2064575
 20
262.0763180555555
 30
0.0
 10
181.0681686111111
 20
261.8371347222222
 30
0.0
 10
180.7626630555555
 20
261.7552902777778
 30
0.0
 10
180.5234797222222
 20
261.8932263888889
 30
0.0
 10
180.2842963888889
 20
262.0315152777778
 30
0.0
 10
180.2024519444444
 20
262.3370208333333
 30
0.0
 10
180.3403880555556
 20
262.5762041666667
 30
0.0
 10
180.4786769444445
 20
262.8153875
 30
0.0
 10
180.7841825
 20
262.8972319444444
 30
0.0
 10
181.0233658333333
 20
262.7592958333333
 30
0.0
 10
181.2625491666667
 20
262.6213597222222
 30
0.0
 10
181.3447463888889
 20
262.3155013888889
 30
0.0
 10
181.2064575
 20
262.0763180555555
 30
0.0
  0
SPLINE
  5
30E
330
1F
100
AcDbEntity
  8
DEFAULT
 62
     7
100
AcDbSpline
210
0.0
220
0.0
230
1.0
 70
    11
 71
     3
 72
    17
 73
    13
 74
     0
 42
0.000000001
 43
0.0000000001
 40
0.0
 40
0.0
 40
0.0
 40
0.0
 40
1.0
 40
1.0
 40
1.0
 40
2.0
 40
2.0
 40
2.0
 40
3.0
 40
3.0
 40
3.0
 40
4.0
 40
4.0
 40
4.0
 40
4.0
 10
180.0234172222222
 20
263.1253380555556
 30
0.0
 10
179.7471922222222
 20
263.1253380555556
 30
0.0
 10
179.5235311111111
 20
263.3493519444444
 30
0.0
 10
179.5235311111111
 20
263.6252241666667
 30
0.0
 10
179.5235311111111
 20
263.9014491666667
 30
0.0
 10
179.7471922222222
 20
264.1251102777778
 30
0.0
 10
180.0234172222222
 20
264.1251102777778
 30
0.0
 10
180.2996422222222
 20
264.1251102777778
 30
0.0
 10
180.5233033333333
 20
263.9014491666667
 30
0.0
 10
180.5233033333333
 20
263.6252241666667
 30
0.0
 10
180.5233033333333
 20
263.3493519444444
 30
0.0
 10
180.2996422222222
 20
263.1253380555556
 30
0.0
 10
180.0234172222222
 20
263.1253380555556
 30
0.0
  0
SPLINE
  5
30F
330
1F
100
AcDbEntity
  8
DEFAULT
 62
     7
100
AcDbSpline
210
0.0
220
0.0
230
1.0
 70
    11
 71
     3
 72
    17
 73
    13
 74
     0
 42
0.000000001
 43
0.0000000001
 40
0.0
 40
0.0
 40
0.0
 40
0.0
 40
1.0
 40
1.0
 40
1.0
 40
2.0
 40
2.0
 40
2.0
 40
3.0
 40
3.0
 40
3.0
 40
4.0
 40
4.0
 40
4.0
 40
4.0
 10
181.5233930555555
 20
263.1253380555556
 30
0.0
 10
181.2471680555555
 20
263.1253380555556
 30
0.0
 10
181.0235069444444
 20
263.3493519444444
 30
0.0
 10
181.0235069444444
 20
263.6252241666667
 30
0.0
 10
181.0235069444444
 20
263.9014491666667
 30
0.0
 10
181.2471680555555
 20
264.1251102777778
 30
0.0
 10
181.5233930555555
 20
264.1251102777778
 30
0.0
 10
181.7996180555555
 20
264.1251102777778
 30
0.0
 10
182.0232791666666
 20
263.9014491666667
 30
0.0
 10
182.0232791666666
 20
263.6252241666667
 30
0.0
 10
182.0232791666666
 20
263.3493519444444
 30
0.0
 10
181.7996180555555
 20
263.1253380555556
 30
0.0
 10
181.5233930555555
 20
263.1253380555556
 30
0.0
  0
SPLINE
  5
310
330
1F
100
AcDbEntity
  8
DEFAULT
 62
     1
100
AcDbSpline
210
0.0
220
0.0
230
1.0
 70
    11
 71
     3
 72
   110
 73
   106
 74
     0
 42
0.000000001
 43
0.0000000001
 40
1.0
 40
1.0
 40
1.0
 40
1.0
 40
2.0
 40
2.0
 40
2.0
 40
3.0
 40
3.0
 40
3.0
 40
4.0
 40
4.0
 40
4.0
 40
5.009999999999991
 40
5.009999999999991
 40
5.009999999999991
 40
6.009999999999991
 40
6.009999999999991
 40
6.009999999999991
 40
7.009999999999991
 40
7.009999999999991
 40
7.009999999999991
 40
8.009999999999991
 40
8.009999999999991
 40
8.009999999999991
 40
9.009999999999991
 40
9.009999999999991
 40
9.009999999999991
 40
10.00999999999999
 40
10.00999999999999
 40
10.00999999999999
 40
11.00999999999999
 40
11.00999999999999
 40
11.00999999999999
 40
12.00999999999999
 40
12.00999999999999
 40
12.00999999999999
 40
13.00999999999999
 40
13.00999999999999
 40
13.00999999999999
 40
14.00999999999999
 40
14.00999999999999
 40
14.00999999999999
 40
15.00999999999999
 40
15.00999999999999
 40
15.00999999999999
 40
24.93099999999998
 40
24.93099999999998
 40
24.93099999999998
 40
33.43099999999998
 40
33.43099999999998
 40
33.43099999999998
 40
43.36099999999999
 40
43.36099999999999
 40
43.36099999999999
 40
44.36099999999999
 40
44.36099999999999
 40
44.36099999999999
 40
45.36099999999999
 40
45.36099999999999
 40
45.36099999999999
 40
46.36099999999999
 40
46.36099999999999
 40
46.36099999999999
 40
47.36099999999999
 40
47.36099999999999
 40
47.36099999999999
 40
48.36099999999999
 40
48.36099999999999
 40
48.36099999999999
 40
49.36099999999999
 40
49.36099999999999
 40
49.36099999999999
 40
50.36099999999999
 40
50.36099999999999
 40
50.36099999999999
 40
51.36099999999999
 40
51.36099999999999
 40
51.36099999999999
 40
52.36099999999999
 40
52.36099999999999
 40
52.36099999999999
 40
53.36099999999999
 40
53.36099999999999
 40
53.36099999999999
 40
54.36099999999999
 40
54.36099999999999
 40
54.36099999999999
 40
55.36099999999999
 40
55.36099999999999
 40
55.36099999999999
 40
56.36099999999999
 40
56.36099999999999
 40
56.36099999999999
 40
57.36099999999999
 40
57.36099999999999
 40
57.36099999999999
 40
58.36099999999999
 40
58.36099999999999
 40
58.36099999999999
 40
59.36099999999999
 40
59.36099999999999
 40
59.36099999999999
 40
60.36099999999999
 40
60.36099999999999
 40
60.36099999999999
 40
61.36099999999999
 40
61.36099999999999
 40
61.36099999999999
 40
61.36099999999999
 10
154.5603405555555
 20
258.1116955555556
 30
0.0
 10
149.3992016666667
 20
257.6671955555556
 30
0.0
 10
150.7362294444444
 20
259.1135844444444
 30
0.0
 10
150.997285
 20
261.0750288888889
 30
0.0
 10
150.997285
 20
261.2972788888889
 30
0.0
 10
151.2371738888889
 20
261.4771955555555
 30
0.0
 10
151.5299794444445
 20
261.4771955555555
 30
0.0
 10
152.4048683333333
 20
261.4771955555555
 30
0.0
 10
152.3060905555556
 20
261.5265844444444
 30
0.0
 10
153.2797572222222
 20
261.5265844444444
 30
0.0
 10
154.2498961111111
 20
261.5265844444444
 30
0.0
 10
154.1546461111111
 20
261.4771955555555
 30
0.0
 10
155.029535
 20
261.4771955555555
 30
0.0
 10
155.9008961111111
 20
261.4771955555555
 30
0.0
 10
157.8020155555556
 20
261.5265844444444
 30
0.0
 10
158.7756822222222
 20
261.5265844444444
 30
0.0
 10
159.7458211111111
 20
261.5265844444444
 30
0.0
 10
159.6509238888889
 20
261.4771955555555
 30
0.0
 10
160.5258127777778
 20
261.4771955555555
 30
0.0
 10
161.4007016666667
 20
261.4771955555555
 30
0.0
 10
161.3015711111111
 20
261.5265844444444
 30
0.0
 10
162.2752377777778
 20
261.5265844444444
 30
0.0
 10
163.2453766666667
 20
261.5265844444444
 30
0.0
 10
163.1501266666667
 20
261.4771955555555
 30
0.0
 10
164.0253683333333
 20
261.4771955555555
 30
0.0
 10
164.9002572222222
 20
261.4771955555555
 30
0.0
 10
164.8011266666666
 20
261.5265844444444
 30
0.0
 10
165.7751461111111
 20
261.5265844444444
 30
0.0
 10
166.745285
 20
261.5265844444444
 30
0.0
 10
166.6496822222222
 20
261.4771955555555
 30
0.0
 10
167.5245711111111
 20
261.4771955555555
 30
0.0
 10
168.39946
 20
261.4771955555555
 30
0.0
 10
168.3006822222222
 20
261.5265844444444
 30
0.0
 10
169.2743488888889
 20
261.5265844444444
 30
0.0
 10
170.2444877777778
 20
261.5265844444444
 30
0.0
 10
170.1492377777778
 20
261.4771955555555
 30
0.0
 10
171.0241266666667
 20
261.4771955555555
 30
0.0
 10
171.8990155555555
 20
261.4771955555555
 30
0.0
 10
171.8002377777778
 20
261.5265844444444
 30
0.0
 10
172.7739044444444
 20
261.5265844444444
 30
0.0
 10
173.7440433333333
 20
261.5265844444444
 30
0.0
 10
173.6487933333333
 20
261.4771955555555
 30
0.0
 10
174.5236822222222
 20
261.4771955555555
 30
0.0
 10
175.6903183333333
 20
261.4771955555555
 30
0.0
 10
176.8569544444444
 20
261.4771955555555
 30
0.0
 10
178.0235905555555
 20
261.4771955555555
 30
0.0
 10
178.0235905555555
 20
262.4767325925926
 30
0.0
 10
178.0235905555555
 20
263.4762696296296
 30
0.0
 10
178.0235905555555
 20
264.4758066666666
 30
0.0
 10
176.8558961111111
 20
264.4758066666666
 30
0.0
 10
175.6882016666666
 20
264.4758066666666
 30
0.0
 10
174.5205072222222
 20
264.4758066666666
 30
0.0
 10
173.6487933333333
 20
264.4758066666666
 30
0.0
 10
173.7440433333333
 20
264.4264177777778
 30
0.0
 10
172.7739044444444
 20
264.4264177777778
 30
0.0
 10
171.8002377777778
 20
264.4264177777778
 30
0.0
 10
171.8990155555555
 20
264.4758066666666
 30
0.0
 10
171.0241266666667
 20
264.4758066666666
 30
0.0
 10
170.1492377777778
 20
264.4758066666666
 30
0.0
 10
170.2444877777778
 20
264.4264177777778
 30
0.0
 10
169.2743488888889
 20
264.4264177777778
 30
0.0
 10
168.3006822222222
 20
264.4264177777778
 30
0.0
 10
168.39946
 20
264.4758066666666
 30
0.0
 10
167.5245711111111
 20
264.4758066666666
 30
0.0
 10
166.6496822222222
 20
264.4758066666666
 30
0.0
 10
166.745285
 20
264.4264177777778
 30
0.0
 10
165.7751461111111
 20
264.4264177777778
 30
0.0
 10
164.8011266666666
 20
264.4264177777778
 30
0.0
 10
164.9002572222222
 20
264.4758066666666
 30
0.0
 10
164.0253683333333
 20
264.4758066666666
 30
0.0
 10
163.1501266666667
 20
264.4758066666666
 30
0.0
 10
163.2453766666667
 20
264.4264177777778
 30
0.0
 10
162.2752377777778
 20
264.4264177777778
 30
0.0
 10
161.3015711111111
 20
264.4264177777778
 30
0.0
 10
161.4007016666667
 20
264.4758066666666
 30
0.0
 10
160.5258127777778
 20
264.4758066666666
 30
0.0
 10
159.6509238888889
 20
264.4758066666666
 30
0.0
 10
159.7458211111111
 20
264.4264177777778
 30
0.0
 10
158.7756822222222
 20
264.4264177777778
 30
0.0
 10
157.8020155555556
 20
264.4264177777778
 30
0.0
 10
155.9008961111111
 20
264.4758066666666
 30
0.0
 10
155.0260072222222
 20
264.4758066666666
 30
0.0
 10
154.1546461111111
 20
264.4758066666666
 30
0.0
 10
154.2498961111111
 20
264.4264177777778
 30
0.0
 10
153.2797572222222
 20
264.4264177777778
 30
0.0
 10
152.3060905555556
 20
264.4264177777778
 30
0.0
 10
152.4048683333333
 20
264.4758066666666
 30
0.0
 10
151.5299794444445
 20
264.4758066666666
 30
0.0
 10
151.2371738888889
 20
264.4758066666666
 30
0.0
 10
150.997285
 20
264.6521955555555
 30
0.0
 10
150.997285
 20
264.8744455555556
 30
0.0
 10
150.7362294444444
 20
266.83589
 30
0.0
 10
149.3992016666667
 20
268.2822788888889
 30
0.0
 10
154.5603405555555
 20
267.8377788888889
 30
0.0
 10
158.8233072222222
 20
267.4691261111111
 30
0.0
 10
169.4542655555555
 20
266.2277011111111
 30
0.0
 10
178.1647016666667
 20
267.3403622222222
 30
0.0
 10
195.7397377777777
 20
269.5805011111111
 30
0.0
 10
192.02146
 20
266.77239
 30
0.0
 10
192.02146
 20
262.9765011111111
 30
0.0
 10
192.02146
 20
259.1806122222222
 30
0.0
 10
195.7397377777777
 20
256.3689733333333
 30
0.0
 10
178.1647016666667
 20
258.61264
 30
0.0
 10
169.4080516666667
 20
259.7277705555555
 30
0.0
 10
158.8487072222222
 20
258.482465
 30
0.0
 10
154.5603405555555
 20
258.1116955555556
 30
0.0
  0
SPLINE
  5
311
330
1F
100
AcDbEntity
  8
DEFAULT
 62
     7
100
AcDbSpline
210
0.0
220
0.0
230
1.0
 70
    11
 71
     3
 72
    17
 73
    13
 74
     0
 42
0.000000001
 43
0.0000000001
 40
0.0
 40
0.0
 40
0.0
 40
0.0
 40
1.0
 40
1.0
 40
1.0
 40
2.0
 40
2.0
 40
2.0
 40
3.0
 40
3.0
 40
3.0
 40
4.0
 40
4.0
 40
4.0
 40
4.0
 10
181.2064575
 20
275.0574466666666
 30
0.0
 10
181.0681686111111
 20
274.8182633333333
 30
0.0
 10
180.7626630555555
 20
274.7364188888889
 30
0.0
 10
180.5234797222222
 20
274.874355
 30
0.0
 10
180.2842963888889
 20
275.0126438888889
 30
0.0
 10
180.2024519444444
 20
275.3185022222222
 30
0.0
 10
180.3403880555556
 20
275.5573327777777
 30
0.0
 10
180.4786769444445
 20
275.7968688888889
 30
0.0
 10
180.7841825
 20
275.8787133333333
 30
0.0
 10
181.0233658333333
 20
275.7407772222222
 30
0.0
 10
181.2625491666667
 20
275.6024883333333
 30
0.0
 10
181.3447463888889
 20
275.2966299999999
 30
0.0
 10
181.2064575
 20
275.0574466666666
 30
0.0
  0
SPLINE
  5
312
330
1F
100
AcDbEntity
  8
DEFAULT
 62
     7
100
AcDbSpline
210
0.0
220
0.0
230
1.0
 70
    11
 71
     3
 72
    17
 73
    13
 74
     0
 42
0.000000001
 43
0.0000000001
 40
0.0
 40
0.0
 40
0.0
 40
0.0
 40
1.0
 40
1.0
 40
1.0
 40
2.0
 40
2.0
 40
2.0
 40
3.0
 40
3.0
 40
3.0
 40
4.0
 40
4.0
 40
4.0
 40
4.0
 10
180.0234172222222
 20
276.1066430555555
 30
0.0
 10
179.7471922222222
 20
276.1066430555555
 30
0.0
 10
179.5235311111111
 20
276.3303041666666
 30
0.0
 10
179.5235311111111
 20
276.6065291666666
 30
0.0
 10
179.5235311111111
 20
276.8827541666666
 30
0.0
 10
179.7471922222222
 20
277.1064152777777
 30
0.0
 10
180.0234172222222
 20
277.1064152777777
 30
0.0
 10
180.2996422222222
 20
277.1064152777777
 30
0.0
 10
180.5233033333333
 20
276.8827541666666
 30
0.0
 10
180.5233033333333
 20
276.6065291666666
 30
0.0
 10
180.5233033333333
 20
276.3303041666666
 30
0.0
 10
180.2996422222222
 20
276.1066430555555
 30
0.0
 10
180.0234172222222
 20
276.1066430555555
 30
0.0
  0
SPLINE
  5
313
330
1F
100
AcDbEntity
  8
DEFAULT
 62
     7
100
AcDbSpline
210
0.0
220
0.0
230
1.0
 70
    11
 71
     3
 72
    17
 73
    13
 74
     0
 42
0.000000001
 43
0.0000000001
 40
0.0
 40
0.0
 40
0.0
 40
0.0
 40
1.0
 40
1.0
 40
1.0
 40
2.0
 40
2.0
 40
2.0
 40
3.0
 40
3.0
 40
3.0
 40
4.0
 40
4.0
 40
4.0
 40
4.0
 10
181.5233930555555
 20
276.1066430555555
 30
0.0
 10
181.2471680555555
 20
276.1066430555555
 30
0.0
 10
181.0235069444444
 20
276.3303041666666
 30
0.0
 10
181.0235069444444
 20
276.6065291666666
 30
0.0
 10
181.0235069444444
 20
276.8827541666666
 30
0.0
 10
181.2471680555555
 20
277.1064152777777
 30
0.0
 10
181.5233930555555
 20
277.1064152777777
 30
0.0
 10
181.7996180555555
 20
277.1064152777777
 30
0.0
 10
182.0232791666666
 20
276.8827541666666
 30
0.0
 10
182.0232791666666
 20
276.6065291666666
 30
0.0
 10
182.0232791666666
 20
276.3303041666666
 30
0.0
 10
181.7996180555555
 20
276.1066430555555
 30
0.0
 10
181.5233930555555
 20
276.1066430555555
 30
0.0
  0
SPLINE
  5
314
330
1F
100
AcDbEntity
  8
DEFAULT
 62
     1
100
AcDbSpline
210
0.0
220
0.0
230
1.0
 70
    11
 71
     3
 72
   110
 73
   106
 74
     0
 42
0.000000001
 43
0.0000000001
 40
1.0
 40
1.0
 40
1.0
 40
1.0
 40
2.0
 40
2.0
 40
2.0
 40
3.0
 40
3.0
 40
3.0
 40
4.0
 40
4.0
 40
4.0
 40
5.009999999999991
 40
5.009999999999991
 40
5.009999999999991
 40
6.009999999999991
 40
6.009999999999991
 40
6.009999999999991
 40
7.009999999999991
 40
7.009999999999991
 40
7.009999999999991
 40
8.009999999999991
 40
8.009999999999991
 40
8.009999999999991
 40
9.009999999999991
 40
9.009999999999991
 40
9.009999999999991
 40
10.00999999999999
 40
10.00999999999999
 40
10.00999999999999
 40
11.00999999999999
 40
11.00999999999999
 40
11.00999999999999
 40
12.00999999999999
 40
12.00999999999999
 40
12.00999999999999
 40
13.00999999999999
 40
13.00999999999999
 40
13.00999999999999
 40
14.00999999999999
 40
14.00999999999999
 40
14.00999999999999
 40
15.00999999999999
 40
15.00999999999999
 40
15.00999999999999
 40
24.93099999999998
 40
24.93099999999998
 40
24.93099999999998
 40
33.43099999999998
 40
33.43099999999998
 40
33.43099999999998
 40
43.36099999999999
 40
43.36099999999999
 40
43.36099999999999
 40
44.36099999999999
 40
44.36099999999999
 40
44.36099999999999
 40
45.36099999999999
 40
45.36099999999999
 40
45.36099999999999
 40
46.36099999999999
 40
46.36099999999999
 40
46.36099999999999
 40
47.36099999999999
 40
47.36099999999999
 40
47.36099999999999
 40
48.36099999999999
 40
48.36099999999999
 40
48.36099999999999
 40
49.36099999999999
 40
49.36099999999999
 40
49.36099999999999
 40
50.36099999999999
 40
50.36099999999999
 40
50.36099999999999
 40
51.36099999999999
 40
51.36099999999999
 40
51.36099999999999
 40
52.36099999999999
 40
52.36099999999999
 40
52.36099999999999
 40
53.36099999999999
 40
53.36099999999999
 40
53.36099999999999
 40
54.36099999999999
 40
54.36099999999999
 40
54.36099999999999
 40
55.36099999999999
 40
55.36099999999999
 40
55.36099999999999
 40
56.36099999999999
 40
56.36099999999999
 40
56.36099999999999
 40
57.36099999999999
 40
57.36099999999999
 40
57.36099999999999
 40
58.36099999999999
 40
58.36099999999999
 40
58.36099999999999
 40
59.36099999999999
 40
59.36099999999999
 40
59.36099999999999
 40
60.36099999999999
 40
60.36099999999999
 40
60.36099999999999
 40
61.36099999999999
 40
61.36099999999999
 40
61.36099999999999
 40
61.36099999999999
 10
154.5603405555555
 20
271.0930005555555
 30
0.0
 10
149.3992016666667
 20
270.6485005555555
 30
0.0
 10
150.7362294444444
 20
272.0948894444444
 30
0.0
 10
150.997285
 20
274.0563338888888
 30
0.0
 10
150.997285
 20
274.2785838888888
 30
0.0
 10
151.2371738888889
 20
274.4585005555555
 30
0.0
 10
151.5299794444445
 20
274.4585005555555
 30
0.0
 10
152.4048683333333
 20
274.4585005555555
 30
0.0
 10
152.3060905555556
 20
274.5078894444444
 30
0.0
 10
153.2797572222222
 20
274.5078894444444
 30
0.0
 10
154.2498961111111
 20
274.5078894444444
 30
0.0
 10
154.1546461111111
 20
274.4585005555555
 30
0.0
 10
155.029535
 20
274.4585005555555
 30
0.0
 10
155.9008961111111
 20
274.4585005555555
 30
0.0
 10
157.8020155555556
 20
274.5078894444444
 30
0.0
 10
158.7756822222222
 20
274.5078894444444
 30
0.0
 10
159.7458211111111
 20
274.5078894444444
 30
0.0
 10
159.6509238888889
 20
274.4585005555555
 30
0.0
 10
160.5258127777778
 20
274.4585005555555
 30
0.0
 10
161.4007016666667
 20
274.4585005555555
 30
0.0
 10
161.3015711111111
 20
274.5078894444444
 30
0.0
 10
162.2752377777778
 20
274.5078894444444
 30
0.0
 10
163.2453766666667
 20
274.5078894444444
 30
0.0
 10
163.1501266666667
 20
274.4585005555555
 30
0.0
 10
164.0253683333333
 20
274.4585005555555
 30
0.0
 10
164.9002572222222
 20
274.4585005555555
 30
0.0
 10
164.8011266666666
 20
274.5078894444444
 30
0.0
 10
165.7751461111111
 20
274.5078894444444
 30
0.0
 10
166.745285
 20
274.5078894444444
 30
0.0
 10
166.6496822222222
 20
274.4585005555555
 30
0.0
 10
167.5245711111111
 20
274.4585005555555
 30
0.0
 10
168.39946
 20
274.4585005555555
 30
0.0
 10
168.3006822222222
 20
274.5078894444444
 30
0.0
 10
169.2743488888889
 20
274.5078894444444
 30
0.0
 10
170.2444877777778
 20
274.5078894444444
 30
0.0
 10
170.1492377777778
 20
274.4585005555555
 30
0.0
 10
171.0241266666667
 20
274.4585005555555
 30
0.0
 10
171.8990155555555
 20
274.4585005555555
 30
0.0
 10
171.8002377777778
 20
274.5078894444444
 30
0.0
 10
172.7739044444444
 20
274.5078894444444
 30
0.0
 10
173.7440433333333
 20
274.5078894444444
 30
0.0
 10
173.6487933333333
 20
274.4585005555555
 30
0.0
 10
174.5236822222222
 20
274.4585005555555
 30
0.0
 10
175.6903183333333
 20
274.4585005555555
 30
0.0
 10
176.8569544444444
 20
274.4585005555555
 30
0.0
 10
178.0235905555555
 20
274.4585005555555
 30
0.0
 10
178.0235905555555
 20
275.4580375925925
 30
0.0
 10
178.0235905555555
 20
276.4575746296296
 30
0.0
 10
178.0235905555555
 20
277.4571116666666
 30
0.0
 10
176.8558961111111
 20
277.4571116666666
 30
0.0
 10
175.6882016666666
 20
277.4571116666666
 30
0.0
 10
174.5205072222222
 20
277.4571116666666
 30
0.0
 10
173.6487933333333
 20
277.4571116666666
 30
0.0
 10
173.7440433333333
 20
277.4077227777777
 30
0.0
 10
172.7739044444444
 20
277.4077227777777
 30
0.0
 10
171.8002377777778
 20
277.4077227777777
 30
0.0
 10
171.8990155555555
 20
277.4571116666666
 30
0.0
 10
171.0241266666667
 20
277.4571116666666
 30
0.0
 10
170.1492377777778
 20
277.4571116666666
 30
0.0
 10
170.2444877777778
 20
277.4077227777777
 30
0.0
 10
169.2743488888889
 20
277.4077227777777
 30
0.0
 10
168.3006822222222
 20
277.4077227777777
 30
0.0
 10
168.39946
 20
277.4571116666666
 30
0.0
 10
167.5245711111111
 20
277.4571116666666
 30
0.0
 10
166.6496822222222
 20
277.4571116666666
 30
0.0
 10
166.745285
 20
277.4077227777777
 30
0.0
 10
165.7751461111111
 20
277.4077227777777
 30
0.0
 10
164.8011266666666
 20
277.4077227777777
 30
0.0
 10
164.9002572222222
 20
277.4571116666666
 30
0.0
 10
164.0253683333333
 20
277.4571116666666
 30
0.0
 10
163.1501266666667
 20
277.4571116666666
 30
0.0
 10
163.2453766666667
 20
277.4077227777777
 30
0.0
 10
162.2752377777778
 20
277.4077227777777
 30
0.0
 10
161.3015711111111
 20
277.4077227777777
 30
0.0
 10
161.4007016666667
 20
277.4571116666666
 30
0.0
 10
160.5258127777778
 20
277.4571116666666
 30
0.0
 10
159.6509238888889
 20
277.4571116666666
 30
0.0
 10
159.7458211111111
 20
277.4077227777777
 30
0.0
 10
158.7756822222222
 20
277.4077227777777
 30
0.0
 10
157.8020155555556
 20
277.4077227777777
 30
0.0
 10
155.9008961111111
 20
277.4571116666666
 30
0.0
 10
155.0260072222222
 20
277.4571116666666
 30
0.0
 10
154.1546461111111
 20
277.4571116666666
 30
0.0
 10
154.2498961111111
 20
277.4077227777777
 30
0.0
 10
153.2797572222222
 20
277.4077227777777
 30
0.0
 10
152.3060905555556
 20
277.4077227777777
 30
0.0
 10
152.4048683333333
 20
277.4571116666666
 30
0.0
 10
151.5299794444445
 20
277.4571116666666
 30
0.0
 10
151.2371738888889
 20
277.4571116666666
 30
0.0
 10
150.997285
 20
277.6335005555555
 30
0.0
 10
150.997285
 20
277.8557505555555
 30
0.0
 10
150.7362294444444
 20
279.8168422222222
 30
0.0
 10
149.3992016666667
 20
281.2635838888889
 30
0.0
 10
154.5603405555555
 20
280.8190838888889
 30
0.0
 10
158.8233072222222
 20
280.4500783333333
 30
0.0
 10
169.4542655555555
 20
279.2090061111111
 30
0.0
 10
178.1647016666667
 20
280.3216672222222
 30
0.0
 10
195.7397377777777
 20
282.5618061111111
 30
0.0
 10
192.02146
 20
279.7536949999999
 30
0.0
 10
192.02146
 20
275.957806111111
 30
0.0
 10
192.02146
 20
272.1619172222222
 30
0.0
 10
195.7397377777777
 20
269.3502783333333
 30
0.0
 10
178.1647016666667
 20
271.593945
 30
0.0
 10
169.4080516666667
 20
272.7090755555555
 30
0.0
 10
158.8487072222222
 20
271.46377
 30
0.0
 10
154.5603405555555
 20
271.0930005555555
 30
0.0
  0
SPLINE
  5
315
330
1F
100
AcDbEntity
  8
DEFAULT
 62
     7
100
AcDbSpline
210
0.0
220
0.0
230
1.0
 70
    11
 71
     3
 72
    17
 73
    13
 74
     0
 42
0.000000001
 43
0.0000000001
 40
0.0
 40
0.0
 40
0.0
 40
0.0
 40
1.0
 40
1.0
 40
1.0
 40
2.0
 40
2.0
 40
2.0
 40
3.0
 40
3.0
 40
3.0
 40
4.0
 40
4.0
 40
4.0
 40
4.0
 10
181.2064575
 20
288.0387163888889
 30
0.0
 10
181.0681686111111
 20
287.7995330555555
 30
0.0
 10
180.7626630555555
 20
287.7176886111111
 30
0.0
 10
180.5234797222222
 20
287.8556247222222
 30
0.0
 10
180.2842963888889
 20
287.9939136111111
 30
0.0
 10
180.2024519444444
 20
288.2997719444444
 30
0.0
 10
180.3403880555556
 20
288.5386025
 30
0.0
 10
180.4786769444445
 20
288.7777858333333
 30
0.0
 10
180.7841825
 20
288.8599830555555
 30
0.0
 10
181.0233658333333
 20
288.7216941666667
 30
0.0
 10
181.2625491666667
 20
288.5837580555555
 30
0.0
 10
181.3447463888889
 20
288.2778997222222
 30
0.0
 10
181.2064575
 20
288.0387163888889
 30
0.0
  0
SPLINE
  5
316
330
1F
100
AcDbEntity
  8
DEFAULT
 62
     7
100
AcDbSpline
210
0.0
220
0.0
230
1.0
 70
    11
 71
     3
 72
    17
 73
    13
 74
     0
 42
0.000000001
 43
0.0000000001
 40
0.0
 40
0.0
 40
0.0
 40
0.0
 40
1.0
 40
1.0
 40
1.0
 40
2.0
 40
2.0
 40
2.0
 40
3.0
 40
3.0
 40
3.0
 40
4.0
 40
4.0
 40
4.0
 40
4.0
 10
180.0234172222222
 20
289.0877716666666
 30
0.0
 10
179.7471922222222
 20
289.0877716666666
 30
0.0
 10
179.5235311111111
 20
289.3117855555556
 30
0.0
 10
179.5235311111111
 20
289.5876577777778
 30
0.0
 10
179.5235311111111
 20
289.8638827777778
 30
0.0
 10
179.7471922222222
 20
290.0878966666667
 30
0.0
 10
180.0234172222222
 20
290.0878966666667
 30
0.0
 10
180.2996422222222
 20
290.0878966666667
 30
0.0
 10
180.5233033333333
 20
289.8638827777778
 30
0.0
 10
180.5233033333333
 20
289.5876577777778
 30
0.0
 10
180.5233033333333
 20
289.3117855555556
 30
0.0
 10
180.2996422222222
 20
289.0877716666666
 30
0.0
 10
180.0234172222222
 20
289.0877716666666
 30
0.0
  0
SPLINE
  5
317
330
1F
100
AcDbEntity
  8
DEFAULT
 62
     7
100
AcDbSpline
210
0.0
220
0.0
230
1.0
 70
    11
 71
     3
 72
    17
 73
    13
 74
     0
 42
0.000000001
 43
0.0000000001
 40
0.0
 40
0.0
 40
0.0
 40
0.0
 40
1.0
 40
1.0
 40
1.0
 40
2.0
 40
2.0
 40
2.0
 40
3.0
 40
3.0
 40
3.0
 40
4.0
 40
4.0
 40
4.0
 40
4.0
 10
181.5233930555555
 20
289.0877716666666
 30
0.0
 10
181.2471680555555
 20
289.0877716666666
 30
0.0
 10
181.0235069444444
 20
289.3117855555556
 30
0.0
 10
181.0235069444444
 20
289.5876577777778
 30
0.0
 10
181.0235069444444
 20
289.8638827777778
 30
0.0
 10
181.2471680555555
 20
290.0878966666667
 30
0.0
 10
181.5233930555555
 20
290.0878966666667
 30
0.0
 10
181.7996180555555
 20
290.0878966666667
 30
0.0
 10
182.0232791666666
 20
289.8638827777778
 30
0.0
 10
182.0232791666666
 20
289.5876577777778
 30
0.0
 10
182.0232791666666
 20
289.3117855555556
 30
0.0
 10
181.7996180555555
 20
289.0877716666666
 30
0.0
 10
181.5233930555555
 20
289.0877716666666
 30
0.0
  0
SPLINE
  5
318
330
1F
100
AcDbEntity
  8
DEFAULT
 62
     1
100
AcDbSpline
210
0.0
220
0.0
230
1.0
 70
    11
 71
     3
 72
   110
 73
   106
 74
     0
 42
0.000000001
 43
0.0000000001
 40
1.0
 40
1.0
 40
1.0
 40
1.0
 40
2.0
 40
2.0
 40
2.0
 40
3.0
 40
3.0
 40
3.0
 40
4.0
 40
4.0
 40
4.0
 40
5.009999999999991
 40
5.009999999999991
 40
5.009999999999991
 40
6.009999999999991
 40
6.009999999999991
 40
6.009999999999991
 40
7.009999999999991
 40
7.009999999999991
 40
7.009999999999991
 40
8.009999999999991
 40
8.009999999999991
 40
8.009999999999991
 40
9.009999999999991
 40
9.009999999999991
 40
9.009999999999991
 40
10.00999999999999
 40
10.00999999999999
 40
10.00999999999999
 40
11.00999999999999
 40
11.00999999999999
 40
11.00999999999999
 40
12.00999999999999
 40
12.00999999999999
 40
12.00999999999999
 40
13.00999999999999
 40
13.00999999999999
 40
13.00999999999999
 40
14.00999999999999
 40
14.00999999999999
 40
14.00999999999999
 40
15.00999999999999
 40
15.00999999999999
 40
15.00999999999999
 40
24.93099999999998
 40
24.93099999999998
 40
24.93099999999998
 40
33.43099999999998
 40
33.43099999999998
 40
33.43099999999998
 40
43.36099999999999
 40
43.36099999999999
 40
43.36099999999999
 40
44.36099999999999
 40
44.36099999999999
 40
44.36099999999999
 40
45.36099999999999
 40
45.36099999999999
 40
45.36099999999999
 40
46.36099999999999
 40
46.36099999999999
 40
46.36099999999999
 40
47.36099999999999
 40
47.36099999999999
 40
47.36099999999999
 40
48.36099999999999
 40
48.36099999999999
 40
48.36099999999999
 40
49.36099999999999
 40
49.36099999999999
 40
49.36099999999999
 40
50.36099999999999
 40
50.36099999999999
 40
50.36099999999999
 40
51.36099999999999
 40
51.36099999999999
 40
51.36099999999999
 40
52.36099999999999
 40
52.36099999999999
 40
52.36099999999999
 40
53.36099999999999
 40
53.36099999999999
 40
53.36099999999999
 40
54.36099999999999
 40
54.36099999999999
 40
54.36099999999999
 40
55.36099999999999
 40
55.36099999999999
 40
55.36099999999999
 40
56.36099999999999
 40
56.36099999999999
 40
56.36099999999999
 40
57.36099999999999
 40
57.36099999999999
 40
57.36099999999999
 40
58.36099999999999
 40
58.36099999999999
 40
58.36099999999999
 40
59.36099999999999
 40
59.36099999999999
 40
59.36099999999999
 40
60.36099999999999
 40
60.36099999999999
 40
60.36099999999999
 40
61.36099999999999
 40
61.36099999999999
 40
61.36099999999999
 40
61.36099999999999
 10
154.5603405555555
 20
284.0741291666666
 30
0.0
 10
149.3992016666667
 20
283.6296291666666
 30
0.0
 10
150.7362294444444
 20
285.0760180555556
 30
0.0
 10
150.997285
 20
287.0374624999999
 30
0.0
 10
150.997285
 20
287.2597125
 30
0.0
 10
151.2371738888889
 20
287.4396291666666
 30
0.0
 10
151.5299794444445
 20
287.4396291666666
 30
0.0
 10
152.4048683333333
 20
287.4396291666666
 30
0.0
 10
152.3060905555556
 20
287.4890180555555
 30
0.0
 10
153.2797572222222
 20
287.4890180555555
 30
0.0
 10
154.2498961111111
 20
287.4890180555555
 30
0.0
 10
154.1546461111111
 20
287.4396291666666
 30
0.0
 10
155.029535
 20
287.4396291666666
 30
0.0
 10
155.9008961111111
 20
287.4396291666666
 30
0.0
 10
157.8020155555556
 20
287.4890180555555
 30
0.0
 10
158.7756822222222
 20
287.4890180555555
 30
0.0
 10
159.7458211111111
 20
287.4890180555555
 30
0.0
 10
159.6509238888889
 20
287.4396291666666
 30
0.0
 10
160.5258127777778
 20
287.4396291666666
 30
0.0
 10
161.4007016666667
 20
287.4396291666666
 30
0.0
 10
161.3015711111111
 20
287.4890180555555
 30
0.0
 10
162.2752377777778
 20
287.4890180555555
 30
0.0
 10
163.2453766666667
 20
287.4890180555555
 30
0.0
 10
163.1501266666667
 20
287.4396291666666
 30
0.0
 10
164.0253683333333
 20
287.4396291666666
 30
0.0
 10
164.9002572222222
 20
287.4396291666666
 30
0.0
 10
164.8011266666666
 20
287.4890180555555
 30
0.0
 10
165.7751461111111
 20
287.4890180555555
 30
0.0
 10
166.745285
 20
287.4890180555555
 30
0.0
 10
166.6496822222222
 20
287.4396291666666
 30
0.0
 10
167.5245711111111
 20
287.4396291666666
 30
0.0
 10
168.39946
 20
287.4396291666666
 30
0.0
 10
168.3006822222222
 20
287.4890180555555
 30
0.0
 10
169.2743488888889
 20
287.4890180555555
 30
0.0
 10
170.2444877777778
 20
287.4890180555555
 30
0.0
 10
170.1492377777778
 20
287.4396291666666
 30
0.0
 10
171.0241266666667
 20
287.4396291666666
 30
0.0
 10
171.8990155555555
 20
287.4396291666666
 30
0.0
 10
171.8002377777778
 20
287.4890180555555
 30
0.0
 10
172.7739044444444
 20
287.4890180555555
 30
0.0
 10
173.7440433333333
 20
287.4890180555555
 30
0.0
 10
173.6487933333333
 20
287.4396291666666
 30
0.0
 10
174.5236822222222
 20
287.4396291666666
 30
0.0
 10
175.6903183333333
 20
287.4396291666666
 30
0.0
 10
176.8569544444444
 20
287.4396291666666
 30
0.0
 10
178.0235905555555
 20
287.4396291666666
 30
0.0
 10
178.0235905555555
 20
288.4391662037037
 30
0.0
 10
178.0235905555555
 20
289.4387032407407
 30
0.0
 10
178.0235905555555
 20
290.4382402777778
 30
0.0
 10
176.8558961111111
 20
290.4382402777778
 30
0.0
 10
175.6882016666666
 20
290.4382402777778
 30
0.0
 10
174.5205072222222
 20
290.4382402777778
 30
0.0
 10
173.6487933333333
 20
290.4382402777778
 30
0.0
 10
173.7440433333333
 20
290.3888513888888
 30
0.0
 10
172.7739044444444
 20
290.3888513888888
 30
0.0
 10
171.8002377777778
 20
290.3888513888888
 30
0.0
 10
171.8990155555555
 20
290.4382402777778
 30
0.0
 10
171.0241266666667
 20
290.4382402777778
 30
0.0
 10
170.1492377777778
 20
290.4382402777778
 30
0.0
 10
170.2444877777778
 20
290.3888513888888
 30
0.0
 10
169.2743488888889
 20
290.3888513888888
 30
0.0
 10
168.3006822222222
 20
290.3888513888888
 30
0.0
 10
168.39946
 20
290.4382402777778
 30
0.0
 10
167.5245711111111
 20
290.4382402777778
 30
0.0
 10
166.6496822222222
 20
290.4382402777778
 30
0.0
 10
166.745285
 20
290.3888513888888
 30
0.0
 10
165.7751461111111
 20
290.3888513888888
 30
0.0
 10
164.8011266666666
 20
290.3888513888888
 30
0.0
 10
164.9002572222222
 20
290.4382402777778
 30
0.0
 10
164.0253683333333
 20
290.4382402777778
 30
0.0
 10
163.1501266666667
 20
290.4382402777778
 30
0.0
 10
163.2453766666667
 20
290.3888513888888
 30
0.0
 10
162.2752377777778
 20
290.3888513888888
 30
0.0
 10
161.3015711111111
 20
290.3888513888888
 30
0.0
 10
161.4007016666667
 20
290.4382402777778
 30
0.0
 10
160.5258127777778
 20
290.4382402777778
 30
0.0
 10
159.6509238888889
 20
290.4382402777778
 30
0.0
 10
159.7458211111111
 20
290.3888513888888
 30
0.0
 10
158.7756822222222
 20
290.3888513888888
 30
0.0
 10
157.8020155555556
 20
290.3888513888888
 30
0.0
 10
155.9008961111111
 20
290.4382402777778
 30
0.0
 10
155.0260072222222
 20
290.4382402777778
 30
0.0
 10
154.1546461111111
 20
290.4382402777778
 30
0.0
 10
154.2498961111111
 20
290.3888513888888
 30
0.0
 10
153.2797572222222
 20
290.3888513888888
 30
0.0
 10
152.3060905555556
 20
290.3888513888888
 30
0.0
 10
152.4048683333333
 20
290.4382402777778
 30
0.0
 10
151.5299794444445
 20
290.4382402777778
 30
0.0
 10
151.2371738888889
 20
290.4382402777778
 30
0.0
 10
150.997285
 20
290.6146291666666
 30
0.0
 10
150.997285
 20
290.8368791666666
 30
0.0
 10
150.7362294444444
 20
292.7983236111111
 30
0.0
 10
149.3992016666667
 20
294.2447125
 30
0.0
 10
154.5603405555555
 20
293.8002125
 30
0.0
 10
158.8233072222222
 20
293.4315597222222
 30
0.0
 10
169.4542655555555
 20
292.1904875
 30
0.0
 10
178.1647016666667
 20
293.3027958333333
 30
0.0
 10
195.7397377777777
 20
295.5429347222222
 30
0.0
 10
192.02146
 20
292.7348236111111
 30
0.0
 10
192.02146
 20
288.9389347222222
 30
0.0
 10
192.02146
 20
285.1430458333333
 30
0.0
 10
195.7397377777777
 20
282.3314069444444
 30
0.0
 10
178.1647016666667
 20
284.5750736111111
 30
0.0
 10
169.4080516666667
 20
285.6902041666667
 30
0.0
 10
158.8487072222222
 20
284.4452513888889
 30
0.0
 10
154.5603405555555
 20
284.0741291666666
 30
0.0
  0
SPLINE
  5
319
330
1F
100
AcDbEntity
  8
DEFAULT
 62
     7
100
AcDbSpline
210
0.0
220
0.0
230
1.0
 70
    11
 71
     3
 72
    17
 73
    13
 74
     0
 42
0.000000001
 43
0.0000000001
 40
0.0
 40
0.0
 40
0.0
 40
0.0
 40
1.0
 40
1.0
 40
1.0
 40
2.0
 40
2.0
 40
2.0
 40
3.0
 40
3.0
 40
3.0
 40
4.0
 40
4.0
 40
4.0
 40
4.0
 10
188.3514069444444
 20
97.17976499999999
 30
0.0
 10
188.3514069444444
 20
96.90353999999998
 30
0.0
 10
188.1273930555555
 20
96.67987888888888
 30
0.0
 10
187.8515208333333
 20
96.67987888888888
 30
0.0
 10
187.5752958333333
 20
96.67987888888888
 30
0.0
 10
187.3516347222222
 20
96.90353999999998
 30
0.0
 10
187.3516347222222
 20
97.17976499999999
 30
0.0
 10
187.3516347222222
 20
97.45598999999999
 30
0.0
 10
187.5752958333333
 20
97.67965111111108
 30
0.0
 10
187.8515208333333
 20
97.67965111111108
 30
0.0
 10
188.1273930555555
 20
97.67965111111108
 30
0.0
 10
188.3514069444444
 20
97.45598999999999
 30
0.0
 10
188.3514069444444
 20
97.17976499999999
 30
0.0
  0
SPLINE
  5
31A
330
1F
100
AcDbEntity
  8
DEFAULT
 62
     7
100
AcDbSpline
210
0.0
220
0.0
230
1.0
 70
    11
 71
     3
 72
    17
 73
    13
 74
     0
 42
0.000000001
 43
0.0000000001
 40
0.0
 40
0.0
 40
0.0
 40
0.0
 40
1.0
 40
1.0
 40
1.0
 40
2.0
 40
2.0
 40
2.0
 40
3.0
 40
3.0
 40
3.0
 40
4.0
 40
4.0
 40
4.0
 40
4.0
 10
188.3514069444444
 20
98.67974083333333
 30
0.0
 10
188.3514069444444
 20
98.40351583333333
 30
0.0
 10
188.1273930555555
 20
98.17985472222223
 30
0.0
 10
187.8515208333333
 20
98.17985472222223
 30
0.0
 10
187.5752958333333
 20
98.17985472222223
 30
0.0
 10
187.3516347222222
 20
98.40351583333333
 30
0.0
 10
187.3516347222222
 20
98.67974083333333
 30
0.0
 10
187.3516347222222
 20
98.95596583333334
 30
0.0
 10
187.5752958333333
 20
99.17962694444444
 30
0.0
 10
187.8515208333333
 20
99.17962694444444
 30
0.0
 10
188.1273930555555
 20
99.17962694444444
 30
0.0
 10
188.3514069444444
 20
98.95596583333334
 30
0.0
 10
188.3514069444444
 20
98.67974083333333
 30
0.0
  0
SPLINE
  5
31B
330
1F
100
AcDbEntity
  8
DEFAULT
 62
     1
100
AcDbSpline
210
0.0
220
0.0
230
1.0
 70
    11
 71
     3
 72
   113
 73
   109
 74
     0
 42
0.000000001
 43
0.0000000001
 40
1.0
 40
1.0
 40
1.0
 40
1.0
 40
2.0
 40
2.0
 40
2.0
 40
3.0
 40
3.0
 40
3.0
 40
4.0
 40
4.0
 40
4.0
 40
5.0
 40
5.0
 40
5.0
 40
6.0
 40
6.0
 40
6.0
 40
7.014142135623718
 40
7.014142135623718
 40
7.014142135623718
 40
8.014142135623718
 40
8.014142135623718
 40
8.014142135623718
 40
9.024142135623709
 40
9.024142135623709
 40
9.024142135623709
 40
10.02414213562371
 40
10.02414213562371
 40
10.02414213562371
 40
11.0341421356237
 40
11.0341421356237
 40
11.0341421356237
 40
12.0341421356237
 40
12.0341421356237
 40
12.0341421356237
 40
13.04828427124742
 40
13.04828427124742
 40
13.04828427124742
 40
14.04828427124742
 40
14.04828427124742
 40
14.04828427124742
 40
15.04828427124742
 40
15.04828427124742
 40
15.04828427124742
 40
24.96828427124743
 40
24.96828427124743
 40
24.96828427124743
 40
33.46829015359834
 40
33.46829015359834
 40
33.46829015359834
 40
43.3882951939196
 40
43.3882951939196
 40
43.3882951939196
 40
44.3882951939196
 40
44.3882951939196
 40
44.3882951939196
 40
45.3882951939196
 40
45.3882951939196
 40
45.3882951939196
 40
46.3882951939196
 40
46.3882951939196
 40
46.3882951939196
 40
47.3882951939196
 40
47.3882951939196
 40
47.3882951939196
 40
48.3882951939196
 40
48.3882951939196
 40
48.3882951939196
 40
49.3882951939196
 40
49.3882951939196
 40
49.3882951939196
 40
50.3882951939196
 40
50.3882951939196
 40
50.3882951939196
 40
51.3882951939196
 40
51.3882951939196
 40
51.3882951939196
 40
52.3882951939196
 40
52.3882951939196
 40
52.3882951939196
 40
53.3882951939196
 40
53.3882951939196
 40
53.3882951939196
 40
53.6382951939196
 40
53.6382951939196
 40
53.6382951939196
 40
54.6382951939196
 40
54.6382951939196
 40
54.6382951939196
 40
55.6382951939196
 40
55.6382951939196
 40
55.6382951939196
 40
56.6382951939196
 40
56.6382951939196
 40
56.6382951939196
 40
57.6382951939196
 40
57.6382951939196
 40
57.6382951939196
 40
58.6382951939196
 40
58.6382951939196
 40
58.6382951939196
 40
59.6382951939196
 40
59.6382951939196
 40
59.6382951939196
 40
60.6382951939196
 40
60.6382951939196
 40
60.6382951939196
 40
61.6382951939196
 40
61.6382951939196
 40
61.6382951939196
 40
61.6382951939196
 10
192.7399272222222
 20
73.99358666666666
 30
0.0
 10
193.3537605555555
 20
67.86583666666665
 30
0.0
 10
192.1684272222222
 20
69.59444777777777
 30
0.0
 10
189.582566111111
 20
69.59444777777777
 30
0.0
 10
189.4590938888889
 20
69.59444777777777
 30
0.0
 10
189.3497327777777
 20
70.21886444444443
 30
0.0
 10
189.3497327777777
 20
70.98791999999999
 30
0.0
 10
189.346205
 20
71.8592811111111
 30
0.0
 10
189.3003438888888
 20
71.76050333333332
 30
0.0
 10
189.2968161111111
 20
72.73416999999999
 30
0.0
 10
189.2968161111111
 20
73.64433666666666
 30
0.0
 10
189.3391494444444
 20
73.61611444444443
 30
0.0
 10
189.3426772222222
 20
74.33225333333333
 30
0.0
 10
189.3391494444444
 20
75.04486444444443
 30
0.0
 10
189.2968161111111
 20
75.01311444444443
 30
0.0
 10
189.2968161111111
 20
75.92680888888887
 30
0.0
 10
189.2968161111111
 20
76.89694777777777
 30
0.0
 10
189.346205
 20
76.80169777777778
 30
0.0
 10
189.3497327777777
 20
77.68011444444443
 30
0.0
 10
189.346205
 20
78.55147555555554
 30
0.0
 10
189.3003438888888
 20
78.45269777777777
 30
0.0
 10
189.2968161111111
 20
79.42636444444443
 30
0.0
 10
189.2968161111111
 20
80.39650333333333
 30
0.0
 10
189.346205
 20
80.30478111111111
 30
0.0
 10
189.3497327777777
 20
81.17966999999999
 30
0.0
 10
189.346205
 20
82.05455888888888
 30
0.0
 10
189.3003438888888
 20
81.9557811111111
 30
0.0
 10
189.3003438888888
 20
82.92944777777777
 30
0.0
 10
189.3003438888888
 20
83.89958666666666
 30
0.0
 10
189.3497327777777
 20
83.80433666666666
 30
0.0
 10
189.3532605555555
 20
84.67922555555555
 30
0.0
 10
189.3497327777777
 20
85.55411444444444
 30
0.0
 10
189.3003438888888
 20
85.45533666666667
 30
0.0
 10
189.3003438888888
 20
86.42900333333333
 30
0.0
 10
189.3003438888888
 20
87.39914222222221
 30
0.0
 10
189.3497327777777
 20
87.3038922222222
 30
0.0
 10
189.3532605555555
 20
88.18230888888888
 30
0.0
 10
189.3497327777777
 20
89.05367
 30
0.0
 10
189.3038716666666
 20
88.95489222222221
 30
0.0
 10
189.3003438888888
 20
89.92855888888887
 30
0.0
 10
189.3003438888888
 20
90.89869777777777
 30
0.0
 10
189.3497327777777
 20
90.80697555555554
 30
0.0
 10
189.3497327777777
 20
91.68186444444444
 30
0.0
 10
189.3497327777777
 20
92.84838296296296
 30
0.0
 10
189.3497327777777
 20
94.01490148148149
 30
0.0
 10
189.3497327777777
 20
95.18142
 30
0.0
 10
188.3501957407407
 20
95.18024407407408
 30
0.0
 10
187.3506587037037
 20
95.17906814814815
 30
0.0
 10
186.3511216666666
 20
95.17789222222221
 30
0.0
 10
186.3522975925925
 20
94.01137370370371
 30
0.0
 10
186.3534735185185
 20
92.84485518518518
 30
0.0
 10
186.3546494444444
 20
91.67833666666667
 30
0.0
 10
186.3546494444444
 20
90.80344777777778
 30
0.0
 10
186.4005105555555
 20
90.90222555555553
 30
0.0
 10
186.4005105555555
 20
89.93208666666666
 30
0.0
 10
186.4040383333333
 20
88.95841999999999
 30
0.0
 10
186.3511216666666
 20
89.05367
 30
0.0
 10
186.3511216666666
 20
88.1787811111111
 30
0.0
 10
186.3511216666666
 20
87.3038922222222
 30
0.0
 10
186.4005105555555
 20
87.39914222222221
 30
0.0
 10
186.4005105555555
 20
86.42900333333333
 30
0.0
 10
186.4005105555555
 20
85.45533666666667
 30
0.0
 10
186.3511216666666
 20
85.55411444444444
 30
0.0
 10
186.3511216666666
 20
84.67922555555555
 30
0.0
 10
186.3511216666666
 20
83.80433666666666
 30
0.0
 10
186.4005105555555
 20
83.89958666666666
 30
0.0
 10
186.4005105555555
 20
82.92944777777777
 30
0.0
 10
186.4005105555555
 20
81.9557811111111
 30
0.0
 10
186.3511216666666
 20
82.0510311111111
 30
0.0
 10
186.3511216666666
 20
81.17614222222221
 30
0.0
 10
186.3475938888888
 20
80.30125333333332
 30
0.0
 10
186.3969827777777
 20
80.4000311111111
 30
0.0
 10
186.3969827777777
 20
79.42636444444443
 30
0.0
 10
186.4005105555555
 20
78.45622555555555
 30
0.0
 10
186.3475938888888
 20
78.55147555555554
 30
0.0
 10
186.3475938888888
 20
77.67658666666665
 30
0.0
 10
186.3475938888888
 20
76.80169777777778
 30
0.0
 10
186.3969827777777
 20
76.89694777777777
 30
0.0
 10
186.3969827777777
 20
75.92680888888887
 30
0.0
 10
186.3969827777777
 20
75.08367
 30
0.0
 10
186.3617049999999
 20
75.04486444444443
 30
0.0
 10
186.3511216666666
 20
74.48394777777777
 30
0.0
 10
186.3511216666666
 20
74.45454962962962
 30
0.0
 10
186.3511216666666
 20
74.42515148148148
 30
0.0
 10
186.3511216666666
 20
74.39575333333332
 30
0.0
 10
186.3511216666666
 20
73.61611444444443
 30
0.0
 10
186.3969827777777
 20
73.67255888888889
 30
0.0
 10
186.3969827777777
 20
72.73416999999999
 30
0.0
 10
186.4005105555555
 20
71.76050333333332
 30
0.0
 10
186.3475938888888
 20
71.8592811111111
 30
0.0
 10
186.3475938888888
 20
70.98439222222221
 30
0.0
 10
186.3475938888888
 20
70.21533666666666
 30
0.0
 10
186.2452883333333
 20
69.59444777777777
 30
0.0
 10
186.1218161111111
 20
69.59444777777777
 30
0.0
 10
183.5359549999999
 20
69.59444777777777
 30
0.0
 10
182.3506216666666
 20
67.86583666666665
 30
0.0
 10
182.964455
 20
73.99358666666666
 30
0.0
 10
183.5959272222222
 20
80.29772555555554
 30
0.0
 10
184.3790938888888
 20
94.54642
 30
0.0
 10
183.1090938888889
 20
103.8738644444444
 30
0.0
 10
180.8160383333333
 20
120.6837255555555
 30
0.0
 10
182.7245661111111
 20
116.1787533333333
 30
0.0
 10
187.853955
 20
116.1787533333333
 30
0.0
 10
192.9798161111111
 20
116.1787533333333
 30
0.0
 10
194.8848161111111
 20
120.6837255555555
 30
0.0
 10
192.5952883333333
 20
103.8738644444444
 30
0.0
 10
191.727455
 20
94.50055888888889
 30
0.0
 10
192.1119827777777
 20
80.29772555555554
 30
0.0
 10
192.7399272222222
 20
73.99358666666666
 30
0.0
  0
POLYLINE
  5
31C
330
1F
100
AcDbEntity
  8
DEFAULT
 62
     7
100
AcDb2dPolyline
 66
     1
 10
0.0
 20
0.0
 30
0.0
  0
VERTEX
  5
31D
330
31C
100
AcDbEntity
  8
DEFAULT
 62
     7
100
AcDbVertex
100
AcDb2dVertex
 10
73.33636166666666
 20
130.6147375
 30
0.0
  0
VERTEX
  5
31E
330
31C
100
AcDbEntity
  8
DEFAULT
 62
     7
100
AcDbVertex
100
AcDb2dVertex
 10
72.1291561111111
 20
131.5499513888889
 30
0.0
  0
SEQEND
  5
31F
330
31C
100
AcDbEntity
  8
DEFAULT
 62
     7
  0
SPLINE
  5
320
330
1F
100
AcDbEntity
  8
DEFAULT
 62
     7
100
AcDbSpline
210
0.0
220
0.0
230
1.0
 70
     8
 71
     3
 72
    29
 73
    25
 74
     0
 42
0.000000001
 43
0.0000000001
 40
0.0
 40
0.0
 40
0.0
 40
0.0
 40
1.801830180677409
 40
1.801830180677409
 40
1.801830180677409
 40
2.812553683916594
 40
2.812553683916594
 40
2.812553683916594
 40
4.007714760926707
 40
4.007714760926707
 40
4.007714760926707
 40
4.644987073207747
 40
4.644987073207747
 40
4.644987073207747
 40
7.433512489982697
 40
7.433512489982697
 40
7.433512489982697
 40
8.433512489982697
 40
8.433512489982697
 40
8.433512489982697
 40
9.433512489982697
 40
9.433512489982697
 40
9.433512489982697
 40
10.4335124899827
 40
10.4335124899827
 40
10.4335124899827
 40
10.4335124899827
 10
70.87862944444444
 20
129.3915511111111
 30
0.0
 10
71.0460812962963
 20
129.2617288888889
 30
0.0
 10
71.21353314814814
 20
129.1319066666667
 30
0.0
 10
71.380985
 20
129.0020844444444
 30
0.0
 10
71.30819518518518
 20
128.908127962963
 30
0.0
 10
71.23540537037037
 20
128.8141714814815
 30
0.0
 10
71.16261555555555
 20
128.720215
 30
0.0
 10
71.29467203703702
 20
128.7683103703704
 30
0.0
 10
71.42672851851852
 20
128.8164057407407
 30
0.0
 10
71.55878499999999
 20
128.8645011111111
 30
0.0
 10
71.49951833333331
 20
128.9103622222222
 30
0.0
 10
71.44025166666665
 20
128.9562233333333
 30
0.0
 10
71.380985
 20
129.0020844444444
 30
0.0
 10
71.58171555555555
 20
129.2613761111111
 30
0.0
 10
71.7824461111111
 20
129.5206677777778
 30
0.0
 10
71.98317666666665
 20
129.7799594444444
 30
0.0
 10
72.08795166666665
 20
129.9147205555555
 30
0.0
 10
72.14580722222222
 20
130.0332538888889
 30
0.0
 10
72.13416555555554
 20
130.1408511111111
 30
0.0
 10
72.1285211111111
 20
130.2364538888889
 30
0.0
 10
72.07419333333333
 20
130.3278233333333
 30
0.0
 10
71.97682666666665
 20
130.402965
 30
0.0
 10
71.89639333333332
 20
130.4654066666666
 30
0.0
 10
71.82301555555554
 20
130.5031538888889
 30
0.0
 10
71.7697461111111
 20
130.5176177777778
 30
0.0
  0
POLYLINE
  5
321
330
1F
100
AcDbEntity
  8
DEFAULT
 62
     7
100
AcDb2dPolyline
 66
     1
 10
0.0
 20
0.0
 30
0.0
  0
VERTEX
  5
322
330
321
100
AcDbEntity
  8
DEFAULT
 62
     7
100
AcDbVertex
100
AcDb2dVertex
 10
75.4433975
 20
157.3081972222222
 30
0.0
  0
VERTEX
  5
323
330
321
100
AcDbEntity
  8
DEFAULT
 62
     7
100
AcDbVertex
100
AcDb2dVertex
 10
75.43775305555556
 20
159.8079805555556
 30
0.0
  0
SEQEND
  5
324
330
321
100
AcDbEntity
  8
DEFAULT
 62
     7
  0
POLYLINE
  5
325
330
1F
100
AcDbEntity
  8
DEFAULT
 62
     7
100
AcDb2dPolyline
 66
     1
 10
0.0
 20
0.0
 30
0.0
  0
VERTEX
  5
326
330
325
100
AcDbEntity
  8
DEFAULT
 62
     7
100
AcDbVertex
100
AcDb2dVertex
 10
78.82251472222222
 20
157.5403955555556
 30
0.0
  0
VERTEX
  5
327
330
325
100
AcDbEntity
  8
DEFAULT
 62
     7
100
AcDbVertex
100
AcDb2dVertex
 10
76.5178175
 20
157.9407983333333
 30
0.0
  0
VERTEX
  5
328
330
325
100
AcDbEntity
  8
DEFAULT
 62
     7
100
AcDbVertex
100
AcDb2dVertex
 10
77.6685786111111
 20
158.5641566666666
 30
0.0
  0
VERTEX
  5
329
330
325
100
AcDbEntity
  8
DEFAULT
 62
     7
100
AcDbVertex
100
AcDb2dVertex
 10
76.51499527777777
 20
159.1790483333333
 30
0.0
  0
VERTEX
  5
32A
330
325
100
AcDbEntity
  8
DEFAULT
 62
     7
100
AcDbVertex
100
AcDb2dVertex
 10
78.8179286111111
 20
159.5935622222222
 30
0.0
  0
SEQEND
  5
32B
330
325
100
AcDbEntity
  8
DEFAULT
 62
     7
  0
SPLINE
  5
32C
330
1F
100
AcDbEntity
  8
DEFAULT
 62
     1
100
AcDbSpline
210
0.0
220
0.0
230
1.0
 70
    11
 71
     3
 72
    83
 73
    79
 74
     0
 42
0.000000001
 43
0.0000000001
 40
1.0
 40
1.0
 40
1.0
 40
1.0
 40
2.0
 40
2.0
 40
2.0
 40
3.0
 40
3.0
 40
3.0
 40
15.89619467129743
 40
15.89619467129743
 40
15.89619467129743
 40
24.39902555283334
 40
24.39902555283334
 40
24.39902555283334
 40
37.29539825991651
 40
37.29539825991651
 40
37.29539825991651
 40
38.29539825991651
 40
38.29539825991651
 40
38.29539825991651
 40
39.29539825991651
 40
39.29539825991651
 40
39.29539825991651
 40
40.29539825991651
 40
40.29539825991651
 40
40.29539825991651
 40
41.29539825991651
 40
41.29539825991651
 40
41.29539825991651
 40
42.29539825991651
 40
42.29539825991651
 40
42.29539825991651
 40
43.29539825991651
 40
43.29539825991651
 40
43.29539825991651
 40
44.29539825991651
 40
44.29539825991651
 40
44.29539825991651
 40
45.29539825991651
 40
45.29539825991651
 40
45.29539825991651
 40
46.29539825991651
 40
46.29539825991651
 40
46.29539825991651
 40
47.29539825991651
 40
47.29539825991651
 40
47.29539825991651
 40
60.18842653104041
 40
60.18842653104041
 40
60.18842653104041
 40
68.69245004935222
 40
68.69245004935222
 40
68.69245004935222
 40
81.58647831828354
 40
81.58647831828354
 40
81.58647831828354
 40
82.58647831828354
 40
82.58647831828354
 40
82.58647831828354
 40
83.58647831828354
 40
83.58647831828354
 40
83.58647831828354
 40
84.58647831828354
 40
84.58647831828354
 40
84.58647831828354
 40
85.58647831828354
 40
85.58647831828354
 40
85.58647831828354
 40
96.64462228551419
 40
96.64462228551419
 40
96.64462228551419
 40
97.64462228551419
 40
97.64462228551419
 40
97.64462228551419
 40
123.4378021011166
 40
123.4378021011166
 40
123.4378021011166
 40
124.4378021011166
 40
124.4378021011166
 40
124.4378021011166
 40
124.4378021011166
 10
80.16197666666666
 20
138.2296222222222
 30
0.0
 10
79.46524055555554
 20
137.3289805555555
 30
0.0
 10
79.49310999999999
 20
137.4704444444444
 30
0.0
 10
78.71911555555555
 20
136.4703194444444
 30
0.0
 10
77.9451211111111
 20
135.4701944444444
 30
0.0
 10
78.0752961111111
 20
135.5305194444444
 30
0.0
 10
77.37856
 20
134.6298777777778
 30
0.0
 10
76.44969611111111
 20
133.4311388888889
 30
0.0
 10
75.52083222222221
 20
132.2324
 30
0.0
 10
74.59196833333333
 20
131.0336611111111
 30
0.0
 10
73.80151092592592
 20
131.6459657407407
 30
0.0
 10
73.01105351851851
 20
132.2582703703704
 30
0.0
 10
72.2205961111111
 20
132.870575
 30
0.0
 10
73.1493424074074
 20
134.0694314814815
 30
0.0
 10
74.0780887037037
 20
135.268287962963
 30
0.0
 10
75.006835
 20
136.4671444444444
 30
0.0
 10
75.7035711111111
 20
137.3677861111111
 30
0.0
 10
75.67922944444443
 20
137.2294972222222
 30
0.0
 10
76.45004888888889
 20
138.2264472222222
 30
0.0
 10
77.22369055555554
 20
139.2265722222222
 30
0.0
 10
77.09669055555554
 20
139.1627194444444
 30
0.0
 10
77.79342666666666
 20
140.0633611111111
 30
0.0
 10
73.25035444444444
 20
143.2905722222222
 30
0.0
 10
81.27992944444443
 20
152.6963333333333
 30
0.0
 10
81.64540722222222
 20
156.6407416666667
 30
0.0
 10
81.72090166666666
 20
157.4542472222222
 30
0.0
 10
81.63658777777776
 20
160.5396416666667
 30
0.0
 10
81.63658777777776
 20
160.5396416666667
 30
0.0
 10
81.6312961111111
 20
162.6937027777778
 30
0.0
 10
80.27204333333333
 20
164.6145777777778
 30
0.0
 10
77.94229888888887
 20
164.9613583333333
 30
0.0
 10
75.61255444444443
 20
165.3081388888889
 30
0.0
 10
65.3054461111111
 20
166.8264944444444
 30
0.0
 10
64.38892944444443
 20
166.9792472222222
 30
0.0
 10
62.24580444444443
 20
167.3362583333333
 30
0.0
 10
60.44734333333332
 20
167.6340027777778
 30
0.0
 10
61.92654055555555
 20
162.6820611111111
 30
0.0
 10
62.52626277777777
 20
160.67405
 30
0.0
 10
63.43642944444444
 20
160.8063416666667
 30
0.0
 10
63.43960444444444
 20
160.0446944444444
 30
0.0
 10
64.57660722222221
 20
160.048575
 30
0.0
 10
64.44643222222221
 20
159.9878972222222
 30
0.0
 10
65.71360999999999
 20
159.9907194444444
 30
0.0
 10
66.97443777777777
 20
159.9938944444444
 30
0.0
 10
66.85131833333332
 20
160.0563361111111
 30
0.0
 10
67.98867388888888
 20
160.0602166666667
 30
0.0
 10
69.50479518518519
 20
160.0633916666667
 30
0.0
 10
71.02091648148148
 20
160.0665666666667
 30
0.0
 10
72.53703777777777
 20
160.0697416666667
 30
0.0
 10
72.53938962962962
 20
159.0697342592592
 30
0.0
 10
72.54174148148148
 20
158.0697268518518
 30
0.0
 10
72.54409333333332
 20
157.0697194444444
 30
0.0
 10
71.02785444444443
 20
157.0665444444444
 30
0.0
 10
69.51161555555555
 20
157.0633694444444
 30
0.0
 10
67.99537666666666
 20
157.0601944444444
 30
0.0
 10
66.8580211111111
 20
157.0563138888889
 30
0.0
 10
66.98184611111111
 20
157.1173444444444
 30
0.0
 10
65.7213711111111
 20
157.1141694444444
 30
0.0
 10
64.4577211111111
 20
157.1145222222222
 30
0.0
 10
64.58366277777777
 20
157.0485527777778
 30
0.0
 10
63.44630722222221
 20
157.0443194444444
 30
0.0
 10
63.20077388888888
 20
146.5378916666666
 30
0.0
 10
64.82355166666666
 20
156.1676666666667
 30
0.0
 10
63.62763499999999
 20
143.6913277777778
 30
0.0
 10
63.23146555555555
 20
139.5617111111111
 30
0.0
 10
63.20747666666666
 20
128.3426722222222
 30
0.0
 10
66.29146
 20
125.9540138888889
 30
0.0
 10
67.31945444444445
 20
125.1576768518518
 30
0.0
 10
68.34744888888888
 20
124.3613398148148
 30
0.0
 10
69.37544333333332
 20
123.5650027777778
 30
0.0
 10
72.45942666666666
 20
121.1759916666666
 30
0.0
 10
73.73965722222222
 20
121.6219027777778
 30
0.0
 10
76.12831555555555
 20
124.7058861111111
 30
0.0
 10
77.98604333333333
 20
127.1034814814815
 30
0.0
 10
79.8437711111111
 20
129.5010768518518
 30
0.0
 10
81.70149888888888
 20
131.8986722222222
 30
0.0
 10
83.02088777777776
 20
133.6036472222222
 30
0.0
 10
81.86695166666665
 20
136.9102333333333
 30
0.0
 10
80.16197666666666
 20
138.2296222222222
 30
0.0
  0
POLYLINE
  5
32D
330
1F
100
AcDbEntity
  8
DEFAULT
 62
     7
100
AcDb2dPolyline
 66
     1
 10
0.0
 20
0.0
 30
0.0
  0
VERTEX
  5
32E
330
32D
100
AcDbEntity
  8
DEFAULT
 62
     7
100
AcDbVertex
100
AcDb2dVertex
 10
100.6635513888889
 20
131.5401088888889
 30
0.0
  0
VERTEX
  5
32F
330
32D
100
AcDbEntity
  8
DEFAULT
 62
     7
100
AcDbVertex
100
AcDb2dVertex
 10
99.45810972222225
 20
130.6020727777778
 30
0.0
  0
SEQEND
  5
330
330
32D
100
AcDbEntity
  8
DEFAULT
 62
     7
  0
SPLINE
  5
331
330
1F
100
AcDbEntity
  8
DEFAULT
 62
     7
100
AcDbSpline
210
0.0
220
0.0
230
1.0
 70
     8
 71
     3
 72
    29
 73
    25
 74
     0
 42
0.000000001
 43
0.0000000001
 40
0.0
 40
0.0
 40
0.0
 40
0.0
 40
1.801477171656655
 40
1.801477171656655
 40
1.801477171656655
 40
2.439801540610253
 40
2.439801540610253
 40
2.439801540610253
 40
3.635637649782406
 40
3.635637649782406
 40
3.635637649782406
 40
4.646008868691538
 40
4.646008868691538
 40
4.646008868691538
 40
7.435053507990123
 40
7.435053507990123
 40
7.435053507990123
 40
8.435053507990123
 40
8.435053507990123
 40
8.435053507990123
 40
9.435053507990123
 40
9.435053507990123
 40
9.435053507990123
 40
10.43505350799012
 40
10.43505350799012
 40
10.43505350799012
 40
10.43505350799012
 10
101.2397433333333
 20
128.8558580555555
 30
0.0
 10
101.40696
 20
128.9859154629629
 30
0.0
 10
101.5741766666667
 20
129.1159728703703
 30
0.0
 10
101.7413933333333
 20
129.2460302777777
 30
0.0
 10
101.8005424074074
 20
129.2922441666667
 30
0.0
 10
101.8596914814814
 20
129.3384580555555
 30
0.0
 10
101.9188405555555
 20
129.3846719444444
 30
0.0
 10
101.9327164814815
 20
129.2447367592593
 30
0.0
 10
101.9465924074074
 20
129.1048015740741
 30
0.0
 10
101.9604683333333
 20
128.9648663888889
 30
0.0
 10
101.8874433333333
 20
129.0585876851852
 30
0.0
 10
101.8144183333333
 20
129.1523089814814
 30
0.0
 10
101.7413933333333
 20
129.2460302777777
 30
0.0
 10
101.5399572222222
 20
129.5048515740741
 30
0.0
 10
101.3385211111111
 20
129.7636728703704
 30
0.0
 10
101.137085
 20
130.0224941666667
 30
0.0
 10
101.03231
 20
130.1572552777778
 30
0.0
 10
100.9317683333333
 20
130.2422747222222
 30
0.0
 10
100.8248766666667
 20
130.2577969444444
 30
0.0
 10
100.7310377777778
 20
130.2761413888889
 30
0.0
 10
100.6287322222222
 20
130.2458025
 30
0.0
 10
100.5320711111111
 20
130.1706608333333
 30
0.0
 10
100.451285
 20
130.1078663888889
 30
0.0
 10
100.3966044444444
 20
130.0464830555555
 30
0.0
 10
100.3694405555555
 20
129.9985052777778
 30
0.0
  0
POLYLINE
  5
332
330
1F
100
AcDbEntity
  8
DEFAULT
 62
     7
100
AcDb2dPolyline
 66
     1
 10
0.0
 20
0.0
 30
0.0
  0
VERTEX
  5
333
330
332
100
AcDbEntity
  8
DEFAULT
 62
     7
100
AcDbVertex
100
AcDb2dVertex
 10
97.29046666666666
 20
157.2906288888889
 30
0.0
  0
VERTEX
  5
334
330
332
100
AcDbEntity
  8
DEFAULT
 62
     7
100
AcDbVertex
100
AcDb2dVertex
 10
97.29046666666666
 20
159.7904122222222
 30
0.0
  0
SEQEND
  5
335
330
332
100
AcDbEntity
  8
DEFAULT
 62
     7
  0
POLYLINE
  5
336
330
1F
100
AcDbEntity
  8
DEFAULT
 62
     7
100
AcDb2dPolyline
 66
     1
 10
0.0
 20
0.0
 30
0.0
  0
VERTEX
  5
337
330
336
100
AcDbEntity
  8
DEFAULT
 62
     7
100
AcDbVertex
100
AcDb2dVertex
 10
93.91082027777776
 20
157.5151013888889
 30
0.0
  0
VERTEX
  5
338
330
336
100
AcDbEntity
  8
DEFAULT
 62
     7
100
AcDbVertex
100
AcDb2dVertex
 10
96.21445916666664
 20
157.9207958333333
 30
0.0
  0
VERTEX
  5
339
330
336
100
AcDbEntity
  8
DEFAULT
 62
     7
100
AcDbVertex
100
AcDb2dVertex
 10
95.0626397222222
 20
158.5416847222222
 30
0.0
  0
VERTEX
  5
33A
330
336
100
AcDbEntity
  8
DEFAULT
 62
     7
100
AcDbVertex
100
AcDb2dVertex
 10
96.21445916666664
 20
159.1590458333333
 30
0.0
  0
VERTEX
  5
33B
330
336
100
AcDbEntity
  8
DEFAULT
 62
     7
100
AcDbVertex
100
AcDb2dVertex
 10
93.91082027777776
 20
159.5682680555555
 30
0.0
  0
SEQEND
  5
33C
330
336
100
AcDbEntity
  8
DEFAULT
 62
     7
  0
SPLINE
  5
33D
330
1F
100
AcDbEntity
  8
DEFAULT
 62
     1
100
AcDbSpline
210
0.0
220
0.0
230
1.0
 70
    11
 71
     3
 72
    83
 73
    79
 74
     0
 42
0.000000001
 43
0.0000000001
 40
1.0
 40
1.0
 40
1.0
 40
1.0
 40
2.0
 40
2.0
 40
2.0
 40
3.0
 40
3.0
 40
3.0
 40
15.89687609462074
 40
15.89687609462074
 40
15.89687609462074
 40
24.40083105687215
 40
24.40083105687215
 40
24.40083105687215
 40
37.29770715149284
 40
37.29770715149284
 40
37.29770715149284
 40
38.29770715149284
 40
38.29770715149284
 40
38.29770715149284
 40
39.29770715149284
 40
39.29770715149284
 40
39.29770715149284
 40
40.29770715149284
 40
40.29770715149284
 40
40.29770715149284
 40
41.29770715149284
 40
41.29770715149284
 40
41.29770715149284
 40
42.29770715149284
 40
42.29770715149284
 40
42.29770715149284
 40
43.29770715149284
 40
43.29770715149284
 40
43.29770715149284
 40
44.29770715149284
 40
44.29770715149284
 40
44.29770715149284
 40
45.29770715149284
 40
45.29770715149284
 40
45.29770715149284
 40
46.29770715149284
 40
46.29770715149284
 40
46.29770715149284
 40
47.29770715149284
 40
47.29770715149284
 40
47.29770715149284
 40
60.19170750049238
 40
60.19170750049238
 40
60.19170750049238
 40
68.69570750049235
 40
68.69570750049235
 40
68.69570750049235
 40
81.58970784949189
 40
81.58970784949189
 40
81.58970784949189
 40
82.58970784949189
 40
82.58970784949189
 40
82.58970784949189
 40
83.58970784949189
 40
83.58970784949189
 40
83.58970784949189
 40
84.58970784949189
 40
84.58970784949189
 40
84.58970784949189
 40
85.58970784949189
 40
85.58970784949189
 40
85.58970784949189
 40
96.64748068130574
 40
96.64748068130574
 40
96.64748068130574
 40
97.64748068130574
 40
97.64748068130574
 40
97.64748068130574
 40
123.4404437720404
 40
123.4404437720404
 40
123.4404437720404
 40
124.4404437720404
 40
124.4404437720404
 40
124.4404437720404
 40
124.4404437720404
 10
92.61531444444445
 20
138.2013647222222
 30
0.0
 10
93.31416722222222
 20
137.3021341666667
 30
0.0
 10
93.285945
 20
137.4435980555555
 30
0.0
 10
94.06240888888888
 20
136.4452369444444
 30
0.0
 10
94.83852
 20
135.4468758333333
 30
0.0
 10
94.708345
 20
135.5072008333333
 30
0.0
 10
95.406845
 20
134.6079702777778
 30
0.0
 10
96.33841351851852
 20
133.4112304629629
 30
0.0
 10
97.26998203703704
 20
132.2144906481481
 30
0.0
 10
98.20155055555554
 20
131.0177508333333
 30
0.0
 10
98.99071444444444
 20
131.6319369444444
 30
0.0
 10
99.77987833333333
 20
132.2461230555556
 30
0.0
 10
100.5690422222222
 20
132.8603091666666
 30
0.0
 10
99.63747370370369
 20
134.0570489814814
 30
0.0
 10
98.70590518518519
 20
135.2537887962963
 30
0.0
 10
97.77433666666667
 20
136.4505286111111
 30
0.0
 10
97.07583666666667
 20
137.3494063888889
 30
0.0
 10
97.10053111111111
 20
137.2114702777777
 30
0.0
 10
96.327595
 20
138.2066563888889
 30
0.0
 10
95.55113111111112
 20
139.2050175
 30
0.0
 10
95.67848388888889
 20
139.1415175
 30
0.0
 10
94.97998388888888
 20
140.0403952777778
 30
0.0
 10
99.51564777777777
 20
143.2781897222222
 30
0.0
 10
91.46420055555556
 20
152.6656063888888
 30
0.0
 10
91.08990333333333
 20
156.6089563888889
 30
0.0
 10
91.01299777777778
 20
157.4221091666666
 30
0.0
 10
91.08990333333333
 20
160.5078563888889
 30
0.0
 10
91.08990333333333
 20
160.5078563888889
 30
0.0
 10
91.09025611111112
 20
162.6619175
 30
0.0
 10
92.44527555555554
 20
164.5859675
 30
0.0
 10
94.77396166666668
 20
164.9380397222222
 30
0.0
 10
97.10300055555555
 20
165.2901119444444
 30
0.0
 10
107.4069338888889
 20
166.8317508333333
 30
0.0
 10
108.3230977777778
 20
166.9866202777777
 30
0.0
 10
110.4651644444445
 20
167.3489230555555
 30
0.0
 10
112.2632727777778
 20
167.6505480555555
 30
0.0
 10
110.7953644444444
 20
162.6950786111111
 30
0.0
 10
110.1998755555556
 20
160.6856563888889
 30
0.0
 10
109.2893561111111
 20
160.8158313888889
 30
0.0
 10
109.2882977777778
 20
160.0541841666666
 30
0.0
 10
108.1509422222222
 20
160.0555952777778
 30
0.0
 10
108.28147
 20
159.9956230555555
 30
0.0
 10
107.0139394444444
 20
159.9952702777778
 30
0.0
 10
105.7534644444444
 20
159.9956230555555
 30
0.0
 10
105.8762311111111
 20
160.0584175
 30
0.0
 10
104.7392283333333
 20
160.0598286111111
 30
0.0
 10
103.2229894444445
 20
160.0594758333333
 30
0.0
 10
101.7067505555556
 20
160.0591230555555
 30
0.0
 10
100.1905116666667
 20
160.0587702777777
 30
0.0
 10
100.1905116666667
 20
159.0587628703703
 30
0.0
 10
100.1905116666667
 20
158.0587554629629
 30
0.0
 10
100.1905116666667
 20
157.0587480555555
 30
0.0
 10
101.7067505555556
 20
157.0591008333333
 30
0.0
 10
103.2229894444445
 20
157.0594536111111
 30
0.0
 10
104.7392283333333
 20
157.0598063888889
 30
0.0
 10
105.8762311111111
 20
157.0583952777777
 30
0.0
 10
105.7524061111111
 20
157.1190730555555
 30
0.0
 10
107.0132338888889
 20
157.1187202777778
 30
0.0
 10
108.2768838888889
 20
157.1218952777778
 30
0.0
 10
108.1509422222222
 20
157.0555730555555
 30
0.0
 10
109.287945
 20
157.0541619444444
 30
0.0
 10
109.5574672222222
 20
146.5484397222222
 30
0.0
 10
107.9128172222222
 20
156.1743341666667
 30
0.0
 10
109.1373088888889
 20
143.7004647222222
 30
0.0
 10
109.5426505555556
 20
139.5719063888889
 30
0.0
 10
109.5923922222222
 20
128.3528675
 30
0.0
 10
106.5137005555556
 20
125.9571536111111
 30
0.0
 10
105.4875875925926
 20
125.1584647222222
 30
0.0
 10
104.4614746296296
 20
124.3597758333333
 30
0.0
 10
103.4353616666667
 20
123.5610869444444
 30
0.0
 10
100.35667
 20
121.1650202777777
 30
0.0
 10
99.07538111111111
 20
121.6081091666667
 30
0.0
 10
96.67966722222222
 20
124.6868008333333
 30
0.0
 10
94.81653018518519
 20
127.0801628703704
 30
0.0
 10
92.95339314814817
 20
129.4735249074074
 30
0.0
 10
91.09025611111112
 20
131.8668869444444
 30
0.0
 10
89.76698666666667
 20
133.5690397222222
 30
0.0
 10
90.91316166666667
 20
136.8780952777778
 30
0.0
 10
92.61531444444445
 20
138.2013647222222
 30
0.0
  0
ENDSEC
  0
SECTION
  2
OBJECTS
  0
DICTIONARY
  5
C
330
0
100
AcDbDictionary
  3
ACAD_GROUP
350
D
  3
ACAD_LAYOUT
350
1A
  3
ACAD_MATERIAL
350
43
  3
ACAD_MLEADERSTYLE
350
360
  3
ACAD_MLINESTYLE
350
17
  3
ACAD_PLOTSETTINGS
350
19
  3
ACAD_SCALELIST
350
47
  3
ACAD_VISUALSTYLE
350
2A
  3
ACDBHEADERROUNDTRIPXREC
350
33E
  3
ACDBVARIABLEDICTIONARY
350
35E
  0
DICTIONARY
  5
D
102
{ACAD_REACTORS
330
C
102
}
330
C
100
AcDbDictionary
  0
DICTIONARY
  5
1A
102
{ACAD_REACTORS
330
C
102
}
330
C
100
AcDbDictionary
  0
DICTIONARY
  5
43
102
{ACAD_REACTORS
330
C
102
}
330
C
100
AcDbDictionary
  3
BYBLOCK
350
45
  3
BYLAYER
350
44
  3
GLOBAL
350
46
  0
DICTIONARY
  5
360
102
{ACAD_REACTORS
330
C
102
}
330
C
100
AcDbDictionary
  0
DICTIONARY
  5
17
102
{ACAD_REACTORS
330
C
102
}
330
C
100
AcDbDictionary
  3
STANDARD
350
18
  0
DICTIONARY
  5
19
102
{ACAD_REACTORS
330
C
102
}
330
C
100
AcDbDictionary
  0
DICTIONARY
  5
47
102
{ACAD_REACTORS
330
C
102
}
330
C
100
AcDbDictionary
  3
A0
350
48
  3
A1
350
49
  3
A2
350
4A
  3
A3
350
4B
  3
A4
350
4C
  3
A5
350
4D
  3
A6
350
4E
  3
A7
350
4F
  3
A8
350
50
  3
A9
350
51
  3
B0
350
52
  3
B1
350
53
  3
B2
350
54
  3
B3
350
55
  3
B4
350
56
  3
B5
350
57
  3
B6
350
58
  3
B7
350
59
  3
B8
350
5A
  3
B9
350
5B
  3
C0
350
5C
  3
C1
350
5D
  3
C2
350
5E
  3
C3
350
5F
  3
C4
350
60
  3
C5
350
61
  3
C6
350
62
  3
C7
350
63
  3
C8
350
64
  3
C9
350
65
  3
D0
350
66
  3
D1
350
67
  3
D2
350
68
  0
DICTIONARY
  5
2A
102
{ACAD_REACTORS
330
C
102
}
330
C
100
AcDbDictionary
  3
2DWIREFRAME
350
2F
  3
BASIC
350
32
  3
BRIGHTEN
350
36
  3
COLORCHANGE
350
3A
  3
CONCEPTUAL
350
34
  3
DIM
350
35
  3
EDGECOLOROFF
350
3D
  3
FACEPATTERN
350
39
  3
FLAT
350
2B
  3
FLATWITHEDGES
350
2C
  3
GOURAUD
350
2D
  3
GOURAUDWITHEDGES
350
2E
  3
HIDDEN
350
31
  3
JITTEROFF
350
3B
  3
LINEPATTERN
350
38
  3
OVERHANGOFF
350
3C
  3
REALISTIC
350
33
  3
SHADED
350
42
  3
SHADED_WITH_EDGES
350
41
  3
SHADES_OF_GRAY
350
3E
  3
SKETCHY
350
3F
  3
THICKEN
350
37
  3
WIREFRAME
350
30
  3
X-RAY
350
40
  0
DICTIONARY
  5
33E
102
{ACAD_REACTORS
330
C
102
}
330
C
100
AcDbDictionary
  3
CEPSNTYPE
350
347
  3
DIMSTYLEDATA
350
35D
  3
FINGERPRINTGUID
350
348
  3
HYPERLINKBASE
350
341
  3
INSUNITS
350
346
  3
LAYOUTDICT
350
343
  3
LWETCUNION
350
345
  3
PLOTSETDICT
350
344
  3
PSVPSCALE
350
34A
  3
PUCSBASE
350
34D
  3
PUCSORGBACK
350
353
  3
PUCSORGBOTTOM
350
34F
  3
PUCSORGFRONT
350
352
  3
PUCSORGLEFT
350
350
  3
PUCSORGRIGHT
350
351
  3
PUCSORGTOP
350
34E
  3
PUCSORTHOREF
350
34B
  3
PUCSORTHOVIEW
350
34C
  3
STYLESHEET
350
342
  3
TSTACKALIGN
350
33F
  3
TSTACKSIZE
350
340
  3
UCSBASE
350
356
  3
UCSORGBACK
350
35C
  3
UCSORGBOTTOM
350
358
  3
UCSORGFRONT
350
35B
  3
UCSORGLEFT
350
359
  3
UCSORGRIGHT
350
35A
  3
UCSORGTOP
350
357
  3
UCSORTHOREF
350
354
  3
UCSORTHOVIEW
350
355
  3
VERSIONGUID
350
349
  0
DICTIONARY
  5
35E
102
{ACAD_REACTORS
330
C
102
}
330
C
100
AcDbDictionary
  3
CANNOSCALE
350
365
  3
DIMASSOC
350
363
  3
HIDETEXT
350
364
  3
MSLTSCALE
350
366
  0
MATERIAL
  5
45
102
{ACAD_REACTORS
330
43
102
}
102
{ACAD_XDICTIONARY
360
369
102
}
330
43
100
AcDbMaterial
  1
BYBLOCK
  0
MATERIAL
  5
44
102
{ACAD_REACTORS
330
43
102
}
102
{ACAD_XDICTIONARY
360
367
102
}
330
43
100
AcDbMaterial
  1
BYLAYER
  0
MATERIAL
  5
46
102
{ACAD_REACTORS
330
43
102
}
102
{ACAD_XDICTIONARY
360
36B
102
}
330
43
100
AcDbMaterial
  1
GLOBAL
  0
MLINESTYLE
  5
18
102
{ACAD_REACTORS
330
17
102
}
330
17
100
AcDbMlineStyle
  2
Standard
 70
     0
  3

 62
   256
 51
90.0
 52
90.0
 71
     2
 49
0.5
 62
   256
  6
BYLAYER
 49
-0.5
 62
   256
  6
BYLAYER
  0
ACAD_PROXY_OBJECT
  5
48
102
{ACAD_REACTORS
330
47
102
}
330
47
100
AcDbProxyObject
 90
      499
 91
      503
 93
       41
310
903313A31580
  0
ACAD_PROXY_OBJECT
  5
49
102
{ACAD_REACTORS
330
47
102
}
330
47
100
AcDbProxyObject
 90
      499
 91
      503
 93
      105
310
903313A324000000000000004000
  0
ACAD_PROXY_OBJECT
  5
4A
102
{ACAD_REACTORS
330
47
102
}
330
47
100
AcDbProxyObject
 90
      499
 91
      503
 93
      105
310
903313A344000000000000104000
  0
ACAD_PROXY_OBJECT
  5
4B
102
{ACAD_REACTORS
330
47
102
}
330
47
100
AcDbProxyObject
 90
      499
 91
      503
 93
      105
310
903313A354000000000000144000
  0
ACAD_PROXY_OBJECT
  5
4C
102
{ACAD_REACTORS
330
47
102
}
330
47
100
AcDbProxyObject
 90
      499
 91
      503
 93
      105
310
903313A384000000000000204000
  0
ACAD_PROXY_OBJECT
  5
4D
102
{ACAD_REACTORS
330
47
102
}
330
47
100
AcDbProxyObject
 90
      499
 91
      503
 93
      113
310
904313A31304000000000000244000
  0
ACAD_PROXY_OBJECT
  5
4E
102
{ACAD_REACTORS
330
47
102
}
330
47
100
AcDbProxyObject
 90
      499
 91
      503
 93
      113
310
904313A31364000000000000304000
  0
ACAD_PROXY_OBJECT
  5
4F
102
{ACAD_REACTORS
330
47
102
}
330
47
100
AcDbProxyObject
 90
      499
 91
      503
 93
      113
310
904313A32304000000000000344000
  0
ACAD_PROXY_OBJECT
  5
50
102
{ACAD_REACTORS
330
47
102
}
330
47
100
AcDbProxyObject
 90
      499
 91
      503
 93
      113
310
904313A333040000000000003E4000
  0
ACAD_PROXY_OBJECT
  5
51
102
{ACAD_REACTORS
330
47
102
}
330
47
100
AcDbProxyObject
 90
      499
 91
      503
 93
      113
310
904313A34304000000000000444000
  0
ACAD_PROXY_OBJECT
  5
52
102
{ACAD_REACTORS
330
47
102
}
330
47
100
AcDbProxyObject
 90
      499
 91
      503
 93
      113
310
904313A35304000000000000494000
  0
ACAD_PROXY_OBJECT
  5
53
102
{ACAD_REACTORS
330
47
102
}
330
47
100
AcDbProxyObject
 90
      499
 91
      503
 93
      121
310
905313A3130304000000000000594000
  0
ACAD_PROXY_OBJECT
  5
54
102
{ACAD_REACTORS
330
47
102
}
330
47
100
AcDbProxyObject
 90
      499
 91
      503
 93
      105
310
903323A310000000000000010100
  0
ACAD_PROXY_OBJECT
  5
55
102
{ACAD_REACTORS
330
47
102
}
330
47
100
AcDbProxyObject
 90
      499
 91
      503
 93
      105
310
903343A310000000000000410100
  0
ACAD_PROXY_OBJECT
  5
56
102
{ACAD_REACTORS
330
47
102
}
330
47
100
AcDbProxyObject
 90
      499
 91
      503
 93
      105
310
903383A310000000000000810100
  0
ACAD_PROXY_OBJECT
  5
57
102
{ACAD_REACTORS
330
47
102
}
330
47
100
AcDbProxyObject
 90
      499
 91
      503
 93
      113
310
90431303A310000000000000910100
  0
ACAD_PROXY_OBJECT
  5
58
102
{ACAD_REACTORS
330
47
102
}
330
47
100
AcDbProxyObject
 90
      499
 91
      503
 93
      121
310
9053130303A310000000000001650100
  0
ACAD_PROXY_OBJECT
  5
59
102
{ACAD_REACTORS
330
47
102
}
330
47
100
AcDbProxyObject
 90
      499
 91
      503
 93
      257
310
90E312F31323822203D2031272D3022000000000000200FC000000000000284000
  0
ACAD_PROXY_OBJECT
  5
5A
102
{ACAD_REACTORS
330
47
102
}
330
47
100
AcDbProxyObject
 90
      499
 91
      503
 93
      249
310
90D312F363422203D2031272D3022000000000000240FC000000000000284000
  0
ACAD_PROXY_OBJECT
  5
5B
102
{ACAD_REACTORS
330
47
102
}
330
47
100
AcDbProxyObject
 90
      499
 91
      503
 93
      249
310
90D312F333222203D2031272D3022000000000000280FC000000000000284000
  0
ACAD_PROXY_OBJECT
  5
5C
102
{ACAD_REACTORS
330
47
102
}
330
47
100
AcDbProxyObject
 90
      499
 91
      503
 93
      249
310
90D312F313622203D2031272D30220000000000002C0FC000000000000284000
  0
ACAD_PROXY_OBJECT
  5
5D
102
{ACAD_REACTORS
330
47
102
}
330
47
100
AcDbProxyObject
 90
      499
 91
      503
 93
      249
310
90D332F333222203D2031272D30220000000000002E0FC000000000000284000
  0
ACAD_PROXY_OBJECT
  5
5E
102
{ACAD_REACTORS
330
47
102
}
330
47
100
AcDbProxyObject
 90
      499
 91
      503
 93
      241
310
90C312F3822203D2031272D3022000000000000300FC000000000000284000
  0
ACAD_PROXY_OBJECT
  5
5F
102
{ACAD_REACTORS
330
47
102
}
330
47
100
AcDbProxyObject
 90
      499
 91
      503
 93
      249
310
90D332F313622203D2031272D3022000000000000320FC000000000000284000
  0
ACAD_PROXY_OBJECT
  5
60
102
{ACAD_REACTORS
330
47
102
}
330
47
100
AcDbProxyObject
 90
      499
 91
      503
 93
      241
310
90C312F3422203D2031272D3022000000000000340FC000000000000284000
  0
ACAD_PROXY_OBJECT
  5
61
102
{ACAD_REACTORS
330
47
102
}
330
47
100
AcDbProxyObject
 90
      499
 91
      503
 93
      241
310
90C332F3822203D2031272D3022000000000000360FC000000000000284000
  0
ACAD_PROXY_OBJECT
  5
62
102
{ACAD_REACTORS
330
47
102
}
330
47
100
AcDbProxyObject
 90
      499
 91
      503
 93
      241
310
90C312F3222203D2031272D3022000000000000380FC000000000000284000
  0
ACAD_PROXY_OBJECT
  5
63
102
{ACAD_REACTORS
330
47
102
}
330
47
100
AcDbProxyObject
 90
      499
 91
      503
 93
      241
310
90C332F3422203D2031272D30220000000000003A0FC000000000000284000
  0
ACAD_PROXY_OBJECT
  5
64
102
{ACAD_REACTORS
330
47
102
}
330
47
100
AcDbProxyObject
 90
      499
 91
      503
 93
      161
310
90A3122203D2031272D30224000000000000284000
  0
ACAD_PROXY_OBJECT
  5
65
102
{ACAD_REACTORS
330
47
102
}
330
47
100
AcDbProxyObject
 90
      499
 91
      503
 93
      257
310
90E312D312F3222203D2031272D30220000000000003E0FC000000000000284000
  0
ACAD_PROXY_OBJECT
  5
66
102
{ACAD_REACTORS
330
47
102
}
330
47
100
AcDbProxyObject
 90
      499
 91
      503
 93
      225
310
90A3322203D2031272D302200000000000002100000000000000284000
  0
ACAD_PROXY_OBJECT
  5
67
102
{ACAD_REACTORS
330
47
102
}
330
47
100
AcDbProxyObject
 90
      499
 91
      503
 93
      225
310
90A3622203D2031272D302200000000000006100000000000000284000
  0
ACAD_PROXY_OBJECT
  5
68
102
{ACAD_REACTORS
330
47
102
}
330
47
100
AcDbProxyObject
 90
      499
 91
      503
 93
      249
310
90D31272D3022203D2031272D30220000000000000A100000000000000284000
  0
ACAD_PROXY_OBJECT
  5
2F
102
{ACAD_REACTORS
330
2A
102
}
330
2A
100
AcDbProxyObject
 90
      499
 91
      501
 93
      436
310
42CC9915DA5C99599C985B595049028333333333333E33F0000000000000F90107901411070040501600405405064090741402480A0340
1001
ACAD
1000
AcDbSavedByObjectVersion
1070
     0
  0
ACAD_PROXY_OBJECT
  5
32
102
{ACAD_REACTORS
330
2A
102
}
330
2A
100
AcDbProxyObject
 90
      499
 91
      501
 93
      388
310
4150985CDA58D07406404333333333333E33F0000000000000F90107A41107004050150841D405064090741402480A0350
1001
ACAD
1000
AcDbSavedByObjectVersion
1070
     0
  0
ACAD_PROXY_OBJECT
  5
36
102
{ACAD_REACTORS
330
2A
102
}
330
2A
100
AcDbProxyObject
 90
      499
 91
      501
 93
      428
310
42109C9A59DA1D195B90C409028333333333333E33F0000000000000F9010790141107004050150841D405064090741402480A029950
1001
ACAD
1000
AcDbSavedByObjectVersion
1070
     0
  0
ACAD_PROXY_OBJECT
  5
3A
102
{ACAD_REACTORS
330
2A
102
}
330
2A
100
AcDbProxyObject
 90
      499
 91
      501
 93
      452
310
42D0DBDB1BDC90DA185B99D95104090240C333333333333E33F0000000000000F90108901411070040501508421405064090741402480A0350
1001
ACAD
1000
AcDbSavedByObjectVersion
1070
     0
  0
ACAD_PROXY_OBJECT
  5
34
102
{ACAD_REACTORS
330
2A
102
}
330
2A
100
AcDbProxyObject
 90
      499
 91
      501
 93
      500
310
4290DBDB98D95C1D1D585B10940D028333333333333E33F0000000000000F90107902409070040501000000000018199010841D405064090740C02480A0340
1001
ACAD
1000
AcDbSavedByObjectVersion
1070
     0
  0
ACAD_PROXY_OBJECT
  5
35
102
{ACAD_REACTORS
330
2A
102
}
330
2A
100
AcDbProxyObject
 90
      499
 91
      501
 93
      412
310
40D11A5B50B409028333333333333E33F0000000000000F9010790141107004050150841D405064090741402480A02677FFFFFD0
1001
ACAD
1000
AcDbSavedByObjectVersion
1070
     0
  0
ACAD_PROXY_OBJECT
  5
3D
102
{ACAD_REACTORS
330
2A
102
}
330
2A
100
AcDbProxyObject
 90
      499
 91
      501
 93
      452
310
43115919D950DBDB1BDC93D999916409028333333333333E33F0000000000000F9010790141107004050150841D405064090741402480A0350
1001
ACAD
1000
AcDbSavedByObjectVersion
1070
     0
  0
ACAD_PROXY_OBJECT
  5
39
102
{ACAD_REACTORS
330
2A
102
}
330
2A
100
AcDbProxyObject
 90
      499
 91
      501
 93
      444
310
42D19858D95C185D1D195C9B90F409028333333333333E33F0000000000000F9010790141107004050150841D405064090741402480A0350
1001
ACAD
1000
AcDbSavedByObjectVersion
1070
     0
  0
ACAD_PROXY_OBJECT
  5
2B
102
{ACAD_REACTORS
330
2A
102
}
330
2A
100
AcDbProxyObject
 90
      499
 91
      501
 93
      380
310
41119B185D240901404333333333333E33F0000000000000F9010740A907004050150841D405064090741402480A1B50
1001
ACAD
1000
AcDbSavedByObjectVersion
1070
     0
  0
ACAD_PROXY_OBJECT
  5
2C
102
{ACAD_REACTORS
330
2A
102
}
330
2A
100
AcDbProxyObject
 90
      499
 91
      501
 93
      468
310
43519B185D15DA5D1A115919D95CD0140901404333333333333E33F0000000000000F90107409019070040501600405405064090741402480A1B50
1001
ACAD
1000
AcDbSavedByObjectVersion
1070
     0
  0
ACAD_PROXY_OBJECT
  5
2D
102
{ACAD_REACTORS
330
2A
102
}
330
2A
100
AcDbProxyObject
 90
      499
 91
      501
 93
      404
310
41D1DBDD5C985D5910240902404333333333333E33F0000000000000F9010740A9070040501641D405064090741402480A1B50
1001
ACAD
1000
AcDbSavedByObjectVersion
1070
     0
  0
ACAD_PROXY_OBJECT
  5
2E
102
{ACAD_REACTORS
330
2A
102
}
330
2A
100
AcDbProxyObject
 90
      499
 91
      501
 93
      492
310
4411DBDD5C985D5915DA5D1A115919D95CD0340902404333333333333E33F0000000000000F90107409019070040501600405405064090741402480A1B50
1001
ACAD
1000
AcDbSavedByObjectVersion
1070
     0
  0
ACAD_PROXY_OBJECT
  5
31
102
{ACAD_REACTORS
330
2A
102
}
330
2A
100
AcDbProxyObject
 90
      499
 91
      501
 93
      476
310
41921A5919195B90640502408333333333333E33F0000000000000F901079024090700405020000000000001110200405405064090740C02480A0340
1001
ACAD
1000
AcDbSavedByObjectVersion
1070
     0
  0
ACAD_PROXY_OBJECT
  5
3B
102
{ACAD_REACTORS
330
2A
102
}
330
2A
100
AcDbProxyObject
 90
      499
 91
      501
 93
      428
310
42529A5D1D195C93D999914409028333333333333E33F0000000000000F9010790141107004050150A41D405064090741402480A0350
1001
ACAD
1000
AcDbSavedByObjectVersion
1070
     0
  0
ACAD_PROXY_OBJECT
  5
38
102
{ACAD_REACTORS
330
2A
102
}
330
2A
100
AcDbProxyObject
 90
      499
 91
      501
 93
      444
310
42D31A5B995C185D1D195C9B90E409028333333333333E33F0000000000000F9010790141107004050750841D405064090741402483A0350
1001
ACAD
1000
AcDbSavedByObjectVersion
1070
     0
  0
ACAD_PROXY_OBJECT
  5
3C
102
{ACAD_REACTORS
330
2A
102
}
330
2A
100
AcDbProxyObject
 90
      499
 91
      501
 93
      444
310
42D3DD995C9A185B99D3D999915409028333333333333E33F0000000000000F9010790141107004050150941D405064090741402480A0350
1001
ACAD
1000
AcDbSavedByObjectVersion
1070
     0
  0
ACAD_PROXY_OBJECT
  5
33
102
{ACAD_REACTORS
330
2A
102
}
330
2A
100
AcDbProxyObject
 90
      499
 91
      501
 93
      428
310
425499585B1A5CDD1A58D08409038333333333333E33F0000000000000F9010740A907004050150800405405064090740C02480A1B40
1001
ACAD
1000
AcDbSavedByObjectVersion
1070
     0
  0
ACAD_PROXY_OBJECT
  5
42
102
{ACAD_REACTORS
330
2A
102
}
330
2A
100
AcDbProxyObject
 90
      499
 91
      501
 93
      420
310
4194DA1859195911B40902404333333333333E33F0000000000000F9010740A41107004050150800405405064090840C02480A0B40
1001
ACAD
1000
AcDbSavedByObjectVersion
1070
     0
  0
ACAD_PROXY_OBJECT
  5
41
102
{ACAD_REACTORS
330
2A
102
}
330
2A
100
AcDbProxyObject
 90
      499
 91
      501
 93
      516
310
4454DA18591959081DDA5D1A08195919D95CD1A40902404333333333333E33F0000000000000F901074090142907004050250800405405064090740C02480A0B40
1001
ACAD
1000
AcDbSavedByObjectVersion
1070
     0
  0
ACAD_PROXY_OBJECT
  5
3E
102
{ACAD_REACTORS
330
2A
102
}
330
2A
100
AcDbProxyObject
 90
      499
 91
      501
 93
      532
310
4394DA1859195CC81BD98811DC985E5174090240C333333333333E33F0000000000000F901079024090741D01000000000000111010841D405064090740C02480A0340
1001
ACAD
1000
AcDbSavedByObjectVersion
1070
     0
  0
ACAD_PROXY_OBJECT
  5
3F
102
{ACAD_REACTORS
330
2A
102
}
330
2A
100
AcDbProxyObject
 90
      499
 91
      501
 93
      476
310
41D4DAD95D18DA1E51840502408333333333333E33F0000000000000F901079024090741D01000000000000111010B41D405064090741802480A0340
1001
ACAD
1000
AcDbSavedByObjectVersion
1070
     0
  0
ACAD_PROXY_OBJECT
  5
37
102
{ACAD_REACTORS
330
2A
102
}
330
2A
100
AcDbProxyObject
 90
      499
 91
      501
 93
      412
310
41D51A1A58DAD95B90D409028333333333333E33F0000000000000F9010790141107004050150C41D405064090741402480A0350
1001
ACAD
1000
AcDbSavedByObjectVersion
1070
     0
  0
ACAD_PROXY_OBJECT
  5
30
102
{ACAD_REACTORS
330
2A
102
}
330
2A
100
AcDbProxyObject
 90
      499
 91
      501
 93
      420
310
4255DA5C99599C985B595059028333333333333E33F0000000000000F90107901411070040501600405405064090740C02480A0340
1001
ACAD
1000
AcDbSavedByObjectVersion
1070
     0
  0
ACAD_PROXY_OBJECT
  5
40
102
{ACAD_REACTORS
330
2A
102
}
330
2A
100
AcDbProxyObject
 90
      499
 91
      501
 93
      404
310
41560B54985E51940902404000000000000E03F0000000000000F9010740501907004050150841D405064090740C02480A1B40
1001
ACAD
1000
AcDbSavedByObjectVersion
1070
     0
  0
XRECORD
  5
347
102
{ACAD_REACTORS
330
33E
102
}
330
33E
100
AcDbXrecord
 90
        0
  0
XRECORD
  5
35D
102
{ACAD_REACTORS
330
33E
102
}
330
33E
100
AcDbXrecord
1000
DSTYLE
1002
{
1070
   279
 70
     2
1070
   340
340
11
1002
}
  0
XRECORD
  5
348
102
{ACAD_REACTORS
330
33E
102
}
330
33E
100
AcDbXrecord
  1
{0240BD2E-572D-49B1-969C-7B424E7D2374}
  0
XRECORD
  5
341
102
{ACAD_REACTORS
330
33E
102
}
330
33E
100
AcDbXrecord
  1

  0
XRECORD
  5
346
102
{ACAD_REACTORS
330
33E
102
}
330
33E
100
AcDbXrecord
 90
        4
  0
XRECORD
  5
343
102
{ACAD_REACTORS
330
33E
102
}
330
33E
100
AcDbXrecord
340
1A
  0
XRECORD
  5
345
102
{ACAD_REACTORS
330
33E
102
}
330
33E
100
AcDbXrecord
 90
    10781
  0
XRECORD
  5
344
102
{ACAD_REACTORS
330
33E
102
}
330
33E
100
AcDbXrecord
340
19
  0
XRECORD
  5
34A
102
{ACAD_REACTORS
330
33E
102
}
330
33E
100
AcDbXrecord
 40
0.0
  0
XRECORD
  5
34D
102
{ACAD_REACTORS
330
33E
102
}
330
33E
100
AcDbXrecord
340
0
  0
XRECORD
  5
353
102
{ACAD_REACTORS
330
33E
102
}
330
33E
100
AcDbXrecord
 10
0.0
 20
0.0
 30
0.0
  0
XRECORD
  5
34F
102
{ACAD_REACTORS
330
33E
102
}
330
33E
100
AcDbXrecord
 10
0.0
 20
0.0
 30
0.0
  0
XRECORD
  5
352
102
{ACAD_REACTORS
330
33E
102
}
330
33E
100
AcDbXrecord
 10
0.0
 20
0.0
 30
0.0
  0
XRECORD
  5
350
102
{ACAD_REACTORS
330
33E
102
}
330
33E
100
AcDbXrecord
 10
0.0
 20
0.0
 30
0.0
  0
XRECORD
  5
351
102
{ACAD_REACTORS
330
33E
102
}
330
33E
100
AcDbXrecord
 10
0.0
 20
0.0
 30
0.0
  0
XRECORD
  5
34E
102
{ACAD_REACTORS
330
33E
102
}
330
33E
100
AcDbXrecord
 10
0.0
 20
0.0
 30
0.0
  0
XRECORD
  5
34B
102
{ACAD_REACTORS
330
33E
102
}
330
33E
100
AcDbXrecord
340
0
  0
XRECORD
  5
34C
102
{ACAD_REACTORS
330
33E
102
}
330
33E
100
AcDbXrecord
 70
     0
  0
XRECORD
  5
342
102
{ACAD_REACTORS
330
33E
102
}
330
33E
100
AcDbXrecord
  1

  0
XRECORD
  5
33F
102
{ACAD_REACTORS
330
33E
102
}
330
33E
100
AcDbXrecord
 90
        1
  0
XRECORD
  5
340
102
{ACAD_REACTORS
330
33E
102
}
330
33E
100
AcDbXrecord
 90
       70
  0
XRECORD
  5
356
102
{ACAD_REACTORS
330
33E
102
}
330
33E
100
AcDbXrecord
340
0
  0
XRECORD
  5
35C
102
{ACAD_REACTORS
330
33E
102
}
330
33E
100
AcDbXrecord
 10
0.0
 20
0.0
 30
0.0
  0
XRECORD
  5
358
102
{ACAD_REACTORS
330
33E
102
}
330
33E
100
AcDbXrecord
 10
0.0
 20
0.0
 30
0.0
  0
XRECORD
  5
35B
102
{ACAD_REACTORS
330
33E
102
}
330
33E
100
AcDbXrecord
 10
0.0
 20
0.0
 30
0.0
  0
XRECORD
  5
359
102
{ACAD_REACTORS
330
33E
102
}
330
33E
100
AcDbXrecord
 10
0.0
 20
0.0
 30
0.0
  0
XRECORD
  5
35A
102
{ACAD_REACTORS
330
33E
102
}
330
33E
100
AcDbXrecord
 10
0.0
 20
0.0
 30
0.0
  0
XRECORD
  5
357
102
{ACAD_REACTORS
330
33E
102
}
330
33E
100
AcDbXrecord
 10
0.0
 20
0.0
 30
0.0
  0
XRECORD
  5
354
102
{ACAD_REACTORS
330
33E
102
}
330
33E
100
AcDbXrecord
340
0
  0
XRECORD
  5
355
102
{ACAD_REACTORS
330
33E
102
}
330
33E
100
AcDbXrecord
 70
     0
  0
XRECORD
  5
349
102
{ACAD_REACTORS
330
33E
102
}
330
33E
100
AcDbXrecord
  1
{FAEB1C32-E019-11D5-929B-00C0DF256EC4}
  0
DICTIONARYVAR
  5
365
102
{ACAD_REACTORS
330
35E
102
}
330
35E
100
DictionaryVariables
280
     0
  1
1:1
  0
DICTIONARYVAR
  5
363
102
{ACAD_REACTORS
330
35E
102
}
330
35E
100
DictionaryVariables
280
     0
  1
2
  0
DICTIONARYVAR
  5
364
102
{ACAD_REACTORS
330
35E
102
}
330
35E
100
DictionaryVariables
280
     0
  1
1
  0
DICTIONARYVAR
  5
366
102
{ACAD_REACTORS
330
35E
102
}
330
35E
100
DictionaryVariables
280
     0
  1
1
  0
DICTIONARY
  5
369
330
45
100
AcDbDictionary
280
     1
  3
ACAD_XREC_ROUNDTRIP
360
36A
  0
DICTIONARY
  5
367
330
44
100
AcDbDictionary
280
     1
  3
ACAD_XREC_ROUNDTRIP
360
368
  0
DICTIONARY
  5
36B
330
46
100
AcDbDictionary
280
     1
  3
ACAD_XREC_ROUNDTRIP
360
36C
  0
XRECORD
  5
36A
102
{ACAD_REACTORS
330
369
102
}
330
369
100
AcDbXrecord
102
MATERIAL
148
0.0
149
0.0
149
0.0
 93
        0
 94
      127
282
     0
 72
     1
 77
     1
171
     1
175
     1
179
     1
273
     0
  0
XRECORD
  5
368
102
{ACAD_REACTORS
330
367
102
}
330
367
100
AcDbXrecord
102
MATERIAL
148
0.0
149
0.0
149
0.0
 93
        0
 94
      127
282
     0
 72
     1
 77
     1
171
     1
175
     1
179
     1
273
     0
  0
XRECORD
  5
36C
102
{ACAD_REACTORS
330
36B
102
}
330
36B
100
AcDbXrecord
102
MATERIAL
148
0.0
149
0.0
149
0.0
 93
        0
 94
      127
282
     0
 72
     1
 77
     1
171
     1
175
     1
179
     1
273
     0
  0
ENDSEC
  0
EOF
