  0
SECTION
  2
HEADER
  9
$ACADVER
  1
AC1014
  9
$ACADMAINTVER
 70
     9
  9
$DWGCODEPAGE
  3
ANSI_1252
  9
$INSBASE
 10
0.0
 20
0.0
 30
0.0
  9
$EXTMIN
 10
0.1000125
 20
0.1014588888888889
 30
0.0
  9
$EXTMAX
 10
200.1003886111111
 20
300.1000122222222
 30
0.0
  9
$LIMMIN
 10
0.0
 20
0.0
  9
$LIMMAX
 10
12.0
 20
9.0
  9
$ORTHOMODE
 70
     0
  9
$REGENMODE
 70
     1
  9
$FILLMODE
 70
     1
  9
$QTEXTMODE
 70
     0
  9
$MIRRTEXT
 70
     1
  9
$DRAGMODE
 70
     2
  9
$LTSCALE
 40
1.0
  9
$OSMODE
 70
    37
  9
$ATTMODE
 70
     1
  9
$TEXTSIZE
 40
0.2
  9
$TRACEWID
 40
0.05
  9
$TEXTSTYLE
  7
STANDARD
  9
$CLAYER
  8
DEFAULT
  9
$CELTYPE
  6
BYLAYER
  9
$CECOLOR
 62
   256
  9
$CELTSCALE
 40
1.0
  9
$DELOBJ
 70
     1
  9
$DISPSILH
 70
     0
  9
$DIMSCALE
 40
1.0
  9
$DIMASZ
 40
0.18
  9
$DIMEXO
 40
0.0625
  9
$DIMDLI
 40
0.38
  9
$DIMRND
 40
0.0
  9
$DIMDLE
 40
0.0
  9
$DIMEXE
 40
0.18
  9
$DIMTP
 40
0.0
  9
$DIMTM
 40
0.0
  9
$DIMTXT
 40
0.18
  9
$DIMCEN
 40
0.09
  9
$DIMTSZ
 40
0.0
  9
$DIMTOL
 70
     0
  9
$DIMLIM
 70
     0
  9
$DIMTIH
 70
     1
  9
$DIMTOH
 70
     1
  9
$DIMSE1
 70
     0
  9
$DIMSE2
 70
     0
  9
$DIMTAD
 70
     0
  9
$DIMZIN
 70
     0
  9
$DIMBLK
  1

  9
$DIMASO
 70
     1
  9
$DIMSHO
 70
     1
  9
$DIMPOST
  1

  9
$DIMAPOST
  1

  9
$DIMALT
 70
     0
  9
$DIMALTD
 70
     2
  9
$DIMALTF
 40
25.4
  9
$DIMLFAC
 40
1.0
  9
$DIMTOFL
 70
     0
  9
$DIMTVP
 40
0.0
  9
$DIMTIX
 70
     0
  9
$DIMSOXD
 70
     0
  9
$DIMSAH
 70
     0
  9
$DIMBLK1
  1

  9
$DIMBLK2
  1

  9
$DIMSTYLE
  2
STANDARD
  9
$DIMCLRD
 70
     0
  9
$DIMCLRE
 70
     0
  9
$DIMCLRT
 70
     0
  9
$DIMTFAC
 40
1.0
  9
$DIMGAP
 40
0.09
  9
$DIMJUST
 70
     0
  9
$DIMSD1
 70
     0
  9
$DIMSD2
 70
     0
  9
$DIMTOLJ
 70
     1
  9
$DIMTZIN
 70
     0
  9
$DIMALTZ
 70
     0
  9
$DIMALTTZ
 70
     0
  9
$DIMFIT
 70
     5
  9
$DIMUPT
 70
     0
  9
$DIMUNIT
 70
     2
  9
$DIMDEC
 70
     4
  9
$DIMTDEC
 70
     4
  9
$DIMALTU
 70
     2
  9
$DIMALTTD
 70
     2
  9
$DIMTXSTY
  7
STANDARD
  9
$DIMAUNIT
 70
     0
  9
$LUNITS
 70
     2
  9
$LUPREC
 70
     3
  9
$SKETCHINC
 40
0.1
  9
$FILLETRAD
 40
0.5
  9
$AUNITS
 70
     0
  9
$AUPREC
 70
     0
  9
$MENU
  1
.
  9
$ELEVATION
 40
0.0
  9
$PELEVATION
 40
0.0
  9
$THICKNESS
 40
0.0
  9
$LIMCHECK
 70
     0
  9
$CHAMFERA
 40
0.0
  9
$CHAMFERB
 40
0.0
  9
$CHAMFERC
 40
0.0
  9
$CHAMFERD
 40
0.0
  9
$SKPOLY
 70
     0
  9
$TDCREATE
 40
2459351.670019352
  9
$TDUPDATE
 40
2459351.670035555
  9
$TDINDWG
 40
0.0000000116
  9
$TDUSRTIMER
 40
0.0000000116
  9
$USRTIMER
 70
     1
  9
$ANGBASE
 50
0.0
  9
$ANGDIR
 70
     0
  9
$PDMODE
 70
     0
  9
$PDSIZE
 40
0.0
  9
$PLINEWID
 40
0.0
  9
$COORDS
 70
     1
  9
$SPLFRAME
 70
     0
  9
$SPLINETYPE
 70
     6
  9
$SPLINESEGS
 70
     8
  9
$ATTDIA
 70
     0
  9
$ATTREQ
 70
     1
  9
$HANDLING
 70
     1
  9
$HANDSEED
  5
3E5
  9
$SURFTAB1
 70
     6
  9
$SURFTAB2
 70
     6
  9
$SURFTYPE
 70
     6
  9
$SURFU
 70
     6
  9
$SURFV
 70
     6
  9
$UCSNAME
  2

  9
$UCSORG
 10
0.0
 20
0.0
 30
0.0
  9
$UCSXDIR
 10
1.0
 20
0.0
 30
0.0
  9
$UCSYDIR
 10
0.0
 20
1.0
 30
0.0
  9
$PUCSNAME
  2

  9
$PUCSORG
 10
0.0
 20
0.0
 30
0.0
  9
$PUCSXDIR
 10
1.0
 20
0.0
 30
0.0
  9
$PUCSYDIR
 10
0.0
 20
1.0
 30
0.0
  9
$USERI1
 70
     0
  9
$USERI2
 70
     0
  9
$USERI3
 70
     0
  9
$USERI4
 70
     0
  9
$USERI5
 70
     0
  9
$USERR1
 40
0.0
  9
$USERR2
 40
0.0
  9
$USERR3
 40
0.0
  9
$USERR4
 40
0.0
  9
$USERR5
 40
0.0
  9
$WORLDVIEW
 70
     1
  9
$SHADEDGE
 70
     3
  9
$SHADEDIF
 70
    70
  9
$TILEMODE
 70
     1
  9
$MAXACTVP
 70
    64
  9
$PINSBASE
 10
0.0
 20
0.0
 30
0.0
  9
$PLIMCHECK
 70
     0
  9
$PEXTMIN
 10
1.000000000000000E+20
 20
1.000000000000000E+20
 30
1.000000000000000E+20
  9
$PEXTMAX
 10
-1.000000000000000E+20
 20
-1.000000000000000E+20
 30
-1.000000000000000E+20
  9
$PLIMMIN
 10
0.0
 20
0.0
  9
$PLIMMAX
 10
12.0
 20
9.0
  9
$UNITMODE
 70
     0
  9
$VISRETAIN
 70
     1
  9
$PLINEGEN
 70
     0
  9
$PSLTSCALE
 70
     1
  9
$TREEDEPTH
 70
  3020
  9
$PICKSTYLE
 70
     1
  9
$CMLSTYLE
  2
STANDARD
  9
$CMLJUST
 70
     0
  9
$CMLSCALE
 40
1.0
  9
$PROXYGRAPHICS
 70
     1
  9
$MEASUREMENT
 70
     0
  0
ENDSEC
  0
SECTION
  2
CLASSES
  0
CLASS
  1
ACDBDICTIONARYWDFLT
  2
AcDbDictionaryWithDefault
  3
ObjectDBX Classes
 90
        0
280
     0
281
     0
  0
CLASS
  1
VISUALSTYLE
  2
AcDbVisualStyle
  3
ObjectDBX Classes
 90
     4095
280
     0
281
     0
  0
CLASS
  1
MATERIAL
  2
AcDbMaterial
  3
ObjectDBX Classes
 90
     1153
280
     0
281
     0
  0
CLASS
  1
SCALE
  2
AcDbScale
  3
ObjectDBX Classes
 90
     1153
280
     0
281
     0
  0
CLASS
  1
SUN
  2
AcDbSun
  3
SCENEOE
 90
     1153
280
     0
281
     0
  0
CLASS
  1
DICTIONARYVAR
  2
AcDbDictionaryVar
  3
ObjectDBX Classes
 90
        0
280
     0
281
     0
  0
CLASS
  1
XRECORD
  2
AcDbXrecord
  3
ObjectDBX Classes
 90
        0
280
     0
281
     0
  0
CLASS
  1
LWPOLYLINE
  2
AcDbPolyline
  3
ObjectDBX Classes
 90
        0
280
     0
281
     1
  0
CLASS
  1
HATCH
  2
AcDbHatch
  3
ObjectDBX Classes
 90
        0
280
     0
281
     1
  0
CLASS
  1
ACDBPLACEHOLDER
  2
AcDbPlaceHolder
  3
ObjectDBX Classes
 90
        0
280
     0
281
     0
  0
CLASS
  1
LAYOUT
  2
AcDbLayout
  3
ObjectDBX Classes
 90
        0
280
     0
281
     0
  0
ENDSEC
  0
SECTION
  2
TABLES
  0
TABLE
  2
VPORT
  5
8
330
0
100
AcDbSymbolTable
 70
     1
  0
VPORT
  5
29
330
8
100
AcDbSymbolTableRecord
100
AcDbViewportTableRecord
  2
*ACTIVE
 70
     0
 10
0.0
 20
0.0
 11
1.0
 21
1.0
 12
100.1002005555556
 22
150.1007355555555
 13
0.0
 23
0.0
 14
0.5
 24
0.5
 15
0.5
 25
0.5
 16
0.0
 26
0.0
 36
1.0
 17
0.0
 27
0.0
 37
0.0
 40
305.9985244
 41
0.6666711352067336
 42
50.0
 43
0.0
 44
0.0
 50
0.0
 51
0.0
 71
     0
 72
   100
 73
     1
 74
     3
 75
     0
 76
     0
 77
     0
 78
     0
  0
ENDTAB
  0
TABLE
  2
LTYPE
  5
5
330
0
100
AcDbSymbolTable
 70
     1
  0
LTYPE
  5
14
330
5
100
AcDbSymbolTableRecord
100
AcDbLinetypeTableRecord
  2
BYBLOCK
 70
     0
  3

 72
    65
 73
     0
 40
0.0
  0
LTYPE
  5
15
330
5
100
AcDbSymbolTableRecord
100
AcDbLinetypeTableRecord
  2
BYLAYER
 70
     0
  3

 72
    65
 73
     0
 40
0.0
  0
LTYPE
  5
16
330
5
100
AcDbSymbolTableRecord
100
AcDbLinetypeTableRecord
  2
CONTINUOUS
 70
     0
  3
Solid line
 72
    65
 73
     0
 40
0.0
  0
ENDTAB
  0
TABLE
  2
LAYER
  5
2
330
0
100
AcDbSymbolTable
 70
     2
  0
LAYER
  5
10
330
2
100
AcDbSymbolTableRecord
100
AcDbLayerTableRecord
  2
0
 70
     0
 62
     7
  6
CONTINUOUS
  0
LAYER
  5
6A
330
2
100
AcDbSymbolTableRecord
100
AcDbLayerTableRecord
  2
DEFAULT
 70
     0
 62
     7
  6
CONTINUOUS
  0
ENDTAB
  0
TABLE
  2
STYLE
  5
3
330
0
100
AcDbSymbolTable
 70
     1
  0
STYLE
  5
11
330
3
100
AcDbSymbolTableRecord
100
AcDbTextStyleTableRecord
  2
STANDARD
 70
     0
 40
0.0
 41
1.0
 50
0.0
 71
     0
 42
0.2
  3
txt
  4

  0
ENDTAB
  0
TABLE
  2
VIEW
  5
6
330
0
100
AcDbSymbolTable
 70
     0
  0
ENDTAB
  0
TABLE
  2
UCS
  5
7
330
0
100
AcDbSymbolTable
 70
     0
  0
ENDTAB
  0
TABLE
  2
APPID
  5
9
330
0
100
AcDbSymbolTable
 70
     1
  0
APPID
  5
12
330
9
100
AcDbSymbolTableRecord
100
AcDbRegAppTableRecord
  2
ACAD
 70
     0
  0
ENDTAB
  0
TABLE
  2
DIMSTYLE
  5
A
330
0
100
AcDbSymbolTable
 70
     1
  0
DIMSTYLE
105
27
330
A
100
AcDbSymbolTableRecord
100
AcDbDimStyleTableRecord
  2
STANDARD
 70
     0
  3

  4

  5

  6

  7

 40
1.0
 41
0.18
 42
0.0625
 43
0.38
 44
0.18
 45
0.0
 46
0.0
 47
0.0
 48
0.0
140
0.18
141
0.09
142
0.0
143
25.4
144
1.0
145
0.0
146
1.0
147
0.09
 71
     0
 72
     0
 73
     1
 74
     1
 75
     0
 76
     0
 77
     0
 78
     0
170
     0
171
     2
172
     0
173
     0
174
     0
175
     0
176
     0
177
     0
178
     0
270
     2
271
     4
272
     4
273
     2
274
     2
340
11
275
     0
280
     0
281
     0
282
     0
283
     1
284
     0
285
     0
286
     0
287
     3
288
     0
  0
ENDTAB
  0
TABLE
  2
BLOCK_RECORD
  5
1
330
0
100
AcDbSymbolTable
 70
     1
  0
BLOCK_RECORD
  5
1F
330
1
100
AcDbSymbolTableRecord
100
AcDbBlockTableRecord
  2
*MODEL_SPACE
  0
BLOCK_RECORD
  5
1B
330
1
100
AcDbSymbolTableRecord
100
AcDbBlockTableRecord
  2
*PAPER_SPACE
  0
ENDTAB
  0
ENDSEC
  0
SECTION
  2
BLOCKS
  0
BLOCK
  5
20
330
1F
100
AcDbEntity
  8
0
100
AcDbBlockBegin
  2
*MODEL_SPACE
 70
     0
 10
0.0
 20
0.0
 30
0.0
  3
*MODEL_SPACE
  1

  0
ENDBLK
  5
21
330
1F
100
AcDbEntity
  8
0
100
AcDbBlockEnd
  0
BLOCK
  5
1C
330
1B
100
AcDbEntity
 67
     1
  8
0
100
AcDbBlockBegin
  2
*PAPER_SPACE
 70
     0
 10
0.0
 20
0.0
 30
0.0
  3
*PAPER_SPACE
  1

  0
ENDBLK
  5
1D
330
1B
100
AcDbEntity
 67
     1
  8
0
100
AcDbBlockEnd
  0
ENDSEC
  0
SECTION
  2
ENTITIES
  0
SPLINE
  5
6B
330
1F
100
AcDbEntity
  8
DEFAULT
 62
     1
100
AcDbSpline
210
0.0
220
0.0
230
1.0
 70
     8
 71
     3
 72
     8
 73
     4
 74
     0
 42
0.000000001
 43
0.0000000001
 40
0.0
 40
0.0
 40
0.0
 40
0.0
 40
1.0
 40
1.0
 40
1.0
 40
1.0
 10
0.1034697222222222
 20
295.2775752777778
 30
0.0
 10
0.1951919444444444
 20
297.8987141666666
 30
0.0
 10
2.304803055555555
 20
300.0047974999999
 30
0.0
 10
4.925941944444444
 20
300.0965197222222
 30
0.0
  0
POLYLINE
  5
6C
330
1F
100
AcDbEntity
  8
DEFAULT
 62
     1
100
AcDb2dPolyline
 66
     1
 10
0.0
 20
0.0
 30
0.0
  0
VERTEX
  5
6D
330
6C
100
AcDbEntity
  8
DEFAULT
 62
     1
100
AcDbVertex
100
AcDb2dVertex
 10
194.9249975
 20
300.1000122222222
 30
0.0
  0
VERTEX
  5
6E
330
6C
100
AcDbEntity
  8
DEFAULT
 62
     1
100
AcDbVertex
100
AcDb2dVertex
 10
5.275191944444448
 20
300.1000122222222
 30
0.0
  0
SEQEND
  5
6F
330
6C
100
AcDbEntity
  8
DEFAULT
 62
     1
  0
SPLINE
  5
70
330
1F
100
AcDbEntity
  8
DEFAULT
 62
     1
100
AcDbSpline
210
0.0
220
0.0
230
1.0
 70
     8
 71
     3
 72
     8
 73
     4
 74
     0
 42
0.000000001
 43
0.0000000001
 40
0.0
 40
0.0
 40
0.0
 40
0.0
 40
1.0
 40
1.0
 40
1.0
 40
1.0
 10
195.2743180555555
 20
0.1048808333333333
 30
0.0
 10
197.8989847222222
 20
0.1930752777777778
 30
0.0
 10
200.0085958333333
 20
2.302333611111111
 30
0.0
 10
200.0967902777778
 20
4.927353055555555
 30
0.0
  0
POLYLINE
  5
71
330
1F
100
AcDbEntity
  8
DEFAULT
 62
     1
100
AcDb2dPolyline
 66
     1
 10
0.0
 20
0.0
 30
0.0
  0
VERTEX
  5
72
330
71
100
AcDbEntity
  8
DEFAULT
 62
     1
100
AcDbVertex
100
AcDb2dVertex
 10
200.1003886111111
 20
5.276673611111111
 30
0.0
  0
VERTEX
  5
73
330
71
100
AcDbEntity
  8
DEFAULT
 62
     1
100
AcDbVertex
100
AcDb2dVertex
 10
200.1003886111111
 20
294.9248680555555
 30
0.0
  0
SEQEND
  5
74
330
71
100
AcDbEntity
  8
DEFAULT
 62
     1
  0
POLYLINE
  5
75
330
1F
100
AcDbEntity
  8
DEFAULT
 62
     1
100
AcDb2dPolyline
 66
     1
 10
0.0
 20
0.0
 30
0.0
  0
VERTEX
  5
76
330
75
100
AcDbEntity
  8
DEFAULT
 62
     1
100
AcDbVertex
100
AcDb2dVertex
 10
0.1000125
 20
5.276673611111111
 30
0.0
  0
VERTEX
  5
77
330
75
100
AcDbEntity
  8
DEFAULT
 62
     1
100
AcDbVertex
100
AcDb2dVertex
 10
0.1000125
 20
294.9248680555555
 30
0.0
  0
SEQEND
  5
78
330
75
100
AcDbEntity
  8
DEFAULT
 62
     1
  0
POLYLINE
  5
79
330
1F
100
AcDbEntity
  8
DEFAULT
 62
     1
100
AcDb2dPolyline
 66
     1
 10
0.0
 20
0.0
 30
0.0
  0
VERTEX
  5
7A
330
79
100
AcDbEntity
  8
DEFAULT
 62
     1
100
AcDbVertex
100
AcDb2dVertex
 10
194.9249975
 20
0.1014588888888889
 30
0.0
  0
VERTEX
  5
7B
330
79
100
AcDbEntity
  8
DEFAULT
 62
     1
100
AcDbVertex
100
AcDb2dVertex
 10
5.275191944444448
 20
0.1014588888888889
 30
0.0
  0
SEQEND
  5
7C
330
79
100
AcDbEntity
  8
DEFAULT
 62
     1
  0
SPLINE
  5
7D
330
1F
100
AcDbEntity
  8
DEFAULT
 62
     1
100
AcDbSpline
210
0.0
220
0.0
230
1.0
 70
     8
 71
     3
 72
     8
 73
     4
 74
     0
 42
0.000000001
 43
0.0000000001
 40
0.0
 40
0.0
 40
0.0
 40
0.0
 40
1.0
 40
1.0
 40
1.0
 40
1.0
 10
0.1034697222222222
 20
4.927317777777778
 30
0.0
 10
0.1916641666666667
 20
2.302651111111111
 30
0.0
 10
2.301275277777778
 20
0.1965677777777777
 30
0.0
 10
4.925941944444444
 20
0.1048455555555556
 30
0.0
  0
SPLINE
  5
7E
330
1F
100
AcDbEntity
  8
DEFAULT
 62
     1
100
AcDbSpline
210
0.0
220
0.0
230
1.0
 70
     8
 71
     3
 72
     8
 73
     4
 74
     0
 42
0.000000001
 43
0.0000000001
 40
0.0
 40
0.0
 40
0.0
 40
0.0
 40
1.0
 40
1.0
 40
1.0
 40
1.0
 10
195.2743180555555
 20
300.096555
 30
0.0
 10
197.8989847222222
 20
300.0083605555556
 30
0.0
 10
200.0050680555555
 20
297.9022772222222
 30
0.0
 10
200.0967902777778
 20
295.2776105555556
 30
0.0
  0
SPLINE
  5
7F
330
1F
100
AcDbEntity
  8
DEFAULT
 62
     3
100
AcDbSpline
210
0.0
220
0.0
230
1.0
 70
    11
 71
     3
 72
    14
 73
    10
 74
     0
 42
0.000000001
 43
0.0000000001
 40
0.0
 40
0.0
 40
0.0
 40
0.0
 40
1.0
 40
1.0
 40
1.0
 40
2.0
 40
2.0
 40
2.0
 40
3.0
 40
3.0
 40
3.0
 40
3.0
 10
51.57988583333333
 20
90.96117472222221
 30
0.0
 10
52.92361638888888
 20
91.28079138888887
 30
0.0
 10
52.83789138888888
 20
93.29091916666664
 30
0.0
 10
54.12623583333333
 20
91.52844138888888
 30
0.0
 10
55.19938583333332
 20
90.06088583333332
 30
0.0
 10
56.52935805555556
 20
85.50440805555554
 30
0.0
 10
54.13117472222222
 20
87.3053386111111
 30
0.0
 10
51.18442194444444
 20
89.51796083333332
 30
0.0
 10
47.21426083333333
 20
89.9229497222222
 30
0.0
 10
51.57988583333333
 20
90.96117472222221
 30
0.0
  0
POLYLINE
  5
80
330
1F
100
AcDbEntity
  8
DEFAULT
 62
     7
100
AcDb2dPolyline
 66
     1
 10
0.0
 20
0.0
 30
0.0
  0
VERTEX
  5
81
330
80
100
AcDbEntity
  8
DEFAULT
 62
     7
100
AcDbVertex
100
AcDb2dVertex
 10
57.91094166666665
 20
80.68221805555552
 30
0.0
  0
VERTEX
  5
82
330
80
100
AcDbEntity
  8
DEFAULT
 62
     7
100
AcDbVertex
100
AcDb2dVertex
 10
57.91305833333332
 20
78.79132916666664
 30
0.0
  0
SEQEND
  5
83
330
80
100
AcDbEntity
  8
DEFAULT
 62
     7
  0
SPLINE
  5
84
330
1F
100
AcDbEntity
  8
DEFAULT
 62
     7
100
AcDbSpline
210
0.0
220
0.0
230
1.0
 70
    11
 71
     3
 72
    17
 73
    13
 74
     0
 42
0.000000001
 43
0.0000000001
 40
0.0
 40
0.0
 40
0.0
 40
0.0
 40
1.0
 40
1.0
 40
1.0
 40
2.0
 40
2.0
 40
2.0
 40
3.0
 40
3.0
 40
3.0
 40
4.0
 40
4.0
 40
4.0
 40
4.0
 10
58.92881138888889
 20
80.0936436111111
 30
0.0
 10
58.92916416666667
 20
79.70876305555555
 30
0.0
 10
58.66281694444444
 20
79.54084083333332
 30
0.0
 10
58.41128638888888
 20
79.54048805555554
 30
0.0
 10
58.12941694444444
 20
79.54013527777778
 30
0.0
 10
57.91210583333333
 20
79.74651027777777
 30
0.0
 10
57.91175305555555
 20
80.07529916666667
 30
0.0
 10
57.91140027777778
 20
80.42384361111111
 30
0.0
 10
58.13894194444444
 20
80.62810194444444
 30
0.0
 10
58.42716138888889
 20
80.62845472222222
 30
0.0
 10
58.72596416666667
 20
80.6288075
 30
0.0
 10
58.92845861111111
 20
80.41184916666666
 30
0.0
 10
58.92881138888889
 20
80.0936436111111
 30
0.0
  0
POLYLINE
  5
85
330
1F
100
AcDbEntity
  8
DEFAULT
 62
     7
100
AcDb2dPolyline
 66
     1
 10
0.0
 20
0.0
 30
0.0
  0
VERTEX
  5
86
330
85
100
AcDbEntity
  8
DEFAULT
 62
     7
100
AcDbVertex
100
AcDb2dVertex
 10
57.65877611111109
 20
78.16490166666665
 30
0.0
  0
VERTEX
  5
87
330
85
100
AcDbEntity
  8
DEFAULT
 62
     7
100
AcDbVertex
100
AcDb2dVertex
 10
59.1859511111111
 20
78.16666555555554
 30
0.0
  0
SEQEND
  5
88
330
85
100
AcDbEntity
  8
DEFAULT
 62
     7
  0
POLYLINE
  5
89
330
1F
100
AcDbEntity
  8
DEFAULT
 62
     7
100
AcDb2dPolyline
 66
     1
 10
0.0
 20
0.0
 30
0.0
  0
VERTEX
  5
8A
330
89
100
AcDbEntity
  8
DEFAULT
 62
     7
100
AcDbVertex
100
AcDb2dVertex
 10
52.09494138888888
 20
83.23555305555551
 30
0.0
  0
VERTEX
  5
8B
330
89
100
AcDbEntity
  8
DEFAULT
 62
     7
100
AcDbVertex
100
AcDb2dVertex
 10
51.08246916666664
 20
83.0309419444444
 30
0.0
  0
SEQEND
  5
8C
330
89
100
AcDbEntity
  8
DEFAULT
 62
     7
  0
SPLINE
  5
8D
330
1F
100
AcDbEntity
  8
DEFAULT
 62
     7
100
AcDbSpline
210
0.0
220
0.0
230
1.0
 70
    11
 71
     3
 72
    17
 73
    13
 74
     0
 42
0.000000001
 43
0.0000000001
 40
0.0
 40
0.0
 40
0.0
 40
0.0
 40
1.0
 40
1.0
 40
1.0
 40
2.0
 40
2.0
 40
2.0
 40
3.0
 40
3.0
 40
3.0
 40
4.0
 40
4.0
 40
4.0
 40
4.0
 10
52.02861916666666
 20
82.59099277777777
 30
0.0
 10
51.60810805555555
 20
82.78643166666666
 30
0.0
 10
51.56048305555555
 20
83.16284555555555
 30
0.0
 10
51.6881886111111
 20
83.43730666666666
 30
0.0
 10
51.83141638888888
 20
83.74492888888888
 30
0.0
 10
52.16690805555555
 20
83.87757333333332
 30
0.0
 10
52.52603583333332
 20
83.71035666666666
 30
0.0
 10
52.90668305555555
 20
83.53361499999998
 30
0.0
 10
53.01392749999999
 20
83.18118999999999
 30
0.0
 10
52.86752472222222
 20
82.86651222222221
 30
0.0
 10
52.71583027777778
 20
82.53983999999998
 30
0.0
 10
52.37610527777777
 20
82.42942055555555
 30
0.0
 10
52.02861916666666
 20
82.59099277777777
 30
0.0
  0
POLYLINE
  5
8E
330
1F
100
AcDbEntity
  8
DEFAULT
 62
     7
100
AcDb2dPolyline
 66
     1
 10
0.0
 20
0.0
 30
0.0
  0
VERTEX
  5
8F
330
8E
100
AcDbEntity
  8
DEFAULT
 62
     7
100
AcDbVertex
100
AcDb2dVertex
 10
51.06588861111112
 20
84.55624722222224
 30
0.0
  0
VERTEX
  5
90
330
8E
100
AcDbEntity
  8
DEFAULT
 62
     7
100
AcDbVertex
100
AcDb2dVertex
 10
50.42206916666668
 20
83.17124166666667
 30
0.0
  0
SEQEND
  5
91
330
8E
100
AcDbEntity
  8
DEFAULT
 62
     7
  0
SPLINE
  5
92
330
1F
100
AcDbEntity
  8
DEFAULT
 62
     5
100
AcDbSpline
210
0.0
220
0.0
230
1.0
 70
     8
 71
     3
 72
    23
 73
    19
 74
     0
 42
0.000000001
 43
0.0000000001
 40
0.0
 40
0.0
 40
0.0
 40
0.0
 40
1.0
 40
1.0
 40
1.0
 40
2.0
 40
2.0
 40
2.0
 40
3.0
 40
3.0
 40
3.0
 40
4.0
 40
4.0
 40
4.0
 40
5.0
 40
5.0
 40
5.0
 40
6.0
 40
6.0
 40
6.0
 40
6.0
 10
59.87707805555555
 20
73.81786805555555
 30
0.0
 10
62.11510027777777
 20
73.8203375
 30
0.0
 10
65.24741416666666
 20
74.96051527777777
 30
0.0
 10
65.24600305555555
 20
76.16419305555556
 30
0.0
 10
65.24459194444444
 20
77.4507736111111
 30
0.0
 10
64.07090027777777
 20
80.14705416666666
 30
0.0
 10
61.28325027777777
 20
82.35332638888887
 30
0.0
 10
59.31228083333333
 20
83.91330972222221
 30
0.0
 10
58.02499472222222
 20
86.22153472222222
 30
0.0
 10
57.46725305555555
 20
88.44685694444445
 30
0.0
 10
56.63716694444444
 20
91.75944027777777
 30
0.0
 10
51.46297527777777
 20
97.89248194444444
 30
0.0
 10
51.04775583333333
 20
94.81590694444444
 30
0.0
 10
50.63994472222222
 20
91.79436527777777
 30
0.0
 10
46.31453638888889
 20
91.6620736111111
 30
0.0
 10
45.82170583333333
 20
91.05070972222221
 30
0.0
 10
45.32887527777777
 20
90.43934583333332
 30
0.0
 10
46.24327527777778
 20
89.4649736111111
 30
0.0
 10
45.59733916666666
 20
87.85489583333333
 30
0.0
  0
SPLINE
  5
93
330
1F
100
AcDbEntity
  8
DEFAULT
 62
     5
100
AcDbSpline
210
0.0
220
0.0
230
1.0
 70
     8
 71
     3
 72
    17
 73
    13
 74
     0
 42
0.000000001
 43
0.0000000001
 40
0.0
 40
0.0
 40
0.0
 40
0.0
 40
1.0
 40
1.0
 40
1.0
 40
2.0
 40
2.0
 40
2.0
 40
3.0
 40
3.0
 40
3.0
 40
4.0
 40
4.0
 40
4.0
 40
4.0
 10
44.37344722222222
 20
85.22200944444444
 30
0.0
 10
43.02407222222222
 20
82.5045622222222
 30
0.0
 10
42.32627777777778
 20
83.69977333333333
 30
0.0
 10
42.03699999999999
 20
83.19459555555555
 30
0.0
 10
41.74772222222222
 20
82.68977055555554
 30
0.0
 10
44.06653055555555
 20
81.57252333333332
 30
0.0
 10
44.57276666666666
 20
75.5181511111111
 30
0.0
 10
44.62603611111111
 20
74.88491499999999
 30
0.0
 10
46.57019444444444
 20
75.6864261111111
 30
0.0
 10
48.49918333333333
 20
75.77426777777777
 30
0.0
 10
52.64714444444444
 20
75.96335666666666
 30
0.0
 10
53.79367222222221
 20
73.81105944444444
 30
0.0
 10
56.97608055555555
 20
73.81458722222222
 30
0.0
  0
SPLINE
  5
94
330
1F
100
AcDbEntity
  8
DEFAULT
 62
     1
100
AcDbSpline
210
0.0
220
0.0
230
1.0
 70
     8
 71
     3
 72
    47
 73
    43
 74
     0
 42
0.000000001
 43
0.0000000001
 40
0.0
 40
0.0
 40
0.0
 40
0.0
 40
3.780608416644054
 40
3.780608416644054
 40
3.780608416644054
 40
13.69486582706064
 40
13.69486582706064
 40
13.69486582706064
 40
14.69486582706064
 40
14.69486582706064
 40
14.69486582706064
 40
15.69486582706064
 40
15.69486582706064
 40
15.69486582706064
 40
16.69486582706064
 40
16.69486582706064
 40
16.69486582706064
 40
17.69486582706064
 40
17.69486582706064
 40
17.69486582706064
 40
18.69486582706064
 40
18.69486582706064
 40
18.69486582706064
 40
19.69486582706064
 40
19.69486582706064
 40
19.69486582706064
 40
20.69486582706064
 40
20.69486582706064
 40
20.69486582706064
 40
21.69486582706064
 40
21.69486582706064
 40
21.69486582706064
 40
22.69486582706064
 40
22.69486582706064
 40
22.69486582706064
 40
23.69486582706064
 40
23.69486582706064
 40
23.69486582706064
 40
27.95486582706063
 40
27.95486582706063
 40
27.95486582706063
 40
31.71486582706065
 40
31.71486582706065
 40
31.71486582706065
 40
31.71486582706065
 10
49.8165261111111
 20
84.47715444444442
 30
0.0
 10
50.00349833333332
 20
84.880497037037
 30
0.0
 10
50.19047055555554
 20
85.2838396296296
 30
0.0
 10
50.37744277777777
 20
85.68718222222219
 30
0.0
 10
49.32028537037036
 20
86.17871925925924
 30
0.0
 10
48.26312796296295
 20
86.67025629629627
 30
0.0
 10
47.20597055555555
 20
87.16179333333332
 30
0.0
 10
46.41222055555555
 20
87.53220999999999
 30
0.0
 10
46.47572055555555
 20
87.44401555555554
 30
0.0
 10
45.59730388888888
 20
87.85323777777776
 30
0.0
 10
44.71535944444444
 20
88.26598777777777
 30
0.0
 10
44.82472055555555
 20
88.26951555555554
 30
0.0
 10
44.03097055555555
 20
88.63640444444442
 30
0.0
 10
44.6412761111111
 20
89.94873777777777
 30
0.0
 10
43.00438722222221
 20
90.98590444444444
 30
0.0
 10
44.28849833333333
 20
92.35820999999999
 30
0.0
 10
45.56908166666666
 20
93.72698777777777
 30
0.0
 10
48.373665
 20
93.1025711111111
 30
0.0
 10
49.02630388888888
 20
95.54379333333331
 30
0.0
 10
50.09522055555555
 20
99.53018222222221
 30
0.0
 10
52.78338722222222
 20
99.0080711111111
 30
0.0
 10
57.40830388888889
 20
92.98968222222221
 30
0.0
 10
59.30624833333333
 20
90.52023777777778
 30
0.0
 10
59.87069277777777
 20
86.0223211111111
 30
0.0
 10
62.52358166666667
 20
83.92329333333332
 30
0.0
 10
66.58052611111111
 20
80.70948777777777
 30
0.0
 10
67.82935944444444
 20
75.96815444444444
 30
0.0
 10
66.73574833333333
 20
74.68404333333332
 30
0.0
 10
64.9118872222222
 20
72.54268222222221
 30
0.0
 10
62.32955388888888
 20
72.06996
 30
0.0
 10
59.92713722222221
 20
72.06996
 30
0.0
 10
59.92713722222221
 20
72.9413211111111
 30
0.0
 10
59.87774833333333
 20
72.8460711111111
 30
0.0
 10
59.87774833333333
 20
73.81620999999998
 30
0.0
 10
59.87422055555555
 20
74.78634888888888
 30
0.0
 10
59.92360944444444
 20
74.69462666666666
 30
0.0
 10
59.92360944444444
 20
75.56598777777776
 30
0.0
 10
59.92360944444444
 20
76.0669322222222
 30
0.0
 10
59.92360944444444
 20
76.56787666666666
 30
0.0
 10
59.92360944444444
 20
77.0688211111111
 30
0.0
 10
59.48146129629629
 20
77.0688211111111
 30
0.0
 10
59.03931314814815
 20
77.0688211111111
 30
0.0
 10
58.59716499999999
 20
77.0688211111111
 30
0.0
  0
SPLINE
  5
95
330
1F
100
AcDbEntity
  8
DEFAULT
 62
     1
100
AcDbSpline
210
0.0
220
0.0
230
1.0
 70
     8
 71
     3
 72
    41
 73
    37
 74
     0
 42
0.000000001
 43
0.0000000001
 40
0.0
 40
0.0
 40
0.0
 40
0.0
 40
3.726835118434962
 40
3.726835118434962
 40
3.726835118434962
 40
13.65016117374526
 40
13.65016117374526
 40
13.65016117374526
 40
14.65016117374526
 40
14.65016117374526
 40
14.65016117374526
 40
15.65016117374526
 40
15.65016117374526
 40
15.65016117374526
 40
16.65016117374526
 40
16.65016117374526
 40
16.65016117374526
 40
17.65016117374526
 40
17.65016117374526
 40
17.65016117374526
 40
18.65016117374526
 40
18.65016117374526
 40
18.65016117374526
 40
19.65016117374526
 40
19.65016117374526
 40
19.65016117374526
 40
20.65016117374526
 40
20.65016117374526
 40
20.65016117374526
 40
21.65016117374526
 40
21.65016117374526
 40
21.65016117374526
 40
25.90016117374526
 40
25.90016117374526
 40
25.90016117374526
 40
29.65016117374526
 40
29.65016117374526
 40
29.65016117374526
 40
29.65016117374526
 10
49.66839472222221
 20
84.1596897222222
 30
0.0
 10
49.48377435185184
 20
83.76222675925924
 30
0.0
 10
49.29915398148147
 20
83.36476379629626
 30
0.0
 10
49.11453361111111
 20
82.9673008333333
 30
0.0
 10
48.05620027777778
 20
83.45883787037035
 30
0.0
 10
46.99786694444445
 20
83.95037490740738
 30
0.0
 10
45.93953361111112
 20
84.44191194444444
 30
0.0
 10
45.14578361111111
 20
84.81232861111111
 30
0.0
 10
45.25161694444444
 20
84.81232861111111
 30
0.0
 10
44.37320027777778
 20
85.22155083333332
 30
0.0
 10
43.49125583333333
 20
85.63077305555555
 30
0.0
 10
43.56181138888889
 20
85.54963416666666
 30
0.0
 10
42.76806138888889
 20
85.91652305555554
 30
0.0
 10
41.6391725
 20
83.49293972222222
 30
0.0
 10
39.23675583333333
 20
88.23427305555556
 30
0.0
 10
39.02861694444444
 20
84.47366194444443
 30
0.0
 10
38.91572805555555
 20
82.45577305555555
 30
0.0
 10
41.70972805555556
 20
82.85793972222223
 30
0.0
 10
42.91270027777777
 20
75.09330083333333
 30
0.0
 10
43.35720027777778
 20
72.2393286111111
 30
0.0
 10
44.50372805555556
 20
73.55166194444445
 30
0.0
 10
48.61006138888889
 20
73.77743972222221
 30
0.0
 10
51.77800583333333
 20
73.95030083333333
 30
0.0
 10
53.72181138888889
 20
72.2252175
 30
0.0
 10
56.92856138888888
 20
72.0664675
 30
0.0
 10
56.92856138888888
 20
72.94135638888888
 30
0.0
 10
56.97795027777778
 20
72.84257861111111
 30
0.0
 10
56.97795027777778
 20
73.81624527777778
 30
0.0
 10
56.9744225
 20
74.78638416666666
 30
0.0
 10
56.92503361111111
 20
74.69113416666666
 30
0.0
 10
56.92503361111111
 20
75.56602305555555
 30
0.0
 10
56.92503361111111
 20
76.06579157407407
 30
0.0
 10
56.92503361111111
 20
76.56556009259259
 30
0.0
 10
56.92503361111111
 20
77.0653286111111
 30
0.0
 10
57.36600583333333
 20
77.0653286111111
 30
0.0
 10
57.80697805555555
 20
77.0653286111111
 30
0.0
 10
58.24795027777778
 20
77.0653286111111
 30
0.0
  0
SPLINE
  5
96
330
1F
100
AcDbEntity
  8
DEFAULT
 62
     3
100
AcDbSpline
210
0.0
220
0.0
230
1.0
 70
    11
 71
     3
 72
    14
 73
    10
 74
     0
 42
0.000000001
 43
0.0000000001
 40
0.0
 40
0.0
 40
0.0
 40
0.0
 40
1.0
 40
1.0
 40
1.0
 40
2.0
 40
2.0
 40
2.0
 40
3.0
 40
3.0
 40
3.0
 40
3.0
 10
51.64864222222221
 20
30.44620388888888
 30
0.0
 10
52.99307833333333
 20
30.12976222222222
 30
0.0
 10
52.91193944444444
 20
28.11892888888889
 30
0.0
 10
54.19675611111111
 20
29.88458166666666
 30
0.0
 10
55.26637833333332
 20
31.35460666666666
 30
0.0
 10
56.58576722222222
 20
35.91390666666666
 30
0.0
 10
54.19181722222221
 20
34.10768444444444
 30
0.0
 10
51.25000333333332
 20
31.88835944444444
 30
0.0
 10
47.28090055555555
 20
31.47455111111111
 30
0.0
 10
51.64864222222221
 20
30.44620388888888
 30
0.0
  0
POLYLINE
  5
97
330
1F
100
AcDbEntity
  8
DEFAULT
 62
     7
100
AcDb2dPolyline
 66
     1
 10
0.0
 20
0.0
 30
0.0
  0
VERTEX
  5
98
330
97
100
AcDbEntity
  8
DEFAULT
 62
     7
100
AcDbVertex
100
AcDb2dVertex
 10
58.97340249999998
 20
40.7404711111111
 30
0.0
  0
VERTEX
  5
99
330
97
100
AcDbEntity
  8
DEFAULT
 62
     7
100
AcDbVertex
100
AcDb2dVertex
 10
58.97128583333331
 20
42.63135999999999
 30
0.0
  0
SEQEND
  5
9A
330
97
100
AcDbEntity
  8
DEFAULT
 62
     7
  0
SPLINE
  5
9B
330
1F
100
AcDbEntity
  8
DEFAULT
 62
     7
100
AcDbSpline
210
0.0
220
0.0
230
1.0
 70
    11
 71
     3
 72
    17
 73
    13
 74
     0
 42
0.000000001
 43
0.0000000001
 40
0.0
 40
0.0
 40
0.0
 40
0.0
 40
1.0
 40
1.0
 40
1.0
 40
2.0
 40
2.0
 40
2.0
 40
3.0
 40
3.0
 40
3.0
 40
4.0
 40
4.0
 40
4.0
 40
4.0
 10
57.95574444444443
 20
41.32925722222222
 30
0.0
 10
57.95539166666666
 20
41.71413777777777
 30
0.0
 10
58.22173888888888
 20
41.88170722222222
 30
0.0
 10
58.47326944444444
 20
41.88206
 30
0.0
 10
58.75513888888888
 20
41.88241277777777
 30
0.0
 10
58.97244999999999
 20
41.67639055555555
 30
0.0
 10
58.97280277777777
 20
41.34760166666667
 30
0.0
 10
58.97315555555554
 20
40.99905722222222
 30
0.0
 10
58.74561388888888
 20
40.79444611111111
 30
0.0
 10
58.45739444444443
 20
40.79409333333333
 30
0.0
 10
58.15859166666665
 20
40.79374055555555
 30
0.0
 10
57.95609722222222
 20
41.01105166666667
 30
0.0
 10
57.95574444444443
 20
41.32925722222222
 30
0.0
  0
POLYLINE
  5
9C
330
1F
100
AcDbEntity
  8
DEFAULT
 62
     7
100
AcDb2dPolyline
 66
     1
 10
0.0
 20
0.0
 30
0.0
  0
VERTEX
  5
9D
330
9C
100
AcDbEntity
  8
DEFAULT
 62
     7
100
AcDbVertex
100
AcDb2dVertex
 10
59.22577972222221
 20
43.25782277777777
 30
0.0
  0
VERTEX
  5
9E
330
9C
100
AcDbEntity
  8
DEFAULT
 62
     7
100
AcDbVertex
100
AcDb2dVertex
 10
57.69825194444443
 20
43.25605888888888
 30
0.0
  0
SEQEND
  5
9F
330
9C
100
AcDbEntity
  8
DEFAULT
 62
     7
  0
POLYLINE
  5
A0
330
1F
100
AcDbEntity
  8
DEFAULT
 62
     7
100
AcDb2dPolyline
 66
     1
 10
0.0
 20
0.0
 30
0.0
  0
VERTEX
  5
A1
330
A0
100
AcDbEntity
  8
DEFAULT
 62
     7
100
AcDbVertex
100
AcDb2dVertex
 10
52.14560027777778
 20
38.17387166666668
 30
0.0
  0
VERTEX
  5
A2
330
A0
100
AcDbEntity
  8
DEFAULT
 62
     7
100
AcDbVertex
100
AcDb2dVertex
 10
51.65171138888889
 20
37.26688000000001
 30
0.0
  0
SEQEND
  5
A3
330
A0
100
AcDbEntity
  8
DEFAULT
 62
     7
  0
SPLINE
  5
A4
330
1F
100
AcDbEntity
  8
DEFAULT
 62
     7
100
AcDbSpline
210
0.0
220
0.0
230
1.0
 70
    11
 71
     3
 72
    17
 73
    13
 74
     0
 42
0.000000001
 43
0.0000000001
 40
0.0
 40
0.0
 40
0.0
 40
0.0
 40
1.0
 40
1.0
 40
1.0
 40
2.0
 40
2.0
 40
2.0
 40
3.0
 40
3.0
 40
3.0
 40
4.0
 40
4.0
 40
4.0
 40
4.0
 10
52.59673249999999
 20
37.70880472222222
 30
0.0
 10
52.17692694444444
 20
37.51230749999999
 30
0.0
 10
51.85801583333333
 20
37.71762416666666
 30
0.0
 10
51.72960472222221
 20
37.99243805555555
 30
0.0
 10
51.58567138888888
 20
38.2997075
 30
0.0
 10
51.69997138888888
 20
38.64190194444443
 30
0.0
 10
52.05909916666666
 20
38.80947138888889
 30
0.0
 10
52.43904083333332
 20
38.98727138888888
 30
0.0
 10
52.77806027777778
 20
38.84298527777777
 30
0.0
 10
52.92516861111111
 20
38.52866027777777
 30
0.0
 10
53.0775686111111
 20
38.20234083333333
 30
0.0
 10
52.94386583333333
 20
37.87108249999999
 30
0.0
 10
52.59673249999999
 20
37.70880472222222
 30
0.0
  0
POLYLINE
  5
A5
330
1F
100
AcDbEntity
  8
DEFAULT
 62
     7
100
AcDb2dPolyline
 66
     1
 10
0.0
 20
0.0
 30
0.0
  0
VERTEX
  5
A6
330
A5
100
AcDbEntity
  8
DEFAULT
 62
     7
100
AcDbVertex
100
AcDb2dVertex
 10
50.4724811111111
 20
38.23451416666666
 30
0.0
  0
VERTEX
  5
A7
330
A5
100
AcDbEntity
  8
DEFAULT
 62
     7
100
AcDbVertex
100
AcDb2dVertex
 10
51.11947555555555
 20
36.85091972222222
 30
0.0
  0
SEQEND
  5
A8
330
A5
100
AcDbEntity
  8
DEFAULT
 62
     7
  0
SPLINE
  5
A9
330
1F
100
AcDbEntity
  8
DEFAULT
 62
     5
100
AcDbSpline
210
0.0
220
0.0
230
1.0
 70
     8
 71
     3
 72
    23
 73
    19
 74
     0
 42
0.000000001
 43
0.0000000001
 40
0.0
 40
0.0
 40
0.0
 40
0.0
 40
1.0
 40
1.0
 40
1.0
 40
2.0
 40
2.0
 40
2.0
 40
3.0
 40
3.0
 40
3.0
 40
4.0
 40
4.0
 40
4.0
 40
5.0
 40
5.0
 40
5.0
 40
6.0
 40
6.0
 40
6.0
 40
6.0
 10
59.90685249999999
 20
47.60827833333332
 30
0.0
 10
62.14487472222221
 20
47.61074777777777
 30
0.0
 10
65.27965805555554
 20
46.47762555555554
 30
0.0
 10
65.28106916666665
 20
45.27430055555554
 30
0.0
 10
65.28248027777776
 20
43.98736722222222
 30
0.0
 10
64.1151386111111
 20
41.28826444444444
 30
0.0
 10
61.33278027777777
 20
39.07564222222221
 30
0.0
 10
59.36498583333332
 20
37.51177833333333
 30
0.0
 10
58.08299138888889
 20
35.20037833333333
 30
0.0
 10
57.5301886111111
 20
32.97364499999999
 30
0.0
 10
56.70786361111109
 20
29.658945
 30
0.0
 10
51.54778305555555
 20
23.51426166666666
 30
0.0
 10
51.12515527777777
 20
26.5901311111111
 30
0.0
 10
50.71064138888887
 20
29.61061444444444
 30
0.0
 10
46.38488027777777
 20
29.73338111111111
 30
0.0
 10
45.89063861111111
 20
30.34368666666666
 30
0.0
 10
45.39674972222221
 20
30.95363944444443
 30
0.0
 10
46.30868027777777
 20
31.93012833333333
 30
0.0
 10
45.65921638888888
 20
33.53879499999999
 30
0.0
  0
SPLINE
  5
AA
330
1F
100
AcDbEntity
  8
DEFAULT
 62
     5
100
AcDbSpline
210
0.0
220
0.0
230
1.0
 70
     8
 71
     3
 72
    17
 73
    13
 74
     0
 42
0.000000001
 43
0.0000000001
 40
0.0
 40
0.0
 40
0.0
 40
0.0
 40
1.0
 40
1.0
 40
1.0
 40
2.0
 40
2.0
 40
2.0
 40
3.0
 40
3.0
 40
3.0
 40
4.0
 40
4.0
 40
4.0
 40
4.0
 10
44.42925666666666
 20
36.16882388888889
 30
0.0
 10
43.07388444444444
 20
38.88309611111111
 30
0.0
 10
42.37891222222222
 20
37.68647388888888
 30
0.0
 10
42.08822333333333
 20
38.19059333333333
 30
0.0
 10
41.79788722222222
 20
38.69506555555555
 30
0.0
 10
44.11387333333332
 20
39.81760444444444
 30
0.0
 10
44.60670388888888
 20
45.873035
 30
0.0
 10
44.65820944444444
 20
46.50662388888889
 30
0.0
 10
46.60413166666666
 20
45.70934611111111
 30
0.0
 10
48.53347333333333
 20
45.62609055555555
 30
0.0
 10
52.68178722222222
 20
45.44617388888889
 30
0.0
 10
53.82372888888889
 20
47.60129333333332
 30
0.0
 10
57.00578444444444
 20
47.60482111111111
 30
0.0
  0
SPLINE
  5
AB
330
1F
100
AcDbEntity
  8
DEFAULT
 62
     1
100
AcDbSpline
210
0.0
220
0.0
230
1.0
 70
     8
 71
     3
 72
    47
 73
    43
 74
     0
 42
0.000000001
 43
0.0000000001
 40
0.0
 40
0.0
 40
0.0
 40
0.0
 40
3.722002149381442
 40
3.722002149381442
 40
3.722002149381442
 40
13.63989002936881
 40
13.63989002936881
 40
13.63989002936881
 40
14.63989002936881
 40
14.63989002936881
 40
14.63989002936881
 40
15.63989002936881
 40
15.63989002936881
 40
15.63989002936881
 40
16.63989002936881
 40
16.63989002936881
 40
16.63989002936881
 40
17.63989002936881
 40
17.63989002936881
 40
17.63989002936881
 40
18.63989002936881
 40
18.63989002936881
 40
18.63989002936881
 40
19.63989002936881
 40
19.63989002936881
 40
19.63989002936881
 40
20.63989002936881
 40
20.63989002936881
 40
20.63989002936881
 40
21.63989002936881
 40
21.63989002936881
 40
21.63989002936881
 40
22.63989002936881
 40
22.63989002936881
 40
22.63989002936881
 40
23.63989002936881
 40
23.63989002936881
 40
23.63989002936881
 40
27.88989002936881
 40
27.88989002936881
 40
27.88989002936881
 40
31.59989002936882
 40
31.59989002936882
 40
31.59989002936882
 40
31.59989002936882
 10
49.87646305555555
 20
36.90849305555555
 30
0.0
 10
50.06225935185185
 20
36.51220601851851
 30
0.0
 10
50.24805564814815
 20
36.11591898148147
 30
0.0
 10
50.43385194444445
 20
35.71963194444444
 30
0.0
 10
49.37787046296297
 20
35.22456712962963
 30
0.0
 10
48.32188898148149
 20
34.72950231481481
 30
0.0
 10
47.2659075
 20
34.2344375
 30
0.0
 10
46.47215749999999
 20
33.86402083333333
 30
0.0
 10
46.53918527777778
 20
33.9486875
 30
0.0
 10
45.66076861111112
 20
33.53946527777778
 30
0.0
 10
44.77882416666667
 20
33.12671527777778
 30
0.0
 10
44.88818527777778
 20
33.12354027777778
 30
0.0
 10
44.09443527777778
 20
32.75312361111111
 30
0.0
 10
44.70826861111111
 20
31.44431805555555
 30
0.0
 10
43.07137972222223
 20
30.39974305555555
 30
0.0
 10
44.35901861111111
 20
29.03096527777778
 30
0.0
 10
45.64312972222222
 20
27.66571527777777
 30
0.0
 10
48.44771305555555
 20
28.2971875
 30
0.0
 10
49.10740749999999
 20
25.85596527777778
 30
0.0
 10
50.18337972222222
 20
21.87310416666667
 30
0.0
 10
52.87154638888889
 20
22.40227083333333
 30
0.0
 10
57.48235194444445
 20
28.43159583333333
 30
0.0
 10
59.37676861111111
 20
30.90421527777778
 30
0.0
 10
59.92710194444444
 20
35.40213194444444
 30
0.0
 10
62.57646305555555
 20
37.51174305555555
 30
0.0
 10
66.62635194444444
 20
40.72907638888888
 30
0.0
 10
67.86460194444444
 20
45.47746527777777
 30
0.0
 10
66.76746305555555
 20
46.75804861111111
 30
0.0
 10
64.94007416666668
 20
48.89270694444444
 30
0.0
 10
62.35774083333333
 20
49.36154861111111
 30
0.0
 10
59.95532416666666
 20
49.35802083333333
 30
0.0
 10
59.95532416666666
 20
48.48348472222222
 30
0.0
 10
59.90593527777778
 20
48.58190972222222
 30
0.0
 10
59.90593527777778
 20
47.60824305555555
 30
0.0
 10
59.90946305555556
 20
46.63810416666666
 30
0.0
 10
59.95532416666666
 20
46.73370694444444
 30
0.0
 10
59.95885194444445
 20
45.85846527777777
 30
0.0
 10
59.95885194444444
 20
45.35869675925926
 30
0.0
 10
59.95885194444444
 20
44.85892824074074
 30
0.0
 10
59.95885194444445
 20
44.35915972222222
 30
0.0
 10
59.52258342592594
 20
44.35915972222222
 30
0.0
 10
59.08631490740741
 20
44.35915972222222
 30
0.0
 10
58.65004638888889
 20
44.35915972222222
 30
0.0
  0
SPLINE
  5
AC
330
1F
100
AcDbEntity
  8
DEFAULT
 62
     1
100
AcDbSpline
210
0.0
220
0.0
230
1.0
 70
     8
 71
     3
 72
    41
 73
    37
 74
     0
 42
0.000000001
 43
0.0000000001
 40
0.0
 40
0.0
 40
0.0
 40
0.0
 40
3.775764823184808
 40
3.775764823184808
 40
3.775764823184808
 40
13.6894119825304
 40
13.6894119825304
 40
13.6894119825304
 40
14.6894119825304
 40
14.6894119825304
 40
14.6894119825304
 40
15.6894119825304
 40
15.6894119825304
 40
15.6894119825304
 40
16.6894119825304
 40
16.6894119825304
 40
16.6894119825304
 40
17.6894119825304
 40
17.6894119825304
 40
17.6894119825304
 40
18.6894119825304
 40
18.6894119825304
 40
18.6894119825304
 40
19.6894119825304
 40
19.6894119825304
 40
19.6894119825304
 40
20.6894119825304
 40
20.6894119825304
 40
20.6894119825304
 40
21.6894119825304
 40
21.6894119825304
 40
21.6894119825304
 40
25.9394119825304
 40
25.9394119825304
 40
25.9394119825304
 40
29.73941198253041
 40
29.73941198253041
 40
29.73941198253041
 40
29.73941198253041
 10
49.72833166666666
 20
37.22613416666668
 30
0.0
 10
49.54018351851852
 20
37.62830083333333
 30
0.0
 10
49.35203537037037
 20
38.03046750000001
 30
0.0
 10
49.16388722222223
 20
38.43263416666667
 30
0.0
 10
48.10790574074074
 20
37.93874527777778
 30
0.0
 10
47.05192425925926
 20
37.44485638888889
 30
0.0
 10
45.99594277777777
 20
36.9509675
 30
0.0
 10
45.20219277777777
 20
36.58055083333333
 30
0.0
 10
45.3080261111111
 20
36.58055083333333
 30
0.0
 10
44.42960944444444
 20
36.16780083333333
 30
0.0
 10
43.54766499999999
 20
35.75505083333334
 30
0.0
 10
43.61822055555555
 20
35.8397175
 30
0.0
 10
42.82447055555555
 20
35.46930083333333
 30
0.0
 10
41.69205388888889
 20
37.89288416666667
 30
0.0
 10
39.30022055555555
 20
33.14767027777778
 30
0.0
 10
39.08149833333333
 20
36.90510638888889
 30
0.0
 10
38.96508166666666
 20
38.92299527777778
 30
0.0
 10
41.76260944444444
 20
38.52435638888889
 30
0.0
 10
42.94794277777778
 20
46.29252305555556
 30
0.0
 10
43.38185944444444
 20
49.15002305555555
 30
0.0
 10
44.53191499999999
 20
47.83768972222222
 30
0.0
 10
48.63824833333332
 20
47.62249527777778
 30
0.0
 10
51.80972055555555
 20
47.45668972222222
 30
0.0
 10
53.74647055555555
 20
49.18882861111111
 30
0.0
 10
56.95674833333333
 20
49.35463416666667
 30
0.0
 10
56.95674833333333
 20
48.4793925
 30
0.0
 10
57.00613722222221
 20
48.57852305555555
 30
0.0
 10
57.00613722222221
 20
47.60485638888889
 30
0.0
 10
57.00613722222221
 20
46.6347175
 30
0.0
 10
56.95674833333333
 20
46.72961472222222
 30
0.0
 10
56.96027611111111
 20
45.8550786111111
 30
0.0
 10
56.96027611111111
 20
45.35531009259259
 30
0.0
 10
56.96027611111111
 20
44.85554157407407
 30
0.0
 10
56.96027611111111
 20
44.35577305555555
 30
0.0
 10
57.40712796296296
 20
44.35577305555555
 30
0.0
 10
57.85397981481481
 20
44.35577305555555
 30
0.0
 10
58.30083166666667
 20
44.35577305555555
 30
0.0
  0
SPLINE
  5
AD
330
1F
100
AcDbEntity
  8
DEFAULT
 62
     3
100
AcDbSpline
210
0.0
220
0.0
230
1.0
 70
    11
 71
     3
 72
    17
 73
    13
 74
     0
 42
0.000000001
 43
0.0000000001
 40
0.0
 40
0.0
 40
0.0
 40
0.0
 40
1.0
 40
1.0
 40
1.0
 40
2.0
 40
2.0
 40
2.0
 40
3.0
 40
3.0
 40
3.0
 40
4.0
 40
4.0
 40
4.0
 40
4.0
 10
28.85380027777778
 20
89.03038666666666
 30
0.0
 10
31.49610583333333
 20
91.31744499999999
 30
0.0
 10
33.49882527777778
 20
91.45432277777776
 30
0.0
 10
32.95554749999999
 20
89.94796166666666
 30
0.0
 10
32.50646138888889
 20
88.70230333333332
 30
0.0
 10
33.41980305555555
 20
88.33012277777776
 30
0.0
 10
31.8315975
 20
86.94935055555554
 30
0.0
 10
30.86463361111111
 20
86.10832833333333
 30
0.0
 10
30.45082527777778
 20
85.45604222222221
 30
0.0
 10
29.97986694444445
 20
84.2386061111111
 30
0.0
 10
29.50396972222222
 20
83.00846999999999
 30
0.0
 10
26.11730305555555
 20
86.66148388888888
 30
0.0
 10
28.85380027777778
 20
89.03038666666666
 30
0.0
  0
POLYLINE
  5
AE
330
1F
100
AcDbEntity
  8
DEFAULT
 62
     7
100
AcDb2dPolyline
 66
     1
 10
0.0
 20
0.0
 30
0.0
  0
VERTEX
  5
AF
330
AE
100
AcDbEntity
  8
DEFAULT
 62
     7
100
AcDbVertex
100
AcDb2dVertex
 10
18.76848333333333
 20
84.37693027777776
 30
0.0
  0
VERTEX
  5
B0
330
AE
100
AcDbEntity
  8
DEFAULT
 62
     7
100
AcDbVertex
100
AcDb2dVertex
 10
20.266025
 20
84.07671638888887
 30
0.0
  0
SEQEND
  5
B1
330
AE
100
AcDbEntity
  8
DEFAULT
 62
     7
  0
POLYLINE
  5
B2
330
1F
100
AcDbEntity
  8
DEFAULT
 62
     7
100
AcDb2dPolyline
 66
     1
 10
0.0
 20
0.0
 30
0.0
  0
VERTEX
  5
B3
330
B2
100
AcDbEntity
  8
DEFAULT
 62
     7
100
AcDbVertex
100
AcDb2dVertex
 10
19.95237027777777
 20
87.3305622222222
 30
0.0
  0
VERTEX
  5
B4
330
B2
100
AcDbEntity
  8
DEFAULT
 62
     7
100
AcDbVertex
100
AcDb2dVertex
 10
19.53397583333333
 20
85.2431761111111
 30
0.0
  0
VERTEX
  5
B5
330
B2
100
AcDbEntity
  8
DEFAULT
 62
     7
100
AcDbVertex
100
AcDb2dVertex
 10
19.89345638888889
 20
85.17120944444443
 30
0.0
  0
SEQEND
  5
B6
330
B2
100
AcDbEntity
  8
DEFAULT
 62
     7
  0
SPLINE
  5
B7
330
1F
100
AcDbEntity
  8
DEFAULT
 62
     5
100
AcDbSpline
210
0.0
220
0.0
230
1.0
 70
     8
 71
     3
 72
    44
 73
    40
 74
     0
 42
0.000000001
 43
0.0000000001
 40
0.0
 40
0.0
 40
0.0
 40
0.0
 40
1.0
 40
1.0
 40
1.0
 40
2.0
 40
2.0
 40
2.0
 40
3.0
 40
3.0
 40
3.0
 40
4.0
 40
4.0
 40
4.0
 40
5.0
 40
5.0
 40
5.0
 40
6.0
 40
6.0
 40
6.0
 40
14.50889352383728
 40
14.50889352383728
 40
14.50889352383728
 40
15.50889352383728
 40
15.50889352383728
 40
15.50889352383728
 40
16.50889352383728
 40
16.50889352383728
 40
16.50889352383728
 40
17.50889352383728
 40
17.50889352383728
 40
17.50889352383728
 40
18.50889352383728
 40
18.50889352383728
 40
18.50889352383728
 40
19.50889352383728
 40
19.50889352383728
 40
19.50889352383728
 40
20.50889352383728
 40
20.50889352383728
 40
20.50889352383728
 40
20.50889352383728
 10
20.28017138888888
 20
80.65914638888887
 30
0.0
 10
26.54621027777777
 20
79.01484916666665
 30
0.0
 10
28.91193805555555
 20
75.55833249999999
 30
0.0
 10
28.61666305555555
 20
76.85972972222221
 30
0.0
 10
28.32138805555555
 20
78.16112694444443
 30
0.0
 10
30.41865194444444
 20
77.15112416666666
 30
0.0
 10
30.35938527777777
 20
77.96992138888888
 30
0.0
 10
29.83868527777777
 20
85.13519083333331
 30
0.0
 10
35.14340472222222
 20
87.19576583333333
 30
0.0
 10
34.98394916666666
 20
88.25374638888887
 30
0.0
 10
34.81849638888888
 20
89.35229638888887
 30
0.0
 10
35.50606027777777
 20
91.63371027777777
 30
0.0
 10
34.81285194444444
 20
92.31386583333332
 30
0.0
 10
34.1196436111111
 20
92.9936686111111
 30
0.0
 10
30.36502972222222
 20
92.29022972222221
 30
0.0
 10
27.64511305555555
 20
90.06667138888888
 30
0.0
 10
25.72529638888889
 20
88.49716305555555
 30
0.0
 10
23.94659083333333
 20
87.0722936111111
 30
0.0
 10
21.53606027777777
 20
87.5485436111111
 30
0.0
 10
20.55475009259259
 20
87.74398249999997
 30
0.0
 10
19.5734399074074
 20
87.93942138888887
 30
0.0
 10
18.59212972222222
 20
88.13486027777776
 30
0.0
 10
16.40631861111111
 20
88.53526305555555
 30
0.0
 10
15.92830472222222
 20
89.98024083333333
 30
0.0
 10
15.27989916666666
 20
90.94473527777775
 30
0.0
 10
14.75249638888889
 20
91.73001861111109
 30
0.0
 10
14.00037416666666
 20
91.85384361111109
 30
0.0
 10
13.78200472222222
 20
91.85631305555553
 30
0.0
 10
13.13183527777777
 20
91.86372138888888
 30
0.0
 10
9.718710277777777
 20
92.31210194444444
 30
0.0
 10
9.821721388888887
 20
91.56103805555554
 30
0.0
 10
10.0707825
 20
89.74529083333333
 30
0.0
 10
8.962001944444443
 20
86.77878249999999
 30
0.0
 10
9.223763055555553
 20
85.75960749999999
 30
0.0
 10
9.934963055555555
 20
82.99065472222222
 30
0.0
 10
8.77044361111111
 20
81.02638805555554
 30
0.0
 10
9.302432499999998
 20
80.71135749999999
 30
0.0
 10
9.834421388888888
 20
80.39667972222222
 30
0.0
 10
15.01037694444444
 20
81.55449638888888
 30
0.0
 10
17.43607694444444
 20
81.22676583333333
 30
0.0
  0
SPLINE
  5
B8
330
1F
100
AcDbEntity
  8
DEFAULT
 62
     1
100
AcDbSpline
210
0.0
220
0.0
230
1.0
 70
     8
 71
     3
 72
    35
 73
    31
 74
     0
 42
0.000000001
 43
0.0000000001
 40
0.0
 40
0.0
 40
0.0
 40
0.0
 40
3.751706278481823
 40
3.751706278481823
 40
3.751706278481823
 40
4.751706278481823
 40
4.751706278481823
 40
4.751706278481823
 40
5.751706278481823
 40
5.751706278481823
 40
5.751706278481823
 40
6.751706278481823
 40
6.751706278481823
 40
6.751706278481823
 40
7.751706278481823
 40
7.751706278481823
 40
7.751706278481823
 40
8.751706278481823
 40
8.751706278481823
 40
8.751706278481823
 40
9.751706278481823
 40
9.751706278481823
 40
9.751706278481823
 40
10.75170627848182
 40
10.75170627848182
 40
10.75170627848182
 40
12.17163585420027
 40
12.17163585420027
 40
12.17163585420027
 40
15.92530073002496
 40
15.92530073002496
 40
15.92530073002496
 40
15.92530073002496
 10
20.45123333333333
 20
88.4423061111111
 30
0.0
 10
20.88397407407407
 20
88.35646351851851
 30
0.0
 10
21.31671481481481
 20
88.27062092592591
 30
0.0
 10
21.74945555555555
 20
88.18477833333331
 30
0.0
 10
24.98795555555555
 20
87.54272277777777
 30
0.0
 10
28.19823333333333
 20
92.77441722222221
 30
0.0
 10
33.19003888888889
 20
93.06369499999998
 30
0.0
 10
38.17831666666667
 20
93.34944499999999
 30
0.0
 10
36.17806666666666
 20
91.27863944444442
 30
0.0
 10
36.78131666666666
 20
88.01897277777778
 30
0.0
 10
37.23287222222222
 20
85.58127833333333
 30
0.0
 10
31.82831666666667
 20
86.08575055555553
 30
0.0
 10
32.39628888888888
 20
77.06522277777776
 30
0.0
 10
32.49153888888889
 20
75.59766722222221
 30
0.0
 10
29.53526111111111
 20
76.97702833333332
 30
0.0
 10
29.72928888888889
 20
73.90433388888887
 30
0.0
 10
29.89509444444444
 20
71.30083388888887
 30
0.0
 10
27.59498333333334
 20
77.54147277777777
 30
0.0
 10
19.98556666666666
 20
78.93847277777776
 30
0.0
 10
20.1549
 20
79.78866722222222
 30
0.0
 10
20.0914
 20
79.70400055555554
 30
0.0
 10
20.27837222222222
 20
80.66002833333332
 30
0.0
 10
20.4724
 20
81.60547277777776
 30
0.0
 10
20.50062222222222
 20
81.50316722222222
 30
0.0
 10
20.66995555555555
 20
82.36394499999999
 30
0.0
 10
20.70405740740741
 20
82.5273987037037
 30
0.0
 10
20.73815925925926
 20
82.6908524074074
 30
0.0
 10
20.77226111111111
 20
82.8543061111111
 30
0.0
 10
20.33952037037037
 20
82.94132462962962
 30
0.0
 10
19.90677962962963
 20
83.02834314814815
 30
0.0
 10
19.47403888888889
 20
83.11536166666666
 30
0.0
  0
SPLINE
  5
B9
330
1F
100
AcDbEntity
  8
DEFAULT
 62
     1
100
AcDbSpline
210
0.0
220
0.0
230
1.0
 70
     8
 71
     3
 72
    38
 73
    34
 74
     0
 42
0.000000001
 43
0.0000000001
 40
0.0
 40
0.0
 40
0.0
 40
0.0
 40
3.763469144286956
 40
3.763469144286956
 40
3.763469144286956
 40
5.181390157601916
 40
5.181390157601916
 40
5.181390157601916
 40
6.181390157601916
 40
6.181390157601916
 40
6.181390157601916
 40
7.181390157601916
 40
7.181390157601916
 40
7.181390157601916
 40
8.181390157601916
 40
8.181390157601916
 40
8.181390157601916
 40
9.181390157601916
 40
9.181390157601916
 40
9.181390157601916
 40
10.18139015760192
 40
10.18139015760192
 40
10.18139015760192
 40
11.18139015760192
 40
11.18139015760192
 40
11.18139015760192
 40
12.18139015760192
 40
12.18139015760192
 40
12.18139015760192
 40
13.18139015760192
 40
13.18139015760192
 40
13.18139015760192
 40
16.93309643608375
 40
16.93309643608375
 40
16.93309643608375
 40
16.93309643608375
 10
19.131915
 20
83.18249527777778
 30
0.0
 10
18.69799833333333
 20
83.2695137962963
 30
0.0
 10
18.26408166666667
 20
83.35653231481483
 30
0.0
 10
17.830165
 20
83.44355083333333
 30
0.0
 10
17.79723907407407
 20
83.28009712962962
 30
0.0
 10
17.76431314814815
 20
83.11664342592591
 30
0.0
 10
17.73138722222222
 20
82.95318972222222
 30
0.0
 10
17.55852611111111
 20
82.09241194444444
 30
0.0
 10
17.62908166666666
 20
82.17707861111111
 30
0.0
 10
17.43505388888889
 20
81.22810638888889
 30
0.0
 10
17.24808166666667
 20
80.2720786111111
 30
0.0
 10
17.21633166666667
 20
80.37791194444445
 30
0.0
 10
17.04347055555555
 20
79.52066194444444
 30
0.0
 10
14.68338722222222
 20
79.95105083333333
 30
0.0
 10
10.876915
 20
79.21727305555555
 30
0.0
 10
9.137720555555555
 20
78.54346749999999
 30
0.0
 10
6.124998333333333
 20
77.38282861111111
 30
0.0
 10
7.648998333333333
 20
81.97599527777777
 30
0.0
 10
7.581970555555554
 20
83.18249527777778
 30
0.0
 10
7.511415
 20
84.42427305555556
 30
0.0
 10
7.084553888888888
 20
85.20038416666667
 30
0.0
 10
7.267998333333331
 20
86.3222175
 30
0.0
 10
7.63488722222222
 20
88.53060638888888
 30
0.0
 10
8.474498333333331
 20
88.68935638888888
 30
0.0
 10
8.241665
 20
91.63152305555555
 30
0.0
 10
8.132303888888888
 20
93.00735638888888
 30
0.0
 10
11.13444277777778
 20
92.4499675
 30
0.0
 10
13.829665
 20
92.41821749999998
 30
0.0
 10
16.433165
 20
92.39352305555555
 30
0.0
 10
15.99924833333333
 20
89.28202305555554
 30
0.0
 10
18.80735944444444
 20
88.77049527777777
 30
0.0
 10
19.24010018518518
 20
88.68465268518518
 30
0.0
 10
19.67284092592592
 20
88.59881009259259
 30
0.0
 10
20.10558166666666
 20
88.51296749999999
 30
0.0
  0
SPLINE
  5
BA
330
1F
100
AcDbEntity
  8
DEFAULT
 62
     3
100
AcDbSpline
210
0.0
220
0.0
230
1.0
 70
    11
 71
     3
 72
    17
 73
    13
 74
     0
 42
0.000000001
 43
0.0000000001
 40
0.0
 40
0.0
 40
0.0
 40
0.0
 40
1.0
 40
1.0
 40
1.0
 40
2.0
 40
2.0
 40
2.0
 40
3.0
 40
3.0
 40
3.0
 40
4.0
 40
4.0
 40
4.0
 40
4.0
 10
28.91825277777777
 20
32.32513361111111
 30
0.0
 10
31.56584999999999
 20
30.04371972222222
 30
0.0
 10
33.56892222222222
 20
29.91178083333334
 30
0.0
 10
33.02246944444444
 20
31.41673083333333
 30
0.0
 10
32.57020833333333
 20
32.66133083333333
 30
0.0
 10
33.48284444444445
 20
33.03598083333333
 30
0.0
 10
31.89146388888889
 20
34.41322527777778
 30
0.0
 10
30.92238333333333
 20
35.25177805555555
 30
0.0
 10
30.50716388888889
 20
35.90335861111111
 30
0.0
 10
30.03338333333333
 20
37.11938361111111
 30
0.0
 10
29.55466388888889
 20
38.34846138888889
 30
0.0
 10
26.17646388888888
 20
34.68768638888889
 30
0.0
 10
28.91825277777777
 20
32.32513361111111
 30
0.0
  0
POLYLINE
  5
BB
330
1F
100
AcDbEntity
  8
DEFAULT
 62
     7
100
AcDb2dPolyline
 66
     1
 10
0.0
 20
0.0
 30
0.0
  0
VERTEX
  5
BC
330
BB
100
AcDbEntity
  8
DEFAULT
 62
     7
100
AcDbVertex
100
AcDb2dVertex
 10
20.32031750000001
 20
37.25922472222222
 30
0.0
  0
VERTEX
  5
BD
330
BB
100
AcDbEntity
  8
DEFAULT
 62
     7
100
AcDbVertex
100
AcDb2dVertex
 10
18.82348138888889
 20
36.95618861111111
 30
0.0
  0
SEQEND
  5
BE
330
BB
100
AcDbEntity
  8
DEFAULT
 62
     7
  0
POLYLINE
  5
BF
330
1F
100
AcDbEntity
  8
DEFAULT
 62
     7
100
AcDb2dPolyline
 66
     1
 10
0.0
 20
0.0
 30
0.0
  0
VERTEX
  5
C0
330
BF
100
AcDbEntity
  8
DEFAULT
 62
     7
100
AcDbVertex
100
AcDb2dVertex
 10
20.3728461111111
 20
34.07766305555555
 30
0.0
  0
VERTEX
  5
C1
330
BF
100
AcDbEntity
  8
DEFAULT
 62
     7
100
AcDbVertex
100
AcDb2dVertex
 10
19.94986555555555
 20
36.16399083333332
 30
0.0
  0
VERTEX
  5
C2
330
BF
100
AcDbEntity
  8
DEFAULT
 62
     7
100
AcDbVertex
100
AcDb2dVertex
 10
19.59109055555555
 20
36.09096583333333
 30
0.0
  0
SEQEND
  5
C3
330
BF
100
AcDbEntity
  8
DEFAULT
 62
     7
  0
SPLINE
  5
C4
330
1F
100
AcDbEntity
  8
DEFAULT
 62
     5
100
AcDbSpline
210
0.0
220
0.0
230
1.0
 70
     8
 71
     3
 72
    44
 73
    40
 74
     0
 42
0.000000001
 43
0.0000000001
 40
0.0
 40
0.0
 40
0.0
 40
0.0
 40
1.0
 40
1.0
 40
1.0
 40
2.0
 40
2.0
 40
2.0
 40
3.0
 40
3.0
 40
3.0
 40
4.0
 40
4.0
 40
4.0
 40
5.0
 40
5.0
 40
5.0
 40
6.0
 40
6.0
 40
6.0
 40
14.50850639066576
 40
14.50850639066576
 40
14.50850639066576
 40
15.50850639066576
 40
15.50850639066576
 40
15.50850639066576
 40
16.50850639066576
 40
16.50850639066576
 40
16.50850639066576
 40
17.50850639066576
 40
17.50850639066576
 40
17.50850639066576
 40
18.50850639066576
 40
18.50850639066576
 40
18.50850639066576
 40
19.50850639066576
 40
19.50850639066576
 40
19.50850639066576
 40
20.50850639066576
 40
20.50850639066576
 40
20.50850639066576
 40
20.50850639066576
 10
20.32564444444444
 20
40.67675944444444
 30
0.0
 10
26.58780277777778
 20
42.33516777777777
 30
0.0
 10
28.94576944444444
 20
45.79732888888888
 30
0.0
 10
28.65331666666667
 20
44.4952261111111
 30
0.0
 10
28.36121666666667
 20
43.19312333333333
 30
0.0
 10
30.45636388888888
 20
44.208065
 30
0.0
 10
30.39850833333333
 20
43.388915
 30
0.0
 10
29.89438888888888
 20
36.22223444444444
 30
0.0
 10
35.20404722222221
 20
34.17400666666666
 30
0.0
 10
35.04670833333333
 20
33.11532055555555
 30
0.0
 10
34.883725
 20
32.01677055555555
 30
0.0
 10
35.57622777777777
 20
29.73676777777778
 30
0.0
 10
34.88478333333333
 20
29.05555388888889
 30
0.0
 10
34.19333888888889
 20
28.37398722222222
 30
0.0
 10
30.43696111111111
 20
29.06895944444443
 30
0.0
 10
27.71175277777778
 20
31.28616777777777
 30
0.0
 10
25.78876111111111
 20
32.85108999999999
 30
0.0
 10
24.00652777777777
 20
34.27243166666666
 30
0.0
 10
21.59705555555555
 20
33.79018444444444
 30
0.0
 10
20.61621574074074
 20
33.59262888888889
 30
0.0
 10
19.63537592592592
 20
33.39507333333333
 30
0.0
 10
18.65453611111111
 20
33.19751777777777
 30
0.0
 10
16.46978333333333
 20
32.79182333333333
 30
0.0
 10
15.99494444444444
 20
31.34578722222222
 30
0.0
 10
15.34900833333333
 20
30.37988166666666
 30
0.0
 10
14.82301666666667
 20
29.59353999999999
 30
0.0
 10
14.07124722222222
 20
29.46795111111111
 30
0.0
 10
13.85287777777778
 20
29.46512888888889
 30
0.0
 10
13.20270833333333
 20
29.45595666666666
 30
0.0
 10
9.790641666666666
 20
28.99981499999999
 30
0.0
 10
9.891888888888888
 20
29.75087888888888
 30
0.0
 10
10.13671666666666
 20
31.56768444444444
 30
0.0
 10
9.021233333333333
 20
34.53137055555555
 30
0.0
 10
9.280877777777777
 20
35.55125111111111
 30
0.0
 10
9.985727777777777
 20
38.32161499999999
 30
0.0
 10
8.81662222222222
 20
40.28341222222222
 30
0.0
 10
9.347905555555554
 20
40.59914833333332
 30
0.0
 10
9.879188888888889
 20
40.91558999999999
 30
0.0
 10
15.05796666666666
 20
39.76976777777777
 30
0.0
 10
17.48260833333333
 20
40.10243722222221
 30
0.0
  0
SPLINE
  5
C5
330
1F
100
AcDbEntity
  8
DEFAULT
 62
     1
100
AcDbSpline
210
0.0
220
0.0
230
1.0
 70
     8
 71
     3
 72
    35
 73
    31
 74
     0
 42
0.000000001
 43
0.0000000001
 40
0.0
 40
0.0
 40
0.0
 40
0.0
 40
3.75346786318998
 40
3.75346786318998
 40
3.75346786318998
 40
5.174376375375043
 40
5.174376375375043
 40
5.174376375375043
 40
6.174376375375043
 40
6.174376375375043
 40
6.174376375375043
 40
7.174376375375043
 40
7.174376375375043
 40
7.174376375375043
 40
8.174376375375044
 40
8.174376375375044
 40
8.174376375375044
 40
9.174376375375044
 40
9.174376375375044
 40
9.174376375375044
 40
10.17437637537504
 40
10.17437637537504
 40
10.17437637537504
 40
11.17437637537504
 40
11.17437637537504
 40
11.17437637537504
 40
12.17437637537504
 40
12.17437637537504
 40
12.17437637537504
 40
15.97903141887111
 40
15.97903141887111
 40
15.97903141887111
 40
15.97903141887111
 10
19.52346305555556
 20
38.22107333333333
 30
0.0
 10
19.95620379629629
 20
38.30797425925925
 30
0.0
 10
20.38894453703703
 20
38.39487518518519
 30
0.0
 10
20.82168527777777
 20
38.48177611111111
 30
0.0
 10
20.78758342592592
 20
38.64534740740741
 30
0.0
 10
20.75348157407407
 20
38.8089187037037
 30
0.0
 10
20.71937972222222
 20
38.97248999999999
 30
0.0
 10
20.54651861111111
 20
39.83291499999999
 30
0.0
 10
20.51829638888889
 20
39.73060944444444
 30
0.0
 10
20.32426861111111
 20
40.67640666666666
 30
0.0
 10
20.13376861111111
 20
41.63243444444444
 30
0.0
 10
20.20079638888889
 20
41.54776777777778
 30
0.0
 10
20.02793527777778
 20
42.39796222222222
 30
0.0
 10
27.63382416666666
 20
43.80907333333333
 30
0.0
 10
29.91982416666666
 20
50.05676777777776
 30
0.0
 10
29.76107416666666
 20
47.45326777777777
 30
0.0
 10
29.57057416666667
 20
44.38057333333333
 30
0.0
 10
32.52332416666667
 20
45.76346222222222
 30
0.0
 10
32.43512972222222
 20
44.29908166666666
 30
0.0
 10
31.88479638888889
 20
35.27502611111111
 30
0.0
 10
37.28935194444444
 20
35.79360944444444
 30
0.0
 10
36.84485194444444
 20
33.35238722222222
 30
0.0
 10
36.24865749999999
 20
30.09307333333333
 30
0.0
 10
38.25243527777778
 20
28.02579555555555
 30
0.0
 10
33.2641575
 20
28.30449
 30
0.0
 10
28.27235194444444
 20
28.57965666666666
 30
0.0
 10
25.04796305555555
 20
33.80394277777777
 30
0.0
 10
21.81299083333333
 20
33.15518444444444
 30
0.0
 10
21.37437046296296
 20
33.06699
 30
0.0
 10
20.93575009259259
 20
32.97879555555555
 30
0.0
 10
20.49712972222222
 20
32.89060111111111
 30
0.0
  0
SPLINE
  5
C6
330
1F
100
AcDbEntity
  8
DEFAULT
 62
     1
100
AcDbSpline
210
0.0
220
0.0
230
1.0
 70
     8
 71
     3
 72
    38
 73
    34
 74
     0
 42
0.000000001
 43
0.0000000001
 40
0.0
 40
0.0
 40
0.0
 40
0.0
 40
3.743861642742706
 40
3.743861642742706
 40
3.743861642742706
 40
5.162812311370741
 40
5.162812311370741
 40
5.162812311370741
 40
6.162812311370741
 40
6.162812311370741
 40
6.162812311370741
 40
7.162812311370741
 40
7.162812311370741
 40
7.162812311370741
 40
8.162812311370741
 40
8.162812311370741
 40
8.162812311370741
 40
9.162812311370741
 40
9.162812311370741
 40
9.162812311370741
 40
10.16281231137074
 40
10.16281231137074
 40
10.16281231137074
 40
11.16281231137074
 40
11.16281231137074
 40
11.16281231137074
 40
12.16281231137074
 40
12.16281231137074
 40
12.16281231137074
 40
13.16281231137074
 40
13.16281231137074
 40
13.16281231137074
 40
16.87529126754006
 40
16.87529126754006
 40
16.87529126754006
 40
16.87529126754006
 10
19.17774083333333
 20
38.15044722222223
 30
0.0
 10
18.74617601851851
 20
38.06342870370371
 30
0.0
 10
18.3146112037037
 20
37.97641018518519
 30
0.0
 10
17.88304638888889
 20
37.88939166666667
 30
0.0
 10
17.84894453703703
 20
38.05272777777778
 30
0.0
 10
17.81484268518518
 20
38.21606388888888
 30
0.0
 10
17.78074083333333
 20
38.3794
 30
0.0
 10
17.60787972222222
 20
39.23700277777778
 30
0.0
 10
17.67843527777778
 20
39.15233611111111
 30
0.0
 10
17.4844075
 20
40.10095555555555
 30
0.0
 10
17.29037972222222
 20
41.05733611111111
 30
0.0
 10
17.2621575
 20
40.95114999999999
 30
0.0
 10
17.08576861111111
 20
41.80875277777778
 30
0.0
 10
14.72568527777778
 20
41.37130833333333
 30
0.0
 10
10.91921305555555
 20
42.09767777777777
 30
0.0
 10
9.17649083333333
 20
42.76478055555555
 30
0.0
 10
6.160240833333333
 20
43.92153888888889
 30
0.0
 10
7.698351944444443
 20
39.328725
 30
0.0
 10
7.631324166666666
 20
38.122225
 30
0.0
 10
7.567824166666666
 20
36.88397499999999
 30
0.0
 10
7.140963055555555
 20
36.10433611111111
 30
0.0
 10
7.327935277777775
 20
34.98567777777777
 30
0.0
 10
7.698351944444443
 20
32.77411388888889
 30
0.0
 10
8.537963055555554
 20
32.61853888888889
 30
0.0
 10
8.312185277777775
 20
29.67637222222222
 30
0.0
 10
8.206351944444442
 20
28.30089166666667
 30
0.0
 10
11.20849083333333
 20
28.86533611111111
 30
0.0
 10
13.90371305555555
 20
28.90414166666666
 30
0.0
 10
16.50721305555555
 20
28.93589166666666
 30
0.0
 10
16.06624083333333
 20
32.04351111111111
 30
0.0
 10
18.87082416666667
 20
32.56244722222222
 30
0.0
 10
19.29886120370371
 20
32.64828981481481
 30
0.0
 10
19.72689824074074
 20
32.7341324074074
 30
0.0
 10
20.15493527777778
 20
32.819975
 30
0.0
  0
POLYLINE
  5
C7
330
1F
100
AcDbEntity
  8
DEFAULT
 62
     7
100
AcDb2dPolyline
 66
     1
 10
0.0
 20
0.0
 30
0.0
  0
VERTEX
  5
C8
330
C7
100
AcDbEntity
  8
DEFAULT
 62
     7
100
AcDbVertex
100
AcDb2dVertex
 10
61.20341666666666
 20
102.0865863888888
 30
0.0
  0
VERTEX
  5
C9
330
C7
100
AcDbEntity
  8
DEFAULT
 62
     7
100
AcDbVertex
100
AcDb2dVertex
 10
59.67624166666665
 20
102.1031669444444
 30
0.0
  0
SEQEND
  5
CA
330
C7
100
AcDbEntity
  8
DEFAULT
 62
     7
  0
POLYLINE
  5
CB
330
1F
100
AcDbEntity
  8
DEFAULT
 62
     7
100
AcDb2dPolyline
 66
     1
 10
0.0
 20
0.0
 30
0.0
  0
VERTEX
  5
CC
330
CB
100
AcDbEntity
  8
DEFAULT
 62
     7
100
AcDbVertex
100
AcDb2dVertex
 10
59.52705194444443
 20
104.2742319444444
 30
0.0
  0
VERTEX
  5
CD
330
CB
100
AcDbEntity
  8
DEFAULT
 62
     7
100
AcDbVertex
100
AcDb2dVertex
 10
60.01423805555553
 20
103.0994819444444
 30
0.0
  0
VERTEX
  5
CE
330
CB
100
AcDbEntity
  8
DEFAULT
 62
     7
100
AcDbVertex
100
AcDb2dVertex
 10
60.4707325
 20
104.2640013888889
 30
0.0
  0
VERTEX
  5
CF
330
CB
100
AcDbEntity
  8
DEFAULT
 62
     7
100
AcDbVertex
100
AcDb2dVertex
 10
60.91276305555555
 20
103.0899569444444
 30
0.0
  0
VERTEX
  5
D0
330
CB
100
AcDbEntity
  8
DEFAULT
 62
     7
100
AcDbVertex
100
AcDb2dVertex
 10
61.39994916666666
 20
104.2537708333333
 30
0.0
  0
SEQEND
  5
D1
330
CB
100
AcDbEntity
  8
DEFAULT
 62
     7
  0
POLYLINE
  5
D2
330
1F
100
AcDbEntity
  8
DEFAULT
 62
     7
100
AcDb2dPolyline
 66
     1
 10
0.0
 20
0.0
 30
0.0
  0
VERTEX
  5
D3
330
D2
100
AcDbEntity
  8
DEFAULT
 62
     7
100
AcDbVertex
100
AcDb2dVertex
 10
61.54173055555555
 20
108.9614491666667
 30
0.0
  0
VERTEX
  5
D4
330
D2
100
AcDbEntity
  8
DEFAULT
 62
     7
100
AcDbVertex
100
AcDb2dVertex
 10
62.61029444444444
 20
107.8703075
 30
0.0
  0
SEQEND
  5
D5
330
D2
100
AcDbEntity
  8
DEFAULT
 62
     7
  0
SPLINE
  5
D6
330
1F
100
AcDbEntity
  8
DEFAULT
 62
     7
100
AcDbSpline
210
0.0
220
0.0
230
1.0
 70
     8
 71
     3
 72
    14
 73
    10
 74
     0
 42
0.000000001
 43
0.0000000001
 40
0.0
 40
0.0
 40
0.0
 40
0.0
 40
1.0
 40
1.0
 40
1.0
 40
1.029698484809796
 40
1.029698484809796
 40
1.029698484809796
 40
2.029698484809796
 40
2.029698484809796
 40
2.029698484809796
 40
2.029698484809796
 10
59.99695194444444
 20
107.0671736111111
 30
0.0
 10
59.99695194444444
 20
107.0671736111111
 30
0.0
 10
61.22814638888889
 20
107.6460819444444
 30
0.0
 10
61.3565575
 20
107.7212236111111
 30
0.0
 10
61.35902694444444
 20
107.7187541666667
 30
0.0
 10
61.36149638888887
 20
107.7162847222222
 30
0.0
 10
61.36396583333332
 20
107.7138152777778
 30
0.0
 10
61.28882416666666
 20
107.5843458333333
 30
0.0
 10
60.68381027777777
 20
106.3654986111111
 30
0.0
 10
60.68381027777777
 20
106.3654986111111
 30
0.0
  0
SPLINE
  5
D7
330
1F
100
AcDbEntity
  8
DEFAULT
 62
     1
100
AcDbSpline
210
0.0
220
0.0
230
1.0
 70
     8
 71
     3
 72
    32
 73
    28
 74
     0
 42
0.000000001
 43
0.0000000001
 40
0.0
 40
0.0
 40
0.0
 40
0.0
 40
3.760212759937946
 40
3.760212759937946
 40
3.760212759937946
 40
4.760212759937946
 40
4.760212759937946
 40
4.760212759937946
 40
5.760212759937946
 40
5.760212759937946
 40
5.760212759937946
 40
6.760212759937946
 40
6.760212759937946
 40
6.760212759937946
 40
7.760212759937946
 40
7.760212759937946
 40
7.760212759937946
 40
8.760212759937946
 40
8.760212759937946
 40
8.760212759937946
 40
9.760212759937946
 40
9.760212759937946
 40
9.760212759937946
 40
10.76021275993795
 40
10.76021275993795
 40
10.76021275993795
 40
14.51511622074756
 40
14.51511622074756
 40
14.51511622074756
 40
14.51511622074756
 10
60.60087222222221
 20
100.9941747222222
 30
0.0
 10
61.04302037037036
 20
100.9894710185185
 30
0.0
 10
61.48516851851851
 20
100.9847673148148
 30
0.0
 10
61.92731666666666
 20
100.9800636111111
 30
0.0
 10
61.91673333333333
 20
100.1051747222222
 30
0.0
 10
61.86734444444444
 20
100.2039525
 30
0.0
 10
61.85676111111111
 20
99.23028583333331
 30
0.0
 10
61.84617777777778
 20
98.25661916666665
 30
0.0
 10
61.89909444444444
 20
98.35539694444442
 30
0.0
 10
61.88851111111111
 20
97.48050805555555
 30
0.0
 10
63.54656666666666
 20
97.46286916666665
 30
0.0
 10
64.90123333333334
 20
98.79284138888887
 30
0.0
 10
64.9224
 20
100.4508969444444
 30
0.0
 10
64.94003888888889
 20
102.4511469444444
 30
0.0
 10
68.40078888888888
 20
103.7528969444444
 30
0.0
 10
69.82953888888889
 20
105.1534247222222
 30
0.0
 10
71.01487222222222
 20
106.3140636111111
 30
0.0
 10
67.5717611111111
 20
109.3797025
 30
0.0
 10
66.41112222222222
 20
110.5615080555555
 30
0.0
 10
65.78670555555554
 20
109.9512025
 30
0.0
 10
65.82198333333334
 20
110.0535080555555
 30
0.0
 10
65.12701111111112
 20
109.3726469444444
 30
0.0
 10
64.43203888888888
 20
108.6953136111111
 30
0.0
 10
64.53434444444444
 20
108.7270636111111
 30
0.0
 10
63.90992777777777
 20
108.1132302777778
 30
0.0
 10
63.60065925925926
 20
108.4283784259259
 30
0.0
 10
63.29139074074075
 20
108.7435265740741
 30
0.0
 10
62.98212222222222
 20
109.0586747222222
 30
0.0
  0
SPLINE
  5
D8
330
1F
100
AcDbEntity
  8
DEFAULT
 62
     1
100
AcDbSpline
210
0.0
220
0.0
230
1.0
 70
     8
 71
     3
 72
    41
 73
    37
 74
     0
 42
0.000000001
 43
0.0000000001
 40
0.0
 40
0.0
 40
0.0
 40
0.0
 40
3.750213327265531
 40
3.750213327265531
 40
3.750213327265531
 40
4.750213327265531
 40
4.750213327265531
 40
4.750213327265531
 40
5.750213327265531
 40
5.750213327265531
 40
5.750213327265531
 40
6.750213327265531
 40
6.750213327265531
 40
6.750213327265531
 40
18.09095845269714
 40
18.09095845269714
 40
18.09095845269714
 40
19.09095845269714
 40
19.09095845269714
 40
19.09095845269714
 40
30.41952411654003
 40
30.41952411654003
 40
30.41952411654003
 40
31.41952411654003
 40
31.41952411654003
 40
31.41952411654003
 40
32.41952411654003
 40
32.41952411654003
 40
32.41952411654003
 40
33.41952411654003
 40
33.41952411654003
 40
33.41952411654003
 40
34.41952411654003
 40
34.41952411654003
 40
34.41952411654003
 40
38.18157143150034
 40
38.18157143150034
 40
38.18157143150034
 40
38.18157143150034
 10
60.25172805555555
 20
100.9977730555555
 30
0.0
 10
59.81075583333333
 20
101.0024767592592
 30
0.0
 10
59.36978361111111
 20
101.0071804629629
 30
0.0
 10
58.92881138888889
 20
101.0118841666666
 30
0.0
 10
58.91822805555555
 20
100.1369952777778
 30
0.0
 10
58.96761694444445
 20
100.2322452777777
 30
0.0
 10
58.96056138888889
 20
99.26210638888887
 30
0.0
 10
58.94997805555555
 20
98.28843972222221
 30
0.0
 10
58.90058916666666
 20
98.39074527777777
 30
0.0
 10
58.89353361111111
 20
97.5123286111111
 30
0.0
 10
57.23195027777778
 20
97.52996749999998
 30
0.0
 10
55.90550583333334
 20
98.88463416666664
 30
0.0
 10
55.91961694444444
 20
100.5426897222222
 30
0.0
 10
55.93490398148148
 20
101.8761897222222
 30
0.0
 10
55.95019101851852
 20
103.2096897222222
 30
0.0
 10
55.96547805555555
 20
104.5431897222222
 30
0.0
 10
55.98664472222222
 20
106.5434397222222
 30
0.0
 10
55.78556138888889
 20
108.5507452777778
 30
0.0
 10
57.21078361111111
 20
109.9548008333333
 30
0.0
 10
58.1632836111111
 20
110.8861341666667
 30
0.0
 10
59.11578361111111
 20
111.8174675
 30
0.0
 10
60.06828361111111
 20
112.7488008333333
 30
0.0
 10
61.25361694444445
 20
113.9129675
 30
0.0
 10
63.15508916666666
 20
113.8918008333333
 30
0.0
 10
64.31220027777778
 20
112.7064675
 30
0.0
 10
63.68778361111112
 20
112.0926341666666
 30
0.0
 10
63.79008916666667
 20
112.1314397222222
 30
0.0
 10
63.09864472222222
 20
111.4470508333333
 30
0.0
 10
62.74939472222223
 20
111.1048563888889
 30
0.0
 10
62.58358916666667
 20
110.9637452777778
 30
0.0
 10
62.42836694444444
 20
110.8261619444444
 30
0.0
 10
62.27314472222222
 20
110.6885786111111
 30
0.0
 10
62.12497805555555
 20
110.5615786111111
 30
0.0
 10
61.81100583333333
 20
110.2581897222222
 30
0.0
 10
62.12027435185185
 20
109.9418656481481
 30
0.0
 10
62.42954287037037
 20
109.6255415740741
 30
0.0
 10
62.73881138888889
 20
109.3092175
 30
0.0
  0
POLYLINE
  5
D9
330
1F
100
AcDbEntity
  8
DEFAULT
 62
     7
100
AcDb2dPolyline
 66
     1
 10
0.0
 20
0.0
 30
0.0
  0
VERTEX
  5
DA
330
D9
100
AcDbEntity
  8
DEFAULT
 62
     7
100
AcDbVertex
100
AcDb2dVertex
 10
26.82257638888888
 20
99.65333694444443
 30
0.0
  0
VERTEX
  5
DB
330
D9
100
AcDbEntity
  8
DEFAULT
 62
     7
100
AcDbVertex
100
AcDb2dVertex
 10
28.35010416666666
 20
99.65510083333332
 30
0.0
  0
SEQEND
  5
DC
330
D9
100
AcDbEntity
  8
DEFAULT
 62
     7
  0
POLYLINE
  5
DD
330
1F
100
AcDbEntity
  8
DEFAULT
 62
     7
100
AcDb2dPolyline
 66
     1
 10
0.0
 20
0.0
 30
0.0
  0
VERTEX
  5
DE
330
DD
100
AcDbEntity
  8
DEFAULT
 62
     7
100
AcDbVertex
100
AcDb2dVertex
 10
28.5251525
 20
97.48601138888888
 30
0.0
  0
VERTEX
  5
DF
330
DD
100
AcDbEntity
  8
DEFAULT
 62
     7
100
AcDbVertex
100
AcDb2dVertex
 10
28.02385527777777
 20
98.65476416666665
 30
0.0
  0
VERTEX
  5
E0
330
DD
100
AcDbEntity
  8
DEFAULT
 62
     7
100
AcDbVertex
100
AcDb2dVertex
 10
27.58147194444444
 20
97.48495305555555
 30
0.0
  0
VERTEX
  5
E1
330
DD
100
AcDbEntity
  8
DEFAULT
 62
     7
100
AcDbVertex
100
AcDb2dVertex
 10
27.12533027777777
 20
98.65370583333333
 30
0.0
  0
VERTEX
  5
E2
330
DD
100
AcDbEntity
  8
DEFAULT
 62
     7
100
AcDbVertex
100
AcDb2dVertex
 10
26.65225527777778
 20
97.48389472222223
 30
0.0
  0
SEQEND
  5
E3
330
DD
100
AcDbEntity
  8
DEFAULT
 62
     7
  0
SPLINE
  5
E4
330
1F
100
AcDbEntity
  8
DEFAULT
 62
     5
100
AcDbSpline
210
0.0
220
0.0
230
1.0
 70
     8
 71
     3
 72
    29
 73
    25
 74
     0
 42
0.000000001
 43
0.0000000001
 40
0.0
 40
0.0
 40
0.0
 40
0.0
 40
1.0
 40
1.0
 40
1.0
 40
2.0
 40
2.0
 40
2.0
 40
3.0
 40
3.0
 40
3.0
 40
4.0
 40
4.0
 40
4.0
 40
5.0
 40
5.0
 40
5.0
 40
6.0
 40
6.0
 40
6.0
 40
7.0
 40
7.0
 40
7.0
 40
8.0
 40
8.0
 40
8.0
 40
8.0
 10
29.03572777777777
 20
102.50551
 30
0.0
 10
35.82281944444444
 20
102.5132711111111
 30
0.0
 10
36.04577499999999
 20
103.7042488888889
 30
0.0
 10
35.81047222222222
 20
103.0868877777778
 30
0.0
 10
35.40689444444444
 20
102.0282016666667
 30
0.0
 10
35.68805833333333
 20
100.9081322222222
 30
0.0
 10
33.65570555555555
 20
100.0963905555555
 30
0.0
 10
31.47871388888888
 20
99.22749888888889
 30
0.0
 10
30.93014444444444
 20
97.18350444444444
 30
0.0
 10
29.52926388888888
 20
96.9997072222222
 30
0.0
 10
25.77923611111111
 20
96.507935
 30
0.0
 10
25.19609444444444
 20
93.67442388888888
 30
0.0
 10
23.97160277777777
 20
93.98451555555555
 30
0.0
 10
20.37891388888888
 20
94.8932711111111
 30
0.0
 10
17.999075
 20
94.19124333333333
 30
0.0
 10
18.22238333333333
 20
94.76662388888887
 30
0.0
 10
18.69828055555555
 20
95.99146833333333
 30
0.0
 10
18.02306388888889
 20
96.58378222222221
 30
0.0
 10
18.49790277777778
 20
97.79028222222222
 30
0.0
 10
19.440525
 20
100.1838794444444
 30
0.0
 10
18.67111666666667
 20
101.7188155555555
 30
0.0
 10
19.07963333333333
 20
102.5298516666667
 30
0.0
 10
19.48850277777778
 20
103.3412405555556
 30
0.0
 10
24.7142
 20
102.5005711111111
 30
0.0
 10
26.13236666666666
 20
102.502335
 30
0.0
  0
SPLINE
  5
E5
330
1F
100
AcDbEntity
  8
DEFAULT
 62
     1
100
AcDbSpline
210
0.0
220
0.0
230
1.0
 70
     8
 71
     3
 72
    35
 73
    31
 74
     0
 42
0.000000001
 43
0.0000000001
 40
0.0
 40
0.0
 40
0.0
 40
0.0
 40
1.0
 40
1.0
 40
1.0
 40
2.0
 40
2.0
 40
2.0
 40
3.0
 40
3.0
 40
3.0
 40
4.0
 40
4.0
 40
4.0
 40
5.0
 40
5.0
 40
5.0
 40
6.0
 40
6.0
 40
6.0
 40
7.0
 40
7.0
 40
7.0
 40
8.0
 40
8.0
 40
8.0
 40
9.0
 40
9.0
 40
9.0
 40
12.75
 40
12.75
 40
12.75
 40
12.75
 10
18.63446305555555
 20
93.65283388888888
 30
0.0
 10
27.0094075
 20
93.53641722222221
 30
0.0
 10
22.49385194444444
 20
91.444445
 30
0.0
 10
26.17685194444444
 20
94.16788944444443
 30
0.0
 10
26.81185194444444
 20
94.64061166666666
 30
0.0
 10
27.14699083333333
 20
95.98822277777776
 30
0.0
 10
30.14912972222222
 20
96.37980611111111
 30
0.0
 10
32.20229638888888
 20
96.64438944444444
 30
0.0
 10
31.09104638888889
 20
98.30244499999999
 30
0.0
 10
34.38951861111111
 20
99.55833388888888
 30
0.0
 10
37.68799083333333
 20
100.8177505555555
 30
0.0
 10
36.90835194444444
 20
101.4315838888889
 30
0.0
 10
37.36696305555555
 20
103.033195
 30
0.0
 10
37.69504638888889
 20
104.1656116666667
 30
0.0
 10
38.42176861111111
 20
106.3740005555555
 30
0.0
 10
36.85543527777777
 20
105.1816116666667
 30
0.0
 10
35.28910194444444
 20
103.9892227777778
 30
0.0
 10
31.62726861111111
 20
104.2502783333333
 30
0.0
 10
29.08374083333333
 20
104.2538061111111
 30
0.0
 10
29.08374083333333
 20
103.3789172222222
 30
0.0
 10
29.03435194444444
 20
103.477695
 30
0.0
 10
29.03435194444444
 20
102.5040283333333
 30
0.0
 10
29.03787972222222
 20
102.0207227777778
 30
0.0
 10
29.05199083333333
 20
101.8020005555556
 30
0.0
 10
29.05904638888889
 20
101.5973894444444
 30
0.0
 10
29.07668527777777
 20
101.3892505555555
 30
0.0
 10
29.08726861111111
 20
101.1952227777778
 30
0.0
 10
29.08726861111111
 20
100.7542505555555
 30
0.0
 10
28.64629638888889
 20
100.7542505555555
 30
0.0
 10
28.20532416666667
 20
100.7542505555555
 30
0.0
 10
27.76435194444444
 20
100.7542505555555
 30
0.0
  0
SPLINE
  5
E6
330
1F
100
AcDbEntity
  8
DEFAULT
 62
     1
100
AcDbSpline
210
0.0
220
0.0
230
1.0
 70
     8
 71
     3
 72
    26
 73
    22
 74
     0
 42
0.000000001
 43
0.0000000001
 40
0.0
 40
0.0
 40
0.0
 40
0.0
 40
1.0
 40
1.0
 40
1.0
 40
2.0
 40
2.0
 40
2.0
 40
3.0
 40
3.0
 40
3.0
 40
4.0
 40
4.0
 40
4.0
 40
5.0
 40
5.0
 40
5.0
 40
6.0
 40
6.0
 40
6.0
 40
9.760000000000005
 40
9.760000000000005
 40
9.760000000000005
 40
9.760000000000005
 10
18.28168527777778
 20
93.65988944444443
 30
0.0
 10
15.88632416666666
 20
93.70575055555554
 30
0.0
 10
17.86187972222222
 20
94.13613944444444
 30
0.0
 10
16.88821305555555
 20
95.95647277777776
 30
0.0
 10
15.88632416666666
 20
97.82266722222221
 30
0.0
 10
17.7066575
 20
98.94450055555555
 30
0.0
 10
17.29037972222222
 20
101.0435283333333
 30
0.0
 10
16.83529638888889
 20
103.3224727777778
 30
0.0
 10
16.91996305555555
 20
104.3525838888889
 30
0.0
 10
19.21654638888889
 20
104.5607227777778
 30
0.0
 10
20.82521305555555
 20
104.7124172222222
 30
0.0
 10
23.89085194444444
 20
104.2502783333333
 30
0.0
 10
26.08512972222222
 20
104.2502783333333
 30
0.0
 10
26.08512972222222
 20
103.3753894444444
 30
0.0
 10
26.13099083333333
 20
103.4741672222222
 30
0.0
 10
26.13099083333333
 20
102.5005005555555
 30
0.0
 10
26.13804638888889
 20
101.5338894444444
 30
0.0
 10
26.08512972222222
 20
101.6256116666666
 30
0.0
 10
26.08512972222222
 20
100.7507227777778
 30
0.0
 10
26.52727787037037
 20
100.7507227777778
 30
0.0
 10
26.96942601851852
 20
100.7507227777778
 30
0.0
 10
27.41157416666666
 20
100.7507227777778
 30
0.0
  0
POLYLINE
  5
E7
330
1F
100
AcDbEntity
  8
DEFAULT
 62
     7
100
AcDb2dPolyline
 66
     1
 10
0.0
 20
0.0
 30
0.0
  0
VERTEX
  5
E8
330
E7
100
AcDbEntity
  8
DEFAULT
 62
     7
100
AcDbVertex
100
AcDb2dVertex
 10
61.2974672222222
 20
19.34262916666666
 30
0.0
  0
VERTEX
  5
E9
330
E7
100
AcDbEntity
  8
DEFAULT
 62
     7
100
AcDbVertex
100
AcDb2dVertex
 10
59.77029222222219
 20
19.32216805555555
 30
0.0
  0
SEQEND
  5
EA
330
E7
100
AcDbEntity
  8
DEFAULT
 62
     7
  0
POLYLINE
  5
EB
330
1F
100
AcDbEntity
  8
DEFAULT
 62
     7
100
AcDb2dPolyline
 66
     1
 10
0.0
 20
0.0
 30
0.0
  0
VERTEX
  5
EC
330
EB
100
AcDbEntity
  8
DEFAULT
 62
     7
100
AcDbVertex
100
AcDb2dVertex
 10
59.62607666666668
 20
17.15120888888889
 30
0.0
  0
VERTEX
  5
ED
330
EB
100
AcDbEntity
  8
DEFAULT
 62
     7
100
AcDbVertex
100
AcDb2dVertex
 10
60.11079333333333
 20
18.32701722222222
 30
0.0
  0
VERTEX
  5
EE
330
EB
100
AcDbEntity
  8
DEFAULT
 62
     7
100
AcDbVertex
100
AcDb2dVertex
 10
60.56975722222222
 20
17.16355611111111
 30
0.0
  0
VERTEX
  5
EF
330
EB
100
AcDbEntity
  8
DEFAULT
 62
     7
100
AcDbVertex
100
AcDb2dVertex
 10
61.00896555555555
 20
18.33865888888889
 30
0.0
  0
VERTEX
  5
F0
330
EB
100
AcDbEntity
  8
DEFAULT
 62
     7
100
AcDbVertex
100
AcDb2dVertex
 10
61.49897388888888
 20
17.17555055555556
 30
0.0
  0
SEQEND
  5
F1
330
EB
100
AcDbEntity
  8
DEFAULT
 62
     7
  0
POLYLINE
  5
F2
330
1F
100
AcDbEntity
  8
DEFAULT
 62
     7
100
AcDb2dPolyline
 66
     1
 10
0.0
 20
0.0
 30
0.0
  0
VERTEX
  5
F3
330
F2
100
AcDbEntity
  8
DEFAULT
 62
     7
100
AcDbVertex
100
AcDb2dVertex
 10
61.65162083333332
 20
12.46829555555555
 30
0.0
  0
VERTEX
  5
F4
330
F2
100
AcDbEntity
  8
DEFAULT
 62
     7
100
AcDbVertex
100
AcDb2dVertex
 10
62.71771527777776
 20
13.56225944444444
 30
0.0
  0
SEQEND
  5
F5
330
F2
100
AcDbEntity
  8
DEFAULT
 62
     7
  0
SPLINE
  5
F6
330
1F
100
AcDbEntity
  8
DEFAULT
 62
     7
100
AcDbSpline
210
0.0
220
0.0
230
1.0
 70
     8
 71
     3
 72
    14
 73
    10
 74
     0
 42
0.000000001
 43
0.0000000001
 40
0.0
 40
0.0
 40
0.0
 40
0.0
 40
1.0
 40
1.0
 40
1.0
 40
1.031112698372201
 40
1.031112698372201
 40
1.031112698372201
 40
2.031112698372201
 40
2.031112698372201
 40
2.031112698372201
 40
2.031112698372201
 10
60.10236194444444
 20
14.35932555555556
 30
0.0
 10
60.10236194444444
 20
14.35932555555556
 30
0.0
 10
61.33496749999999
 20
13.78288666666667
 30
0.0
 10
61.4633786111111
 20
13.70809777777778
 30
0.0
 10
61.46596564814814
 20
13.71068481481482
 30
0.0
 10
61.46855268518518
 20
13.71327185185185
 30
0.0
 10
61.47113972222221
 20
13.71585888888889
 30
0.0
 10
61.39564527777777
 20
13.84497555555556
 30
0.0
 10
60.78745638888888
 20
15.06241166666667
 30
0.0
 10
60.78745638888888
 20
15.06241166666667
 30
0.0
  0
SPLINE
  5
F7
330
1F
100
AcDbEntity
  8
DEFAULT
 62
     1
100
AcDbSpline
210
0.0
220
0.0
230
1.0
 70
     8
 71
     3
 72
    41
 73
    37
 74
     0
 42
0.000000001
 43
0.0000000001
 40
0.0
 40
0.0
 40
0.0
 40
0.0
 40
3.590222834309845
 40
3.590222834309845
 40
3.590222834309845
 40
4.590222834309845
 40
4.590222834309845
 40
4.590222834309845
 40
5.590222834309845
 40
5.590222834309845
 40
5.590222834309845
 40
6.590222834309845
 40
6.590222834309845
 40
6.590222834309845
 40
17.92121572990377
 40
17.92121572990377
 40
17.92121572990377
 40
18.92121572990377
 40
18.92121572990377
 40
18.92121572990377
 40
30.24994911011889
 40
30.24994911011889
 40
30.24994911011889
 40
31.24994911011889
 40
31.24994911011889
 40
31.24994911011889
 40
32.24994911011889
 40
32.24994911011889
 40
32.24994911011889
 40
33.24994911011889
 40
33.24994911011889
 40
33.24994911011889
 40
34.24994911011889
 40
34.24994911011889
 40
34.24994911011889
 40
38.00501235858756
 40
38.00501235858756
 40
38.00501235858756
 40
38.00501235858756
 10
60.28686472222221
 20
20.42682111111111
 30
0.0
 10
59.8647073148148
 20
20.42211740740741
 30
0.0
 10
59.4425499074074
 20
20.4174137037037
 30
0.0
 10
59.02039249999999
 20
20.41271
 30
0.0
 10
59.00628138888888
 20
21.28759888888889
 30
0.0
 10
59.05919805555555
 20
21.19234888888889
 30
0.0
 10
59.04861472222222
 20
22.16248777777778
 30
0.0
 10
59.0345036111111
 20
23.13615444444444
 30
0.0
 10
58.98511472222221
 20
23.03384888888889
 30
0.0
 10
58.97453138888888
 20
23.90873777777778
 30
0.0
 10
57.31647583333333
 20
23.89109888888889
 30
0.0
 10
55.99003138888888
 20
22.53290444444444
 30
0.0
 10
56.01119805555555
 20
20.87132111111111
 30
0.0
 10
56.02883694444444
 20
19.53899703703703
 30
0.0
 10
56.04647583333332
 20
18.20667296296296
 30
0.0
 10
56.06411472222221
 20
16.87434888888889
 30
0.0
 10
56.08880916666666
 20
14.87409888888889
 30
0.0
 10
55.89478138888889
 20
12.86326555555556
 30
0.0
 10
57.32353138888888
 20
11.46626555555556
 30
0.0
 10
58.2772073148148
 20
10.53610814814815
 30
0.0
 10
59.23088324074073
 20
9.605950740740738
 30
0.0
 10
60.18455916666666
 20
8.675793333333331
 30
0.0
 10
61.37694805555555
 20
7.515154444444443
 30
0.0
 10
63.27489249999999
 20
7.543376666666664
 30
0.0
 10
64.4320036111111
 20
8.732237777777778
 30
0.0
 10
63.80405916666665
 20
9.342543333333332
 30
0.0
 10
63.90636472222221
 20
9.303737777777776
 30
0.0
 10
63.21139249999999
 20
9.988126666666666
 30
0.0
 10
62.86567027777777
 20
10.32679333333333
 30
0.0
 10
62.69633694444444
 20
10.47143222222222
 30
0.0
 10
62.54464249999999
 20
10.60548777777778
 30
0.0
 10
62.38589249999999
 20
10.74307111111111
 30
0.0
 10
62.23772583333333
 20
10.86654333333333
 30
0.0
 10
61.9237536111111
 20
11.17346
 30
0.0
 10
62.23184620370369
 20
11.48978407407407
 30
0.0
 10
62.53993879629628
 20
11.80610814814815
 30
0.0
 10
62.84803138888888
 20
12.12243222222222
 30
0.0
  0
SPLINE
  5
F8
330
1F
100
AcDbEntity
  8
DEFAULT
 62
     1
100
AcDbSpline
210
0.0
220
0.0
230
1.0
 70
     8
 71
     3
 72
    32
 73
    28
 74
     0
 42
0.000000001
 43
0.0000000001
 40
0.0
 40
0.0
 40
0.0
 40
0.0
 40
3.910475802252198
 40
3.910475802252198
 40
3.910475802252198
 40
4.910475802252198
 40
4.910475802252198
 40
4.910475802252198
 40
5.910475802252198
 40
5.910475802252198
 40
5.910475802252198
 40
6.910475802252198
 40
6.910475802252198
 40
6.910475802252198
 40
7.910475802252198
 40
7.910475802252198
 40
7.910475802252198
 40
8.910475802252197
 40
8.910475802252197
 40
8.910475802252197
 40
9.910475802252197
 40
9.910475802252197
 40
9.910475802252197
 40
10.9104758022522
 40
10.9104758022522
 40
10.9104758022522
 40
14.66625548162638
 40
14.66625548162638
 40
14.66625548162638
 40
14.66625548162638
 10
60.63618527777778
 20
20.43027833333333
 30
0.0
 10
61.09597231481482
 20
20.43745148148148
 30
0.0
 10
61.55575935185185
 20
20.44462462962963
 30
0.0
 10
62.01554638888889
 20
20.45179777777777
 30
0.0
 10
62.00496305555555
 20
21.32633388888889
 30
0.0
 10
61.95910194444444
 20
21.22755611111111
 30
0.0
 10
61.94499083333334
 20
22.20157555555555
 30
0.0
 10
61.93087972222222
 20
23.17171444444444
 30
0.0
 10
61.98379638888888
 20
23.07611166666666
 30
0.0
 10
61.97321305555555
 20
23.95100055555555
 30
0.0
 10
63.63126861111111
 20
23.96863944444444
 30
0.0
 10
64.98946305555556
 20
22.64254777777778
 30
0.0
 10
65.0141575
 20
20.98766722222222
 30
0.0
 10
65.03532416666667
 20
18.98741722222222
 30
0.0
 10
68.49960194444444
 20
17.69272277777777
 30
0.0
 10
69.93187972222222
 20
16.29572277777778
 30
0.0
 10
71.12074083333333
 20
15.13861166666666
 30
0.0
 10
67.6811575
 20
12.06591722222222
 30
0.0
 10
66.52404638888889
 20
10.87705611111111
 30
0.0
 10
65.89962972222222
 20
11.48736166666666
 30
0.0
 10
65.9349075
 20
11.38505611111111
 30
0.0
 10
65.2364075
 20
12.06238944444444
 30
0.0
 10
64.54143527777778
 20
12.73972277777778
 30
0.0
 10
64.64374083333333
 20
12.71150055555555
 30
0.0
 10
64.01932416666666
 20
13.32215888888889
 30
0.0
 10
63.71123157407408
 20
13.00571722222222
 30
0.0
 10
63.40313898148148
 20
12.68927555555555
 30
0.0
 10
63.09504638888889
 20
12.37283388888889
 30
0.0
  0
POLYLINE
  5
F9
330
1F
100
AcDbEntity
  8
DEFAULT
 62
     7
100
AcDb2dPolyline
 66
     1
 10
0.0
 20
0.0
 30
0.0
  0
VERTEX
  5
FA
330
F9
100
AcDbEntity
  8
DEFAULT
 62
     7
100
AcDbVertex
100
AcDb2dVertex
 10
26.9113
 20
21.69770305555555
 30
0.0
  0
VERTEX
  5
FB
330
F9
100
AcDbEntity
  8
DEFAULT
 62
     7
100
AcDbVertex
100
AcDb2dVertex
 10
28.43882777777778
 20
21.69946694444444
 30
0.0
  0
SEQEND
  5
FC
330
F9
100
AcDbEntity
  8
DEFAULT
 62
     7
  0
POLYLINE
  5
FD
330
1F
100
AcDbEntity
  8
DEFAULT
 62
     7
100
AcDb2dPolyline
 66
     1
 10
0.0
 20
0.0
 30
0.0
  0
VERTEX
  5
FE
330
FD
100
AcDbEntity
  8
DEFAULT
 62
     7
100
AcDbVertex
100
AcDb2dVertex
 10
28.60904305555556
 20
23.86880333333333
 30
0.0
  0
VERTEX
  5
FF
330
FD
100
AcDbEntity
  8
DEFAULT
 62
     7
100
AcDbVertex
100
AcDb2dVertex
 10
28.11021527777778
 20
22.69899222222221
 30
0.0
  0
VERTEX
  5
100
330
FD
100
AcDbEntity
  8
DEFAULT
 62
     7
100
AcDbVertex
100
AcDb2dVertex
 10
27.6653625
 20
23.867745
 30
0.0
  0
VERTEX
  5
101
330
FD
100
AcDbEntity
  8
DEFAULT
 62
     7
100
AcDbVertex
100
AcDb2dVertex
 10
27.21204305555556
 20
22.69793388888888
 30
0.0
  0
VERTEX
  5
102
330
FD
100
AcDbEntity
  8
DEFAULT
 62
     7
100
AcDbVertex
100
AcDb2dVertex
 10
26.73614583333334
 20
23.86668666666666
 30
0.0
  0
SEQEND
  5
103
330
FD
100
AcDbEntity
  8
DEFAULT
 62
     7
  0
SPLINE
  5
104
330
1F
100
AcDbEntity
  8
DEFAULT
 62
     5
100
AcDbSpline
210
0.0
220
0.0
230
1.0
 70
     8
 71
     3
 72
    29
 73
    25
 74
     0
 42
0.000000001
 43
0.0000000001
 40
0.0
 40
0.0
 40
0.0
 40
0.0
 40
1.0
 40
1.0
 40
1.0
 40
2.0
 40
2.0
 40
2.0
 40
3.0
 40
3.0
 40
3.0
 40
4.0
 40
4.0
 40
4.0
 40
5.0
 40
5.0
 40
5.0
 40
6.0
 40
6.0
 40
6.0
 40
7.0
 40
7.0
 40
7.0
 40
8.0
 40
8.0
 40
8.0
 40
8.0
 10
26.22761666666667
 20
18.84722333333333
 30
0.0
 10
24.80909722222222
 20
18.84545944444444
 30
0.0
 10
19.58551666666666
 20
17.99279555555555
 30
0.0
 10
19.17488333333333
 20
18.80312611111111
 30
0.0
 10
18.76460277777778
 20
19.61345666666666
 30
0.0
 10
19.53048333333333
 20
21.14980388888889
 30
0.0
 10
18.58256944444445
 20
23.54163722222222
 30
0.0
 10
18.10490833333333
 20
24.74707888888888
 30
0.0
 10
18.77871388888889
 20
25.34080388888889
 30
0.0
 10
18.29999444444444
 20
26.56494277777778
 30
0.0
 10
18.075275
 20
27.13961777777777
 30
0.0
 10
20.45687777777778
 20
26.44252888888888
 30
0.0
 10
24.04709722222222
 20
27.36010388888888
 30
0.0
 10
25.27123611111111
 20
27.672665
 30
0.0
 10
25.86072777777778
 20
24.84056499999999
 30
0.0
 10
29.61216666666666
 20
24.35725944444444
 30
0.0
 10
31.01304722222222
 20
24.17663722222222
 30
0.0
 10
31.56655555555555
 20
22.13405388888889
 30
0.0
 10
33.74531111111111
 20
21.26974833333333
 30
0.0
 10
35.77978055555555
 20
20.46294555555555
 30
0.0
 10
35.50108611111111
 20
19.34181777777777
 30
0.0
 10
35.90678055555555
 20
18.28419
 30
0.0
 10
36.14349444444444
 20
17.66718166666666
 30
0.0
 10
35.91806944444444
 20
18.85780666666667
 30
0.0
 10
29.13097777777778
 20
18.85039833333333
 30
0.0
  0
SPLINE
  5
105
330
1F
100
AcDbEntity
  8
DEFAULT
 62
     1
100
AcDbSpline
210
0.0
220
0.0
230
1.0
 70
     8
 71
     3
 72
    35
 73
    31
 74
     0
 42
0.000000001
 43
0.0000000001
 40
0.0
 40
0.0
 40
0.0
 40
0.0
 40
1.0
 40
1.0
 40
1.0
 40
2.0
 40
2.0
 40
2.0
 40
3.0
 40
3.0
 40
3.0
 40
4.0
 40
4.0
 40
4.0
 40
5.0
 40
5.0
 40
5.0
 40
6.0
 40
6.0
 40
6.0
 40
7.0
 40
7.0
 40
7.0
 40
8.0
 40
8.0
 40
8.0
 40
9.0
 40
9.0
 40
9.0
 40
12.75999999999999
 40
12.75999999999999
 40
12.75999999999999
 40
12.75999999999999
 10
18.71920027777778
 20
27.67979111111111
 30
0.0
 10
27.08356138888889
 20
27.81772722222222
 30
0.0
 10
22.56800583333333
 20
29.89206055555555
 30
0.0
 10
26.25453361111111
 20
27.17884666666667
 30
0.0
 10
26.88953361111111
 20
26.70965222222222
 30
0.0
 10
27.22820027777777
 20
25.36239388888889
 30
0.0
 10
30.23033916666666
 20
24.97786611111111
 30
0.0
 10
32.28350583333334
 20
24.71681055555555
 30
0.0
 10
31.17578361111111
 20
23.05840222222222
 30
0.0
 10
34.47778361111111
 20
21.80956888888889
 30
0.0
 10
37.77978361111111
 20
20.55756055555555
 30
0.0
 10
37.00014472222222
 20
19.94337444444444
 30
0.0
 10
37.46581138888889
 20
18.34176333333333
 30
0.0
 10
37.79389472222222
 20
17.20934666666667
 30
0.0
 10
38.52767249999999
 20
15.00131055555556
 30
0.0
 10
36.9542836111111
 20
16.19334666666667
 30
0.0
 10
35.38795027777777
 20
17.37903277777778
 30
0.0
 10
31.72611694444444
 20
17.11056888888889
 30
0.0
 10
29.18258916666667
 20
17.10033833333333
 30
0.0
 10
29.18258916666667
 20
17.97487444444444
 30
0.0
 10
29.13320027777778
 20
17.87609666666667
 30
0.0
 10
29.1296725
 20
18.85011611111111
 30
0.0
 10
29.1296725
 20
19.33342166666667
 30
0.0
 10
29.14378361111111
 20
19.55179111111111
 30
0.0
 10
29.15083916666666
 20
19.75640222222222
 30
0.0
 10
29.16847805555555
 20
19.96489388888889
 30
0.0
 10
29.17906138888889
 20
20.15892166666666
 30
0.0
 10
29.17906138888889
 20
20.59989388888889
 30
0.0
 10
28.73691324074074
 20
20.59989388888889
 30
0.0
 10
28.29476509259259
 20
20.59989388888889
 30
0.0
 10
27.85261694444445
 20
20.59989388888889
 30
0.0
  0
SPLINE
  5
106
330
1F
100
AcDbEntity
  8
DEFAULT
 62
     1
100
AcDbSpline
210
0.0
220
0.0
230
1.0
 70
     8
 71
     3
 72
    26
 73
    22
 74
     0
 42
0.000000001
 43
0.0000000001
 40
0.0
 40
0.0
 40
0.0
 40
0.0
 40
1.0
 40
1.0
 40
1.0
 40
2.0
 40
2.0
 40
2.0
 40
3.0
 40
3.0
 40
3.0
 40
4.0
 40
4.0
 40
4.0
 40
5.0
 40
5.0
 40
5.0
 40
6.0
 40
6.0
 40
6.0
 40
9.759999999999991
 40
9.759999999999991
 40
9.759999999999991
 40
9.759999999999991
 10
18.36987972222222
 20
27.67287666666667
 30
0.0
 10
15.95687972222222
 20
27.62348777777778
 30
0.0
 10
17.93949083333333
 20
27.20015444444444
 30
0.0
 10
16.96582416666667
 20
25.36923777777778
 30
0.0
 10
15.97099083333333
 20
23.50304333333333
 30
0.0
 10
17.79132416666667
 20
22.38473777777778
 30
0.0
 10
17.38210194444444
 20
20.28571
 30
0.0
 10
16.93407416666667
 20
18.00323777777778
 30
0.0
 10
17.01874083333333
 20
16.97665444444445
 30
0.0
 10
19.31532416666666
 20
16.77204333333333
 30
0.0
 10
20.92399083333333
 20
16.62387666666667
 30
0.0
 10
23.98962972222222
 20
17.09307111111111
 30
0.0
 10
26.1839075
 20
17.09659888888889
 30
0.0
 10
26.1839075
 20
17.97148777777778
 30
0.0
 10
26.22976861111111
 20
17.87271
 30
0.0
 10
26.22624083333333
 20
18.84602388888889
 30
0.0
 10
26.22976861111111
 20
19.81298777777778
 30
0.0
 10
26.17685194444444
 20
19.72126555555555
 30
0.0
 10
26.17685194444444
 20
20.59615444444444
 30
0.0
 10
26.61900009259259
 20
20.59615444444444
 30
0.0
 10
27.06114824074074
 20
20.59615444444444
 30
0.0
 10
27.50329638888888
 20
20.59615444444444
 30
0.0
  0
POLYLINE
  5
107
330
1F
100
AcDbEntity
  8
DEFAULT
 62
     7
100
AcDb2dPolyline
 66
     1
 10
0.0
 20
0.0
 30
0.0
  0
VERTEX
  5
108
330
107
100
AcDbEntity
  8
DEFAULT
 62
     7
100
AcDbVertex
100
AcDb2dVertex
 10
14.38338499999999
 20
51.72138499999998
 30
0.0
  0
VERTEX
  5
109
330
107
100
AcDbEntity
  8
DEFAULT
 62
     7
100
AcDbVertex
100
AcDb2dVertex
 10
15.82871555555555
 20
52.21527388888887
 30
0.0
  0
SEQEND
  5
10A
330
107
100
AcDbEntity
  8
DEFAULT
 62
     7
  0
SPLINE
  5
10B
330
1F
100
AcDbEntity
  8
DEFAULT
 62
     7
100
AcDbSpline
210
0.0
220
0.0
230
1.0
 70
     8
 71
     3
 72
    14
 73
    10
 74
     0
 42
0.000000001
 43
0.0000000001
 40
0.0
 40
0.0
 40
0.0
 40
0.0
 40
1.0
 40
1.0
 40
1.0
 40
1.030675723300356
 40
1.030675723300356
 40
1.030675723300356
 40
2.030675723300356
 40
2.030675723300356
 40
2.030675723300356
 40
2.030675723300356
 10
13.85612333333333
 20
54.10813833333333
 30
0.0
 10
13.85612333333333
 20
54.10813833333333
 30
0.0
 10
14.69502888888889
 20
53.03710499999999
 30
0.0
 10
14.775815
 20
52.91222166666667
 30
0.0
 10
14.77922518518518
 20
52.9133975925926
 30
0.0
 10
14.78263537037037
 20
52.91457351851852
 30
0.0
 10
14.78604555555555
 20
52.91574944444444
 30
0.0
 10
14.77722611111111
 20
53.06532722222222
 30
0.0
 10
14.78498722222222
 20
54.42563833333333
 30
0.0
 10
14.78498722222222
 20
54.42563833333333
 30
0.0
  0
POLYLINE
  5
10C
330
1F
100
AcDbEntity
  8
DEFAULT
 62
     7
100
AcDb2dPolyline
 66
     1
 10
0.0
 20
0.0
 30
0.0
  0
VERTEX
  5
10D
330
10C
100
AcDbEntity
  8
DEFAULT
 62
     7
100
AcDbVertex
100
AcDb2dVertex
 10
15.810865
 20
69.11255333333334
 30
0.0
  0
VERTEX
  5
10E
330
10C
100
AcDbEntity
  8
DEFAULT
 62
     7
100
AcDbVertex
100
AcDb2dVertex
 10
14.36447611111111
 20
69.60362
 30
0.0
  0
SEQEND
  5
10F
330
10C
100
AcDbEntity
  8
DEFAULT
 62
     7
  0
SPLINE
  5
110
330
1F
100
AcDbEntity
  8
DEFAULT
 62
     7
100
AcDbSpline
210
0.0
220
0.0
230
1.0
 70
     8
 71
     3
 72
    14
 73
    10
 74
     0
 42
0.000000001
 43
0.0000000001
 40
0.0
 40
0.0
 40
0.0
 40
0.0
 40
1.0
 40
1.0
 40
1.0
 40
1.030675723300366
 40
1.030675723300366
 40
1.030675723300366
 40
2.030675723300366
 40
2.030675723300366
 40
2.030675723300366
 40
2.030675723300366
 10
14.77214611111111
 20
66.89979
 30
0.0
 10
14.77214611111111
 20
66.89979
 30
0.0
 10
14.76085722222222
 20
68.26045388888889
 30
0.0
 10
14.77320444444444
 20
68.40862055555554
 30
0.0
 10
14.76979425925926
 20
68.40979648148148
 30
0.0
 10
14.76638407407407
 20
68.41097240740741
 30
0.0
 10
14.76297388888889
 20
68.41214833333333
 30
0.0
 10
14.67901277777778
 20
68.28867611111112
 30
0.0
 10
13.84257666666667
 20
67.21552611111112
 30
0.0
 10
13.84257666666667
 20
67.21552611111112
 30
0.0
  0
POLYLINE
  5
111
330
1F
100
AcDbEntity
  8
DEFAULT
 62
     7
100
AcDb2dPolyline
 66
     1
 10
0.0
 20
0.0
 30
0.0
  0
VERTEX
  5
112
330
111
100
AcDbEntity
  8
DEFAULT
 62
     7
100
AcDbVertex
100
AcDb2dVertex
 10
12.91251333333333
 20
64.92158861111109
 30
0.0
  0
VERTEX
  5
113
330
111
100
AcDbEntity
  8
DEFAULT
 62
     7
100
AcDbVertex
100
AcDb2dVertex
 10
12.91427722222222
 20
63.3944136111111
 30
0.0
  0
SEQEND
  5
114
330
111
100
AcDbEntity
  8
DEFAULT
 62
     7
  0
SPLINE
  5
115
330
1F
100
AcDbEntity
  8
DEFAULT
 62
     7
100
AcDbSpline
210
0.0
220
0.0
230
1.0
 70
     8
 71
     3
 72
    20
 73
    16
 74
     0
 42
0.000000001
 43
0.0000000001
 40
0.0
 40
0.0
 40
0.0
 40
0.0
 40
1.0
 40
1.0
 40
1.0
 40
1.672910841048052
 40
1.672910841048052
 40
1.672910841048052
 40
2.672910841048052
 40
2.672910841048052
 40
2.672910841048052
 40
3.672910841048052
 40
3.672910841048052
 40
3.672910841048052
 40
6.078912711371514
 40
6.078912711371514
 40
6.078912711371514
 40
6.078912711371514
 10
15.39815027777778
 20
63.67653
 30
0.0
 10
15.39815027777778
 20
63.67653
 30
0.0
 10
14.06076972222222
 20
63.67194388888888
 30
0.0
 10
13.9468225
 20
63.66277166666667
 30
0.0
 10
14.02584472222222
 20
63.66688740740741
 30
0.0
 10
14.10486694444444
 20
63.67100314814815
 30
0.0
 10
14.18388916666667
 20
63.67511888888889
 30
0.0
 10
14.06676694444444
 20
63.74391055555556
 30
0.0
 10
13.91366138888889
 20
63.89666333333333
 30
0.0
 10
13.91330861111111
 20
64.15454388888888
 30
0.0
 10
13.91330861111111
 20
64.38243833333334
 30
0.0
 10
14.03854472222222
 20
64.65548833333334
 30
0.0
 10
14.54830861111111
 20
64.65584111111112
 30
0.0
 10
14.83123638888889
 20
64.6561938888889
 30
0.0
 10
15.11416416666666
 20
64.65654666666667
 30
0.0
 10
15.39709194444444
 20
64.65689944444445
 30
0.0
  0
POLYLINE
  5
116
330
1F
100
AcDbEntity
  8
DEFAULT
 62
     7
100
AcDb2dPolyline
 66
     1
 10
0.0
 20
0.0
 30
0.0
  0
VERTEX
  5
117
330
116
100
AcDbEntity
  8
DEFAULT
 62
     7
100
AcDbVertex
100
AcDb2dVertex
 10
12.92041555555555
 20
57.92632277777778
 30
0.0
  0
VERTEX
  5
118
330
116
100
AcDbEntity
  8
DEFAULT
 62
     7
100
AcDbVertex
100
AcDb2dVertex
 10
12.92217944444444
 20
56.39879499999999
 30
0.0
  0
SEQEND
  5
119
330
116
100
AcDbEntity
  8
DEFAULT
 62
     7
  0
SPLINE
  5
11A
330
1F
100
AcDbEntity
  8
DEFAULT
 62
     7
100
AcDbSpline
210
0.0
220
0.0
230
1.0
 70
     8
 71
     3
 72
    20
 73
    16
 74
     0
 42
0.000000001
 43
0.0000000001
 40
0.0
 40
0.0
 40
0.0
 40
0.0
 40
1.0
 40
1.0
 40
1.0
 40
1.672910841048052
 40
1.672910841048052
 40
1.672910841048052
 40
2.672910841048052
 40
2.672910841048052
 40
2.672910841048052
 40
3.672910841048052
 40
3.672910841048052
 40
3.672910841048052
 40
6.078912711371514
 40
6.078912711371514
 40
6.078912711371514
 40
6.078912711371514
 10
15.4060525
 20
56.68126416666667
 30
0.0
 10
15.4060525
 20
56.68126416666667
 30
0.0
 10
14.06867194444444
 20
56.67632527777777
 30
0.0
 10
13.95472472222222
 20
56.66750583333334
 30
0.0
 10
14.03374694444444
 20
56.67162157407407
 30
0.0
 10
14.11276916666666
 20
56.67573731481482
 30
0.0
 10
14.19179138888889
 20
56.67985305555555
 30
0.0
 10
14.07466916666666
 20
56.74829194444444
 30
0.0
 10
13.92156361111111
 20
56.90139749999999
 30
0.0
 10
13.92156361111111
 20
57.15892527777778
 30
0.0
 10
13.92121083333333
 20
57.3871725
 30
0.0
 10
14.04644694444444
 20
57.65986972222222
 30
0.0
 10
14.55621083333333
 20
57.66057527777777
 30
0.0
 10
14.83913861111111
 20
57.66092805555555
 30
0.0
 10
15.12206638888889
 20
57.66128083333333
 30
0.0
 10
15.40499416666666
 20
57.66163361111111
 30
0.0
  0
SPLINE
  5
11B
330
1F
100
AcDbEntity
  8
DEFAULT
 62
     5
100
AcDbSpline
210
0.0
220
0.0
230
1.0
 70
     8
 71
     3
 72
    11
 73
     7
 74
     0
 42
0.000000001
 43
0.0000000001
 40
0.0
 40
0.0
 40
0.0
 40
0.0
 40
1.0
 40
1.0
 40
1.0
 40
2.0
 40
2.0
 40
2.0
 40
2.0
 10
10.11403305555555
 20
62.64024527777778
 30
0.0
 10
10.11756083333333
 20
59.43525916666666
 30
0.0
 10
13.81467194444444
 20
63.11261472222222
 30
0.0
 10
13.81749416666666
 20
60.66222027777778
 30
0.0
 10
13.81996361111111
 20
58.21112027777777
 30
0.0
 10
10.11473861111111
 20
61.88000916666667
 30
0.0
 10
10.11861916666667
 20
58.67537583333333
 30
0.0
  0
SPLINE
  5
11C
330
1F
100
AcDbEntity
  8
DEFAULT
 62
     5
100
AcDbSpline
210
0.0
220
0.0
230
1.0
 70
     8
 71
     3
 72
    14
 73
    10
 74
     0
 42
0.000000001
 43
0.0000000001
 40
0.0
 40
0.0
 40
0.0
 40
0.0
 40
1.0
 40
1.0
 40
1.0
 40
2.0
 40
2.0
 40
2.0
 40
3.0
 40
3.0
 40
3.0
 40
3.0
 10
14.62884777777778
 20
72.52338527777778
 30
0.0
 10
11.41927555555555
 20
73.42861305555556
 30
0.0
 10
9.057781111111108
 20
73.59194916666667
 30
0.0
 10
8.38926722222222
 20
73.5912436111111
 30
0.0
 10
7.590578333333331
 20
73.59018527777778
 30
0.0
 10
7.501325555555554
 20
71.92648527777777
 30
0.0
 10
8.041075555555555
 20
71.66966305555556
 30
0.0
 10
8.850700555555553
 20
71.28442972222221
 30
0.0
 10
10.05402555555555
 20
69.49478805555555
 30
0.0
 10
10.05825888888889
 20
65.60894083333334
 30
0.0
  0
SPLINE
  5
11D
330
1F
100
AcDbEntity
  8
DEFAULT
 62
     5
100
AcDbSpline
210
0.0
220
0.0
230
1.0
 70
     8
 71
     3
 72
    23
 73
    19
 74
     0
 42
0.000000001
 43
0.0000000001
 40
0.0
 40
0.0
 40
0.0
 40
0.0
 40
1.0
 40
1.0
 40
1.0
 40
2.0
 40
2.0
 40
2.0
 40
3.0
 40
3.0
 40
3.0
 40
4.0
 40
4.0
 40
4.0
 40
5.0
 40
5.0
 40
5.0
 40
6.0
 40
6.0
 40
6.0
 40
6.0
 10
17.37596361111111
 20
71.59166388888889
 30
0.0
 10
19.09998861111111
 20
71.10271388888889
 30
0.0
 10
21.50663861111111
 20
69.99887222222222
 30
0.0
 10
22.73324694444444
 20
69.66479166666667
 30
0.0
 10
23.96020805555555
 20
69.33071111111111
 30
0.0
 10
23.1244775
 20
68.63961944444445
 30
0.0
 10
22.16598027777778
 20
66.28165277777778
 30
0.0
 10
21.16268027777778
 20
63.81361944444444
 30
0.0
 10
22.26017194444444
 20
63.2124861111111
 30
0.0
 10
22.26299416666667
 20
60.67248611111111
 30
0.0
 10
22.26581638888889
 20
58.13283888888888
 30
0.0
 10
21.17008861111111
 20
57.52711944444444
 30
0.0
 10
22.17903305555555
 20
55.06155555555556
 30
0.0
 10
23.14282194444444
 20
52.70570555555555
 30
0.0
 10
23.97961083333333
 20
52.01637777777778
 30
0.0
 10
22.75370805555555
 20
51.679475
 30
0.0
 10
21.52780527777778
 20
51.342925
 30
0.0
 10
19.1239775
 20
50.23308611111111
 30
0.0
 10
17.40065805555555
 20
49.74060833333333
 30
0.0
  0
SPLINE
  5
11E
330
1F
100
AcDbEntity
  8
DEFAULT
 62
     5
100
AcDbSpline
210
0.0
220
0.0
230
1.0
 70
     8
 71
     3
 72
    14
 73
    10
 74
     0
 42
0.000000001
 43
0.0000000001
 40
0.0
 40
0.0
 40
0.0
 40
0.0
 40
1.0
 40
1.0
 40
1.0
 40
2.0
 40
2.0
 40
2.0
 40
3.0
 40
3.0
 40
3.0
 40
3.0
 10
14.65590583333333
 20
48.80236055555555
 30
0.0
 10
11.44845027777778
 20
47.88972444444445
 30
0.0
 10
9.08730861111111
 20
47.72109666666666
 30
0.0
 10
8.418794722222222
 20
47.72039111111111
 30
0.0
 10
7.620105833333333
 20
47.71968555555556
 30
0.0
 10
7.526972499999999
 20
49.38303277777777
 30
0.0
 10
8.066369722222221
 20
49.6412661111111
 30
0.0
 10
8.87458361111111
 20
50.02826333333333
 30
0.0
 10
10.07402805555556
 20
51.82072722222222
 30
0.0
 10
10.06979472222222
 20
55.70657444444444
 30
0.0
  0
SPLINE
  5
11F
330
1F
100
AcDbEntity
  8
DEFAULT
 62
     1
100
AcDbSpline
210
0.0
220
0.0
230
1.0
 70
     8
 71
     3
 72
    53
 73
    49
 74
     0
 42
0.000000001
 43
0.0000000001
 40
0.0
 40
0.0
 40
0.0
 40
0.0
 40
1.009999999999998
 40
1.009999999999998
 40
1.009999999999998
 40
9.510005882350905
 40
9.510005882350905
 40
9.510005882350905
 40
10.5100058823509
 40
10.5100058823509
 40
10.5100058823509
 40
11.5100058823509
 40
11.5100058823509
 40
11.5100058823509
 40
12.5100058823509
 40
12.5100058823509
 40
12.5100058823509
 40
13.5100058823509
 40
13.5100058823509
 40
13.5100058823509
 40
14.5100058823509
 40
14.5100058823509
 40
14.5100058823509
 40
15.5100058823509
 40
15.5100058823509
 40
15.5100058823509
 40
16.5100058823509
 40
16.5100058823509
 40
16.5100058823509
 40
25.0073054533911
 40
25.0073054533911
 40
25.0073054533911
 40
26.0073054533911
 40
26.0073054533911
 40
26.0073054533911
 40
27.0073054533911
 40
27.0073054533911
 40
27.0073054533911
 40
28.0073054533911
 40
28.0073054533911
 40
28.0073054533911
 40
29.0073054533911
 40
29.0073054533911
 40
29.0073054533911
 40
37.50731133574198
 40
37.50731133574198
 40
37.50731133574198
 40
38.50731133574198
 40
38.50731133574198
 40
38.50731133574198
 40
38.50731133574198
 10
8.319311388888888
 20
60.56598249999999
 30
0.0
 10
8.319311388888888
 20
58.65745472222222
 30
0.0
 10
8.372228055555555
 20
58.65745472222222
 30
0.0
 10
11.81886694444444
 20
58.66098249999999
 30
0.0
 10
11.82004287037037
 20
57.66144546296295
 30
0.0
 10
11.82121879629629
 20
56.66190842592592
 30
0.0
 10
11.82239472222222
 20
55.66237138888888
 30
0.0
 10
10.94397805555555
 20
55.66237138888888
 30
0.0
 10
11.03922805555555
 20
55.70787972222222
 30
0.0
 10
10.06908916666667
 20
55.70787972222222
 30
0.0
 10
9.0954225
 20
55.70470472222222
 30
0.0
 10
9.194200277777776
 20
55.65884361111111
 30
0.0
 10
8.322839166666666
 20
55.65884361111111
 30
0.0
 10
8.322839166666666
 20
55.03407416666666
 30
0.0
 10
7.895978055555555
 20
52.24007416666666
 30
0.0
 10
6.862339166666667
 20
51.28404638888888
 30
0.0
 10
5.825172499999999
 20
50.32801861111111
 30
0.0
 10
5.849866944444444
 20
51.66539916666667
 30
0.0
 10
5.938061388888888
 20
47.34704638888888
 30
0.0
 10
5.983922499999999
 20
45.13548249999999
 30
0.0
 10
10.54181138888889
 20
45.80928805555555
 30
0.0
 10
15.17378361111111
 20
47.13220472222221
 30
0.0
 10
14.89156138888889
 20
47.95770472222221
 30
0.0
 10
14.9691725
 20
47.8800936111111
 30
0.0
 10
14.65520027777777
 20
48.80049083333333
 30
0.0
 10
14.34122805555555
 20
49.7215936111111
 30
0.0
 10
14.32711694444444
 20
49.61576027777777
 30
0.0
 10
14.04489472222222
 20
50.44126027777778
 30
0.0
 10
14.99033916666666
 20
50.76463990740741
 30
0.0
 10
15.93578361111111
 20
51.08801953703703
 30
0.0
 10
16.88122805555555
 20
51.41139916666666
 30
0.0
 10
17.16345027777777
 20
50.58589916666666
 30
0.0
 10
17.08583916666666
 20
50.65998249999999
 30
0.0
 10
17.39981138888889
 20
49.73923249999999
 30
0.0
 10
17.71378361111111
 20
48.8184825
 30
0.0
 10
17.7314225
 20
48.9278436111111
 30
0.0
 10
18.01364472222222
 20
48.1023436111111
 30
0.0
 10
21.3509225
 20
49.17478805555555
 30
0.0
 10
24.22253361111111
 20
50.2613436111111
 30
0.0
 10
24.79403361111111
 20
50.35659361111111
 30
0.0
 10
26.28628361111111
 20
50.61024083333333
 30
0.0
 10
24.2719225
 20
53.89142694444444
 30
0.0
 10
24.26839472222222
 20
55.6764825
 30
0.0
 10
24.26721879629629
 20
56.67601953703704
 30
0.0
 10
24.26604287037037
 20
57.67555657407407
 30
0.0
 10
24.26486694444445
 20
58.6750936111111
 30
0.0
 10
24.64233916666667
 20
58.6750936111111
 30
0.0
 10
24.94925583333333
 20
59.4720186111111
 30
0.0
 10
24.98100583333333
 20
60.49542694444444
 30
0.0
  0
SPLINE
  5
120
330
1F
100
AcDbEntity
  8
DEFAULT
 62
     1
100
AcDbSpline
210
0.0
220
0.0
230
1.0
 70
     8
 71
     3
 72
    56
 73
    52
 74
     0
 42
0.000000001
 43
0.0000000001
 40
0.0
 40
0.0
 40
0.0
 40
0.0
 40
1.0
 40
1.0
 40
1.0
 40
9.510005882350905
 40
9.510005882350905
 40
9.510005882350905
 40
10.5100058823509
 40
10.5100058823509
 40
10.5100058823509
 40
11.5100058823509
 40
11.5100058823509
 40
11.5100058823509
 40
12.5100058823509
 40
12.5100058823509
 40
12.5100058823509
 40
13.5100058823509
 40
13.5100058823509
 40
13.5100058823509
 40
14.5100058823509
 40
14.5100058823509
 40
14.5100058823509
 40
15.5100058823509
 40
15.5100058823509
 40
15.5100058823509
 40
16.5100058823509
 40
16.5100058823509
 40
16.5100058823509
 40
25.01032352347468
 40
25.01032352347468
 40
25.01032352347468
 40
26.01032352347468
 40
26.01032352347468
 40
26.01032352347468
 40
27.01032352347468
 40
27.01032352347468
 40
27.01032352347468
 40
28.01032352347468
 40
28.01032352347468
 40
28.01032352347468
 40
29.01032352347468
 40
29.01032352347468
 40
29.01032352347468
 40
30.01032352347468
 40
30.01032352347468
 40
30.01032352347468
 40
38.51032940582559
 40
38.51032940582559
 40
38.51032940582559
 40
39.51032940582559
 40
39.51032940582559
 40
39.51032940582559
 40
39.51032940582559
 10
8.319311388888888
 20
60.91876027777777
 30
0.0
 10
8.322839166666666
 20
62.65442694444443
 30
0.0
 10
8.478061388888888
 20
62.65442694444443
 30
0.0
 10
11.81533916666667
 20
62.65795472222221
 30
0.0
 10
11.81416324074074
 20
63.65749175925924
 30
0.0
 10
11.81298731481481
 20
64.65702879629629
 30
0.0
 10
11.80828361111111
 20
65.65656583333333
 30
0.0
 10
10.93339472222222
 20
65.65656583333333
 30
0.0
 10
11.02864472222222
 20
65.60717694444443
 30
0.0
 10
10.05850583333333
 20
65.60329638888888
 30
0.0
 10
9.084839166666665
 20
65.60329638888888
 30
0.0
 10
9.183616944444443
 20
65.65303805555554
 30
0.0
 10
8.312255833333333
 20
65.65303805555554
 30
0.0
 10
8.312255833333333
 20
66.27710194444444
 30
0.0
 10
7.878339166666666
 20
69.07110194444444
 30
0.0
 10
6.841172499999999
 20
70.02395472222221
 30
0.0
 10
5.800478055555555
 20
70.97645472222221
 30
0.0
 10
5.828700277777778
 20
69.63942694444444
 30
0.0
 10
5.906311388888889
 20
73.95742694444444
 30
0.0
 10
5.948644722222222
 20
76.1693436111111
 30
0.0
 10
10.50653361111111
 20
75.50612138888887
 30
0.0
 10
15.14556138888889
 20
74.19731583333333
 30
0.0
 10
14.86333916666667
 20
73.36828805555554
 30
0.0
 10
14.94095027777778
 20
73.44589916666665
 30
0.0
 10
14.63050583333333
 20
72.52514916666667
 30
0.0
 10
14.31653361111111
 20
71.60439916666665
 30
0.0
 10
14.3024225
 20
71.71023249999999
 30
0.0
 10
14.02020027777778
 20
70.88120472222222
 30
0.0
 10
14.96682064814815
 20
70.56017694444444
 30
0.0
 10
15.91344101851852
 20
70.23914916666666
 30
0.0
 10
16.86006138888889
 20
69.91812138888888
 30
0.0
 10
17.0011725
 20
70.33087138888888
 30
0.0
 10
17.05408916666667
 20
70.52137138888888
 30
0.0
 10
17.10700583333333
 20
70.72245472222221
 30
0.0
 10
17.1599225
 20
70.92001027777776
 30
0.0
 10
17.21989472222222
 20
71.13167694444444
 30
0.0
 10
17.37511694444445
 20
71.59028805555555
 30
0.0
 10
17.68908916666667
 20
72.51456583333332
 30
0.0
 10
17.70320027777777
 20
72.40520472222221
 30
0.0
 10
17.98542249999999
 20
73.23423249999999
 30
0.0
 10
21.32622805555555
 20
72.16884361111111
 30
0.0
 10
24.19783916666666
 20
71.08581583333333
 30
0.0
 10
24.76933916666666
 20
70.99056583333333
 30
0.0
 10
26.26158916666667
 20
70.74362138888888
 30
0.0
 10
24.25428361111111
 20
67.45537972222222
 30
0.0
 10
24.25781138888889
 20
65.67067694444444
 30
0.0
 10
24.25898731481481
 20
64.67113990740741
 30
0.0
 10
24.26016324074074
 20
63.67160287037037
 30
0.0
 10
24.26133916666667
 20
62.67206583333333
 30
0.0
 10
24.63881138888889
 20
62.67206583333333
 30
0.0
 10
24.94572805555555
 20
61.87126027777776
 30
0.0
 10
24.98100583333333
 20
60.84467694444444
 30
0.0
  0
POLYLINE
  5
121
330
1F
100
AcDbEntity
  8
DEFAULT
 62
     7
100
AcDb2dPolyline
 66
     1
 10
0.0
 20
0.0
 30
0.0
  0
VERTEX
  5
122
330
121
100
AcDbEntity
  8
DEFAULT
 62
     7
100
AcDbVertex
100
AcDb2dVertex
 10
72.93310138888889
 20
24.21262055555556
 30
0.0
  0
VERTEX
  5
123
330
121
100
AcDbEntity
  8
DEFAULT
 62
     7
100
AcDbVertex
100
AcDb2dVertex
 10
71.44825972222222
 20
23.8549038888889
 30
0.0
  0
SEQEND
  5
124
330
121
100
AcDbEntity
  8
DEFAULT
 62
     7
  0
SPLINE
  5
125
330
1F
100
AcDbEntity
  8
DEFAULT
 62
     7
100
AcDbSpline
210
0.0
220
0.0
230
1.0
 70
     8
 71
     3
 72
    20
 73
    16
 74
     0
 42
0.000000001
 43
0.0000000001
 40
0.0
 40
0.0
 40
0.0
 40
0.0
 40
1.0
 40
1.0
 40
1.0
 40
1.671443221724671
 40
1.671443221724671
 40
1.671443221724671
 40
2.671443221724672
 40
2.671443221724672
 40
2.671443221724672
 40
3.671443221724672
 40
3.671443221724672
 40
3.671443221724672
 40
6.07724662183865
 40
6.07724662183865
 40
6.07724662183865
 40
6.07724662183865
 10
72.30145277777777
 20
21.50547444444444
 30
0.0
 10
72.30145277777777
 20
21.50547444444444
 30
0.0
 10
71.9853638888889
 20
22.80510777777778
 30
0.0
 10
71.9500861111111
 20
22.91341055555555
 30
0.0
 10
71.9724287037037
 20
22.83768092592592
 30
0.0
 10
71.99477129629629
 20
22.76195129629629
 30
0.0
 10
72.01711388888889
 20
22.68622166666666
 30
0.0
 10
72.056625
 20
22.81604388888888
 30
0.0
 10
72.16951388888889
 20
23.00019388888889
 30
0.0
 10
72.42033888888888
 20
23.06051888888889
 30
0.0
 10
72.64188333333333
 20
23.11414111111111
 30
0.0
 10
72.93680555555555
 20
23.05558
 30
0.0
 10
73.05604444444444
 20
22.55992722222222
 30
0.0
 10
73.12224907407406
 20
22.28487814814814
 30
0.0
 10
73.18845370370369
 20
22.00982907407407
 30
0.0
 10
73.25465833333332
 20
21.73478
 30
0.0
  0
POLYLINE
  5
126
330
1F
100
AcDbEntity
  8
DEFAULT
 62
     7
100
AcDb2dPolyline
 66
     1
 10
0.0
 20
0.0
 30
0.0
  0
VERTEX
  5
127
330
126
100
AcDbEntity
  8
DEFAULT
 62
     7
100
AcDbVertex
100
AcDb2dVertex
 10
80.51595388888887
 20
21.67117416666666
 30
0.0
  0
VERTEX
  5
128
330
126
100
AcDbEntity
  8
DEFAULT
 62
     7
100
AcDbVertex
100
AcDb2dVertex
 10
80.51418999999999
 20
23.19834916666666
 30
0.0
  0
SEQEND
  5
129
330
126
100
AcDbEntity
  8
DEFAULT
 62
     7
  0
SPLINE
  5
12A
330
1F
100
AcDbEntity
  8
DEFAULT
 62
     7
100
AcDbSpline
210
0.0
220
0.0
230
1.0
 70
     8
 71
     3
 72
    11
 73
     7
 74
     0
 42
0.000000001
 43
0.0000000001
 40
0.0
 40
0.0
 40
0.0
 40
0.0
 40
2.641127410785054
 40
2.641127410785054
 40
2.641127410785054
 40
3.641127410785054
 40
3.641127410785054
 40
3.641127410785054
 40
3.641127410785054
 10
79.51480583333333
 20
22.65718805555555
 30
0.0
 10
79.25316231481482
 20
22.48985379629629
 30
0.0
 10
78.99151879629629
 20
22.32251953703703
 30
0.0
 10
78.72987527777777
 20
22.15518527777777
 30
0.0
 10
78.67872249999999
 20
22.19152138888889
 30
0.0
 10
78.06347805555555
 20
22.70904638888889
 30
0.0
 10
78.06347805555555
 20
22.70904638888889
 30
0.0
  0
POLYLINE
  5
12B
330
1F
100
AcDbEntity
  8
DEFAULT
 62
     7
100
AcDb2dPolyline
 66
     1
 10
0.0
 20
0.0
 30
0.0
  0
VERTEX
  5
12C
330
12B
100
AcDbEntity
  8
DEFAULT
 62
     7
100
AcDbVertex
100
AcDb2dVertex
 10
79.51547611111111
 20
22.15624361111111
 30
0.0
  0
VERTEX
  5
12D
330
12B
100
AcDbEntity
  8
DEFAULT
 62
     7
100
AcDbVertex
100
AcDb2dVertex
 10
77.386815
 20
22.15377416666666
 30
0.0
  0
SEQEND
  5
12E
330
12B
100
AcDbEntity
  8
DEFAULT
 62
     7
  0
POLYLINE
  5
12F
330
1F
100
AcDbEntity
  8
DEFAULT
 62
     7
100
AcDb2dPolyline
 66
     1
 10
0.0
 20
0.0
 30
0.0
  0
VERTEX
  5
130
330
12F
100
AcDbEntity
  8
DEFAULT
 62
     7
100
AcDbVertex
100
AcDb2dVertex
 10
72.99494333333331
 20
41.7950297222222
 30
0.0
  0
VERTEX
  5
131
330
12F
100
AcDbEntity
  8
DEFAULT
 62
     7
100
AcDbVertex
100
AcDb2dVertex
 10
72.25975444444443
 20
43.13382138888888
 30
0.0
  0
SEQEND
  5
132
330
12F
100
AcDbEntity
  8
DEFAULT
 62
     7
  0
POLYLINE
  5
133
330
1F
100
AcDbEntity
  8
DEFAULT
 62
     7
100
AcDb2dPolyline
 66
     1
 10
0.0
 20
0.0
 30
0.0
  0
VERTEX
  5
134
330
133
100
AcDbEntity
  8
DEFAULT
 62
     7
100
AcDbVertex
100
AcDb2dVertex
 10
70.18376305555556
 20
41.47876444444444
 30
0.0
  0
VERTEX
  5
135
330
133
100
AcDbEntity
  8
DEFAULT
 62
     7
100
AcDbVertex
100
AcDb2dVertex
 10
69.8560325
 20
41.298495
 30
0.0
  0
SEQEND
  5
136
330
133
100
AcDbEntity
  8
DEFAULT
 62
     7
  0
SPLINE
  5
137
330
1F
100
AcDbEntity
  8
DEFAULT
 62
     7
100
AcDbSpline
210
0.0
220
0.0
230
1.0
 70
     8
 71
     3
 72
    14
 73
    10
 74
     0
 42
0.000000001
 43
0.0000000001
 40
0.0
 40
0.0
 40
0.0
 40
0.0
 40
2.150453440556198
 40
2.150453440556198
 40
2.150453440556198
 40
3.150453440556198
 40
3.150453440556198
 40
3.150453440556198
 40
4.150453440556198
 40
4.150453440556198
 40
4.150453440556198
 40
4.150453440556198
 10
70.35997555555555
 20
41.57556666666666
 30
0.0
 10
70.58163759259259
 20
41.697275
 30
0.0
 10
70.80329962962962
 20
41.81898333333333
 30
0.0
 10
71.02496166666666
 20
41.94069166666667
 30
0.0
 10
71.24756444444444
 20
42.06275277777777
 30
0.0
 10
71.410195
 20
42.103675
 30
0.0
 10
71.57811722222222
 20
42.04723055555555
 30
0.0
 10
71.72698944444444
 20
41.99607777777777
 30
0.0
 10
71.85575333333334
 20
41.84932222222222
 30
0.0
 10
71.88503388888888
 20
41.70045
 30
0.0
  0
SPLINE
  5
138
330
1F
100
AcDbEntity
  8
DEFAULT
 62
     1
100
AcDbSpline
210
0.0
220
0.0
230
1.0
 70
     8
 71
     3
 72
    65
 73
    61
 74
     0
 42
0.000000001
 43
0.0000000001
 40
0.0
 40
0.0
 40
0.0
 40
0.0
 40
3.728999999999999
 40
3.728999999999999
 40
3.728999999999999
 40
13.64900408266044
 40
13.64900408266044
 40
13.64900408266044
 40
14.64900408266044
 40
14.64900408266044
 40
14.64900408266044
 40
15.64900408266044
 40
15.64900408266044
 40
15.64900408266044
 40
16.64900408266044
 40
16.64900408266044
 40
16.64900408266044
 40
17.64900408266044
 40
17.64900408266044
 40
17.64900408266044
 40
18.64900408266044
 40
18.64900408266044
 40
18.64900408266044
 40
19.64900408266044
 40
19.64900408266044
 40
19.64900408266044
 40
20.64900408266044
 40
20.64900408266044
 40
20.64900408266044
 40
21.64900408266044
 40
21.64900408266044
 40
21.64900408266044
 40
30.14533858643322
 40
30.14533858643322
 40
30.14533858643322
 40
40.05824431583466
 40
40.05824431583466
 40
40.05824431583466
 40
41.05824431583466
 40
41.05824431583466
 40
41.05824431583466
 40
42.05824431583466
 40
42.05824431583466
 40
42.05824431583466
 40
57.49392052389241
 40
57.49392052389241
 40
57.49392052389241
 40
58.49392052389241
 40
58.49392052389241
 40
58.49392052389241
 40
59.49392052389241
 40
59.49392052389241
 40
59.49392052389241
 40
60.49392052389241
 40
60.49392052389241
 40
60.49392052389241
 40
61.49392052389241
 40
61.49392052389241
 40
61.49392052389241
 40
65.29450745224965
 40
65.29450745224965
 40
65.29450745224965
 40
65.29450745224965
 10
81.61580916666666
 20
22.25410416666666
 30
0.0
 10
81.61580916666666
 20
21.81560138888889
 30
0.0
 10
81.61580916666666
 20
21.37709861111111
 30
0.0
 10
81.61580916666666
 20
20.93859583333333
 30
0.0
 10
82.78232768518518
 20
20.93965416666667
 30
0.0
 10
83.9488462037037
 20
20.9407125
 30
0.0
 10
85.11536472222221
 20
20.94177083333333
 30
0.0
 10
85.99378138888888
 20
20.94177083333333
 30
0.0
 10
85.89500361111111
 20
20.99115972222222
 30
0.0
 10
86.86514249999999
 20
20.99115972222222
 30
0.0
 10
87.83880916666665
 20
20.99115972222222
 30
0.0
 10
87.74003138888888
 20
20.94177083333333
 30
0.0
 10
88.61492027777777
 20
20.94529861111111
 30
0.0
 10
88.56553138888887
 20
17.9149375
 30
0.0
 10
86.99919805555554
 20
17.57979861111111
 30
0.0
 10
84.37805916666666
 20
17.62213194444444
 30
0.0
 10
81.52055916666666
 20
17.66799305555556
 30
0.0
 10
79.0052536111111
 20
17.59779027777778
 30
0.0
 10
76.53580916666665
 20
17.66799305555556
 30
0.0
 10
70.42922583333332
 20
17.84438194444444
 30
0.0
 10
68.48894805555555
 20
20.17306805555555
 30
0.0
 10
67.56114249999999
 20
24.05679861111111
 30
0.0
 10
67.18014249999999
 20
25.70779861111111
 30
0.0
 10
68.05503138888888
 20
27.65548472222222
 30
0.0
 10
69.56492027777777
 20
28.13138194444445
 30
0.0
 10
69.68486472222222
 20
28.15960416666666
 30
0.0
 10
69.88947583333332
 20
27.41524305555555
 30
0.0
 10
70.11878138888888
 20
26.46627083333333
 30
0.0
 10
70.34455916666667
 20
25.52117916666667
 30
0.0
 10
70.2740036111111
 20
25.60196527777778
 30
0.0
 10
70.47861472222222
 20
24.75177083333334
 30
0.0
 10
71.44992953703702
 20
24.9857800925926
 30
0.0
 10
72.42124435185184
 20
25.21978935185185
 30
0.0
 10
73.39255916666666
 20
25.45379861111111
 30
0.0
 10
73.12092027777777
 20
26.5873912037037
 30
0.0
 10
72.84928138888888
 20
27.7209837962963
 30
0.0
 10
72.5776425
 20
28.85457638888889
 30
0.0
 10
72.37303138888889
 20
29.70829861111111
 30
0.0
 10
72.35186472222222
 20
29.5989375
 30
0.0
 10
72.12608694444444
 20
30.54438194444445
 30
0.0
 10
71.89678138888888
 20
31.49335416666667
 30
0.0
 10
71.96733694444444
 20
31.4086875
 30
0.0
 10
71.76272583333332
 20
32.25888194444444
 30
0.0
 10
71.33939249999999
 20
34.02394675925925
 30
0.0
 10
70.91605916666667
 20
35.78901157407407
 30
0.0
 10
70.49272583333332
 20
37.55407638888889
 30
0.0
 10
68.44661472222222
 20
37.06724305555555
 30
0.0
 10
68.88758694444445
 20
45.54484583333333
 30
0.0
 10
71.42405916666667
 20
46.94149305555555
 30
0.0
 10
72.91983694444444
 20
47.74229861111111
 30
0.0
 10
75.02592027777777
 20
47.41104027777778
 30
0.0
 10
75.89022583333333
 20
46.08459583333333
 30
0.0
 10
75.94667027777777
 20
45.97488194444443
 30
0.0
 10
75.27992027777776
 20
45.57624305555555
 30
0.0
 10
74.42619805555555
 20
45.10704861111111
 30
0.0
 10
73.57247583333333
 20
44.64138194444444
 30
0.0
 10
73.63597583333332
 20
44.73345694444444
 30
0.0
 10
72.87044805555556
 20
44.31012361111111
 30
0.0
 10
73.08564249999999
 20
43.91842268518519
 30
0.0
 10
73.30083694444444
 20
43.52672175925926
 30
0.0
 10
73.51603138888888
 20
43.13502083333334
 30
0.0
  0
SPLINE
  5
139
330
1F
100
AcDbEntity
  8
DEFAULT
 62
     1
100
AcDbSpline
210
0.0
220
0.0
230
1.0
 70
     8
 71
     3
 72
    35
 73
    31
 74
     0
 42
0.000000001
 43
0.0000000001
 40
0.0
 40
0.0
 40
0.0
 40
0.0
 40
3.719099353338105
 40
3.719099353338105
 40
3.719099353338105
 40
11.62257327307749
 40
11.62257327307749
 40
11.62257327307749
 40
12.62257327307749
 40
12.62257327307749
 40
12.62257327307749
 40
13.62257327307749
 40
13.62257327307749
 40
13.62257327307749
 40
14.62257327307749
 40
14.62257327307749
 40
14.62257327307749
 40
15.62257327307749
 40
15.62257327307749
 40
15.62257327307749
 40
16.62257327307749
 40
16.62257327307749
 40
16.62257327307749
 40
17.62257327307749
 40
17.62257327307749
 40
17.62257327307749
 40
27.5425783133988
 40
27.5425783133988
 40
27.5425783133988
 40
31.3125783133988
 40
31.3125783133988
 40
31.3125783133988
 40
31.3125783133988
 10
73.68190749999998
 20
42.83166722222222
 30
0.0
 10
73.89239824074072
 20
42.44831537037036
 30
0.0
 10
74.10288898148147
 20
42.06496351851851
 30
0.0
 10
74.31337972222221
 20
41.68161166666666
 30
0.0
 10
75.12829638888887
 20
42.12846351851852
 30
0.0
 10
75.94321305555555
 20
42.57531537037037
 30
0.0
 10
76.75812972222221
 20
43.02216722222222
 30
0.0
 10
77.52365749999998
 20
43.44550055555555
 30
0.0
 10
77.41782416666666
 20
43.44197277777777
 30
0.0
 10
78.26449083333333
 20
43.90763944444444
 30
0.0
 10
79.12174083333332
 20
44.38071444444444
 30
0.0
 10
79.03707416666666
 20
44.33097277777777
 30
0.0
 10
79.8237686111111
 20
44.70844499999999
 30
0.0
 10
81.27368527777777
 20
45.40341722222222
 30
0.0
 10
81.80285194444444
 20
42.26016722222221
 30
0.0
 10
79.5697686111111
 20
38.86291722222222
 30
0.0
 10
76.21485194444443
 20
33.75504777777778
 30
0.0
 10
88.60793527777777
 20
29.16152833333333
 30
0.0
 10
88.61146305555555
 20
23.94041722222222
 30
0.0
 10
87.73657416666666
 20
23.94041722222222
 30
0.0
 10
87.83535194444444
 20
23.8945561111111
 30
0.0
 10
86.86168527777778
 20
23.89138111111111
 30
0.0
 10
85.89507416666666
 20
23.89138111111111
 30
0.0
 10
85.99032416666665
 20
23.94041722222222
 30
0.0
 10
85.11190749999999
 20
23.94041722222222
 30
0.0
 10
83.94538898148147
 20
23.93924129629629
 30
0.0
 10
82.77887046296296
 20
23.93806537037037
 30
0.0
 10
81.61235194444443
 20
23.93688944444444
 30
0.0
 10
81.61235194444443
 20
23.49356537037036
 30
0.0
 10
81.61235194444443
 20
23.05024129629629
 30
0.0
 10
81.61235194444443
 20
22.60691722222222
 30
0.0
  0
POLYLINE
  5
13A
330
1F
100
AcDbEntity
  8
DEFAULT
 62
     7
100
AcDb2dPolyline
 66
     1
 10
0.0
 20
0.0
 30
0.0
  0
VERTEX
  5
13B
330
13A
100
AcDbEntity
  8
DEFAULT
 62
     7
100
AcDbVertex
100
AcDb2dVertex
 10
71.36870833333332
 20
97.5986886111111
 30
0.0
  0
VERTEX
  5
13C
330
13A
100
AcDbEntity
  8
DEFAULT
 62
     7
100
AcDbVertex
100
AcDb2dVertex
 10
72.85425555555554
 20
97.2448525
 30
0.0
  0
SEQEND
  5
13D
330
13A
100
AcDbEntity
  8
DEFAULT
 62
     7
  0
SPLINE
  5
13E
330
1F
100
AcDbEntity
  8
DEFAULT
 62
     7
100
AcDbSpline
210
0.0
220
0.0
230
1.0
 70
     8
 71
     3
 72
    20
 73
    16
 74
     0
 42
0.000000001
 43
0.0000000001
 40
0.0
 40
0.0
 40
0.0
 40
0.0
 40
1.0
 40
1.0
 40
1.0
 40
1.671181048600174
 40
1.671181048600174
 40
1.671181048600174
 40
2.671181048600174
 40
2.671181048600174
 40
2.671181048600174
 40
3.671181048600174
 40
3.671181048600174
 40
3.671181048600174
 40
6.076560228687978
 40
6.076560228687978
 40
6.076560228687978
 40
6.076560228687978
 10
73.15842055555555
 20
99.72583277777778
 30
0.0
 10
73.15842055555555
 20
99.72583277777778
 30
0.0
 10
72.85150388888887
 20
98.42443555555555
 30
0.0
 10
72.83386499999999
 20
98.31154666666666
 30
0.0
 10
72.8482112962963
 20
98.38915777777777
 30
0.0
 10
72.86255759259258
 20
98.4667688888889
 30
0.0
 10
72.87690388888888
 20
98.54438
 30
0.0
 10
72.78271222222222
 20
98.44701333333333
 30
0.0
 10
72.59856222222221
 20
98.33377166666666
 30
0.0
 10
72.34773722222221
 20
98.39339111111111
 30
0.0
 10
72.12584
 20
98.44630777777778
 30
0.0
 10
71.88983166666665
 20
98.63186888888889
 30
0.0
 10
72.00801222222222
 20
99.12787444444444
 30
0.0
 10
72.07351129629629
 20
99.40304111111111
 30
0.0
 10
72.13901037037036
 20
99.67820777777779
 30
0.0
 10
72.20450944444443
 20
99.95337444444444
 30
0.0
  0
POLYLINE
  5
13F
330
1F
100
AcDbEntity
  8
DEFAULT
 62
     7
100
AcDb2dPolyline
 66
     1
 10
0.0
 20
0.0
 30
0.0
  0
VERTEX
  5
140
330
13F
100
AcDbEntity
  8
DEFAULT
 62
     7
100
AcDbVertex
100
AcDb2dVertex
 10
80.4287825
 20
98.27443444444441
 30
0.0
  0
VERTEX
  5
141
330
13F
100
AcDbEntity
  8
DEFAULT
 62
     7
100
AcDbVertex
100
AcDb2dVertex
 10
80.42701861111111
 20
99.80160944444441
 30
0.0
  0
SEQEND
  5
142
330
13F
100
AcDbEntity
  8
DEFAULT
 62
     7
  0
SPLINE
  5
143
330
1F
100
AcDbEntity
  8
DEFAULT
 62
     7
100
AcDbSpline
210
0.0
220
0.0
230
1.0
 70
     8
 71
     3
 72
    11
 73
     7
 74
     0
 42
0.000000001
 43
0.0000000001
 40
0.0
 40
0.0
 40
0.0
 40
0.0
 40
2.640588760106367
 40
2.640588760106367
 40
2.640588760106367
 40
3.640588760106367
 40
3.640588760106367
 40
3.640588760106367
 40
3.640588760106367
 10
79.42763444444444
 20
99.26023666666667
 30
0.0
 10
79.16599092592593
 20
99.09302000000001
 30
0.0
 10
78.9043474074074
 20
98.92580333333332
 30
0.0
 10
78.6427038888889
 20
98.75858666666664
 30
0.0
 10
78.5915511111111
 20
98.79457
 30
0.0
 10
77.97630666666666
 20
99.31244777777778
 30
0.0
 10
77.97630666666666
 20
99.31244777777778
 30
0.0
  0
POLYLINE
  5
144
330
1F
100
AcDbEntity
  8
DEFAULT
 62
     7
100
AcDb2dPolyline
 66
     1
 10
0.0
 20
0.0
 30
0.0
  0
VERTEX
  5
145
330
144
100
AcDbEntity
  8
DEFAULT
 62
     7
100
AcDbVertex
100
AcDb2dVertex
 10
79.42834
 20
98.75950388888887
 30
0.0
  0
VERTEX
  5
146
330
144
100
AcDbEntity
  8
DEFAULT
 62
     7
100
AcDbVertex
100
AcDb2dVertex
 10
77.29967888888888
 20
98.75703444444443
 30
0.0
  0
SEQEND
  5
147
330
144
100
AcDbEntity
  8
DEFAULT
 62
     7
  0
POLYLINE
  5
148
330
1F
100
AcDbEntity
  8
DEFAULT
 62
     7
100
AcDb2dPolyline
 66
     1
 10
0.0
 20
0.0
 30
0.0
  0
VERTEX
  5
149
330
148
100
AcDbEntity
  8
DEFAULT
 62
     7
100
AcDbVertex
100
AcDb2dVertex
 10
72.2180913888889
 20
78.32008861111113
 30
0.0
  0
VERTEX
  5
14A
330
148
100
AcDbEntity
  8
DEFAULT
 62
     7
100
AcDbVertex
100
AcDb2dVertex
 10
72.95045805555557
 20
79.66029138888892
 30
0.0
  0
SEQEND
  5
14B
330
148
100
AcDbEntity
  8
DEFAULT
 62
     7
  0
POLYLINE
  5
14C
330
1F
100
AcDbEntity
  8
DEFAULT
 62
     7
100
AcDb2dPolyline
 66
     1
 10
0.0
 20
0.0
 30
0.0
  0
VERTEX
  5
14D
330
14C
100
AcDbEntity
  8
DEFAULT
 62
     7
100
AcDbVertex
100
AcDb2dVertex
 10
70.43765722222219
 20
80.51842333333332
 30
0.0
  0
VERTEX
  5
14E
330
14C
100
AcDbEntity
  8
DEFAULT
 62
     7
100
AcDbVertex
100
AcDb2dVertex
 10
70.10957388888886
 20
80.69763444444443
 30
0.0
  0
SEQEND
  5
14F
330
14C
100
AcDbEntity
  8
DEFAULT
 62
     7
  0
SPLINE
  5
150
330
1F
100
AcDbEntity
  8
DEFAULT
 62
     7
100
AcDbSpline
210
0.0
220
0.0
230
1.0
 70
     8
 71
     3
 72
    14
 73
    10
 74
     0
 42
0.000000001
 43
0.0000000001
 40
0.0
 40
0.0
 40
0.0
 40
0.0
 40
2.150286027485649
 40
2.150286027485649
 40
2.150286027485649
 40
3.150286027485649
 40
3.150286027485649
 40
3.150286027485649
 40
4.150286027485649
 40
4.150286027485649
 40
4.150286027485649
 40
4.150286027485649
 10
70.6142225
 20
80.422115
 30
0.0
 10
70.83611972222222
 20
80.30087703703704
 30
0.0
 10
71.05801694444445
 20
80.17963907407407
 30
0.0
 10
71.27991416666666
 20
80.05840111111111
 30
0.0
 10
71.50286972222221
 20
79.93669277777776
 30
0.0
 10
71.62493083333334
 20
79.82168722222221
 30
0.0
 10
71.66761694444443
 20
79.64988444444444
 30
0.0
 10
71.70465861111111
 20
79.49677888888888
 30
0.0
 10
71.6506836111111
 20
79.30945388888888
 30
0.0
 10
71.54061694444444
 20
79.2043261111111
 30
0.0
  0
SPLINE
  5
151
330
1F
100
AcDbEntity
  8
DEFAULT
 62
     1
100
AcDbSpline
210
0.0
220
0.0
230
1.0
 70
     8
 71
     3
 72
    35
 73
    31
 74
     0
 42
0.000000001
 43
0.0000000001
 40
0.0
 40
0.0
 40
0.0
 40
0.0
 40
3.730000000000018
 40
3.730000000000018
 40
3.730000000000018
 40
13.65002016126984
 40
13.65002016126984
 40
13.65002016126984
 40
14.65002016126984
 40
14.65002016126984
 40
14.65002016126984
 40
15.65002016126984
 40
15.65002016126984
 40
15.65002016126984
 40
16.65002016126984
 40
16.65002016126984
 40
16.65002016126984
 40
17.65002016126984
 40
17.65002016126984
 40
17.65002016126984
 40
18.65002016126984
 40
18.65002016126984
 40
18.65002016126984
 40
19.65002016126984
 40
19.65002016126984
 40
19.65002016126984
 40
27.56146124365177
 40
27.56146124365177
 40
27.56146124365177
 40
31.33402005697728
 40
31.33402005697728
 40
31.33402005697728
 40
31.33402005697728
 10
81.53121305555555
 20
98.8563061111111
 30
0.0
 10
81.53121305555555
 20
98.41768574074074
 30
0.0
 10
81.53121305555555
 20
97.97906537037038
 30
0.0
 10
81.53121305555555
 20
97.54044499999999
 30
0.0
 10
82.69773157407407
 20
97.54279685185185
 30
0.0
 10
83.86425009259258
 20
97.54514870370372
 30
0.0
 10
85.0307686111111
 20
97.54750055555556
 30
0.0
 10
85.90565749999999
 20
97.54750055555556
 30
0.0
 10
85.8104075
 20
97.59688944444444
 30
0.0
 10
86.78054638888888
 20
97.59688944444444
 30
0.0
 10
87.75068527777776
 20
97.60041722222222
 30
0.0
 10
87.6519075
 20
97.55102833333333
 30
0.0
 10
88.53032416666666
 20
97.55102833333333
 30
0.0
 10
88.53385194444444
 20
92.33344499999998
 30
0.0
 10
76.1548797222222
 20
87.7120561111111
 30
0.0
 10
79.52037972222222
 20
82.61088944444444
 30
0.0
 10
81.76051861111111
 20
79.21716722222222
 30
0.0
 10
81.2384075
 20
76.07391722222222
 30
0.0
 10
79.78849083333333
 20
76.76536166666666
 30
0.0
 10
78.9982686111111
 20
77.14283388888887
 30
0.0
 10
79.08293527777776
 20
77.09344499999999
 30
0.0
 10
78.22921305555555
 20
77.56263944444443
 30
0.0
 10
77.37901861111109
 20
78.0283061111111
 30
0.0
 10
77.48485194444444
 20
78.02125055555555
 30
0.0
 10
76.71932416666667
 20
78.44458388888887
 30
0.0
 10
75.90205564814815
 20
78.88908388888888
 30
0.0
 10
75.08478712962963
 20
79.33358388888888
 30
0.0
 10
74.2675186111111
 20
79.77808388888889
 30
0.0
 10
74.05467601851849
 20
79.3888524074074
 30
0.0
 10
73.84183342592591
 20
78.99962092592591
 30
0.0
 10
73.62899083333332
 20
78.61038944444444
 30
0.0
  0
SPLINE
  5
152
330
1F
100
AcDbEntity
  8
DEFAULT
 62
     1
100
AcDbSpline
210
0.0
220
0.0
230
1.0
 70
     8
 71
     3
 72
    65
 73
    61
 74
     0
 42
0.000000001
 43
0.0000000001
 40
0.0
 40
0.0
 40
0.0
 40
0.0
 40
3.723076684678998
 40
3.723076684678998
 40
3.723076684678998
 40
4.723076684678999
 40
4.723076684678999
 40
4.723076684678999
 40
5.723076684678999
 40
5.723076684678999
 40
5.723076684678999
 40
6.723076684678999
 40
6.723076684678999
 40
6.723076684678999
 40
7.723076684678999
 40
7.723076684678999
 40
7.723076684678999
 40
23.16151248627497
 40
23.16151248627497
 40
23.16151248627497
 40
24.16151248627497
 40
24.16151248627497
 40
24.16151248627497
 40
25.16151248627497
 40
25.16151248627497
 40
25.16151248627497
 40
35.07950623501265
 40
35.07950623501265
 40
35.07950623501265
 40
43.57117862624398
 40
43.57117862624398
 40
43.57117862624398
 40
44.57117862624398
 40
44.57117862624398
 40
44.57117862624398
 40
45.57117862624398
 40
45.57117862624398
 40
45.57117862624398
 40
46.57117862624398
 40
46.57117862624398
 40
46.57117862624398
 40
47.57117862624398
 40
47.57117862624398
 40
47.57117862624398
 40
48.57117862624398
 40
48.57117862624398
 40
48.57117862624398
 40
49.57117862624398
 40
49.57117862624398
 40
49.57117862624398
 40
50.57117862624398
 40
50.57117862624398
 40
50.57117862624398
 40
51.57117862624398
 40
51.57117862624398
 40
51.57117862624398
 40
61.49119878751381
 40
61.49119878751381
 40
61.49119878751381
 40
65.27119878751378
 40
65.27119878751378
 40
65.27119878751378
 40
65.27119878751378
 10
73.45969277777779
 20
78.30354333333334
 30
0.0
 10
73.25037796296296
 20
77.91901555555556
 30
0.0
 10
73.04106314814815
 20
77.53448777777778
 30
0.0
 10
72.83174833333334
 20
77.14996
 30
0.0
 10
73.5972761111111
 20
76.73015444444442
 30
0.0
 10
73.53730388888889
 20
76.81834888888888
 30
0.0
 10
74.3910261111111
 20
76.35268222222221
 30
0.0
 10
75.24827611111111
 20
75.88701555555555
 30
0.0
 10
75.9150261111111
 20
75.49190444444443
 30
0.0
 10
75.85505388888888
 20
75.38254333333332
 30
0.0
 10
74.9978038888889
 20
74.05257111111109
 30
0.0
 10
72.88819277777777
 20
73.71390444444444
 30
0.0
 10
71.39241499999999
 20
74.51470999999998
 30
0.0
 10
68.852415
 20
75.90465444444443
 30
0.0
 10
68.3938038888889
 20
84.38190444444443
 30
0.0
 10
70.439915
 20
83.89859888888887
 30
0.0
 10
70.85972055555555
 20
85.66483962962961
 30
0.0
 10
71.27952611111111
 20
87.43108037037035
 30
0.0
 10
71.69933166666667
 20
89.1973211111111
 30
0.0
 10
71.900415
 20
90.04751555555553
 30
0.0
 10
71.82985944444444
 20
89.96284888888887
 30
0.0
 10
72.05563722222222
 20
90.9118211111111
 30
0.0
 10
72.27788722222222
 20
91.85726555555554
 30
0.0
 10
72.30258166666667
 20
91.7514322222222
 30
0.0
 10
72.503665
 20
92.60162666666666
 30
0.0
 10
72.77295203703704
 20
93.73639518518517
 30
0.0
 10
73.04223907407408
 20
94.87116370370369
 30
0.0
 10
73.3115261111111
 20
96.0059322222222
 30
0.0
 10
72.34021129629629
 20
96.23758962962961
 30
0.0
 10
71.36889648148147
 20
96.46924703703701
 30
0.0
 10
70.39758166666665
 20
96.70090444444443
 30
0.0
 10
70.19649833333332
 20
95.85070999999998
 30
0.0
 10
70.2635261111111
 20
95.93184888888888
 30
0.0
 10
70.0412761111111
 20
94.98287666666666
 30
0.0
 10
69.81197055555555
 20
94.03743222222221
 30
0.0
 10
69.61088722222222
 20
93.28954333333331
 30
0.0
 10
69.49094277777778
 20
93.31776555555554
 30
0.0
 10
67.98105388888888
 20
93.79401555555555
 30
0.0
 10
67.09910944444444
 20
95.73782111111109
 30
0.0
 10
67.47658166666666
 20
97.3888211111111
 30
0.0
 10
68.39733166666666
 20
101.2764322222222
 30
0.0
 10
70.33055388888889
 20
103.6082933333333
 30
0.0
 10
76.43713722222222
 20
103.7987933333333
 30
0.0
 10
78.91010944444443
 20
103.8728766666667
 30
0.0
 10
81.42188722222221
 20
103.8093766666667
 30
0.0
 10
84.282915
 20
103.8622933333333
 30
0.0
 10
86.9005261111111
 20
103.9116822222222
 30
0.0
 10
88.47038722222221
 20
103.5800711111111
 30
0.0
 10
88.52683166666667
 20
100.54971
 30
0.0
 10
87.648415
 20
100.54971
 30
0.0
 10
87.74719277777777
 20
100.5003211111111
 30
0.0
 10
86.77705388888889
 20
100.5003211111111
 30
0.0
 10
85.80338722222221
 20
100.4967933333333
 30
0.0
 10
85.902165
 20
100.5461822222222
 30
0.0
 10
85.0272761111111
 20
100.5461822222222
 30
0.0
 10
83.86075759259258
 20
100.5438303703703
 30
0.0
 10
82.69423907407406
 20
100.5414785185185
 30
0.0
 10
81.52772055555555
 20
100.5391266666666
 30
0.0
 10
81.52772055555555
 20
100.0946266666667
 30
0.0
 10
81.52772055555555
 20
99.65012666666665
 30
0.0
 10
81.52772055555555
 20
99.20562666666666
 30
0.0
  0
POLYLINE
  5
153
330
1F
100
AcDbEntity
  8
DEFAULT
 62
     7
100
AcDb2dPolyline
 66
     1
 10
0.0
 20
0.0
 30
0.0
  0
VERTEX
  5
154
330
153
100
AcDbEntity
  8
DEFAULT
 62
     7
100
AcDbVertex
100
AcDb2dVertex
 10
39.09109388888889
 20
54.69071555555555
 30
0.0
  0
VERTEX
  5
155
330
153
100
AcDbEntity
  8
DEFAULT
 62
     7
100
AcDbVertex
100
AcDb2dVertex
 10
39.81711055555555
 20
53.34698499999999
 30
0.0
  0
SEQEND
  5
156
330
153
100
AcDbEntity
  8
DEFAULT
 62
     7
  0
POLYLINE
  5
157
330
1F
100
AcDbEntity
  8
DEFAULT
 62
     7
100
AcDb2dPolyline
 66
     1
 10
0.0
 20
0.0
 30
0.0
  0
VERTEX
  5
158
330
157
100
AcDbEntity
  8
DEFAULT
 62
     7
100
AcDbVertex
100
AcDb2dVertex
 10
41.41653444444443
 20
55.07894749999998
 30
0.0
  0
VERTEX
  5
159
330
157
100
AcDbEntity
  8
DEFAULT
 62
     7
100
AcDbVertex
100
AcDb2dVertex
 10
41.7453233333333
 20
55.25674749999997
 30
0.0
  0
SEQEND
  5
15A
330
157
100
AcDbEntity
  8
DEFAULT
 62
     7
  0
POLYLINE
  5
15B
330
1F
100
AcDbEntity
  8
DEFAULT
 62
     7
100
AcDb2dPolyline
 66
     1
 10
0.0
 20
0.0
 30
0.0
  0
VERTEX
  5
15C
330
15B
100
AcDbEntity
  8
DEFAULT
 62
     7
100
AcDbVertex
100
AcDb2dVertex
 10
40.33389472222222
 20
54.49432416666667
 30
0.0
  0
VERTEX
  5
15D
330
15B
100
AcDbEntity
  8
DEFAULT
 62
     7
100
AcDbVertex
100
AcDb2dVertex
 10
41.23806416666667
 20
54.98256861111111
 30
0.0
  0
SEQEND
  5
15E
330
15B
100
AcDbEntity
  8
DEFAULT
 62
     7
  0
POLYLINE
  5
15F
330
1F
100
AcDbEntity
  8
DEFAULT
 62
     7
100
AcDb2dPolyline
 66
     1
 10
0.0
 20
0.0
 30
0.0
  0
VERTEX
  5
160
330
15F
100
AcDbEntity
  8
DEFAULT
 62
     7
100
AcDbVertex
100
AcDb2dVertex
 10
39.8016236111111
 20
68.04148472222221
 30
0.0
  0
VERTEX
  5
161
330
15F
100
AcDbEntity
  8
DEFAULT
 62
     7
100
AcDbVertex
100
AcDb2dVertex
 10
39.07878194444444
 20
66.69634305555556
 30
0.0
  0
SEQEND
  5
162
330
15F
100
AcDbEntity
  8
DEFAULT
 62
     7
  0
POLYLINE
  5
163
330
1F
100
AcDbEntity
  8
DEFAULT
 62
     7
100
AcDb2dPolyline
 66
     1
 10
0.0
 20
0.0
 30
0.0
  0
VERTEX
  5
164
330
163
100
AcDbEntity
  8
DEFAULT
 62
     7
100
AcDbVertex
100
AcDb2dVertex
 10
41.40499861111111
 20
66.31308527777777
 30
0.0
  0
VERTEX
  5
165
330
163
100
AcDbEntity
  8
DEFAULT
 62
     7
100
AcDbVertex
100
AcDb2dVertex
 10
41.73414027777778
 20
66.1363436111111
 30
0.0
  0
SEQEND
  5
166
330
163
100
AcDbEntity
  8
DEFAULT
 62
     7
  0
POLYLINE
  5
167
330
1F
100
AcDbEntity
  8
DEFAULT
 62
     7
100
AcDb2dPolyline
 66
     1
 10
0.0
 20
0.0
 30
0.0
  0
VERTEX
  5
168
330
167
100
AcDbEntity
  8
DEFAULT
 62
     7
100
AcDbVertex
100
AcDb2dVertex
 10
40.32115944444443
 20
66.89530972222222
 30
0.0
  0
VERTEX
  5
169
330
167
100
AcDbEntity
  8
DEFAULT
 62
     7
100
AcDbVertex
100
AcDb2dVertex
 10
41.22603444444444
 20
66.40918194444444
 30
0.0
  0
SEQEND
  5
16A
330
167
100
AcDbEntity
  8
DEFAULT
 62
     7
  0
POLYLINE
  5
16B
330
1F
100
AcDbEntity
  8
DEFAULT
 62
     7
100
AcDb2dPolyline
 66
     1
 10
0.0
 20
0.0
 30
0.0
  0
VERTEX
  5
16C
330
16B
100
AcDbEntity
  8
DEFAULT
 62
     7
100
AcDbVertex
100
AcDb2dVertex
 10
32.28184777777776
 20
58.04796055555554
 30
0.0
  0
VERTEX
  5
16D
330
16B
100
AcDbEntity
  8
DEFAULT
 62
     7
100
AcDbVertex
100
AcDb2dVertex
 10
32.28537555555555
 20
56.52078555555554
 30
0.0
  0
SEQEND
  5
16E
330
16B
100
AcDbEntity
  8
DEFAULT
 62
     7
  0
POLYLINE
  5
16F
330
1F
100
AcDbEntity
  8
DEFAULT
 62
     7
100
AcDb2dPolyline
 66
     1
 10
0.0
 20
0.0
 30
0.0
  0
VERTEX
  5
170
330
16F
100
AcDbEntity
  8
DEFAULT
 62
     7
100
AcDbVertex
100
AcDb2dVertex
 10
34.90065833333333
 20
56.97823249999999
 30
0.0
  0
VERTEX
  5
171
330
16F
100
AcDbEntity
  8
DEFAULT
 62
     7
100
AcDbVertex
100
AcDb2dVertex
 10
35.27460277777777
 20
56.97893805555555
 30
0.0
  0
SEQEND
  5
172
330
16F
100
AcDbEntity
  8
DEFAULT
 62
     7
  0
SPLINE
  5
173
330
1F
100
AcDbEntity
  8
DEFAULT
 62
     7
100
AcDbSpline
210
0.0
220
0.0
230
1.0
 70
     8
 71
     3
 72
    14
 73
    10
 74
     0
 42
0.000000001
 43
0.0000000001
 40
0.0
 40
0.0
 40
0.0
 40
0.0
 40
2.150005813945647
 40
2.150005813945647
 40
2.150005813945647
 40
3.150005813945647
 40
3.150005813945647
 40
3.150005813945647
 40
4.150005813945647
 40
4.150005813945647
 40
4.150005813945647
 40
4.150005813945647
 10
34.69961027777777
 20
56.97756222222221
 30
0.0
 10
34.44678620370369
 20
56.97697425925924
 30
0.0
 10
34.19396212962962
 20
56.97638629629628
 30
0.0
 10
33.94113805555554
 20
56.97579833333332
 30
0.0
 10
33.68713805555555
 20
56.97509277777777
 30
0.0
 10
33.52486027777778
 20
57.01707333333333
 30
0.0
 10
33.40456305555555
 20
57.14724833333333
 30
0.0
 10
33.29837694444444
 20
57.26401777777778
 30
0.0
 10
33.25569083333333
 20
57.454165
 30
0.0
 10
33.30119916666666
 20
57.59880388888888
 30
0.0
  0
POLYLINE
  5
174
330
1F
100
AcDbEntity
  8
DEFAULT
 62
     7
100
AcDb2dPolyline
 66
     1
 10
0.0
 20
0.0
 30
0.0
  0
VERTEX
  5
175
330
174
100
AcDbEntity
  8
DEFAULT
 62
     7
100
AcDbVertex
100
AcDb2dVertex
 10
32.27048833333333
 20
64.94847027777777
 30
0.0
  0
VERTEX
  5
176
330
174
100
AcDbEntity
  8
DEFAULT
 62
     7
100
AcDbVertex
100
AcDb2dVertex
 10
32.27401611111111
 20
63.42094249999999
 30
0.0
  0
SEQEND
  5
177
330
174
100
AcDbEntity
  8
DEFAULT
 62
     7
  0
POLYLINE
  5
178
330
1F
100
AcDbEntity
  8
DEFAULT
 62
     7
100
AcDb2dPolyline
 66
     1
 10
0.0
 20
0.0
 30
0.0
  0
VERTEX
  5
179
330
178
100
AcDbEntity
  8
DEFAULT
 62
     7
100
AcDbVertex
100
AcDb2dVertex
 10
34.88943999999999
 20
63.87842472222221
 30
0.0
  0
VERTEX
  5
17A
330
178
100
AcDbEntity
  8
DEFAULT
 62
     7
100
AcDbVertex
100
AcDb2dVertex
 10
35.26338444444443
 20
63.87913027777776
 30
0.0
  0
SEQEND
  5
17B
330
178
100
AcDbEntity
  8
DEFAULT
 62
     7
  0
SPLINE
  5
17C
330
1F
100
AcDbEntity
  8
DEFAULT
 62
     7
100
AcDbSpline
210
0.0
220
0.0
230
1.0
 70
     8
 71
     3
 72
    14
 73
    10
 74
     0
 42
0.000000001
 43
0.0000000001
 40
0.0
 40
0.0
 40
0.0
 40
0.0
 40
2.150005813945619
 40
2.150005813945619
 40
2.150005813945619
 40
3.150005813945619
 40
3.150005813945619
 40
3.150005813945619
 40
4.150005813945619
 40
4.150005813945619
 40
4.150005813945619
 40
4.150005813945619
 10
34.68825083333332
 20
63.87807194444441
 30
0.0
 10
34.43542675925925
 20
63.87748398148145
 30
0.0
 10
34.18260268518518
 20
63.87689601851849
 30
0.0
 10
33.9297786111111
 20
63.87630805555553
 30
0.0
 10
33.67577861111111
 20
63.87560249999999
 30
0.0
 10
33.51350083333333
 20
63.91758305555555
 30
0.0
 10
33.3932036111111
 20
64.04775805555555
 30
0.0
 10
33.2870175
 20
64.16417472222221
 30
0.0
 10
33.24433138888889
 20
64.35467472222221
 30
0.0
 10
33.28983972222222
 20
64.4993136111111
 30
0.0
  0
SPLINE
  5
17D
330
1F
100
AcDbEntity
  8
DEFAULT
 62
     5
100
AcDbSpline
210
0.0
220
0.0
230
1.0
 70
     8
 71
     3
 72
    23
 73
    19
 74
     0
 42
0.000000001
 43
0.0000000001
 40
0.0
 40
0.0
 40
0.0
 40
0.0
 40
1.0
 40
1.0
 40
1.0
 40
2.0
 40
2.0
 40
2.0
 40
3.0
 40
3.0
 40
3.0
 40
4.0
 40
4.0
 40
4.0
 40
5.0
 40
5.0
 40
5.0
 40
6.0
 40
6.0
 40
6.0
 40
6.0
 10
29.474795
 20
62.57409944444444
 30
0.0
 10
29.47620611111111
 20
61.32350222222222
 30
0.0
 10
29.47620611111111
 20
61.32350222222222
 30
0.0
 10
35.27622555555555
 20
61.33020499999999
 30
0.0
 10
41.43995888888889
 20
61.33726055555555
 30
0.0
 10
37.21297555555555
 20
65.17548277777777
 30
0.0
 10
40.37950888888889
 20
63.35550222222222
 30
0.0
 10
42.82955055555555
 20
61.94721333333334
 30
0.0
 10
42.83025611111111
 20
61.39194111111111
 30
0.0
 10
42.83096166666667
 20
60.69485222222222
 30
0.0
 10
42.83202
 20
59.99741055555555
 30
0.0
 10
42.83237277777778
 20
59.44249111111111
 30
0.0
 10
40.38550611111111
 20
58.02855777777778
 30
0.0
 10
37.22285333333333
 20
56.20152166666667
 30
0.0
 10
41.44136999999999
 20
60.04962166666667
 30
0.0
 10
35.27763666666667
 20
60.04221333333334
 30
0.0
 10
29.47761722222222
 20
60.03586333333333
 30
0.0
 10
29.47761722222222
 20
60.03586333333333
 30
0.0
 10
29.47902833333333
 20
58.78561888888888
 30
0.0
  0
SPLINE
  5
17E
330
1F
100
AcDbEntity
  8
DEFAULT
 62
     5
100
AcDbSpline
210
0.0
220
0.0
230
1.0
 70
     8
 71
     3
 72
    11
 73
     7
 74
     0
 42
0.000000001
 43
0.0000000001
 40
0.0
 40
0.0
 40
0.0
 40
0.0
 40
1.0
 40
1.0
 40
1.0
 40
2.0
 40
2.0
 40
2.0
 40
2.0
 10
29.41916194444444
 20
65.63095416666667
 30
0.0
 10
29.41775083333333
 20
66.91471250000001
 30
0.0
 10
29.1595175
 20
68.08205416666667
 30
0.0
 10
29.79028416666667
 20
68.41013749999999
 30
0.0
 10
30.42105083333333
 20
68.73857361111111
 30
0.0
 10
32.36415083333333
 20
67.85274861111111
 30
0.0
 10
33.16178138888888
 20
69.09240972222223
 30
0.0
  0
SPLINE
  5
17F
330
1F
100
AcDbEntity
  8
DEFAULT
 62
     5
100
AcDbSpline
210
0.0
220
0.0
230
1.0
 70
     8
 71
     3
 72
    29
 73
    25
 74
     0
 42
0.000000001
 43
0.0000000001
 40
0.0
 40
0.0
 40
0.0
 40
0.0
 40
1.0
 40
1.0
 40
1.0
 40
2.0
 40
2.0
 40
2.0
 40
3.0
 40
3.0
 40
3.0
 40
4.0
 40
4.0
 40
4.0
 40
5.0
 40
5.0
 40
5.0
 40
6.0
 40
6.0
 40
6.0
 40
7.0
 40
7.0
 40
7.0
 40
8.0
 40
8.0
 40
8.0
 40
8.0
 10
34.53115888888889
 20
71.64796722222222
 30
0.0
 10
35.34642833333334
 20
73.10635055555554
 30
0.0
 10
35.58384777777777
 20
74.20772277777778
 30
0.0
 10
36.32362277777778
 20
74.20842833333333
 30
0.0
 10
37.27506444444445
 20
74.20948666666666
 30
0.0
 10
38.02401166666666
 20
72.48687277777778
 30
0.0
 10
41.47770611111111
 20
69.52318666666666
 30
0.0
 10
42.87788111111111
 20
68.32197833333332
 30
0.0
 10
45.60450055555555
 20
66.47730333333332
 30
0.0
 10
46.87097277777777
 20
66.47906722222221
 30
0.0
 10
48.01150333333332
 20
66.48012555555555
 30
0.0
 10
46.15307
 20
64.32006722222222
 30
0.0
 10
46.15730333333334
 20
60.70021444444444
 30
0.0
 10
46.16118388888888
 20
57.08071444444443
 30
0.0
 10
48.0245561111111
 20
54.92453666666666
 30
0.0
 10
46.88437833333333
 20
54.92312555555555
 30
0.0
 10
45.61755333333333
 20
54.92171444444445
 30
0.0
 10
42.89516722222222
 20
53.071395
 30
0.0
 10
41.49781444444444
 20
51.86665888888888
 30
0.0
 10
38.05082277777777
 20
48.89521166666665
 30
0.0
 10
37.30575611111111
 20
47.17118666666666
 30
0.0
 10
36.35396166666666
 20
47.16977555555555
 30
0.0
 10
35.61453944444444
 20
47.16907
 30
0.0
 10
35.37465055555555
 20
48.26973666666666
 30
0.0
 10
34.55585333333333
 20
49.7263561111111
 30
0.0
  0
SPLINE
  5
180
330
1F
100
AcDbEntity
  8
DEFAULT
 62
     5
100
AcDbSpline
210
0.0
220
0.0
230
1.0
 70
     8
 71
     3
 72
    11
 73
     7
 74
     0
 42
0.000000001
 43
0.0000000001
 40
0.0
 40
0.0
 40
0.0
 40
0.0
 40
1.0
 40
1.0
 40
1.0
 40
2.0
 40
2.0
 40
2.0
 40
2.0
 10
33.18086666666666
 20
52.27877388888889
 30
0.0
 10
32.38041388888888
 20
53.5166711111111
 30
0.0
 10
30.43943055555555
 20
52.62661277777777
 30
0.0
 10
29.80795833333333
 20
52.953285
 30
0.0
 10
29.17613333333333
 20
53.27995722222222
 30
0.0
 10
29.43189722222222
 20
54.44800444444444
 30
0.0
 10
29.43048611111111
 20
55.73176277777777
 30
0.0
  0
SPLINE
  5
181
330
1F
100
AcDbEntity
  8
DEFAULT
 62
     1
100
AcDbSpline
210
0.0
220
0.0
230
1.0
 70
     8
 71
     3
 72
    56
 73
    52
 74
     0
 42
0.000000001
 43
0.0000000001
 40
0.0
 40
0.0
 40
0.0
 40
0.0
 40
1.0
 40
1.0
 40
1.0
 40
2.0
 40
2.0
 40
2.0
 40
3.0
 40
3.0
 40
3.0
 40
4.0
 40
4.0
 40
4.0
 40
5.0
 40
5.0
 40
5.0
 40
6.0
 40
6.0
 40
6.0
 40
7.0
 40
7.0
 40
7.0
 40
16.91072651221897
 40
16.91072651221897
 40
16.91072651221897
 40
25.39847061769246
 40
25.39847061769246
 40
25.39847061769246
 40
35.31799681605496
 40
35.31799681605496
 40
35.31799681605496
 40
36.31799681605496
 40
36.31799681605496
 40
36.31799681605496
 40
37.31799681605496
 40
37.31799681605496
 40
37.31799681605496
 40
38.31799681605496
 40
38.31799681605496
 40
38.31799681605496
 40
39.31799681605496
 40
39.31799681605496
 40
39.31799681605496
 40
40.32799681605496
 40
40.32799681605496
 40
40.32799681605496
 40
49.10700251146261
 40
49.10700251146261
 40
49.10700251146261
 40
50.10700251146261
 40
50.10700251146261
 40
50.10700251146261
 40
50.10700251146261
 10
48.16203361111111
 20
60.53049305555555
 30
0.0
 10
48.20789472222221
 20
58.59409583333333
 30
0.0
 10
49.06867249999999
 20
57.54599305555555
 30
0.0
 10
49.06867249999999
 20
56.09254861111111
 30
0.0
 10
49.07220027777778
 20
53.91590972222222
 30
0.0
 10
49.56961694444444
 20
54.60029861111111
 30
0.0
 10
47.07900583333333
 20
53.81360416666667
 30
0.0
 10
44.58486694444444
 20
53.03043750000001
 30
0.0
 10
39.51545027777777
 20
48.28945694444445
 30
0.0
 10
38.40420027777778
 20
46.59965138888889
 30
0.0
 10
36.58739472222222
 20
43.82646527777778
 30
0.0
 10
35.63136694444444
 20
45.06471527777778
 30
0.0
 10
34.73531138888889
 20
45.96077083333334
 30
0.0
 10
34.00153361111111
 20
46.69454861111111
 30
0.0
 10
33.6381725
 20
47.94338194444444
 30
0.0
 10
33.03845027777778
 20
48.85354861111112
 30
0.0
 10
33.80750583333333
 20
49.26629861111111
 30
0.0
 10
33.69814472222222
 20
49.26312361111111
 30
0.0
 10
34.55539472222222
 20
49.72490972222222
 30
0.0
 10
35.40911694444444
 20
50.18740138888889
 30
0.0
 10
35.34914472222222
 20
50.09920694444445
 30
0.0
 10
36.12172805555556
 20
50.51513194444444
 30
0.0
 10
37.14713546296297
 20
51.06899305555555
 30
0.0
 10
38.17254287037037
 20
51.62285416666666
 30
0.0
 10
39.19795027777778
 20
52.17671527777777
 30
0.0
 10
38.72405212962963
 20
53.05513194444444
 30
0.0
 10
38.25015398148148
 20
53.93354861111111
 30
0.0
 10
37.77625583333333
 20
54.81196527777777
 30
0.0
 10
36.7496725
 20
54.25810416666667
 30
0.0
 10
35.72308916666666
 20
53.70424305555556
 30
0.0
 10
34.69650583333333
 20
53.15038194444445
 30
0.0
 10
33.9239225
 20
52.73763194444444
 30
0.0
 10
34.03328361111111
 20
52.74115972222221
 30
0.0
 10
33.17956138888889
 20
52.27902083333333
 30
0.0
 10
32.32583916666666
 20
51.8207625
 30
0.0
 10
32.38581138888889
 20
51.90895694444445
 30
0.0
 10
31.61675583333333
 20
51.49232638888888
 30
0.0
 10
31.16520027777777
 20
52.32840972222222
 30
0.0
 10
27.69386694444444
 20
48.54663194444444
 30
0.0
 10
27.68328361111111
 20
55.67979861111111
 30
0.0
 10
28.55464472222222
 20
55.67979861111111
 30
0.0
 10
28.45586694444444
 20
55.72954027777777
 30
0.0
 10
29.42953361111111
 20
55.73271527777778
 30
0.0
 10
30.3996725
 20
55.73271527777778
 30
0.0
 10
30.3044225
 20
55.68367916666666
 30
0.0
 10
31.18283916666667
 20
55.68367916666666
 30
0.0
 10
31.18166324074074
 20
56.71602453703704
 30
0.0
 10
31.18048731481482
 20
57.74836990740741
 30
0.0
 10
31.17931138888889
 20
58.78071527777777
 30
0.0
 10
27.78911694444444
 20
58.7771875
 30
0.0
 10
27.68328361111111
 20
58.68581805555555
 30
0.0
 10
27.67975583333333
 20
60.49874305555555
 30
0.0
  0
SPLINE
  5
182
330
1F
100
AcDbEntity
  8
DEFAULT
 62
     1
100
AcDbSpline
210
0.0
220
0.0
230
1.0
 70
     8
 71
     3
 72
    56
 73
    52
 74
     0
 42
0.000000001
 43
0.0000000001
 40
0.0
 40
0.0
 40
0.0
 40
0.0
 40
1.0
 40
1.0
 40
1.0
 40
9.800005688280324
 40
9.800005688280324
 40
9.800005688280324
 40
10.80000568828032
 40
10.80000568828032
 40
10.80000568828032
 40
11.80000568828032
 40
11.80000568828032
 40
11.80000568828032
 40
12.80000568828032
 40
12.80000568828032
 40
12.80000568828032
 40
13.80000568828032
 40
13.80000568828032
 40
13.80000568828032
 40
14.80000568828032
 40
14.80000568828032
 40
14.80000568828032
 40
24.71886146906471
 40
24.71886146906471
 40
24.71886146906471
 40
33.21947909368471
 40
33.21947909368471
 40
33.21947909368471
 40
43.13833487446909
 40
43.13833487446909
 40
43.13833487446909
 40
44.13833487446909
 40
44.13833487446909
 40
44.13833487446909
 40
45.13833487446909
 40
45.13833487446909
 40
45.13833487446909
 40
46.13833487446909
 40
46.13833487446909
 40
46.13833487446909
 40
47.13833487446909
 40
47.13833487446909
 40
47.13833487446909
 40
48.13833487446909
 40
48.13833487446909
 40
48.13833487446909
 40
49.13833487446909
 40
49.13833487446909
 40
49.13833487446909
 40
50.13833487446909
 40
50.13833487446909
 40
50.13833487446909
 40
50.13833487446909
 10
27.67972055555555
 20
60.84467694444444
 30
0.0
 10
27.67972055555555
 20
62.67206583333333
 30
0.0
 10
27.77497055555555
 20
62.57681583333332
 30
0.0
 10
31.17574833333333
 20
62.5803436111111
 30
0.0
 10
31.17457240740741
 20
63.61398249999998
 30
0.0
 10
31.17339648148148
 20
64.64762138888888
 30
0.0
 10
31.16869277777777
 20
65.68126027777777
 30
0.0
 10
30.29380388888888
 20
65.68126027777777
 30
0.0
 10
30.38905388888889
 20
65.63151861111109
 30
0.0
 10
29.418915
 20
65.63151861111109
 30
0.0
 10
28.44524833333333
 20
65.6283436111111
 30
0.0
 10
28.54402611111111
 20
65.67737972222221
 30
0.0
 10
27.672665
 20
65.67737972222221
 30
0.0
 10
27.66560944444444
 20
72.81089916666666
 30
0.0
 10
31.14752611111111
 20
69.03617694444443
 30
0.0
 10
31.59555388888888
 20
69.87226027777777
 30
0.0
 10
32.36813722222222
 20
69.46303805555554
 30
0.0
 10
32.30463722222222
 20
69.5512325
 30
0.0
 10
33.16188722222221
 20
69.09262138888887
 30
0.0
 10
34.01560944444444
 20
68.63012972222221
 30
0.0
 10
33.90624833333333
 20
68.63401027777776
 30
0.0
 10
34.67883166666666
 20
68.22126027777777
 30
0.0
 10
35.70659092592592
 20
67.66975101851851
 30
0.0
 10
36.73435018518518
 20
67.11824175925925
 30
0.0
 10
37.76210944444444
 20
66.56673249999999
 30
0.0
 10
38.23483166666666
 20
67.44750101851851
 30
0.0
 10
38.70755388888888
 20
68.32826953703703
 30
0.0
 10
39.18027611111111
 20
69.20903805555555
 30
0.0
 10
38.15251685185185
 20
69.7605473148148
 30
0.0
 10
37.12475759259259
 20
70.31205657407406
 30
0.0
 10
36.09699833333333
 20
70.86356583333333
 30
0.0
 10
35.32441499999999
 20
71.27984361111109
 30
0.0
 10
35.38438722222222
 20
71.19164916666665
 30
0.0
 10
34.530665
 20
71.64673249999998
 30
0.0
 10
33.67341499999999
 20
72.10887138888889
 30
0.0
 10
33.7827761111111
 20
72.10534361111111
 30
0.0
 10
33.01372055555555
 20
72.5180936111111
 30
0.0
 10
33.60991499999999
 20
73.42473249999999
 30
0.0
 10
33.96974833333333
 20
74.67356583333331
 30
0.0
 10
34.7035261111111
 20
75.41087138888888
 30
0.0
 10
35.59605388888888
 20
76.31045472222222
 30
0.0
 10
36.54855388888888
 20
77.54870472222221
 30
0.0
 10
38.372415
 20
74.78292694444443
 30
0.0
 10
39.48719277777777
 20
73.09312138888887
 30
0.0
 10
44.56719277777778
 20
68.36942694444443
 30
0.0
 10
47.06133166666666
 20
67.58590749999999
 30
0.0
 10
49.55547055555554
 20
66.8030936111111
 30
0.0
 10
49.05452611111111
 20
67.49101027777778
 30
0.0
 10
49.05805388888888
 20
65.3108436111111
 30
0.0
 10
49.06158166666667
 20
63.85739916666665
 30
0.0
 10
48.20785944444444
 20
62.81670472222221
 30
0.0
 10
48.16199833333333
 20
60.87995472222221
 30
0.0
  0
POLYLINE
  5
183
330
1F
100
AcDbEntity
  8
DEFAULT
 62
     7
100
AcDb2dPolyline
 66
     1
 10
0.0
 20
0.0
 30
0.0
  0
VERTEX
  5
184
330
183
100
AcDbEntity
  8
DEFAULT
 62
     7
100
AcDbVertex
100
AcDb2dVertex
 10
140.9908138888889
 20
94.26469166666668
 30
0.0
  0
VERTEX
  5
185
330
183
100
AcDbEntity
  8
DEFAULT
 62
     7
100
AcDbVertex
100
AcDb2dVertex
 10
139.90955
 20
95.34348611111112
 30
0.0
  0
SEQEND
  5
186
330
183
100
AcDbEntity
  8
DEFAULT
 62
     7
  0
POLYLINE
  5
187
330
1F
100
AcDbEntity
  8
DEFAULT
 62
     7
100
AcDb2dPolyline
 66
     1
 10
0.0
 20
0.0
 30
0.0
  0
VERTEX
  5
188
330
187
100
AcDbEntity
  8
DEFAULT
 62
     7
100
AcDbVertex
100
AcDb2dVertex
 10
138.8748175
 20
93.2251261111111
 30
0.0
  0
VERTEX
  5
189
330
187
100
AcDbEntity
  8
DEFAULT
 62
     7
100
AcDbVertex
100
AcDb2dVertex
 10
138.6109397222222
 20
92.96054277777777
 30
0.0
  0
SEQEND
  5
18A
330
187
100
AcDbEntity
  8
DEFAULT
 62
     7
  0
POLYLINE
  5
18B
330
1F
100
AcDbEntity
  8
DEFAULT
 62
     7
100
AcDb2dPolyline
 66
     1
 10
0.0
 20
0.0
 30
0.0
  0
VERTEX
  5
18C
330
18B
100
AcDbEntity
  8
DEFAULT
 62
     7
100
AcDbVertex
100
AcDb2dVertex
 10
139.7438502777778
 20
94.096205
 30
0.0
  0
VERTEX
  5
18D
330
18B
100
AcDbEntity
  8
DEFAULT
 62
     7
100
AcDbVertex
100
AcDb2dVertex
 10
139.0181863888889
 20
93.36877722222219
 30
0.0
  0
SEQEND
  5
18E
330
18B
100
AcDbEntity
  8
DEFAULT
 62
     7
  0
SPLINE
  5
18F
330
1F
100
AcDbEntity
  8
DEFAULT
 62
     1
100
AcDbSpline
210
0.0
220
0.0
230
1.0
 70
     8
 71
     3
 72
    32
 73
    28
 74
     0
 42
0.000000001
 43
0.0000000001
 40
0.0
 40
0.0
 40
0.0
 40
0.0
 40
3.740601555899773
 40
3.740601555899773
 40
3.740601555899773
 40
13.6613122159281
 40
13.6613122159281
 40
13.6613122159281
 40
14.6613122159281
 40
14.6613122159281
 40
14.6613122159281
 40
15.6613122159281
 40
15.6613122159281
 40
15.6613122159281
 40
16.6613122159281
 40
16.6613122159281
 40
16.6613122159281
 40
17.6613122159281
 40
17.6613122159281
 40
17.6613122159281
 40
18.6613122159281
 40
18.6613122159281
 40
18.6613122159281
 40
19.6613122159281
 40
19.6613122159281
 40
19.6613122159281
 40
20.6613122159281
 40
20.6613122159281
 40
20.6613122159281
 40
20.6613122159281
 10
141.3516702777778
 20
95.45563416666666
 30
0.0
 10
141.6632906481481
 20
95.14518972222221
 30
0.0
 10
141.9749110185185
 20
94.83474527777777
 30
0.0
 10
142.2865313888889
 20
94.52430083333333
 30
0.0
 10
143.1108554629629
 20
95.34980083333333
 30
0.0
 10
143.935179537037
 20
96.17530083333332
 30
0.0
 10
144.7595036111111
 20
97.00080083333332
 30
0.0
 10
145.3768647222222
 20
97.6216897222222
 30
0.0
 10
145.2780869444444
 20
97.58641194444444
 30
0.0
 10
145.9624758333333
 20
98.2743286111111
 30
0.0
 10
146.6503925
 20
98.96577305555554
 30
0.0
 10
146.6151147222222
 20
98.85993972222221
 30
0.0
 10
147.2324758333333
 20
99.47730083333332
 30
0.0
 10
148.4072258333333
 20
98.30607861111109
 30
0.0
 10
148.4072258333333
 20
96.40813416666666
 30
0.0
 10
147.2360036111111
 20
95.23338416666665
 30
0.0
 10
147.2360036111111
 20
95.23338416666665
 30
0.0
 10
143.6376702777778
 20
91.39868972222222
 30
0.0
 10
142.2900591666667
 20
90.28038416666666
 30
0.0
 10
139.3796425
 20
87.36643972222221
 30
0.0
 10
130.9200313888889
 20
90.69666194444443
 30
0.0
 10
126.3056980555556
 20
92.15716194444443
 30
0.0
 10
115.3272536111111
 20
95.62849527777777
 30
0.0
 10
116.7171980555555
 20
88.56235638888889
 30
0.0
 10
109.7710036111111
 20
95.86132861111109
 30
0.0
 10
104.5957536111111
 20
101.2941063888889
 30
0.0
 10
93.49030916666665
 20
106.2894397222222
 30
0.0
 10
85.1647536111111
 20
105.8202452777778
 30
0.0
  0
SPLINE
  5
190
330
1F
100
AcDbEntity
  8
DEFAULT
 62
     1
100
AcDbSpline
210
0.0
220
0.0
230
1.0
 70
     8
 71
     3
 72
    29
 73
    25
 74
     0
 42
0.000000001
 43
0.0000000001
 40
0.0
 40
0.0
 40
0.0
 40
0.0
 40
1.0
 40
1.0
 40
1.0
 40
2.0
 40
2.0
 40
2.0
 40
3.0
 40
3.0
 40
3.0
 40
4.0
 40
4.0
 40
4.0
 40
5.0
 40
5.0
 40
5.0
 40
6.0
 40
6.0
 40
6.0
 40
15.9277892806002
 40
15.9277892806002
 40
15.9277892806002
 40
19.68959735651259
 40
19.68959735651259
 40
19.68959735651259
 40
19.68959735651259
 10
84.81197583333332
 20
105.8026416666667
 30
0.0
 10
79.2592536111111
 20
105.4886694444444
 30
0.0
 10
87.46133694444444
 20
108.6001694444444
 30
0.0
 10
91.0878925
 20
110.2793916666667
 30
0.0
 10
94.75678138888888
 20
111.9797805555555
 30
0.0
 10
108.4128091666667
 20
100.0100305555555
 30
0.0
 10
112.5261980555556
 20
98.97639166666666
 30
0.0
 10
121.9947536111111
 20
96.59866944444445
 30
0.0
 10
133.0402258333333
 20
93.75175277777778
 30
0.0
 10
140.8683647222222
 20
101.5975305555556
 30
0.0
 10
142.0290036111111
 20
102.7793361111111
 30
0.0
 10
143.9340036111111
 20
102.7687527777778
 30
0.0
 10
145.1087536111111
 20
101.5975305555556
 30
0.0
 10
144.4913925
 20
100.9836972222222
 30
0.0
 10
144.5972258333333
 20
101.0154472222222
 30
0.0
 10
143.9128369444445
 20
100.3240027777778
 30
0.0
 10
143.2249202777778
 20
99.6360861111111
 30
0.0
 10
143.2566702777778
 20
99.73839166666666
 30
0.0
 10
142.6393091666667
 20
99.12103055555555
 30
0.0
 10
141.8149850925926
 20
98.29435462962961
 30
0.0
 10
140.9906610185185
 20
97.4676787037037
 30
0.0
 10
140.1663369444445
 20
96.64100277777776
 30
0.0
 10
140.4791332407408
 20
96.32820648148147
 30
0.0
 10
140.791929537037
 20
96.01541018518519
 30
0.0
 10
141.1047258333333
 20
95.70261388888889
 30
0.0
  0
POLYLINE
  5
191
330
1F
100
AcDbEntity
  8
DEFAULT
 62
     7
100
AcDb2dPolyline
 66
     1
 10
0.0
 20
0.0
 30
0.0
  0
VERTEX
  5
192
330
191
100
AcDbEntity
  8
DEFAULT
 62
     7
100
AcDbVertex
100
AcDb2dVertex
 10
139.9862086111111
 20
26.26557555555556
 30
0.0
  0
VERTEX
  5
193
330
191
100
AcDbEntity
  8
DEFAULT
 62
     7
100
AcDbVertex
100
AcDb2dVertex
 10
141.0650030555556
 20
27.34648666666667
 30
0.0
  0
SEQEND
  5
194
330
191
100
AcDbEntity
  8
DEFAULT
 62
     7
  0
POLYLINE
  5
195
330
1F
100
AcDbEntity
  8
DEFAULT
 62
     7
100
AcDb2dPolyline
 66
     1
 10
0.0
 20
0.0
 30
0.0
  0
VERTEX
  5
196
330
195
100
AcDbEntity
  8
DEFAULT
 62
     7
100
AcDbVertex
100
AcDb2dVertex
 10
138.9466783333333
 20
28.38153666666665
 30
0.0
  0
VERTEX
  5
197
330
195
100
AcDbEntity
  8
DEFAULT
 62
     7
100
AcDbVertex
100
AcDb2dVertex
 10
138.6820949999999
 20
28.64541444444443
 30
0.0
  0
SEQEND
  5
198
330
195
100
AcDbEntity
  8
DEFAULT
 62
     7
  0
POLYLINE
  5
199
330
1F
100
AcDbEntity
  8
DEFAULT
 62
     7
100
AcDb2dPolyline
 66
     1
 10
0.0
 20
0.0
 30
0.0
  0
VERTEX
  5
19A
330
199
100
AcDbEntity
  8
DEFAULT
 62
     7
100
AcDbVertex
100
AcDb2dVertex
 10
139.8177572222222
 20
27.51232749999998
 30
0.0
  0
VERTEX
  5
19B
330
199
100
AcDbEntity
  8
DEFAULT
 62
     7
100
AcDbVertex
100
AcDb2dVertex
 10
139.0903294444444
 20
28.23834416666666
 30
0.0
  0
SEQEND
  5
19C
330
199
100
AcDbEntity
  8
DEFAULT
 62
     7
  0
SPLINE
  5
19D
330
1F
100
AcDbEntity
  8
DEFAULT
 62
     1
100
AcDbSpline
210
0.0
220
0.0
230
1.0
 70
     8
 71
     3
 72
    32
 73
    28
 74
     0
 42
0.000000001
 43
0.0000000001
 40
0.0
 40
0.0
 40
0.0
 40
0.0
 40
1.0
 40
1.0
 40
1.0
 40
2.0
 40
2.0
 40
2.0
 40
3.0
 40
3.0
 40
3.0
 40
4.0
 40
4.0
 40
4.0
 40
5.0
 40
5.0
 40
5.0
 40
6.0
 40
6.0
 40
6.0
 40
7.0
 40
7.0
 40
7.0
 40
16.91364715934553
 40
16.91364715934553
 40
16.91364715934553
 40
20.6895973708817
 40
20.6895973708817
 40
20.6895973708817
 40
20.6895973708817
 10
85.24949083333333
 20
15.66777833333333
 30
0.0
 10
93.58210194444442
 20
15.20916722222222
 30
0.0
 10
104.6840186111111
 20
20.23272277777777
 30
0.0
 10
109.8486852777778
 20
25.67961166666666
 30
0.0
 10
116.7807686111111
 20
32.99622277777777
 30
0.0
 10
115.4084630555555
 20
25.92655611111111
 30
0.0
 10
126.3763241666667
 20
29.42258388888889
 30
0.0
 10
130.9906575
 20
30.89366722222222
 30
0.0
 10
139.4432130555556
 20
34.2450561111111
 30
0.0
 10
142.3571575
 20
31.33463944444444
 30
0.0
 10
143.7082963888889
 20
30.21986166666666
 30
0.0
 10
147.3136852777778
 20
26.39222277777777
 30
0.0
 10
147.3136852777778
 20
26.39222277777777
 30
0.0
 10
148.4884352777778
 20
25.22100055555555
 30
0.0
 10
148.4919630555555
 20
23.32305611111111
 30
0.0
 10
147.3207408333333
 20
22.14830611111111
 30
0.0
 10
146.7033797222222
 20
22.76566722222222
 30
0.0
 10
146.7386575
 20
22.65983388888888
 30
0.0
 10
146.0472130555555
 20
23.35127833333333
 30
0.0
 10
145.3628241666667
 20
24.03602
 30
0.0
 10
145.4616019444444
 20
24.00038944444444
 30
0.0
 10
144.8407130555555
 20
24.62127833333333
 30
0.0
 10
144.0152130555556
 20
25.44442648148148
 30
0.0
 10
143.1897130555556
 20
26.26757462962962
 30
0.0
 10
142.3642130555556
 20
27.09072277777777
 30
0.0
 10
142.0502408333333
 20
26.77675055555555
 30
0.0
 10
141.7362686111111
 20
26.46277833333333
 30
0.0
 10
141.4222963888889
 20
26.14880611111111
 30
0.0
  0
SPLINE
  5
19E
330
1F
100
AcDbEntity
  8
DEFAULT
 62
     1
100
AcDbSpline
210
0.0
220
0.0
230
1.0
 70
     8
 71
     3
 72
    29
 73
    25
 74
     0
 42
0.000000001
 43
0.0000000001
 40
0.0
 40
0.0
 40
0.0
 40
0.0
 40
1.0
 40
1.0
 40
1.0
 40
2.0
 40
2.0
 40
2.0
 40
3.0
 40
3.0
 40
3.0
 40
4.0
 40
4.0
 40
4.0
 40
5.0
 40
5.0
 40
5.0
 40
6.0
 40
6.0
 40
6.0
 40
15.92708320706542
 40
15.92708320706542
 40
15.92708320706542
 40
19.65354265270553
 40
19.65354265270553
 40
19.65354265270553
 40
19.65354265270553
 10
84.90017027777778
 20
15.68534666666667
 30
0.0
 10
79.3721425
 20
15.97815222222222
 30
0.0
 10
87.57069805555555
 20
12.89134666666667
 30
0.0
 10
91.20078138888888
 20
11.21953277777778
 30
0.0
 10
94.87319805555555
 20
9.529727222222222
 30
0.0
 10
108.5045313888889
 20
21.53087444444444
 30
0.0
 10
112.6108647222222
 20
22.57192166666666
 30
0.0
 10
122.0794202777778
 20
24.97398555555555
 30
0.0
 10
133.1143091666667
 20
27.84594944444444
 30
0.0
 10
140.9600869444444
 20
20.01745777777778
 30
0.0
 10
142.1242536111111
 20
18.83918
 30
0.0
 10
144.0292536111111
 20
18.85011611111111
 30
0.0
 10
145.2004758333333
 20
20.02486611111111
 30
0.0
 10
144.5831147222222
 20
20.63834666666667
 30
0.0
 10
144.6889480555555
 20
20.60659666666667
 30
0.0
 10
144.0010313888889
 20
21.29451333333333
 30
0.0
 10
143.3131147222222
 20
21.98278277777777
 30
0.0
 10
143.3448647222222
 20
21.88047722222222
 30
0.0
 10
142.7275036111111
 20
22.49783833333333
 30
0.0
 10
141.9008276851852
 20
23.32204481481481
 30
0.0
 10
141.0741517592593
 20
24.14625129629629
 30
0.0
 10
140.2474758333333
 20
24.97045777777777
 30
0.0
 10
140.5567443518518
 20
25.28090222222222
 30
0.0
 10
140.8660128703704
 20
25.59134666666667
 30
0.0
 10
141.1752813888889
 20
25.90179111111111
 30
0.0
  0
POLYLINE
  5
19F
330
1F
100
AcDbEntity
  8
DEFAULT
 62
     7
100
AcDb2dPolyline
 66
     1
 10
0.0
 20
0.0
 30
0.0
  0
VERTEX
  5
1A0
330
19F
100
AcDbEntity
  8
DEFAULT
 62
     7
100
AcDbVertex
100
AcDb2dVertex
 10
126.0118694444445
 20
103.5781661111111
 30
0.0
  0
VERTEX
  5
1A1
330
19F
100
AcDbEntity
  8
DEFAULT
 62
     7
100
AcDbVertex
100
AcDb2dVertex
 10
127.9031111111111
 20
103.5802827777778
 30
0.0
  0
SEQEND
  5
1A2
330
19F
100
AcDbEntity
  8
DEFAULT
 62
     7
  0
SPLINE
  5
1A3
330
1F
100
AcDbEntity
  8
DEFAULT
 62
     7
100
AcDbSpline
210
0.0
220
0.0
230
1.0
 70
    11
 71
     3
 72
    17
 73
    13
 74
     0
 42
0.000000001
 43
0.0000000001
 40
0.0
 40
0.0
 40
0.0
 40
0.0
 40
1.0
 40
1.0
 40
1.0
 40
2.0
 40
2.0
 40
2.0
 40
3.0
 40
3.0
 40
3.0
 40
4.0
 40
4.0
 40
4.0
 40
4.0
 10
126.6006555555555
 20
104.5958241666667
 30
0.0
 10
126.9855361111111
 20
104.5961769444444
 30
0.0
 10
127.1534583333333
 20
104.3298297222222
 30
0.0
 10
127.1538111111111
 20
104.0782991666667
 30
0.0
 10
127.1541638888889
 20
103.7964297222222
 30
0.0
 10
126.9477888888889
 20
103.5791186111111
 30
0.0
 10
126.619
 20
103.5787658333333
 30
0.0
 10
126.2704555555555
 20
103.5784130555555
 30
0.0
 10
126.0661972222222
 20
103.8059547222222
 30
0.0
 10
126.0658444444444
 20
104.0941741666666
 30
0.0
 10
126.0654916666667
 20
104.3929769444444
 30
0.0
 10
126.28245
 20
104.5954713888889
 30
0.0
 10
126.6006555555555
 20
104.5958241666667
 30
0.0
  0
POLYLINE
  5
1A4
330
1F
100
AcDbEntity
  8
DEFAULT
 62
     7
100
AcDb2dPolyline
 66
     1
 10
0.0
 20
0.0
 30
0.0
  0
VERTEX
  5
1A5
330
1A4
100
AcDbEntity
  8
DEFAULT
 62
     7
100
AcDbVertex
100
AcDb2dVertex
 10
128.5292211111111
 20
103.3257888888889
 30
0.0
  0
VERTEX
  5
1A6
330
1A4
100
AcDbEntity
  8
DEFAULT
 62
     7
100
AcDbVertex
100
AcDb2dVertex
 10
128.5274572222222
 20
104.8533166666666
 30
0.0
  0
SEQEND
  5
1A7
330
1A4
100
AcDbEntity
  8
DEFAULT
 62
     7
  0
POLYLINE
  5
1A8
330
1F
100
AcDbEntity
  8
DEFAULT
 62
     7
100
AcDb2dPolyline
 66
     1
 10
0.0
 20
0.0
 30
0.0
  0
VERTEX
  5
1A9
330
1A8
100
AcDbEntity
  8
DEFAULT
 62
     7
100
AcDbVertex
100
AcDb2dVertex
 10
122.1046438888889
 20
106.4971905555556
 30
0.0
  0
VERTEX
  5
1AA
330
1A8
100
AcDbEntity
  8
DEFAULT
 62
     7
100
AcDbVertex
100
AcDb2dVertex
 10
120.6688383333333
 20
105.9761377777778
 30
0.0
  0
SEQEND
  5
1AB
330
1A8
100
AcDbEntity
  8
DEFAULT
 62
     7
  0
SPLINE
  5
1AC
330
1F
100
AcDbEntity
  8
DEFAULT
 62
     7
100
AcDbSpline
210
0.0
220
0.0
230
1.0
 70
    11
 71
     3
 72
    17
 73
    13
 74
     0
 42
0.000000001
 43
0.0000000001
 40
0.0
 40
0.0
 40
0.0
 40
0.0
 40
1.0
 40
1.0
 40
1.0
 40
2.0
 40
2.0
 40
2.0
 40
3.0
 40
3.0
 40
3.0
 40
4.0
 40
4.0
 40
4.0
 40
4.0
 10
121.3242994444444
 20
104.3303941666667
 30
0.0
 10
121.140855
 20
104.8348663888889
 30
0.0
 10
121.4110827777778
 20
105.1816469444445
 30
0.0
 10
121.7405772222222
 20
105.3012386111111
 30
0.0
 10
122.1099355555555
 20
105.4352941666667
 30
0.0
 10
122.4930522222222
 20
105.2680775
 30
0.0
 10
122.6493327777778
 20
104.8369830555555
 30
0.0
 10
122.8151383333333
 20
104.3801358333333
 30
0.0
 10
122.6133494444444
 20
104.0040747222222
 30
0.0
 10
122.2355244444445
 20
103.8671969444444
 30
0.0
 10
121.8439411111111
 20
103.7250275
 30
0.0
 10
121.4756411111111
 20
103.9130580555556
 30
0.0
 10
121.3242994444444
 20
104.3303941666667
 30
0.0
  0
SPLINE
  5
1AD
330
1F
100
AcDbEntity
  8
DEFAULT
 62
     1
100
AcDbSpline
210
0.0
220
0.0
230
1.0
 70
     8
 71
     3
 72
    35
 73
    31
 74
     0
 42
0.000000001
 43
0.0000000001
 40
0.0
 40
0.0
 40
0.0
 40
0.0
 40
3.764306044943752
 40
3.764306044943752
 40
3.764306044943752
 40
8.022427696564314
 40
8.022427696564314
 40
8.022427696564314
 40
9.022427696564314
 40
9.022427696564314
 40
9.022427696564314
 40
10.02242769656431
 40
10.02242769656431
 40
10.02242769656431
 40
11.02242769656431
 40
11.02242769656431
 40
11.02242769656431
 40
12.02242769656431
 40
12.02242769656431
 40
12.02242769656431
 40
13.02242769656431
 40
13.02242769656431
 40
13.02242769656431
 40
14.02242769656431
 40
14.02242769656431
 40
14.02242769656431
 40
18.27242769656431
 40
18.27242769656431
 40
18.27242769656431
 40
22.05242769656429
 40
22.05242769656429
 40
22.05242769656429
 40
22.05242769656429
 10
121.1728872222222
 20
107.3300283333333
 30
0.0
 10
121.589165
 20
107.4805468518518
 30
0.0
 10
122.0054427777778
 20
107.6310653703704
 30
0.0
 10
122.4217205555556
 20
107.7815838888889
 30
0.0
 10
122.2500353703704
 20
108.2519542592593
 30
0.0
 10
122.0783501851852
 20
108.7223246296296
 30
0.0
 10
121.906665
 20
109.192695
 30
0.0
 10
121.6068038888889
 20
110.0146672222222
 30
0.0
 10
121.5962205555555
 20
109.9088338888889
 30
0.0
 10
121.2646094444444
 20
110.8190005555555
 30
0.0
 10
120.9329983333333
 20
111.7362227777778
 30
0.0
 10
121.0106094444444
 20
111.6586116666666
 30
0.0
 10
120.7107483333333
 20
112.4805838888889
 30
0.0
 10
123.4059705555555
 20
113.4613061111111
 30
0.0
 10
128.6270816666666
 20
113.3131394444444
 30
0.0
 10
129.2444427777777
 20
110.4909172222222
 30
0.0
 10
129.7030538888889
 20
108.3954172222222
 30
0.0
 10
134.6207761111111
 20
110.8295838888889
 30
0.0
 10
134.6243038888889
 20
105.5978894444444
 30
0.0
 10
133.749415
 20
105.5943616666666
 30
0.0
 10
133.8481927777778
 20
105.5449727777778
 30
0.0
 10
132.8745261111111
 20
105.5449727777778
 30
0.0
 10
131.9043872222222
 20
105.5449727777778
 30
0.0
 10
131.9996372222222
 20
105.5943616666666
 30
0.0
 10
131.1247483333333
 20
105.5908338888889
 30
0.0
 10
130.6249798148148
 20
105.5908338888889
 30
0.0
 10
130.1252112962963
 20
105.5908338888889
 30
0.0
 10
129.6254427777777
 20
105.5908338888889
 30
0.0
 10
129.6254427777777
 20
105.1463338888889
 30
0.0
 10
129.6254427777777
 20
104.7018338888889
 30
0.0
 10
129.6254427777777
 20
104.2573338888889
 30
0.0
  0
SPLINE
  5
1AE
330
1F
100
AcDbEntity
  8
DEFAULT
 62
     1
100
AcDbSpline
210
0.0
220
0.0
230
1.0
 70
     8
 71
     3
 72
    44
 73
    40
 74
     0
 42
0.000000001
 43
0.0000000001
 40
0.0
 40
0.0
 40
0.0
 40
0.0
 40
3.720000000000027
 40
3.720000000000027
 40
3.720000000000027
 40
7.980000000000018
 40
7.980000000000018
 40
7.980000000000018
 40
8.980000000000018
 40
8.980000000000018
 40
8.980000000000018
 40
9.980000000000018
 40
9.980000000000018
 40
9.980000000000018
 40
10.98000000000002
 40
10.98000000000002
 40
10.98000000000002
 40
11.98000000000002
 40
11.98000000000002
 40
11.98000000000002
 40
12.98000000000002
 40
12.98000000000002
 40
12.98000000000002
 40
13.98000000000002
 40
13.98000000000002
 40
13.98000000000002
 40
14.98000000000002
 40
14.98000000000002
 40
14.98000000000002
 40
15.98000000000002
 40
15.98000000000002
 40
15.98000000000002
 40
16.98000000000002
 40
16.98000000000002
 40
16.98000000000002
 40
21.22530328716338
 40
21.22530328716338
 40
21.22530328716338
 40
24.97080725859371
 40
24.97080725859371
 40
24.97080725859371
 40
24.97080725859371
 10
129.6289
 20
103.9045913888889
 30
0.0
 10
129.6289
 20
103.4671469444444
 30
0.0
 10
129.6289
 20
103.0297025
 30
0.0
 10
129.6289
 20
102.5922580555555
 30
0.0
 10
130.1298444444444
 20
102.5922580555555
 30
0.0
 10
130.6307888888889
 20
102.5922580555555
 30
0.0
 10
131.1317333333333
 20
102.5922580555555
 30
0.0
 10
132.0030944444444
 20
102.5957858333333
 30
0.0
 10
131.9078444444444
 20
102.6451747222222
 30
0.0
 10
132.8779833333333
 20
102.6451747222222
 30
0.0
 10
133.85165
 20
102.6451747222222
 30
0.0
 10
133.7528722222222
 20
102.5957858333333
 30
0.0
 10
134.6277611111111
 20
102.5993136111111
 30
0.0
 10
134.6348166666667
 20
97.79800805555554
 30
0.0
 10
128.7645944444444
 20
98.95159138888886
 30
0.0
 10
126.6373444444444
 20
98.53178583333332
 30
0.0
 10
124.5065666666667
 20
98.11198027777776
 30
0.0
 10
125.1345111111111
 20
100.2074802777777
 30
0.0
 10
123.8362888888889
 20
99.60775805555554
 30
0.0
 10
122.4922055555555
 20
98.98686916666665
 30
0.0
 10
119.9874833333333
 20
96.99720249999999
 30
0.0
 10
120.8941222222222
 20
99.31495249999999
 30
0.0
 10
121.3492055555555
 20
100.4791191666667
 30
0.0
 10
118.0648444444444
 20
101.4280913888889
 30
0.0
 10
117.3980944444444
 20
103.8340358333333
 30
0.0
 10
116.7278166666667
 20
106.2364525
 30
0.0
 10
114.7346222222222
 20
110.3039802777778
 30
0.0
 10
117.8955111111111
 20
111.4575636111111
 30
0.0
 10
118.1918444444444
 20
110.6355913888889
 30
0.0
 10
118.2059555555555
 20
110.7449525
 30
0.0
 10
118.5375666666666
 20
109.8277302777778
 30
0.0
 10
118.8727055555555
 20
108.9175636111111
 30
0.0
 10
118.7915666666666
 20
108.9881191666667
 30
0.0
 10
119.0914277777778
 20
108.1661469444444
 30
0.0
 10
119.261937037037
 20
107.6969525
 30
0.0
 10
119.4324462962963
 20
107.2277580555555
 30
0.0
 10
119.6029555555555
 20
106.7585636111111
 30
0.0
 10
120.0168814814815
 20
106.9090821296296
 30
0.0
 10
120.4308074074074
 20
107.0596006481481
 30
0.0
 10
120.8447333333333
 20
107.2101191666666
 30
0.0
  0
POLYLINE
  5
1AF
330
1F
100
AcDbEntity
  8
DEFAULT
 62
     7
100
AcDb2dPolyline
 66
     1
 10
0.0
 20
0.0
 30
0.0
  0
VERTEX
  5
1B0
330
1AF
100
AcDbEntity
  8
DEFAULT
 62
     7
100
AcDbVertex
100
AcDb2dVertex
 10
126.1104002777778
 20
16.9827575
 30
0.0
  0
VERTEX
  5
1B1
330
1AF
100
AcDbEntity
  8
DEFAULT
 62
     7
100
AcDbVertex
100
AcDb2dVertex
 10
128.0016419444445
 20
16.98487416666667
 30
0.0
  0
SEQEND
  5
1B2
330
1AF
100
AcDbEntity
  8
DEFAULT
 62
     7
  0
SPLINE
  5
1B3
330
1F
100
AcDbEntity
  8
DEFAULT
 62
     7
100
AcDbSpline
210
0.0
220
0.0
230
1.0
 70
    11
 71
     3
 72
    17
 73
    13
 74
     0
 42
0.000000001
 43
0.0000000001
 40
0.0
 40
0.0
 40
0.0
 40
0.0
 40
1.0
 40
1.0
 40
1.0
 40
2.0
 40
2.0
 40
2.0
 40
3.0
 40
3.0
 40
3.0
 40
4.0
 40
4.0
 40
4.0
 40
4.0
 10
126.6991863888889
 20
18.00045083333333
 30
0.0
 10
127.0840669444444
 20
18.00080361111111
 30
0.0
 10
127.2519891666666
 20
17.73445638888889
 30
0.0
 10
127.2523419444444
 20
17.48292583333333
 30
0.0
 10
127.2526947222222
 20
17.20105638888889
 30
0.0
 10
127.0463197222222
 20
16.98374527777778
 30
0.0
 10
126.7175308333333
 20
16.9833925
 30
0.0
 10
126.3689863888889
 20
16.98303972222222
 30
0.0
 10
126.1647280555555
 20
17.21093416666666
 30
0.0
 10
126.1643752777778
 20
17.49880083333333
 30
0.0
 10
126.1640225
 20
17.79760361111111
 30
0.0
 10
126.3809808333333
 20
18.00009805555555
 30
0.0
 10
126.6991863888889
 20
18.00045083333333
 30
0.0
  0
POLYLINE
  5
1B4
330
1F
100
AcDbEntity
  8
DEFAULT
 62
     7
100
AcDb2dPolyline
 66
     1
 10
0.0
 20
0.0
 30
0.0
  0
VERTEX
  5
1B5
330
1B4
100
AcDbEntity
  8
DEFAULT
 62
     7
100
AcDbVertex
100
AcDb2dVertex
 10
128.6277519444444
 20
16.73055666666666
 30
0.0
  0
VERTEX
  5
1B6
330
1B4
100
AcDbEntity
  8
DEFAULT
 62
     7
100
AcDbVertex
100
AcDb2dVertex
 10
128.6259880555556
 20
18.25773166666666
 30
0.0
  0
SEQEND
  5
1B7
330
1B4
100
AcDbEntity
  8
DEFAULT
 62
     7
  0
POLYLINE
  5
1B8
330
1F
100
AcDbEntity
  8
DEFAULT
 62
     7
100
AcDb2dPolyline
 66
     1
 10
0.0
 20
0.0
 30
0.0
  0
VERTEX
  5
1B9
330
1B8
100
AcDbEntity
  8
DEFAULT
 62
     7
100
AcDbVertex
100
AcDb2dVertex
 10
120.7741425
 20
15.59023777777777
 30
0.0
  0
VERTEX
  5
1BA
330
1B8
100
AcDbEntity
  8
DEFAULT
 62
     7
100
AcDbVertex
100
AcDb2dVertex
 10
122.2110063888889
 20
15.07235999999999
 30
0.0
  0
SEQEND
  5
1BB
330
1B8
100
AcDbEntity
  8
DEFAULT
 62
     7
  0
SPLINE
  5
1BC
330
1F
100
AcDbEntity
  8
DEFAULT
 62
     7
100
AcDbSpline
210
0.0
220
0.0
230
1.0
 70
    11
 71
     3
 72
    17
 73
    13
 74
     0
 42
0.000000001
 43
0.0000000001
 40
0.0
 40
0.0
 40
0.0
 40
0.0
 40
1.0
 40
1.0
 40
1.0
 40
2.0
 40
2.0
 40
2.0
 40
3.0
 40
3.0
 40
3.0
 40
4.0
 40
4.0
 40
4.0
 40
4.0
 10
122.7600697222222
 20
16.75641527777778
 30
0.0
 10
122.5780363888889
 20
16.2512375
 30
0.0
 10
122.1490586111111
 20
16.15775138888889
 30
0.0
 10
121.8192113888889
 20
16.2766375
 30
0.0
 10
121.4495002777778
 20
16.4099875
 30
0.0
 10
121.2621752777778
 20
16.78322638888889
 30
0.0
 10
121.4177502777778
 20
17.21502638888889
 30
0.0
 10
121.5824975
 20
17.67187361111111
 30
0.0
 10
121.9779613888889
 20
17.83203472222222
 30
0.0
 10
122.3557863888889
 20
17.69550972222222
 30
0.0
 10
122.7477225
 20
17.55439861111111
 30
0.0
 10
122.9103530555555
 20
17.17410416666666
 30
0.0
 10
122.7600697222222
 20
16.75641527777778
 30
0.0
  0
SPLINE
  5
1BD
330
1F
100
AcDbEntity
  8
DEFAULT
 62
     1
100
AcDbSpline
210
0.0
220
0.0
230
1.0
 70
     8
 71
     3
 72
    35
 73
    31
 74
     0
 42
0.000000001
 43
0.0000000001
 40
0.0
 40
0.0
 40
0.0
 40
0.0
 40
3.640000000000001
 40
3.640000000000001
 40
3.640000000000001
 40
7.8900117646896
 40
7.8900117646896
 40
7.8900117646896
 40
8.8900117646896
 40
8.8900117646896
 40
8.8900117646896
 40
9.8900117646896
 40
9.8900117646896
 40
9.8900117646896
 40
10.8900117646896
 40
10.8900117646896
 40
10.8900117646896
 40
11.8900117646896
 40
11.8900117646896
 40
11.8900117646896
 40
12.8900117646896
 40
12.8900117646896
 40
12.8900117646896
 40
13.8900117646896
 40
13.8900117646896
 40
13.8900117646896
 40
18.14131744647725
 40
18.14131744647725
 40
18.14131744647725
 40
21.87401084401206
 40
21.87401084401206
 40
21.87401084401206
 40
21.87401084401206
 10
129.7277483333333
 20
17.28007861111111
 30
0.0
 10
129.7277483333333
 20
16.85204157407408
 30
0.0
 10
129.7277483333333
 20
16.42400453703704
 30
0.0
 10
129.7277483333333
 20
15.9959675
 30
0.0
 10
130.2275168518518
 20
15.99714342592593
 30
0.0
 10
130.7272853703703
 20
15.99831935185185
 30
0.0
 10
131.2270538888889
 20
15.99949527777778
 30
0.0
 10
132.1019427777778
 20
15.99949527777778
 30
0.0
 10
132.0066927777777
 20
16.04888416666666
 30
0.0
 10
132.9768316666666
 20
16.04888416666666
 30
0.0
 10
133.9504983333333
 20
16.05241194444444
 30
0.0
 10
133.8517205555555
 20
16.00302305555556
 30
0.0
 10
134.7266094444444
 20
16.00302305555556
 30
0.0
 10
134.733665
 20
10.77132861111111
 30
0.0
 10
129.812415
 20
13.19138416666666
 30
0.0
 10
129.3573316666667
 20
11.09588416666667
 30
0.0
 10
128.7470261111111
 20
8.273661944444443
 30
0.0
 10
123.525915
 20
8.114911944444444
 30
0.0
 10
120.8306927777778
 20
9.08857861111111
 30
0.0
 10
121.1234983333333
 20
9.910550833333332
 30
0.0
 10
121.049415
 20
9.832939722222221
 30
0.0
 10
121.3774983333333
 20
10.75016194444444
 30
0.0
 10
121.7091094444444
 20
11.66032861111111
 30
0.0
 10
121.7196927777778
 20
11.55449527777778
 30
0.0
 10
122.0195538888889
 20
12.3764675
 30
0.0
 10
122.1888872222222
 20
12.84683787037037
 30
0.0
 10
122.3582205555555
 20
13.31720824074074
 30
0.0
 10
122.5275538888889
 20
13.78757861111111
 30
0.0
 10
122.1148038888889
 20
13.9369212037037
 30
0.0
 10
121.7020538888889
 20
14.08626379629629
 30
0.0
 10
121.2893038888889
 20
14.23560638888889
 30
0.0
  0
SPLINE
  5
1BE
330
1F
100
AcDbEntity
  8
DEFAULT
 62
     1
100
AcDbSpline
210
0.0
220
0.0
230
1.0
 70
     8
 71
     3
 72
    44
 73
    40
 74
     0
 42
0.000000001
 43
0.0000000001
 40
0.0
 40
0.0
 40
0.0
 40
0.0
 40
3.760917441263519
 40
3.760917441263519
 40
3.760917441263519
 40
8.006220728426886
 40
8.006220728426886
 40
8.006220728426886
 40
9.006220728426886
 40
9.006220728426886
 40
9.006220728426886
 40
10.00622072842689
 40
10.00622072842689
 40
10.00622072842689
 40
11.00622072842689
 40
11.00622072842689
 40
11.00622072842689
 40
12.00622072842689
 40
12.00622072842689
 40
12.00622072842689
 40
13.00622072842689
 40
13.00622072842689
 40
13.00622072842689
 40
14.00622072842689
 40
14.00622072842689
 40
14.00622072842689
 40
15.00622072842689
 40
15.00622072842689
 40
15.00622072842689
 40
16.00622072842689
 40
16.00622072842689
 40
16.00622072842689
 40
17.00622072842689
 40
17.00622072842689
 40
17.00622072842689
 40
21.26623246549991
 40
21.26623246549991
 40
21.26623246549991
 40
25.13623246549991
 40
25.13623246549991
 40
25.13623246549991
 40
25.13623246549991
 10
120.9575869444444
 20
14.35551555555556
 30
0.0
 10
120.5413091666666
 20
14.50485814814815
 30
0.0
 10
120.1250313888889
 20
14.65420074074075
 30
0.0
 10
119.7087536111111
 20
14.80354333333334
 30
0.0
 10
119.5382443518518
 20
14.33434888888889
 30
0.0
 10
119.3677350925926
 20
13.86515444444444
 30
0.0
 10
119.1972258333333
 20
13.39596
 30
0.0
 10
118.9008925
 20
12.57398777777778
 30
0.0
 10
118.9820313888889
 20
12.64454333333333
 30
0.0
 10
118.6504202777778
 20
11.73437666666666
 30
0.0
 10
118.3188091666666
 20
10.81715444444444
 30
0.0
 10
118.3046980555555
 20
10.92651555555555
 30
0.0
 10
118.0083647222222
 20
10.10454333333333
 30
0.0
 10
114.8474758333333
 20
11.25107111111111
 30
0.0
 10
116.8336147222222
 20
15.32212666666667
 30
0.0
 10
117.4968369444444
 20
17.72807111111111
 30
0.0
 10
118.1565313888889
 20
20.13401555555555
 30
0.0
 10
121.4408925
 20
21.09004333333333
 30
0.0
 10
120.9822813888889
 20
22.25068222222222
 30
0.0
 10
120.0685869444444
 20
24.56843222222222
 30
0.0
 10
122.5803647222222
 20
22.58582111111111
 30
0.0
 10
123.9244480555555
 20
21.96846
 30
0.0
 10
125.2261980555555
 20
21.36873777777778
 30
0.0
 10
124.5911980555555
 20
23.46423777777778
 30
0.0
 10
126.7219758333333
 20
23.05148777777778
 30
0.0
 10
128.8492258333333
 20
22.63168222222222
 30
0.0
 10
134.7194480555555
 20
23.80290444444444
 30
0.0
 10
134.7229758333333
 20
19.00159888888889
 30
0.0
 10
133.8480869444444
 20
19.00159888888889
 30
0.0
 10
133.9468647222222
 20
18.95221
 30
0.0
 10
132.9731980555555
 20
18.94868222222222
 30
0.0
 10
132.0030591666666
 20
18.94868222222222
 30
0.0
 10
132.0983091666666
 20
18.99807111111111
 30
0.0
 10
131.2269480555555
 20
18.99807111111111
 30
0.0
 10
130.7260036111111
 20
18.99689518518518
 30
0.0
 10
130.2250591666667
 20
18.99571925925926
 30
0.0
 10
129.7241147222222
 20
18.99454333333333
 30
0.0
 10
129.7241147222222
 20
18.53945999999999
 30
0.0
 10
129.7241147222222
 20
18.08437666666666
 30
0.0
 10
129.7241147222222
 20
17.62929333333333
 30
0.0
  0
POLYLINE
  5
1BF
330
1F
100
AcDbEntity
  8
DEFAULT
 62
     7
100
AcDb2dPolyline
 66
     1
 10
0.0
 20
0.0
 30
0.0
  0
VERTEX
  5
1C0
330
1BF
100
AcDbEntity
  8
DEFAULT
 62
     7
100
AcDbVertex
100
AcDb2dVertex
 10
87.99523083333334
 20
42.44269444444445
 30
0.0
  0
VERTEX
  5
1C1
330
1BF
100
AcDbEntity
  8
DEFAULT
 62
     7
100
AcDbVertex
100
AcDb2dVertex
 10
88.38505027777776
 20
43.39942777777779
 30
0.0
  0
SEQEND
  5
1C2
330
1BF
100
AcDbEntity
  8
DEFAULT
 62
     7
  0
SPLINE
  5
1C3
330
1F
100
AcDbEntity
  8
DEFAULT
 62
     7
100
AcDbSpline
210
0.0
220
0.0
230
1.0
 70
    11
 71
     3
 72
    17
 73
    13
 74
     0
 42
0.000000001
 43
0.0000000001
 40
0.0
 40
0.0
 40
0.0
 40
0.0
 40
1.0
 40
1.0
 40
1.0
 40
2.0
 40
2.0
 40
2.0
 40
3.0
 40
3.0
 40
3.0
 40
4.0
 40
4.0
 40
4.0
 40
4.0
 10
87.49520361111111
 20
42.85473888888888
 30
0.0
 10
87.89066749999999
 20
43.09709722222222
 30
0.0
 10
88.2303925
 20
42.92811666666666
 30
0.0
 10
88.38843694444444
 20
42.66988333333332
 30
0.0
 10
88.56553138888887
 20
42.38025277777777
 30
0.0
 10
88.49003694444443
 20
42.027475
 30
0.0
 10
88.15207583333333
 20
41.82074722222222
 30
0.0
 10
87.79435916666667
 20
41.60167222222221
 30
0.0
 10
87.4412286111111
 20
41.70785833333333
 30
0.0
 10
87.2602536111111
 20
42.00383888888888
 30
0.0
 10
87.07257583333332
 20
42.31075555555555
 30
0.0
 10
87.16853138888888
 20
42.65506666666666
 30
0.0
 10
87.49520361111111
 20
42.85473888888888
 30
0.0
  0
POLYLINE
  5
1C4
330
1F
100
AcDbEntity
  8
DEFAULT
 62
     7
100
AcDb2dPolyline
 66
     1
 10
0.0
 20
0.0
 30
0.0
  0
VERTEX
  5
1C5
330
1C4
100
AcDbEntity
  8
DEFAULT
 62
     7
100
AcDbVertex
100
AcDb2dVertex
 10
89.66475166666666
 20
42.56877722222222
 30
0.0
  0
VERTEX
  5
1C6
330
1C4
100
AcDbEntity
  8
DEFAULT
 62
     7
100
AcDbVertex
100
AcDb2dVertex
 10
88.86782666666666
 20
43.87158555555555
 30
0.0
  0
SEQEND
  5
1C7
330
1C4
100
AcDbEntity
  8
DEFAULT
 62
     7
  0
POLYLINE
  5
1C8
330
1F
100
AcDbEntity
  8
DEFAULT
 62
     7
100
AcDb2dPolyline
 66
     1
 10
0.0
 20
0.0
 30
0.0
  0
VERTEX
  5
1C9
330
1C8
100
AcDbEntity
  8
DEFAULT
 62
     7
100
AcDbVertex
100
AcDb2dVertex
 10
87.95392055555553
 20
79.05199666666662
 30
0.0
  0
VERTEX
  5
1CA
330
1C8
100
AcDbEntity
  8
DEFAULT
 62
     7
100
AcDbVertex
100
AcDb2dVertex
 10
88.98297333333328
 20
79.14195499999995
 30
0.0
  0
SEQEND
  5
1CB
330
1C8
100
AcDbEntity
  8
DEFAULT
 62
     7
  0
SPLINE
  5
1CC
330
1F
100
AcDbEntity
  8
DEFAULT
 62
     7
100
AcDbSpline
210
0.0
220
0.0
230
1.0
 70
    11
 71
     3
 72
    17
 73
    13
 74
     0
 42
0.000000001
 43
0.0000000001
 40
0.0
 40
0.0
 40
0.0
 40
0.0
 40
1.0
 40
1.0
 40
1.0
 40
2.0
 40
2.0
 40
2.0
 40
3.0
 40
3.0
 40
3.0
 40
4.0
 40
4.0
 40
4.0
 40
4.0
 10
88.09206833333333
 20
79.68487999999999
 30
0.0
 10
88.48788499999999
 20
79.44358
 30
0.0
 10
88.49317666666666
 20
79.06434388888889
 30
0.0
 10
88.33548499999999
 20
78.80575777777777
 30
0.0
 10
88.15874333333332
 20
78.51612722222222
 30
0.0
 10
87.81055166666665
 20
78.42193555555555
 30
0.0
 10
87.47223777777776
 20
78.62831055555554
 30
0.0
 10
87.11416833333332
 20
78.84667999999999
 30
0.0
 10
87.04678777777777
 20
79.20898277777778
 30
0.0
 10
87.22740999999999
 20
79.50531611111111
 30
0.0
 10
87.414735
 20
79.81258555555554
 30
0.0
 10
87.76469055555555
 20
79.88419944444443
 30
0.0
 10
88.09206833333333
 20
79.68487999999999
 30
0.0
  0
POLYLINE
  5
1CD
330
1F
100
AcDbEntity
  8
DEFAULT
 62
     7
100
AcDb2dPolyline
 66
     1
 10
0.0
 20
0.0
 30
0.0
  0
VERTEX
  5
1CE
330
1CD
100
AcDbEntity
  8
DEFAULT
 62
     7
100
AcDbVertex
100
AcDb2dVertex
 10
88.82863305555557
 20
77.62437555555557
 30
0.0
  0
VERTEX
  5
1CF
330
1CD
100
AcDbEntity
  8
DEFAULT
 62
     7
100
AcDbVertex
100
AcDb2dVertex
 10
89.6234413888889
 20
78.92859500000002
 30
0.0
  0
SEQEND
  5
1D0
330
1CD
100
AcDbEntity
  8
DEFAULT
 62
     7
  0
POLYLINE
  5
1D1
330
1F
100
AcDbEntity
  8
DEFAULT
 62
     7
100
AcDb2dPolyline
 66
     1
 10
0.0
 20
0.0
 30
0.0
  0
VERTEX
  5
1D2
330
1D1
100
AcDbEntity
  8
DEFAULT
 62
     7
100
AcDbVertex
100
AcDb2dVertex
 10
83.21777305555555
 20
59.97652611111111
 30
0.0
  0
VERTEX
  5
1D3
330
1D1
100
AcDbEntity
  8
DEFAULT
 62
     7
100
AcDbVertex
100
AcDb2dVertex
 10
83.21600916666667
 20
61.50370111111111
 30
0.0
  0
SEQEND
  5
1D4
330
1D1
100
AcDbEntity
  8
DEFAULT
 62
     7
  0
SPLINE
  5
1D5
330
1F
100
AcDbEntity
  8
DEFAULT
 62
     7
100
AcDbSpline
210
0.0
220
0.0
230
1.0
 70
     8
 71
     3
 72
    11
 73
     7
 74
     0
 42
0.000000001
 43
0.0000000001
 40
0.0
 40
0.0
 40
0.0
 40
0.0
 40
1.0
 40
1.0
 40
1.0
 40
2.0
 40
2.0
 40
2.0
 40
2.0
 10
81.05097666666666
 20
60.50534
 30
0.0
 10
80.85589055555555
 20
60.57130944444445
 30
0.0
 10
80.7327711111111
 20
60.73005944444444
 30
0.0
 10
80.7327711111111
 20
60.90715388888889
 30
0.0
 10
80.7327711111111
 20
60.93678722222222
 30
0.0
 10
80.73559333333333
 20
60.95795388888888
 30
0.0
 10
80.74159055555555
 20
60.98194277777777
 30
0.0
  0
SPLINE
  5
1D6
330
1F
100
AcDbEntity
  8
DEFAULT
 62
     7
100
AcDbSpline
210
0.0
220
0.0
230
1.0
 70
     8
 71
     3
 72
    11
 73
     7
 74
     0
 42
0.000000001
 43
0.0000000001
 40
0.0
 40
0.0
 40
0.0
 40
0.0
 40
2.830001590105544
 40
2.830001590105544
 40
2.830001590105544
 40
3.830001590105544
 40
3.830001590105544
 40
3.830001590105544
 40
3.830001590105544
 10
82.21729527777777
 20
60.50671583333332
 30
0.0
 10
81.88450824074073
 20
60.50636305555555
 30
0.0
 10
81.55172120370368
 20
60.50601027777778
 30
0.0
 10
81.21893416666666
 20
60.5056575
 30
0.0
 10
81.04818972222222
 20
60.50530472222221
 30
0.0
 10
80.90108138888888
 20
60.50212972222221
 30
0.0
 10
80.7659675
 20
60.4929575
 30
0.0
  0
SPLINE
  5
1D7
330
1F
100
AcDbEntity
  8
DEFAULT
 62
     1
100
AcDbSpline
210
0.0
220
0.0
230
1.0
 70
     8
 71
     3
 72
    50
 73
    46
 74
     0
 42
0.000000001
 43
0.0000000001
 40
0.0
 40
0.0
 40
0.0
 40
0.0
 40
3.729000000000013
 40
3.729000000000013
 40
3.729000000000013
 40
13.65900407854903
 40
13.65900407854903
 40
13.65900407854903
 40
14.65900407854903
 40
14.65900407854903
 40
14.65900407854903
 40
15.65900407854903
 40
15.65900407854903
 40
15.65900407854903
 40
16.65900407854903
 40
16.65900407854903
 40
16.65900407854903
 40
17.65900407854903
 40
17.65900407854903
 40
17.65900407854903
 40
18.65900407854903
 40
18.65900407854903
 40
18.65900407854903
 40
28.57366494012166
 40
28.57366494012166
 40
28.57366494012166
 40
37.08287647821379
 40
37.08287647821379
 40
37.08287647821379
 40
46.9975373397864
 40
46.9975373397864
 40
46.9975373397864
 40
47.9975373397864
 40
47.9975373397864
 40
47.9975373397864
 40
48.9975373397864
 40
48.9975373397864
 40
48.9975373397864
 40
49.9975373397864
 40
49.9975373397864
 40
49.9975373397864
 40
50.9975373397864
 40
50.9975373397864
 40
50.9975373397864
 40
51.9975373397864
 40
51.9975373397864
 40
51.9975373397864
 40
51.9975373397864
 10
84.31812222222221
 20
60.55875055555555
 30
0.0
 10
84.31812222222221
 20
60.12024777777777
 30
0.0
 10
84.31812222222221
 20
59.681745
 30
0.0
 10
84.31812222222221
 20
59.24324222222221
 30
0.0
 10
85.48581666666666
 20
59.24430055555555
 30
0.0
 10
86.65351111111111
 20
59.24535888888888
 30
0.0
 10
87.82120555555555
 20
59.24641722222221
 30
0.0
 10
88.69609444444444
 20
59.24641722222221
 30
0.0
 10
88.60084444444443
 20
59.2958061111111
 30
0.0
 10
89.57098333333332
 20
59.29968666666667
 30
0.0
 10
90.54464999999999
 20
59.29968666666667
 30
0.0
 10
90.44587222222222
 20
59.24994499999999
 30
0.0
 10
91.31723333333332
 20
59.24994499999999
 30
0.0
 10
91.32428888888889
 20
53.42911166666666
 30
0.0
 10
93.83253888888888
 20
51.28069499999999
 30
0.0
 10
95.39534444444443
 20
48.7230561111111
 30
0.0
 10
94.65098333333333
 20
48.26444499999999
 30
0.0
 10
94.76034444444444
 20
48.2753811111111
 30
0.0
 10
93.92778888888888
 20
47.76702833333333
 30
0.0
 10
93.0987611111111
 20
47.26290888888889
 30
0.0
 10
93.15520555555555
 20
47.35427833333333
 30
0.0
 10
92.40731666666666
 20
46.89919499999999
 30
0.0
 10
91.41248333333333
 20
46.29124129629628
 30
0.0
 10
90.41764999999998
 20
45.68328759259258
 30
0.0
 10
89.42281666666666
 20
45.07533388888888
 30
0.0
 10
89.94492777777778
 20
44.22172925925926
 30
0.0
 10
90.4670388888889
 20
43.36812462962962
 30
0.0
 10
90.98915
 20
42.51452
 30
0.0
 10
91.98398333333334
 20
43.1224737037037
 30
0.0
 10
92.97881666666666
 20
43.7304274074074
 30
0.0
 10
93.97364999999999
 20
44.3383811111111
 30
0.0
 10
94.72153888888889
 20
44.79346444444444
 30
0.0
 10
94.61217777777777
 20
44.7860561111111
 30
0.0
 10
95.44120555555556
 20
45.2940561111111
 30
0.0
 10
96.2737611111111
 20
45.80205611111111
 30
0.0
 10
96.21378888888887
 20
45.71033388888888
 30
0.0
 10
96.95814999999999
 20
46.16541722222221
 30
0.0
 10
98.64442777777778
 20
43.40669499999999
 30
0.0
 10
95.57526111111112
 20
40.76086166666666
 30
0.0
 10
92.53078888888889
 20
38.92288944444444
 30
0.0
 10
88.99948333333333
 20
36.78858388888889
 30
0.0
 10
82.46956666666665
 20
36.31938944444444
 30
0.0
 10
82.72356666666666
 20
38.08680611111111
 30
0.0
 10
86.85106666666667
 20
66.83466722222221
 30
0.0
 10
76.02078888888887
 20
49.85547277777777
 30
0.0
 10
75.89731666666665
 20
60.55875055555555
 30
0.0
  0
SPLINE
  5
1D8
330
1F
100
AcDbEntity
  8
DEFAULT
 62
     1
100
AcDbSpline
210
0.0
220
0.0
230
1.0
 70
     8
 71
     3
 72
    50
 73
    46
 74
     0
 42
0.000000001
 43
0.0000000001
 40
0.0
 40
0.0
 40
0.0
 40
0.0
 40
1.0
 40
1.0
 40
1.0
 40
2.0
 40
2.0
 40
2.0
 40
3.0
 40
3.0
 40
3.0
 40
4.0
 40
4.0
 40
4.0
 40
5.0
 40
5.0
 40
5.0
 40
14.91278971833865
 40
14.91278971833865
 40
14.91278971833865
 40
23.40389683107725
 40
23.40389683107725
 40
23.40389683107725
 40
33.32188553847152
 40
33.32188553847152
 40
33.32188553847152
 40
34.32188553847152
 40
34.32188553847152
 40
34.32188553847152
 40
35.32188553847152
 40
35.32188553847152
 40
35.32188553847152
 40
36.32188553847152
 40
36.32188553847152
 40
36.32188553847152
 40
37.32188553847152
 40
37.32188553847152
 40
37.32188553847152
 40
38.32188553847152
 40
38.32188553847152
 40
38.32188553847152
 40
48.24189057879283
 40
48.24189057879283
 40
48.24189057879283
 40
52.02189057879283
 40
52.02189057879283
 40
52.02189057879283
 40
52.02189057879283
 10
75.89728138888889
 20
60.90807111111111
 30
0.0
 10
75.99958694444443
 20
71.60076555555555
 30
0.0
 10
86.86161472222221
 20
54.66390444444445
 30
0.0
 10
82.67414249999999
 20
83.39059888888889
 30
0.0
 10
82.4166147222222
 20
85.15801555555555
 30
0.0
 10
88.94653138888889
 20
84.70293222222222
 30
0.0
 10
92.48136472222222
 20
82.58273777777778
 30
0.0
 10
95.52936472222221
 20
80.75182111111111
 30
0.0
 10
98.60558694444443
 20
78.11304333333334
 30
0.0
 10
96.9263647222222
 20
75.34726555555555
 30
0.0
 10
96.17847583333331
 20
75.80234888888889
 30
0.0
 10
96.23844805555554
 20
75.71062666666667
 30
0.0
 10
95.40589249999998
 20
76.21862666666667
 30
0.0
 10
94.57686472222221
 20
76.71957111111111
 30
0.0
 10
94.68622583333332
 20
76.71251555555556
 30
0.0
 10
93.93480916666667
 20
77.16759888888889
 30
0.0
 10
92.93879990740739
 20
77.77320074074073
 30
0.0
 10
91.94279064814812
 20
78.37880259259259
 30
0.0
 10
90.94678138888888
 20
78.98440444444445
 30
0.0
 10
90.42702212962962
 20
78.13185814814817
 30
0.0
 10
89.90726287037035
 20
77.27931185185186
 30
0.0
 10
89.3875036111111
 20
76.42676555555556
 30
0.0
 10
90.38351287037035
 20
75.81998777777778
 30
0.0
 10
91.3795221296296
 20
75.21321
 30
0.0
 10
92.37553138888887
 20
74.60643222222221
 30
0.0
 10
93.12342027777777
 20
74.15134888888889
 30
0.0
 10
93.06697583333332
 20
74.2430711111111
 30
0.0
 10
93.8960036111111
 20
73.73859888888889
 30
0.0
 10
94.73208694444443
 20
73.23059888888889
 30
0.0
 10
94.62272583333332
 20
73.24118222222222
 30
0.0
 10
95.36708694444444
 20
72.78962666666666
 30
0.0
 10
93.81133694444443
 20
70.22493222222222
 30
0.0
 10
91.3066147222222
 20
68.06946
 30
0.0
 10
91.31367027777777
 20
62.24862666666667
 30
0.0
 10
90.44230916666665
 20
62.24862666666667
 30
0.0
 10
90.54108694444444
 20
62.19923777777777
 30
0.0
 10
89.56742027777777
 20
62.19923777777777
 30
0.0
 10
88.59728138888887
 20
62.19571
 30
0.0
 10
88.69253138888888
 20
62.24509888888888
 30
0.0
 10
87.81411472222221
 20
62.24509888888888
 30
0.0
 10
86.6475962037037
 20
62.24392296296296
 30
0.0
 10
85.48107768518518
 20
62.24274703703704
 30
0.0
 10
84.31455916666665
 20
62.24157111111111
 30
0.0
 10
84.31455916666665
 20
61.79707111111111
 30
0.0
 10
84.31455916666665
 20
61.35257111111111
 30
0.0
 10
84.31455916666665
 20
60.90807111111111
 30
0.0
  0
POLYLINE
  5
1D9
330
1F
100
AcDbEntity
  8
DEFAULT
 62
     7
100
AcDb2dPolyline
 66
     1
 10
0.0
 20
0.0
 30
0.0
  0
VERTEX
  5
1DA
330
1D9
100
AcDbEntity
  8
DEFAULT
 62
     7
100
AcDbVertex
100
AcDb2dVertex
 10
122.1519866666667
 20
50.83083277777776
 30
0.0
  0
VERTEX
  5
1DB
330
1D9
100
AcDbEntity
  8
DEFAULT
 62
     7
100
AcDbVertex
100
AcDb2dVertex
 10
122.1502227777778
 20
52.35836055555556
 30
0.0
  0
SEQEND
  5
1DC
330
1D9
100
AcDbEntity
  8
DEFAULT
 62
     7
  0
SPLINE
  5
1DD
330
1F
100
AcDbEntity
  8
DEFAULT
 62
     7
100
AcDbSpline
210
0.0
220
0.0
230
1.0
 70
     8
 71
     3
 72
    29
 73
    25
 74
     0
 42
0.000000001
 43
0.0000000001
 40
0.0
 40
0.0
 40
0.0
 40
0.0
 40
1.802001109877536
 40
1.802001109877536
 40
1.802001109877536
 40
2.813001604437281
 40
2.813001604437281
 40
2.813001604437281
 40
4.007412337811711
 40
4.007412337811711
 40
4.007412337811711
 40
4.644412337811711
 40
4.644412337811711
 40
4.644412337811711
 40
7.432413951871513
 40
7.432413951871513
 40
7.432413951871513
 40
8.432413951871514
 40
8.432413951871514
 40
8.432413951871514
 40
9.432413951871514
 40
9.432413951871514
 40
9.432413951871514
 40
10.43241395187151
 40
10.43241395187151
 40
10.43241395187151
 40
10.43241395187151
 10
119.6784147222222
 20
52.02212805555556
 30
0.0
 10
119.6786499074074
 20
51.81022620370371
 30
0.0
 10
119.6788850925926
 20
51.59832435185186
 30
0.0
 10
119.6791202777778
 20
51.38642250000001
 30
0.0
 10
119.5602341666666
 20
51.38630490740741
 30
0.0
 10
119.4413480555555
 20
51.38618731481483
 30
0.0
 10
119.3224619444444
 20
51.38606972222222
 30
0.0
 10
119.4413480555555
 20
51.31128083333333
 30
0.0
 10
119.5602341666666
 20
51.23649194444445
 30
0.0
 10
119.6791202777778
 20
51.16170305555556
 30
0.0
 10
119.6791202777778
 20
51.23660953703703
 30
0.0
 10
119.6791202777778
 20
51.31151601851852
 30
0.0
 10
119.6791202777778
 20
51.3864225
 30
0.0
 10
120.0069684259259
 20
51.38677527777778
 30
0.0
 10
120.3348165740741
 20
51.38712805555556
 30
0.0
 10
120.6626647222222
 20
51.38748083333333
 30
0.0
 10
120.8334091666667
 20
51.38783361111111
 30
0.0
 10
120.9621730555556
 20
51.41464472222222
 30
0.0
 10
121.0401369444444
 20
51.48978638888889
 30
0.0
 10
121.1121036111111
 20
51.55293361111111
 30
0.0
 10
121.1509091666667
 20
51.65206416666666
 30
0.0
 10
121.1509091666667
 20
51.77483083333333
 30
0.0
 10
121.1505563888889
 20
51.87678361111111
 30
0.0
 10
121.1357397222222
 20
51.95756972222222
 30
0.0
 10
121.1145730555556
 20
52.0087225
 30
0.0
  0
POLYLINE
  5
1DE
330
1F
100
AcDbEntity
  8
DEFAULT
 62
     7
100
AcDb2dPolyline
 66
     1
 10
0.0
 20
0.0
 30
0.0
  0
VERTEX
  5
1DF
330
1DE
100
AcDbEntity
  8
DEFAULT
 62
     7
100
AcDbVertex
100
AcDb2dVertex
 10
122.1945316666666
 20
69.21073138888889
 30
0.0
  0
VERTEX
  5
1E0
330
1DE
100
AcDbEntity
  8
DEFAULT
 62
     7
100
AcDbVertex
100
AcDb2dVertex
 10
122.1927677777778
 20
70.73825916666667
 30
0.0
  0
SEQEND
  5
1E1
330
1DE
100
AcDbEntity
  8
DEFAULT
 62
     7
  0
SPLINE
  5
1E2
330
1F
100
AcDbEntity
  8
DEFAULT
 62
     7
100
AcDbSpline
210
0.0
220
0.0
230
1.0
 70
     8
 71
     3
 72
    29
 73
    25
 74
     0
 42
0.000000001
 43
0.0000000001
 40
0.0
 40
0.0
 40
0.0
 40
0.0
 40
1.802001109877593
 40
1.802001109877593
 40
1.802001109877593
 40
2.439001109877593
 40
2.439001109877593
 40
2.439001109877593
 40
3.633411843252023
 40
3.633411843252023
 40
3.633411843252023
 40
4.644412337811769
 40
4.644412337811769
 40
4.644412337811769
 40
7.43241395187157
 40
7.43241395187157
 40
7.43241395187157
 40
8.43241395187157
 40
8.43241395187157
 40
8.43241395187157
 40
9.43241395187157
 40
9.43241395187157
 40
9.43241395187157
 40
10.43241395187157
 40
10.43241395187157
 40
10.43241395187157
 40
10.43241395187157
 10
119.7209597222222
 20
70.40188555555557
 30
0.0
 10
119.7211949074074
 20
70.1899837037037
 30
0.0
 10
119.7214300925926
 20
69.97808185185185
 30
0.0
 10
119.7216652777777
 20
69.76617999999999
 30
0.0
 10
119.7216652777777
 20
69.69127351851851
 30
0.0
 10
119.7216652777777
 20
69.61636703703705
 30
0.0
 10
119.7216652777777
 20
69.54146055555556
 30
0.0
 10
119.6027791666667
 20
69.61624944444445
 30
0.0
 10
119.4838930555555
 20
69.69103833333334
 30
0.0
 10
119.3650069444444
 20
69.76582722222221
 30
0.0
 10
119.4838930555555
 20
69.7659448148148
 30
0.0
 10
119.6027791666667
 20
69.7660624074074
 30
0.0
 10
119.7216652777777
 20
69.76617999999999
 30
0.0
 10
120.0495134259259
 20
69.76653277777777
 30
0.0
 10
120.3773615740741
 20
69.76688555555555
 30
0.0
 10
120.7052097222222
 20
69.76723833333332
 30
0.0
 10
120.8759541666666
 20
69.7675911111111
 30
0.0
 10
121.0047180555555
 20
69.794755
 30
0.0
 10
121.0826819444444
 20
69.86989666666666
 30
0.0
 10
121.1546486111111
 20
69.9326911111111
 30
0.0
 10
121.1934541666666
 20
70.03182166666666
 30
0.0
 10
121.1934541666666
 20
70.15458833333334
 30
0.0
 10
121.1931013888889
 20
70.2565411111111
 30
0.0
 10
121.1782847222222
 20
70.33768
 30
0.0
 10
121.1571180555555
 20
70.38847999999999
 30
0.0
  0
POLYLINE
  5
1E3
330
1F
100
AcDbEntity
  8
DEFAULT
 62
     7
100
AcDb2dPolyline
 66
     1
 10
0.0
 20
0.0
 30
0.0
  0
VERTEX
  5
1E4
330
1E3
100
AcDbEntity
  8
DEFAULT
 62
     7
100
AcDbVertex
100
AcDb2dVertex
 10
126.14021
 20
60.02612666666666
 30
0.0
  0
VERTEX
  5
1E5
330
1E3
100
AcDbEntity
  8
DEFAULT
 62
     7
100
AcDbVertex
100
AcDb2dVertex
 10
126.1384461111111
 20
61.55330166666666
 30
0.0
  0
SEQEND
  5
1E6
330
1E3
100
AcDbEntity
  8
DEFAULT
 62
     7
  0
SPLINE
  5
1E7
330
1F
100
AcDbEntity
  8
DEFAULT
 62
     7
100
AcDbSpline
210
0.0
220
0.0
230
1.0
 70
     8
 71
     3
 72
    23
 73
    19
 74
     0
 42
0.000000001
 43
0.0000000001
 40
0.0
 40
0.0
 40
0.0
 40
0.0
 40
1.0
 40
1.0
 40
1.0
 40
2.0
 40
2.0
 40
2.0
 40
3.0
 40
3.0
 40
3.0
 40
4.0
 40
4.0
 40
4.0
 40
5.0
 40
5.0
 40
5.0
 40
6.0
 40
6.0
 40
6.0
 40
6.0
 10
123.7146863888889
 20
61.21124833333333
 30
0.0
 10
123.6667086111111
 20
61.13046222222221
 30
0.0
 10
123.6250808333333
 20
61.00099277777777
 30
0.0
 10
123.6250808333333
 20
60.85423722222222
 30
0.0
 10
123.6254336111111
 20
60.54238166666667
 30
0.0
 10
123.8176975
 20
60.35364555555555
 30
0.0
 10
124.0515891666666
 20
60.35399833333333
 30
0.0
 10
124.2255086111111
 20
60.35435111111111
 30
0.0
 10
124.3419252777778
 20
60.55966777777777
 30
0.0
 10
124.3415725
 20
60.781565
 30
0.0
 10
124.3412197222222
 20
61.12411222222222
 30
0.0
 10
124.4879752777778
 20
61.26310666666666
 30
0.0
 10
124.7038752777778
 20
61.26310666666666
 30
0.0
 10
124.9589336111111
 20
61.26345944444444
 30
0.0
 10
125.1392030555555
 20
61.06590388888888
 30
0.0
 10
125.1395558333333
 20
60.72088722222222
 30
0.0
 10
125.1395558333333
 20
60.56213722222222
 30
0.0
 10
125.1007502777777
 20
60.41538166666666
 30
0.0
 10
125.0411308333333
 20
60.31307611111111
 30
0.0
  0
POLYLINE
  5
1E8
330
1F
100
AcDbEntity
  8
DEFAULT
 62
     7
100
AcDb2dPolyline
 66
     1
 10
0.0
 20
0.0
 30
0.0
  0
VERTEX
  5
1E9
330
1E8
100
AcDbEntity
  8
DEFAULT
 62
     7
100
AcDbVertex
100
AcDb2dVertex
 10
112.559465
 20
68.23956944444444
 30
0.0
  0
VERTEX
  5
1EA
330
1E8
100
AcDbEntity
  8
DEFAULT
 62
     7
100
AcDbVertex
100
AcDb2dVertex
 10
111.0319372222222
 20
68.23780555555555
 30
0.0
  0
SEQEND
  5
1EB
330
1E8
100
AcDbEntity
  8
DEFAULT
 62
     7
  0
SPLINE
  5
1EC
330
1F
100
AcDbEntity
  8
DEFAULT
 62
     7
100
AcDbSpline
210
0.0
220
0.0
230
1.0
 70
     8
 71
     3
 72
    23
 73
    19
 74
     0
 42
0.000000001
 43
0.0000000001
 40
0.0
 40
0.0
 40
0.0
 40
0.0
 40
3.156001425855169
 40
3.156001425855169
 40
3.156001425855169
 40
4.156001425855169
 40
4.156001425855169
 40
4.156001425855169
 40
5.156001425855169
 40
5.156001425855169
 40
5.156001425855169
 40
6.156001425855169
 40
6.156001425855169
 40
6.156001425855169
 40
7.156001425855169
 40
7.156001425855169
 40
7.156001425855169
 40
9.578003283823074
 40
9.578003283823074
 40
9.578003283823074
 40
9.578003283823074
 10
112.6724597222222
 20
67.23979722222221
 30
0.0
 10
112.6728125
 20
66.86867499999998
 30
0.0
 10
112.6731652777778
 20
66.49755277777776
 30
0.0
 10
112.6735180555555
 20
66.12643055555554
 30
0.0
 10
112.6738708333333
 20
65.96379999999999
 30
0.0
 10
112.5334652777778
 20
65.75566111111111
 30
0.0
 10
112.2180819444444
 20
65.75530833333333
 30
0.0
 10
112.0201736111111
 20
65.75495555555555
 30
0.0
 10
111.8233236111111
 20
65.98320277777776
 30
0.0
 10
111.8010986111111
 20
66.20756944444445
 30
0.0
 10
111.7982763888889
 20
65.97085555555554
 30
0.0
 10
111.6896208333333
 20
65.75460277777776
 30
0.0
 10
111.3548347222222
 20
65.75424999999998
 30
0.0
 10
111.1629236111111
 20
65.75389722222222
 30
0.0
 10
110.9230347222222
 20
65.87983888888888
 30
0.0
 10
110.9223291666667
 20
66.38325277777777
 30
0.0
 10
110.9219763888889
 20
66.66806203703703
 30
0.0
 10
110.9216236111111
 20
66.9528712962963
 30
0.0
 10
110.9212708333333
 20
67.23768055555554
 30
0.0
  0
POLYLINE
  5
1ED
330
1F
100
AcDbEntity
  8
DEFAULT
 62
     7
100
AcDb2dPolyline
 66
     1
 10
0.0
 20
0.0
 30
0.0
  0
VERTEX
  5
1EE
330
1ED
100
AcDbEntity
  8
DEFAULT
 62
     7
100
AcDbVertex
100
AcDb2dVertex
 10
111.0491527777778
 20
53.30369916666667
 30
0.0
  0
VERTEX
  5
1EF
330
1ED
100
AcDbEntity
  8
DEFAULT
 62
     7
100
AcDbVertex
100
AcDb2dVertex
 10
112.5763277777778
 20
53.30546305555556
 30
0.0
  0
SEQEND
  5
1F0
330
1ED
100
AcDbEntity
  8
DEFAULT
 62
     7
  0
SPLINE
  5
1F1
330
1F
100
AcDbEntity
  8
DEFAULT
 62
     7
100
AcDbSpline
210
0.0
220
0.0
230
1.0
 70
     8
 71
     3
 72
    23
 73
    19
 74
     0
 42
0.000000001
 43
0.0000000001
 40
0.0
 40
0.0
 40
0.0
 40
0.0
 40
3.156002534853206
 40
3.156002534853206
 40
3.156002534853206
 40
4.156002534853206
 40
4.156002534853206
 40
4.156002534853206
 40
5.156002534853206
 40
5.156002534853206
 40
5.156002534853206
 40
6.156002534853206
 40
6.156002534853206
 40
6.156002534853206
 40
7.156002534853206
 40
7.156002534853206
 40
7.156002534853206
 40
9.578003360616894
 40
9.578003360616894
 40
9.578003360616894
 40
9.578003360616894
 10
110.9361580555556
 20
54.30347138888889
 30
0.0
 10
110.9356876851852
 20
54.67459361111111
 30
0.0
 10
110.9352173148148
 20
55.04571583333333
 30
0.0
 10
110.9347469444444
 20
55.41683805555554
 30
0.0
 10
110.9347469444444
 20
55.5794686111111
 30
0.0
 10
111.0751525
 20
55.78760749999999
 30
0.0
 10
111.3905358333333
 20
55.78796027777777
 30
0.0
 10
111.5884441666666
 20
55.78831305555555
 30
0.0
 10
111.7852941666666
 20
55.56006583333333
 30
0.0
 10
111.8075191666667
 20
55.33605194444443
 30
0.0
 10
111.8103413888889
 20
55.57241305555555
 30
0.0
 10
111.9189969444444
 20
55.78866583333333
 30
0.0
 10
112.2537830555555
 20
55.7890186111111
 30
0.0
 10
112.4456941666667
 20
55.78937138888887
 30
0.0
 10
112.6855830555555
 20
55.66342972222221
 30
0.0
 10
112.6862886111111
 20
55.16001583333333
 30
0.0
 10
112.6865237962963
 20
54.87520657407406
 30
0.0
 10
112.6867589814815
 20
54.5903973148148
 30
0.0
 10
112.6869941666667
 20
54.30558805555555
 30
0.0
  0
POLYLINE
  5
1F2
330
1F
100
AcDbEntity
  8
DEFAULT
 62
     7
100
AcDb2dPolyline
 66
     1
 10
0.0
 20
0.0
 30
0.0
  0
VERTEX
  5
1F3
330
1F2
100
AcDbEntity
  8
DEFAULT
 62
     7
100
AcDbVertex
100
AcDb2dVertex
 10
104.2071688888889
 20
58.02831083333333
 30
0.0
  0
VERTEX
  5
1F4
330
1F2
100
AcDbEntity
  8
DEFAULT
 62
     7
100
AcDbVertex
100
AcDb2dVertex
 10
104.2089327777778
 20
56.50078305555554
 30
0.0
  0
SEQEND
  5
1F5
330
1F2
100
AcDbEntity
  8
DEFAULT
 62
     7
  0
SPLINE
  5
1F6
330
1F
100
AcDbEntity
  8
DEFAULT
 62
     7
100
AcDbSpline
210
0.0
220
0.0
230
1.0
 70
     8
 71
     3
 72
    11
 73
     7
 74
     0
 42
0.000000001
 43
0.0000000001
 40
0.0
 40
0.0
 40
0.0
 40
0.0
 40
2.64058876010637
 40
2.64058876010637
 40
2.64058876010637
 40
3.64058876010637
 40
3.64058876010637
 40
3.64058876010637
 40
3.64058876010637
 10
105.2083169444444
 20
57.04233222222224
 30
0.0
 10
105.469960462963
 20
57.2095488888889
 30
0.0
 10
105.7316039814815
 20
57.37676555555557
 30
0.0
 10
105.9932475
 20
57.54398222222223
 30
0.0
 10
106.0440475
 20
57.5076461111111
 30
0.0
 10
106.6596447222222
 20
56.9901211111111
 30
0.0
 10
106.6596447222222
 20
56.9901211111111
 30
0.0
  0
POLYLINE
  5
1F7
330
1F
100
AcDbEntity
  8
DEFAULT
 62
     7
100
AcDb2dPolyline
 66
     1
 10
0.0
 20
0.0
 30
0.0
  0
VERTEX
  5
1F8
330
1F7
100
AcDbEntity
  8
DEFAULT
 62
     7
100
AcDbVertex
100
AcDb2dVertex
 10
105.2076466666667
 20
57.54288861111112
 30
0.0
  0
VERTEX
  5
1F9
330
1F7
100
AcDbEntity
  8
DEFAULT
 62
     7
100
AcDbVertex
100
AcDb2dVertex
 10
107.3363077777778
 20
57.54535805555556
 30
0.0
  0
SEQEND
  5
1FA
330
1F7
100
AcDbEntity
  8
DEFAULT
 62
     7
  0
POLYLINE
  5
1FB
330
1F
100
AcDbEntity
  8
DEFAULT
 62
     7
100
AcDb2dPolyline
 66
     1
 10
0.0
 20
0.0
 30
0.0
  0
VERTEX
  5
1FC
330
1FB
100
AcDbEntity
  8
DEFAULT
 62
     7
100
AcDbVertex
100
AcDb2dVertex
 10
104.1992666666667
 20
65.02735138888887
 30
0.0
  0
VERTEX
  5
1FD
330
1FB
100
AcDbEntity
  8
DEFAULT
 62
     7
100
AcDbVertex
100
AcDb2dVertex
 10
104.2010305555555
 20
63.50017638888889
 30
0.0
  0
SEQEND
  5
1FE
330
1FB
100
AcDbEntity
  8
DEFAULT
 62
     7
  0
SPLINE
  5
1FF
330
1F
100
AcDbEntity
  8
DEFAULT
 62
     7
100
AcDbSpline
210
0.0
220
0.0
230
1.0
 70
     8
 71
     3
 72
    11
 73
     7
 74
     0
 42
0.000000001
 43
0.0000000001
 40
0.0
 40
0.0
 40
0.0
 40
0.0
 40
2.64058876010637
 40
2.64058876010637
 40
2.64058876010637
 40
3.64058876010637
 40
3.64058876010637
 40
3.64058876010637
 40
3.64058876010637
 10
105.2002383333333
 20
64.0413727777778
 30
0.0
 10
105.4618818518519
 20
64.20858944444446
 30
0.0
 10
105.7235253703704
 20
64.37580611111113
 30
0.0
 10
105.9851688888889
 20
64.5430227777778
 30
0.0
 10
106.0363216666667
 20
64.50703944444444
 30
0.0
 10
106.6515661111111
 20
63.98916166666667
 30
0.0
 10
106.6515661111111
 20
63.98916166666667
 30
0.0
  0
POLYLINE
  5
200
330
1F
100
AcDbEntity
  8
DEFAULT
 62
     7
100
AcDb2dPolyline
 66
     1
 10
0.0
 20
0.0
 30
0.0
  0
VERTEX
  5
201
330
200
100
AcDbEntity
  8
DEFAULT
 62
     7
100
AcDbVertex
100
AcDb2dVertex
 10
105.1997091666667
 20
64.54228194444444
 30
0.0
  0
VERTEX
  5
202
330
200
100
AcDbEntity
  8
DEFAULT
 62
     7
100
AcDbVertex
100
AcDb2dVertex
 10
107.3283702777778
 20
64.54475138888888
 30
0.0
  0
SEQEND
  5
203
330
200
100
AcDbEntity
  8
DEFAULT
 62
     7
  0
SPLINE
  5
204
330
1F
100
AcDbEntity
  8
DEFAULT
 62
     1
100
AcDbSpline
210
0.0
220
0.0
230
1.0
 70
     8
 71
     3
 72
   104
 73
   100
 74
     0
 42
0.000000001
 43
0.0000000001
 40
0.0
 40
0.0
 40
0.0
 40
0.0
 40
3.72999999999999
 40
3.72999999999999
 40
3.72999999999999
 40
13.65000408266046
 40
13.65000408266046
 40
13.65000408266046
 40
14.65000408266046
 40
14.65000408266046
 40
14.65000408266046
 40
15.65000408266046
 40
15.65000408266046
 40
15.65000408266046
 40
16.65000408266046
 40
16.65000408266046
 40
16.65000408266046
 40
17.65000408266046
 40
17.65000408266046
 40
17.65000408266046
 40
18.65000408266046
 40
18.65000408266046
 40
18.65000408266046
 40
28.57000912298177
 40
28.57000912298177
 40
28.57000912298177
 40
37.07001500533268
 40
37.07001500533268
 40
37.07001500533268
 40
46.99002004565399
 40
46.99002004565399
 40
46.99002004565399
 40
47.99002004565399
 40
47.99002004565399
 40
47.99002004565399
 40
48.99002004565399
 40
48.99002004565399
 40
48.99002004565399
 40
49.99002004565399
 40
49.99002004565399
 40
49.99002004565399
 40
50.99002004565399
 40
50.99002004565399
 40
50.99002004565399
 40
51.99002004565399
 40
51.99002004565399
 40
51.99002004565399
 40
52.99002004565399
 40
52.99002004565399
 40
52.99002004565399
 40
53.99002004565399
 40
53.99002004565399
 40
53.99002004565399
 40
63.91002508597531
 40
63.91002508597531
 40
63.91002508597531
 40
72.41003096832621
 40
72.41003096832621
 40
72.41003096832621
 40
82.33003600864753
 40
82.33003600864753
 40
82.33003600864753
 40
83.33003600864753
 40
83.33003600864753
 40
83.33003600864753
 40
84.33003600864753
 40
84.33003600864753
 40
84.33003600864753
 40
85.33003600864753
 40
85.33003600864753
 40
85.33003600864753
 40
86.33003600864753
 40
86.33003600864753
 40
86.33003600864753
 40
87.33003600864753
 40
87.33003600864753
 40
87.33003600864753
 40
88.33003600864753
 40
88.33003600864753
 40
88.33003600864753
 40
89.33003600864753
 40
89.33003600864753
 40
89.33003600864753
 40
99.25004104896878
 40
99.25004104896878
 40
99.25004104896878
 40
107.7500469313197
 40
107.7500469313197
 40
107.7500469313197
 40
117.6700519716409
 40
117.6700519716409
 40
117.6700519716409
 40
118.6700519716409
 40
118.6700519716409
 40
118.6700519716409
 40
119.6700519716409
 40
119.6700519716409
 40
119.6700519716409
 40
124.9200614954418
 40
124.9200614954418
 40
124.9200614954418
 40
124.9200614954418
 10
127.2405591666667
 20
60.60835111111111
 30
0.0
 10
127.2405591666666
 20
60.16973074074074
 30
0.0
 10
127.2405591666666
 20
59.73111037037037
 30
0.0
 10
127.2405591666666
 20
59.29249000000001
 30
0.0
 10
128.4070776851852
 20
59.29354833333334
 30
0.0
 10
129.5735962037037
 20
59.29460666666667
 30
0.0
 10
130.7401147222222
 20
59.29566499999999
 30
0.0
 10
131.6150036111111
 20
59.29566499999999
 30
0.0
 10
131.5197536111111
 20
59.34540666666665
 30
0.0
 10
132.4898925
 20
59.34893444444445
 30
0.0
 10
133.4635591666666
 20
59.34893444444445
 30
0.0
 10
133.3647813888889
 20
59.29954555555555
 30
0.0
 10
134.2396702777777
 20
59.29954555555555
 30
0.0
 10
134.2431980555556
 20
56.03987888888889
 30
0.0
 10
130.2462258333333
 20
55.18227611111111
 30
0.0
 10
130.2497536111111
 20
53.10441499999999
 30
0.0
 10
130.2497536111111
 20
53.10441499999999
 30
0.0
 10
129.4736425
 20
53.05537888888889
 30
0.0
 10
128.4999758333333
 20
53.05185111111111
 30
0.0
 10
127.5298369444444
 20
53.05185111111111
 30
0.0
 10
127.6250869444444
 20
53.10124
 30
0.0
 10
126.7501980555555
 20
53.10124
 30
0.0
 10
125.583679537037
 20
53.10006407407408
 30
0.0
 10
124.4171610185185
 20
53.09888814814815
 30
0.0
 10
123.2506425
 20
53.09771222222222
 30
0.0
 10
123.2518184259259
 20
52.09817518518518
 30
0.0
 10
123.2529943518518
 20
51.09863814814815
 30
0.0
 10
123.2541702777778
 20
50.09910111111111
 30
0.0
 10
124.4206887962963
 20
50.10027703703704
 30
0.0
 10
125.5872073148148
 20
50.10145296296296
 30
0.0
 10
126.7537258333333
 20
50.10262888888889
 30
0.0
 10
127.6286147222222
 20
50.10262888888889
 30
0.0
 10
127.5333647222222
 20
50.151665
 30
0.0
 10
128.5035036111111
 20
50.151665
 30
0.0
 10
129.4771702777778
 20
50.15519277777778
 30
0.0
 10
129.3783925
 20
50.10262888888889
 30
0.0
 10
130.2532813888889
 20
50.10580388888888
 30
0.0
 10
130.2568091666666
 20
45.74547055555555
 30
0.0
 10
128.4153091666666
 20
48.22232333333333
 30
0.0
 10
125.0356980555555
 20
45.78780388888889
 30
0.0
 10
123.3106147222222
 20
44.54637888888889
 30
0.0
 10
121.6525591666667
 20
43.35399
 30
0.0
 10
117.4439202777778
 20
43.35046222222222
 30
0.0
 10
115.7011980555556
 20
43.34658166666667
 30
0.0
 10
114.7240036111111
 20
45.20960111111111
 30
0.0
 10
113.3199480555555
 20
45.20607333333333
 30
0.0
 10
113.3199480555555
 20
46.08060944444445
 30
0.0
 10
113.2705591666666
 20
45.98218444444444
 30
0.0
 10
113.2705591666666
 20
46.95585111111111
 30
0.0
 10
113.2670313888889
 20
47.92599
 30
0.0
 10
113.3164202777778
 20
47.83038722222222
 30
0.0
 10
113.3164202777778
 20
48.70562888888888
 30
0.0
 10
113.3152443518518
 20
49.8721474074074
 30
0.0
 10
113.3140684259259
 20
51.03866592592592
 30
0.0
 10
113.3128925
 20
52.20518444444444
 30
0.0
 10
112.3133554629629
 20
52.20400851851851
 30
0.0
 10
111.3138184259259
 20
52.20283259259259
 30
0.0
 10
110.3142813888889
 20
52.20165666666667
 30
0.0
 10
110.3154573148148
 20
51.03513814814815
 30
0.0
 10
110.3166332407407
 20
49.86861962962962
 30
0.0
 10
110.3178091666667
 20
48.70210111111111
 30
0.0
 10
110.3178091666667
 20
47.82721222222222
 30
0.0
 10
110.3671980555555
 20
47.92246222222222
 30
0.0
 10
110.3707258333333
 20
46.95232333333333
 30
0.0
 10
110.3707258333333
 20
45.97830388888889
 30
0.0
 10
110.3213369444444
 20
46.07743444444444
 30
0.0
 10
110.3213369444444
 20
45.20254555555555
 30
0.0
 10
103.9713369444444
 20
45.19549
 30
0.0
 10
108.2611147222222
 20
41.74885111111111
 30
0.0
 10
100.5388091666667
 20
44.66279555555555
 30
0.0
 10
98.61617027777777
 20
45.39269277777777
 30
0.0
 10
98.51033694444443
 20
48.11296222222222
 30
0.0
 10
98.28808694444443
 20
51.98963722222221
 30
0.0
 10
98.22458694444443
 20
53.15027611111111
 30
0.0
 10
96.11497583333332
 20
52.24399
 30
0.0
 10
96.11144805555554
 20
55.75377611111111
 30
0.0
 10
96.98633694444443
 20
55.75377611111111
 30
0.0
 10
96.88755916666665
 20
55.80351777777777
 30
0.0
 10
97.86122583333331
 20
55.80351777777777
 30
0.0
 10
98.8313647222222
 20
55.80704555555555
 30
0.0
 10
98.7361147222222
 20
55.76118444444444
 30
0.0
 10
99.6110036111111
 20
55.76118444444444
 30
0.0
 10
100.7775221296296
 20
55.76236037037037
 30
0.0
 10
101.9440406481481
 20
55.76353629629629
 30
0.0
 10
103.1105591666666
 20
55.76471222222222
 30
0.0
 10
103.1093832407407
 20
56.76424925925926
 30
0.0
 10
103.1082073148148
 20
57.7637862962963
 30
0.0
 10
103.1070313888889
 20
58.76332333333333
 30
0.0
 10
101.9405128703704
 20
58.7621474074074
 30
0.0
 10
100.7739943518518
 20
58.76097148148148
 30
0.0
 10
99.60747583333332
 20
58.75979555555555
 30
0.0
 10
98.73258694444444
 20
58.75979555555555
 30
0.0
 10
98.82783694444443
 20
58.71005388888889
 30
0.0
 10
97.85769805555553
 20
58.70652611111111
 30
0.0
 10
96.88403138888887
 20
58.70652611111111
 30
0.0
 10
96.98280916666666
 20
58.75626777777777
 30
0.0
 10
96.10792027777777
 20
58.75626777777777
 30
0.0
 10
96.10674435185183
 20
59.37362888888888
 30
0.0
 10
96.10556842592591
 20
59.99098999999999
 30
0.0
 10
96.10439249999999
 20
60.60835111111111
 30
0.0
  0
SPLINE
  5
205
330
1F
100
AcDbEntity
  8
DEFAULT
 62
     1
100
AcDbSpline
210
0.0
220
0.0
230
1.0
 70
     8
 71
     3
 72
   104
 73
   100
 74
     0
 42
0.000000001
 43
0.0000000001
 40
0.0
 40
0.0
 40
0.0
 40
0.0
 40
5.101009801990219
 40
5.101009801990219
 40
5.101009801990219
 40
6.101009801990219
 40
6.101009801990219
 40
6.101009801990219
 40
7.101009801990219
 40
7.101009801990219
 40
7.101009801990219
 40
17.02101484231148
 40
17.02101484231148
 40
17.02101484231148
 40
25.52101484231148
 40
25.52101484231148
 40
25.52101484231148
 40
35.44101988263274
 40
35.44101988263274
 40
35.44101988263274
 40
36.44101988263274
 40
36.44101988263274
 40
36.44101988263274
 40
37.44101988263274
 40
37.44101988263274
 40
37.44101988263274
 40
38.44101988263274
 40
38.44101988263274
 40
38.44101988263274
 40
39.44101988263274
 40
39.44101988263274
 40
39.44101988263274
 40
40.44101988263274
 40
40.44101988263274
 40
40.44101988263274
 40
41.44101988263274
 40
41.44101988263274
 40
41.44101988263274
 40
42.44101988263274
 40
42.44101988263274
 40
42.44101988263274
 40
52.36102492295405
 40
52.36102492295405
 40
52.36102492295405
 40
60.86103204059813
 40
60.86103204059813
 40
60.86103204059813
 40
70.79003707635071
 40
70.79003707635071
 40
70.79003707635071
 40
71.79003707635071
 40
71.79003707635071
 40
71.79003707635071
 40
72.79003707635071
 40
72.79003707635071
 40
72.79003707635071
 40
73.79003707635071
 40
73.79003707635071
 40
73.79003707635071
 40
74.79003707635071
 40
74.79003707635071
 40
74.79003707635071
 40
75.79003707635071
 40
75.79003707635071
 40
75.79003707635071
 40
76.79003707635071
 40
76.79003707635071
 40
76.79003707635071
 40
77.79003707635071
 40
77.79003707635071
 40
77.79003707635071
 40
87.71004317513918
 40
87.71004317513918
 40
87.71004317513918
 40
96.21004905749008
 40
96.21004905749008
 40
96.21004905749008
 40
106.1300540978114
 40
106.1300540978114
 40
106.1300540978114
 40
107.1300540978114
 40
107.1300540978114
 40
107.1300540978114
 40
108.1300540978114
 40
108.1300540978114
 40
108.1300540978114
 40
109.1300540978114
 40
109.1300540978114
 40
109.1300540978114
 40
110.1300540978114
 40
110.1300540978114
 40
110.1300540978114
 40
111.1300540978114
 40
111.1300540978114
 40
111.1300540978114
 40
121.0500591381327
 40
121.0500591381327
 40
121.0500591381327
 40
124.8300591381327
 40
124.8300591381327
 40
124.8300591381327
 40
124.8300591381327
 10
96.10449833333331
 20
60.95731888888888
 30
0.0
 10
96.10332240740739
 20
61.55715870370369
 30
0.0
 10
96.10214648148145
 20
62.15699851851851
 30
0.0
 10
96.10097055555553
 20
62.75683833333333
 30
0.0
 10
96.97585944444444
 20
62.75683833333332
 30
0.0
 10
96.87708166666665
 20
62.80587444444443
 30
0.0
 10
97.85074833333331
 20
62.80587444444443
 30
0.0
 10
98.8208872222222
 20
62.80940222222221
 30
0.0
 10
98.7256372222222
 20
62.76001333333333
 30
0.0
 10
99.60052611111111
 20
62.76001333333333
 30
0.0
 10
100.7670446296296
 20
62.76118925925925
 30
0.0
 10
101.9335631481481
 20
62.76236518518518
 30
0.0
 10
103.1000816666666
 20
62.7635411111111
 30
0.0
 10
103.1000816666666
 20
63.76307814814814
 30
0.0
 10
103.1000816666666
 20
64.76261518518518
 30
0.0
 10
103.1000816666666
 20
65.76215222222221
 30
0.0
 10
101.9335631481481
 20
65.76097629629629
 30
0.0
 10
100.7670446296296
 20
65.75980037037037
 30
0.0
 10
99.60052611111111
 20
65.75862444444444
 30
0.0
 10
98.7256372222222
 20
65.75862444444444
 30
0.0
 10
98.8208872222222
 20
65.70958833333333
 30
0.0
 10
97.85074833333331
 20
65.70570777777777
 30
0.0
 10
96.87708166666665
 20
65.70570777777777
 30
0.0
 10
96.97585944444444
 20
65.75544944444444
 30
0.0
 10
96.10097055555553
 20
65.75544944444444
 30
0.0
 10
96.093915
 20
69.2691161111111
 30
0.0
 10
98.20705388888886
 20
68.36212444444443
 30
0.0
 10
98.2670261111111
 20
69.51958833333333
 30
0.0
 10
98.48222055555554
 20
73.40331888888888
 30
0.0
 10
98.58099833333331
 20
76.12676333333332
 30
0.0
 10
100.5036372222222
 20
76.85383833333333
 30
0.0
 10
108.2188872222222
 20
79.78859666666665
 30
0.0
 10
103.936165
 20
76.32784666666666
 30
0.0
 10
110.286165
 20
76.33490222222221
 30
0.0
 10
110.286165
 20
75.46389388888888
 30
0.0
 10
110.3355538888889
 20
75.55879111111109
 30
0.0
 10
110.3390816666667
 20
74.58865222222221
 30
0.0
 10
110.3390816666667
 20
73.61851333333331
 30
0.0
 10
110.2896927777777
 20
73.71023555555554
 30
0.0
 10
110.2896927777777
 20
72.83534666666667
 30
0.0
 10
110.2908687037037
 20
71.66882814814814
 30
0.0
 10
110.2920446296296
 20
70.50230962962962
 30
0.0
 10
110.2932205555555
 20
69.3357911111111
 30
0.0
 10
111.2927575925926
 20
69.33708462962962
 30
0.0
 10
112.2922946296296
 20
69.33837814814814
 30
0.0
 10
113.2918316666667
 20
69.33967166666666
 30
0.0
 10
113.2906557407407
 20
70.50724851851851
 30
0.0
 10
113.2894798148148
 20
71.67482537037036
 30
0.0
 10
113.2883038888889
 20
72.8424022222222
 30
0.0
 10
113.2883038888889
 20
73.71376333333332
 30
0.0
 10
113.238915
 20
73.6220411111111
 30
0.0
 10
113.238915
 20
74.59217999999998
 30
0.0
 10
113.2353872222222
 20
75.56231888888888
 30
0.0
 10
113.2847761111111
 20
75.46706888888887
 30
0.0
 10
113.2847761111111
 20
76.33878277777777
 30
0.0
 10
114.6888316666666
 20
76.34195777777776
 30
0.0
 10
115.6624983333333
 20
78.20815222222221
 30
0.0
 10
117.4052205555555
 20
78.21167999999999
 30
0.0
 10
121.6138594444444
 20
78.21520777777778
 30
0.0
 10
123.2754427777778
 20
77.03022722222221
 30
0.0
 10
125.0005261111111
 20
75.78844944444444
 30
0.0
 10
128.3871927777778
 20
73.36098555555554
 30
0.0
 10
130.2851372222222
 20
75.84806888888887
 30
0.0
 10
130.2921927777778
 20
71.48420777777777
 30
0.0
 10
129.4173038888889
 20
71.48420777777777
 30
0.0
 10
129.5160816666667
 20
71.43481888888887
 30
0.0
 10
128.542415
 20
71.4312911111111
 30
0.0
 10
127.5722761111111
 20
71.4312911111111
 30
0.0
 10
127.6675261111111
 20
71.48103277777776
 30
0.0
 10
126.7926372222222
 20
71.48103277777776
 30
0.0
 10
125.6261187037037
 20
71.47973925925923
 30
0.0
 10
124.4596001851852
 20
71.47844574074072
 30
0.0
 10
123.2930816666666
 20
71.4771522222222
 30
0.0
 10
123.2942575925926
 20
70.47761518518517
 30
0.0
 10
123.2954335185185
 20
69.47807814814814
 30
0.0
 10
123.2966094444444
 20
68.4785411111111
 30
0.0
 10
124.4631279629629
 20
68.47971703703702
 30
0.0
 10
125.6296464814815
 20
68.48089296296295
 30
0.0
 10
126.796165
 20
68.48206888888888
 30
0.0
 10
127.6710538888889
 20
68.48206888888888
 30
0.0
 10
127.5758038888889
 20
68.53181055555555
 30
0.0
 10
128.5459427777778
 20
68.53181055555555
 30
0.0
 10
129.5196094444444
 20
68.53498555555554
 30
0.0
 10
129.4208316666667
 20
68.48594944444443
 30
0.0
 10
130.2957205555555
 20
68.48594944444443
 30
0.0
 10
130.2957205555555
 20
66.41126333333332
 30
0.0
 10
134.2327205555555
 20
65.56142166666665
 30
0.0
 10
134.2362483333333
 20
62.29822722222221
 30
0.0
 10
133.3613594444444
 20
62.29822722222221
 30
0.0
 10
133.4601372222222
 20
62.24848555555555
 30
0.0
 10
132.4864705555555
 20
62.24848555555555
 30
0.0
 10
131.5163316666666
 20
62.24848555555555
 30
0.0
 10
131.6115816666666
 20
62.29434666666666
 30
0.0
 10
130.7366927777778
 20
62.29434666666666
 30
0.0
 10
129.5701742592592
 20
62.29317074074073
 30
0.0
 10
128.4036557407407
 20
62.29199481481481
 30
0.0
 10
127.2371372222222
 20
62.29081888888888
 30
0.0
 10
127.2371372222222
 20
61.84631888888888
 30
0.0
 10
127.2371372222222
 20
61.40181888888888
 30
0.0
 10
127.2371372222222
 20
60.95731888888888
 30
0.0
  0
POLYLINE
  5
206
330
1F
100
AcDbEntity
  8
DEFAULT
 62
     7
100
AcDb2dPolyline
 66
     1
 10
0.0
 20
0.0
 30
0.0
  0
VERTEX
  5
207
330
206
100
AcDbEntity
  8
DEFAULT
 62
     7
100
AcDbVertex
100
AcDb2dVertex
 10
143.3631033333333
 20
69.20868527777776
 30
0.0
  0
VERTEX
  5
208
330
206
100
AcDbEntity
  8
DEFAULT
 62
     7
100
AcDbVertex
100
AcDb2dVertex
 10
143.3648672222222
 20
67.68151027777776
 30
0.0
  0
SEQEND
  5
209
330
206
100
AcDbEntity
  8
DEFAULT
 62
     7
  0
SPLINE
  5
20A
330
1F
100
AcDbEntity
  8
DEFAULT
 62
     7
100
AcDbSpline
210
0.0
220
0.0
230
1.0
 70
     8
 71
     3
 72
    23
 73
    19
 74
     0
 42
0.000000001
 43
0.0000000001
 40
0.0
 40
0.0
 40
0.0
 40
0.0
 40
1.0
 40
1.0
 40
1.0
 40
2.0
 40
2.0
 40
2.0
 40
3.0
 40
3.0
 40
3.0
 40
4.0
 40
4.0
 40
4.0
 40
5.0
 40
5.0
 40
5.0
 40
6.0
 40
6.0
 40
6.0
 40
6.0
 10
145.7886269444444
 20
68.0235636111111
 30
0.0
 10
145.8366047222222
 20
68.10434972222222
 30
0.0
 10
145.8782325
 20
68.23381916666666
 30
0.0
 10
145.8782325
 20
68.38057472222222
 30
0.0
 10
145.8778797222222
 20
68.69243027777776
 30
0.0
 10
145.6856158333333
 20
68.88116638888889
 30
0.0
 10
145.4517241666667
 20
68.88081361111111
 30
0.0
 10
145.2781575
 20
68.88046083333333
 30
0.0
 10
145.1613880555555
 20
68.67514416666667
 30
0.0
 10
145.1617408333333
 20
68.45324694444443
 30
0.0
 10
145.1620936111111
 20
68.11069972222222
 30
0.0
 10
145.0153380555555
 20
67.97170527777777
 30
0.0
 10
144.7994380555556
 20
67.97170527777777
 30
0.0
 10
144.5443797222222
 20
67.9713525
 30
0.0
 10
144.3641102777778
 20
68.16890805555555
 30
0.0
 10
144.3637575
 20
68.51392472222221
 30
0.0
 10
144.3637575
 20
68.67267472222221
 30
0.0
 10
144.4025630555556
 20
68.81943027777777
 30
0.0
 10
144.4621825
 20
68.92138305555554
 30
0.0
  0
POLYLINE
  5
20B
330
1F
100
AcDbEntity
  8
DEFAULT
 62
     7
100
AcDb2dPolyline
 66
     1
 10
0.0
 20
0.0
 30
0.0
  0
VERTEX
  5
20C
330
20B
100
AcDbEntity
  8
DEFAULT
 62
     7
100
AcDbVertex
100
AcDb2dVertex
 10
144.0514433333333
 20
58.81070138888889
 30
0.0
  0
VERTEX
  5
20D
330
20B
100
AcDbEntity
  8
DEFAULT
 62
     7
100
AcDbVertex
100
AcDb2dVertex
 10
144.0532072222222
 20
57.2831736111111
 30
0.0
  0
SEQEND
  5
20E
330
20B
100
AcDbEntity
  8
DEFAULT
 62
     7
  0
SPLINE
  5
20F
330
1F
100
AcDbEntity
  8
DEFAULT
 62
     7
100
AcDbSpline
210
0.0
220
0.0
230
1.0
 70
     8
 71
     3
 72
    11
 73
     7
 74
     0
 42
0.000000001
 43
0.0000000001
 40
0.0
 40
0.0
 40
0.0
 40
0.0
 40
1.0
 40
1.0
 40
1.0
 40
2.0
 40
2.0
 40
2.0
 40
2.0
 10
146.2184161111111
 20
58.28188749999999
 30
0.0
 10
146.4131494444444
 20
58.21591805555554
 30
0.0
 10
146.5362688888889
 20
58.05716805555554
 30
0.0
 10
146.5366216666666
 20
57.8800736111111
 30
0.0
 10
146.5366216666666
 20
57.85008749999999
 30
0.0
 10
146.5337994444444
 20
57.82927361111111
 30
0.0
 10
146.5278022222222
 20
57.80528472222221
 30
0.0
  0
SPLINE
  5
210
330
1F
100
AcDbEntity
  8
DEFAULT
 62
     7
100
AcDbSpline
210
0.0
220
0.0
230
1.0
 70
     8
 71
     3
 72
    11
 73
     7
 74
     0
 42
0.000000001
 43
0.0000000001
 40
0.0
 40
0.0
 40
0.0
 40
0.0
 40
2.830001590105487
 40
2.830001590105487
 40
2.830001590105487
 40
3.830001590105487
 40
3.830001590105487
 40
3.830001590105487
 40
3.830001590105487
 10
145.0520622222222
 20
58.28047638888888
 30
0.0
 10
145.3848492592593
 20
58.28082916666666
 30
0.0
 10
145.7176362962963
 20
58.28118194444443
 30
0.0
 10
146.0504233333333
 20
58.28153472222221
 30
0.0
 10
146.2211677777778
 20
58.28188749999999
 30
0.0
 10
146.3682761111111
 20
58.2850625
 30
0.0
 10
146.50339
 20
58.29423472222221
 30
0.0
  0
POLYLINE
  5
211
330
1F
100
AcDbEntity
  8
DEFAULT
 62
     7
100
AcDb2dPolyline
 66
     1
 10
0.0
 20
0.0
 30
0.0
  0
VERTEX
  5
212
330
211
100
AcDbEntity
  8
DEFAULT
 62
     7
100
AcDbVertex
100
AcDb2dVertex
 10
141.1074422222222
 20
40.88722666666667
 30
0.0
  0
VERTEX
  5
213
330
211
100
AcDbEntity
  8
DEFAULT
 62
     7
100
AcDbVertex
100
AcDb2dVertex
 10
141.1825838888889
 20
39.36181555555555
 30
0.0
  0
SEQEND
  5
214
330
211
100
AcDbEntity
  8
DEFAULT
 62
     7
  0
SPLINE
  5
215
330
1F
100
AcDbEntity
  8
DEFAULT
 62
     7
100
AcDbSpline
210
0.0
220
0.0
230
1.0
 70
     8
 71
     3
 72
    20
 73
    16
 74
     0
 42
0.000000001
 43
0.0000000001
 40
0.0
 40
0.0
 40
0.0
 40
0.0
 40
1.0
 40
1.0
 40
1.0
 40
1.681013949930596
 40
1.681013949930596
 40
1.681013949930596
 40
2.681013949930596
 40
2.681013949930596
 40
2.681013949930596
 40
3.681013949930596
 40
3.681013949930596
 40
3.681013949930596
 40
6.136996441724898
 40
6.136996441724898
 40
6.136996441724898
 40
6.136996441724898
 10
142.1197733333333
 20
40.66261305555555
 30
0.0
 10
142.1197733333333
 20
40.66261305555555
 30
0.0
 10
143.44904
 20
40.73140472222222
 30
0.0
 10
143.5686316666666
 20
40.74622138888888
 30
0.0
 10
143.4889038888889
 20
40.73869546296296
 30
0.0
 10
143.4091761111111
 20
40.73116953703704
 30
0.0
 10
143.3294483333333
 20
40.72364361111111
 30
0.0
 10
143.4709122222222
 20
40.6587325
 30
0.0
 10
143.6137872222222
 20
40.49751305555555
 30
0.0
 10
143.6257816666667
 20
40.25832972222222
 30
0.0
 10
143.6356594444444
 20
40.05724638888888
 30
0.0
 10
143.5312372222222
 20
39.74009916666667
 30
0.0
 10
143.0338205555555
 20
39.71540472222222
 30
0.0
 10
142.7453659259259
 20
39.70117601851852
 30
0.0
 10
142.4569112962963
 20
39.68694731481481
 30
0.0
 10
142.1684566666666
 20
39.67271861111111
 30
0.0
  0
SPLINE
  5
216
330
1F
100
AcDbEntity
  8
DEFAULT
 62
     1
100
AcDbSpline
210
0.0
220
0.0
230
1.0
 70
     8
 71
     3
 72
    59
 73
    55
 74
     0
 42
0.000000001
 43
0.0000000001
 40
0.0
 40
0.0
 40
0.0
 40
0.0
 40
3.729000000000013
 40
3.729000000000013
 40
3.729000000000013
 40
13.64900609878848
 40
13.64900609878848
 40
13.64900609878848
 40
14.64900609878848
 40
14.64900609878848
 40
14.64900609878848
 40
15.64900609878848
 40
15.64900609878848
 40
15.64900609878848
 40
16.64900609878848
 40
16.64900609878848
 40
16.64900609878848
 40
17.64900609878848
 40
17.64900609878848
 40
17.64900609878848
 40
18.64900609878848
 40
18.64900609878848
 40
18.64900609878848
 40
28.56901113910979
 40
28.56901113910979
 40
28.56901113910979
 40
37.06901702146072
 40
37.06901702146072
 40
37.06901702146072
 40
46.98902206178204
 40
46.98902206178204
 40
46.98902206178204
 40
47.98902206178204
 40
47.98902206178204
 40
47.98902206178204
 40
48.98902206178204
 40
48.98902206178204
 40
48.98902206178204
 40
49.98902206178204
 40
49.98902206178204
 40
49.98902206178204
 40
50.98902206178204
 40
50.98902206178204
 40
50.98902206178204
 40
51.98902206178204
 40
51.98902206178204
 40
51.98902206178204
 40
52.98902206178204
 40
52.98902206178204
 40
52.98902206178204
 40
62.91063987340936
 40
62.91063987340936
 40
62.91063987340936
 40
66.69441325457267
 40
66.69441325457267
 40
66.69441325457267
 40
66.69441325457267
 10
142.2655058333333
 20
68.25988944444444
 30
0.0
 10
142.2655058333333
 20
67.82138666666665
 30
0.0
 10
142.2655058333333
 20
67.38288388888887
 30
0.0
 10
142.2655058333333
 20
66.9443811111111
 30
0.0
 10
141.0989873148148
 20
66.94308759259258
 30
0.0
 10
139.9324687962963
 20
66.94179407407405
 30
0.0
 10
138.7659502777778
 20
66.94050055555554
 30
0.0
 10
137.8910613888889
 20
66.94050055555554
 30
0.0
 10
137.9863113888889
 20
66.98988944444444
 30
0.0
 10
137.0161725
 20
66.98988944444444
 30
0.0
 10
136.0425058333333
 20
66.98671444444444
 30
0.0
 10
136.1412836111111
 20
66.93697277777777
 30
0.0
 10
135.2663947222222
 20
66.93697277777777
 30
0.0
 10
135.2699225
 20
64.0265561111111
 30
0.0
 10
136.0072280555555
 20
62.52725055555555
 30
0.0
 10
135.9507836111111
 20
59.53922277777777
 30
0.0
 10
136.8256725
 20
59.53922277777777
 30
0.0
 10
136.7268947222222
 20
59.49018666666666
 30
0.0
 10
137.7005613888889
 20
59.49018666666666
 30
0.0
 10
138.6707002777778
 20
59.49018666666666
 30
0.0
 10
138.5754502777778
 20
59.53922277777777
 30
0.0
 10
139.4503391666667
 20
59.54275055555555
 30
0.0
 10
140.6168576851852
 20
59.54392648148148
 30
0.0
 10
141.7833762037037
 20
59.54510240740741
 30
0.0
 10
142.9498947222222
 20
59.54627833333333
 30
0.0
 10
142.9510706481481
 20
58.5467412962963
 30
0.0
 10
142.9522465740741
 20
57.54720425925925
 30
0.0
 10
142.9534225
 20
56.54766722222222
 30
0.0
 10
141.7869039814815
 20
56.54649129629629
 30
0.0
 10
140.6203854629629
 20
56.54531537037036
 30
0.0
 10
139.4538669444444
 20
56.54413944444444
 30
0.0
 10
138.5789780555555
 20
56.54061166666666
 30
0.0
 10
138.6742280555555
 20
56.59000055555555
 30
0.0
 10
137.7040891666666
 20
56.59000055555555
 30
0.0
 10
136.7304225
 20
56.59000055555555
 30
0.0
 10
136.8292002777777
 20
56.54061166666666
 30
0.0
 10
135.9543113888889
 20
56.54061166666666
 30
0.0
 10
135.9578391666666
 20
53.25272277777778
 30
0.0
 10
137.1078947222222
 20
51.43238944444444
 30
0.0
 10
136.3600058333333
 20
48.36357555555556
 30
0.0
 10
135.6368113888889
 20
45.3893061111111
 30
0.0
 10
132.9768669444444
 20
44.03463944444444
 30
0.0
 10
132.9803947222222
 20
41.22652833333333
 30
0.0
 10
133.8552836111111
 20
41.26886166666667
 30
0.0
 10
133.7600336111111
 20
41.215945
 30
0.0
 10
134.7301725
 20
41.26180611111111
 30
0.0
 10
135.7003113888888
 20
41.30802
 30
0.0
 10
135.6015336111111
 20
41.35352833333334
 30
0.0
 10
136.4764225
 20
41.39938944444445
 30
0.0
 10
137.6417650925926
 20
41.45583388888889
 30
0.0
 10
138.8071076851852
 20
41.51227833333333
 30
0.0
 10
139.9724502777778
 20
41.56872277777778
 30
0.0
 10
139.9947928703704
 20
41.12434037037037
 30
0.0
 10
140.017135462963
 20
40.67995796296297
 30
0.0
 10
140.0394780555555
 20
40.23557555555556
 30
0.0
  0
SPLINE
  5
217
330
1F
100
AcDbEntity
  8
DEFAULT
 62
     1
100
AcDbSpline
210
0.0
220
0.0
230
1.0
 70
     8
 71
     3
 72
    44
 73
    40
 74
     0
 42
0.000000001
 43
0.0000000001
 40
0.0
 40
0.0
 40
0.0
 40
0.0
 40
3.724352292681238
 40
3.724352292681238
 40
3.724352292681238
 40
4.724352292681239
 40
4.724352292681239
 40
4.724352292681239
 40
5.724352292681239
 40
5.724352292681239
 40
5.724352292681239
 40
6.724352292681239
 40
6.724352292681239
 40
6.724352292681239
 40
7.724352292681239
 40
7.724352292681239
 40
7.724352292681239
 40
8.724352292681239
 40
8.724352292681239
 40
8.724352292681239
 40
9.724352292681239
 40
9.724352292681239
 40
9.724352292681239
 40
10.72435229268124
 40
10.72435229268124
 40
10.72435229268124
 40
11.72435229268124
 40
11.72435229268124
 40
11.72435229268124
 40
12.72435229268124
 40
12.72435229268124
 40
12.72435229268124
 40
13.72435229268124
 40
13.72435229268124
 40
13.72435229268124
 40
23.64435733300255
 40
23.64435733300255
 40
23.64435733300255
 40
27.42435733300255
 40
27.42435733300255
 40
27.42435733300255
 40
27.42435733300255
 10
140.0570111111111
 20
39.88607861111111
 30
0.0
 10
140.0781777777778
 20
39.44863416666666
 30
0.0
 10
140.0993444444445
 20
39.01118972222222
 30
0.0
 10
140.1205111111111
 20
38.57374527777777
 30
0.0
 10
139.2456222222222
 20
38.53141194444444
 30
0.0
 10
139.3373444444444
 20
38.58785638888888
 30
0.0
 10
138.3707333333333
 20
38.53493972222222
 30
0.0
 10
137.3970666666667
 20
38.48907861111111
 30
0.0
 10
137.4993722222222
 20
38.44674527777777
 30
0.0
 10
136.6244833333333
 20
38.40441194444444
 30
0.0
 10
136.6280111111111
 20
36.74635638888888
 30
0.0
 10
137.9685666666666
 20
35.40227305555555
 30
0.0
 10
139.6266222222222
 20
35.40580083333333
 30
0.0
 10
145.7755388888889
 20
35.41285638888889
 30
0.0
 10
147.1725388888889
 20
37.3319675
 30
0.0
 10
147.1125666666667
 20
38.9194675
 30
0.0
 10
146.67865
 20
50.50116194444443
 30
0.0
 10
154.3974277777778
 20
58.64680083333332
 30
0.0
 10
157.8193722222222
 20
61.08096749999999
 30
0.0
 10
161.3259833333333
 20
63.57475361111111
 30
0.0
 10
152.0514555555555
 20
70.06974527777777
 30
0.0
 10
149.8395388888889
 20
71.19863416666666
 30
0.0
 10
145.2463722222222
 20
73.5410786111111
 30
0.0
 10
146.3047055555555
 20
72.94841194444443
 30
0.0
 10
138.2578444444444
 20
72.93782861111112
 30
0.0
 10
136.5997888888889
 20
72.93430083333334
 30
0.0
 10
135.2627611111111
 20
71.59374527777777
 30
0.0
 10
135.2627611111111
 20
69.93568972222222
 30
0.0
 10
136.13765
 20
69.93568972222222
 30
0.0
 10
136.0388722222222
 20
69.88630083333332
 30
0.0
 10
137.0125388888889
 20
69.8898286111111
 30
0.0
 10
137.9826777777778
 20
69.8898286111111
 30
0.0
 10
137.8874277777778
 20
69.9392175
 30
0.0
 10
138.7623166666666
 20
69.9392175
 30
0.0
 10
139.9288351851851
 20
69.94039342592593
 30
0.0
 10
141.0953537037037
 20
69.94156935185185
 30
0.0
 10
142.2618722222222
 20
69.94274527777777
 30
0.0
 10
142.2618722222222
 20
69.49824527777777
 30
0.0
 10
142.2618722222222
 20
69.05374527777778
 30
0.0
 10
142.2618722222222
 20
68.60924527777777
 30
0.0
  0
POLYLINE
  5
218
330
1F
100
AcDbEntity
  8
DEFAULT
 62
     7
100
AcDb2dPolyline
 66
     1
 10
0.0
 20
0.0
 30
0.0
  0
VERTEX
  5
219
330
218
100
AcDbEntity
  8
DEFAULT
 62
     7
100
AcDbVertex
100
AcDb2dVertex
 10
160.1188483333333
 20
43.87137388888885
 30
0.0
  0
VERTEX
  5
21A
330
218
100
AcDbEntity
  8
DEFAULT
 62
     7
100
AcDbVertex
100
AcDb2dVertex
 10
159.3247455555555
 20
42.56680166666666
 30
0.0
  0
SEQEND
  5
21B
330
218
100
AcDbEntity
  8
DEFAULT
 62
     7
  0
SPLINE
  5
21C
330
1F
100
AcDbEntity
  8
DEFAULT
 62
     7
100
AcDbSpline
210
0.0
220
0.0
230
1.0
 70
    11
 71
     3
 72
    17
 73
    13
 74
     0
 42
0.000000001
 43
0.0000000001
 40
0.0
 40
0.0
 40
0.0
 40
0.0
 40
1.0
 40
1.0
 40
1.0
 40
2.0
 40
2.0
 40
2.0
 40
3.0
 40
3.0
 40
3.0
 40
4.0
 40
4.0
 40
4.0
 40
4.0
 10
160.8655730555555
 20
41.69268888888888
 30
0.0
 10
160.4069619444444
 20
41.97173611111111
 30
0.0
 10
160.4006119444444
 20
42.41094444444444
 30
0.0
 10
160.5829980555555
 20
42.71080555555555
 30
0.0
 10
160.7872563888889
 20
43.04629722222222
 30
0.0
 10
161.1904813888889
 20
43.15530555555555
 30
0.0
 10
161.5824175
 20
42.91682777777778
 30
0.0
 10
161.9972841666666
 20
42.66423888888889
 30
0.0
 10
162.0756008333333
 20
42.24443333333333
 30
0.0
 10
161.8664036111111
 20
41.90153333333333
 30
0.0
 10
161.6497980555556
 20
41.54558055555555
 30
0.0
 10
161.2444563888889
 20
41.46197222222222
 30
0.0
 10
160.8655730555555
 20
41.69268888888888
 30
0.0
  0
SPLINE
  5
21D
330
1F
100
AcDbEntity
  8
DEFAULT
 62
     5
100
AcDbSpline
210
0.0
220
0.0
230
1.0
 70
     8
 71
     3
 72
    35
 73
    31
 74
     0
 42
0.000000001
 43
0.0000000001
 40
0.0
 40
0.0
 40
0.0
 40
0.0
 40
1.0
 40
1.0
 40
1.0
 40
2.0
 40
2.0
 40
2.0
 40
3.0
 40
3.0
 40
3.0
 40
4.0
 40
4.0
 40
4.0
 40
5.0
 40
5.0
 40
5.0
 40
6.0
 40
6.0
 40
6.0
 40
7.0
 40
7.0
 40
7.0
 40
8.0
 40
8.0
 40
8.0
 40
9.0
 40
9.0
 40
9.0
 40
10.0
 40
10.0
 40
10.0
 40
10.0
 10
156.7605802777778
 20
46.71977222222222
 30
0.0
 10
158.4517969444444
 20
49.1154861111111
 30
0.0
 10
158.1240663888889
 20
51.35315555555555
 30
0.0
 10
158.5911441666667
 20
52.35222222222222
 30
0.0
 10
159.0582219444444
 20
53.35128888888888
 30
0.0
 10
163.3712830555555
 20
56.91328611111111
 30
0.0
 10
162.9892247222222
 20
55.49123888888889
 30
0.0
 10
161.9675802777778
 20
51.69252777777778
 30
0.0
 10
163.7582802777778
 20
47.93332777777777
 30
0.0
 10
163.3310663888889
 20
46.58924444444444
 30
0.0
 10
162.8763358333333
 20
45.15661388888888
 30
0.0
 10
163.6178747222222
 20
42.55240833333333
 30
0.0
 10
163.2128858333333
 20
41.11060555555555
 30
0.0
 10
162.5309663888889
 20
38.68208333333333
 30
0.0
 10
163.6372775
 20
38.11516944444444
 30
0.0
 10
163.4037386111111
 20
37.47946388888889
 30
0.0
 10
162.2452163888889
 20
34.32351388888888
 30
0.0
 10
163.5483775
 20
33.63030555555555
 30
0.0
 10
162.8269469444444
 20
33.76400833333333
 30
0.0
 10
161.6024552777778
 20
33.99084444444444
 30
0.0
 10
160.5938636111111
 20
31.676975
 30
0.0
 10
156.3862830555555
 20
33.03023055555555
 30
0.0
 10
150.6652858333333
 20
34.87067222222222
 30
0.0
 10
151.0833275
 20
33.33291388888888
 30
0.0
 10
150.4596163888889
 20
33.88324722222222
 30
0.0
 10
149.8359052777778
 20
34.43428611111111
 30
0.0
 10
151.6160219444444
 20
36.66701666666666
 30
0.0
 10
151.9282302777778
 20
37.02579166666666
 30
0.0
 10
153.8145330555556
 20
39.19078888888888
 30
0.0
 10
153.8741525
 20
41.63977222222221
 30
0.0
 10
155.2524552777778
 20
44.24186111111111
 30
0.0
  0
SPLINE
  5
21E
330
1F
100
AcDbEntity
  8
DEFAULT
 62
     1
100
AcDbSpline
210
0.0
220
0.0
230
1.0
 70
     8
 71
     3
 72
    41
 73
    37
 74
     0
 42
0.000000001
 43
0.0000000001
 40
0.0
 40
0.0
 40
0.0
 40
0.0
 40
3.747332384510361
 40
3.747332384510361
 40
3.747332384510361
 40
7.997155910258112
 40
7.997155910258112
 40
7.997155910258112
 40
8.997155910258112
 40
8.997155910258112
 40
8.997155910258112
 40
9.997155910258112
 40
9.997155910258112
 40
9.997155910258112
 40
10.99715591025811
 40
10.99715591025811
 40
10.99715591025811
 40
11.99715591025811
 40
11.99715591025811
 40
11.99715591025811
 40
12.99715591025811
 40
12.99715591025811
 40
12.99715591025811
 40
13.99715591025811
 40
13.99715591025811
 40
13.99715591025811
 40
14.99715591025811
 40
14.99715591025811
 40
14.99715591025811
 40
15.99715591025811
 40
15.99715591025811
 40
15.99715591025811
 40
16.99715591025811
 40
16.99715591025811
 40
16.99715591025811
 40
17.99715591025811
 40
17.99715591025811
 40
17.99715591025811
 40
17.99715591025811
 10
158.6908391666666
 20
43.63952833333334
 30
0.0
 10
158.461533611111
 20
43.26323203703705
 30
0.0
 10
158.2322280555555
 20
42.88693574074075
 30
0.0
 10
158.0029225
 20
42.51063944444445
 30
0.0
 10
157.5760613888889
 20
42.77051907407408
 30
0.0
 10
157.1492002777777
 20
43.0303987037037
 30
0.0
 10
156.7223391666666
 20
43.29027833333333
 30
0.0
 10
155.9744502777777
 20
43.74536166666666
 30
0.0
 10
156.0802836111111
 20
43.73830611111111
 30
0.0
 10
155.2512558333333
 20
44.24277833333333
 30
0.0
 10
154.4222280555555
 20
44.74760333333333
 30
0.0
 10
154.4786725
 20
44.65552833333333
 30
0.0
 10
153.7343113888889
 20
45.11061166666666
 30
0.0
 10
152.2032558333333
 20
42.39422277777778
 30
0.0
 10
152.3302558333333
 20
41.41350055555555
 30
0.0
 10
151.7234780555555
 20
40.21758388888889
 30
0.0
 10
151.1590336111111
 20
39.11338944444444
 30
0.0
 10
149.8255336111111
 20
37.72697277777777
 30
0.0
 10
149.4022002777778
 20
36.93675055555556
 30
0.0
 10
146.7210891666666
 20
31.96963944444444
 30
0.0
 10
150.4958113888889
 20
31.52161166666666
 30
0.0
 10
151.3777558333333
 20
32.01938111111111
 30
0.0
 10
152.2597002777777
 20
32.51997277777778
 30
0.0
 10
155.4382280555555
 20
31.63097277777777
 30
0.0
 10
157.3255891666666
 20
31.23974222222222
 30
0.0
 10
159.2129502777778
 20
30.84427833333333
 30
0.0
 10
161.9822558333333
 20
31.41613111111111
 30
0.0
 10
162.4126447222222
 20
32.22011166666667
 30
0.0
 10
163.0123669444444
 20
33.34229777777777
 30
0.0
 10
164.3388113888889
 20
32.74222277777778
 30
0.0
 10
164.0036725
 20
33.78997277777778
 30
0.0
 10
163.6720613888889
 20
34.834195
 30
0.0
 10
164.7727280555555
 20
37.87513944444444
 30
0.0
 10
164.0707002777777
 20
38.67241722222222
 30
0.0
 10
163.1746447222222
 20
39.69229777777777
 30
0.0
 10
163.9648669444444
 20
40.82083388888889
 30
0.0
 10
164.1236169444444
 20
42.53180611111111
 30
0.0
  0
SPLINE
  5
21F
330
1F
100
AcDbEntity
  8
DEFAULT
 62
     1
100
AcDbSpline
210
0.0
220
0.0
230
1.0
 70
     8
 71
     3
 72
    35
 73
    31
 74
     0
 42
0.000000001
 43
0.0000000001
 40
0.0
 40
0.0
 40
0.0
 40
0.0
 40
3.755875397294224
 40
3.755875397294224
 40
3.755875397294224
 40
8.005698923042122
 40
8.005698923042122
 40
8.005698923042122
 40
9.005698923042122
 40
9.005698923042122
 40
9.005698923042122
 40
10.00569892304212
 40
10.00569892304212
 40
10.00569892304212
 40
11.00569892304212
 40
11.00569892304212
 40
11.00569892304212
 40
12.00569892304212
 40
12.00569892304212
 40
12.00569892304212
 40
13.00569892304212
 40
13.00569892304212
 40
13.00569892304212
 40
14.00569892304212
 40
14.00569892304212
 40
14.00569892304212
 40
15.00569892304212
 40
15.00569892304212
 40
15.00569892304212
 40
16.00569892304212
 40
16.00569892304212
 40
16.00569892304212
 40
16.00569892304212
 10
158.8741425
 20
43.93960111111112
 30
0.0
 10
159.1034480555555
 20
44.31707333333335
 30
0.0
 10
159.3327536111111
 20
44.69454555555556
 30
0.0
 10
159.5620591666667
 20
45.07201777777778
 30
0.0
 10
159.1351980555555
 20
45.3318974074074
 30
0.0
 10
158.7083369444444
 20
45.59177703703703
 30
0.0
 10
158.2814758333333
 20
45.85165666666666
 30
0.0
 10
157.5335869444444
 20
46.30674
 30
0.0
 10
157.5900313888889
 20
46.214665
 30
0.0
 10
156.7610036111111
 20
46.71948999999999
 30
0.0
 10
155.9284480555555
 20
47.22713722222222
 30
0.0
 10
156.0378091666666
 20
47.21690666666666
 30
0.0
 10
155.2934480555556
 20
47.67199
 30
0.0
 10
156.8491980555555
 20
50.23315666666667
 30
0.0
 10
156.5211147222222
 20
51.29149
 30
0.0
 10
156.6833925
 20
52.81901777777778
 30
0.0
 10
156.8421425
 20
54.342665
 30
0.0
 10
159.4773925
 20
55.75377611111111
 30
0.0
 10
161.6116980555555
 20
56.99237888888889
 30
0.0
 10
164.1375869444444
 20
58.45605388888889
 30
0.0
 10
164.5538647222222
 20
57.37690666666666
 30
0.0
 10
164.0564480555555
 20
57.00260944444444
 30
0.0
 10
163.5625591666667
 20
56.62901777777778
 30
0.0
 10
164.4727258333333
 20
56.24060944444444
 30
0.0
 10
163.9118091666666
 20
55.36254555555555
 30
0.0
 10
162.5783091666667
 20
53.25610944444444
 30
0.0
 10
164.5044758333333
 20
47.27299833333333
 30
0.0
 10
164.1340591666667
 20
45.90422055555555
 30
0.0
 10
163.9894202777778
 20
45.37505388888889
 30
0.0
 10
164.1940313888889
 20
44.06977611111111
 30
0.0
 10
164.1446425
 20
42.88126777777777
 30
0.0
  0
POLYLINE
  5
220
330
1F
100
AcDbEntity
  8
DEFAULT
 62
     7
100
AcDb2dPolyline
 66
     1
 10
0.0
 20
0.0
 30
0.0
  0
VERTEX
  5
221
330
220
100
AcDbEntity
  8
DEFAULT
 62
     7
100
AcDbVertex
100
AcDb2dVertex
 10
159.2818477777778
 20
80.99932999999997
 30
0.0
  0
VERTEX
  5
222
330
220
100
AcDbEntity
  8
DEFAULT
 62
     7
100
AcDbVertex
100
AcDb2dVertex
 10
160.0787727777777
 20
79.69652166666664
 30
0.0
  0
SEQEND
  5
223
330
220
100
AcDbEntity
  8
DEFAULT
 62
     7
  0
SPLINE
  5
224
330
1F
100
AcDbEntity
  8
DEFAULT
 62
     7
100
AcDbSpline
210
0.0
220
0.0
230
1.0
 70
    11
 71
     3
 72
    17
 73
    13
 74
     0
 42
0.000000001
 43
0.0000000001
 40
0.0
 40
0.0
 40
0.0
 40
0.0
 40
1.0
 40
1.0
 40
1.0
 40
2.0
 40
2.0
 40
2.0
 40
3.0
 40
3.0
 40
3.0
 40
4.0
 40
4.0
 40
4.0
 40
4.0
 10
161.5606158333333
 20
80.6669075
 30
0.0
 10
161.1027102777778
 20
80.38680194444444
 30
0.0
 10
160.7093630555555
 20
80.58188805555555
 30
0.0
 10
160.5262713888889
 20
80.88104361111111
 30
0.0
 10
160.3213075
 20
81.21653527777777
 30
0.0
 10
160.4087963888889
 20
81.62505194444444
 30
0.0
 10
160.8000269444444
 20
81.86423527777778
 30
0.0
 10
161.2145408333333
 20
82.1178825
 30
0.0
 10
161.6234102777778
 20
81.99511583333333
 30
0.0
 10
161.8329602777778
 20
81.65221583333333
 30
0.0
 10
162.0502713888889
 20
81.29696861111111
 30
0.0
 10
161.9391463888889
 20
80.89832972222221
 30
0.0
 10
161.5606158333333
 20
80.6669075
 30
0.0
  0
SPLINE
  5
225
330
1F
100
AcDbEntity
  8
DEFAULT
 62
     1
100
AcDbSpline
210
0.0
220
0.0
230
1.0
 70
     8
 71
     3
 72
    35
 73
    31
 74
     0
 42
0.000000001
 43
0.0000000001
 40
0.0
 40
0.0
 40
0.0
 40
0.0
 40
1.0
 40
1.0
 40
1.0
 40
2.0
 40
2.0
 40
2.0
 40
3.0
 40
3.0
 40
3.0
 40
4.0
 40
4.0
 40
4.0
 40
5.0
 40
5.0
 40
5.0
 40
6.0
 40
6.0
 40
6.0
 40
7.0
 40
7.0
 40
7.0
 40
8.0
 40
8.0
 40
8.0
 40
12.24128518258323
 40
12.24128518258323
 40
12.24128518258323
 40
16.00236215600454
 40
16.00236215600454
 40
16.00236215600454
 40
16.00236215600454
 10
164.102415
 20
80.68825055555554
 30
0.0
 10
164.1553316666666
 20
79.506445
 30
0.0
 10
163.9542483333333
 20
78.204695
 30
0.0
 10
164.0988872222222
 20
77.67552833333333
 30
0.0
 10
164.4728316666667
 20
76.30675055555555
 30
0.0
 10
162.5572483333333
 20
70.31658388888889
 30
0.0
 10
163.8978038888889
 20
68.21755611111111
 30
0.0
 10
164.4587205555555
 20
67.33949222222222
 30
0.0
 10
163.5520816666667
 20
66.94755611111111
 30
0.0
 10
164.0459705555555
 20
66.57361166666666
 30
0.0
 10
164.5433872222222
 20
66.203195
 30
0.0
 10
164.1306372222222
 20
65.12052
 30
0.0
 10
161.6012205555555
 20
66.58066722222222
 30
0.0
 10
159.4633872222222
 20
67.81186166666666
 30
0.0
 10
156.8246094444444
 20
69.21591722222222
 30
0.0
 10
156.6623316666667
 20
70.743445
 30
0.0
 10
156.5000538888889
 20
72.27097277777777
 30
0.0
 10
156.8246094444444
 20
73.3293061111111
 30
0.0
 10
155.2582761111111
 20
75.88694499999998
 30
0.0
 10
156.006165
 20
76.34202833333333
 30
0.0
 10
155.8968038888889
 20
76.33497277777776
 30
0.0
 10
156.7258316666666
 20
76.84297277777777
 30
0.0
 10
157.5548594444444
 20
77.347445
 30
0.0
 10
157.498415
 20
77.25572277777778
 30
0.0
 10
158.2463038888889
 20
77.71433388888887
 30
0.0
 10
158.671989074074
 20
77.97421351851851
 30
0.0
 10
159.0976742592592
 20
78.23409314814815
 30
0.0
 10
159.5233594444444
 20
78.49397277777777
 30
0.0
 10
159.2928779629629
 20
78.871445
 30
0.0
 10
159.0623964814814
 20
79.2489172222222
 30
0.0
 10
158.831915
 20
79.62638944444444
 30
0.0
  0
SPLINE
  5
226
330
1F
100
AcDbEntity
  8
DEFAULT
 62
     1
100
AcDbSpline
210
0.0
220
0.0
230
1.0
 70
     8
 71
     3
 72
    41
 73
    37
 74
     0
 42
0.000000001
 43
0.0000000001
 40
0.0
 40
0.0
 40
0.0
 40
0.0
 40
3.761076973421306
 40
3.761076973421306
 40
3.761076973421306
 40
8.016109288222134
 40
8.016109288222134
 40
8.016109288222134
 40
9.016109288222134
 40
9.016109288222134
 40
9.016109288222134
 40
10.01610928822213
 40
10.01610928822213
 40
10.01610928822213
 40
11.01610928822213
 40
11.01610928822213
 40
11.01610928822213
 40
12.01610928822213
 40
12.01610928822213
 40
12.01610928822213
 40
13.01610928822213
 40
13.01610928822213
 40
13.01610928822213
 40
14.01610928822213
 40
14.01610928822213
 40
14.01610928822213
 40
15.01610928822213
 40
15.01610928822213
 40
15.01610928822213
 40
16.01610928822213
 40
16.01610928822213
 40
16.01610928822213
 40
17.01610928822213
 40
17.01610928822213
 40
17.01610928822213
 40
18.01610928822213
 40
18.01610928822213
 40
18.01610928822213
 40
18.01610928822213
 10
158.6519277777777
 20
79.92275805555552
 30
0.0
 10
158.4214462962962
 20
80.30023027777774
 30
0.0
 10
158.1909648148147
 20
80.67770249999997
 30
0.0
 10
157.9604833333333
 20
81.05517472222219
 30
0.0
 10
157.5336222222222
 20
80.79411916666665
 30
0.0
 10
157.1067611111111
 20
80.5330636111111
 30
0.0
 10
156.6799
 20
80.27200805555555
 30
0.0
 10
155.9320111111111
 20
79.81339694444443
 30
0.0
 10
156.0413722222222
 20
79.82045249999999
 30
0.0
 10
155.2123444444444
 20
79.31598027777777
 30
0.0
 10
154.3833166666666
 20
78.80798027777777
 30
0.0
 10
154.4397611111111
 20
78.89970249999999
 30
0.0
 10
153.6954
 20
78.44461916666666
 30
0.0
 10
152.1608166666666
 20
81.15748027777776
 30
0.0
 10
152.2842888888889
 20
82.13820249999999
 30
0.0
 10
151.6739833333333
 20
83.33411916666665
 30
0.0
 10
151.1095388888889
 20
84.4383136111111
 30
0.0
 10
149.7725111111111
 20
85.82120249999998
 30
0.0
 10
149.34565
 20
86.60789694444443
 30
0.0
 10
146.6539555555555
 20
91.56795249999999
 30
0.0
 10
150.4286777777778
 20
92.02656361111111
 30
0.0
 10
151.3106222222222
 20
91.52914694444443
 30
0.0
 10
152.1925666666666
 20
91.03173027777775
 30
0.0
 10
155.3675666666666
 20
91.92778583333332
 30
0.0
 10
157.2549277777778
 20
92.32642472222221
 30
0.0
 10
159.1422888888889
 20
92.72153583333332
 30
0.0
 10
161.9115944444444
 20
92.15709138888887
 30
0.0
 10
162.3455111111111
 20
91.35628583333332
 30
0.0
 10
162.9487611111111
 20
90.23445249999999
 30
0.0
 10
164.2716777777778
 20
90.8341747222222
 30
0.0
 10
163.9400666666666
 20
89.78995249999998
 30
0.0
 10
163.6084555555555
 20
88.74220249999999
 30
0.0
 10
164.7197055555555
 20
85.70478583333333
 30
0.0
 10
164.0176777777777
 20
84.90398027777776
 30
0.0
 10
163.12515
 20
83.88445249999998
 30
0.0
 10
163.9153722222222
 20
82.7555636111111
 30
0.0
 10
164.0811777777778
 20
81.03753583333332
 30
0.0
  0
SPLINE
  5
227
330
1F
100
AcDbEntity
  8
DEFAULT
 62
     5
100
AcDbSpline
210
0.0
220
0.0
230
1.0
 70
     8
 71
     3
 72
    35
 73
    31
 74
     0
 42
0.000000001
 43
0.0000000001
 40
0.0
 40
0.0
 40
0.0
 40
0.0
 40
1.0
 40
1.0
 40
1.0
 40
2.0
 40
2.0
 40
2.0
 40
3.0
 40
3.0
 40
3.0
 40
4.0
 40
4.0
 40
4.0
 40
5.0
 40
5.0
 40
5.0
 40
6.0
 40
6.0
 40
6.0
 40
7.0
 40
7.0
 40
7.0
 40
8.0
 40
8.0
 40
8.0
 40
9.0
 40
9.0
 40
9.0
 40
10.0
 40
10.0
 40
10.0
 40
10.0
 10
155.2126972222222
 20
79.31590972222222
 30
0.0
 10
153.8283972222222
 20
81.91517638888888
 30
0.0
 10
153.7631333333333
 20
84.36380694444443
 30
0.0
 10
151.8718916666666
 20
86.5249236111111
 30
0.0
 10
151.5589777777778
 20
86.88264027777778
 30
0.0
 10
149.7735694444444
 20
89.11149027777778
 30
0.0
 10
150.3962222222222
 20
89.66358749999999
 30
0.0
 10
151.0185222222222
 20
90.21568472222222
 30
0.0
 10
150.6040083333333
 20
88.67651527777777
 30
0.0
 10
156.321125
 20
90.53000972222222
 30
0.0
 10
160.5255305555555
 20
91.89279027777776
 30
0.0
 10
161.5390611111111
 20
89.58139027777777
 30
0.0
 10
162.7632
 20
89.8110486111111
 30
0.0
 10
163.4842777777778
 20
89.9461625
 30
0.0
 10
162.1828805555555
 20
89.25013194444443
 30
0.0
 10
163.3484583333333
 20
86.09700416666666
 30
0.0
 10
163.5834083333333
 20
85.46165138888888
 30
0.0
 10
162.4785083333333
 20
84.89262083333332
 30
0.0
 10
163.1657194444444
 20
82.46550972222222
 30
0.0
 10
163.5742361111111
 20
81.02476527777777
 30
0.0
 10
162.8383416666667
 20
78.41844305555554
 30
0.0
 10
163.2966
 20
76.98687083333333
 30
0.0
 10
163.7266361111111
 20
75.64349305555555
 30
0.0
 10
161.9447555555556
 20
71.88076527777778
 30
0.0
 10
162.9745138888889
 20
68.08417083333333
 30
0.0
 10
163.3604527777778
 20
66.66353472222222
 30
0.0
 10
159.0392777777778
 20
70.21530138888889
 30
0.0
 10
158.5697305555556
 20
71.21330972222222
 30
0.0
 10
158.1005361111111
 20
72.21131805555555
 30
0.0
 10
158.422975
 20
74.45004583333333
 30
0.0
 10
156.7264666666667
 20
76.84152638888888
 30
0.0
  0
POLYLINE
  5
228
330
1F
100
AcDbEntity
  8
DEFAULT
 62
     7
100
AcDb2dPolyline
 66
     1
 10
0.0
 20
0.0
 30
0.0
  0
VERTEX
  5
229
330
228
100
AcDbEntity
  8
DEFAULT
 62
     7
100
AcDbVertex
100
AcDb2dVertex
 10
63.93109444444443
 20
59.95585333333332
 30
0.0
  0
VERTEX
  5
22A
330
228
100
AcDbEntity
  8
DEFAULT
 62
     7
100
AcDbVertex
100
AcDb2dVertex
 10
63.92933055555554
 20
61.48302833333333
 30
0.0
  0
SEQEND
  5
22B
330
228
100
AcDbEntity
  8
DEFAULT
 62
     7
  0
SPLINE
  5
22C
330
1F
100
AcDbEntity
  8
DEFAULT
 62
     7
100
AcDbSpline
210
0.0
220
0.0
230
1.0
 70
     8
 71
     3
 72
    20
 73
    16
 74
     0
 42
0.000000001
 43
0.0000000001
 40
0.0
 40
0.0
 40
0.0
 40
0.0
 40
1.0
 40
1.0
 40
1.0
 40
1.680706250889477
 40
1.680706250889477
 40
1.680706250889477
 40
2.680706250889477
 40
2.680706250889477
 40
2.680706250889477
 40
3.680706250889477
 40
3.680706250889477
 40
3.680706250889477
 40
6.136708083136368
 40
6.136708083136368
 40
6.136708083136368
 40
6.136708083136368
 10
62.93079305555555
 20
60.22869166666666
 30
0.0
 10
62.93079305555555
 20
60.22869166666666
 30
0.0
 10
61.5997625
 20
60.22410555555555
 30
0.0
 10
61.47946527777778
 20
60.21493333333333
 30
0.0
 10
61.55942824074074
 20
60.21857870370371
 30
0.0
 10
61.6393912037037
 20
60.22222407407407
 30
0.0
 10
61.71935416666667
 20
60.22586944444443
 30
0.0
 10
61.58141805555556
 20
60.29748333333333
 30
0.0
 10
61.44630416666666
 20
60.46540555555555
 30
0.0
 10
61.44630416666666
 20
60.70564722222222
 30
0.0
 10
61.44595138888889
 20
60.90637777777777
 30
0.0
 10
61.56554305555555
 20
61.21823333333333
 30
0.0
 10
62.06331249999999
 20
61.21893888888888
 30
0.0
 10
62.35211990740741
 20
61.21929166666666
 30
0.0
 10
62.64092731481482
 20
61.21964444444444
 30
0.0
 10
62.92973472222223
 20
61.21999722222222
 30
0.0
  0
SPLINE
  5
22D
330
1F
100
AcDbEntity
  8
DEFAULT
 62
     5
100
AcDbSpline
210
0.0
220
0.0
230
1.0
 70
     8
 71
     3
 72
    41
 73
    37
 74
     0
 42
0.000000001
 43
0.0000000001
 40
0.0
 40
0.0
 40
0.0
 40
0.0
 40
1.0
 40
1.0
 40
1.0
 40
2.0
 40
2.0
 40
2.0
 40
3.0
 40
3.0
 40
3.0
 40
4.0
 40
4.0
 40
4.0
 40
5.0
 40
5.0
 40
5.0
 40
6.0
 40
6.0
 40
6.0
 40
7.0
 40
7.0
 40
7.0
 40
8.0
 40
8.0
 40
8.0
 40
9.0
 40
9.0
 40
9.0
 40
10.0
 40
10.0
 40
10.0
 40
11.0
 40
11.0
 40
11.0
 40
12.0
 40
12.0
 40
12.0
 40
12.0
 10
70.27798999999999
 20
62.17722444444444
 30
0.0
 10
70.2762261111111
 20
63.68499666666666
 30
0.0
 10
70.09313444444444
 20
65.54025499999999
 30
0.0
 10
70.09137055555556
 20
67.10623555555556
 30
0.0
 10
70.0889011111111
 20
69.28499111111111
 30
0.0
 10
70.81456499999999
 20
70.05369388888889
 30
0.0
 10
70.26317333333333
 20
70.13624388888888
 30
0.0
 10
69.64651777777777
 20
70.2283188888889
 30
0.0
 10
69.40310111111111
 20
70.36343277777777
 30
0.0
 10
68.99176222222222
 20
69.67904388888888
 30
0.0
 10
67.85017333333333
 20
67.77968833333333
 30
0.0
 10
64.97362333333332
 20
64.82058833333333
 30
0.0
 10
59.06247888888888
 20
64.68124111111112
 30
0.0
 10
55.00341777777777
 20
64.58528555555556
 30
0.0
 10
54.06538166666667
 20
64.80153833333333
 30
0.0
 10
54.06608722222222
 20
63.95769388888888
 30
0.0
 10
54.0678511111111
 20
62.55363833333333
 30
0.0
 10
53.41627055555555
 20
61.68157166666666
 30
0.0
 10
53.41732888888888
 20
60.70825777777778
 30
0.0
 10
53.41838722222222
 20
59.73459111111111
 30
0.0
 10
54.07208444444444
 20
58.86393555555556
 30
0.0
 10
54.07349555555555
 20
57.46023277777778
 30
0.0
 10
54.07455388888888
 20
56.61568277777778
 30
0.0
 10
55.01223722222222
 20
56.834405
 30
0.0
 10
59.07129833333333
 20
56.74762166666667
 30
0.0
 10
64.98279555555555
 20
56.62203277777778
 30
0.0
 10
67.8664011111111
 20
53.66963555555556
 30
0.0
 10
69.01187055555555
 20
51.77310222222223
 30
0.0
 10
69.42497333333333
 20
51.08906611111111
 30
0.0
 10
69.66803722222221
 20
51.22488555555556
 30
0.0
 10
70.28469277777778
 20
51.31872444444444
 30
0.0
 10
70.83573166666666
 20
51.40197999999999
 30
0.0
 10
70.10865666666666
 20
52.16927166666667
 30
0.0
 10
70.10583444444444
 20
54.34802722222222
 30
0.0
 10
70.10407055555555
 20
55.91400777777778
 30
0.0
 10
70.28292888888889
 20
57.76926611111111
 30
0.0
 10
70.28116499999999
 20
59.27739111111111
 30
0.0
  0
SPLINE
  5
22E
330
1F
100
AcDbEntity
  8
DEFAULT
 62
     1
100
AcDbSpline
210
0.0
220
0.0
230
1.0
 70
     8
 71
     3
 72
    35
 73
    31
 74
     0
 42
0.000000001
 43
0.0000000001
 40
0.0
 40
0.0
 40
0.0
 40
0.0
 40
3.699999999999989
 40
3.699999999999989
 40
3.699999999999989
 40
13.62000609878842
 40
13.62000609878842
 40
13.62000609878842
 40
14.62000609878842
 40
14.62000609878842
 40
14.62000609878842
 40
15.62000609878842
 40
15.62000609878842
 40
15.62000609878842
 40
16.62000609878842
 40
16.62000609878842
 40
16.62000609878842
 40
17.62000609878842
 40
17.62000609878842
 40
17.62000609878842
 40
18.62000609878842
 40
18.62000609878842
 40
18.62000609878842
 40
19.62000609878842
 40
19.62000609878842
 40
19.62000609878842
 40
20.62000609878842
 40
20.62000609878842
 40
20.62000609878842
 40
21.62000609878842
 40
21.62000609878842
 40
21.62000609878842
 40
21.62000609878842
 10
65.03179638888888
 20
60.52703583333333
 30
0.0
 10
65.03179638888888
 20
60.09194324074074
 30
0.0
 10
65.03179638888888
 20
59.65685064814814
 30
0.0
 10
65.03179638888888
 20
59.22175805555556
 30
0.0
 10
66.1983149074074
 20
59.22305157407408
 30
0.0
 10
67.36483342592591
 20
59.22434509259259
 30
0.0
 10
68.53135194444442
 20
59.22563861111111
 30
0.0
 10
69.40624083333333
 20
59.22563861111111
 30
0.0
 10
69.31099083333332
 20
59.27467472222222
 30
0.0
 10
70.2811297222222
 20
59.2782025
 30
0.0
 10
71.25479638888888
 20
59.2782025
 30
0.0
 10
71.1560186111111
 20
59.2288136111111
 30
0.0
 10
72.03090749999998
 20
59.2288136111111
 30
0.0
 10
72.03443527777776
 20
57.66248027777777
 30
0.0
 10
71.37121305555554
 20
54.6395275
 30
0.0
 10
72.02032416666665
 20
52.0850636111111
 30
0.0
 10
72.70118527777777
 20
49.43605527777778
 30
0.0
 10
71.0431297222222
 20
49.70063861111111
 30
0.0
 10
69.35332416666665
 20
49.42511916666666
 30
0.0
 10
67.6635186111111
 20
49.15736083333334
 30
0.0
 10
68.10096305555554
 20
49.82023027777777
 30
0.0
 10
67.10260194444443
 20
51.16784138888888
 30
0.0
 10
66.10424083333332
 20
52.51545249999999
 30
0.0
 10
64.35446305555556
 20
54.4345636111111
 30
0.0
 10
58.87935194444444
 20
54.95667472222222
 30
0.0
 10
52.62107416666665
 20
55.55286916666666
 30
0.0
 10
52.22243527777777
 20
53.85600805555555
 30
0.0
 10
52.16246305555555
 20
55.85625805555555
 30
0.0
 10
52.09896305555555
 20
57.78242472222222
 30
0.0
 10
51.28757416666665
 20
59.05242472222221
 30
0.0
 10
51.22407416666665
 20
60.5305636111111
 30
0.0
  0
SPLINE
  5
22F
330
1F
100
AcDbEntity
  8
DEFAULT
 62
     1
100
AcDbSpline
210
0.0
220
0.0
230
1.0
 70
     8
 71
     3
 72
    35
 73
    31
 74
     0
 42
0.000000001
 43
0.0000000001
 40
0.0
 40
0.0
 40
0.0
 40
0.0
 40
1.0
 40
1.0
 40
1.0
 40
2.0
 40
2.0
 40
2.0
 40
3.0
 40
3.0
 40
3.0
 40
4.0
 40
4.0
 40
4.0
 40
5.0
 40
5.0
 40
5.0
 40
6.0
 40
6.0
 40
6.0
 40
7.0
 40
7.0
 40
7.0
 40
8.0
 40
8.0
 40
8.0
 40
17.92000609878846
 40
17.92000609878846
 40
17.92000609878846
 40
21.73000609878846
 40
21.73000609878846
 40
21.73000609878846
 40
21.73000609878846
 10
51.22403888888888
 20
60.8798136111111
 30
0.0
 10
51.28048333333333
 20
62.36148027777777
 30
0.0
 10
52.09187222222222
 20
63.62795249999999
 30
0.0
 10
52.14831666666667
 20
65.55411916666667
 30
0.0
 10
52.20828888888888
 20
67.55436916666666
 30
0.0
 10
52.61045555555555
 20
65.86103583333333
 30
0.0
 10
58.86873333333333
 20
66.47134138888887
 30
0.0
 10
64.34031666666667
 20
67.00403583333333
 30
0.0
 10
66.08656666666666
 20
68.9270275
 30
0.0
 10
67.08139999999999
 20
70.2778136111111
 30
0.0
 10
68.07623333333333
 20
71.6289525
 30
0.0
 10
67.63878888888888
 20
72.29217472222221
 30
0.0
 10
69.32859444444443
 20
72.02053583333333
 30
0.0
 10
71.0184
 20
71.75242472222222
 30
0.0
 10
72.67645555555555
 20
72.02759138888888
 30
0.0
 10
72.00264999999999
 20
69.37117472222221
 30
0.0
 10
71.35706666666665
 20
66.8170636111111
 30
0.0
 10
72.02734444444444
 20
63.79375805555554
 30
0.0
 10
72.02734444444444
 20
62.22742472222221
 30
0.0
 10
71.15245555555555
 20
62.22742472222221
 30
0.0
 10
71.25123333333333
 20
62.17803583333333
 30
0.0
 10
70.27756666666666
 20
62.17803583333333
 30
0.0
 10
69.30742777777776
 20
62.17450805555554
 30
0.0
 10
69.40267777777777
 20
62.22424972222222
 30
0.0
 10
68.52778888888889
 20
62.22424972222222
 30
0.0
 10
67.36127037037038
 20
62.2229562037037
 30
0.0
 10
66.19475185185185
 20
62.22166268518518
 30
0.0
 10
65.02823333333332
 20
62.22036916666666
 30
0.0
 10
65.02823333333332
 20
61.77234138888889
 30
0.0
 10
65.02823333333332
 20
61.32431361111111
 30
0.0
 10
65.02823333333332
 20
60.87628583333333
 30
0.0
  0
POLYLINE
  5
230
330
1F
100
AcDbEntity
  8
DEFAULT
 62
     7
100
AcDb2dPolyline
 66
     1
 10
0.0
 20
0.0
 30
0.0
  0
VERTEX
  5
231
330
230
100
AcDbEntity
  8
DEFAULT
 62
     7
100
AcDbVertex
100
AcDb2dVertex
 10
107.9232241666666
 20
83.92939638888888
 30
0.0
  0
VERTEX
  5
232
330
230
100
AcDbEntity
  8
DEFAULT
 62
     7
100
AcDbVertex
100
AcDb2dVertex
 10
107.9214602777778
 20
85.45692416666667
 30
0.0
  0
SEQEND
  5
233
330
230
100
AcDbEntity
  8
DEFAULT
 62
     7
  0
SPLINE
  5
234
330
1F
100
AcDbEntity
  8
DEFAULT
 62
     7
100
AcDbSpline
210
0.0
220
0.0
230
1.0
 70
     8
 71
     3
 72
    23
 73
    19
 74
     0
 42
0.000000001
 43
0.0000000001
 40
0.0
 40
0.0
 40
0.0
 40
0.0
 40
3.15600142585514
 40
3.15600142585514
 40
3.15600142585514
 40
4.15600142585514
 40
4.15600142585514
 40
4.15600142585514
 40
5.15600142585514
 40
5.15600142585514
 40
5.15600142585514
 40
6.15600142585514
 40
6.15600142585514
 40
6.15600142585514
 40
7.15600142585514
 40
7.15600142585514
 40
7.15600142585514
 40
9.579003283056247
 40
9.579003283056247
 40
9.579003283056247
 40
9.579003283056247
 10
106.9233108333333
 20
83.81640166666664
 30
0.0
 10
106.5521886111111
 20
83.81604888888886
 30
0.0
 10
106.1810663888889
 20
83.81569611111108
 30
0.0
 10
105.8099441666667
 20
83.8153433333333
 30
0.0
 10
105.6469608333333
 20
83.81499055555555
 30
0.0
 10
105.4388219444444
 20
83.9553961111111
 30
0.0
 10
105.4388219444444
 20
84.27077944444444
 30
0.0
 10
105.4384691666666
 20
84.46868777777776
 30
0.0
 10
105.6667163888889
 20
84.66553777777777
 30
0.0
 10
105.8910830555556
 20
84.68776277777776
 30
0.0
 10
105.6543691666667
 20
84.690585
 30
0.0
 10
105.4381163888889
 20
84.79924055555554
 30
0.0
 10
105.4377636111111
 20
85.13402666666666
 30
0.0
 10
105.4374108333333
 20
85.32593777777777
 30
0.0
 10
105.5633525
 20
85.56582666666665
 30
0.0
 10
106.0667663888889
 20
85.56653222222222
 30
0.0
 10
106.3516932407407
 20
85.566885
 30
0.0
 10
106.6366200925926
 20
85.56723777777775
 30
0.0
 10
106.9215469444444
 20
85.56759055555554
 30
0.0
  0
POLYLINE
  5
235
330
1F
100
AcDbEntity
  8
DEFAULT
 62
     7
100
AcDb2dPolyline
 66
     1
 10
0.0
 20
0.0
 30
0.0
  0
VERTEX
  5
236
330
235
100
AcDbEntity
  8
DEFAULT
 62
     7
100
AcDbVertex
100
AcDb2dVertex
 10
94.4020986111111
 20
93.15587583333334
 30
0.0
  0
VERTEX
  5
237
330
235
100
AcDbEntity
  8
DEFAULT
 62
     7
100
AcDbVertex
100
AcDb2dVertex
 10
95.92574583333335
 20
93.26312027777777
 30
0.0
  0
SEQEND
  5
238
330
235
100
AcDbEntity
  8
DEFAULT
 62
     7
  0
POLYLINE
  5
239
330
1F
100
AcDbEntity
  8
DEFAULT
 62
     7
100
AcDb2dPolyline
 66
     1
 10
0.0
 20
0.0
 30
0.0
  0
VERTEX
  5
23A
330
239
100
AcDbEntity
  8
DEFAULT
 62
     7
100
AcDbVertex
100
AcDb2dVertex
 10
94.76175555555554
 20
96.31761138888888
 30
0.0
  0
VERTEX
  5
23B
330
239
100
AcDbEntity
  8
DEFAULT
 62
     7
100
AcDbVertex
100
AcDb2dVertex
 10
94.91098055555554
 20
94.19388916666666
 30
0.0
  0
VERTEX
  5
23C
330
239
100
AcDbEntity
  8
DEFAULT
 62
     7
100
AcDbVertex
100
AcDb2dVertex
 10
95.27645833333332
 20
94.2199947222222
 30
0.0
  0
SEQEND
  5
23D
330
239
100
AcDbEntity
  8
DEFAULT
 62
     7
  0
SPLINE
  5
23E
330
1F
100
AcDbEntity
  8
DEFAULT
 62
     1
100
AcDbSpline
210
0.0
220
0.0
230
1.0
 70
     8
 71
     3
 72
    38
 73
    34
 74
     0
 42
0.000000001
 43
0.0000000001
 40
0.0
 40
0.0
 40
0.0
 40
0.0
 40
3.72999999999999
 40
3.72999999999999
 40
3.72999999999999
 40
14.09000482625371
 40
14.09000482625371
 40
14.09000482625371
 40
15.09000482625371
 40
15.09000482625371
 40
15.09000482625371
 40
16.0900048262537
 40
16.0900048262537
 40
16.0900048262537
 40
17.0900048262537
 40
17.0900048262537
 40
17.0900048262537
 40
18.0900048262537
 40
18.0900048262537
 40
18.0900048262537
 40
19.0900048262537
 40
19.0900048262537
 40
19.0900048262537
 40
20.0900048262537
 40
20.0900048262537
 40
20.0900048262537
 40
21.0900048262537
 40
21.0900048262537
 40
21.0900048262537
 40
22.50354647756784
 40
22.50354647756784
 40
22.50354647756784
 40
26.25257301788469
 40
26.25257301788469
 40
26.25257301788469
 40
26.25257301788469
 10
109.0232558333333
 20
84.50886916666666
 30
0.0
 10
109.0232558333333
 20
84.0702487962963
 30
0.0
 10
109.0232558333333
 20
83.63162842592592
 30
0.0
 10
109.0232558333333
 20
83.19300805555555
 30
0.0
 10
110.2415150925926
 20
83.19418398148149
 30
0.0
 10
111.4597743518518
 20
83.19535990740741
 30
0.0
 10
112.6780336111111
 20
83.19653583333333
 30
0.0
 10
113.5529225
 20
83.20006361111109
 30
0.0
 10
113.4576725
 20
83.2459247222222
 30
0.0
 10
114.4278113888889
 20
83.2459247222222
 30
0.0
 10
115.4014780555555
 20
83.24945249999999
 30
0.0
 10
115.3027002777778
 20
83.20006361111109
 30
0.0
 10
116.1775891666667
 20
83.20006361111109
 30
0.0
 10
116.3539780555556
 20
80.61420249999999
 30
0.0
 10
114.6324225
 20
80.30375805555555
 30
0.0
 10
111.8454780555555
 20
80.2473136111111
 30
0.0
 10
109.4571725
 20
80.19792472222221
 30
0.0
 10
106.3280336111111
 20
80.90700805555554
 30
0.0
 10
104.2043113888889
 20
81.68311916666666
 30
0.0
 10
101.5373113888889
 20
82.66031361111109
 30
0.0
 10
97.44861694444444
 20
85.45784138888888
 30
0.0
 10
97.01822805555554
 20
88.22714694444443
 30
0.0
 10
96.95825583333334
 20
89.10203583333332
 30
0.0
 10
96.91239472222222
 20
88.99620249999998
 30
0.0
 10
96.84536694444445
 20
89.96986916666665
 30
0.0
 10
96.77833916666667
 20
90.93648027777776
 30
0.0
 10
96.83125583333333
 20
90.84828583333332
 30
0.0
 10
96.7712836111111
 20
91.71964694444443
 30
0.0
 10
96.75952435185184
 20
91.88545249999999
 30
0.0
 10
96.74776509259259
 20
92.05125805555554
 30
0.0
 10
96.73600583333334
 20
92.2170636111111
 30
0.0
 10
96.29620953703704
 20
92.18648953703702
 30
0.0
 10
95.85641324074074
 20
92.15591546296294
 30
0.0
 10
95.41661694444444
 20
92.12534138888887
 30
0.0
  0
SPLINE
  5
23F
330
1F
100
AcDbEntity
  8
DEFAULT
 62
     1
100
AcDbSpline
210
0.0
220
0.0
230
1.0
 70
     8
 71
     3
 72
    41
 73
    37
 74
     0
 42
0.000000001
 43
0.0000000001
 40
0.0
 40
0.0
 40
0.0
 40
0.0
 40
3.759707435426381
 40
3.759707435426381
 40
3.759707435426381
 40
5.173249086740581
 40
5.173249086740581
 40
5.173249086740581
 40
6.173249086740581
 40
6.173249086740581
 40
6.173249086740581
 40
7.173249086740581
 40
7.173249086740581
 40
7.173249086740581
 40
8.173249086740581
 40
8.173249086740581
 40
8.173249086740581
 40
9.173249086740581
 40
9.173249086740581
 40
9.173249086740581
 40
10.17324908674058
 40
10.17324908674058
 40
10.17324908674058
 40
11.17324908674058
 40
11.17324908674058
 40
11.17324908674058
 40
12.17324908674058
 40
12.17324908674058
 40
12.17324908674058
 40
13.17324908674058
 40
13.17324908674058
 40
13.17324908674058
 40
23.5332539129943
 40
23.5332539129943
 40
23.5332539129943
 40
27.3132539129943
 40
27.3132539129943
 40
27.3132539129943
 40
27.3132539129943
 10
95.06733166666668
 20
92.10064694444443
 30
0.0
 10
94.62635944444445
 20
92.06889694444443
 30
0.0
 10
94.18538722222222
 20
92.03714694444443
 30
0.0
 10
93.74441499999999
 20
92.00539694444444
 30
0.0
 10
93.75617425925925
 20
91.83959138888888
 30
0.0
 10
93.76793351851852
 20
91.67378583333333
 30
0.0
 10
93.77969277777777
 20
91.50798027777776
 30
0.0
 10
93.84319277777774
 20
90.63661916666666
 30
0.0
 10
93.88552611111109
 20
90.73186916666666
 30
0.0
 10
93.95255388888886
 20
89.76525805555555
 30
0.0
 10
94.01958166666664
 20
88.79511916666665
 30
0.0
 10
93.96666499999998
 20
88.89036916666666
 30
0.0
 10
94.0266372222222
 20
88.01548027777777
 30
0.0
 10
92.03344277777775
 20
87.98373027777777
 30
0.0
 10
91.30319277777775
 20
88.10367472222221
 30
0.0
 10
91.0103872222222
 20
90.97528583333333
 30
0.0
 10
90.70699833333332
 20
93.93509138888888
 30
0.0
 10
90.84458166666664
 20
97.09245249999998
 30
0.0
 10
94.78510944444443
 20
97.36409138888888
 30
0.0
 10
99.45235944444443
 20
97.68159138888888
 30
0.0
 10
101.0927761111111
 20
95.65664694444443
 30
0.0
 10
104.6911094444444
 20
92.98964694444443
 30
0.0
 10
109.5488594444444
 20
89.38425805555555
 30
0.0
 10
116.1704983333333
 20
90.57311916666666
 30
0.0
 10
116.1740261111111
 20
86.19867472222222
 30
0.0
 10
115.2991372222222
 20
86.19514694444443
 30
0.0
 10
115.397915
 20
86.14928583333332
 30
0.0
 10
114.4242483333333
 20
86.14928583333332
 30
0.0
 10
113.4541094444444
 20
86.14575805555555
 30
0.0
 10
113.5493594444444
 20
86.19514694444443
 30
0.0
 10
112.6744705555555
 20
86.19514694444443
 30
0.0
 10
111.4562112962963
 20
86.1939710185185
 30
0.0
 10
110.237952037037
 20
86.19279509259258
 30
0.0
 10
109.0196927777778
 20
86.19161916666665
 30
0.0
 10
109.0196927777778
 20
85.74711916666666
 30
0.0
 10
109.0196927777778
 20
85.30261916666666
 30
0.0
 10
109.0196927777778
 20
84.85811916666665
 30
0.0
  0
POLYLINE
  5
240
330
1F
100
AcDbEntity
  8
DEFAULT
 62
     7
100
AcDb2dPolyline
 66
     1
 10
0.0
 20
0.0
 30
0.0
  0
VERTEX
  5
241
330
240
100
AcDbEntity
  8
DEFAULT
 62
     7
100
AcDbVertex
100
AcDb2dVertex
 10
107.9776577777778
 20
36.08133499999999
 30
0.0
  0
VERTEX
  5
242
330
240
100
AcDbEntity
  8
DEFAULT
 62
     7
100
AcDbVertex
100
AcDb2dVertex
 10
107.9758938888889
 20
37.60850999999999
 30
0.0
  0
SEQEND
  5
243
330
240
100
AcDbEntity
  8
DEFAULT
 62
     7
  0
SPLINE
  5
244
330
1F
100
AcDbEntity
  8
DEFAULT
 62
     7
100
AcDbSpline
210
0.0
220
0.0
230
1.0
 70
     8
 71
     3
 72
    23
 73
    19
 74
     0
 42
0.000000001
 43
0.0000000001
 40
0.0
 40
0.0
 40
0.0
 40
0.0
 40
3.156002534853177
 40
3.156002534853177
 40
3.156002534853177
 40
4.156002534853178
 40
4.156002534853178
 40
4.156002534853178
 40
5.156002534853178
 40
5.156002534853178
 40
5.156002534853178
 40
6.156002534853178
 40
6.156002534853178
 40
6.156002534853178
 40
7.156002534853178
 40
7.156002534853178
 40
7.156002534853178
 40
9.579004392054284
 40
9.579004392054284
 40
9.579004392054284
 40
9.579004392054284
 10
106.9777444444444
 20
35.96834027777778
 30
0.0
 10
106.6066222222222
 20
35.96786990740741
 30
0.0
 10
106.2355
 20
35.96739953703704
 30
0.0
 10
105.8643777777778
 20
35.96692916666667
 30
0.0
 10
105.7013944444444
 20
35.96692916666666
 30
0.0
 10
105.4932555555555
 20
36.10733472222222
 30
0.0
 10
105.4932555555555
 20
36.42271805555555
 30
0.0
 10
105.4929027777778
 20
36.62062638888889
 30
0.0
 10
105.72115
 20
36.81712361111111
 30
0.0
 10
105.9455166666667
 20
36.83970138888888
 30
0.0
 10
105.7088027777778
 20
36.8425236111111
 30
0.0
 10
105.49255
 20
36.95117916666666
 30
0.0
 10
105.4921972222222
 20
37.28596527777777
 30
0.0
 10
105.4918444444445
 20
37.47787638888888
 30
0.0
 10
105.6177861111111
 20
37.71776527777777
 30
0.0
 10
106.1212
 20
37.71847083333333
 30
0.0
 10
106.4061268518519
 20
37.71882361111111
 30
0.0
 10
106.6910537037037
 20
37.71917638888888
 30
0.0
 10
106.9759805555556
 20
37.71952916666666
 30
0.0
  0
POLYLINE
  5
245
330
1F
100
AcDbEntity
  8
DEFAULT
 62
     7
100
AcDb2dPolyline
 66
     1
 10
0.0
 20
0.0
 30
0.0
  0
VERTEX
  5
246
330
245
100
AcDbEntity
  8
DEFAULT
 62
     7
100
AcDbVertex
100
AcDb2dVertex
 10
95.99958222222222
 20
28.24786916666666
 30
0.0
  0
VERTEX
  5
247
330
245
100
AcDbEntity
  8
DEFAULT
 62
     7
100
AcDbVertex
100
AcDb2dVertex
 10
94.475935
 20
28.35158583333332
 30
0.0
  0
SEQEND
  5
248
330
245
100
AcDbEntity
  8
DEFAULT
 62
     7
  0
POLYLINE
  5
249
330
1F
100
AcDbEntity
  8
DEFAULT
 62
     7
100
AcDb2dPolyline
 66
     1
 10
0.0
 20
0.0
 30
0.0
  0
VERTEX
  5
24A
330
249
100
AcDbEntity
  8
DEFAULT
 62
     7
100
AcDbVertex
100
AcDb2dVertex
 10
95.20808999999997
 20
25.16554388888888
 30
0.0
  0
VERTEX
  5
24B
330
249
100
AcDbEntity
  8
DEFAULT
 62
     7
100
AcDbVertex
100
AcDb2dVertex
 10
95.35272888888886
 20
27.28961888888889
 30
0.0
  0
VERTEX
  5
24C
330
249
100
AcDbEntity
  8
DEFAULT
 62
     7
100
AcDbVertex
100
AcDb2dVertex
 10
94.9872511111111
 20
27.31431333333333
 30
0.0
  0
SEQEND
  5
24D
330
249
100
AcDbEntity
  8
DEFAULT
 62
     7
  0
SPLINE
  5
24E
330
1F
100
AcDbEntity
  8
DEFAULT
 62
     1
100
AcDbSpline
210
0.0
220
0.0
230
1.0
 70
     8
 71
     3
 72
    41
 73
    37
 74
     0
 42
0.000000001
 43
0.0000000001
 40
0.0
 40
0.0
 40
0.0
 40
0.0
 40
3.719999999999999
 40
3.719999999999999
 40
3.719999999999999
 40
14.07000483091677
 40
14.07000483091677
 40
14.07000483091677
 40
15.07000483091677
 40
15.07000483091677
 40
15.07000483091677
 40
16.07000483091677
 40
16.07000483091677
 40
16.07000483091677
 40
17.07000483091677
 40
17.07000483091677
 40
17.07000483091677
 40
18.07000483091677
 40
18.07000483091677
 40
18.07000483091677
 40
19.07000483091677
 40
19.07000483091677
 40
19.07000483091677
 40
20.07000483091677
 40
20.07000483091677
 40
20.07000483091677
 40
21.07000483091677
 40
21.07000483091677
 40
21.07000483091677
 40
22.07000483091677
 40
22.07000483091677
 40
22.07000483091677
 40
23.48354648223093
 40
23.48354648223093
 40
23.48354648223093
 40
27.18200562084528
 40
27.18200562084528
 40
27.18200562084528
 40
27.18200562084528
 10
109.0795944444444
 20
36.66147805555556
 30
0.0
 10
109.0795944444445
 20
36.22403361111111
 30
0.0
 10
109.0795944444445
 20
35.78658916666667
 30
0.0
 10
109.0795944444445
 20
35.34914472222222
 30
0.0
 10
110.2966777777778
 20
35.35032064814815
 30
0.0
 10
111.5137611111111
 20
35.35149657407407
 30
0.0
 10
112.7308444444444
 20
35.3526725
 30
0.0
 10
113.6092611111111
 20
35.35655305555556
 30
0.0
 10
113.5140111111111
 20
35.40558916666667
 30
0.0
 10
114.4806222222222
 20
35.40558916666667
 30
0.0
 10
115.4542888888889
 20
35.40558916666667
 30
0.0
 10
115.3555111111111
 20
35.36008083333333
 30
0.0
 10
116.2339277777778
 20
35.36008083333333
 30
0.0
 10
116.2374555555556
 20
30.98175583333333
 30
0.0
 10
109.6158166666666
 20
32.15650583333333
 30
0.0
 10
104.7651222222222
 20
28.54053361111111
 30
0.0
 10
101.1738444444444
 20
25.86647805555556
 30
0.0
 10
99.53695555555554
 20
23.83800583333334
 30
0.0
 10
94.86617777777776
 20
24.14527527777778
 30
0.0
 10
90.92917777777777
 20
24.40633083333333
 30
0.0
 10
90.78453888888887
 20
27.56369194444444
 30
0.0
 10
91.08087222222223
 20
30.5234975
 30
0.0
 10
91.36662222222222
 20
33.39828361111111
 30
0.0
 10
92.09687222222222
 20
33.51858083333333
 30
0.0
 10
94.08653888888888
 20
33.49035861111111
 30
0.0
 10
94.03009444444444
 20
32.61511694444444
 30
0.0
 10
94.0830111111111
 20
32.71071972222222
 30
0.0
 10
94.01598333333332
 20
31.74058083333333
 30
0.0
 10
93.95248333333332
 20
30.77396972222223
 30
0.0
 10
93.91367777777776
 20
30.86886694444445
 30
0.0
 10
93.85017777777776
 20
29.99750583333333
 30
0.0
 10
93.83841851851851
 20
29.83170027777778
 30
0.0
 10
93.82665925925926
 20
29.66589472222222
 30
0.0
 10
93.8149
 20
29.50008916666667
 30
0.0
 10
94.24881666666666
 20
29.47069101851852
 30
0.0
 10
94.68273333333333
 20
29.44129287037037
 30
0.0
 10
95.11664999999999
 20
29.41189472222222
 30
0.0
  0
SPLINE
  5
24F
330
1F
100
AcDbEntity
  8
DEFAULT
 62
     1
100
AcDbSpline
210
0.0
220
0.0
230
1.0
 70
     8
 71
     3
 72
    38
 73
    34
 74
     0
 42
0.000000001
 43
0.0000000001
 40
0.0
 40
0.0
 40
0.0
 40
0.0
 40
3.818929300209682
 40
3.818929300209682
 40
3.818929300209682
 40
5.231798720927704
 40
5.231798720927704
 40
5.231798720927704
 40
6.231798720927704
 40
6.231798720927704
 40
6.231798720927704
 40
7.231798720927704
 40
7.231798720927704
 40
7.231798720927704
 40
8.231798720927703
 40
8.231798720927703
 40
8.231798720927703
 40
9.231798720927703
 40
9.231798720927703
 40
9.231798720927703
 40
10.2317987209277
 40
10.2317987209277
 40
10.2317987209277
 40
11.2317987209277
 40
11.2317987209277
 40
11.2317987209277
 40
12.2317987209277
 40
12.2317987209277
 40
12.2317987209277
 40
22.59180354718142
 40
22.59180354718142
 40
22.59180354718142
 40
26.38180354718141
 40
26.38180354718141
 40
26.38180354718141
 40
26.38180354718141
 10
95.46593527777775
 20
29.38751777777777
 30
0.0
 10
95.91396305555553
 20
29.3568261111111
 30
0.0
 10
96.36199083333331
 20
29.32613444444444
 30
0.0
 10
96.81001861111106
 20
29.29544277777777
 30
0.0
 10
96.82060194444442
 20
29.46124833333333
 30
0.0
 10
96.83118527777776
 20
29.62705388888888
 30
0.0
 10
96.84176861111109
 20
29.79285944444444
 30
0.0
 10
96.90174083333332
 20
30.66422055555556
 30
0.0
 10
96.84882416666666
 20
30.57602611111111
 30
0.0
 10
96.91232416666666
 20
31.546165
 30
0.0
 10
96.97935194444445
 20
32.51630388888888
 30
0.0
 10
97.02168527777778
 20
32.41047055555556
 30
0.0
 10
97.07812972222222
 20
33.28571222222222
 30
0.0
 10
97.50499083333331
 20
36.05819277777778
 30
0.0
 10
101.5866297222222
 20
38.86277611111111
 30
0.0
 10
104.2536297222222
 20
39.84702611111111
 30
0.0
 10
106.3738241666667
 20
40.626665
 30
0.0
 10
109.5029630555556
 20
41.34315666666667
 30
0.0
 10
111.8912686111111
 20
41.29729555555555
 30
0.0
 10
114.6746852777778
 20
41.25143444444444
 30
0.0
 10
116.3997686111111
 20
40.94099
 30
0.0
 10
116.2304352777778
 20
38.35512888888888
 30
0.0
 10
115.3520186111111
 20
38.35512888888888
 30
0.0
 10
115.4507963888889
 20
38.30538722222222
 30
0.0
 10
114.4806575
 20
38.30538722222222
 30
0.0
 10
113.5105186111111
 20
38.30538722222222
 30
0.0
 10
113.6057686111111
 20
38.35124833333333
 30
0.0
 10
112.7308797222222
 20
38.35124833333333
 30
0.0
 10
111.512620462963
 20
38.3500724074074
 30
0.0
 10
110.2943612037037
 20
38.34889648148148
 30
0.0
 10
109.0761019444444
 20
38.34772055555555
 30
0.0
 10
109.0761019444444
 20
37.90204462962963
 30
0.0
 10
109.0761019444444
 20
37.4563687037037
 30
0.0
 10
109.0761019444444
 20
37.01069277777778
 30
0.0
  0
SPLINE
  5
250
330
1F
100
AcDbEntity
  8
DEFAULT
 62
     7
100
AcDbSpline
210
0.0
220
0.0
230
1.0
 70
    11
 71
     3
 72
    17
 73
    13
 74
     0
 42
0.000000001
 43
0.0000000001
 40
0.0
 40
0.0
 40
0.0
 40
0.0
 40
1.0
 40
1.0
 40
1.0
 40
2.0
 40
2.0
 40
2.0
 40
3.0
 40
3.0
 40
3.0
 40
4.0
 40
4.0
 40
4.0
 40
4.0
 10
117.9240155555556
 20
254.3658305555555
 30
0.0
 10
118.1917738888889
 20
254.4339166666666
 30
0.0
 10
118.4637655555555
 20
254.2716388888889
 30
0.0
 10
118.5318516666667
 20
254.0042333333333
 30
0.0
 10
118.599585
 20
253.736475
 30
0.0
 10
118.43766
 20
253.4644833333333
 30
0.0
 10
118.1699016666667
 20
253.3963972222222
 30
0.0
 10
117.9021433333333
 20
253.3286638888889
 30
0.0
 10
117.6301516666666
 20
253.4905888888889
 30
0.0
 10
117.5624183333333
 20
253.7583472222222
 30
0.0
 10
117.4943322222222
 20
254.0261055555555
 30
0.0
 10
117.6562572222222
 20
254.2980972222222
 30
0.0
 10
117.9240155555556
 20
254.3658305555555
 30
0.0
  0
SPLINE
  5
251
330
1F
100
AcDbEntity
  8
DEFAULT
 62
     7
100
AcDbSpline
210
0.0
220
0.0
230
1.0
 70
    11
 71
     3
 72
    17
 73
    13
 74
     0
 42
0.000000001
 43
0.0000000001
 40
0.0
 40
0.0
 40
0.0
 40
0.0
 40
1.0
 40
1.0
 40
1.0
 40
2.0
 40
2.0
 40
2.0
 40
3.0
 40
3.0
 40
3.0
 40
4.0
 40
4.0
 40
4.0
 40
4.0
 10
86.54831277777777
 20
257.8097530555555
 30
0.0
 10
86.78820166666667
 20
257.6728752777777
 30
0.0
 10
86.87181
 20
257.3677225
 30
0.0
 10
86.73493222222221
 20
257.1278336111111
 30
0.0
 10
86.5984072222222
 20
256.8879447222222
 30
0.0
 10
86.29290166666667
 20
256.8039836111111
 30
0.0
 10
86.05301277777777
 20
256.9408613888889
 30
0.0
 10
85.81347666666666
 20
257.0777391666666
 30
0.0
 10
85.72951555555555
 20
257.3832447222222
 30
0.0
 10
85.86639333333332
 20
257.6227808333333
 30
0.0
 10
86.0032711111111
 20
257.8626697222222
 30
0.0
 10
86.30842388888888
 20
257.9466308333333
 30
0.0
 10
86.54831277777777
 20
257.8097530555555
 30
0.0
  0
SPLINE
  5
252
330
1F
100
AcDbEntity
  8
DEFAULT
 62
     7
100
AcDbSpline
210
0.0
220
0.0
230
1.0
 70
    11
 71
     3
 72
    17
 73
    13
 74
     0
 42
0.000000001
 43
0.0000000001
 40
0.0
 40
0.0
 40
0.0
 40
0.0
 40
1.0
 40
1.0
 40
1.0
 40
2.0
 40
2.0
 40
2.0
 40
3.0
 40
3.0
 40
3.0
 40
4.0
 40
4.0
 40
4.0
 40
4.0
 10
85.24518694444444
 20
258.5524913888889
 30
0.0
 10
85.48507583333333
 20
258.4156136111111
 30
0.0
 10
85.56868416666666
 20
258.1104608333333
 30
0.0
 10
85.43180638888889
 20
257.8705719444445
 30
0.0
 10
85.29528138888888
 20
257.6306830555556
 30
0.0
 10
84.98977583333334
 20
257.5470747222222
 30
0.0
 10
84.74988694444444
 20
257.6835997222223
 30
0.0
 10
84.50999805555556
 20
257.8204775
 30
0.0
 10
84.42638972222223
 20
258.1259830555556
 30
0.0
 10
84.56291472222222
 20
258.3658719444445
 30
0.0
 10
84.6997925
 20
258.6054080555555
 30
0.0
 10
85.00529805555556
 20
258.6893691666667
 30
0.0
 10
85.24518694444444
 20
258.5524913888889
 30
0.0
  0
SPLINE
  5
253
330
1F
100
AcDbEntity
  8
DEFAULT
 62
     7
100
AcDbSpline
210
0.0
220
0.0
230
1.0
 70
    11
 71
     3
 72
    17
 73
    13
 74
     0
 42
0.000000001
 43
0.0000000001
 40
0.0
 40
0.0
 40
0.0
 40
0.0
 40
1.0
 40
1.0
 40
1.0
 40
2.0
 40
2.0
 40
2.0
 40
3.0
 40
3.0
 40
3.0
 40
4.0
 40
4.0
 40
4.0
 40
4.0
 10
45.66810638888889
 20
267.6325680555555
 30
0.0
 10
45.73019527777777
 20
267.9017375
 30
0.0
 10
45.99865916666667
 20
268.0693069444445
 30
0.0
 10
46.2678286111111
 20
268.0072180555555
 30
0.0
 10
46.53664527777777
 20
267.9451291666666
 30
0.0
 10
46.70456749999999
 20
267.6766652777778
 30
0.0
 10
46.64247861111111
 20
267.4074958333333
 30
0.0
 10
46.58003694444444
 20
267.1386791666666
 30
0.0
 10
46.31192583333333
 20
266.9707569444444
 30
0.0
 10
46.04275638888889
 20
267.0328458333333
 30
0.0
 10
45.77358694444444
 20
267.0949347222222
 30
0.0
 10
45.6060175
 20
267.3633986111111
 30
0.0
 10
45.66810638888889
 20
267.6325680555555
 30
0.0
  0
SPLINE
  5
254
330
1F
100
AcDbEntity
  8
DEFAULT
 62
     7
100
AcDbSpline
210
0.0
220
0.0
230
1.0
 70
    11
 71
     3
 72
    17
 73
    13
 74
     0
 42
0.000000001
 43
0.0000000001
 40
0.0
 40
0.0
 40
0.0
 40
0.0
 40
1.0
 40
1.0
 40
1.0
 40
2.0
 40
2.0
 40
2.0
 40
3.0
 40
3.0
 40
3.0
 40
4.0
 40
4.0
 40
4.0
 40
4.0
 10
47.10609916666666
 20
266.9752372222222
 30
0.0
 10
47.37032972222222
 20
267.0560233333333
 30
0.0
 10
47.64972972222222
 20
266.9071511111111
 30
0.0
 10
47.73051583333334
 20
266.6432733333333
 30
0.0
 10
47.81130194444444
 20
266.3790427777777
 30
0.0
 10
47.66242972222221
 20
266.0996427777778
 30
0.0
 10
47.39855194444444
 20
266.0188566666666
 30
0.0
 10
47.13432138888889
 20
265.9380705555555
 30
0.0
 10
46.85492138888889
 20
266.08659
 30
0.0
 10
46.77413527777777
 20
266.3508205555556
 30
0.0
 10
46.69334916666666
 20
266.6150511111111
 30
0.0
 10
46.84186861111111
 20
266.8944511111111
 30
0.0
 10
47.10609916666666
 20
266.9752372222222
 30
0.0
  0
SPLINE
  5
255
330
1F
100
AcDbEntity
  8
DEFAULT
 62
     7
100
AcDbSpline
210
0.0
220
0.0
230
1.0
 70
    11
 71
     3
 72
    17
 73
    13
 74
     0
 42
0.000000001
 43
0.0000000001
 40
0.0
 40
0.0
 40
0.0
 40
0.0
 40
1.0
 40
1.0
 40
1.0
 40
2.0
 40
2.0
 40
2.0
 40
3.0
 40
3.0
 40
3.0
 40
4.0
 40
4.0
 40
4.0
 40
4.0
 10
45.67156361111111
 20
266.5366638888889
 30
0.0
 10
45.93579416666667
 20
266.61745
 30
0.0
 10
46.21519416666666
 20
266.4689305555555
 30
0.0
 10
46.29598027777778
 20
266.2047
 30
0.0
 10
46.37676638888889
 20
265.9408222222222
 30
0.0
 10
46.22789416666667
 20
265.6610694444444
 30
0.0
 10
45.96401638888889
 20
265.5802833333333
 30
0.0
 10
45.69978583333334
 20
265.49985
 30
0.0
 10
45.42038583333333
 20
265.6480166666666
 30
0.0
 10
45.33959972222222
 20
265.9122472222222
 30
0.0
 10
45.25881361111112
 20
266.1764777777778
 30
0.0
 10
45.40733305555555
 20
266.4558777777777
 30
0.0
 10
45.67156361111111
 20
266.5366638888889
 30
0.0
  0
POLYLINE
  5
256
330
1F
100
AcDbEntity
  8
DEFAULT
 62
     7
100
AcDb2dPolyline
 66
     1
 10
0.0
 20
0.0
 30
0.0
  0
VERTEX
  5
257
330
256
100
AcDbEntity
  8
DEFAULT
 62
     7
100
AcDbVertex
100
AcDb2dVertex
 10
137.0093286111111
 20
264.6825344444445
 30
0.0
  0
VERTEX
  5
258
330
256
100
AcDbEntity
  8
DEFAULT
 62
     7
100
AcDbVertex
100
AcDb2dVertex
 10
135.6973480555556
 20
263.295765
 30
0.0
  0
SEQEND
  5
259
330
256
100
AcDbEntity
  8
DEFAULT
 62
     7
  0
POLYLINE
  5
25A
330
1F
100
AcDbEntity
  8
DEFAULT
 62
     7
100
AcDb2dPolyline
 66
     1
 10
0.0
 20
0.0
 30
0.0
  0
VERTEX
  5
25B
330
25A
100
AcDbEntity
  8
DEFAULT
 62
     7
100
AcDbVertex
100
AcDb2dVertex
 10
137.6671533333333
 20
264.0601638888888
 30
0.0
  0
VERTEX
  5
25C
330
25A
100
AcDbEntity
  8
DEFAULT
 62
     7
100
AcDbVertex
100
AcDb2dVertex
 10
136.3548199999999
 20
262.6733944444444
 30
0.0
  0
SEQEND
  5
25D
330
25A
100
AcDbEntity
  8
DEFAULT
 62
     7
  0
POLYLINE
  5
25E
330
1F
100
AcDbEntity
  8
DEFAULT
 62
     7
100
AcDb2dPolyline
 66
     1
 10
0.0
 20
0.0
 30
0.0
  0
VERTEX
  5
25F
330
25E
100
AcDbEntity
  8
DEFAULT
 62
     7
100
AcDbVertex
100
AcDb2dVertex
 10
138.3248369444445
 20
263.4378286111111
 30
0.0
  0
VERTEX
  5
260
330
25E
100
AcDbEntity
  8
DEFAULT
 62
     7
100
AcDbVertex
100
AcDb2dVertex
 10
137.0128563888889
 20
262.0510591666666
 30
0.0
  0
SEQEND
  5
261
330
25E
100
AcDbEntity
  8
DEFAULT
 62
     7
  0
SPLINE
  5
262
330
1F
100
AcDbEntity
  8
DEFAULT
 62
     1
100
AcDbSpline
210
0.0
220
0.0
230
1.0
 70
     8
 71
     3
 72
   140
 73
   136
 74
     0
 42
0.000000001
 43
0.0000000001
 40
0.0
 40
0.0
 40
0.0
 40
0.0
 40
3.756234816940991
 40
3.756234816940991
 40
3.756234816940991
 40
13.67390591453259
 40
13.67390591453259
 40
13.67390591453259
 40
14.67390591453259
 40
14.67390591453259
 40
14.67390591453259
 40
15.67390591453259
 40
15.67390591453259
 40
15.67390591453259
 40
16.67390591453259
 40
16.67390591453259
 40
16.67390591453259
 40
17.67390591453259
 40
17.67390591453259
 40
17.67390591453259
 40
18.67390591453259
 40
18.67390591453259
 40
18.67390591453259
 40
19.67390591453259
 40
19.67390591453259
 40
19.67390591453259
 40
29.60098504184896
 40
29.60098504184896
 40
29.60098504184896
 40
38.09221581247345
 40
38.09221581247345
 40
38.09221581247345
 40
48.00468271027445
 40
48.00468271027445
 40
48.00468271027445
 40
49.00468271027445
 40
49.00468271027445
 40
49.00468271027445
 40
50.00468271027445
 40
50.00468271027445
 40
50.00468271027445
 40
51.00468271027445
 40
51.00468271027445
 40
51.00468271027445
 40
52.00468271027445
 40
52.00468271027445
 40
52.00468271027445
 40
53.00468271027445
 40
53.00468271027445
 40
53.00468271027445
 40
54.00468271027445
 40
54.00468271027445
 40
54.00468271027445
 40
55.00468271027445
 40
55.00468271027445
 40
55.00468271027445
 40
56.00468271027445
 40
56.00468271027445
 40
56.00468271027445
 40
57.00468271027445
 40
57.00468271027445
 40
57.00468271027445
 40
58.00468271027445
 40
58.00468271027445
 40
58.00468271027445
 40
59.00468271027445
 40
59.00468271027445
 40
59.00468271027445
 40
60.00468271027445
 40
60.00468271027445
 40
60.00468271027445
 40
61.00468271027445
 40
61.00468271027445
 40
61.00468271027445
 40
62.00468271027445
 40
62.00468271027445
 40
62.00468271027445
 40
63.00468271027445
 40
63.00468271027445
 40
63.00468271027445
 40
72.91257855147104
 40
72.91257855147104
 40
72.91257855147104
 40
81.41764762820404
 40
81.41764762820404
 40
81.41764762820404
 40
91.32926707206894
 40
91.32926707206894
 40
91.32926707206894
 40
92.32926707206894
 40
92.32926707206894
 40
92.32926707206894
 40
93.32926707206894
 40
93.32926707206894
 40
93.32926707206894
 40
94.32926707206894
 40
94.32926707206894
 40
94.32926707206894
 40
95.32926707206894
 40
95.32926707206894
 40
95.32926707206894
 40
96.32926707206894
 40
96.32926707206894
 40
96.32926707206894
 40
97.32926707206894
 40
97.32926707206894
 40
97.32926707206894
 40
98.32926707206894
 40
98.32926707206894
 40
98.32926707206894
 40
99.32926707206894
 40
99.32926707206894
 40
99.32926707206894
 40
100.3292670720689
 40
100.3292670720689
 40
100.3292670720689
 40
101.3292670720689
 40
101.3292670720689
 40
101.3292670720689
 40
102.3292670720689
 40
102.3292670720689
 40
102.3292670720689
 40
103.3292670720689
 40
103.3292670720689
 40
103.3292670720689
 40
104.3292670720689
 40
104.3292670720689
 40
104.3292670720689
 40
105.3292670720689
 40
105.3292670720689
 40
105.3292670720689
 40
106.3292670720689
 40
106.3292670720689
 40
106.3292670720689
 40
107.3292670720689
 40
107.3292670720689
 40
107.3292670720689
 40
107.3292670720689
 10
138.8259224999999
 20
265.0287505555555
 30
0.0
 10
139.1469502777777
 20
264.7253616666666
 30
0.0
 10
139.4679780555555
 20
264.4219727777777
 30
0.0
 10
139.7890058333333
 20
264.1185838888888
 30
0.0
 10
140.5898113888888
 20
264.9664264814814
 30
0.0
 10
141.3906169444444
 20
265.814269074074
 30
0.0
 10
142.1914225
 20
266.6621116666666
 30
0.0
 10
142.7911447222222
 20
267.2971116666666
 30
0.0
 10
142.6923669444444
 20
267.2618338888889
 30
0.0
 10
143.3591169444444
 20
267.9673894444444
 30
0.0
 10
144.0293947222222
 20
268.672945
 30
0.0
 10
143.9941169444444
 20
268.5671116666666
 30
0.0
 10
144.5973669444444
 20
269.2021116666667
 30
0.0
 10
146.8480891666667
 20
267.1030838888889
 30
0.0
 10
145.1970891666666
 20
265.085195
 30
0.0
 10
143.5743113888889
 20
263.1872505555555
 30
0.0
 10
138.7765336111111
 20
257.5710283333333
 30
0.0
 10
126.1788391666666
 20
258.2977505555555
 30
0.0
 10
126.3975613888889
 20
257.5463338888889
 30
0.0
 10
125.5508947222222
 20
257.3276116666667
 30
0.0
 10
125.6602558333333
 20
257.3099727777778
 30
0.0
 10
124.7183391666666
 20
257.0665561111111
 30
0.0
 10
123.7799502777778
 20
256.830195
 30
0.0
 10
123.8540336111111
 20
256.9007505555555
 30
0.0
 10
123.0108947222222
 20
256.6890838888889
 30
0.0
 10
121.8796539814815
 20
256.400982037037
 30
0.0
 10
120.7484132407407
 20
256.1128801851851
 30
0.0
 10
119.6171725
 20
255.8247783333333
 30
0.0
 10
119.8629410185185
 20
254.8569912962963
 30
0.0
 10
120.108709537037
 20
253.8892042592592
 30
0.0
 10
120.3544780555555
 20
252.9214172222222
 30
0.0
 10
121.4845428703704
 20
253.2071672222222
 30
0.0
 10
122.6146076851852
 20
253.4929172222222
 30
0.0
 10
123.7446725
 20
253.7786672222222
 30
0.0
 10
124.5948669444444
 20
253.9973894444444
 30
0.0
 10
124.4890336111111
 20
254.0185561111111
 30
0.0
 10
125.4274225
 20
254.258445
 30
0.0
 10
126.3728669444444
 20
254.5018616666666
 30
0.0
 10
126.2882002777777
 20
254.4242505555555
 30
0.0
 10
127.1383947222222
 20
254.6359172222222
 30
0.0
 10
128.1120613888889
 20
250.5719172222222
 30
0.0
 10
122.2277280555555
 20
250.8506116666666
 30
0.0
 10
118.6823113888889
 20
249.8205005555555
 30
0.0
 10
116.4809780555555
 20
249.1819727777778
 30
0.0
 10
114.8370336111111
 20
248.7868616666667
 30
0.0
 10
112.5651447222222
 20
246.193945
 30
0.0
 10
109.6088669444444
 20
242.8108061111111
 30
0.0
 10
110.7236447222222
 20
250.2085561111111
 30
0.0
 10
107.0230058333333
 20
247.3122505555555
 30
0.0
 10
106.2645336111111
 20
247.7461672222222
 30
0.0
 10
106.3245058333333
 20
247.6579727777778
 30
0.0
 10
105.4778391666667
 20
248.1377505555556
 30
0.0
 10
104.6382280555555
 20
248.6104727777778
 30
0.0
 10
104.7440613888889
 20
248.6104727777778
 30
0.0
 10
103.9820613888889
 20
249.0443894444444
 30
0.0
 10
103.2271169444444
 20
249.4747783333333
 30
0.0
 10
103.2835613888889
 20
249.3865838888889
 30
0.0
 10
102.4404225
 20
249.8698894444444
 30
0.0
 10
101.5972836111111
 20
250.3426116666666
 30
0.0
 10
101.7031169444444
 20
250.3426116666666
 30
0.0
 10
100.9375891666667
 20
250.7730005555555
 30
0.0
 10
100.1861725
 20
251.2069172222222
 30
0.0
 10
100.2461447222222
 20
251.1187227777778
 30
0.0
 10
99.39947805555553
 20
251.6020283333334
 30
0.0
 10
98.55281138888888
 20
252.0747505555555
 30
0.0
 10
98.66217249999997
 20
252.0747505555555
 30
0.0
 10
97.8966447222222
 20
252.5016116666667
 30
0.0
 10
97.14170027777777
 20
252.9390561111111
 30
0.0
 10
97.20520027777775
 20
252.8473338888889
 30
0.0
 10
96.35500583333332
 20
253.3306394444444
 30
0.0
 10
95.51539472222221
 20
253.8033616666666
 30
0.0
 10
95.62122805555553
 20
253.8068894444444
 30
0.0
 10
94.85570027777777
 20
254.2372783333333
 30
0.0
 10
94.10075583333332
 20
254.671195
 30
0.0
 10
94.16425583333331
 20
254.5794727777778
 30
0.0
 10
93.31406138888887
 20
255.0663061111111
 30
0.0
 10
92.47445027777776
 20
255.5390283333333
 30
0.0
 10
92.58028361111108
 20
255.5355005555556
 30
0.0
 10
91.8182836111111
 20
255.9658894444444
 30
0.0
 10
90.8069873148148
 20
256.5444449999999
 30
0.0
 10
89.7956910185185
 20
257.1230005555555
 30
0.0
 10
88.7843947222222
 20
257.7015561111111
 30
0.0
 10
88.28932990740738
 20
256.8325468518519
 30
0.0
 10
87.79426509259257
 20
255.9635375925926
 30
0.0
 10
87.29920027777776
 20
255.0945283333333
 30
0.0
 10
88.31167249999999
 20
254.5171487037037
 30
0.0
 10
89.32414472222221
 20
253.9397690740741
 30
0.0
 10
90.33661694444443
 20
253.3623894444444
 30
0.0
 10
91.09508916666664
 20
252.9284727777778
 30
0.0
 10
91.03864472222219
 20
253.0166672222222
 30
0.0
 10
91.88178361111109
 20
252.5333616666667
 30
0.0
 10
92.72845027777777
 20
252.0571116666667
 30
0.0
 10
92.61556138888886
 20
252.0641672222222
 30
0.0
 10
93.37756138888885
 20
251.6337783333333
 30
0.0
 10
94.13603361111109
 20
251.1998616666666
 30
0.0
 10
94.07958916666664
 20
251.2845283333333
 30
0.0
 10
94.92272805555554
 20
250.8047505555555
 30
0.0
 10
95.76586694444443
 20
250.3249727777778
 30
0.0
 10
95.66003361111109
 20
250.3320283333333
 30
0.0
 10
96.41850583333333
 20
249.9016394444444
 30
0.0
 10
97.17697805555554
 20
249.4677227777778
 30
0.0
 10
97.12053361111109
 20
249.5559172222222
 30
0.0
 10
97.96367249999999
 20
249.0761394444444
 30
0.0
 10
98.80681138888887
 20
248.5928338888889
 30
0.0
 10
98.70097805555554
 20
248.5998894444444
 30
0.0
 10
99.46297805555554
 20
248.1695005555555
 30
0.0
 10
100.2179225
 20
247.7355838888889
 30
0.0
 10
100.1614780555555
 20
247.8202505555556
 30
0.0
 10
101.0046169444444
 20
247.3475283333333
 30
0.0
 10
101.8512836111111
 20
246.8642227777778
 30
0.0
 10
101.7383947222222
 20
246.8712783333333
 30
0.0
 10
102.5039225
 20
246.4408894444444
 30
0.0
 10
103.2623947222222
 20
246.0069727777778
 30
0.0
 10
103.2024225
 20
246.0951672222222
 30
0.0
 10
104.0490891666666
 20
245.6118616666667
 30
0.0
 10
104.8922280555555
 20
245.1320838888889
 30
0.0
 10
104.7793391666666
 20
245.1391394444444
 30
0.0
 10
105.5448669444444
 20
244.7122783333333
 30
0.0
 10
101.3468113888889
 20
239.0078616666667
 30
0.0
 10
93.44458916666666
 20
248.8327227777778
 30
0.0
 10
82.14511694444444
 20
254.3078338888889
 30
0.0
 10
70.65161694444443
 20
259.8781949999999
 30
0.0
 10
63.36675583333331
 20
259.6700561111111
 30
0.0
 10
63.51845027777776
 20
262.2770838888889
 30
0.0
 10
63.66661694444443
 20
264.894695
 30
0.0
 10
31.80020027777777
 20
260.9612227777778
 30
0.0
 10
27.70092249999999
 20
255.814195
 30
0.0
 10
22.20817249999999
 20
248.9138616666667
 30
0.0
 10
24.81872805555554
 20
258.4917783333333
 30
0.0
 10
16.72600583333332
 20
256.2692783333333
 30
0.0
 10
8.622700277777772
 20
254.0538338888889
 30
0.0
 10
8.509811388888886
 20
248.098945
 30
0.0
 10
7.246866944444428
 20
250.8823616666666
 30
0.0
 10
6.029783611111099
 20
253.559945
 30
0.0
 10
8.23464472222221
 20
253.7222227777778
 30
0.0
 10
7.560839166666665
 20
255.0592505555555
 30
0.0
  0
SPLINE
  5
263
330
1F
100
AcDbEntity
  8
DEFAULT
 62
     1
100
AcDbSpline
210
0.0
220
0.0
230
1.0
 70
     8
 71
     3
 72
    92
 73
    88
 74
     0
 42
0.000000001
 43
0.0000000001
 40
0.0
 40
0.0
 40
0.0
 40
0.0
 40
1.0
 40
1.0
 40
1.0
 40
2.0
 40
2.0
 40
2.0
 40
3.0
 40
3.0
 40
3.0
 40
4.0
 40
4.0
 40
4.0
 40
5.0
 40
5.0
 40
5.0
 40
6.0
 40
6.0
 40
6.0
 40
7.0
 40
7.0
 40
7.0
 40
8.0
 40
8.0
 40
8.0
 40
9.0
 40
9.0
 40
9.0
 40
10.0
 40
10.0
 40
10.0
 40
19.94609471099085
 40
19.94609471099085
 40
19.94609471099085
 40
28.44885896739594
 40
28.44885896739594
 40
28.44885896739594
 40
38.36334332110795
 40
38.36334332110795
 40
38.36334332110795
 40
39.36334332110795
 40
39.36334332110795
 40
39.36334332110795
 40
41.36334332110795
 40
41.36334332110795
 40
41.36334332110795
 40
42.36334332110795
 40
42.36334332110795
 40
42.36334332110795
 40
43.38334332110793
 40
43.38334332110793
 40
43.38334332110793
 40
44.38334332110793
 40
44.38334332110793
 40
44.38334332110793
 40
45.38334332110793
 40
45.38334332110793
 40
45.38334332110793
 40
46.38334332110793
 40
46.38334332110793
 40
46.38334332110793
 40
47.38334332110793
 40
47.38334332110793
 40
47.38334332110793
 40
48.38334332110793
 40
48.38334332110793
 40
48.38334332110793
 40
49.38334332110793
 40
49.38334332110793
 40
49.38334332110793
 40
50.38334332110793
 40
50.38334332110793
 40
50.38334332110793
 40
51.38334332110793
 40
51.38334332110793
 40
51.38334332110793
 40
52.38334332110793
 40
52.38334332110793
 40
52.38334332110793
 40
53.38334332110793
 40
53.38334332110793
 40
53.38334332110793
 40
63.30788361272855
 40
63.30788361272855
 40
63.30788361272855
 40
67.06411842966955
 40
67.06411842966955
 40
67.06411842966955
 40
67.06411842966955
 10
7.380887222222221
 20
255.3592527777777
 30
0.0
 10
6.555387222222222
 20
256.6927527777777
 30
0.0
 10
6.689442777777777
 20
256.7950583333333
 30
0.0
 10
10.22074833333333
 20
259.3809194444444
 30
0.0
 10
13.87905388888889
 20
262.054975
 30
0.0
 10
18.28524833333333
 20
258.6118638888889
 30
0.0
 10
21.26269277777778
 20
261.2965027777777
 30
0.0
 10
24.24013722222222
 20
263.9705583333333
 30
0.0
 10
18.26760944444444
 20
265.3322805555555
 30
0.0
 10
29.26722055555555
 20
266.3271138888888
 30
0.0
 10
40.26330388888888
 20
267.3254749999999
 30
0.0
 10
59.95535944444444
 20
279.7679472222222
 30
0.0
 10
61.93444277777777
 20
273.2203916666666
 30
0.0
 10
61.09835944444444
 20
272.9699194444444
 30
0.0
 10
61.20772055555555
 20
272.9522805555555
 30
0.0
 10
60.27638722222222
 20
272.6700583333333
 30
0.0
 10
59.34858166666666
 20
272.3878361111111
 30
0.0
 10
59.422665
 20
272.4583916666666
 30
0.0
 10
58.59010944444444
 20
272.2079194444444
 30
0.0
 10
57.75049833333333
 20
271.9539194444444
 30
0.0
 10
57.85985944444444
 20
271.9398083333333
 30
0.0
 10
56.93558166666666
 20
271.6540583333333
 30
0.0
 10
56.00424833333334
 20
271.3753638888888
 30
0.0
 10
56.07833166666666
 20
271.4459194444444
 30
0.0
 10
55.24577611111111
 20
271.1954472222222
 30
0.0
 10
54.406165
 20
270.9414472222222
 30
0.0
 10
54.51552611111111
 20
270.9238083333333
 30
0.0
 10
53.58772055555555
 20
270.6415861111111
 30
0.0
 10
52.659915
 20
270.355836111111
 30
0.0
 10
52.73399833333333
 20
270.4334472222222
 30
0.0
 10
51.897915
 20
270.1794472222222
 30
0.0
 10
50.77843351851851
 20
269.8407805555555
 30
0.0
 10
49.65895203703703
 20
269.5021138888889
 30
0.0
 10
48.53947055555555
 20
269.1634472222222
 30
0.0
 10
48.8322761111111
 20
268.2074194444444
 30
0.0
 10
49.12508166666666
 20
267.2513916666667
 30
0.0
 10
49.41788722222222
 20
266.2953638888889
 30
0.0
 10
50.53384092592592
 20
266.6328546296295
 30
0.0
 10
51.64979462962963
 20
266.9703453703703
 30
0.0
 10
52.76574833333333
 20
267.307836111111
 30
0.0
 10
53.60535944444444
 20
267.5618361111111
 30
0.0
 10
53.49599833333333
 20
267.5794749999999
 30
0.0
 10
54.42733166666667
 20
267.865225
 30
0.0
 10
55.35160944444443
 20
268.1439194444444
 30
0.0
 10
55.27752611111111
 20
268.0733638888888
 30
0.0
 10
56.11360944444444
 20
268.3273638888888
 30
0.0
 10
56.94969277777777
 20
268.5778361111111
 30
0.0
 10
56.84385944444444
 20
268.595475
 30
0.0
 10
57.771665
 20
268.8776972222222
 30
0.0
 10
58.69947055555555
 20
269.1599194444444
 30
0.0
 10
58.62538722222222
 20
269.0858361111111
 30
0.0
 10
59.46147055555555
 20
269.3398361111111
 30
0.0
 10
60.29755388888888
 20
269.5938361111111
 30
0.0
 10
60.19172055555555
 20
269.6114749999999
 30
0.0
 10
61.11952611111111
 20
269.8901694444444
 30
0.0
 10
62.04380388888888
 20
270.1759194444444
 30
0.0
 10
61.96972055555555
 20
270.1018361111111
 30
0.0
 10
62.80933166666667
 20
270.3523083333333
 30
0.0
 10
63.58544277777777
 20
269.7631694444444
 30
0.0
 10
63.22208166666666
 20
270.4651972222222
 30
0.0
 10
67.43424833333333
 20
271.7563638888889
 30
0.0
 10
70.76799833333332
 20
272.7758916666666
 30
0.0
 10
71.82280388888888
 20
272.0491694444444
 30
0.0
 10
82.31088722222222
 20
265.7273916666666
 30
0.0
 10
94.71808166666665
 20
258.2485027777777
 30
0.0
 10
100.1191094444444
 20
256.4705027777777
 30
0.0
 10
102.7437761111111
 20
258.1461972222222
 30
0.0
 10
105.364915
 20
259.8254194444444
 30
0.0
 10
107.4074983333333
 20
253.418975
 30
0.0
 10
108.8856372222222
 20
255.9730861111111
 30
0.0
 10
111.2809983333333
 20
260.1041138888889
 30
0.0
 10
109.4783038888889
 20
256.3046972222222
 30
0.0
 10
122.6616094444444
 20
262.3371972222222
 30
0.0
 10
135.9436927777778
 20
268.4190861111111
 30
0.0
 10
137.2489705555555
 20
274.5926972222222
 30
0.0
 10
142.4206927777778
 20
271.2660027777778
 30
0.0
 10
141.8174427777778
 20
270.6310027777777
 30
0.0
 10
141.9197483333333
 20
270.6662805555555
 30
0.0
 10
141.2529983333333
 20
269.960725
 30
0.0
 10
140.5862483333333
 20
269.2551694444444
 30
0.0
 10
140.6144705555555
 20
269.357475
 30
0.0
 10
140.0147483333333
 20
268.722475
 30
0.0
 10
139.2127668518519
 20
267.8746324074074
 30
0.0
 10
138.4107853703703
 20
267.0267898148148
 30
0.0
 10
137.6088038888889
 20
266.1789472222222
 30
0.0
 10
137.9298316666666
 20
265.8755583333333
 30
0.0
 10
138.2508594444444
 20
265.5721694444444
 30
0.0
 10
138.5718872222222
 20
265.2687805555555
 30
0.0
  0
SPLINE
  5
264
330
1F
100
AcDbEntity
  8
DEFAULT
 62
     7
100
AcDbSpline
210
0.0
220
0.0
230
1.0
 70
    11
 71
     3
 72
    17
 73
    13
 74
     0
 42
0.000000001
 43
0.0000000001
 40
0.0
 40
0.0
 40
0.0
 40
0.0
 40
1.0
 40
1.0
 40
1.0
 40
2.0
 40
2.0
 40
2.0
 40
3.0
 40
3.0
 40
3.0
 40
4.0
 40
4.0
 40
4.0
 40
4.0
 10
117.9240155555556
 20
272.3730194444444
 30
0.0
 10
118.1917738888889
 20
272.4407527777778
 30
0.0
 10
118.4637655555555
 20
272.2788277777777
 30
0.0
 10
118.5318516666667
 20
272.0114222222222
 30
0.0
 10
118.599585
 20
271.7436638888889
 30
0.0
 10
118.43766
 20
271.4716722222222
 30
0.0
 10
118.1699016666667
 20
271.4035861111111
 30
0.0
 10
117.9021433333333
 20
271.3358527777777
 30
0.0
 10
117.6301516666666
 20
271.4977777777777
 30
0.0
 10
117.5624183333333
 20
271.7655361111111
 30
0.0
 10
117.4943322222222
 20
272.0332944444444
 30
0.0
 10
117.6562572222222
 20
272.3052861111111
 30
0.0
 10
117.9240155555556
 20
272.3730194444444
 30
0.0
  0
SPLINE
  5
265
330
1F
100
AcDbEntity
  8
DEFAULT
 62
     7
100
AcDbSpline
210
0.0
220
0.0
230
1.0
 70
    11
 71
     3
 72
    17
 73
    13
 74
     0
 42
0.000000001
 43
0.0000000001
 40
0.0
 40
0.0
 40
0.0
 40
0.0
 40
1.0
 40
1.0
 40
1.0
 40
2.0
 40
2.0
 40
2.0
 40
3.0
 40
3.0
 40
3.0
 40
4.0
 40
4.0
 40
4.0
 40
4.0
 10
86.54831277777777
 20
275.8167302777778
 30
0.0
 10
86.78820166666667
 20
275.6802052777778
 30
0.0
 10
86.87181
 20
275.3746997222222
 30
0.0
 10
86.73493222222221
 20
275.1348108333333
 30
0.0
 10
86.5984072222222
 20
274.8949219444444
 30
0.0
 10
86.29290166666667
 20
274.8113136111111
 30
0.0
 10
86.05301277777777
 20
274.9481913888889
 30
0.0
 10
85.81347666666666
 20
275.0847163888889
 30
0.0
 10
85.72951555555555
 20
275.3902219444445
 30
0.0
 10
85.86639333333332
 20
275.6301108333333
 30
0.0
 10
86.0032711111111
 20
275.8699997222222
 30
0.0
 10
86.30842388888888
 20
275.9536080555555
 30
0.0
 10
86.54831277777777
 20
275.8167302777778
 30
0.0
  0
SPLINE
  5
266
330
1F
100
AcDbEntity
  8
DEFAULT
 62
     7
100
AcDbSpline
210
0.0
220
0.0
230
1.0
 70
    11
 71
     3
 72
    17
 73
    13
 74
     0
 42
0.000000001
 43
0.0000000001
 40
0.0
 40
0.0
 40
0.0
 40
0.0
 40
1.0
 40
1.0
 40
1.0
 40
2.0
 40
2.0
 40
2.0
 40
3.0
 40
3.0
 40
3.0
 40
4.0
 40
4.0
 40
4.0
 40
4.0
 10
85.24518694444444
 20
276.5595038888889
 30
0.0
 10
85.48507583333333
 20
276.4229788888889
 30
0.0
 10
85.56868416666666
 20
276.1174733333333
 30
0.0
 10
85.43180638888889
 20
275.8775844444444
 30
0.0
 10
85.29528138888888
 20
275.6376955555555
 30
0.0
 10
84.98977583333334
 20
275.5540872222222
 30
0.0
 10
84.74988694444444
 20
275.690965
 30
0.0
 10
84.50999805555556
 20
275.82749
 30
0.0
 10
84.42638972222223
 20
276.1329955555556
 30
0.0
 10
84.56291472222222
 20
276.3728844444444
 30
0.0
 10
84.6997925
 20
276.6127733333333
 30
0.0
 10
85.00529805555556
 20
276.6963816666667
 30
0.0
 10
85.24518694444444
 20
276.5595038888889
 30
0.0
  0
SPLINE
  5
267
330
1F
100
AcDbEntity
  8
DEFAULT
 62
     7
100
AcDbSpline
210
0.0
220
0.0
230
1.0
 70
    11
 71
     3
 72
    17
 73
    13
 74
     0
 42
0.000000001
 43
0.0000000001
 40
0.0
 40
0.0
 40
0.0
 40
0.0
 40
1.0
 40
1.0
 40
1.0
 40
2.0
 40
2.0
 40
2.0
 40
3.0
 40
3.0
 40
3.0
 40
4.0
 40
4.0
 40
4.0
 40
4.0
 10
45.66810638888889
 20
285.6395805555555
 30
0.0
 10
45.73019527777777
 20
285.90875
 30
0.0
 10
45.99865916666667
 20
286.0763194444444
 30
0.0
 10
46.2678286111111
 20
286.0142305555555
 30
0.0
 10
46.53664527777777
 20
285.9521416666666
 30
0.0
 10
46.70456749999999
 20
285.6836777777777
 30
0.0
 10
46.64247861111111
 20
285.4145083333333
 30
0.0
 10
46.58003694444444
 20
285.1456916666667
 30
0.0
 10
46.31192583333333
 20
284.9777694444444
 30
0.0
 10
46.04275638888889
 20
285.0398583333333
 30
0.0
 10
45.77358694444444
 20
285.1023
 30
0.0
 10
45.6060175
 20
285.3704111111111
 30
0.0
 10
45.66810638888889
 20
285.6395805555555
 30
0.0
  0
SPLINE
  5
268
330
1F
100
AcDbEntity
  8
DEFAULT
 62
     7
100
AcDbSpline
210
0.0
220
0.0
230
1.0
 70
    11
 71
     3
 72
    17
 73
    13
 74
     0
 42
0.000000001
 43
0.0000000001
 40
0.0
 40
0.0
 40
0.0
 40
0.0
 40
1.0
 40
1.0
 40
1.0
 40
2.0
 40
2.0
 40
2.0
 40
3.0
 40
3.0
 40
3.0
 40
4.0
 40
4.0
 40
4.0
 40
4.0
 10
47.10609916666666
 20
284.9822497222222
 30
0.0
 10
47.37032972222222
 20
285.0630358333333
 30
0.0
 10
47.64972972222222
 20
284.9145163888889
 30
0.0
 10
47.73051583333334
 20
284.6502858333333
 30
0.0
 10
47.81130194444444
 20
284.3864080555555
 30
0.0
 10
47.66242972222221
 20
284.1066552777777
 30
0.0
 10
47.39855194444444
 20
284.0258691666667
 30
0.0
 10
47.13432138888889
 20
283.9454358333333
 30
0.0
 10
46.85492138888889
 20
284.0939552777778
 30
0.0
 10
46.77413527777777
 20
284.3578330555555
 30
0.0
 10
46.69334916666666
 20
284.6220636111111
 30
0.0
 10
46.84186861111111
 20
284.9014636111111
 30
0.0
 10
47.10609916666666
 20
284.9822497222222
 30
0.0
  0
SPLINE
  5
269
330
1F
100
AcDbEntity
  8
DEFAULT
 62
     7
100
AcDbSpline
210
0.0
220
0.0
230
1.0
 70
    11
 71
     3
 72
    17
 73
    13
 74
     0
 42
0.000000001
 43
0.0000000001
 40
0.0
 40
0.0
 40
0.0
 40
0.0
 40
1.0
 40
1.0
 40
1.0
 40
2.0
 40
2.0
 40
2.0
 40
3.0
 40
3.0
 40
3.0
 40
4.0
 40
4.0
 40
4.0
 40
4.0
 10
45.67156361111111
 20
284.5438527777778
 30
0.0
 10
45.93579416666667
 20
284.6246388888889
 30
0.0
 10
46.21519416666666
 20
284.4757666666666
 30
0.0
 10
46.29598027777778
 20
284.2118888888888
 30
0.0
 10
46.37676638888889
 20
283.9476583333333
 30
0.0
 10
46.22789416666667
 20
283.6682583333333
 30
0.0
 10
45.96401638888889
 20
283.5874722222222
 30
0.0
 10
45.69978583333334
 20
283.5066861111111
 30
0.0
 10
45.42038583333333
 20
283.6552055555555
 30
0.0
 10
45.33959972222222
 20
283.9194361111111
 30
0.0
 10
45.25881361111112
 20
284.1836666666667
 30
0.0
 10
45.40733305555555
 20
284.4630666666666
 30
0.0
 10
45.67156361111111
 20
284.5438527777778
 30
0.0
  0
POLYLINE
  5
26A
330
1F
100
AcDbEntity
  8
DEFAULT
 62
     7
100
AcDb2dPolyline
 66
     1
 10
0.0
 20
0.0
 30
0.0
  0
VERTEX
  5
26B
330
26A
100
AcDbEntity
  8
DEFAULT
 62
     7
100
AcDbVertex
100
AcDb2dVertex
 10
137.0093286111111
 20
282.6895116666667
 30
0.0
  0
VERTEX
  5
26C
330
26A
100
AcDbEntity
  8
DEFAULT
 62
     7
100
AcDbVertex
100
AcDb2dVertex
 10
135.6973480555556
 20
281.3027422222222
 30
0.0
  0
SEQEND
  5
26D
330
26A
100
AcDbEntity
  8
DEFAULT
 62
     7
  0
POLYLINE
  5
26E
330
1F
100
AcDbEntity
  8
DEFAULT
 62
     7
100
AcDb2dPolyline
 66
     1
 10
0.0
 20
0.0
 30
0.0
  0
VERTEX
  5
26F
330
26E
100
AcDbEntity
  8
DEFAULT
 62
     7
100
AcDbVertex
100
AcDb2dVertex
 10
137.6671533333333
 20
282.0671763888889
 30
0.0
  0
VERTEX
  5
270
330
26E
100
AcDbEntity
  8
DEFAULT
 62
     7
100
AcDbVertex
100
AcDb2dVertex
 10
136.35482
 20
280.6804069444444
 30
0.0
  0
SEQEND
  5
271
330
26E
100
AcDbEntity
  8
DEFAULT
 62
     7
  0
POLYLINE
  5
272
330
1F
100
AcDbEntity
  8
DEFAULT
 62
     7
100
AcDb2dPolyline
 66
     1
 10
0.0
 20
0.0
 30
0.0
  0
VERTEX
  5
273
330
272
100
AcDbEntity
  8
DEFAULT
 62
     7
100
AcDbVertex
100
AcDb2dVertex
 10
138.3248369444444
 20
281.4448058333334
 30
0.0
  0
VERTEX
  5
274
330
272
100
AcDbEntity
  8
DEFAULT
 62
     7
100
AcDbVertex
100
AcDb2dVertex
 10
137.0128563888889
 20
280.0580363888889
 30
0.0
  0
SEQEND
  5
275
330
272
100
AcDbEntity
  8
DEFAULT
 62
     7
  0
SPLINE
  5
276
330
1F
100
AcDbEntity
  8
DEFAULT
 62
     1
100
AcDbSpline
210
0.0
220
0.0
230
1.0
 70
     8
 71
     3
 72
   140
 73
   136
 74
     0
 42
0.000000001
 43
0.0000000001
 40
0.0
 40
0.0
 40
0.0
 40
0.0
 40
3.763110415600407
 40
3.763110415600407
 40
3.763110415600407
 40
13.6880537403758
 40
13.6880537403758
 40
13.6880537403758
 40
14.6880537403758
 40
14.6880537403758
 40
14.6880537403758
 40
15.6880537403758
 40
15.6880537403758
 40
15.6880537403758
 40
16.6880537403758
 40
16.6880537403758
 40
16.6880537403758
 40
17.6880537403758
 40
17.6880537403758
 40
17.6880537403758
 40
18.6880537403758
 40
18.6880537403758
 40
18.6880537403758
 40
19.6880537403758
 40
19.6880537403758
 40
19.6880537403758
 40
29.61513286769217
 40
29.61513286769217
 40
29.61513286769217
 40
38.10636363831666
 40
38.10636363831666
 40
38.10636363831666
 40
48.02128673433715
 40
48.02128673433715
 40
48.02128673433715
 40
49.02128673433715
 40
49.02128673433715
 40
49.02128673433715
 40
50.02128673433715
 40
50.02128673433715
 40
50.02128673433715
 40
51.02128673433715
 40
51.02128673433715
 40
51.02128673433715
 40
52.02128673433715
 40
52.02128673433715
 40
52.02128673433715
 40
53.02128673433715
 40
53.02128673433715
 40
53.02128673433715
 40
54.02128673433715
 40
54.02128673433715
 40
54.02128673433715
 40
55.02128673433715
 40
55.02128673433715
 40
55.02128673433715
 40
56.02128673433715
 40
56.02128673433715
 40
56.02128673433715
 40
57.02128673433715
 40
57.02128673433715
 40
57.02128673433715
 40
58.02128673433715
 40
58.02128673433715
 40
58.02128673433715
 40
59.02128673433715
 40
59.02128673433715
 40
59.02128673433715
 40
60.02128673433715
 40
60.02128673433715
 40
60.02128673433715
 40
61.02128673433715
 40
61.02128673433715
 40
61.02128673433715
 40
62.02128673433715
 40
62.02128673433715
 40
62.02128673433715
 40
63.02128673433715
 40
63.02128673433715
 40
63.02128673433715
 40
72.92918257553373
 40
72.92918257553373
 40
72.92918257553373
 40
81.43425165226672
 40
81.43425165226672
 40
81.43425165226672
 40
91.34092112288101
 40
91.34092112288101
 40
91.34092112288101
 40
92.34092112288101
 40
92.34092112288101
 40
92.34092112288101
 40
93.34092112288101
 40
93.34092112288101
 40
93.34092112288101
 40
94.34092112288101
 40
94.34092112288101
 40
94.34092112288101
 40
95.34092112288101
 40
95.34092112288101
 40
95.34092112288101
 40
96.34092112288101
 40
96.34092112288101
 40
96.34092112288101
 40
97.34092112288101
 40
97.34092112288101
 40
97.34092112288101
 40
98.34092112288101
 40
98.34092112288101
 40
98.34092112288101
 40
99.34092112288101
 40
99.34092112288101
 40
99.34092112288101
 40
100.340921122881
 40
100.340921122881
 40
100.340921122881
 40
101.340921122881
 40
101.340921122881
 40
101.340921122881
 40
102.340921122881
 40
102.340921122881
 40
102.340921122881
 40
103.340921122881
 40
103.340921122881
 40
103.340921122881
 40
104.340921122881
 40
104.340921122881
 40
104.340921122881
 40
105.340921122881
 40
105.340921122881
 40
105.340921122881
 40
106.340921122881
 40
106.340921122881
 40
106.340921122881
 40
107.340921122881
 40
107.340921122881
 40
107.340921122881
 40
107.340921122881
 10
138.8259224999999
 20
283.0381619444444
 30
0.0
 10
139.1469502777777
 20
282.7335971296296
 30
0.0
 10
139.4679780555555
 20
282.4290323148147
 30
0.0
 10
139.7890058333333
 20
282.1244674999999
 30
0.0
 10
140.5898113888888
 20
282.9734860185185
 30
0.0
 10
141.3906169444444
 20
283.822504537037
 30
0.0
 10
142.1914225
 20
284.6715230555556
 30
0.0
 10
142.7911447222222
 20
285.3029952777778
 30
0.0
 10
142.6923669444444
 20
285.2712452777778
 30
0.0
 10
143.3591169444444
 20
285.9732730555555
 30
0.0
 10
144.0293947222222
 20
286.6823563888889
 30
0.0
 10
143.9941169444444
 20
286.5765230555555
 30
0.0
 10
144.5973669444444
 20
287.2115230555556
 30
0.0
 10
146.8480891666667
 20
285.1089675
 30
0.0
 10
145.1970891666666
 20
283.0910786111111
 30
0.0
 10
143.5743113888889
 20
281.1931341666667
 30
0.0
 10
138.7765336111111
 20
275.5769119444444
 30
0.0
 10
126.1788391666666
 20
276.3036341666667
 30
0.0
 10
126.3975613888889
 20
275.5522175
 30
0.0
 10
125.5508947222222
 20
275.3334952777777
 30
0.0
 10
125.6602558333333
 20
275.3158563888888
 30
0.0
 10
124.7183391666666
 20
275.0724397222222
 30
0.0
 10
123.7799502777778
 20
274.8360786111111
 30
0.0
 10
123.8540336111111
 20
274.9066341666667
 30
0.0
 10
123.0108947222222
 20
274.6949675
 30
0.0
 10
121.8796539814815
 20
274.4068656481481
 30
0.0
 10
120.7484132407407
 20
274.1187637962963
 30
0.0
 10
119.6171725
 20
273.8306619444444
 30
0.0
 10
119.8629410185185
 20
272.8628749074074
 30
0.0
 10
120.108709537037
 20
271.8950878703703
 30
0.0
 10
120.3544780555555
 20
270.9273008333333
 30
0.0
 10
121.4845428703704
 20
271.2142267592592
 30
0.0
 10
122.6146076851852
 20
271.5011526851852
 30
0.0
 10
123.7446725
 20
271.7880786111111
 30
0.0
 10
124.5948669444444
 20
272.0032730555556
 30
0.0
 10
124.4890336111111
 20
272.0279675
 30
0.0
 10
125.4274225
 20
272.2643286111111
 30
0.0
 10
126.3728669444444
 20
272.5077452777778
 30
0.0
 10
126.2882002777777
 20
272.4301341666666
 30
0.0
 10
127.1383947222222
 20
272.6418008333333
 30
0.0
 10
128.1120613888889
 20
268.5778008333333
 30
0.0
 10
122.2277280555555
 20
268.8564952777778
 30
0.0
 10
118.6823113888889
 20
267.8299119444444
 30
0.0
 10
116.4809780555555
 20
267.1878563888889
 30
0.0
 10
114.8370336111111
 20
266.7962730555556
 30
0.0
 10
112.5651447222222
 20
264.1998286111111
 30
0.0
 10
109.6088669444444
 20
260.8202175
 30
0.0
 10
110.7236447222222
 20
268.2179675
 30
0.0
 10
107.0230058333333
 20
265.3181341666667
 30
0.0
 10
106.2645336111111
 20
265.7555786111111
 30
0.0
 10
106.3245058333333
 20
265.6638563888889
 30
0.0
 10
105.4778391666667
 20
266.1471619444444
 30
0.0
 10
104.6382280555555
 20
266.6198841666667
 30
0.0
 10
104.7440613888889
 20
266.6198841666667
 30
0.0
 10
103.9820613888889
 20
267.0502730555555
 30
0.0
 10
103.2271169444444
 20
267.4806619444444
 30
0.0
 10
103.2835613888889
 20
267.3924675
 30
0.0
 10
102.4404225
 20
267.8757730555556
 30
0.0
 10
101.5972836111111
 20
268.3484952777778
 30
0.0
 10
101.7031169444444
 20
268.3520230555555
 30
0.0
 10
100.9375891666667
 20
268.7788841666667
 30
0.0
 10
100.1861725
 20
269.2163286111111
 30
0.0
 10
100.2461447222222
 20
269.1246063888889
 30
0.0
 10
99.39947805555553
 20
269.6079119444444
 30
0.0
 10
98.55281138888888
 20
270.0806341666666
 30
0.0
 10
98.66217249999997
 20
270.0806341666666
 30
0.0
 10
97.8966447222222
 20
270.5110230555555
 30
0.0
 10
97.14170027777777
 20
270.9449397222222
 30
0.0
 10
97.20520027777775
 20
270.8532175
 30
0.0
 10
96.35500583333332
 20
271.3400508333334
 30
0.0
 10
95.51539472222221
 20
271.8127730555555
 30
0.0
 10
95.62122805555553
 20
271.8163008333333
 30
0.0
 10
94.85570027777777
 20
272.2431619444444
 30
0.0
 10
94.10075583333332
 20
272.6770786111111
 30
0.0
 10
94.16425583333331
 20
272.5853563888889
 30
0.0
 10
93.31406138888887
 20
273.0721897222222
 30
0.0
 10
92.47445027777776
 20
273.5449119444444
 30
0.0
 10
92.58028361111108
 20
273.5449119444444
 30
0.0
 10
91.8182836111111
 20
273.9717730555555
 30
0.0
 10
90.8069873148148
 20
274.5503286111111
 30
0.0
 10
89.7956910185185
 20
275.1288841666666
 30
0.0
 10
88.7843947222222
 20
275.7074397222222
 30
0.0
 10
88.28932990740738
 20
274.838430462963
 30
0.0
 10
87.79426509259257
 20
273.9694212037037
 30
0.0
 10
87.29920027777776
 20
273.1004119444444
 30
0.0
 10
88.31167249999999
 20
272.5242082407407
 30
0.0
 10
89.32414472222221
 20
271.948004537037
 30
0.0
 10
90.33661694444443
 20
271.3718008333333
 30
0.0
 10
91.09508916666664
 20
270.9378841666667
 30
0.0
 10
91.03864472222219
 20
271.0260786111111
 30
0.0
 10
91.88178361111109
 20
270.5427730555555
 30
0.0
 10
92.72845027777777
 20
270.0629952777778
 30
0.0
 10
92.61556138888886
 20
270.0700508333333
 30
0.0
 10
93.37756138888885
 20
269.6396619444444
 30
0.0
 10
94.13603361111109
 20
269.2057452777777
 30
0.0
 10
94.07958916666664
 20
269.2904119444444
 30
0.0
 10
94.92272805555554
 20
268.8106341666667
 30
0.0
 10
95.76586694444443
 20
268.3343841666667
 30
0.0
 10
95.66003361111109
 20
268.3379119444444
 30
0.0
 10
96.41850583333333
 20
267.9075230555555
 30
0.0
 10
97.17697805555554
 20
267.4736063888889
 30
0.0
 10
97.12053361111109
 20
267.5618008333333
 30
0.0
 10
97.96367249999999
 20
267.0820230555555
 30
0.0
 10
98.80681138888887
 20
266.5987175
 30
0.0
 10
98.70097805555554
 20
266.6093008333333
 30
0.0
 10
99.46297805555554
 20
266.1789119444445
 30
0.0
 10
100.2179225
 20
265.7449952777778
 30
0.0
 10
100.1614780555555
 20
265.8296619444444
 30
0.0
 10
101.0046169444444
 20
265.3534119444444
 30
0.0
 10
101.8512836111111
 20
264.8701063888889
 30
0.0
 10
101.7383947222222
 20
264.8771619444444
 30
0.0
 10
102.5039225
 20
264.4503008333334
 30
0.0
 10
103.2623947222222
 20
264.0163841666667
 30
0.0
 10
103.2024225
 20
264.1010508333333
 30
0.0
 10
104.0490891666666
 20
263.6212730555555
 30
0.0
 10
104.8922280555555
 20
263.1414952777778
 30
0.0
 10
104.7793391666666
 20
263.1485508333333
 30
0.0
 10
105.5448669444444
 20
262.7181619444444
 30
0.0
 10
101.3468113888889
 20
257.0137452777778
 30
0.0
 10
93.44458916666666
 20
266.8386063888889
 30
0.0
 10
82.14511694444444
 20
272.3137175
 30
0.0
 10
70.65161694444443
 20
277.8840786111111
 30
0.0
 10
63.36675583333331
 20
277.6759397222222
 30
0.0
 10
63.51845027777776
 20
280.2829675
 30
0.0
 10
63.66661694444443
 20
282.9005786111111
 30
0.0
 10
31.80020027777777
 20
278.9706341666666
 30
0.0
 10
27.70092249999999
 20
273.8200786111111
 30
0.0
 10
22.20817249999999
 20
266.9232730555556
 30
0.0
 10
24.81872805555554
 20
276.5011897222222
 30
0.0
 10
16.72600583333332
 20
274.2786897222222
 30
0.0
 10
8.622700277777772
 20
272.0597175
 30
0.0
 10
8.509811388888886
 20
266.1083563888889
 30
0.0
 10
7.246866944444428
 20
268.8917730555555
 30
0.0
 10
6.029783611111099
 20
271.5658286111111
 30
0.0
 10
8.23464472222221
 20
271.7281063888889
 30
0.0
 10
7.560839166666665
 20
273.0651341666667
 30
0.0
  0
SPLINE
  5
277
330
1F
100
AcDbEntity
  8
DEFAULT
 62
     1
100
AcDbSpline
210
0.0
220
0.0
230
1.0
 70
     8
 71
     3
 72
    92
 73
    88
 74
     0
 42
0.000000001
 43
0.0000000001
 40
0.0
 40
0.0
 40
0.0
 40
0.0
 40
1.0
 40
1.0
 40
1.0
 40
2.0
 40
2.0
 40
2.0
 40
3.0
 40
3.0
 40
3.0
 40
4.0
 40
4.0
 40
4.0
 40
5.0
 40
5.0
 40
5.0
 40
6.0
 40
6.0
 40
6.0
 40
7.0
 40
7.0
 40
7.0
 40
8.0
 40
8.0
 40
8.0
 40
9.0
 40
9.0
 40
9.0
 40
10.0
 40
10.0
 40
10.0
 40
19.94609471099085
 40
19.94609471099085
 40
19.94609471099085
 40
28.44885896739594
 40
28.44885896739594
 40
28.44885896739594
 40
38.36334332110795
 40
38.36334332110795
 40
38.36334332110795
 40
39.36334332110795
 40
39.36334332110795
 40
39.36334332110795
 40
41.36334332110795
 40
41.36334332110795
 40
41.36334332110795
 40
42.36334332110795
 40
42.36334332110795
 40
42.36334332110795
 40
43.38334332110793
 40
43.38334332110793
 40
43.38334332110793
 40
44.38334332110793
 40
44.38334332110793
 40
44.38334332110793
 40
45.38334332110793
 40
45.38334332110793
 40
45.38334332110793
 40
46.38334332110793
 40
46.38334332110793
 40
46.38334332110793
 40
47.38334332110793
 40
47.38334332110793
 40
47.38334332110793
 40
48.38334332110793
 40
48.38334332110793
 40
48.38334332110793
 40
49.38334332110793
 40
49.38334332110793
 40
49.38334332110793
 40
50.38334332110793
 40
50.38334332110793
 40
50.38334332110793
 40
51.38334332110793
 40
51.38334332110793
 40
51.38334332110793
 40
52.38334332110793
 40
52.38334332110793
 40
52.38334332110793
 40
53.38334332110793
 40
53.38334332110793
 40
53.38334332110793
 40
63.30062117342211
 40
63.30062117342211
 40
63.30062117342211
 40
67.0568559903631
 40
67.0568559903631
 40
67.0568559903631
 40
67.0568559903631
 10
7.380887222222221
 20
273.3650305555556
 30
0.0
 10
6.555387222222222
 20
274.6985305555555
 30
0.0
 10
6.689442777777777
 20
274.8008361111111
 30
0.0
 10
10.22074833333333
 20
277.390225
 30
0.0
 10
13.87905388888889
 20
280.0607527777778
 30
0.0
 10
18.28524833333333
 20
276.6211694444444
 30
0.0
 10
21.26269277777778
 20
279.3022805555556
 30
0.0
 10
24.24013722222222
 20
281.9763361111111
 30
0.0
 10
18.26760944444444
 20
283.3415861111111
 30
0.0
 10
29.26722055555555
 20
284.3364194444445
 30
0.0
 10
40.26330388888888
 20
285.3312527777778
 30
0.0
 10
59.95535944444444
 20
297.773725
 30
0.0
 10
61.93444277777777
 20
291.2296972222222
 30
0.0
 10
61.09835944444444
 20
290.979225
 30
0.0
 10
61.20772055555555
 20
290.9580583333333
 30
0.0
 10
60.27638722222222
 20
290.6758361111111
 30
0.0
 10
59.34858166666666
 20
290.3936138888889
 30
0.0
 10
59.422665
 20
290.4676972222222
 30
0.0
 10
58.59010944444444
 20
290.217225
 30
0.0
 10
57.75049833333333
 20
289.963225
 30
0.0
 10
57.85985944444444
 20
289.9455861111111
 30
0.0
 10
56.93558166666666
 20
289.6633638888889
 30
0.0
 10
56.00424833333334
 20
289.3811416666666
 30
0.0
 10
56.07833166666666
 20
289.455225
 30
0.0
 10
55.24577611111111
 20
289.201225
 30
0.0
 10
54.406165
 20
288.9507527777777
 30
0.0
 10
54.51552611111111
 20
288.9331138888889
 30
0.0
 10
53.58772055555555
 20
288.6508916666667
 30
0.0
 10
52.659915
 20
288.3651416666667
 30
0.0
 10
52.73399833333333
 20
288.439225
 30
0.0
 10
51.897915
 20
288.185225
 30
0.0
 10
50.77843351851851
 20
287.8465583333333
 30
0.0
 10
49.65895203703703
 20
287.5078916666667
 30
0.0
 10
48.53947055555555
 20
287.169225
 30
0.0
 10
48.8322761111111
 20
286.2131972222222
 30
0.0
 10
49.12508166666666
 20
285.2571694444445
 30
0.0
 10
49.41788722222222
 20
284.3011416666666
 30
0.0
 10
50.53384092592592
 20
284.6386324074074
 30
0.0
 10
51.64979462962963
 20
284.9761231481481
 30
0.0
 10
52.76574833333333
 20
285.3136138888889
 30
0.0
 10
53.60535944444444
 20
285.5711416666667
 30
0.0
 10
53.49599833333333
 20
285.5887805555556
 30
0.0
 10
54.42733166666667
 20
285.8710027777778
 30
0.0
 10
55.35160944444443
 20
286.153225
 30
0.0
 10
55.27752611111111
 20
286.0826694444444
 30
0.0
 10
56.11360944444444
 20
286.3331416666666
 30
0.0
 10
56.94969277777777
 20
286.5836138888889
 30
0.0
 10
56.84385944444444
 20
286.6047805555555
 30
0.0
 10
57.771665
 20
286.8870027777778
 30
0.0
 10
58.69947055555555
 20
287.169225
 30
0.0
 10
58.62538722222222
 20
287.0916138888888
 30
0.0
 10
59.46147055555555
 20
287.3456138888889
 30
0.0
 10
60.29755388888888
 20
287.5996138888889
 30
0.0
 10
60.19172055555555
 20
287.6207805555555
 30
0.0
 10
61.11952611111111
 20
287.899475
 30
0.0
 10
62.04380388888888
 20
288.185225
 30
0.0
 10
61.96972055555555
 20
288.1076138888889
 30
0.0
 10
62.80933166666667
 20
288.3580861111111
 30
0.0
 10
63.58544277777777
 20
287.7689472222222
 30
0.0
 10
63.22208166666666
 20
288.4745027777778
 30
0.0
 10
67.43424833333333
 20
289.7621416666667
 30
0.0
 10
70.76799833333332
 20
290.7816694444444
 30
0.0
 10
71.82280388888888
 20
290.0549472222222
 30
0.0
 10
82.31088722222222
 20
283.7331694444444
 30
0.0
 10
94.71808166666665
 20
276.2542805555556
 30
0.0
 10
100.1191094444444
 20
274.4762805555555
 30
0.0
 10
102.7437761111111
 20
276.151975
 30
0.0
 10
105.364915
 20
277.834725
 30
0.0
 10
107.4074983333333
 20
271.4247527777778
 30
0.0
 10
108.8856372222222
 20
273.9823916666667
 30
0.0
 10
111.2809983333333
 20
278.1134194444444
 30
0.0
 10
109.4783038888889
 20
274.3140027777778
 30
0.0
 10
122.6616094444444
 20
280.3465027777777
 30
0.0
 10
135.9436927777778
 20
286.4248638888889
 30
0.0
 10
137.2489705555555
 20
292.6020027777777
 30
0.0
 10
142.4206927777778
 20
289.2717805555556
 30
0.0
 10
141.8174427777778
 20
288.6367805555555
 30
0.0
 10
141.9197483333333
 20
288.6720583333333
 30
0.0
 10
141.2529983333333
 20
287.9700305555555
 30
0.0
 10
140.5862483333333
 20
287.2609472222222
 30
0.0
 10
140.6144705555555
 20
287.3667805555556
 30
0.0
 10
140.0147483333333
 20
286.7282527777778
 30
0.0
 10
139.2127668518519
 20
285.8815861111111
 30
0.0
 10
138.4107853703703
 20
285.0349194444444
 30
0.0
 10
137.6088038888889
 20
284.1882527777777
 30
0.0
 10
137.9298316666666
 20
283.8848638888889
 30
0.0
 10
138.2508594444444
 20
283.581475
 30
0.0
 10
138.5718872222222
 20
283.2780861111111
 30
0.0
  0
SPLINE
  5
278
330
1F
100
AcDbEntity
  8
DEFAULT
 62
     7
100
AcDbSpline
210
0.0
220
0.0
230
1.0
 70
    11
 71
     3
 72
    17
 73
    13
 74
     0
 42
0.000000001
 43
0.0000000001
 40
0.0
 40
0.0
 40
0.0
 40
0.0
 40
1.0
 40
1.0
 40
1.0
 40
2.0
 40
2.0
 40
2.0
 40
3.0
 40
3.0
 40
3.0
 40
4.0
 40
4.0
 40
4.0
 40
4.0
 10
118.0637155555555
 20
220.1336508333333
 30
0.0
 10
118.3286516666666
 20
220.2109091666667
 30
0.0
 10
118.6062877777778
 20
220.0585091666667
 30
0.0
 10
118.6835461111111
 20
219.7935730555555
 30
0.0
 10
118.7608044444444
 20
219.5282841666667
 30
0.0
 10
118.6084044444444
 20
219.2510008333333
 30
0.0
 10
118.3434683333333
 20
219.1733897222222
 30
0.0
 10
118.0785322222222
 20
219.0964841666666
 30
0.0
 10
117.8008961111111
 20
219.2485313888889
 30
0.0
 10
117.7236377777778
 20
219.5138202777778
 30
0.0
 10
117.6463794444444
 20
219.7787563888889
 30
0.0
 10
117.7987794444444
 20
220.0563925
 30
0.0
 10
118.0637155555555
 20
220.1336508333333
 30
0.0
  0
SPLINE
  5
279
330
1F
100
AcDbEntity
  8
DEFAULT
 62
     7
100
AcDbSpline
210
0.0
220
0.0
230
1.0
 70
    11
 71
     3
 72
    17
 73
    13
 74
     0
 42
0.000000001
 43
0.0000000001
 40
0.0
 40
0.0
 40
0.0
 40
0.0
 40
1.0
 40
1.0
 40
1.0
 40
2.0
 40
2.0
 40
2.0
 40
3.0
 40
3.0
 40
3.0
 40
4.0
 40
4.0
 40
4.0
 40
4.0
 10
86.58620111111111
 20
222.4723558333333
 30
0.0
 10
86.83067611111112
 20
222.3442975
 30
0.0
 10
86.92522055555555
 20
222.0419669444444
 30
0.0
 10
86.79680944444445
 20
221.7971391666667
 30
0.0
 10
86.6687511111111
 20
221.5526641666667
 30
0.0
 10
86.36642055555555
 20
221.4584725
 30
0.0
 10
86.12194555555556
 20
221.5865308333333
 30
0.0
 10
85.87747055555556
 20
221.7149419444444
 30
0.0
 10
85.78292611111111
 20
222.0169197222222
 30
0.0
 10
85.91133722222222
 20
222.2617475
 30
0.0
 10
86.03939555555554
 20
222.5062225
 30
0.0
 10
86.3417261111111
 20
222.6004141666667
 30
0.0
 10
86.58620111111111
 20
222.4723558333333
 30
0.0
  0
SPLINE
  5
27A
330
1F
100
AcDbEntity
  8
DEFAULT
 62
     7
100
AcDbSpline
210
0.0
220
0.0
230
1.0
 70
    11
 71
     3
 72
    17
 73
    13
 74
     0
 42
0.000000001
 43
0.0000000001
 40
0.0
 40
0.0
 40
0.0
 40
0.0
 40
1.0
 40
1.0
 40
1.0
 40
2.0
 40
2.0
 40
2.0
 40
3.0
 40
3.0
 40
3.0
 40
4.0
 40
4.0
 40
4.0
 40
4.0
 10
85.2577811111111
 20
223.1687744444444
 30
0.0
 10
85.50225611111111
 20
223.0407161111111
 30
0.0
 10
85.59680055555555
 20
222.7383855555555
 30
0.0
 10
85.46838944444444
 20
222.4939105555555
 30
0.0
 10
85.34033111111111
 20
222.2494355555556
 30
0.0
 10
85.03800055555556
 20
222.1548911111111
 30
0.0
 10
84.79352555555555
 20
222.2833022222222
 30
0.0
 10
84.54905055555555
 20
222.4113605555555
 30
0.0
 10
84.45450611111112
 20
222.7136911111111
 30
0.0
 10
84.5829172222222
 20
222.9581661111111
 30
0.0
 10
84.71097555555555
 20
223.2026411111111
 30
0.0
 10
85.0133061111111
 20
223.2971855555556
 30
0.0
 10
85.2577811111111
 20
223.1687744444444
 30
0.0
  0
SPLINE
  5
27B
330
1F
100
AcDbEntity
  8
DEFAULT
 62
     7
100
AcDbSpline
210
0.0
220
0.0
230
1.0
 70
    11
 71
     3
 72
    17
 73
    13
 74
     0
 42
0.000000001
 43
0.0000000001
 40
0.0
 40
0.0
 40
0.0
 40
0.0
 40
1.0
 40
1.0
 40
1.0
 40
2.0
 40
2.0
 40
2.0
 40
3.0
 40
3.0
 40
3.0
 40
4.0
 40
4.0
 40
4.0
 40
4.0
 10
45.38595472222222
 20
230.8520275
 30
0.0
 10
45.43851861111111
 20
231.1233136111111
 30
0.0
 10
45.70098527777778
 20
231.3004080555555
 30
0.0
 10
45.97227138888888
 20
231.2474913888888
 30
0.0
 10
46.24320472222222
 20
231.1949275
 30
0.0
 10
46.42029916666666
 20
230.9324608333333
 30
0.0
 10
46.36773527777777
 20
230.6615275
 30
0.0
 10
46.31517138888888
 20
230.3902413888889
 30
0.0
 10
46.05270472222221
 20
230.2131469444444
 30
0.0
 10
45.78141861111111
 20
230.2660636111111
 30
0.0
 10
45.51048527777778
 20
230.3186275
 30
0.0
 10
45.33339083333333
 20
230.5807413888889
 30
0.0
 10
45.38595472222222
 20
230.8520275
 30
0.0
  0
SPLINE
  5
27C
330
1F
100
AcDbEntity
  8
DEFAULT
 62
     7
100
AcDbSpline
210
0.0
220
0.0
230
1.0
 70
    11
 71
     3
 72
    17
 73
    13
 74
     0
 42
0.000000001
 43
0.0000000001
 40
0.0
 40
0.0
 40
0.0
 40
0.0
 40
1.0
 40
1.0
 40
1.0
 40
2.0
 40
2.0
 40
2.0
 40
3.0
 40
3.0
 40
3.0
 40
4.0
 40
4.0
 40
4.0
 40
4.0
 10
46.8461725
 20
230.2457083333333
 30
0.0
 10
47.10722805555556
 20
230.3356666666666
 30
0.0
 10
47.39191972222222
 20
230.197025
 30
0.0
 10
47.48187805555555
 20
229.9359694444444
 30
0.0
 10
47.57183638888888
 20
229.6745611111111
 30
0.0
 10
47.43319472222222
 20
229.3902222222222
 30
0.0
 10
47.17178638888889
 20
229.3002638888889
 30
0.0
 10
46.91108361111111
 20
229.2103055555555
 30
0.0
 10
46.62639194444445
 20
229.3489472222222
 30
0.0
 10
46.53643361111111
 20
229.6100027777777
 30
0.0
 10
46.44647527777777
 20
229.8710583333333
 30
0.0
 10
46.58511694444444
 20
230.15575
 30
0.0
 10
46.8461725
 20
230.2457083333333
 30
0.0
  0
SPLINE
  5
27D
330
1F
100
AcDbEntity
  8
DEFAULT
 62
     7
100
AcDbSpline
210
0.0
220
0.0
230
1.0
 70
    11
 71
     3
 72
    17
 73
    13
 74
     0
 42
0.000000001
 43
0.0000000001
 40
0.0
 40
0.0
 40
0.0
 40
0.0
 40
1.0
 40
1.0
 40
1.0
 40
2.0
 40
2.0
 40
2.0
 40
3.0
 40
3.0
 40
3.0
 40
4.0
 40
4.0
 40
4.0
 40
4.0
 10
45.42800583333333
 20
229.7570052777778
 30
0.0
 10
45.68906138888889
 20
229.8469636111111
 30
0.0
 10
45.97375305555555
 20
229.7083219444444
 30
0.0
 10
46.06371138888888
 20
229.4472663888889
 30
0.0
 10
46.15366972222221
 20
229.1858580555555
 30
0.0
 10
46.01502805555555
 20
228.9015191666667
 30
0.0
 10
45.75361972222222
 20
228.8115608333333
 30
0.0
 10
45.49291694444444
 20
228.7216025
 30
0.0
 10
45.20822527777778
 20
228.8602441666667
 30
0.0
 10
45.11826694444444
 20
229.1212997222222
 30
0.0
 10
45.02830861111111
 20
229.3823552777778
 30
0.0
 10
45.16695027777777
 20
229.6670469444445
 30
0.0
 10
45.42800583333333
 20
229.7570052777778
 30
0.0
  0
POLYLINE
  5
27E
330
1F
100
AcDbEntity
  8
DEFAULT
 62
     7
100
AcDb2dPolyline
 66
     1
 10
0.0
 20
0.0
 30
0.0
  0
VERTEX
  5
27F
330
27E
100
AcDbEntity
  8
DEFAULT
 62
     7
100
AcDbVertex
100
AcDb2dVertex
 10
136.6648058333333
 20
231.0182563888889
 30
0.0
  0
VERTEX
  5
280
330
27E
100
AcDbEntity
  8
DEFAULT
 62
     7
100
AcDbVertex
100
AcDb2dVertex
 10
135.1651475
 20
229.8368036111111
 30
0.0
  0
SEQEND
  5
281
330
27E
100
AcDbEntity
  8
DEFAULT
 62
     7
  0
POLYLINE
  5
282
330
1F
100
AcDbEntity
  8
DEFAULT
 62
     7
100
AcDb2dPolyline
 66
     1
 10
0.0
 20
0.0
 30
0.0
  0
VERTEX
  5
283
330
282
100
AcDbEntity
  8
DEFAULT
 62
     7
100
AcDbVertex
100
AcDb2dVertex
 10
137.4725258333333
 20
229.9924844444444
 30
0.0
  0
VERTEX
  5
284
330
282
100
AcDbEntity
  8
DEFAULT
 62
     7
100
AcDbVertex
100
AcDb2dVertex
 10
135.9728675
 20
228.8113844444445
 30
0.0
  0
SEQEND
  5
285
330
282
100
AcDbEntity
  8
DEFAULT
 62
     7
  0
SPLINE
  5
286
330
1F
100
AcDbEntity
  8
DEFAULT
 62
     1
100
AcDbSpline
210
0.0
220
0.0
230
1.0
 70
     8
 71
     3
 72
   140
 73
   136
 74
     0
 42
0.000000001
 43
0.0000000001
 40
0.0
 40
0.0
 40
0.0
 40
0.0
 40
3.752985478255941
 40
3.752985478255941
 40
3.752985478255941
 40
13.67184125904041
 40
13.67184125904041
 40
13.67184125904041
 40
14.67184125904041
 40
14.67184125904041
 40
14.67184125904041
 40
15.67184125904041
 40
15.67184125904041
 40
15.67184125904041
 40
16.67184125904041
 40
16.67184125904041
 40
16.67184125904041
 40
17.67184125904041
 40
17.67184125904041
 40
17.67184125904041
 40
18.67184125904041
 40
18.67184125904041
 40
18.67184125904041
 40
19.67184125904041
 40
19.67184125904041
 40
19.67184125904041
 40
29.58944177529434
 40
29.58944177529434
 40
29.58944177529434
 40
38.08664719825543
 40
38.08664719825543
 40
38.08664719825543
 40
48.01384720631413
 40
48.01384720631413
 40
48.01384720631413
 40
49.01384720631413
 40
49.01384720631413
 40
49.01384720631413
 40
50.01384720631413
 40
50.01384720631413
 40
50.01384720631413
 40
51.01384720631413
 40
51.01384720631413
 40
51.01384720631413
 40
52.01384720631413
 40
52.01384720631413
 40
52.01384720631413
 40
53.01384720631413
 40
53.01384720631413
 40
53.01384720631413
 40
54.01384720631413
 40
54.01384720631413
 40
54.01384720631413
 40
55.01384720631413
 40
55.01384720631413
 40
55.01384720631413
 40
56.01384720631413
 40
56.01384720631413
 40
56.01384720631413
 40
57.01384720631413
 40
57.01384720631413
 40
57.01384720631413
 40
58.01384720631413
 40
58.01384720631413
 40
58.01384720631413
 40
59.01384720631413
 40
59.01384720631413
 40
59.01384720631413
 40
60.01384720631413
 40
60.01384720631413
 40
60.01384720631413
 40
61.01384720631413
 40
61.01384720631413
 40
61.01384720631413
 40
62.01384720631413
 40
62.01384720631413
 40
62.01384720631413
 40
63.01384720631413
 40
63.01384720631413
 40
63.01384720631413
 40
72.92588029746148
 40
72.92588029746148
 40
72.92588029746148
 40
81.42861515161279
 40
81.42861515161279
 40
81.42861515161279
 40
91.33601137867468
 40
91.33601137867468
 40
91.33601137867468
 40
92.33601137867468
 40
92.33601137867468
 40
92.33601137867468
 40
93.33601137867468
 40
93.33601137867468
 40
93.33601137867468
 40
94.33601137867468
 40
94.33601137867468
 40
94.33601137867468
 40
95.33601137867468
 40
95.33601137867468
 40
95.33601137867468
 40
96.33601137867468
 40
96.33601137867468
 40
96.33601137867468
 40
97.33601137867468
 40
97.33601137867468
 40
97.33601137867468
 40
98.33601137867468
 40
98.33601137867468
 40
98.33601137867468
 40
99.33601137867468
 40
99.33601137867468
 40
99.33601137867468
 40
100.3360113786747
 40
100.3360113786747
 40
100.3360113786747
 40
101.3360113786747
 40
101.3360113786747
 40
101.3360113786747
 40
102.3360113786747
 40
102.3360113786747
 40
102.3360113786747
 40
103.3360113786747
 40
103.3360113786747
 40
103.3360113786747
 40
104.3360113786747
 40
104.3360113786747
 40
104.3360113786747
 40
105.3360113786747
 40
105.3360113786747
 40
105.3360113786747
 40
106.3360113786747
 40
106.3360113786747
 40
106.3360113786747
 40
107.3360113786747
 40
107.3360113786747
 40
107.3360113786747
 40
107.3360113786747
 10
138.3566927777778
 20
231.2962805555555
 30
0.0
 10
138.6295075925926
 20
230.9493824074074
 30
0.0
 10
138.9023224074074
 20
230.6024842592592
 30
0.0
 10
139.1751372222222
 20
230.2555861111111
 30
0.0
 10
140.0911835185185
 20
230.9776046296296
 30
0.0
 10
141.0072298148148
 20
231.6996231481481
 30
0.0
 10
141.9232761111111
 20
232.4216416666667
 30
0.0
 10
142.6111927777778
 20
232.9613916666667
 30
0.0
 10
142.5053594444444
 20
232.9437527777777
 30
0.0
 10
143.2673594444445
 20
233.543475
 30
0.0
 10
144.0328872222222
 20
234.146725
 30
0.0
 10
143.9870261111111
 20
234.0479472222222
 30
0.0
 10
144.6749427777778
 20
234.5841694444445
 30
0.0
 10
145.8884983333333
 20
233.1906972222222
 30
0.0
 10
145.941415
 20
231.0246416666667
 30
0.0
 10
143.1650538888889
 20
229.2642805555556
 30
0.0
 10
136.6245538888889
 20
225.1156138888889
 30
0.0
 10
126.1788038888889
 20
224.3571416666667
 30
0.0
 10
126.4186927777778
 20
223.6127805555556
 30
0.0
 10
125.5826094444444
 20
223.3658361111111
 30
0.0
 10
125.6954983333333
 20
223.351725
 30
0.0
 10
124.7571094444444
 20
223.0765583333333
 30
0.0
 10
123.8293038888889
 20
222.8049194444444
 30
0.0
 10
123.9033872222222
 20
222.8790027777778
 30
0.0
 10
123.0637761111111
 20
222.6355861111111
 30
0.0
 10
121.9442946296296
 20
222.3086787037037
 30
0.0
 10
120.8248131481482
 20
221.9817712962963
 30
0.0
 10
119.7053316666667
 20
221.6548638888889
 30
0.0
 10
119.9840261111111
 20
220.6953083333333
 30
0.0
 10
120.2627205555556
 20
219.7357527777777
 30
0.0
 10
120.541415
 20
218.7761972222222
 30
0.0
 10
121.6620724074074
 20
219.1031046296296
 30
0.0
 10
122.7827298148148
 20
219.430012037037
 30
0.0
 10
123.9033872222222
 20
219.7569194444444
 30
0.0
 10
124.7465261111111
 20
220.0038638888889
 30
0.0
 10
124.637165
 20
220.0215027777778
 30
0.0
 10
125.5649705555555
 20
220.2896138888889
 30
0.0
 10
126.5033594444444
 20
220.5683083333333
 30
0.0
 10
126.4222205555556
 20
220.4871694444444
 30
0.0
 10
127.2618316666667
 20
220.7341138888889
 30
0.0
 10
128.3801372222222
 20
216.7053916666667
 30
0.0
 10
122.4922761111111
 20
216.7759472222222
 30
0.0
 10
118.9821372222222
 20
215.6188361111111
 30
0.0
 10
116.8090261111111
 20
214.906225
 30
0.0
 10
115.1791927777778
 20
214.4511416666666
 30
0.0
 10
112.9990261111111
 20
211.7735583333333
 30
0.0
 10
110.1662205555555
 20
208.2916416666666
 30
0.0
 10
111.016415
 20
215.7281972222222
 30
0.0
 10
107.4216094444444
 20
212.6943083333333
 30
0.0
 10
106.6490261111111
 20
213.1070583333334
 30
0.0
 10
106.7089983333333
 20
213.0188638888889
 30
0.0
 10
105.8482205555555
 20
213.4668916666667
 30
0.0
 10
104.9944983333333
 20
213.9149194444445
 30
0.0
 10
105.1003316666667
 20
213.9149194444445
 30
0.0
 10
104.3206927777778
 20
214.3206138888889
 30
0.0
 10
103.5516372222222
 20
214.7227805555555
 30
0.0
 10
103.6116094444444
 20
214.6381138888889
 30
0.0
 10
102.7473038888889
 20
215.0896694444444
 30
0.0
 10
101.8900538888889
 20
215.5341694444444
 30
0.0
 10
101.999415
 20
215.541225
 30
0.0
 10
101.2197761111111
 20
215.9398638888889
 30
0.0
 10
100.4471927777778
 20
216.3490861111111
 30
0.0
 10
100.5142205555556
 20
216.2608916666667
 30
0.0
 10
99.64638722222222
 20
216.7124472222222
 30
0.0
 10
98.78913722222221
 20
217.1569472222222
 30
0.0
 10
98.89497055555555
 20
217.160475
 30
0.0
 10
98.11885944444444
 20
217.5626416666667
 30
0.0
 10
97.34980388888889
 20
217.9683361111111
 30
0.0
 10
97.41330388888889
 20
217.8801416666667
 30
0.0
 10
96.54899833333333
 20
218.335225
 30
0.0
 10
95.69174833333334
 20
218.779725
 30
0.0
 10
95.79758166666667
 20
218.7832527777778
 30
0.0
 10
95.01794277777779
 20
219.1854194444444
 30
0.0
 10
94.24888722222221
 20
219.5946416666667
 30
0.0
 10
94.31238722222223
 20
219.5029194444444
 30
0.0
 10
93.44455388888889
 20
219.9580027777778
 30
0.0
 10
92.58730388888888
 20
220.4025027777778
 30
0.0
 10
92.696665
 20
220.4060305555555
 30
0.0
 10
91.91702611111111
 20
220.8081972222222
 30
0.0
 10
90.88456314814816
 20
221.3491231481482
 30
0.0
 10
89.8521001851852
 20
221.8900490740741
 30
0.0
 10
88.81963722222223
 20
222.430975
 30
0.0
 10
88.35749833333334
 20
221.5443268518519
 30
0.0
 10
87.89535944444442
 20
220.6576787037037
 30
0.0
 10
87.43322055555555
 20
219.7710305555556
 30
0.0
 10
88.46568351851852
 20
219.2312805555556
 30
0.0
 10
89.49814648148147
 20
218.6915305555555
 30
0.0
 10
90.53060944444444
 20
218.1517805555555
 30
0.0
 10
91.30319277777778
 20
217.7425583333333
 30
0.0
 10
91.24322055555555
 20
217.8342805555556
 30
0.0
 10
92.10399833333332
 20
217.382725
 30
0.0
 10
92.96830388888888
 20
216.9311694444444
 30
0.0
 10
92.85541500000001
 20
216.9311694444444
 30
0.0
 10
93.6315261111111
 20
216.5290027777778
 30
0.0
 10
94.40763722222222
 20
216.1233083333333
 30
0.0
 10
94.34413722222222
 20
216.207975
 30
0.0
 10
95.204915
 20
215.7599472222222
 30
0.0
 10
96.06569277777777
 20
215.3083916666666
 30
0.0
 10
95.95985944444443
 20
215.3083916666666
 30
0.0
 10
96.73597055555554
 20
214.906225
 30
0.0
 10
97.50855388888888
 20
214.5005305555555
 30
0.0
 10
97.44858166666667
 20
214.588725
 30
0.0
 10
98.30230388888887
 20
214.1406972222222
 30
0.0
 10
99.16660944444445
 20
213.6856138888889
 30
0.0
 10
99.05724833333332
 20
213.6891416666667
 30
0.0
 10
99.83335944444444
 20
213.286975
 30
0.0
 10
100.6059427777778
 20
212.8812805555555
 30
0.0
 10
100.5494983333333
 20
212.9624194444444
 30
0.0
 10
101.4067483333333
 20
212.5179194444444
 30
0.0
 10
102.2710538888889
 20
212.0663638888889
 30
0.0
 10
102.1546372222222
 20
212.0698916666666
 30
0.0
 10
102.9342761111111
 20
211.667725
 30
0.0
 10
103.7068594444444
 20
211.2585027777778
 30
0.0
 10
103.6433594444444
 20
211.3431694444444
 30
0.0
 10
104.507665
 20
210.8951416666666
 30
0.0
 10
105.3684427777778
 20
210.4435861111111
 30
0.0
 10
105.2590816666667
 20
210.4471138888889
 30
0.0
 10
106.0351927777778
 20
210.0449472222222
 30
0.0
 10
102.0452761111111
 20
204.1958916666667
 30
0.0
 10
93.79380388888889
 20
213.731475
 30
0.0
 10
82.31088722222222
 20
218.8044194444444
 30
0.0
 10
70.62688722222222
 20
223.9620305555556
 30
0.0
 10
63.35613722222222
 20
223.4928361111111
 30
0.0
 10
63.40905388888889
 20
226.1069194444444
 30
0.0
 10
63.46549833333334
 20
228.7280583333333
 30
0.0
 10
31.76135944444444
 20
223.6656972222222
 30
0.0
 10
27.84552611111112
 20
218.3740305555555
 30
0.0
 10
22.60324833333333
 20
211.2831972222222
 30
0.0
 10
24.87160944444445
 20
220.9457805555555
 30
0.0
 10
16.86002611111112
 20
218.4410583333333
 30
0.0
 10
8.844915000000002
 20
215.9363361111111
 30
0.0
 10
8.940164999999997
 20
209.984975
 30
0.0
 10
7.581970555555563
 20
212.7190027777778
 30
0.0
 10
6.273164999999995
 20
215.3471972222222
 30
0.0
 10
8.463915000000009
 20
215.5906138888889
 30
0.0
 10
7.744248333333334
 20
216.9029472222222
 30
0.0
  0
SPLINE
  5
287
330
1F
100
AcDbEntity
  8
DEFAULT
 62
     1
100
AcDbSpline
210
0.0
220
0.0
230
1.0
 70
     8
 71
     3
 72
    92
 73
    88
 74
     0
 42
0.000000001
 43
0.0000000001
 40
0.0
 40
0.0
 40
0.0
 40
0.0
 40
1.0
 40
1.0
 40
1.0
 40
2.0
 40
2.0
 40
2.0
 40
3.0
 40
3.0
 40
3.0
 40
4.0
 40
4.0
 40
4.0
 40
5.0
 40
5.0
 40
5.0
 40
6.0
 40
6.0
 40
6.0
 40
7.0
 40
7.0
 40
7.0
 40
8.0
 40
8.0
 40
8.0
 40
9.0
 40
9.0
 40
9.0
 40
10.0
 40
10.0
 40
10.0
 40
19.93621658379085
 40
19.93621658379085
 40
19.93621658379085
 40
28.44000985503159
 40
28.44000985503159
 40
28.44000985503159
 40
38.34460474831216
 40
38.34460474831216
 40
38.34460474831216
 40
39.34460474831216
 40
39.34460474831216
 40
39.34460474831216
 40
41.34460474831216
 40
41.34460474831216
 40
41.34460474831216
 40
42.34460474831216
 40
42.34460474831216
 40
42.34460474831216
 40
44.34460474831216
 40
44.34460474831216
 40
44.34460474831216
 40
45.34460474831216
 40
45.34460474831216
 40
45.34460474831216
 40
46.34460474831216
 40
46.34460474831216
 40
46.34460474831216
 40
47.34460474831216
 40
47.34460474831216
 40
47.34460474831216
 40
48.34460474831216
 40
48.34460474831216
 40
48.34460474831216
 40
49.34460474831216
 40
49.34460474831216
 40
49.34460474831216
 40
50.34460474831216
 40
50.34460474831216
 40
50.34460474831216
 40
51.34460474831216
 40
51.34460474831216
 40
51.34460474831216
 40
52.34460474831216
 40
52.34460474831216
 40
52.34460474831216
 40
53.34460474831216
 40
53.34460474831216
 40
53.34460474831216
 40
54.34460474831216
 40
54.34460474831216
 40
54.34460474831216
 40
64.26513396806659
 40
64.26513396806659
 40
64.26513396806659
 40
68.02430940956967
 40
68.02430940956967
 40
68.02430940956967
 40
68.02430940956967
 10
7.553642499999999
 20
217.1991394444444
 30
0.0
 10
6.682281388888889
 20
218.5008894444444
 30
0.0
 10
6.812809166666665
 20
218.6067227777777
 30
0.0
 10
10.2523925
 20
221.3195838888888
 30
0.0
 10
13.81192027777778
 20
224.1206394444444
 30
0.0
 10
18.33805916666666
 20
220.8362783333333
 30
0.0
 10
21.22025361111111
 20
223.6232227777778
 30
0.0
 10
24.09892027777777
 20
226.4031116666667
 30
0.0
 10
18.08405916666666
 20
227.5531672222222
 30
0.0
 10
29.04133694444444
 20
228.9395838888888
 30
0.0
 10
39.99508694444444
 20
230.3260005555555
 30
0.0
 10
59.22853138888888
 20
243.4563894444444
 30
0.0
 10
61.44044805555555
 20
236.986445
 30
0.0
 10
60.61142027777777
 20
236.7077505555555
 30
0.0
 10
60.72078138888889
 20
236.6936394444444
 30
0.0
 10
59.80355916666667
 20
236.3796672222222
 30
0.0
 10
58.88986472222222
 20
236.0621672222222
 30
0.0
 10
58.9568925
 20
236.1362505555555
 30
0.0
 10
58.1313925
 20
235.8575561111111
 30
0.0
 10
57.3058925
 20
235.5718061111111
 30
0.0
 10
57.4152536111111
 20
235.5612227777777
 30
0.0
 10
56.49450361111111
 20
235.2437227777777
 30
0.0
 10
55.58080916666666
 20
234.9297505555555
 30
0.0
 10
55.65136472222222
 20
235.0073616666666
 30
0.0
 10
54.82586472222222
 20
234.7216116666666
 30
0.0
 10
54.00036472222222
 20
234.4429172222222
 30
0.0
 10
54.10619805555555
 20
234.4252783333333
 30
0.0
 10
53.18897583333334
 20
234.1148338888889
 30
0.0
 10
52.2717536111111
 20
233.7973338888889
 30
0.0
 10
52.34230916666665
 20
233.8714172222222
 30
0.0
 10
51.51680916666666
 20
233.5927227777778
 30
0.0
 10
50.4114387962963
 20
233.2140746296296
 30
0.0
 10
49.30606842592592
 20
232.8354264814815
 30
0.0
 10
48.20069805555555
 20
232.4567783333333
 30
0.0
 10
48.52642953703704
 20
231.5113338888889
 30
0.0
 10
48.85216101851851
 20
230.5658894444444
 30
0.0
 10
49.17789249999999
 20
229.620445
 30
0.0
 10
50.27973509259258
 20
229.9979172222222
 30
0.0
 10
51.38157768518519
 20
230.3753894444444
 30
0.0
 10
52.48342027777777
 20
230.7528616666666
 30
0.0
 10
53.31597583333333
 20
231.0350838888889
 30
0.0
 10
53.21014249999999
 20
231.0527227777777
 30
0.0
 10
54.12736472222223
 20
231.3631672222222
 30
0.0
 10
55.04105916666667
 20
231.6806672222222
 30
0.0
 10
54.97403138888888
 20
231.6065838888889
 30
0.0
 10
55.79953138888888
 20
231.8888061111111
 30
0.0
 10
56.62150361111111
 20
232.1710283333333
 30
0.0
 10
56.51567027777777
 20
232.1851394444444
 30
0.0
 10
57.43642027777778
 20
232.4991116666666
 30
0.0
 10
58.35011472222222
 20
232.8166116666666
 30
0.0
 10
58.27955916666666
 20
232.7354727777777
 30
0.0
 10
59.10505916666666
 20
233.0212227777778
 30
0.0
 10
59.93055916666666
 20
233.303445
 30
0.0
 10
59.82472583333332
 20
233.3175561111111
 30
0.0
 10
60.74194805555555
 20
233.6315283333333
 30
0.0
 10
61.66269805555555
 20
233.9490283333333
 30
0.0
 10
61.58508694444444
 20
233.8714172222222
 30
0.0
 10
62.41411472222222
 20
234.1501116666666
 30
0.0
 10
63.20786472222221
 20
233.5927227777778
 30
0.0
 10
62.82333694444443
 20
234.2806394444444
 30
0.0
 10
66.98964249999999
 20
235.716445
 30
0.0
 10
70.28811472222222
 20
236.8559172222222
 30
0.0
 10
71.36408694444444
 20
236.1644727777777
 30
0.0
 10
82.07089249999999
 20
230.2201672222222
 30
0.0
 10
94.73208694444443
 20
223.1893061111111
 30
0.0
 10
100.1966147222222
 20
221.6053338888889
 30
0.0
 10
102.7577813888889
 20
223.3727505555555
 30
0.0
 10
105.3189480555556
 20
225.143695
 30
0.0
 10
107.5202813888889
 20
218.8501394444444
 30
0.0
 10
108.9772536111111
 20
221.4183616666666
 30
0.0
 10
110.4342258333333
 20
223.9971672222222
 30
0.0
 10
112.9565869444444
 20
221.6441394444444
 30
0.0
 10
122.5168647222222
 20
228.2728338888889
 30
0.0
 10
134.8852536111111
 20
236.8523894444444
 30
0.0
 10
141.0271147222222
 20
241.0151672222222
 30
0.0
 10
142.8192258333333
 20
236.9441116666667
 30
0.0
 10
142.1313091666667
 20
236.4008338888889
 30
0.0
 10
142.2406702777778
 20
236.4220005555555
 30
0.0
 10
141.4751425
 20
235.8187505555555
 30
0.0
 10
140.7131425
 20
235.2190283333333
 30
0.0
 10
140.7554758333333
 20
235.3178061111111
 30
0.0
 10
140.0710869444444
 20
234.7745283333333
 30
0.0
 10
139.1538647222222
 20
234.0536857407407
 30
0.0
 10
138.2366425
 20
233.3328431481481
 30
0.0
 10
137.3194202777778
 20
232.6120005555555
 30
0.0
 10
137.5934110185185
 20
232.2651024074073
 30
0.0
 10
137.8674017592593
 20
231.9182042592592
 30
0.0
 10
138.1413925
 20
231.5713061111111
 30
0.0
  0
SPLINE
  5
288
330
1F
100
AcDbEntity
  8
DEFAULT
 62
     7
100
AcDbSpline
210
0.0
220
0.0
230
1.0
 70
    11
 71
     3
 72
    17
 73
    13
 74
     0
 42
0.000000001
 43
0.0000000001
 40
0.0
 40
0.0
 40
0.0
 40
0.0
 40
1.0
 40
1.0
 40
1.0
 40
2.0
 40
2.0
 40
2.0
 40
3.0
 40
3.0
 40
3.0
 40
4.0
 40
4.0
 40
4.0
 40
4.0
 10
118.0637155555555
 20
238.0567727777778
 30
0.0
 10
118.3286516666666
 20
238.1340311111111
 30
0.0
 10
118.6062877777778
 20
237.9816311111111
 30
0.0
 10
118.6835461111111
 20
237.716695
 30
0.0
 10
118.7608044444444
 20
237.4514061111111
 30
0.0
 10
118.6084044444444
 20
237.1741227777778
 30
0.0
 10
118.3434683333333
 20
237.0965116666667
 30
0.0
 10
118.0785322222222
 20
237.0196061111111
 30
0.0
 10
117.8008961111111
 20
237.1716533333333
 30
0.0
 10
117.7236377777778
 20
237.4369422222222
 30
0.0
 10
117.6463794444444
 20
237.7018783333333
 30
0.0
 10
117.7987794444444
 20
237.9795144444444
 30
0.0
 10
118.0637155555555
 20
238.0567727777778
 30
0.0
  0
SPLINE
  5
289
330
1F
100
AcDbEntity
  8
DEFAULT
 62
     7
100
AcDbSpline
210
0.0
220
0.0
230
1.0
 70
    11
 71
     3
 72
    17
 73
    13
 74
     0
 42
0.000000001
 43
0.0000000001
 40
0.0
 40
0.0
 40
0.0
 40
0.0
 40
1.0
 40
1.0
 40
1.0
 40
2.0
 40
2.0
 40
2.0
 40
3.0
 40
3.0
 40
3.0
 40
4.0
 40
4.0
 40
4.0
 40
4.0
 10
86.58620111111111
 20
240.3954777777778
 30
0.0
 10
86.83067611111112
 20
240.2674194444444
 30
0.0
 10
86.92522055555555
 20
239.9650888888889
 30
0.0
 10
86.79680944444445
 20
239.7202611111111
 30
0.0
 10
86.6687511111111
 20
239.4761388888889
 30
0.0
 10
86.36642055555555
 20
239.3815944444444
 30
0.0
 10
86.12194555555556
 20
239.5100055555556
 30
0.0
 10
85.87747055555556
 20
239.6380638888889
 30
0.0
 10
85.78292611111111
 20
239.9400416666666
 30
0.0
 10
85.91133722222222
 20
240.1848694444444
 30
0.0
 10
86.03939555555554
 20
240.4293444444444
 30
0.0
 10
86.3417261111111
 20
240.5235361111111
 30
0.0
 10
86.58620111111111
 20
240.3954777777778
 30
0.0
  0
SPLINE
  5
28A
330
1F
100
AcDbEntity
  8
DEFAULT
 62
     7
100
AcDbSpline
210
0.0
220
0.0
230
1.0
 70
    11
 71
     3
 72
    17
 73
    13
 74
     0
 42
0.000000001
 43
0.0000000001
 40
0.0
 40
0.0
 40
0.0
 40
0.0
 40
1.0
 40
1.0
 40
1.0
 40
2.0
 40
2.0
 40
2.0
 40
3.0
 40
3.0
 40
3.0
 40
4.0
 40
4.0
 40
4.0
 40
4.0
 10
85.2577811111111
 20
241.0918963888889
 30
0.0
 10
85.50225611111111
 20
240.9638380555555
 30
0.0
 10
85.59680055555555
 20
240.6615075
 30
0.0
 10
85.46838944444444
 20
240.4170325
 30
0.0
 10
85.34033111111111
 20
240.1725575
 30
0.0
 10
85.03800055555556
 20
240.0780130555555
 30
0.0
 10
84.79352555555555
 20
240.2064241666667
 30
0.0
 10
84.54905055555555
 20
240.3344825
 30
0.0
 10
84.45450611111112
 20
240.6368130555556
 30
0.0
 10
84.5829172222222
 20
240.8812880555556
 30
0.0
 10
84.71097555555555
 20
241.1257630555556
 30
0.0
 10
85.0133061111111
 20
241.2203075
 30
0.0
 10
85.2577811111111
 20
241.0918963888889
 30
0.0
  0
SPLINE
  5
28B
330
1F
100
AcDbEntity
  8
DEFAULT
 62
     7
100
AcDbSpline
210
0.0
220
0.0
230
1.0
 70
    11
 71
     3
 72
    17
 73
    13
 74
     0
 42
0.000000001
 43
0.0000000001
 40
0.0
 40
0.0
 40
0.0
 40
0.0
 40
1.0
 40
1.0
 40
1.0
 40
2.0
 40
2.0
 40
2.0
 40
3.0
 40
3.0
 40
3.0
 40
4.0
 40
4.0
 40
4.0
 40
4.0
 10
45.38595472222222
 20
248.7751494444444
 30
0.0
 10
45.43851861111111
 20
249.0464355555555
 30
0.0
 10
45.70098527777778
 20
249.22353
 30
0.0
 10
45.97227138888888
 20
249.1709661111111
 30
0.0
 10
46.24320472222222
 20
249.1180494444444
 30
0.0
 10
46.42029916666666
 20
248.8559355555555
 30
0.0
 10
46.36773527777777
 20
248.5846494444444
 30
0.0
 10
46.31517138888888
 20
248.3133633333333
 30
0.0
 10
46.05270472222221
 20
248.1362688888888
 30
0.0
 10
45.78141861111111
 20
248.1891855555556
 30
0.0
 10
45.51048527777778
 20
248.2417494444444
 30
0.0
 10
45.33339083333333
 20
248.5042161111111
 30
0.0
 10
45.38595472222222
 20
248.7751494444444
 30
0.0
  0
SPLINE
  5
28C
330
1F
100
AcDbEntity
  8
DEFAULT
 62
     7
100
AcDbSpline
210
0.0
220
0.0
230
1.0
 70
    11
 71
     3
 72
    17
 73
    13
 74
     0
 42
0.000000001
 43
0.0000000001
 40
0.0
 40
0.0
 40
0.0
 40
0.0
 40
1.0
 40
1.0
 40
1.0
 40
2.0
 40
2.0
 40
2.0
 40
3.0
 40
3.0
 40
3.0
 40
4.0
 40
4.0
 40
4.0
 40
4.0
 10
46.8461725
 20
248.168795
 30
0.0
 10
47.10722805555556
 20
248.2587533333333
 30
0.0
 10
47.39191972222222
 20
248.1201116666666
 30
0.0
 10
47.48187805555555
 20
247.8590561111111
 30
0.0
 10
47.57183638888888
 20
247.5976477777778
 30
0.0
 10
47.43319472222222
 20
247.3133088888889
 30
0.0
 10
47.17178638888889
 20
247.2233505555556
 30
0.0
 10
46.91108361111111
 20
247.1333922222222
 30
0.0
 10
46.62639194444445
 20
247.2720338888888
 30
0.0
 10
46.53643361111111
 20
247.5330894444444
 30
0.0
 10
46.44647527777777
 20
247.794145
 30
0.0
 10
46.58511694444444
 20
248.0788366666666
 30
0.0
 10
46.8461725
 20
248.168795
 30
0.0
  0
SPLINE
  5
28D
330
1F
100
AcDbEntity
  8
DEFAULT
 62
     7
100
AcDbSpline
210
0.0
220
0.0
230
1.0
 70
    11
 71
     3
 72
    17
 73
    13
 74
     0
 42
0.000000001
 43
0.0000000001
 40
0.0
 40
0.0
 40
0.0
 40
0.0
 40
1.0
 40
1.0
 40
1.0
 40
2.0
 40
2.0
 40
2.0
 40
3.0
 40
3.0
 40
3.0
 40
4.0
 40
4.0
 40
4.0
 40
4.0
 10
45.42800583333333
 20
247.6801272222222
 30
0.0
 10
45.68906138888889
 20
247.7700855555555
 30
0.0
 10
45.97375305555555
 20
247.6314438888889
 30
0.0
 10
46.06371138888888
 20
247.3703883333333
 30
0.0
 10
46.15366972222221
 20
247.1093327777778
 30
0.0
 10
46.01502805555555
 20
246.8246411111111
 30
0.0
 10
45.75361972222222
 20
246.7346827777778
 30
0.0
 10
45.49291694444444
 20
246.6447244444444
 30
0.0
 10
45.20822527777778
 20
246.7833661111111
 30
0.0
 10
45.11826694444444
 20
247.0444216666667
 30
0.0
 10
45.02830861111111
 20
247.3054772222222
 30
0.0
 10
45.16695027777777
 20
247.5901688888889
 30
0.0
 10
45.42800583333333
 20
247.6801272222222
 30
0.0
  0
POLYLINE
  5
28E
330
1F
100
AcDbEntity
  8
DEFAULT
 62
     7
100
AcDb2dPolyline
 66
     1
 10
0.0
 20
0.0
 30
0.0
  0
VERTEX
  5
28F
330
28E
100
AcDbEntity
  8
DEFAULT
 62
     7
100
AcDbVertex
100
AcDb2dVertex
 10
136.6648058333334
 20
248.9413783333334
 30
0.0
  0
VERTEX
  5
290
330
28E
100
AcDbEntity
  8
DEFAULT
 62
     7
100
AcDbVertex
100
AcDb2dVertex
 10
135.1651475
 20
247.7599255555556
 30
0.0
  0
SEQEND
  5
291
330
28E
100
AcDbEntity
  8
DEFAULT
 62
     7
  0
POLYLINE
  5
292
330
1F
100
AcDbEntity
  8
DEFAULT
 62
     7
100
AcDb2dPolyline
 66
     1
 10
0.0
 20
0.0
 30
0.0
  0
VERTEX
  5
293
330
292
100
AcDbEntity
  8
DEFAULT
 62
     7
100
AcDbVertex
100
AcDb2dVertex
 10
137.4725258333333
 20
247.9156063888888
 30
0.0
  0
VERTEX
  5
294
330
292
100
AcDbEntity
  8
DEFAULT
 62
     7
100
AcDbVertex
100
AcDb2dVertex
 10
135.9728675
 20
246.7345063888889
 30
0.0
  0
SEQEND
  5
295
330
292
100
AcDbEntity
  8
DEFAULT
 62
     7
  0
SPLINE
  5
296
330
1F
100
AcDbEntity
  8
DEFAULT
 62
     1
100
AcDbSpline
210
0.0
220
0.0
230
1.0
 70
     8
 71
     3
 72
   140
 73
   136
 74
     0
 42
0.000000001
 43
0.0000000001
 40
0.0
 40
0.0
 40
0.0
 40
0.0
 40
3.752985478255887
 40
3.752985478255887
 40
3.752985478255887
 40
13.6656541401248
 40
13.6656541401248
 40
13.6656541401248
 40
14.6656541401248
 40
14.6656541401248
 40
14.6656541401248
 40
15.6656541401248
 40
15.6656541401248
 40
15.6656541401248
 40
16.6656541401248
 40
16.6656541401248
 40
16.6656541401248
 40
17.6656541401248
 40
17.6656541401248
 40
17.6656541401248
 40
18.6656541401248
 40
18.6656541401248
 40
18.6656541401248
 40
19.6656541401248
 40
19.6656541401248
 40
19.6656541401248
 40
29.58606239785291
 40
29.58606239785291
 40
29.58606239785291
 40
38.083267820814
 40
38.083267820814
 40
38.083267820814
 40
48.01327285605947
 40
48.01327285605947
 40
48.01327285605947
 40
49.01327285605947
 40
49.01327285605947
 40
49.01327285605947
 40
50.01327285605947
 40
50.01327285605947
 40
50.01327285605947
 40
51.01327285605947
 40
51.01327285605947
 40
51.01327285605947
 40
52.01327285605947
 40
52.01327285605947
 40
52.01327285605947
 40
53.01327285605947
 40
53.01327285605947
 40
53.01327285605947
 40
54.01327285605947
 40
54.01327285605947
 40
54.01327285605947
 40
55.01327285605947
 40
55.01327285605947
 40
55.01327285605947
 40
56.01327285605947
 40
56.01327285605947
 40
56.01327285605947
 40
57.01327285605947
 40
57.01327285605947
 40
57.01327285605947
 40
58.01327285605947
 40
58.01327285605947
 40
58.01327285605947
 40
59.01327285605947
 40
59.01327285605947
 40
59.01327285605947
 40
60.01327285605947
 40
60.01327285605947
 40
60.01327285605947
 40
61.01327285605947
 40
61.01327285605947
 40
61.01327285605947
 40
62.01327285605947
 40
62.01327285605947
 40
62.01327285605947
 40
63.01327285605947
 40
63.01327285605947
 40
63.01327285605947
 40
72.92995072720161
 40
72.92995072720161
 40
72.92995072720161
 40
81.43268558135293
 40
81.43268558135293
 40
81.43268558135293
 40
91.34471867250028
 40
91.34471867250028
 40
91.34471867250028
 40
92.34471867250028
 40
92.34471867250028
 40
92.34471867250028
 40
93.34471867250028
 40
93.34471867250028
 40
93.34471867250028
 40
94.34471867250028
 40
94.34471867250028
 40
94.34471867250028
 40
95.34471867250028
 40
95.34471867250028
 40
95.34471867250028
 40
96.34471867250028
 40
96.34471867250028
 40
96.34471867250028
 40
97.34471867250028
 40
97.34471867250028
 40
97.34471867250028
 40
98.34471867250028
 40
98.34471867250028
 40
98.34471867250028
 40
99.34471867250028
 40
99.34471867250028
 40
99.34471867250028
 40
100.3447186725003
 40
100.3447186725003
 40
100.3447186725003
 40
101.3447186725003
 40
101.3447186725003
 40
101.3447186725003
 40
102.3447186725003
 40
102.3447186725003
 40
102.3447186725003
 40
103.3447186725003
 40
103.3447186725003
 40
103.3447186725003
 40
104.3447186725003
 40
104.3447186725003
 40
104.3447186725003
 40
105.3447186725003
 40
105.3447186725003
 40
105.3447186725003
 40
106.3447186725003
 40
106.3447186725003
 40
106.3447186725003
 40
107.3447186725003
 40
107.3447186725003
 40
107.3447186725003
 40
107.3447186725003
 10
138.3566927777778
 20
249.2207783333333
 30
0.0
 10
138.6295075925926
 20
248.8738801851852
 30
0.0
 10
138.9023224074074
 20
248.526982037037
 30
0.0
 10
139.1751372222222
 20
248.1800838888888
 30
0.0
 10
140.0911835185185
 20
248.9009264814814
 30
0.0
 10
141.0072298148148
 20
249.621769074074
 30
0.0
 10
141.9232761111111
 20
250.3426116666666
 30
0.0
 10
142.6111927777778
 20
250.8858894444444
 30
0.0
 10
142.5053594444444
 20
250.8647227777777
 30
0.0
 10
143.2673594444445
 20
251.4679727777777
 30
0.0
 10
144.0328872222222
 20
252.067695
 30
0.0
 10
143.9870261111111
 20
251.9689172222222
 30
0.0
 10
144.6749427777778
 20
252.5086672222222
 30
0.0
 10
145.8884983333333
 20
251.1116672222222
 30
0.0
 10
145.941415
 20
248.9456116666667
 30
0.0
 10
143.1650538888889
 20
247.1852505555555
 30
0.0
 10
136.6245538888889
 20
243.0401116666666
 30
0.0
 10
126.1788038888889
 20
242.2781116666667
 30
0.0
 10
126.4186927777778
 20
241.5372783333333
 30
0.0
 10
125.5826094444444
 20
241.2903338888889
 30
0.0
 10
125.6954983333333
 20
241.2762227777777
 30
0.0
 10
124.7571094444444
 20
240.9975283333333
 30
0.0
 10
123.8293038888889
 20
240.7258894444444
 30
0.0
 10
123.9033872222222
 20
240.7999727777778
 30
0.0
 10
123.0637761111111
 20
240.5600838888889
 30
0.0
 10
121.9442946296296
 20
240.2320005555555
 30
0.0
 10
120.8248131481482
 20
239.9039172222222
 30
0.0
 10
119.7053316666667
 20
239.5758338888888
 30
0.0
 10
119.9840261111111
 20
238.6162783333333
 30
0.0
 10
120.2627205555556
 20
237.6567227777778
 30
0.0
 10
120.541415
 20
236.6971672222222
 30
0.0
 10
121.6620724074074
 20
237.0252505555555
 30
0.0
 10
122.7827298148148
 20
237.3533338888888
 30
0.0
 10
123.9033872222222
 20
237.6814172222222
 30
0.0
 10
124.7465261111111
 20
237.9248338888889
 30
0.0
 10
124.637165
 20
237.9460005555555
 30
0.0
 10
125.5649705555555
 20
238.2141116666666
 30
0.0
 10
126.5033594444444
 20
238.4892783333333
 30
0.0
 10
126.4222205555556
 20
238.4116672222222
 30
0.0
 10
127.2618316666667
 20
238.6550838888888
 30
0.0
 10
128.3801372222222
 20
234.6263616666666
 30
0.0
 10
122.4922761111111
 20
234.6969172222222
 30
0.0
 10
118.9821372222222
 20
233.5433338888889
 30
0.0
 10
116.8090261111111
 20
232.827195
 30
0.0
 10
115.1791927777778
 20
232.3756394444444
 30
0.0
 10
112.9990261111111
 20
229.6980561111111
 30
0.0
 10
110.1662205555555
 20
226.2161394444444
 30
0.0
 10
111.016415
 20
233.6491672222222
 30
0.0
 10
107.4216094444444
 20
230.6188061111111
 30
0.0
 10
106.6490261111111
 20
231.0280283333333
 30
0.0
 10
106.7089983333333
 20
230.9398338888888
 30
0.0
 10
105.8482205555555
 20
231.3913894444444
 30
0.0
 10
104.9944983333333
 20
231.8358894444444
 30
0.0
 10
105.1003316666667
 20
231.8394172222222
 30
0.0
 10
104.3206927777778
 20
232.2415838888889
 30
0.0
 10
103.5516372222222
 20
232.6472783333333
 30
0.0
 10
103.6116094444444
 20
232.5626116666666
 30
0.0
 10
102.7473038888889
 20
233.0106394444444
 30
0.0
 10
101.8900538888889
 20
233.4551394444444
 30
0.0
 10
101.999415
 20
233.462195
 30
0.0
 10
101.2197761111111
 20
233.8643616666666
 30
0.0
 10
100.4471927777778
 20
234.2700561111111
 30
0.0
 10
100.5142205555556
 20
234.1818616666666
 30
0.0
 10
99.64638722222222
 20
234.6369449999999
 30
0.0
 10
98.78913722222221
 20
235.0814449999999
 30
0.0
 10
98.89497055555555
 20
235.0814449999999
 30
0.0
 10
98.11885944444444
 20
235.4836116666667
 30
0.0
 10
97.34980388888889
 20
235.8928338888889
 30
0.0
 10
97.41330388888889
 20
235.8046394444444
 30
0.0
 10
96.54899833333333
 20
236.256195
 30
0.0
 10
95.69174833333334
 20
236.700695
 30
0.0
 10
95.79758166666667
 20
236.7077505555555
 30
0.0
 10
95.01794277777779
 20
237.1099172222222
 30
0.0
 10
94.24888722222221
 20
237.5156116666666
 30
0.0
 10
94.31238722222223
 20
237.4238894444444
 30
0.0
 10
93.44455388888889
 20
237.8825005555555
 30
0.0
 10
92.58730388888888
 20
238.3270005555555
 30
0.0
 10
92.696665
 20
238.3270005555555
 30
0.0
 10
91.91702611111111
 20
238.7291672222222
 30
0.0
 10
90.88456314814816
 20
239.271269074074
 30
0.0
 10
89.8521001851852
 20
239.8133709259259
 30
0.0
 10
88.81963722222223
 20
240.3554727777777
 30
0.0
 10
88.35749833333334
 20
239.4688246296296
 30
0.0
 10
87.89535944444442
 20
238.5821764814815
 30
0.0
 10
87.43322055555555
 20
237.6955283333333
 30
0.0
 10
88.46568351851852
 20
237.1546024074074
 30
0.0
 10
89.49814648148147
 20
236.6136764814814
 30
0.0
 10
90.53060944444444
 20
236.0727505555555
 30
0.0
 10
91.30319277777778
 20
235.6670561111111
 30
0.0
 10
91.24322055555555
 20
235.7552505555555
 30
0.0
 10
92.10399833333332
 20
235.3036949999999
 30
0.0
 10
92.96830388888888
 20
234.8556672222222
 30
0.0
 10
92.85541500000001
 20
234.8556672222222
 30
0.0
 10
93.6315261111111
 20
234.4535005555555
 30
0.0
 10
94.40763722222222
 20
234.0478061111111
 30
0.0
 10
94.34413722222222
 20
234.1324727777777
 30
0.0
 10
95.204915
 20
233.684445
 30
0.0
 10
96.06569277777777
 20
233.2328894444444
 30
0.0
 10
95.95985944444443
 20
233.2328894444444
 30
0.0
 10
96.73597055555554
 20
232.827195
 30
0.0
 10
97.50855388888888
 20
232.4215005555555
 30
0.0
 10
97.44858166666667
 20
232.509695
 30
0.0
 10
98.30230388888887
 20
232.0616672222222
 30
0.0
 10
99.16660944444445
 20
231.6065838888889
 30
0.0
 10
99.05724833333332
 20
231.6136394444444
 30
0.0
 10
99.83335944444444
 20
231.2114727777778
 30
0.0
 10
100.6059427777778
 20
230.8057783333333
 30
0.0
 10
100.5494983333333
 20
230.8869172222222
 30
0.0
 10
101.4067483333333
 20
230.4424172222222
 30
0.0
 10
102.2710538888889
 20
229.9873338888889
 30
0.0
 10
102.1546372222222
 20
229.9908616666666
 30
0.0
 10
102.9342761111111
 20
229.588695
 30
0.0
 10
103.7068594444444
 20
229.1830005555555
 30
0.0
 10
103.6433594444444
 20
229.2676672222222
 30
0.0
 10
104.507665
 20
228.8161116666666
 30
0.0
 10
105.3684427777778
 20
228.3680838888889
 30
0.0
 10
105.2590816666667
 20
228.3716116666666
 30
0.0
 10
106.0351927777778
 20
227.969445
 30
0.0
 10
102.0452761111111
 20
222.1168616666666
 30
0.0
 10
93.79380388888889
 20
231.6559727777777
 30
0.0
 10
82.31088722222222
 20
236.7289172222222
 30
0.0
 10
70.62688722222222
 20
241.8865283333333
 30
0.0
 10
63.35613722222222
 20
241.4173338888889
 30
0.0
 10
63.40905388888889
 20
244.0278894444444
 30
0.0
 10
63.46549833333334
 20
246.6525561111111
 30
0.0
 10
31.76135944444444
 20
241.590195
 30
0.0
 10
27.84552611111112
 20
236.2985283333333
 30
0.0
 10
22.60324833333333
 20
229.207695
 30
0.0
 10
24.87160944444445
 20
238.8702783333333
 30
0.0
 10
16.86002611111112
 20
236.3620283333333
 30
0.0
 10
8.844915000000002
 20
233.8573061111111
 30
0.0
 10
8.940164999999997
 20
227.905945
 30
0.0
 10
7.581970555555563
 20
230.6435005555555
 30
0.0
 10
6.273164999999995
 20
233.2752227777777
 30
0.0
 10
8.467442777777782
 20
233.5151116666666
 30
0.0
 10
7.744248333333334
 20
234.827445
 30
0.0
  0
SPLINE
  5
297
330
1F
100
AcDbEntity
  8
DEFAULT
 62
     1
100
AcDbSpline
210
0.0
220
0.0
230
1.0
 70
     8
 71
     3
 72
    92
 73
    88
 74
     0
 42
0.000000001
 43
0.0000000001
 40
0.0
 40
0.0
 40
0.0
 40
0.0
 40
1.0
 40
1.0
 40
1.0
 40
2.0
 40
2.0
 40
2.0
 40
3.0
 40
3.0
 40
3.0
 40
4.0
 40
4.0
 40
4.0
 40
5.0
 40
5.0
 40
5.0
 40
6.0
 40
6.0
 40
6.0
 40
7.0
 40
7.0
 40
7.0
 40
8.0
 40
8.0
 40
8.0
 40
9.0
 40
9.0
 40
9.0
 40
10.0
 40
10.0
 40
10.0
 40
19.93621658379085
 40
19.93621658379085
 40
19.93621658379085
 40
28.44000985503159
 40
28.44000985503159
 40
28.44000985503159
 40
38.34785018479062
 40
38.34785018479062
 40
38.34785018479062
 40
39.34785018479062
 40
39.34785018479062
 40
39.34785018479062
 40
40.3678501847906
 40
40.3678501847906
 40
40.3678501847906
 40
41.3678501847906
 40
41.3678501847906
 40
41.3678501847906
 40
42.38785018479059
 40
42.38785018479059
 40
42.38785018479059
 40
43.38785018479059
 40
43.38785018479059
 40
43.38785018479059
 40
44.38785018479059
 40
44.38785018479059
 40
44.38785018479059
 40
45.38785018479059
 40
45.38785018479059
 40
45.38785018479059
 40
46.38785018479059
 40
46.38785018479059
 40
46.38785018479059
 40
47.38785018479059
 40
47.38785018479059
 40
47.38785018479059
 40
48.38785018479059
 40
48.38785018479059
 40
48.38785018479059
 40
49.38785018479059
 40
49.38785018479059
 40
49.38785018479059
 40
50.38785018479059
 40
50.38785018479059
 40
50.38785018479059
 40
51.38785018479059
 40
51.38785018479059
 40
51.38785018479059
 40
52.38785018479059
 40
52.38785018479059
 40
52.38785018479059
 40
62.31456162413443
 40
62.31456162413443
 40
62.31456162413443
 40
66.06754710239045
 40
66.06754710239045
 40
66.06754710239045
 40
66.06754710239045
 10
7.553642499999999
 20
235.1203211111111
 30
0.0
 10
6.682281388888889
 20
236.4220711111111
 30
0.0
 10
6.812809166666665
 20
236.5279044444444
 30
0.0
 10
10.2523925
 20
239.2442933333333
 30
0.0
 10
13.81192027777778
 20
242.0453488888889
 30
0.0
 10
18.33805916666666
 20
238.7609877777778
 30
0.0
 10
21.22025361111111
 20
241.5479322222222
 30
0.0
 10
24.09892027777777
 20
244.3242933333333
 30
0.0
 10
18.08405916666666
 20
245.4743488888889
 30
0.0
 10
29.04133694444444
 20
246.8642933333333
 30
0.0
 10
39.99508694444444
 20
248.2471822222222
 30
0.0
 10
59.22853138888888
 20
261.3775711111111
 30
0.0
 10
61.44044805555555
 20
254.9076266666667
 30
0.0
 10
60.61142027777777
 20
254.63246
 30
0.0
 10
60.72078138888889
 20
254.6148211111111
 30
0.0
 10
59.80355916666667
 20
254.3043766666666
 30
0.0
 10
58.88986472222222
 20
253.9868766666667
 30
0.0
 10
58.9568925
 20
254.06096
 30
0.0
 10
58.1313925
 20
253.7787377777777
 30
0.0
 10
57.3058925
 20
253.4929877777778
 30
0.0
 10
57.4152536111111
 20
253.4859322222222
 30
0.0
 10
56.49450361111111
 20
253.1684322222222
 30
0.0
 10
55.58080916666666
 20
252.8509322222222
 30
0.0
 10
55.65136472222222
 20
252.9320711111111
 30
0.0
 10
54.82586472222222
 20
252.6427933333333
 30
0.0
 10
54.00036472222222
 20
252.3676266666666
 30
0.0
 10
54.10619805555555
 20
252.3499877777778
 30
0.0
 10
53.18897583333334
 20
252.0360155555555
 30
0.0
 10
52.2717536111111
 20
251.7185155555555
 30
0.0
 10
52.34230916666665
 20
251.7961266666666
 30
0.0
 10
51.51680916666666
 20
251.5139044444444
 30
0.0
 10
50.4114387962963
 20
251.1352562962963
 30
0.0
 10
49.30606842592592
 20
250.7566081481481
 30
0.0
 10
48.20069805555555
 20
250.37796
 30
0.0
 10
48.52642953703704
 20
249.4325155555556
 30
0.0
 10
48.85216101851851
 20
248.4870711111111
 30
0.0
 10
49.17789249999999
 20
247.5416266666666
 30
0.0
 10
50.27973509259258
 20
247.9202748148148
 30
0.0
 10
51.38157768518519
 20
248.2989229629629
 30
0.0
 10
52.48342027777777
 20
248.6775711111111
 30
0.0
 10
53.31597583333333
 20
248.9597933333333
 30
0.0
 10
53.21014249999999
 20
248.9739044444444
 30
0.0
 10
54.12736472222223
 20
249.2878766666666
 30
0.0
 10
55.04105916666667
 20
249.6053766666666
 30
0.0
 10
54.97403138888888
 20
249.5312933333333
 30
0.0
 10
55.79953138888888
 20
249.8099877777778
 30
0.0
 10
56.62150361111111
 20
250.0957377777778
 30
0.0
 10
56.51567027777777
 20
250.1098488888889
 30
0.0
 10
57.43642027777778
 20
250.4238211111111
 30
0.0
 10
58.35011472222222
 20
250.7377933333333
 30
0.0
 10
58.27955916666666
 20
250.6601822222222
 30
0.0
 10
59.10505916666666
 20
250.9424044444444
 30
0.0
 10
59.93055916666666
 20
251.2246266666666
 30
0.0
 10
59.82472583333332
 20
251.2422655555555
 30
0.0
 10
60.74194805555555
 20
251.55271
 30
0.0
 10
61.66269805555555
 20
251.8737377777778
 30
0.0
 10
61.58508694444444
 20
251.7961266666666
 30
0.0
 10
62.41411472222222
 20
252.0748211111111
 30
0.0
 10
63.20786472222221
 20
251.5139044444444
 30
0.0
 10
62.82333694444443
 20
252.2053488888888
 30
0.0
 10
66.98964249999999
 20
253.6411544444444
 30
0.0
 10
70.28811472222222
 20
254.7806266666666
 30
0.0
 10
71.36408694444444
 20
254.0891822222222
 30
0.0
 10
82.07089249999999
 20
248.1448766666666
 30
0.0
 10
94.73208694444443
 20
241.1104877777778
 30
0.0
 10
100.1966147222222
 20
239.5300433333333
 30
0.0
 10
102.7577813888889
 20
241.29746
 30
0.0
 10
105.3189480555556
 20
243.0684044444444
 30
0.0
 10
107.5202813888889
 20
236.7713211111111
 30
0.0
 10
108.9772536111111
 20
239.3430711111111
 30
0.0
 10
110.4342258333333
 20
241.9218766666666
 30
0.0
 10
112.9565869444444
 20
239.5653211111111
 30
0.0
 10
122.5168647222222
 20
246.1940155555555
 30
0.0
 10
134.8852536111111
 20
254.7735711111111
 30
0.0
 10
141.0271147222222
 20
258.9363488888889
 30
0.0
 10
142.8192258333333
 20
254.8652933333333
 30
0.0
 10
142.1313091666667
 20
254.3255433333333
 30
0.0
 10
142.2406702777778
 20
254.34671
 30
0.0
 10
141.4751425
 20
253.74346
 30
0.0
 10
140.7131425
 20
253.1437377777778
 30
0.0
 10
140.7554758333333
 20
253.2389877777778
 30
0.0
 10
140.0710869444444
 20
252.6992377777778
 30
0.0
 10
139.1538647222222
 20
251.9772192592593
 30
0.0
 10
138.2366425
 20
251.2552007407407
 30
0.0
 10
137.3194202777778
 20
250.5331822222222
 30
0.0
 10
137.5922350925926
 20
250.1862840740741
 30
0.0
 10
137.8650499074074
 20
249.8393859259259
 30
0.0
 10
138.1378647222222
 20
249.4924877777778
 30
0.0
  0
SPLINE
  5
298
330
1F
100
AcDbEntity
  8
DEFAULT
 62
     7
100
AcDbSpline
210
0.0
220
0.0
230
1.0
 70
    11
 71
     3
 72
    17
 73
    13
 74
     0
 42
0.000000001
 43
0.0000000001
 40
0.0
 40
0.0
 40
0.0
 40
0.0
 40
1.0
 40
1.0
 40
1.0
 40
2.0
 40
2.0
 40
2.0
 40
3.0
 40
3.0
 40
3.0
 40
4.0
 40
4.0
 40
4.0
 40
4.0
 10
118.1991116666667
 20
184.0967658333333
 30
0.0
 10
118.463695
 20
184.1750825
 30
0.0
 10
118.7420366666666
 20
184.0240936111111
 30
0.0
 10
118.8203533333333
 20
183.7591575
 30
0.0
 10
118.89867
 20
183.4945741666667
 30
0.0
 10
118.7476811111111
 20
183.2162325
 30
0.0
 10
118.4830977777778
 20
183.1379158333334
 30
0.0
 10
118.2181616666666
 20
183.0595991666666
 30
0.0
 10
117.93982
 20
183.2105880555556
 30
0.0
 10
117.8615033333333
 20
183.4755241666667
 30
0.0
 10
117.7831866666667
 20
183.7401075
 30
0.0
 10
117.9345283333333
 20
184.0184491666667
 30
0.0
 10
118.1991116666667
 20
184.0967658333333
 30
0.0
  0
SPLINE
  5
299
330
1F
100
AcDbEntity
  8
DEFAULT
 62
     7
100
AcDbSpline
210
0.0
220
0.0
230
1.0
 70
    11
 71
     3
 72
    17
 73
    13
 74
     0
 42
0.000000001
 43
0.0000000001
 40
0.0
 40
0.0
 40
0.0
 40
0.0
 40
1.0
 40
1.0
 40
1.0
 40
2.0
 40
2.0
 40
2.0
 40
3.0
 40
3.0
 40
3.0
 40
4.0
 40
4.0
 40
4.0
 40
4.0
 10
86.71210749999999
 20
186.30265
 30
0.0
 10
86.95728805555555
 20
186.1752972222222
 30
0.0
 10
87.05289083333334
 20
185.8736722222222
 30
0.0
 10
86.92553805555555
 20
185.6284916666667
 30
0.0
 10
86.79853805555555
 20
185.3836638888889
 30
0.0
 10
86.49656027777777
 20
185.2880611111111
 30
0.0
 10
86.25137972222221
 20
185.4150611111111
 30
0.0
 10
86.00655194444444
 20
185.5424138888889
 30
0.0
 10
85.91094916666667
 20
185.8440388888889
 30
0.0
 10
86.03794916666666
 20
186.0892194444444
 30
0.0
 10
86.16530194444444
 20
186.3340472222222
 30
0.0
 10
86.46692694444444
 20
186.42965
 30
0.0
 10
86.71210749999999
 20
186.30265
 30
0.0
  0
SPLINE
  5
29A
330
1F
100
AcDbEntity
  8
DEFAULT
 62
     7
100
AcDbSpline
210
0.0
220
0.0
230
1.0
 70
    11
 71
     3
 72
    17
 73
    13
 74
     0
 42
0.000000001
 43
0.0000000001
 40
0.0
 40
0.0
 40
0.0
 40
0.0
 40
1.0
 40
1.0
 40
1.0
 40
2.0
 40
2.0
 40
2.0
 40
3.0
 40
3.0
 40
3.0
 40
4.0
 40
4.0
 40
4.0
 40
4.0
 10
85.38075944444444
 20
186.9935652777778
 30
0.0
 10
85.62558722222221
 20
186.8662125
 30
0.0
 10
85.72118999999999
 20
186.5645875
 30
0.0
 10
85.59419
 20
186.3194069444445
 30
0.0
 10
85.46683722222221
 20
186.0745791666667
 30
0.0
 10
85.16521222222222
 20
185.9789763888889
 30
0.0
 10
84.92003166666666
 20
186.1059763888889
 30
0.0
 10
84.67520388888889
 20
186.2329763888889
 30
0.0
 10
84.57960111111112
 20
186.5349541666667
 30
0.0
 10
84.70660111111111
 20
186.7801347222222
 30
0.0
 10
84.83395388888889
 20
187.0249625
 30
0.0
 10
85.13557888888889
 20
187.1205652777778
 30
0.0
 10
85.38075944444444
 20
186.9935652777778
 30
0.0
  0
SPLINE
  5
29B
330
1F
100
AcDbEntity
  8
DEFAULT
 62
     7
100
AcDbSpline
210
0.0
220
0.0
230
1.0
 70
    11
 71
     3
 72
    17
 73
    13
 74
     0
 42
0.000000001
 43
0.0000000001
 40
0.0
 40
0.0
 40
0.0
 40
0.0
 40
1.0
 40
1.0
 40
1.0
 40
2.0
 40
2.0
 40
2.0
 40
3.0
 40
3.0
 40
3.0
 40
4.0
 40
4.0
 40
4.0
 40
4.0
 10
45.47672444444444
 20
194.5083316666667
 30
0.0
 10
45.52822999999999
 20
194.7799705555555
 30
0.0
 10
45.78999111111111
 20
194.9577705555556
 30
0.0
 10
46.06127722222222
 20
194.906265
 30
0.0
 10
46.33256333333333
 20
194.8547594444444
 30
0.0
 10
46.51071611111112
 20
194.5933511111111
 30
0.0
 10
46.45921055555555
 20
194.322065
 30
0.0
 10
46.407705
 20
194.0507788888889
 30
0.0
 10
46.14594388888889
 20
193.8726261111111
 30
0.0
 10
45.87465777777777
 20
193.9241316666667
 30
0.0
 10
45.60337166666667
 20
193.9752844444444
 30
0.0
 10
45.42521888888889
 20
194.2370455555555
 30
0.0
 10
45.47672444444444
 20
194.5083316666667
 30
0.0
  0
SPLINE
  5
29C
330
1F
100
AcDbEntity
  8
DEFAULT
 62
     7
100
AcDbSpline
210
0.0
220
0.0
230
1.0
 70
    11
 71
     3
 72
    17
 73
    13
 74
     0
 42
0.000000001
 43
0.0000000001
 40
0.0
 40
0.0
 40
0.0
 40
0.0
 40
1.0
 40
1.0
 40
1.0
 40
2.0
 40
2.0
 40
2.0
 40
3.0
 40
3.0
 40
3.0
 40
4.0
 40
4.0
 40
4.0
 40
4.0
 10
46.9395175
 20
193.9082213888889
 30
0.0
 10
47.20022027777778
 20
193.9992380555556
 30
0.0
 10
47.48526472222222
 20
193.8616547222222
 30
0.0
 10
47.57663416666667
 20
193.6009519444444
 30
0.0
 10
47.66729805555555
 20
193.3402491666667
 30
0.0
 10
47.5300675
 20
193.0552047222222
 30
0.0
 10
47.26936472222222
 20
192.9641880555555
 30
0.0
 10
47.00866194444444
 20
192.8731713888889
 30
0.0
 10
46.7236175
 20
193.0107547222222
 30
0.0
 10
46.63224805555555
 20
193.2711047222222
 30
0.0
 10
46.5412313888889
 20
193.5321602777778
 30
0.0
 10
46.67881472222222
 20
193.8172047222222
 30
0.0
 10
46.9395175
 20
193.9082213888889
 30
0.0
  0
SPLINE
  5
29D
330
1F
100
AcDbEntity
  8
DEFAULT
 62
     7
100
AcDbSpline
210
0.0
220
0.0
230
1.0
 70
    11
 71
     3
 72
    17
 73
    13
 74
     0
 42
0.000000001
 43
0.0000000001
 40
0.0
 40
0.0
 40
0.0
 40
0.0
 40
1.0
 40
1.0
 40
1.0
 40
2.0
 40
2.0
 40
2.0
 40
3.0
 40
3.0
 40
3.0
 40
4.0
 40
4.0
 40
4.0
 40
4.0
 10
45.52343222222222
 20
193.4134858333333
 30
0.0
 10
45.784135
 20
193.5045025
 30
0.0
 10
46.06917944444444
 20
193.3672719444444
 30
0.0
 10
46.16054888888889
 20
193.1062163888889
 30
0.0
 10
46.25121277777777
 20
192.8458663888889
 30
0.0
 10
46.11398222222222
 20
192.5604691666666
 30
0.0
 10
45.85327944444444
 20
192.4694525
 30
0.0
 10
45.59257666666666
 20
192.3784358333333
 30
0.0
 10
45.30753222222222
 20
192.5160191666666
 30
0.0
 10
45.21616277777777
 20
192.7767219444444
 30
0.0
 10
45.12514611111111
 20
193.0374247222222
 30
0.0
 10
45.26272944444444
 20
193.3224691666666
 30
0.0
 10
45.52343222222222
 20
193.4134858333333
 30
0.0
  0
POLYLINE
  5
29E
330
1F
100
AcDbEntity
  8
DEFAULT
 62
     7
100
AcDb2dPolyline
 66
     1
 10
0.0
 20
0.0
 30
0.0
  0
VERTEX
  5
29F
330
29E
100
AcDbEntity
  8
DEFAULT
 62
     7
100
AcDbVertex
100
AcDb2dVertex
 10
136.6370775
 20
194.6895536111111
 30
0.0
  0
VERTEX
  5
2A0
330
29E
100
AcDbEntity
  8
DEFAULT
 62
     7
100
AcDbVertex
100
AcDb2dVertex
 10
134.8925913888889
 20
193.9137952777778
 30
0.0
  0
SEQEND
  5
2A1
330
29E
100
AcDbEntity
  8
DEFAULT
 62
     7
  0
SPLINE
  5
2A2
330
1F
100
AcDbEntity
  8
DEFAULT
 62
     1
100
AcDbSpline
210
0.0
220
0.0
230
1.0
 70
     8
 71
     3
 72
   140
 73
   136
 74
     0
 42
0.000000001
 43
0.0000000001
 40
0.0
 40
0.0
 40
0.0
 40
0.0
 40
3.764903717228409
 40
3.764903717228409
 40
3.764903717228409
 40
13.68077483377686
 40
13.68077483377686
 40
13.68077483377686
 40
14.68077483377686
 40
14.68077483377686
 40
14.68077483377686
 40
15.68077483377686
 40
15.68077483377686
 40
15.68077483377686
 40
16.68077483377686
 40
16.68077483377686
 40
16.68077483377686
 40
17.68077483377686
 40
17.68077483377686
 40
17.68077483377686
 40
18.68077483377686
 40
18.68077483377686
 40
18.68077483377686
 40
19.68077483377686
 40
19.68077483377686
 40
19.68077483377686
 40
29.60007420419618
 40
29.60007420419618
 40
29.60007420419618
 40
38.09893295111036
 40
38.09893295111036
 40
38.09893295111036
 40
48.02782009922517
 40
48.02782009922517
 40
48.02782009922517
 40
49.02782009922517
 40
49.02782009922517
 40
49.02782009922517
 40
50.02782009922517
 40
50.02782009922517
 40
50.02782009922517
 40
51.02782009922517
 40
51.02782009922517
 40
51.02782009922517
 40
52.02782009922517
 40
52.02782009922517
 40
52.02782009922517
 40
53.02782009922517
 40
53.02782009922517
 40
53.02782009922517
 40
54.02782009922517
 40
54.02782009922517
 40
54.02782009922517
 40
55.02782009922517
 40
55.02782009922517
 40
55.02782009922517
 40
56.02782009922517
 40
56.02782009922517
 40
56.02782009922517
 40
57.02782009922517
 40
57.02782009922517
 40
57.02782009922517
 40
58.02782009922517
 40
58.02782009922517
 40
58.02782009922517
 40
59.02782009922517
 40
59.02782009922517
 40
59.02782009922517
 40
60.02782009922517
 40
60.02782009922517
 40
60.02782009922517
 40
61.02782009922517
 40
61.02782009922517
 40
61.02782009922517
 40
62.02782009922517
 40
62.02782009922517
 40
62.02782009922517
 40
63.02782009922517
 40
63.02782009922517
 40
63.02782009922517
 40
72.93483781395649
 40
72.93483781395649
 40
72.93483781395649
 40
81.44610681452279
 40
81.44610681452279
 40
81.44610681452279
 40
91.36168042374983
 40
91.36168042374983
 40
91.36168042374983
 40
92.36168042374983
 40
92.36168042374983
 40
92.36168042374983
 40
93.36168042374983
 40
93.36168042374983
 40
93.36168042374983
 40
94.36168042374983
 40
94.36168042374983
 40
94.36168042374983
 40
95.36168042374983
 40
95.36168042374983
 40
95.36168042374983
 40
96.36168042374983
 40
96.36168042374983
 40
96.36168042374983
 40
97.36168042374983
 40
97.36168042374983
 40
97.36168042374983
 40
98.36168042374983
 40
98.36168042374983
 40
98.36168042374983
 40
99.36168042374983
 40
99.36168042374983
 40
99.36168042374983
 40
100.3616804237498
 40
100.3616804237498
 40
100.3616804237498
 40
101.3616804237498
 40
101.3616804237498
 40
101.3616804237498
 40
102.3616804237498
 40
102.3616804237498
 40
102.3616804237498
 40
103.3616804237498
 40
103.3616804237498
 40
103.3616804237498
 40
104.3616804237498
 40
104.3616804237498
 40
104.3616804237498
 40
105.3616804237498
 40
105.3616804237498
 40
105.3616804237498
 40
106.3616804237498
 40
106.3616804237498
 40
106.3616804237498
 40
107.3616804237498
 40
107.3616804237498
 40
107.3616804237498
 40
107.3616804237498
 10
138.0779983333333
 20
195.1400155555555
 30
0.0
 10
138.257915
 20
194.735497037037
 30
0.0
 10
138.4378316666667
 20
194.3309785185185
 30
0.0
 10
138.6177483333333
 20
193.9264599999999
 30
0.0
 10
139.6831372222222
 20
194.4003581481481
 30
0.0
 10
140.7485261111111
 20
194.8742562962963
 30
0.0
 10
141.813915
 20
195.3481544444444
 30
0.0
 10
142.6147205555556
 20
195.7009322222222
 30
0.0
 10
142.5088872222222
 20
195.7115155555555
 30
0.0
 10
143.3978872222222
 20
196.1030988888889
 30
0.0
 10
144.2868872222222
 20
196.5017377777777
 30
0.0
 10
144.2163316666666
 20
196.4135433333333
 30
0.0
 10
145.0136094444444
 20
196.7698488888888
 30
0.0
 10
145.3134705555555
 20
196.0784044444444
 30
0.0
 10
145.9308316666666
 20
193.8417933333333
 30
0.0
 10
143.6801094444444
 20
192.7693488888889
 30
0.0
 10
138.2508594444444
 20
190.1870155555555
 30
0.0
 10
126.2952205555555
 20
188.3525711111111
 30
0.0
 10
126.5386372222222
 20
187.6117377777777
 30
0.0
 10
125.7060816666666
 20
187.3612655555555
 30
0.0
 10
125.8154427777778
 20
187.3471544444444
 30
0.0
 10
124.8805816666667
 20
187.06846
 30
0.0
 10
123.9527761111111
 20
186.7897655555555
 30
0.0
 10
124.0268594444444
 20
186.8638488888888
 30
0.0
 10
123.1872483333333
 20
186.6169044444444
 30
0.0
 10
122.0689427777778
 20
186.2852933333333
 30
0.0
 10
120.9506372222222
 20
185.9536822222222
 30
0.0
 10
119.8323316666666
 20
185.6220711111111
 30
0.0
 10
120.1157298148148
 20
184.6636914814814
 30
0.0
 10
120.399127962963
 20
183.7053118518518
 30
0.0
 10
120.6825261111111
 20
182.7469322222222
 30
0.0
 10
121.8020075925926
 20
183.0785433333333
 30
0.0
 10
122.921489074074
 20
183.4101544444444
 30
0.0
 10
124.0409705555555
 20
183.7417655555555
 30
0.0
 10
124.8770538888889
 20
183.9922377777777
 30
0.0
 10
124.7712205555555
 20
184.0134044444444
 30
0.0
 10
125.6990261111111
 20
184.2850433333333
 30
0.0
 10
126.637415
 20
184.5672655555555
 30
0.0
 10
126.5562761111111
 20
184.4861266666666
 30
0.0
 10
127.3958872222222
 20
184.7365988888889
 30
0.0
 10
128.5283038888889
 20
180.7114044444444
 30
0.0
 10
122.6404427777778
 20
180.7572655555555
 30
0.0
 10
119.1373594444444
 20
179.5860433333333
 30
0.0
 10
116.9642483333333
 20
178.8593211111111
 30
0.0
 10
115.334415
 20
178.40071
 30
0.0
 10
113.1718872222222
 20
175.7160711111111
 30
0.0
 10
110.349665
 20
172.2200433333333
 30
0.0
 10
111.1681094444444
 20
179.6601266666666
 30
0.0
 10
107.587415
 20
176.6156544444444
 30
0.0
 10
106.8113038888889
 20
177.0213488888889
 30
0.0
 10
106.8783316666667
 20
176.9331544444444
 30
0.0
 10
106.0140261111111
 20
177.3776544444444
 30
0.0
 10
105.1532483333333
 20
177.8221544444444
 30
0.0
 10
105.2590816666667
 20
177.8256822222222
 30
0.0
 10
104.4794427777778
 20
178.2243211111111
 30
0.0
 10
103.7103872222222
 20
178.6264877777778
 30
0.0
 10
103.7703594444444
 20
178.5382933333333
 30
0.0
 10
102.9060538888889
 20
178.9863211111111
 30
0.0
 10
102.0452761111111
 20
179.4272933333333
 30
0.0
 10
102.1511094444444
 20
179.4343488888889
 30
0.0
 10
101.3714705555555
 20
179.8329877777778
 30
0.0
 10
100.602415
 20
180.2386822222222
 30
0.0
 10
100.665915
 20
180.14696
 30
0.0
 10
99.79808166666666
 20
180.5985155555555
 30
0.0
 10
98.93730388888888
 20
181.0394877777777
 30
0.0
 10
99.04666499999999
 20
181.0430155555555
 30
0.0
 10
98.26349833333332
 20
181.4416544444444
 30
0.0
 10
97.49444277777776
 20
181.8438211111111
 30
0.0
 10
97.55794277777777
 20
181.7556266666666
 30
0.0
 10
96.69010944444443
 20
182.2036544444444
 30
0.0
 10
95.82933166666666
 20
182.6446266666667
 30
0.0
 10
95.935165
 20
182.6516822222222
 30
0.0
 10
95.1555261111111
 20
183.0503211111111
 30
0.0
 10
94.38647055555553
 20
183.4560155555555
 30
0.0
 10
94.44997055555554
 20
183.3642933333333
 30
0.0
 10
93.58213722222222
 20
183.8158488888888
 30
0.0
 10
92.72135944444443
 20
184.2568211111111
 30
0.0
 10
92.83072055555554
 20
184.2603488888888
 30
0.0
 10
92.04755388888887
 20
184.6589877777777
 30
0.0
 10
91.013915
 20
185.1963859259259
 30
0.0
 10
89.98027611111111
 20
185.733784074074
 30
0.0
 10
88.94663722222221
 20
186.2711822222222
 30
0.0
 10
88.48685018518518
 20
185.3821822222222
 30
0.0
 10
88.02706314814814
 20
184.4931822222221
 30
0.0
 10
87.5672761111111
 20
183.6041822222222
 30
0.0
 10
88.60326685185184
 20
183.0691359259259
 30
0.0
 10
89.63925759259257
 20
182.5340896296296
 30
0.0
 10
90.67524833333331
 20
181.9990433333333
 30
0.0
 10
91.45135944444445
 20
181.5933488888889
 30
0.0
 10
91.38785944444443
 20
181.6815433333333
 30
0.0
 10
92.25216499999999
 20
181.2335155555555
 30
0.0
 10
93.11647055555555
 20
180.7854877777778
 30
0.0
 10
93.00710944444444
 20
180.7890155555556
 30
0.0
 10
93.78322055555554
 20
180.3903766666666
 30
0.0
 10
94.55580388888887
 20
179.98821
 30
0.0
 10
94.49935944444444
 20
180.0693488888888
 30
0.0
 10
95.35660944444443
 20
179.6248488888889
 30
0.0
 10
96.22091499999999
 20
179.1803488888889
 30
0.0
 10
96.11508166666665
 20
179.1803488888889
 30
0.0
 10
96.89119277777776
 20
178.7781822222222
 30
0.0
 10
97.6637761111111
 20
178.3760155555555
 30
0.0
 10
97.60380388888888
 20
178.46421
 30
0.0
 10
98.46458166666665
 20
178.01971
 30
0.0
 10
99.332415
 20
177.5681544444444
 30
0.0
 10
99.22305388888888
 20
177.5716822222222
 30
0.0
 10
99.99916499999999
 20
177.1730433333333
 30
0.0
 10
100.7717483333333
 20
176.7673488888889
 30
0.0
 10
100.7153038888889
 20
176.8520155555555
 30
0.0
 10
101.5725538888889
 20
176.4110433333333
 30
0.0
 10
102.4368594444444
 20
175.9594877777778
 30
0.0
 10
102.3239705555555
 20
175.9630155555555
 30
0.0
 10
103.1071372222222
 20
175.5643766666666
 30
0.0
 10
103.8797205555556
 20
175.16221
 30
0.0
 10
103.8162205555555
 20
175.2468766666667
 30
0.0
 10
104.6805261111111
 20
174.7988488888889
 30
0.0
 10
105.5448316666666
 20
174.3543488888889
 30
0.0
 10
105.4319427777778
 20
174.3543488888889
 30
0.0
 10
106.2115816666667
 20
173.95571
 30
0.0
 10
102.2463594444444
 20
168.0890155555555
 30
0.0
 10
93.95608166666666
 20
177.5928488888889
 30
0.0
 10
82.45199833333332
 20
182.6164044444444
 30
0.0
 10
70.74683166666665
 20
187.7246266666666
 30
0.0
 10
63.47608166666666
 20
187.2236822222222
 30
0.0
 10
63.518415
 20
189.8377655555555
 30
0.0
 10
63.56427611111111
 20
192.4589044444444
 30
0.0
 10
31.88130388888889
 20
187.2624877777777
 30
0.0
 10
27.99016499999999
 20
181.95671
 30
0.0
 10
22.77258166666665
 20
174.84471
 30
0.0
 10
25.00213722222223
 20
184.5178766666666
 30
0.0
 10
17.004665
 20
181.9778766666666
 30
0.0
 10
9.000137222222223
 20
179.4378766666666
 30
0.0
 10
9.120081666666659
 20
173.4865155555555
 30
0.0
 10
7.747776111111109
 20
176.2134877777777
 30
0.0
 10
6.428387222222216
 20
178.84521
 30
0.0
 10
8.622665000000005
 20
179.0921544444444
 30
0.0
 10
7.895942777777782
 20
180.40096
 30
0.0
  0
SPLINE
  5
2A3
330
1F
100
AcDbEntity
  8
DEFAULT
 62
     1
100
AcDbSpline
210
0.0
220
0.0
230
1.0
 70
     8
 71
     3
 72
    92
 73
    88
 74
     0
 42
0.000000001
 43
0.0000000001
 40
0.0
 40
0.0
 40
0.0
 40
0.0
 40
1.0
 40
1.0
 40
1.0
 40
2.0
 40
2.0
 40
2.0
 40
3.0
 40
3.0
 40
3.0
 40
4.0
 40
4.0
 40
4.0
 40
5.0
 40
5.0
 40
5.0
 40
6.0
 40
6.0
 40
6.0
 40
7.0
 40
7.0
 40
7.0
 40
8.0
 40
8.0
 40
8.0
 40
9.0
 40
9.0
 40
9.0
 40
10.0
 40
10.0
 40
10.0
 40
19.93652856887154
 40
19.93652856887154
 40
19.93652856887154
 40
28.44069813444345
 40
28.44069813444345
 40
28.44069813444345
 40
38.34888162083487
 40
38.34888162083487
 40
38.34888162083487
 40
39.34888162083487
 40
39.34888162083487
 40
39.34888162083487
 40
41.34888162083487
 40
41.34888162083487
 40
41.34888162083487
 40
42.34888162083487
 40
42.34888162083487
 40
42.34888162083487
 40
44.34888162083487
 40
44.34888162083487
 40
44.34888162083487
 40
45.34888162083487
 40
45.34888162083487
 40
45.34888162083487
 40
46.34888162083487
 40
46.34888162083487
 40
46.34888162083487
 40
47.34888162083487
 40
47.34888162083487
 40
47.34888162083487
 40
48.34888162083487
 40
48.34888162083487
 40
48.34888162083487
 40
49.34888162083487
 40
49.34888162083487
 40
49.34888162083487
 40
50.34888162083487
 40
50.34888162083487
 40
50.34888162083487
 40
51.34888162083487
 40
51.34888162083487
 40
51.34888162083487
 40
52.34888162083487
 40
52.34888162083487
 40
52.34888162083487
 40
53.34888162083487
 40
53.34888162083487
 40
53.34888162083487
 40
54.34888162083487
 40
54.34888162083487
 40
54.34888162083487
 40
64.27493320240545
 40
64.27493320240545
 40
64.27493320240545
 40
68.03070209838397
 40
68.03070209838397
 40
68.03070209838397
 40
68.03070209838397
 10
7.705407499999999
 20
180.693695
 30
0.0
 10
6.823463055555554
 20
181.9919172222222
 30
0.0
 10
6.95751861111111
 20
182.1012783333333
 30
0.0
 10
10.38299083333333
 20
184.8247227777778
 30
0.0
 10
13.93193527777777
 20
187.6434172222222
 30
0.0
 10
18.47218527777778
 20
184.376695
 30
0.0
 10
21.34026861111111
 20
187.1742227777777
 30
0.0
 10
24.20835194444444
 20
189.9682227777777
 30
0.0
 10
18.18643527777778
 20
191.0935838888889
 30
0.0
 10
29.1366575
 20
192.5258616666666
 30
0.0
 10
40.08687972222222
 20
193.9581394444444
 30
0.0
 10
59.26740749999999
 20
207.1696672222222
 30
0.0
 10
61.50754638888888
 20
200.7103061111111
 30
0.0
 10
60.6785186111111
 20
200.4280838888888
 30
0.0
 10
60.78787972222221
 20
200.4139727777777
 30
0.0
 10
59.87065749999999
 20
200.0964727777777
 30
0.0
 10
58.95696305555555
 20
199.775445
 30
0.0
 10
59.0275186111111
 20
199.8495283333333
 30
0.0
 10
58.2020186111111
 20
199.5637783333333
 30
0.0
 10
57.3765186111111
 20
199.2780283333333
 30
0.0
 10
57.48587972222222
 20
199.267445
 30
0.0
 10
56.56865749999999
 20
198.9464172222222
 30
0.0
 10
55.65143527777776
 20
198.6289172222222
 30
0.0
 10
55.72199083333333
 20
198.7065283333333
 30
0.0
 10
54.9000186111111
 20
198.4172505555555
 30
0.0
 10
54.0745186111111
 20
198.1350283333333
 30
0.0
 10
54.18387972222222
 20
198.1209172222222
 30
0.0
 10
53.26665749999999
 20
197.8034172222222
 30
0.0
 10
52.34943527777777
 20
197.4823894444444
 30
0.0
 10
52.41999083333332
 20
197.5564727777777
 30
0.0
 10
51.59801861111111
 20
197.2707227777778
 30
0.0
 10
50.49382416666666
 20
196.8885468518518
 30
0.0
 10
49.38962972222222
 20
196.5063709259259
 30
0.0
 10
48.28543527777777
 20
196.124195
 30
0.0
 10
48.61469453703703
 20
195.1799264814814
 30
0.0
 10
48.94395379629629
 20
194.2356579629629
 30
0.0
 10
49.27321305555555
 20
193.2913894444444
 30
0.0
 10
50.37387972222222
 20
193.6735653703704
 30
0.0
 10
51.47454638888888
 20
194.0557412962963
 30
0.0
 10
52.57521305555554
 20
194.4379172222222
 30
0.0
 10
53.40776861111111
 20
194.7236672222222
 30
0.0
 10
53.2984075
 20
194.7413061111111
 30
0.0
 10
54.21562972222221
 20
195.0588061111111
 30
0.0
 10
55.12932416666666
 20
195.3798338888889
 30
0.0
 10
55.0587686111111
 20
195.3022227777777
 30
0.0
 10
55.8842686111111
 20
195.5879727777778
 30
0.0
 10
56.7097686111111
 20
195.8737227777777
 30
0.0
 10
56.60040749999999
 20
195.8878338888889
 30
0.0
 10
57.51762972222221
 20
196.2053338888889
 30
0.0
 10
58.43132416666666
 20
196.5228338888889
 30
0.0
 10
58.36076861111111
 20
196.4452227777777
 30
0.0
 10
59.18979638888888
 20
196.7345005555555
 30
0.0
 10
60.01176861111111
 20
197.0202505555555
 30
0.0
 10
59.90593527777776
 20
197.0343616666667
 30
0.0
 10
60.82315749999999
 20
197.3518616666667
 30
0.0
 10
61.73685194444443
 20
197.6728894444444
 30
0.0
 10
61.6627686111111
 20
197.5952783333333
 30
0.0
 10
62.49179638888889
 20
197.8775005555555
 30
0.0
 10
63.28907416666666
 20
197.3236394444444
 30
0.0
 10
62.90101861111111
 20
198.0080283333333
 30
0.0
 10
67.05674083333332
 20
199.4650005555555
 30
0.0
 10
70.34815749999999
 20
200.6185838888888
 30
0.0
 10
71.43118527777776
 20
199.9306672222222
 30
0.0
 10
82.16621305555554
 20
194.0322227777778
 30
0.0
 10
94.8556297222222
 20
187.0542783333333
 30
0.0
 10
100.3236852777778
 20
185.4914727777777
 30
0.0
 10
102.8813241666667
 20
187.2694727777777
 30
0.0
 10
105.4319075
 20
189.0545283333333
 30
0.0
 10
107.6614630555555
 20
182.7680283333333
 30
0.0
 10
109.1043241666667
 20
185.3433061111111
 30
0.0
 10
110.5507130555555
 20
187.9291672222222
 30
0.0
 10
113.0836575
 20
185.583195
 30
0.0
 10
122.6157130555556
 20
192.250695
 30
0.0
 10
134.9523519444444
 20
200.886695
 30
0.0
 10
141.9867408333333
 20
203.5783894444444
 30
0.0
 10
143.7929630555555
 20
199.5108616666666
 30
0.0
 10
142.9956852777778
 20
199.1545561111111
 30
0.0
 10
143.1050463888889
 20
199.1510283333333
 30
0.0
 10
142.2160463888889
 20
198.7559172222222
 30
0.0
 10
141.3341019444445
 20
198.3643338888889
 30
0.0
 10
141.3976019444445
 20
198.4454727777778
 30
0.0
 10
140.6003241666666
 20
198.0856394444444
 30
0.0
 10
139.5325834259259
 20
197.6140931481481
 30
0.0
 10
138.4648426851852
 20
197.1425468518518
 30
0.0
 10
137.3971019444444
 20
196.6710005555555
 30
0.0
 10
137.5770186111111
 20
196.2676579629629
 30
0.0
 10
137.7569352777778
 20
195.8643153703703
 30
0.0
 10
137.9368519444444
 20
195.4609727777778
 30
0.0
  0
SPLINE
  5
2A4
330
1F
100
AcDbEntity
  8
DEFAULT
 62
     7
100
AcDbSpline
210
0.0
220
0.0
230
1.0
 70
    11
 71
     3
 72
    17
 73
    13
 74
     0
 42
0.000000001
 43
0.0000000001
 40
0.0
 40
0.0
 40
0.0
 40
0.0
 40
1.0
 40
1.0
 40
1.0
 40
2.0
 40
2.0
 40
2.0
 40
3.0
 40
3.0
 40
3.0
 40
4.0
 40
4.0
 40
4.0
 40
4.0
 10
118.1991116666667
 20
201.7589027777777
 30
0.0
 10
118.463695
 20
201.8372194444444
 30
0.0
 10
118.7420366666666
 20
201.6862305555555
 30
0.0
 10
118.8203533333333
 20
201.4212944444444
 30
0.0
 10
118.89867
 20
201.1563583333333
 30
0.0
 10
118.7476811111111
 20
200.8783694444444
 30
0.0
 10
118.4830977777778
 20
200.8000527777778
 30
0.0
 10
118.2181616666666
 20
200.7217361111111
 30
0.0
 10
117.93982
 20
200.872725
 30
0.0
 10
117.8615033333333
 20
201.1376611111111
 30
0.0
 10
117.7831866666667
 20
201.4022444444444
 30
0.0
 10
117.9345283333333
 20
201.6805861111111
 30
0.0
 10
118.1991116666667
 20
201.7589027777777
 30
0.0
  0
SPLINE
  5
2A5
330
1F
100
AcDbEntity
  8
DEFAULT
 62
     7
100
AcDbSpline
210
0.0
220
0.0
230
1.0
 70
    11
 71
     3
 72
    17
 73
    13
 74
     0
 42
0.000000001
 43
0.0000000001
 40
0.0
 40
0.0
 40
0.0
 40
0.0
 40
1.0
 40
1.0
 40
1.0
 40
2.0
 40
2.0
 40
2.0
 40
3.0
 40
3.0
 40
3.0
 40
4.0
 40
4.0
 40
4.0
 40
4.0
 10
86.71210749999999
 20
203.9647869444444
 30
0.0
 10
86.95728805555555
 20
203.8374341666667
 30
0.0
 10
87.05289083333334
 20
203.5358091666667
 30
0.0
 10
86.92553805555555
 20
203.2906286111111
 30
0.0
 10
86.79853805555555
 20
203.0454480555555
 30
0.0
 10
86.49656027777777
 20
202.9501980555555
 30
0.0
 10
86.25137972222221
 20
203.0771980555556
 30
0.0
 10
86.00655194444444
 20
203.2041980555556
 30
0.0
 10
85.91094916666667
 20
203.5061758333333
 30
0.0
 10
86.03794916666666
 20
203.7513563888889
 30
0.0
 10
86.16530194444444
 20
203.9961841666667
 30
0.0
 10
86.46692694444444
 20
204.0917869444444
 30
0.0
 10
86.71210749999999
 20
203.9647869444444
 30
0.0
  0
SPLINE
  5
2A6
330
1F
100
AcDbEntity
  8
DEFAULT
 62
     7
100
AcDbSpline
210
0.0
220
0.0
230
1.0
 70
    11
 71
     3
 72
    17
 73
    13
 74
     0
 42
0.000000001
 43
0.0000000001
 40
0.0
 40
0.0
 40
0.0
 40
0.0
 40
1.0
 40
1.0
 40
1.0
 40
2.0
 40
2.0
 40
2.0
 40
3.0
 40
3.0
 40
3.0
 40
4.0
 40
4.0
 40
4.0
 40
4.0
 10
85.38075944444444
 20
204.6557022222222
 30
0.0
 10
85.62558722222221
 20
204.5283494444444
 30
0.0
 10
85.72118999999999
 20
204.2267244444444
 30
0.0
 10
85.59419
 20
203.9815438888889
 30
0.0
 10
85.46683722222221
 20
203.7363633333333
 30
0.0
 10
85.16521222222222
 20
203.6407605555555
 30
0.0
 10
84.92003166666666
 20
203.7681133333333
 30
0.0
 10
84.67520388888889
 20
203.8951133333333
 30
0.0
 10
84.57960111111112
 20
204.1970911111111
 30
0.0
 10
84.70660111111111
 20
204.4422716666666
 30
0.0
 10
84.83395388888889
 20
204.6870994444444
 30
0.0
 10
85.13557888888889
 20
204.7827022222222
 30
0.0
 10
85.38075944444444
 20
204.6557022222222
 30
0.0
  0
SPLINE
  5
2A7
330
1F
100
AcDbEntity
  8
DEFAULT
 62
     7
100
AcDbSpline
210
0.0
220
0.0
230
1.0
 70
    11
 71
     3
 72
    17
 73
    13
 74
     0
 42
0.000000001
 43
0.0000000001
 40
0.0
 40
0.0
 40
0.0
 40
0.0
 40
1.0
 40
1.0
 40
1.0
 40
2.0
 40
2.0
 40
2.0
 40
3.0
 40
3.0
 40
3.0
 40
4.0
 40
4.0
 40
4.0
 40
4.0
 10
45.47672444444444
 20
212.1705038888888
 30
0.0
 10
45.52822999999999
 20
212.44179
 30
0.0
 10
45.78999111111111
 20
212.6199427777777
 30
0.0
 10
46.06127722222222
 20
212.5684372222222
 30
0.0
 10
46.33256333333333
 20
212.5169316666666
 30
0.0
 10
46.51071611111112
 20
212.2555233333333
 30
0.0
 10
46.45921055555555
 20
211.9842372222222
 30
0.0
 10
46.407705
 20
211.7129511111111
 30
0.0
 10
46.14594388888889
 20
211.5347983333333
 30
0.0
 10
45.87465777777777
 20
211.5863038888889
 30
0.0
 10
45.60337166666667
 20
211.6374566666667
 30
0.0
 10
45.42521888888889
 20
211.8992177777777
 30
0.0
 10
45.47672444444444
 20
212.1705038888888
 30
0.0
  0
SPLINE
  5
2A8
330
1F
100
AcDbEntity
  8
DEFAULT
 62
     7
100
AcDbSpline
210
0.0
220
0.0
230
1.0
 70
    11
 71
     3
 72
    17
 73
    13
 74
     0
 42
0.000000001
 43
0.0000000001
 40
0.0
 40
0.0
 40
0.0
 40
0.0
 40
1.0
 40
1.0
 40
1.0
 40
2.0
 40
2.0
 40
2.0
 40
3.0
 40
3.0
 40
3.0
 40
4.0
 40
4.0
 40
4.0
 40
4.0
 10
46.9395175
 20
211.5703583333333
 30
0.0
 10
47.20022027777778
 20
211.661375
 30
0.0
 10
47.48526472222222
 20
211.5237916666667
 30
0.0
 10
47.57663416666667
 20
211.2630888888889
 30
0.0
 10
47.66729805555555
 20
211.0023861111111
 30
0.0
 10
47.5300675
 20
210.7173416666666
 30
0.0
 10
47.26936472222222
 20
210.626325
 30
0.0
 10
47.00866194444444
 20
210.5353083333333
 30
0.0
 10
46.7236175
 20
210.6728916666667
 30
0.0
 10
46.63224805555555
 20
210.9332416666666
 30
0.0
 10
46.5412313888889
 20
211.1942972222222
 30
0.0
 10
46.67881472222222
 20
211.4793416666666
 30
0.0
 10
46.9395175
 20
211.5703583333333
 30
0.0
  0
SPLINE
  5
2A9
330
1F
100
AcDbEntity
  8
DEFAULT
 62
     7
100
AcDbSpline
210
0.0
220
0.0
230
1.0
 70
    11
 71
     3
 72
    17
 73
    13
 74
     0
 42
0.000000001
 43
0.0000000001
 40
0.0
 40
0.0
 40
0.0
 40
0.0
 40
1.0
 40
1.0
 40
1.0
 40
2.0
 40
2.0
 40
2.0
 40
3.0
 40
3.0
 40
3.0
 40
4.0
 40
4.0
 40
4.0
 40
4.0
 10
45.52343222222222
 20
211.0756227777778
 30
0.0
 10
45.784135
 20
211.1666394444445
 30
0.0
 10
46.06917944444444
 20
211.0294088888889
 30
0.0
 10
46.16054888888889
 20
210.7683533333333
 30
0.0
 10
46.25121277777777
 20
210.5080033333333
 30
0.0
 10
46.11398222222222
 20
210.2226061111111
 30
0.0
 10
45.85327944444444
 20
210.1315894444444
 30
0.0
 10
45.59257666666666
 20
210.0405727777778
 30
0.0
 10
45.30753222222222
 20
210.1781561111111
 30
0.0
 10
45.21616277777777
 20
210.4388588888889
 30
0.0
 10
45.12514611111111
 20
210.6995616666667
 30
0.0
 10
45.26272944444444
 20
210.9846061111111
 30
0.0
 10
45.52343222222222
 20
211.0756227777778
 30
0.0
  0
POLYLINE
  5
2AA
330
1F
100
AcDbEntity
  8
DEFAULT
 62
     7
100
AcDb2dPolyline
 66
     1
 10
0.0
 20
0.0
 30
0.0
  0
VERTEX
  5
2AB
330
2AA
100
AcDbEntity
  8
DEFAULT
 62
     7
100
AcDbVertex
100
AcDb2dVertex
 10
136.6370775
 20
212.3516905555555
 30
0.0
  0
VERTEX
  5
2AC
330
2AA
100
AcDbEntity
  8
DEFAULT
 62
     7
100
AcDbVertex
100
AcDb2dVertex
 10
134.8925913888889
 20
211.5759322222222
 30
0.0
  0
SEQEND
  5
2AD
330
2AA
100
AcDbEntity
  8
DEFAULT
 62
     7
  0
SPLINE
  5
2AE
330
1F
100
AcDbEntity
  8
DEFAULT
 62
     1
100
AcDbSpline
210
0.0
220
0.0
230
1.0
 70
     8
 71
     3
 72
   140
 73
   136
 74
     0
 42
0.000000001
 43
0.0000000001
 40
0.0
 40
0.0
 40
0.0
 40
0.0
 40
3.755768895978398
 40
3.755768895978398
 40
3.755768895978398
 40
13.6716400125268
 40
13.6716400125268
 40
13.6716400125268
 40
14.6716400125268
 40
14.6716400125268
 40
14.6716400125268
 40
15.6716400125268
 40
15.6716400125268
 40
15.6716400125268
 40
16.6716400125268
 40
16.6716400125268
 40
16.6716400125268
 40
17.6716400125268
 40
17.6716400125268
 40
17.6716400125268
 40
18.6716400125268
 40
18.6716400125268
 40
18.6716400125268
 40
19.6716400125268
 40
19.6716400125268
 40
19.6716400125268
 40
29.59093938294613
 40
29.59093938294613
 40
29.59093938294613
 40
38.08979812986031
 40
38.08979812986031
 40
38.08979812986031
 40
48.01868527797514
 40
48.01868527797514
 40
48.01868527797514
 40
49.01868527797514
 40
49.01868527797514
 40
49.01868527797514
 40
50.01868527797514
 40
50.01868527797514
 40
50.01868527797514
 40
51.01868527797514
 40
51.01868527797514
 40
51.01868527797514
 40
52.01868527797514
 40
52.01868527797514
 40
52.01868527797514
 40
53.01868527797514
 40
53.01868527797514
 40
53.01868527797514
 40
54.01868527797514
 40
54.01868527797514
 40
54.01868527797514
 40
55.01868527797514
 40
55.01868527797514
 40
55.01868527797514
 40
56.01868527797514
 40
56.01868527797514
 40
56.01868527797514
 40
57.01868527797514
 40
57.01868527797514
 40
57.01868527797514
 40
58.01868527797514
 40
58.01868527797514
 40
58.01868527797514
 40
59.01868527797514
 40
59.01868527797514
 40
59.01868527797514
 40
60.01868527797514
 40
60.01868527797514
 40
60.01868527797514
 40
61.01868527797514
 40
61.01868527797514
 40
61.01868527797514
 40
62.01868527797514
 40
62.01868527797514
 40
62.01868527797514
 40
63.01868527797514
 40
63.01868527797514
 40
63.01868527797514
 40
72.93031985558142
 40
72.93031985558142
 40
72.93031985558142
 40
81.44158885614772
 40
81.44158885614772
 40
81.44158885614772
 40
91.36175518539842
 40
91.36175518539842
 40
91.36175518539842
 40
92.36175518539842
 40
92.36175518539842
 40
92.36175518539842
 40
93.36175518539842
 40
93.36175518539842
 40
93.36175518539842
 40
94.36175518539842
 40
94.36175518539842
 40
94.36175518539842
 40
95.36175518539842
 40
95.36175518539842
 40
95.36175518539842
 40
96.36175518539842
 40
96.36175518539842
 40
96.36175518539842
 40
97.36175518539842
 40
97.36175518539842
 40
97.36175518539842
 40
98.36175518539842
 40
98.36175518539842
 40
98.36175518539842
 40
99.36175518539842
 40
99.36175518539842
 40
99.36175518539842
 40
100.3617551853984
 40
100.3617551853984
 40
100.3617551853984
 40
101.3617551853984
 40
101.3617551853984
 40
101.3617551853984
 40
102.3617551853984
 40
102.3617551853984
 40
102.3617551853984
 40
103.3617551853984
 40
103.3617551853984
 40
103.3617551853984
 40
104.3617551853984
 40
104.3617551853984
 40
104.3617551853984
 40
105.3617551853984
 40
105.3617551853984
 40
105.3617551853984
 40
106.3617551853984
 40
106.3617551853984
 40
106.3617551853984
 40
107.3617551853984
 40
107.3617551853984
 40
107.3617551853984
 40
107.3617551853984
 10
138.0779983333333
 20
212.8000711111111
 30
0.0
 10
138.257915
 20
212.3967285185185
 30
0.0
 10
138.4378316666667
 20
211.9933859259259
 30
0.0
 10
138.6177483333333
 20
211.5900433333334
 30
0.0
 10
139.6831372222222
 20
212.0639414814815
 30
0.0
 10
140.7485261111111
 20
212.5378396296296
 30
0.0
 10
141.813915
 20
213.0117377777778
 30
0.0
 10
142.6147205555556
 20
213.3645155555556
 30
0.0
 10
142.5088872222222
 20
213.3750988888889
 30
0.0
 10
143.3978872222222
 20
213.7666822222222
 30
0.0
 10
144.2868872222222
 20
214.1617933333333
 30
0.0
 10
144.2163316666666
 20
214.0735988888889
 30
0.0
 10
145.0136094444444
 20
214.4334322222222
 30
0.0
 10
145.3134705555555
 20
213.73846
 30
0.0
 10
145.9308316666666
 20
211.5053766666667
 30
0.0
 10
143.6801094444444
 20
210.4329322222222
 30
0.0
 10
138.2508594444444
 20
207.8470711111111
 30
0.0
 10
126.2952205555555
 20
206.0161544444444
 30
0.0
 10
126.5386372222222
 20
205.2753211111111
 30
0.0
 10
125.7060816666666
 20
205.0213211111111
 30
0.0
 10
125.8154427777778
 20
205.00721
 30
0.0
 10
124.8805816666667
 20
204.7285155555555
 30
0.0
 10
123.9527761111111
 20
204.4533488888889
 30
0.0
 10
124.0268594444444
 20
204.5274322222222
 30
0.0
 10
123.1872483333333
 20
204.2804877777778
 30
0.0
 10
122.0689427777778
 20
203.9488766666667
 30
0.0
 10
120.9506372222222
 20
203.6172655555555
 30
0.0
 10
119.8323316666666
 20
203.2856544444444
 30
0.0
 10
120.1157298148148
 20
202.3272748148148
 30
0.0
 10
120.399127962963
 20
201.3688951851852
 30
0.0
 10
120.6825261111111
 20
200.4105155555555
 30
0.0
 10
121.8020075925926
 20
200.7421266666666
 30
0.0
 10
122.921489074074
 20
201.0737377777778
 30
0.0
 10
124.0409705555555
 20
201.4053488888889
 30
0.0
 10
124.8770538888889
 20
201.6558211111111
 30
0.0
 10
124.7712205555555
 20
201.67346
 30
0.0
 10
125.6990261111111
 20
201.9486266666667
 30
0.0
 10
126.637415
 20
202.2273211111111
 30
0.0
 10
126.5562761111111
 20
202.1461822222222
 30
0.0
 10
127.3958872222222
 20
202.3966544444444
 30
0.0
 10
128.5283038888889
 20
198.3749877777778
 30
0.0
 10
122.6404427777778
 20
198.4173211111111
 30
0.0
 10
119.1373594444444
 20
197.2496266666666
 30
0.0
 10
116.9642483333333
 20
196.5229044444444
 30
0.0
 10
115.334415
 20
196.0642933333333
 30
0.0
 10
113.1718872222222
 20
193.3796544444444
 30
0.0
 10
110.349665
 20
189.8836266666666
 30
0.0
 10
111.1681094444444
 20
197.3201822222222
 30
0.0
 10
107.587415
 20
194.27571
 30
0.0
 10
106.8113038888889
 20
194.6849322222222
 30
0.0
 10
106.8783316666667
 20
194.59321
 30
0.0
 10
106.0140261111111
 20
195.0412377777778
 30
0.0
 10
105.1532483333333
 20
195.48221
 30
0.0
 10
105.2590816666667
 20
195.4857377777778
 30
0.0
 10
104.4794427777778
 20
195.8879044444444
 30
0.0
 10
103.7103872222222
 20
196.2900711111111
 30
0.0
 10
103.7703594444444
 20
196.2018766666667
 30
0.0
 10
102.9060538888889
 20
196.6499044444444
 30
0.0
 10
102.0452761111111
 20
197.0908766666667
 30
0.0
 10
102.1511094444444
 20
197.0979322222222
 30
0.0
 10
101.3714705555555
 20
197.4930433333333
 30
0.0
 10
100.602415
 20
197.8987377777778
 30
0.0
 10
100.665915
 20
197.8105433333333
 30
0.0
 10
99.79808166666666
 20
198.2585711111111
 30
0.0
 10
98.93730388888888
 20
198.6995433333333
 30
0.0
 10
99.04666499999999
 20
198.7030711111111
 30
0.0
 10
98.26349833333332
 20
199.10171
 30
0.0
 10
97.49444277777776
 20
199.5074044444445
 30
0.0
 10
97.55794277777777
 20
199.4156822222222
 30
0.0
 10
96.69010944444443
 20
199.8672377777778
 30
0.0
 10
95.82933166666666
 20
200.30821
 30
0.0
 10
95.935165
 20
200.3152655555556
 30
0.0
 10
95.1555261111111
 20
200.7139044444444
 30
0.0
 10
94.38647055555553
 20
201.1160711111111
 30
0.0
 10
94.44997055555554
 20
201.0278766666667
 30
0.0
 10
93.58213722222222
 20
201.4759044444444
 30
0.0
 10
92.72135944444443
 20
201.9204044444444
 30
0.0
 10
92.83072055555554
 20
201.9239322222222
 30
0.0
 10
92.04755388888887
 20
202.3190433333333
 30
0.0
 10
91.013915
 20
202.8576174074074
 30
0.0
 10
89.98027611111111
 20
203.3961914814815
 30
0.0
 10
88.94663722222221
 20
203.9347655555555
 30
0.0
 10
88.48685018518518
 20
203.0457655555555
 30
0.0
 10
88.02706314814814
 20
202.1567655555556
 30
0.0
 10
87.5672761111111
 20
201.2677655555555
 30
0.0
 10
88.60326685185184
 20
200.7315433333333
 30
0.0
 10
89.63925759259257
 20
200.1953211111111
 30
0.0
 10
90.67524833333331
 20
199.6590988888889
 30
0.0
 10
91.45135944444445
 20
199.2569322222222
 30
0.0
 10
91.38785944444443
 20
199.3451266666667
 30
0.0
 10
92.25216499999999
 20
198.8970988888889
 30
0.0
 10
93.11647055555555
 20
198.4490711111111
 30
0.0
 10
93.00710944444444
 20
198.4525988888889
 30
0.0
 10
93.78322055555554
 20
198.05396
 30
0.0
 10
94.55580388888887
 20
197.6482655555555
 30
0.0
 10
94.49935944444444
 20
197.7329322222222
 30
0.0
 10
95.35660944444443
 20
197.2884322222222
 30
0.0
 10
96.22091499999999
 20
196.8404044444444
 30
0.0
 10
96.11508166666665
 20
196.8404044444444
 30
0.0
 10
96.89119277777776
 20
196.4417655555555
 30
0.0
 10
97.6637761111111
 20
196.0395988888889
 30
0.0
 10
97.60380388888888
 20
196.1242655555556
 30
0.0
 10
98.46458166666665
 20
195.6797655555555
 30
0.0
 10
99.332415
 20
195.2317377777778
 30
0.0
 10
99.22305388888888
 20
195.2317377777778
 30
0.0
 10
99.99916499999999
 20
194.8330988888889
 30
0.0
 10
100.7717483333333
 20
194.4309322222222
 30
0.0
 10
100.7153038888889
 20
194.5155988888889
 30
0.0
 10
101.5725538888889
 20
194.0746266666666
 30
0.0
 10
102.4368594444444
 20
193.6230711111111
 30
0.0
 10
102.3239705555555
 20
193.6230711111111
 30
0.0
 10
103.1071372222222
 20
193.22796
 30
0.0
 10
103.8797205555556
 20
192.8222655555555
 30
0.0
 10
103.8162205555555
 20
192.91046
 30
0.0
 10
104.6805261111111
 20
192.4624322222222
 30
0.0
 10
105.5448316666666
 20
192.0144044444444
 30
0.0
 10
105.4319427777778
 20
192.0179322222222
 30
0.0
 10
106.2115816666667
 20
191.6192933333333
 30
0.0
 10
102.2463594444444
 20
185.7525988888889
 30
0.0
 10
93.95608166666666
 20
195.2564322222222
 30
0.0
 10
82.45199833333332
 20
200.27646
 30
0.0
 10
70.74683166666665
 20
205.3846822222222
 30
0.0
 10
63.47608166666666
 20
204.8872655555556
 30
0.0
 10
63.518415
 20
207.5013488888889
 30
0.0
 10
63.56427611111111
 20
210.1224877777778
 30
0.0
 10
31.88130388888889
 20
204.9260711111111
 30
0.0
 10
27.99016499999999
 20
199.6202933333333
 30
0.0
 10
22.77258166666665
 20
192.5047655555556
 30
0.0
 10
25.00213722222223
 20
202.1779322222222
 30
0.0
 10
17.004665
 20
199.6379322222222
 30
0.0
 10
9.000137222222223
 20
197.0979322222222
 30
0.0
 10
9.120081666666659
 20
191.1465711111111
 30
0.0
 10
7.747776111111109
 20
193.8770711111111
 30
0.0
 10
6.428387222222216
 20
196.5017377777777
 30
0.0
 10
8.619137222222209
 20
196.75221
 30
0.0
 10
7.895942777777782
 20
198.0610155555555
 30
0.0
  0
SPLINE
  5
2AF
330
1F
100
AcDbEntity
  8
DEFAULT
 62
     1
100
AcDbSpline
210
0.0
220
0.0
230
1.0
 70
     8
 71
     3
 72
    92
 73
    88
 74
     0
 42
0.000000001
 43
0.0000000001
 40
0.0
 40
0.0
 40
0.0
 40
0.0
 40
1.0
 40
1.0
 40
1.0
 40
2.0
 40
2.0
 40
2.0
 40
3.0
 40
3.0
 40
3.0
 40
4.0
 40
4.0
 40
4.0
 40
5.0
 40
5.0
 40
5.0
 40
6.0
 40
6.0
 40
6.0
 40
7.0
 40
7.0
 40
7.0
 40
8.0
 40
8.0
 40
8.0
 40
9.0
 40
9.0
 40
9.0
 40
10.0
 40
10.0
 40
10.0
 40
19.93980382100171
 40
19.93980382100171
 40
19.93980382100171
 40
28.43453159768766
 40
28.43453159768766
 40
28.43453159768766
 40
38.34271508407909
 40
38.34271508407909
 40
38.34271508407909
 40
39.34271508407909
 40
39.34271508407909
 40
39.34271508407909
 40
41.34271508407909
 40
41.34271508407909
 40
41.34271508407909
 40
42.34271508407909
 40
42.34271508407909
 40
42.34271508407909
 40
43.3627150840791
 40
43.3627150840791
 40
43.3627150840791
 40
44.3627150840791
 40
44.3627150840791
 40
44.3627150840791
 40
45.3627150840791
 40
45.3627150840791
 40
45.3627150840791
 40
46.3627150840791
 40
46.3627150840791
 40
46.3627150840791
 40
47.3627150840791
 40
47.3627150840791
 40
47.3627150840791
 40
48.3627150840791
 40
48.3627150840791
 40
48.3627150840791
 40
49.3627150840791
 40
49.3627150840791
 40
49.3627150840791
 40
50.3627150840791
 40
50.3627150840791
 40
50.3627150840791
 40
51.3627150840791
 40
51.3627150840791
 40
51.3627150840791
 40
52.3627150840791
 40
52.3627150840791
 40
52.3627150840791
 40
53.3627150840791
 40
53.3627150840791
 40
53.3627150840791
 40
63.29281075330604
 40
63.29281075330604
 40
63.29281075330604
 40
67.03944924667577
 40
67.03944924667577
 40
67.03944924667577
 40
67.03944924667577
 10
7.705407499999999
 20
198.3573841666667
 30
0.0
 10
6.823463055555554
 20
199.6556063888889
 30
0.0
 10
6.95751861111111
 20
199.7614397222222
 30
0.0
 10
10.38299083333333
 20
202.4884119444445
 30
0.0
 10
13.93193527777777
 20
205.3035786111111
 30
0.0
 10
18.47218527777778
 20
202.0403841666667
 30
0.0
 10
21.34026861111111
 20
204.8379119444444
 30
0.0
 10
24.20835194444444
 20
207.6319119444444
 30
0.0
 10
18.18643527777778
 20
208.7537452777778
 30
0.0
 10
29.1366575
 20
210.1895508333333
 30
0.0
 10
40.08687972222222
 20
211.6183008333333
 30
0.0
 10
59.26740749999999
 20
224.8333563888889
 30
0.0
 10
61.50754638888888
 20
218.3739952777778
 30
0.0
 10
60.6785186111111
 20
218.0882452777778
 30
0.0
 10
60.78787972222221
 20
218.0741341666667
 30
0.0
 10
59.87065749999999
 20
217.7566341666667
 30
0.0
 10
58.95696305555555
 20
217.4356063888889
 30
0.0
 10
59.0275186111111
 20
217.5132175
 30
0.0
 10
58.2020186111111
 20
217.2274675
 30
0.0
 10
57.3765186111111
 20
216.9417175
 30
0.0
 10
57.48587972222222
 20
216.9311341666667
 30
0.0
 10
56.56865749999999
 20
216.6101063888889
 30
0.0
 10
55.65143527777776
 20
216.2926063888889
 30
0.0
 10
55.72199083333333
 20
216.3666897222222
 30
0.0
 10
54.9000186111111
 20
216.0809397222222
 30
0.0
 10
54.0745186111111
 20
215.7951897222222
 30
0.0
 10
54.18387972222222
 20
215.7810786111111
 30
0.0
 10
53.26665749999999
 20
215.4635786111111
 30
0.0
 10
52.34943527777777
 20
215.1425508333334
 30
0.0
 10
52.41999083333332
 20
215.2201619444444
 30
0.0
 10
51.59801861111111
 20
214.9344119444444
 30
0.0
 10
50.49382416666666
 20
214.5510600925926
 30
0.0
 10
49.38962972222222
 20
214.1677082407407
 30
0.0
 10
48.28543527777777
 20
213.7843563888889
 30
0.0
 10
48.61469453703703
 20
212.8412637962963
 30
0.0
 10
48.94395379629629
 20
211.8981712037037
 30
0.0
 10
49.27321305555555
 20
210.9550786111111
 30
0.0
 10
50.37387972222222
 20
211.3372545370371
 30
0.0
 10
51.47454638888888
 20
211.719430462963
 30
0.0
 10
52.57521305555554
 20
212.1016063888889
 30
0.0
 10
53.40776861111111
 20
212.3873563888889
 30
0.0
 10
53.2984075
 20
212.4014675
 30
0.0
 10
54.21562972222221
 20
212.7224952777778
 30
0.0
 10
55.12932416666666
 20
213.0399952777778
 30
0.0
 10
55.0587686111111
 20
212.9623841666667
 30
0.0
 10
55.8842686111111
 20
213.2516619444445
 30
0.0
 10
56.7097686111111
 20
213.5374119444444
 30
0.0
 10
56.60040749999999
 20
213.5515230555556
 30
0.0
 10
57.51762972222221
 20
213.8690230555556
 30
0.0
 10
58.43132416666666
 20
214.1865230555556
 30
0.0
 10
58.36076861111111
 20
214.1089119444444
 30
0.0
 10
59.18979638888888
 20
214.3946619444445
 30
0.0
 10
60.01176861111111
 20
214.6804119444444
 30
0.0
 10
59.90593527777776
 20
214.6980508333334
 30
0.0
 10
60.82315749999999
 20
215.0155508333334
 30
0.0
 10
61.73685194444443
 20
215.3365786111111
 30
0.0
 10
61.6627686111111
 20
215.2589675
 30
0.0
 10
62.49179638888889
 20
215.5411897222222
 30
0.0
 10
63.28907416666666
 20
214.9838008333333
 30
0.0
 10
62.90101861111111
 20
215.6717175
 30
0.0
 10
67.05674083333332
 20
217.1286897222222
 30
0.0
 10
70.34815749999999
 20
218.2787452777778
 30
0.0
 10
71.43118527777776
 20
217.5943563888889
 30
0.0
 10
82.16621305555554
 20
211.6923841666666
 30
0.0
 10
94.8556297222222
 20
204.7144397222222
 30
0.0
 10
100.3236852777778
 20
203.1551619444444
 30
0.0
 10
102.8813241666667
 20
204.9331619444444
 30
0.0
 10
105.4319075
 20
206.7182175
 30
0.0
 10
107.6614630555555
 20
200.4281897222222
 30
0.0
 10
109.1043241666667
 20
203.0069952777777
 30
0.0
 10
110.5507130555555
 20
205.5893286111111
 30
0.0
 10
113.0836575
 20
203.2468841666667
 30
0.0
 10
122.6157130555556
 20
209.9143841666667
 30
0.0
 10
134.9523519444444
 20
218.5468563888889
 30
0.0
 10
141.9867408333333
 20
221.2385508333333
 30
0.0
 10
143.7929630555555
 20
217.1745508333333
 30
0.0
 10
142.9956852777778
 20
216.8182452777778
 30
0.0
 10
143.1050463888889
 20
216.8111897222223
 30
0.0
 10
142.2160463888889
 20
216.4160786111111
 30
0.0
 10
141.3341019444445
 20
216.0244952777778
 30
0.0
 10
141.3976019444445
 20
216.1091619444445
 30
0.0
 10
140.6003241666666
 20
215.7493286111111
 30
0.0
 10
139.5325834259259
 20
215.2766063888888
 30
0.0
 10
138.4648426851852
 20
214.8038841666666
 30
0.0
 10
137.3971019444444
 20
214.3311619444444
 30
0.0
 10
137.5770186111111
 20
213.9289952777778
 30
0.0
 10
137.7569352777778
 20
213.5268286111111
 30
0.0
 10
137.9368519444444
 20
213.1246619444445
 30
0.0
  0
POLYLINE
  5
2B0
330
1F
100
AcDbEntity
  8
DEFAULT
 62
     1
100
AcDb2dPolyline
 66
     1
 10
0.0
 20
0.0
 30
0.0
  0
VERTEX
  5
2B1
330
2B0
100
AcDbEntity
  8
DEFAULT
 62
     1
100
AcDbVertex
100
AcDb2dVertex
 10
171.4623472222222
 20
11.80754277777778
 30
0.0
  0
VERTEX
  5
2B2
330
2B0
100
AcDbEntity
  8
DEFAULT
 62
     1
100
AcDbVertex
100
AcDb2dVertex
 10
171.4623472222222
 20
13.10223722222222
 30
0.0
  0
SEQEND
  5
2B3
330
2B0
100
AcDbEntity
  8
DEFAULT
 62
     1
  0
POLYLINE
  5
2B4
330
1F
100
AcDbEntity
  8
DEFAULT
 62
     1
100
AcDb2dPolyline
 66
     1
 10
0.0
 20
0.0
 30
0.0
  0
VERTEX
  5
2B5
330
2B4
100
AcDbEntity
  8
DEFAULT
 62
     1
100
AcDbVertex
100
AcDb2dVertex
 10
171.4659455555555
 20
10.20247444444444
 30
0.0
  0
VERTEX
  5
2B6
330
2B4
100
AcDbEntity
  8
DEFAULT
 62
     1
100
AcDbVertex
100
AcDb2dVertex
 10
171.4659455555555
 20
11.45483555555555
 30
0.0
  0
SEQEND
  5
2B7
330
2B4
100
AcDbEntity
  8
DEFAULT
 62
     1
  0
POLYLINE
  5
2B8
330
1F
100
AcDbEntity
  8
DEFAULT
 62
     1
100
AcDb2dPolyline
 66
     1
 10
0.0
 20
0.0
 30
0.0
  0
VERTEX
  5
2B9
330
2B8
100
AcDbEntity
  8
DEFAULT
 62
     1
100
AcDbVertex
100
AcDb2dVertex
 10
191.9658269444444
 20
21.27602777777778
 30
0.0
  0
VERTEX
  5
2BA
330
2B8
100
AcDbEntity
  8
DEFAULT
 62
     1
100
AcDbVertex
100
AcDb2dVertex
 10
191.9658269444444
 20
22.57425
 30
0.0
  0
SEQEND
  5
2BB
330
2B8
100
AcDbEntity
  8
DEFAULT
 62
     1
  0
POLYLINE
  5
2BC
330
1F
100
AcDbEntity
  8
DEFAULT
 62
     1
100
AcDb2dPolyline
 66
     1
 10
0.0
 20
0.0
 30
0.0
  0
VERTEX
  5
2BD
330
2BC
100
AcDbEntity
  8
DEFAULT
 62
     1
100
AcDbVertex
100
AcDb2dVertex
 10
191.9692841666667
 20
19.67441666666667
 30
0.0
  0
VERTEX
  5
2BE
330
2BC
100
AcDbEntity
  8
DEFAULT
 62
     1
100
AcDbVertex
100
AcDb2dVertex
 10
191.9692841666667
 20
20.92677777777778
 30
0.0
  0
SEQEND
  5
2BF
330
2BC
100
AcDbEntity
  8
DEFAULT
 62
     1
  0
POLYLINE
  5
2C0
330
1F
100
AcDbEntity
  8
DEFAULT
 62
     1
100
AcDb2dPolyline
 66
     1
 10
0.0
 20
0.0
 30
0.0
  0
VERTEX
  5
2C1
330
2C0
100
AcDbEntity
  8
DEFAULT
 62
     1
100
AcDbVertex
100
AcDb2dVertex
 10
171.4623472222222
 20
30.74109083333333
 30
0.0
  0
VERTEX
  5
2C2
330
2C0
100
AcDbEntity
  8
DEFAULT
 62
     1
100
AcDbVertex
100
AcDb2dVertex
 10
171.4623472222222
 20
32.03931305555555
 30
0.0
  0
SEQEND
  5
2C3
330
2C0
100
AcDbEntity
  8
DEFAULT
 62
     1
  0
POLYLINE
  5
2C4
330
1F
100
AcDbEntity
  8
DEFAULT
 62
     1
100
AcDb2dPolyline
 66
     1
 10
0.0
 20
0.0
 30
0.0
  0
VERTEX
  5
2C5
330
2C4
100
AcDbEntity
  8
DEFAULT
 62
     1
100
AcDbVertex
100
AcDb2dVertex
 10
171.4659455555555
 20
29.13947972222222
 30
0.0
  0
VERTEX
  5
2C6
330
2C4
100
AcDbEntity
  8
DEFAULT
 62
     1
100
AcDbVertex
100
AcDb2dVertex
 10
171.4659455555555
 20
30.39184083333333
 30
0.0
  0
SEQEND
  5
2C7
330
2C4
100
AcDbEntity
  8
DEFAULT
 62
     1
  0
POLYLINE
  5
2C8
330
1F
100
AcDbEntity
  8
DEFAULT
 62
     1
100
AcDb2dPolyline
 66
     1
 10
0.0
 20
0.0
 30
0.0
  0
VERTEX
  5
2C9
330
2C8
100
AcDbEntity
  8
DEFAULT
 62
     1
100
AcDbVertex
100
AcDb2dVertex
 10
191.9658269444444
 20
40.23437611111111
 30
0.0
  0
VERTEX
  5
2CA
330
2C8
100
AcDbEntity
  8
DEFAULT
 62
     1
100
AcDbVertex
100
AcDb2dVertex
 10
191.9658269444444
 20
41.51143166666667
 30
0.0
  0
SEQEND
  5
2CB
330
2C8
100
AcDbEntity
  8
DEFAULT
 62
     1
  0
POLYLINE
  5
2CC
330
1F
100
AcDbEntity
  8
DEFAULT
 62
     1
100
AcDb2dPolyline
 66
     1
 10
0.0
 20
0.0
 30
0.0
  0
VERTEX
  5
2CD
330
2CC
100
AcDbEntity
  8
DEFAULT
 62
     1
100
AcDbVertex
100
AcDb2dVertex
 10
191.9692841666667
 20
38.61142194444444
 30
0.0
  0
VERTEX
  5
2CE
330
2CC
100
AcDbEntity
  8
DEFAULT
 62
     1
100
AcDbVertex
100
AcDb2dVertex
 10
191.9692841666667
 20
39.88494972222222
 30
0.0
  0
SEQEND
  5
2CF
330
2CC
100
AcDbEntity
  8
DEFAULT
 62
     1
  0
POLYLINE
  5
2D0
330
1F
100
AcDbEntity
  8
DEFAULT
 62
     1
100
AcDb2dPolyline
 66
     1
 10
0.0
 20
0.0
 30
0.0
  0
VERTEX
  5
2D1
330
2D0
100
AcDbEntity
  8
DEFAULT
 62
     1
100
AcDbVertex
100
AcDb2dVertex
 10
171.4623472222222
 20
49.6780961111111
 30
0.0
  0
VERTEX
  5
2D2
330
2D0
100
AcDbEntity
  8
DEFAULT
 62
     1
100
AcDbVertex
100
AcDb2dVertex
 10
171.4623472222222
 20
50.97631833333332
 30
0.0
  0
SEQEND
  5
2D3
330
2D0
100
AcDbEntity
  8
DEFAULT
 62
     1
  0
POLYLINE
  5
2D4
330
1F
100
AcDbEntity
  8
DEFAULT
 62
     1
100
AcDb2dPolyline
 66
     1
 10
0.0
 20
0.0
 30
0.0
  0
VERTEX
  5
2D5
330
2D4
100
AcDbEntity
  8
DEFAULT
 62
     1
100
AcDbVertex
100
AcDb2dVertex
 10
171.4659455555555
 20
48.07644972222221
 30
0.0
  0
VERTEX
  5
2D6
330
2D4
100
AcDbEntity
  8
DEFAULT
 62
     1
100
AcDbVertex
100
AcDb2dVertex
 10
171.4659455555555
 20
49.32881083333333
 30
0.0
  0
SEQEND
  5
2D7
330
2D4
100
AcDbEntity
  8
DEFAULT
 62
     1
  0
POLYLINE
  5
2D8
330
1F
100
AcDbEntity
  8
DEFAULT
 62
     1
100
AcDb2dPolyline
 66
     1
 10
0.0
 20
0.0
 30
0.0
  0
VERTEX
  5
2D9
330
2D8
100
AcDbEntity
  8
DEFAULT
 62
     1
100
AcDbVertex
100
AcDb2dVertex
 10
191.9658269444444
 20
59.15039111111111
 30
0.0
  0
VERTEX
  5
2DA
330
2D8
100
AcDbEntity
  8
DEFAULT
 62
     1
100
AcDbVertex
100
AcDb2dVertex
 10
191.9658269444444
 20
60.44508555555554
 30
0.0
  0
SEQEND
  5
2DB
330
2D8
100
AcDbEntity
  8
DEFAULT
 62
     1
  0
POLYLINE
  5
2DC
330
1F
100
AcDbEntity
  8
DEFAULT
 62
     1
100
AcDb2dPolyline
 66
     1
 10
0.0
 20
0.0
 30
0.0
  0
VERTEX
  5
2DD
330
2DC
100
AcDbEntity
  8
DEFAULT
 62
     1
100
AcDbVertex
100
AcDb2dVertex
 10
191.9692841666667
 20
57.54496999999999
 30
0.0
  0
VERTEX
  5
2DE
330
2DC
100
AcDbEntity
  8
DEFAULT
 62
     1
100
AcDbVertex
100
AcDb2dVertex
 10
191.9692841666667
 20
58.79768388888888
 30
0.0
  0
SEQEND
  5
2DF
330
2DC
100
AcDbEntity
  8
DEFAULT
 62
     1
  0
SPLINE
  5
2E0
330
1F
100
AcDbEntity
  8
DEFAULT
 62
     7
100
AcDbSpline
210
0.0
220
0.0
230
1.0
 70
    11
 71
     3
 72
    17
 73
    13
 74
     0
 42
0.000000001
 43
0.0000000001
 40
0.0
 40
0.0
 40
0.0
 40
0.0
 40
1.0
 40
1.0
 40
1.0
 40
2.0
 40
2.0
 40
2.0
 40
3.0
 40
3.0
 40
3.0
 40
4.0
 40
4.0
 40
4.0
 40
4.0
 10
177.7179438888889
 20
59.47903888888889
 30
0.0
 10
177.9941688888889
 20
59.47939166666666
 30
0.0
 10
178.2181827777778
 20
59.25573055555555
 30
0.0
 10
178.2185355555555
 20
58.97950555555555
 30
0.0
 10
178.2188883333333
 20
58.70363333333333
 30
0.0
 10
177.9952272222222
 20
58.47926666666666
 30
0.0
 10
177.7190022222222
 20
58.47891388888888
 30
0.0
 10
177.44313
 20
58.47856111111111
 30
0.0
 10
177.2187633333333
 20
58.70222222222222
 30
0.0
 10
177.2184105555556
 20
58.97844722222221
 30
0.0
 10
177.2180577777778
 20
59.25467222222222
 30
0.0
 10
177.4417188888889
 20
59.4786861111111
 30
0.0
 10
177.7179438888889
 20
59.47903888888889
 30
0.0
  0
SPLINE
  5
2E1
330
1F
100
AcDbEntity
  8
DEFAULT
 62
     1
100
AcDbSpline
210
0.0
220
0.0
230
1.0
 70
     8
 71
     3
 72
    38
 73
    34
 74
     0
 42
0.000000001
 43
0.0000000001
 40
0.0
 40
0.0
 40
0.0
 40
0.0
 40
3.729000000000013
 40
3.729000000000013
 40
3.729000000000013
 40
13.64900408266048
 40
13.64900408266048
 40
13.64900408266048
 40
14.64900408266048
 40
14.64900408266048
 40
14.64900408266048
 40
15.64900408266048
 40
15.64900408266048
 40
15.64900408266048
 40
16.64900408266048
 40
16.64900408266048
 40
16.64900408266048
 40
17.64900408266048
 40
17.64900408266048
 40
17.64900408266048
 40
18.64900408266048
 40
18.64900408266048
 40
18.64900408266048
 40
19.64900408266048
 40
19.64900408266048
 40
19.64900408266048
 40
20.64900408266048
 40
20.64900408266048
 40
20.64900408266048
 40
21.64900408266048
 40
21.64900408266048
 40
21.64900408266048
 40
22.64900408266048
 40
22.64900408266048
 40
22.64900408266048
 40
22.64900408266048
 10
179.7198872222222
 20
58.79828361111111
 30
0.0
 10
179.7198872222222
 20
58.35978083333333
 30
0.0
 10
179.7198872222222
 20
57.92127805555555
 30
0.0
 10
179.7198872222222
 20
57.48277527777777
 30
0.0
 10
180.8864057407407
 20
57.4838336111111
 30
0.0
 10
182.0529242592592
 20
57.48489194444445
 30
0.0
 10
183.2194427777778
 20
57.48595027777777
 30
0.0
 10
184.0943316666667
 20
57.48947805555555
 30
0.0
 10
183.9990816666667
 20
57.53569194444444
 30
0.0
 10
184.9692205555556
 20
57.53921972222222
 30
0.0
 10
185.9428872222222
 20
57.53921972222222
 30
0.0
 10
185.8441094444444
 20
57.48947805555555
 30
0.0
 10
186.7189983333333
 20
57.48947805555555
 30
0.0
 10
187.5938872222222
 20
57.49335861111111
 30
0.0
 10
187.4986372222222
 20
57.54239472222222
 30
0.0
 10
188.4687761111111
 20
57.54239472222222
 30
0.0
 10
189.4424427777778
 20
57.54239472222222
 30
0.0
 10
189.343665
 20
57.49335861111111
 30
0.0
 10
190.2185538888889
 20
57.49688638888889
 30
0.0
 10
191.0934427777777
 20
57.49688638888889
 30
0.0
 10
190.9981927777777
 20
57.5459225
 30
0.0
 10
191.9683316666666
 20
57.5459225
 30
0.0
 10
191.9718594444444
 20
55.63739472222222
 30
0.0
 10
192.9102483333333
 20
57.28133916666666
 30
0.0
 10
191.9683316666666
 20
55.04155305555555
 30
0.0
 10
191.3509705555555
 20
53.57046972222222
 30
0.0
 10
191.6649427777778
 20
55.16855305555556
 30
0.0
 10
182.7361372222222
 20
55.15796972222223
 30
0.0
 10
176.4602205555555
 20
55.15056138888888
 30
0.0
 10
176.5201927777778
 20
56.34295027777777
 30
0.0
 10
174.3506094444444
 20
55.82436694444444
 30
0.0
 10
168.2475538888889
 20
54.37092249999999
 30
0.0
 10
172.4279705555555
 20
57.04497805555555
 30
0.0
 10
172.7031372222222
 20
58.79828361111111
 30
0.0
  0
SPLINE
  5
2E2
330
1F
100
AcDbEntity
  8
DEFAULT
 62
     1
100
AcDbSpline
210
0.0
220
0.0
230
1.0
 70
     8
 71
     3
 72
    38
 73
    34
 74
     0
 42
0.000000001
 43
0.0000000001
 40
0.0
 40
0.0
 40
0.0
 40
0.0
 40
1.0
 40
1.0
 40
1.0
 40
2.0
 40
2.0
 40
2.0
 40
3.0
 40
3.0
 40
3.0
 40
4.0
 40
4.0
 40
4.0
 40
5.0
 40
5.0
 40
5.0
 40
6.0
 40
6.0
 40
6.0
 40
7.0
 40
7.0
 40
7.0
 40
8.0
 40
8.0
 40
8.0
 40
9.0
 40
9.0
 40
9.0
 40
18.92000408266041
 40
18.92000408266041
 40
18.92000408266041
 40
22.6910040826604
 40
22.6910040826604
 40
22.6910040826604
 40
22.6910040826604
 10
172.7031019444444
 20
59.15106138888888
 30
0.0
 10
172.4208797222222
 20
60.90471972222222
 30
0.0
 10
168.2369352777777
 20
63.56078361111111
 30
0.0
 10
174.3435186111111
 20
62.12533083333334
 30
0.0
 10
176.5131019444444
 20
61.61345027777777
 30
0.0
 10
176.4496019444444
 20
62.80266416666667
 30
0.0
 10
182.7255186111111
 20
62.80936694444444
 30
0.0
 10
191.6543241666667
 20
62.81995027777778
 30
0.0
 10
191.3403519444444
 20
64.41838638888889
 30
0.0
 10
191.9577130555556
 20
62.95083083333333
 30
0.0
 10
192.9066852777777
 20
60.70681138888889
 30
0.0
 10
191.9647686111111
 20
62.35075583333333
 30
0.0
 10
191.9647686111111
 20
60.44610861111111
 30
0.0
 10
190.9946297222222
 20
60.44610861111111
 30
0.0
 10
191.0898797222222
 20
60.4954975
 30
0.0
 10
190.2149908333333
 20
60.4954975
 30
0.0
 10
189.3401019444444
 20
60.49196972222222
 30
0.0
 10
189.4388797222222
 20
60.44222805555555
 30
0.0
 10
188.4652130555555
 20
60.44222805555555
 30
0.0
 10
187.4950741666666
 20
60.44222805555555
 30
0.0
 10
187.5903241666667
 20
60.49196972222222
 30
0.0
 10
186.7154352777778
 20
60.48808916666666
 30
0.0
 10
185.8405463888889
 20
60.48808916666666
 30
0.0
 10
185.9393241666666
 20
60.43870027777778
 30
0.0
 10
184.9656575
 20
60.43870027777778
 30
0.0
 10
183.9955186111111
 20
60.43870027777778
 30
0.0
 10
184.0907686111111
 20
60.48808916666666
 30
0.0
 10
183.2158797222222
 20
60.48456138888888
 30
0.0
 10
182.0493612037037
 20
60.48350305555555
 30
0.0
 10
180.8828426851852
 20
60.4824447222222
 30
0.0
 10
179.7163241666667
 20
60.48138638888888
 30
0.0
 10
179.7163241666666
 20
60.03794472222222
 30
0.0
 10
179.7163241666666
 20
59.59450305555555
 30
0.0
 10
179.7163241666667
 20
59.15106138888888
 30
0.0
  0
SPLINE
  5
2E3
330
1F
100
AcDbEntity
  8
DEFAULT
 62
     7
100
AcDbSpline
210
0.0
220
0.0
230
1.0
 70
    11
 71
     3
 72
    17
 73
    13
 74
     0
 42
0.000000001
 43
0.0000000001
 40
0.0
 40
0.0
 40
0.0
 40
0.0
 40
1.0
 40
1.0
 40
1.0
 40
2.0
 40
2.0
 40
2.0
 40
3.0
 40
3.0
 40
3.0
 40
4.0
 40
4.0
 40
4.0
 40
4.0
 10
185.7129819444444
 20
49.02662138888888
 30
0.0
 10
185.4367569444445
 20
49.02662138888888
 30
0.0
 10
185.2130958333333
 20
49.25063527777777
 30
0.0
 10
185.2130958333333
 20
49.52650749999999
 30
0.0
 10
185.2130958333333
 20
49.80273249999999
 30
0.0
 10
185.4367569444445
 20
50.0263936111111
 30
0.0
 10
185.7129819444444
 20
50.0263936111111
 30
0.0
 10
185.9892069444444
 20
50.0263936111111
 30
0.0
 10
186.2128680555556
 20
49.80273249999999
 30
0.0
 10
186.2128680555556
 20
49.52650749999999
 30
0.0
 10
186.2128680555556
 20
49.25063527777777
 30
0.0
 10
185.9892069444444
 20
49.02662138888888
 30
0.0
 10
185.7129819444444
 20
49.02662138888888
 30
0.0
  0
SPLINE
  5
2E4
330
1F
100
AcDbEntity
  8
DEFAULT
 62
     1
100
AcDbSpline
210
0.0
220
0.0
230
1.0
 70
     8
 71
     3
 72
    38
 73
    34
 74
     0
 42
0.000000001
 43
0.0000000001
 40
0.0
 40
0.0
 40
0.0
 40
0.0
 40
1.0
 40
1.0
 40
1.0
 40
2.0
 40
2.0
 40
2.0
 40
3.0
 40
3.0
 40
3.0
 40
4.0
 40
4.0
 40
4.0
 40
5.0
 40
5.0
 40
5.0
 40
6.0
 40
6.0
 40
6.0
 40
7.0
 40
7.0
 40
7.0
 40
8.0
 40
8.0
 40
8.0
 40
9.0
 40
9.0
 40
9.0
 40
18.92000000000002
 40
18.92000000000002
 40
18.92000000000002
 40
22.68000000000001
 40
22.68000000000001
 40
22.68000000000001
 40
22.68000000000001
 10
190.7264480555555
 20
49.35114166666666
 30
0.0
 10
191.0016147222222
 20
47.59748333333333
 30
0.0
 10
195.1926147222222
 20
44.93083611111111
 30
0.0
 10
189.0860313888889
 20
46.37369722222222
 30
0.0
 10
186.9164480555555
 20
46.88875277777777
 30
0.0
 10
186.9764202777777
 20
45.69953888888889
 30
0.0
 10
180.7005036111111
 20
45.69953888888889
 30
0.0
 10
171.7716980555555
 20
45.69953888888889
 30
0.0
 10
172.0856702777778
 20
44.10180833333333
 30
0.0
 10
171.4683091666666
 20
45.56901111111111
 30
0.0
 10
170.5228647222222
 20
47.81303055555555
 30
0.0
 10
171.4647813888889
 20
46.16873333333334
 30
0.0
 10
171.4647813888889
 20
48.07408611111111
 30
0.0
 10
172.4349202777777
 20
48.07408611111111
 30
0.0
 10
172.3396702777777
 20
48.02469722222222
 30
0.0
 10
173.2145591666666
 20
48.02469722222222
 30
0.0
 10
174.0894480555556
 20
48.02469722222222
 30
0.0
 10
173.9906702777778
 20
48.07408611111111
 30
0.0
 10
174.9643369444444
 20
48.07408611111111
 30
0.0
 10
175.9344758333333
 20
48.07408611111111
 30
0.0
 10
175.8392258333333
 20
48.02469722222222
 30
0.0
 10
176.7141147222222
 20
48.02469722222222
 30
0.0
 10
177.5890036111111
 20
48.02469722222222
 30
0.0
 10
177.4902258333333
 20
48.07408611111111
 30
0.0
 10
178.4638925
 20
48.07408611111111
 30
0.0
 10
179.4340313888889
 20
48.07408611111111
 30
0.0
 10
179.3387813888889
 20
48.02469722222222
 30
0.0
 10
180.2136702777777
 20
48.02469722222222
 30
0.0
 10
181.3801887962963
 20
48.02469722222222
 30
0.0
 10
182.5467073148148
 20
48.02469722222222
 30
0.0
 10
183.7132258333333
 20
48.02469722222222
 30
0.0
 10
183.7132258333333
 20
48.46684537037037
 30
0.0
 10
183.7132258333333
 20
48.90899351851851
 30
0.0
 10
183.7132258333333
 20
49.35114166666666
 30
0.0
  0
SPLINE
  5
2E5
330
1F
100
AcDbEntity
  8
DEFAULT
 62
     1
100
AcDbSpline
210
0.0
220
0.0
230
1.0
 70
     8
 71
     3
 72
    38
 73
    34
 74
     0
 42
0.000000001
 43
0.0000000001
 40
0.0
 40
0.0
 40
0.0
 40
0.0
 40
3.75
 40
3.75
 40
3.75
 40
13.67000000000002
 40
13.67000000000002
 40
13.67000000000002
 40
14.67000000000002
 40
14.67000000000002
 40
14.67000000000002
 40
15.67000000000002
 40
15.67000000000002
 40
15.67000000000002
 40
16.67000000000002
 40
16.67000000000002
 40
16.67000000000002
 40
17.67000000000002
 40
17.67000000000002
 40
17.67000000000002
 40
18.67000000000002
 40
18.67000000000002
 40
18.67000000000002
 40
19.67000000000002
 40
19.67000000000002
 40
19.67000000000002
 40
20.67000000000002
 40
20.67000000000002
 40
20.67000000000002
 40
21.67000000000002
 40
21.67000000000002
 40
21.67000000000002
 40
22.67000000000002
 40
22.67000000000002
 40
22.67000000000002
 40
22.67000000000002
 10
183.7132611111111
 20
49.70049749999999
 30
0.0
 10
183.7132611111111
 20
50.14146972222221
 30
0.0
 10
183.7132611111111
 20
50.58244194444444
 30
0.0
 10
183.7132611111111
 20
51.02341416666666
 30
0.0
 10
182.5467425925926
 20
51.02341416666666
 30
0.0
 10
181.3802240740741
 20
51.02341416666666
 30
0.0
 10
180.2137055555555
 20
51.02341416666666
 30
0.0
 10
179.3388166666666
 20
51.02341416666666
 30
0.0
 10
179.4340666666666
 20
50.97720027777777
 30
0.0
 10
178.4639277777777
 20
50.97367249999999
 30
0.0
 10
177.4902611111111
 20
50.97367249999999
 30
0.0
 10
177.5890388888888
 20
51.02341416666666
 30
0.0
 10
176.71415
 20
51.02341416666666
 30
0.0
 10
175.8392611111111
 20
51.02341416666666
 30
0.0
 10
175.9345111111111
 20
50.97367249999999
 30
0.0
 10
174.9643722222222
 20
50.97367249999999
 30
0.0
 10
173.9907055555555
 20
50.97367249999999
 30
0.0
 10
174.0894833333333
 20
51.02341416666666
 30
0.0
 10
173.2145944444444
 20
51.02341416666666
 30
0.0
 10
172.3397055555555
 20
51.02341416666666
 30
0.0
 10
172.4349555555555
 20
50.97367249999999
 30
0.0
 10
171.4648166666666
 20
50.97367249999999
 30
0.0
 10
171.4648166666666
 20
52.88255305555555
 30
0.0
 10
170.5229
 20
51.23825583333333
 30
0.0
 10
171.4683444444444
 20
53.4787475
 30
0.0
 10
172.0857055555555
 20
54.94983083333332
 30
0.0
 10
171.7717333333333
 20
53.35174749999999
 30
0.0
 10
180.7005388888889
 20
53.35174749999999
 30
0.0
 10
186.9764555555555
 20
53.35174749999999
 30
0.0
 10
186.9164833333333
 20
52.1593586111111
 30
0.0
 10
189.0860666666666
 20
52.67441416666666
 30
0.0
 10
195.1855944444444
 20
54.12045027777777
 30
0.0
 10
191.0087055555555
 20
51.45697805555555
 30
0.0
 10
190.7264833333333
 20
49.70049749999999
 30
0.0
  0
SPLINE
  5
2E6
330
1F
100
AcDbEntity
  8
DEFAULT
 62
     7
100
AcDbSpline
210
0.0
220
0.0
230
1.0
 70
    11
 71
     3
 72
    17
 73
    13
 74
     0
 42
0.000000001
 43
0.0000000001
 40
0.0
 40
0.0
 40
0.0
 40
0.0
 40
1.0
 40
1.0
 40
1.0
 40
2.0
 40
2.0
 40
2.0
 40
3.0
 40
3.0
 40
3.0
 40
4.0
 40
4.0
 40
4.0
 40
4.0
 10
177.7179438888889
 20
40.54305666666666
 30
0.0
 10
177.9941688888889
 20
40.54340944444444
 30
0.0
 10
178.2181827777778
 20
40.31974833333333
 30
0.0
 10
178.2185355555555
 20
40.04352333333333
 30
0.0
 10
178.2188883333333
 20
39.76765111111111
 30
0.0
 10
177.9952272222222
 20
39.54328444444444
 30
0.0
 10
177.7190022222222
 20
39.54293166666667
 30
0.0
 10
177.44313
 20
39.54257888888889
 30
0.0
 10
177.2187633333333
 20
39.76624
 30
0.0
 10
177.2184105555556
 20
40.042465
 30
0.0
 10
177.2180577777778
 20
40.31833722222222
 30
0.0
 10
177.4417188888889
 20
40.54270388888889
 30
0.0
 10
177.7179438888889
 20
40.54305666666666
 30
0.0
  0
SPLINE
  5
2E7
330
1F
100
AcDbEntity
  8
DEFAULT
 62
     1
100
AcDbSpline
210
0.0
220
0.0
230
1.0
 70
     8
 71
     3
 72
    38
 73
    34
 74
     0
 42
0.000000001
 43
0.0000000001
 40
0.0
 40
0.0
 40
0.0
 40
0.0
 40
3.739000000000004
 40
3.739000000000004
 40
3.739000000000004
 40
13.65901819554785
 40
13.65901819554785
 40
13.65901819554785
 40
14.65901819554785
 40
14.65901819554785
 40
14.65901819554785
 40
15.65901819554785
 40
15.65901819554785
 40
15.65901819554785
 40
16.65901819554785
 40
16.65901819554785
 40
16.65901819554785
 40
17.65901819554785
 40
17.65901819554785
 40
17.65901819554785
 40
18.65901819554785
 40
18.65901819554785
 40
18.65901819554785
 40
19.65901819554785
 40
19.65901819554785
 40
19.65901819554785
 40
20.65901819554785
 40
20.65901819554785
 40
20.65901819554785
 40
21.65901819554785
 40
21.65901819554785
 40
21.65901819554785
 40
22.65901819554785
 40
22.65901819554785
 40
22.65901819554785
 40
22.65901819554785
 10
179.7198872222222
 20
39.86473555555555
 30
0.0
 10
179.7198872222222
 20
39.42505685185184
 30
0.0
 10
179.7198872222222
 20
38.98537814814814
 30
0.0
 10
179.7198872222222
 20
38.54569944444444
 30
0.0
 10
180.8864057407407
 20
38.5479337037037
 30
0.0
 10
182.0529242592592
 20
38.55016796296295
 30
0.0
 10
183.2194427777778
 20
38.55240222222222
 30
0.0
 10
184.0943316666667
 20
38.55240222222222
 30
0.0
 10
183.9990816666667
 20
38.59826333333333
 30
0.0
 10
184.9692205555556
 20
38.6017911111111
 30
0.0
 10
185.9428872222222
 20
38.6017911111111
 30
0.0
 10
185.8441094444444
 20
38.55240222222222
 30
0.0
 10
186.7189983333333
 20
38.55593
 30
0.0
 10
187.5938872222222
 20
38.55593
 30
0.0
 10
187.4986372222222
 20
38.60567166666666
 30
0.0
 10
188.4687761111111
 20
38.60567166666666
 30
0.0
 10
189.4424427777778
 20
38.60884666666666
 30
0.0
 10
189.343665
 20
38.55981055555555
 30
0.0
 10
190.2185538888889
 20
38.55981055555555
 30
0.0
 10
191.0934427777777
 20
38.55981055555555
 30
0.0
 10
190.9981927777777
 20
38.60884666666666
 30
0.0
 10
191.9683316666666
 20
38.60884666666666
 30
0.0
 10
191.9718594444444
 20
36.70031888888889
 30
0.0
 10
192.9102483333333
 20
38.34779111111111
 30
0.0
 10
191.9683316666666
 20
36.10447722222222
 30
0.0
 10
191.3509705555555
 20
34.6330411111111
 30
0.0
 10
191.6649427777778
 20
36.23112444444444
 30
0.0
 10
182.7361372222222
 20
36.2205411111111
 30
0.0
 10
176.4602205555555
 20
36.21348555555555
 30
0.0
 10
176.5201927777778
 20
37.40587444444444
 30
0.0
 10
174.3506094444444
 20
36.89081888888888
 30
0.0
 10
168.2440261111111
 20
35.43737444444444
 30
0.0
 10
172.4350261111111
 20
38.11142999999999
 30
0.0
 10
172.7031372222222
 20
39.86473555555555
 30
0.0
  0
SPLINE
  5
2E8
330
1F
100
AcDbEntity
  8
DEFAULT
 62
     1
100
AcDbSpline
210
0.0
220
0.0
230
1.0
 70
     8
 71
     3
 72
    38
 73
    34
 74
     0
 42
0.000000001
 43
0.0000000001
 40
0.0
 40
0.0
 40
0.0
 40
0.0
 40
1.0
 40
1.0
 40
1.0
 40
2.0
 40
2.0
 40
2.0
 40
3.0
 40
3.0
 40
3.0
 40
4.0
 40
4.0
 40
4.0
 40
5.0
 40
5.0
 40
5.0
 40
6.0
 40
6.0
 40
6.0
 40
7.0
 40
7.0
 40
7.0
 40
8.0
 40
8.0
 40
8.0
 40
9.0
 40
9.0
 40
9.0
 40
18.92001819554779
 40
18.92001819554779
 40
18.92001819554779
 40
22.69101819554779
 40
22.69101819554779
 40
22.69101819554779
 40
22.69101819554779
 10
172.7031019444444
 20
40.21405611111111
 30
0.0
 10
172.4208797222222
 20
41.96736166666666
 30
0.0
 10
168.2369352777777
 20
44.62730611111111
 30
0.0
 10
174.3435186111111
 20
43.19150055555555
 30
0.0
 10
176.5131019444444
 20
42.67644499999999
 30
0.0
 10
176.4496019444444
 20
43.86565888888888
 30
0.0
 10
182.7255186111111
 20
43.87236166666666
 30
0.0
 10
191.6543241666667
 20
43.882945
 30
0.0
 10
191.3403519444444
 20
45.48102833333333
 30
0.0
 10
191.9577130555556
 20
44.01382555555555
 30
0.0
 10
192.9066852777777
 20
41.77333388888889
 30
0.0
 10
191.9647686111111
 20
43.41375055555555
 30
0.0
 10
191.9647686111111
 20
41.50875055555555
 30
0.0
 10
190.9946297222222
 20
41.50875055555555
 30
0.0
 10
191.0898797222222
 20
41.55849222222221
 30
0.0
 10
190.2149908333333
 20
41.55849222222221
 30
0.0
 10
189.3401019444444
 20
41.55849222222221
 30
0.0
 10
189.4388797222222
 20
41.50875055555555
 30
0.0
 10
188.4652130555555
 20
41.50522277777777
 30
0.0
 10
187.4950741666666
 20
41.50522277777777
 30
0.0
 10
187.5903241666667
 20
41.55461166666666
 30
0.0
 10
186.7154352777778
 20
41.55461166666666
 30
0.0
 10
185.8405463888889
 20
41.55108388888888
 30
0.0
 10
185.9393241666666
 20
41.501695
 30
0.0
 10
184.9656575
 20
41.501695
 30
0.0
 10
183.9955186111111
 20
41.501695
 30
0.0
 10
184.0907686111111
 20
41.55108388888888
 30
0.0
 10
183.2158797222222
 20
41.55108388888888
 30
0.0
 10
182.0493612037037
 20
41.54884962962962
 30
0.0
 10
180.8828426851852
 20
41.54661537037037
 30
0.0
 10
179.7163241666667
 20
41.54438111111111
 30
0.0
 10
179.7163241666666
 20
41.10093944444444
 30
0.0
 10
179.7163241666666
 20
40.65749777777777
 30
0.0
 10
179.7163241666667
 20
40.21405611111111
 30
0.0
  0
SPLINE
  5
2E9
330
1F
100
AcDbEntity
  8
DEFAULT
 62
     7
100
AcDbSpline
210
0.0
220
0.0
230
1.0
 70
    11
 71
     3
 72
    17
 73
    13
 74
     0
 42
0.000000001
 43
0.0000000001
 40
0.0
 40
0.0
 40
0.0
 40
0.0
 40
1.0
 40
1.0
 40
1.0
 40
2.0
 40
2.0
 40
2.0
 40
3.0
 40
3.0
 40
3.0
 40
4.0
 40
4.0
 40
4.0
 40
4.0
 10
185.7129819444444
 20
30.09063916666667
 30
0.0
 10
185.4367569444445
 20
30.09063916666667
 30
0.0
 10
185.2130958333333
 20
30.31430027777778
 30
0.0
 10
185.2130958333333
 20
30.59052527777778
 30
0.0
 10
185.2130958333333
 20
30.86675027777778
 30
0.0
 10
185.4367569444445
 20
31.09041138888889
 30
0.0
 10
185.7129819444444
 20
31.09041138888889
 30
0.0
 10
185.9892069444444
 20
31.09041138888889
 30
0.0
 10
186.2128680555556
 20
30.86675027777778
 30
0.0
 10
186.2128680555556
 20
30.59052527777778
 30
0.0
 10
186.2128680555556
 20
30.31430027777778
 30
0.0
 10
185.9892069444444
 20
30.09063916666667
 30
0.0
 10
185.7129819444444
 20
30.09063916666667
 30
0.0
  0
SPLINE
  5
2EA
330
1F
100
AcDbEntity
  8
DEFAULT
 62
     1
100
AcDbSpline
210
0.0
220
0.0
230
1.0
 70
     8
 71
     3
 72
    38
 73
    34
 74
     0
 42
0.000000001
 43
0.0000000001
 40
0.0
 40
0.0
 40
0.0
 40
0.0
 40
1.0
 40
1.0
 40
1.0
 40
2.0
 40
2.0
 40
2.0
 40
3.0
 40
3.0
 40
3.0
 40
4.0
 40
4.0
 40
4.0
 40
5.0
 40
5.0
 40
5.0
 40
6.0
 40
6.0
 40
6.0
 40
7.0
 40
7.0
 40
7.0
 40
8.0
 40
8.0
 40
8.0
 40
9.0
 40
9.0
 40
9.0
 40
18.92000000000002
 40
18.92000000000002
 40
18.92000000000002
 40
22.67000000000002
 40
22.67000000000002
 40
22.67000000000002
 40
22.67000000000002
 10
190.7264480555555
 20
30.41381888888889
 30
0.0
 10
191.0086702777777
 20
28.66051333333333
 30
0.0
 10
195.1890869444444
 20
25.99704111111111
 30
0.0
 10
189.0860313888889
 20
27.43990222222222
 30
0.0
 10
186.9164480555555
 20
27.95495777777777
 30
0.0
 10
186.9764202777777
 20
26.76609666666666
 30
0.0
 10
180.7005036111111
 20
26.76609666666666
 30
0.0
 10
171.7716980555555
 20
26.76609666666666
 30
0.0
 10
172.0856702777778
 20
25.16836611111111
 30
0.0
 10
171.4683091666666
 20
26.63556888888888
 30
0.0
 10
170.5228647222222
 20
28.87923555555556
 30
0.0
 10
171.4647813888889
 20
27.23529111111111
 30
0.0
 10
171.4647813888889
 20
29.14064388888889
 30
0.0
 10
172.4349202777777
 20
29.14064388888889
 30
0.0
 10
172.3396702777777
 20
29.09090222222222
 30
0.0
 10
173.2145591666666
 20
29.09090222222222
 30
0.0
 10
174.0894480555556
 20
29.09090222222222
 30
0.0
 10
173.9906702777778
 20
29.14064388888889
 30
0.0
 10
174.9643369444444
 20
29.14064388888889
 30
0.0
 10
175.9344758333333
 20
29.14064388888889
 30
0.0
 10
175.8392258333333
 20
29.09090222222222
 30
0.0
 10
176.7141147222222
 20
29.09090222222222
 30
0.0
 10
177.5890036111111
 20
29.09090222222222
 30
0.0
 10
177.4902258333333
 20
29.14064388888889
 30
0.0
 10
178.4638925
 20
29.14064388888889
 30
0.0
 10
179.4340313888889
 20
29.14064388888889
 30
0.0
 10
179.3387813888889
 20
29.09090222222222
 30
0.0
 10
180.2136702777777
 20
29.09090222222222
 30
0.0
 10
181.3801887962963
 20
29.09090222222222
 30
0.0
 10
182.5467073148148
 20
29.09090222222222
 30
0.0
 10
183.7132258333333
 20
29.09090222222222
 30
0.0
 10
183.7132258333333
 20
29.53187444444444
 30
0.0
 10
183.7132258333333
 20
29.97284666666667
 30
0.0
 10
183.7132258333333
 20
30.41381888888889
 30
0.0
  0
SPLINE
  5
2EB
330
1F
100
AcDbEntity
  8
DEFAULT
 62
     1
100
AcDbSpline
210
0.0
220
0.0
230
1.0
 70
     8
 71
     3
 72
    38
 73
    34
 74
     0
 42
0.000000001
 43
0.0000000001
 40
0.0
 40
0.0
 40
0.0
 40
0.0
 40
3.760000000000005
 40
3.760000000000005
 40
3.760000000000005
 40
13.68000000000002
 40
13.68000000000002
 40
13.68000000000002
 40
14.68000000000002
 40
14.68000000000002
 40
14.68000000000002
 40
15.68000000000002
 40
15.68000000000002
 40
15.68000000000002
 40
16.68000000000002
 40
16.68000000000002
 40
16.68000000000002
 40
17.68000000000002
 40
17.68000000000002
 40
17.68000000000002
 40
18.68000000000002
 40
18.68000000000002
 40
18.68000000000002
 40
19.68000000000002
 40
19.68000000000002
 40
19.68000000000002
 40
20.68000000000002
 40
20.68000000000002
 40
20.68000000000002
 40
21.68000000000002
 40
21.68000000000002
 40
21.68000000000002
 40
22.68000000000002
 40
22.68000000000002
 40
22.68000000000002
 40
22.68000000000002
 10
183.7132611111111
 20
30.76313944444444
 30
0.0
 10
183.7132611111111
 20
31.20528759259259
 30
0.0
 10
183.7132611111111
 20
31.64743574074074
 30
0.0
 10
183.7132611111111
 20
32.08958388888889
 30
0.0
 10
182.5467425925926
 20
32.08958388888889
 30
0.0
 10
181.3802240740741
 20
32.08958388888889
 30
0.0
 10
180.2137055555555
 20
32.08958388888889
 30
0.0
 10
179.3388166666666
 20
32.08958388888889
 30
0.0
 10
179.4340666666666
 20
32.04372277777777
 30
0.0
 10
178.4639277777777
 20
32.040195
 30
0.0
 10
177.4902611111111
 20
32.040195
 30
0.0
 10
177.5890388888888
 20
32.08958388888889
 30
0.0
 10
176.71415
 20
32.08958388888889
 30
0.0
 10
175.8392611111111
 20
32.08958388888889
 30
0.0
 10
175.9345111111111
 20
32.040195
 30
0.0
 10
174.9643722222222
 20
32.040195
 30
0.0
 10
173.9907055555555
 20
32.040195
 30
0.0
 10
174.0894833333333
 20
32.08958388888889
 30
0.0
 10
173.2145944444444
 20
32.08958388888889
 30
0.0
 10
172.3397055555555
 20
32.08958388888889
 30
0.0
 10
172.4349555555555
 20
32.040195
 30
0.0
 10
171.4648166666666
 20
32.040195
 30
0.0
 10
171.4648166666666
 20
33.94872277777777
 30
0.0
 10
170.5229
 20
32.30477833333333
 30
0.0
 10
171.4683444444444
 20
34.54491722222222
 30
0.0
 10
172.0857055555555
 20
36.01635333333333
 30
0.0
 10
171.7717333333333
 20
34.41791722222222
 30
0.0
 10
180.7005388888889
 20
34.41791722222222
 30
0.0
 10
186.9764555555555
 20
34.41791722222222
 30
0.0
 10
186.9164833333333
 20
33.22552833333333
 30
0.0
 10
189.0860666666666
 20
33.74058388888889
 30
0.0
 10
195.1891222222222
 20
35.18697277777778
 30
0.0
 10
191.00165
 20
32.51997277777778
 30
0.0
 10
190.7264833333333
 20
30.76313944444444
 30
0.0
  0
SPLINE
  5
2EC
330
1F
100
AcDbEntity
  8
DEFAULT
 62
     7
100
AcDbSpline
210
0.0
220
0.0
230
1.0
 70
    11
 71
     3
 72
    17
 73
    13
 74
     0
 42
0.000000001
 43
0.0000000001
 40
0.0
 40
0.0
 40
0.0
 40
0.0
 40
1.0
 40
1.0
 40
1.0
 40
2.0
 40
2.0
 40
2.0
 40
3.0
 40
3.0
 40
3.0
 40
4.0
 40
4.0
 40
4.0
 40
4.0
 10
177.7179438888889
 20
21.60710972222222
 30
0.0
 10
177.9941688888889
 20
21.6074625
 30
0.0
 10
178.2181827777778
 20
21.38380138888889
 30
0.0
 10
178.2185355555555
 20
21.10757638888889
 30
0.0
 10
178.2188883333333
 20
20.83170416666666
 30
0.0
 10
177.9952272222222
 20
20.6073375
 30
0.0
 10
177.7190022222222
 20
20.60698472222222
 30
0.0
 10
177.44313
 20
20.60663194444444
 30
0.0
 10
177.2187633333333
 20
20.83029305555555
 30
0.0
 10
177.2184105555556
 20
21.10651805555555
 30
0.0
 10
177.2180577777778
 20
21.38239027777778
 30
0.0
 10
177.4417188888889
 20
21.60675694444444
 30
0.0
 10
177.7179438888889
 20
21.60710972222222
 30
0.0
  0
SPLINE
  5
2ED
330
1F
100
AcDbEntity
  8
DEFAULT
 62
     1
100
AcDbSpline
210
0.0
220
0.0
230
1.0
 70
     8
 71
     3
 72
    38
 73
    34
 74
     0
 42
0.000000001
 43
0.0000000001
 40
0.0
 40
0.0
 40
0.0
 40
0.0
 40
3.728999999999999
 40
3.728999999999999
 40
3.728999999999999
 40
13.64900408266047
 40
13.64900408266047
 40
13.64900408266047
 40
14.64900408266047
 40
14.64900408266047
 40
14.64900408266047
 40
15.64900408266047
 40
15.64900408266047
 40
15.64900408266047
 40
16.64900408266047
 40
16.64900408266047
 40
16.64900408266047
 40
17.64900408266047
 40
17.64900408266047
 40
17.64900408266047
 40
18.64900408266047
 40
18.64900408266047
 40
18.64900408266047
 40
19.64900408266047
 40
19.64900408266047
 40
19.64900408266047
 40
20.64900408266047
 40
20.64900408266047
 40
20.64900408266047
 40
21.64900408266047
 40
21.64900408266047
 40
21.64900408266047
 40
22.64900408266047
 40
22.64900408266047
 40
22.64900408266047
 40
22.64900408266047
 10
179.7198872222222
 20
20.92773027777778
 30
0.0
 10
179.7198872222222
 20
20.4892275
 30
0.0
 10
179.7198872222222
 20
20.05072472222222
 30
0.0
 10
179.7198872222222
 20
19.61222194444444
 30
0.0
 10
180.8864057407407
 20
19.61328027777778
 30
0.0
 10
182.0529242592592
 20
19.61433861111111
 30
0.0
 10
183.2194427777778
 20
19.61539694444444
 30
0.0
 10
184.0943316666667
 20
19.61539694444444
 30
0.0
 10
183.9990816666667
 20
19.66125805555555
 30
0.0
 10
184.9692205555556
 20
19.66478583333333
 30
0.0
 10
185.9428872222222
 20
19.66831361111111
 30
0.0
 10
185.8441094444444
 20
19.61892472222222
 30
0.0
 10
186.7189983333333
 20
19.61892472222222
 30
0.0
 10
187.5938872222222
 20
19.61892472222222
 30
0.0
 10
187.4986372222222
 20
19.66831361111111
 30
0.0
 10
188.4687761111111
 20
19.67184138888889
 30
0.0
 10
189.4424427777778
 20
19.67184138888889
 30
0.0
 10
189.343665
 20
19.6224525
 30
0.0
 10
190.2185538888889
 20
19.6224525
 30
0.0
 10
191.0934427777777
 20
19.6224525
 30
0.0
 10
190.9981927777777
 20
19.67184138888889
 30
0.0
 10
191.9683316666666
 20
19.67536916666667
 30
0.0
 10
191.9718594444444
 20
17.76684138888888
 30
0.0
 10
192.9102483333333
 20
19.41078583333333
 30
0.0
 10
191.9683316666666
 20
17.17064694444444
 30
0.0
 10
191.3509705555555
 20
15.69956361111111
 30
0.0
 10
191.6649427777778
 20
17.29764694444444
 30
0.0
 10
182.7361372222222
 20
17.28706361111111
 30
0.0
 10
176.4602205555555
 20
17.28000805555555
 30
0.0
 10
176.5201927777778
 20
18.47239694444444
 30
0.0
 10
174.3506094444444
 20
17.95381361111111
 30
0.0
 10
168.2475538888889
 20
16.50036916666667
 30
0.0
 10
172.4279705555555
 20
19.17442472222222
 30
0.0
 10
172.7031372222222
 20
20.92773027777778
 30
0.0
  0
SPLINE
  5
2EE
330
1F
100
AcDbEntity
  8
DEFAULT
 62
     1
100
AcDbSpline
210
0.0
220
0.0
230
1.0
 70
     8
 71
     3
 72
    38
 73
    34
 74
     0
 42
0.000000001
 43
0.0000000001
 40
0.0
 40
0.0
 40
0.0
 40
0.0
 40
1.0
 40
1.0
 40
1.0
 40
2.0
 40
2.0
 40
2.0
 40
3.0
 40
3.0
 40
3.0
 40
4.0
 40
4.0
 40
4.0
 40
5.0
 40
5.0
 40
5.0
 40
6.0
 40
6.0
 40
6.0
 40
7.0
 40
7.0
 40
7.0
 40
8.0
 40
8.0
 40
8.0
 40
9.0
 40
9.0
 40
9.0
 40
18.92000504032126
 40
18.92000504032126
 40
18.92000504032126
 40
22.70000504032126
 40
22.70000504032126
 40
22.70000504032126
 40
22.70000504032126
 10
172.7031019444444
 20
21.27705083333333
 30
0.0
 10
172.4279352777778
 20
23.03035638888889
 30
0.0
 10
168.2334075
 20
25.69030083333333
 30
0.0
 10
174.3435186111111
 20
24.2541425
 30
0.0
 10
176.5131019444444
 20
23.7429675
 30
0.0
 10
176.4496019444444
 20
24.93147583333333
 30
0.0
 10
182.7255186111111
 20
24.93888416666666
 30
0.0
 10
191.6543241666667
 20
24.9494675
 30
0.0
 10
191.3403519444444
 20
26.54719805555555
 30
0.0
 10
191.9577130555556
 20
25.07999527777778
 30
0.0
 10
192.9066852777777
 20
22.83632861111111
 30
0.0
 10
191.9647686111111
 20
24.48027305555555
 30
0.0
 10
191.9647686111111
 20
22.57527305555555
 30
0.0
 10
190.9946297222222
 20
22.57174527777778
 30
0.0
 10
191.0898797222222
 20
22.62113416666666
 30
0.0
 10
190.2149908333333
 20
22.62113416666666
 30
0.0
 10
189.3401019444444
 20
22.62113416666666
 30
0.0
 10
189.4388797222222
 20
22.57174527777778
 30
0.0
 10
188.4652130555555
 20
22.57174527777778
 30
0.0
 10
187.4950741666666
 20
22.5682175
 30
0.0
 10
187.5903241666667
 20
22.61760638888888
 30
0.0
 10
186.7154352777778
 20
22.61760638888888
 30
0.0
 10
185.8405463888889
 20
22.61760638888888
 30
0.0
 10
185.9393241666666
 20
22.5682175
 30
0.0
 10
184.9656575
 20
22.56433694444444
 30
0.0
 10
183.9955186111111
 20
22.56433694444444
 30
0.0
 10
184.0907686111111
 20
22.61407861111111
 30
0.0
 10
183.2158797222222
 20
22.61407861111111
 30
0.0
 10
182.0493612037037
 20
22.61290268518519
 30
0.0
 10
180.8828426851852
 20
22.61172675925926
 30
0.0
 10
179.7163241666667
 20
22.61055083333333
 30
0.0
 10
179.7163241666666
 20
22.16605083333333
 30
0.0
 10
179.7163241666666
 20
21.72155083333333
 30
0.0
 10
179.7163241666667
 20
21.27705083333333
 30
0.0
  0
SPLINE
  5
2EF
330
1F
100
AcDbEntity
  8
DEFAULT
 62
     7
100
AcDbSpline
210
0.0
220
0.0
230
1.0
 70
    11
 71
     3
 72
    17
 73
    13
 74
     0
 42
0.000000001
 43
0.0000000001
 40
0.0
 40
0.0
 40
0.0
 40
0.0
 40
1.0
 40
1.0
 40
1.0
 40
2.0
 40
2.0
 40
2.0
 40
3.0
 40
3.0
 40
3.0
 40
4.0
 40
4.0
 40
4.0
 40
4.0
 10
185.7129819444444
 20
11.15469222222222
 30
0.0
 10
185.4367569444445
 20
11.15469222222222
 30
0.0
 10
185.2130958333333
 20
11.37835333333333
 30
0.0
 10
185.2130958333333
 20
11.65457833333333
 30
0.0
 10
185.2130958333333
 20
11.93045055555555
 30
0.0
 10
185.4367569444445
 20
12.15446444444444
 30
0.0
 10
185.7129819444444
 20
12.15446444444444
 30
0.0
 10
185.9892069444444
 20
12.15446444444444
 30
0.0
 10
186.2128680555556
 20
11.93045055555555
 30
0.0
 10
186.2128680555556
 20
11.65457833333333
 30
0.0
 10
186.2128680555556
 20
11.37835333333333
 30
0.0
 10
185.9892069444444
 20
11.15469222222222
 30
0.0
 10
185.7129819444444
 20
11.15469222222222
 30
0.0
  0
SPLINE
  5
2F0
330
1F
100
AcDbEntity
  8
DEFAULT
 62
     1
100
AcDbSpline
210
0.0
220
0.0
230
1.0
 70
     8
 71
     3
 72
    38
 73
    34
 74
     0
 42
0.000000001
 43
0.0000000001
 40
0.0
 40
0.0
 40
0.0
 40
0.0
 40
1.0
 40
1.0
 40
1.0
 40
2.0
 40
2.0
 40
2.0
 40
3.0
 40
3.0
 40
3.0
 40
4.0
 40
4.0
 40
4.0
 40
5.0
 40
5.0
 40
5.0
 40
6.0
 40
6.0
 40
6.0
 40
7.0
 40
7.0
 40
7.0
 40
8.0
 40
8.0
 40
8.0
 40
9.0
 40
9.0
 40
9.0
 40
18.92000000000002
 40
18.92000000000002
 40
18.92000000000002
 40
22.67000000000002
 40
22.67000000000002
 40
22.67000000000002
 40
22.67000000000002
 10
190.7264480555555
 20
11.47681361111111
 30
0.0
 10
191.0086702777777
 20
9.723508055555554
 30
0.0
 10
195.1890869444444
 20
7.060035833333332
 30
0.0
 10
189.0860313888889
 20
8.502896944444442
 30
0.0
 10
186.9164480555555
 20
9.0179525
 30
0.0
 10
186.9764202777777
 20
7.829091388888887
 30
0.0
 10
180.7005036111111
 20
7.829091388888887
 30
0.0
 10
171.7716980555555
 20
7.829091388888887
 30
0.0
 10
172.0856702777778
 20
6.231008055555555
 30
0.0
 10
171.4683091666666
 20
7.698563611111109
 30
0.0
 10
170.5228647222222
 20
9.942230277777776
 30
0.0
 10
171.4647813888889
 20
8.298285833333333
 30
0.0
 10
171.4647813888889
 20
10.20328583333333
 30
0.0
 10
172.4349202777777
 20
10.20328583333333
 30
0.0
 10
172.3396702777777
 20
10.15389694444444
 30
0.0
 10
173.2145591666666
 20
10.15389694444444
 30
0.0
 10
174.0894480555556
 20
10.15389694444444
 30
0.0
 10
173.9906702777778
 20
10.20328583333333
 30
0.0
 10
174.9643369444444
 20
10.20328583333333
 30
0.0
 10
175.9344758333333
 20
10.20328583333333
 30
0.0
 10
175.8392258333333
 20
10.15389694444444
 30
0.0
 10
176.7141147222222
 20
10.15389694444444
 30
0.0
 10
177.5890036111111
 20
10.15389694444444
 30
0.0
 10
177.4902258333333
 20
10.20328583333333
 30
0.0
 10
178.4638925
 20
10.20328583333333
 30
0.0
 10
179.4340313888889
 20
10.20328583333333
 30
0.0
 10
179.3387813888889
 20
10.15389694444444
 30
0.0
 10
180.2136702777777
 20
10.15389694444444
 30
0.0
 10
181.3801887962963
 20
10.15389694444444
 30
0.0
 10
182.5467073148148
 20
10.15389694444444
 30
0.0
 10
183.7132258333333
 20
10.15389694444444
 30
0.0
 10
183.7132258333333
 20
10.59486916666666
 30
0.0
 10
183.7132258333333
 20
11.03584138888889
 30
0.0
 10
183.7132258333333
 20
11.47681361111111
 30
0.0
  0
SPLINE
  5
2F1
330
1F
100
AcDbEntity
  8
DEFAULT
 62
     1
100
AcDbSpline
210
0.0
220
0.0
230
1.0
 70
     8
 71
     3
 72
    38
 73
    34
 74
     0
 42
0.000000001
 43
0.0000000001
 40
0.0
 40
0.0
 40
0.0
 40
0.0
 40
3.75
 40
3.75
 40
3.75
 40
13.67000000000002
 40
13.67000000000002
 40
13.67000000000002
 40
14.67000000000002
 40
14.67000000000002
 40
14.67000000000002
 40
15.67000000000002
 40
15.67000000000002
 40
15.67000000000002
 40
16.67000000000002
 40
16.67000000000002
 40
16.67000000000002
 40
17.67000000000002
 40
17.67000000000002
 40
17.67000000000002
 40
18.67000000000002
 40
18.67000000000002
 40
18.67000000000002
 40
19.67000000000002
 40
19.67000000000002
 40
19.67000000000002
 40
20.67000000000002
 40
20.67000000000002
 40
20.67000000000002
 40
21.67000000000002
 40
21.67000000000002
 40
21.67000000000002
 40
22.67000000000002
 40
22.67000000000002
 40
22.67000000000002
 40
22.67000000000002
 10
183.7132611111111
 20
11.82959138888889
 30
0.0
 10
183.7132611111111
 20
12.27056361111111
 30
0.0
 10
183.7132611111111
 20
12.71153583333333
 30
0.0
 10
183.7132611111111
 20
13.15250805555555
 30
0.0
 10
182.5467425925926
 20
13.15250805555555
 30
0.0
 10
181.3802240740741
 20
13.15250805555555
 30
0.0
 10
180.2137055555555
 20
13.15250805555555
 30
0.0
 10
179.3388166666666
 20
13.15250805555555
 30
0.0
 10
179.4340666666666
 20
13.10664694444444
 30
0.0
 10
178.4639277777777
 20
13.10311916666666
 30
0.0
 10
177.4902611111111
 20
13.10311916666666
 30
0.0
 10
177.5890388888888
 20
13.15250805555555
 30
0.0
 10
176.71415
 20
13.15250805555555
 30
0.0
 10
175.8392611111111
 20
13.15250805555555
 30
0.0
 10
175.9345111111111
 20
13.10311916666666
 30
0.0
 10
174.9643722222222
 20
13.10311916666666
 30
0.0
 10
173.9907055555555
 20
13.10311916666666
 30
0.0
 10
174.0894833333333
 20
13.15250805555555
 30
0.0
 10
173.2145944444444
 20
13.15250805555555
 30
0.0
 10
172.3397055555555
 20
13.15250805555555
 30
0.0
 10
172.4349555555555
 20
13.10311916666666
 30
0.0
 10
171.4648166666666
 20
13.10311916666666
 30
0.0
 10
171.4648166666666
 20
15.01199972222222
 30
0.0
 10
170.5229
 20
13.3677025
 30
0.0
 10
171.4683444444444
 20
15.60784138888889
 30
0.0
 10
172.0857055555555
 20
17.07892472222222
 30
0.0
 10
171.7717333333333
 20
15.48119416666666
 30
0.0
 10
180.7005388888889
 20
15.48119416666666
 30
0.0
 10
186.9764555555555
 20
15.48119416666666
 30
0.0
 10
186.9164833333333
 20
14.2884525
 30
0.0
 10
189.0860666666666
 20
14.80350805555555
 30
0.0
 10
195.1855944444444
 20
16.24989694444444
 30
0.0
 10
191.0087055555555
 20
13.58642472222222
 30
0.0
 10
190.7264833333333
 20
11.82959138888889
 30
0.0
  0
SPLINE
  5
2F2
330
1F
100
AcDbEntity
  8
DEFAULT
 62
     7
100
AcDbSpline
210
0.0
220
0.0
230
1.0
 70
    11
 71
     3
 72
    17
 73
    13
 74
     0
 42
0.000000001
 43
0.0000000001
 40
0.0
 40
0.0
 40
0.0
 40
0.0
 40
1.0
 40
1.0
 40
1.0
 40
2.0
 40
2.0
 40
2.0
 40
3.0
 40
3.0
 40
3.0
 40
4.0
 40
4.0
 40
4.0
 40
4.0
 10
175.3065313888889
 20
195.7277433333333
 30
0.0
 10
175.3065313888889
 20
195.4515183333333
 30
0.0
 10
175.0825175
 20
195.2278572222222
 30
0.0
 10
174.8066452777778
 20
195.2278572222222
 30
0.0
 10
174.5304202777778
 20
195.2278572222222
 30
0.0
 10
174.3064063888889
 20
195.4515183333333
 30
0.0
 10
174.3064063888889
 20
195.7277433333333
 30
0.0
 10
174.3064063888889
 20
196.0039683333333
 30
0.0
 10
174.5304202777778
 20
196.2276294444444
 30
0.0
 10
174.8066452777778
 20
196.2276294444444
 30
0.0
 10
175.0825175
 20
196.2276294444444
 30
0.0
 10
175.3065313888889
 20
196.0039683333333
 30
0.0
 10
175.3065313888889
 20
195.7277433333333
 30
0.0
  0
SPLINE
  5
2F3
330
1F
100
AcDbEntity
  8
DEFAULT
 62
     7
100
AcDbSpline
210
0.0
220
0.0
230
1.0
 70
    11
 71
     3
 72
    17
 73
    13
 74
     0
 42
0.000000001
 43
0.0000000001
 40
0.0
 40
0.0
 40
0.0
 40
0.0
 40
1.0
 40
1.0
 40
1.0
 40
2.0
 40
2.0
 40
2.0
 40
3.0
 40
3.0
 40
3.0
 40
4.0
 40
4.0
 40
4.0
 40
4.0
 10
175.3065313888889
 20
197.2277191666666
 30
0.0
 10
175.3065313888889
 20
196.9514941666666
 30
0.0
 10
175.0825175
 20
196.7278330555555
 30
0.0
 10
174.8066452777778
 20
196.7278330555555
 30
0.0
 10
174.5304202777778
 20
196.7278330555555
 30
0.0
 10
174.3064063888889
 20
196.9514941666666
 30
0.0
 10
174.3064063888889
 20
197.2277191666666
 30
0.0
 10
174.3064063888889
 20
197.5039441666667
 30
0.0
 10
174.5304202777778
 20
197.7276052777778
 30
0.0
 10
174.8066452777778
 20
197.7276052777778
 30
0.0
 10
175.0825175
 20
197.7276052777778
 30
0.0
 10
175.3065313888889
 20
197.5039441666667
 30
0.0
 10
175.3065313888889
 20
197.2277191666666
 30
0.0
  0
SPLINE
  5
2F4
330
1F
100
AcDbEntity
  8
DEFAULT
 62
     1
100
AcDbSpline
210
0.0
220
0.0
230
1.0
 70
     8
 71
     3
 72
    59
 73
    55
 74
     0
 42
0.000000001
 43
0.0000000001
 40
0.0
 40
0.0
 40
0.0
 40
0.0
 40
1.0
 40
1.0
 40
1.0
 40
2.0
 40
2.0
 40
2.0
 40
3.0
 40
3.0
 40
3.0
 40
4.0
 40
4.0
 40
4.0
 40
5.0
 40
5.0
 40
5.0
 40
6.0
 40
6.0
 40
6.0
 40
7.0
 40
7.0
 40
7.0
 40
8.014142135623718
 40
8.014142135623718
 40
8.014142135623718
 40
9.014142135623718
 40
9.014142135623718
 40
9.014142135623718
 40
10.02414213562371
 40
10.02414213562371
 40
10.02414213562371
 40
11.02414213562371
 40
11.02414213562371
 40
11.02414213562371
 40
12.0341421356237
 40
12.0341421356237
 40
12.0341421356237
 40
13.0341421356237
 40
13.0341421356237
 40
13.0341421356237
 40
14.04828427124742
 40
14.04828427124742
 40
14.04828427124742
 40
15.04828427124742
 40
15.04828427124742
 40
15.04828427124742
 40
16.04828427124742
 40
16.04828427124742
 40
16.04828427124742
 40
25.96828427124749
 40
25.96828427124749
 40
25.96828427124749
 40
29.71828427124749
 40
29.71828427124749
 40
29.71828427124749
 40
29.71828427124749
 10
174.9820111111111
 20
214.729695
 30
0.0
 10
179.9773444444444
 20
214.824945
 30
0.0
 10
181.8153166666666
 20
219.0406394444444
 30
0.0
 10
179.5504833333333
 20
202.4212783333333
 30
0.0
 10
178.68265
 20
193.0479727777777
 30
0.0
 10
179.0671777777777
 20
178.8451394444444
 30
0.0
 10
179.6951222222222
 20
172.5410005555555
 30
0.0
 10
180.3089555555555
 20
166.4132505555555
 30
0.0
 10
179.1236222222222
 20
168.1418616666666
 30
0.0
 10
176.5377611111111
 20
168.1418616666666
 30
0.0
 10
176.4142888888889
 20
168.1418616666666
 30
0.0
 10
176.3049277777777
 20
168.7662783333333
 30
0.0
 10
176.3049277777777
 20
169.5353338888889
 30
0.0
 10
176.3014
 20
170.406695
 30
0.0
 10
176.2555388888889
 20
170.3079172222222
 30
0.0
 10
176.2520111111111
 20
171.2815838888889
 30
0.0
 10
176.2520111111111
 20
172.1917505555555
 30
0.0
 10
176.2943444444444
 20
172.1635283333333
 30
0.0
 10
176.2978722222222
 20
172.8796672222222
 30
0.0
 10
176.2943444444444
 20
173.5922783333333
 30
0.0
 10
176.2520111111111
 20
173.5605283333333
 30
0.0
 10
176.2520111111111
 20
174.4742227777778
 30
0.0
 10
176.2520111111111
 20
175.4443616666667
 30
0.0
 10
176.3014
 20
175.3491116666667
 30
0.0
 10
176.3049277777777
 20
176.2275283333333
 30
0.0
 10
176.3014
 20
177.0988894444444
 30
0.0
 10
176.2555388888889
 20
177.0001116666666
 30
0.0
 10
176.2520111111111
 20
177.9737783333333
 30
0.0
 10
176.2520111111111
 20
178.9439172222222
 30
0.0
 10
176.3014
 20
178.852195
 30
0.0
 10
176.3049277777777
 20
179.7270838888888
 30
0.0
 10
176.3014
 20
180.6019727777777
 30
0.0
 10
176.2555388888889
 20
180.503195
 30
0.0
 10
176.2555388888889
 20
181.4768616666667
 30
0.0
 10
176.2555388888889
 20
182.4470005555555
 30
0.0
 10
176.3049277777777
 20
182.3517505555556
 30
0.0
 10
176.3084555555555
 20
183.2266394444444
 30
0.0
 10
176.3049277777777
 20
184.1015283333333
 30
0.0
 10
176.2555388888889
 20
184.0027505555555
 30
0.0
 10
176.2555388888889
 20
184.9764172222222
 30
0.0
 10
176.2555388888889
 20
185.9465561111111
 30
0.0
 10
176.3049277777777
 20
185.8513061111111
 30
0.0
 10
176.3084555555555
 20
186.7297227777777
 30
0.0
 10
176.3049277777777
 20
187.6010838888889
 30
0.0
 10
176.2590666666667
 20
187.5023061111111
 30
0.0
 10
176.2555388888889
 20
188.4759727777778
 30
0.0
 10
176.2555388888889
 20
189.4461116666667
 30
0.0
 10
176.3049277777777
 20
189.3543894444445
 30
0.0
 10
176.3049277777777
 20
190.2292783333333
 30
0.0
 10
176.3049277777777
 20
191.3957968518519
 30
0.0
 10
176.3049277777777
 20
192.5623153703704
 30
0.0
 10
176.3049277777777
 20
193.7288338888889
 30
0.0
 10
175.8639555555555
 20
193.7288338888889
 30
0.0
 10
175.4229833333333
 20
193.7288338888889
 30
0.0
 10
174.9820111111111
 20
193.7288338888889
 30
0.0
  0
SPLINE
  5
2F5
330
1F
100
AcDbEntity
  8
DEFAULT
 62
     1
100
AcDbSpline
210
0.0
220
0.0
230
1.0
 70
     8
 71
     3
 72
    62
 73
    58
 74
     0
 42
0.000000001
 43
0.0000000001
 40
0.0
 40
0.0
 40
0.0
 40
0.0
 40
1.0
 40
1.0
 40
1.0
 40
2.0
 40
2.0
 40
2.0
 40
3.0
 40
3.0
 40
3.0
 40
4.0
 40
4.0
 40
4.0
 40
5.0
 40
5.0
 40
5.0
 40
6.0
 40
6.0
 40
6.0
 40
6.25
 40
6.25
 40
6.25
 40
7.25
 40
7.25
 40
7.25
 40
8.25
 40
8.25
 40
8.25
 40
9.25
 40
9.25
 40
9.25
 40
10.25
 40
10.25
 40
10.25
 40
11.25
 40
11.25
 40
11.25
 40
12.25
 40
12.25
 40
12.25
 40
13.25
 40
13.25
 40
13.25
 40
14.25
 40
14.25
 40
14.25
 40
15.25
 40
15.25
 40
15.25
 40
16.25
 40
16.25
 40
16.25
 40
26.17000504032137
 40
26.17000504032137
 40
26.17000504032137
 40
29.93000504032136
 40
29.93000504032136
 40
29.93000504032136
 40
29.93000504032136
 10
174.6328669444444
 20
214.729695
 30
0.0
 10
169.6375336111111
 20
214.8284727777777
 30
0.0
 10
167.7995613888889
 20
219.0371116666666
 30
0.0
 10
170.0643947222222
 20
202.4212783333333
 30
0.0
 10
171.3343947222222
 20
193.0938338888888
 30
0.0
 10
170.5512280555555
 20
178.8451394444444
 30
0.0
 10
169.9197558333333
 20
172.5410005555555
 30
0.0
 10
169.3059225
 20
166.4132505555555
 30
0.0
 10
170.4912558333333
 20
168.1418616666666
 30
0.0
 10
173.0771169444444
 20
168.1418616666666
 30
0.0
 10
173.2005891666666
 20
168.1418616666666
 30
0.0
 10
173.3028947222222
 20
168.7627505555555
 30
0.0
 10
173.3028947222222
 20
169.5318061111111
 30
0.0
 10
173.3028947222222
 20
170.406695
 30
0.0
 10
173.3558113888889
 20
170.3079172222222
 30
0.0
 10
173.3522836111111
 20
171.2815838888889
 30
0.0
 10
173.3522836111111
 20
172.2199727777777
 30
0.0
 10
173.3064225
 20
172.1635283333333
 30
0.0
 10
173.3064225
 20
172.9431672222222
 30
0.0
 10
173.3064225
 20
172.9725653703703
 30
0.0
 10
173.3064225
 20
173.0019635185185
 30
0.0
 10
173.3064225
 20
173.0313616666666
 30
0.0
 10
173.3170058333333
 20
173.5922783333333
 30
0.0
 10
173.3522836111111
 20
173.6310838888889
 30
0.0
 10
173.3522836111111
 20
174.4742227777778
 30
0.0
 10
173.3522836111111
 20
175.4443616666667
 30
0.0
 10
173.3028947222222
 20
175.3491116666667
 30
0.0
 10
173.3028947222222
 20
176.2240005555555
 30
0.0
 10
173.3028947222222
 20
177.0988894444444
 30
0.0
 10
173.3558113888889
 20
177.0036394444444
 30
0.0
 10
173.3522836111111
 20
177.9737783333333
 30
0.0
 10
173.3522836111111
 20
178.947445
 30
0.0
 10
173.3028947222222
 20
178.8486672222222
 30
0.0
 10
173.3064225
 20
179.7235561111111
 30
0.0
 10
173.3064225
 20
180.598445
 30
0.0
 10
173.3558113888889
 20
180.503195
 30
0.0
 10
173.3558113888889
 20
181.4768616666667
 30
0.0
 10
173.3558113888889
 20
182.4470005555555
 30
0.0
 10
173.3064225
 20
182.3517505555556
 30
0.0
 10
173.3064225
 20
183.2266394444444
 30
0.0
 10
173.3064225
 20
184.1015283333333
 30
0.0
 10
173.3558113888889
 20
184.0027505555555
 30
0.0
 10
173.3558113888889
 20
184.9764172222222
 30
0.0
 10
173.3558113888889
 20
185.9465561111111
 30
0.0
 10
173.3064225
 20
185.8513061111111
 30
0.0
 10
173.3064225
 20
186.726195
 30
0.0
 10
173.3064225
 20
187.6010838888889
 30
0.0
 10
173.3593391666666
 20
187.5058338888889
 30
0.0
 10
173.3558113888889
 20
188.4795005555555
 30
0.0
 10
173.3558113888889
 20
189.4496394444444
 30
0.0
 10
173.3099502777777
 20
189.3508616666667
 30
0.0
 10
173.3099502777777
 20
190.2257505555555
 30
0.0
 10
173.3087743518518
 20
191.3922690740741
 30
0.0
 10
173.3075984259259
 20
192.5587875925926
 30
0.0
 10
173.3064225
 20
193.7253061111111
 30
0.0
 10
173.7485706481481
 20
193.7253061111111
 30
0.0
 10
174.1907187962962
 20
193.7253061111111
 30
0.0
 10
174.6328669444444
 20
193.7253061111111
 30
0.0
  0
SPLINE
  5
2F6
330
1F
100
AcDbEntity
  8
DEFAULT
 62
     7
100
AcDbSpline
210
0.0
220
0.0
230
1.0
 70
    11
 71
     3
 72
    17
 73
    13
 74
     0
 42
0.000000001
 43
0.0000000001
 40
0.0
 40
0.0
 40
0.0
 40
0.0
 40
1.0
 40
1.0
 40
1.0
 40
2.0
 40
2.0
 40
2.0
 40
3.0
 40
3.0
 40
3.0
 40
4.0
 40
4.0
 40
4.0
 40
4.0
 10
189.1244841666667
 20
195.7277433333333
 30
0.0
 10
189.1244841666667
 20
195.4515183333333
 30
0.0
 10
188.9008230555555
 20
195.2278572222222
 30
0.0
 10
188.6245980555555
 20
195.2278572222222
 30
0.0
 10
188.3483730555555
 20
195.2278572222222
 30
0.0
 10
188.1247119444444
 20
195.4515183333333
 30
0.0
 10
188.1247119444444
 20
195.7277433333333
 30
0.0
 10
188.1247119444444
 20
196.0039683333333
 30
0.0
 10
188.3483730555555
 20
196.2276294444444
 30
0.0
 10
188.6245980555555
 20
196.2276294444444
 30
0.0
 10
188.9008230555555
 20
196.2276294444444
 30
0.0
 10
189.1244841666667
 20
196.0039683333333
 30
0.0
 10
189.1244841666667
 20
195.7277433333333
 30
0.0
  0
SPLINE
  5
2F7
330
1F
100
AcDbEntity
  8
DEFAULT
 62
     7
100
AcDbSpline
210
0.0
220
0.0
230
1.0
 70
    11
 71
     3
 72
    17
 73
    13
 74
     0
 42
0.000000001
 43
0.0000000001
 40
0.0
 40
0.0
 40
0.0
 40
0.0
 40
1.0
 40
1.0
 40
1.0
 40
2.0
 40
2.0
 40
2.0
 40
3.0
 40
3.0
 40
3.0
 40
4.0
 40
4.0
 40
4.0
 40
4.0
 10
189.1244841666667
 20
197.2277191666666
 30
0.0
 10
189.1244841666667
 20
196.9514941666666
 30
0.0
 10
188.9008230555555
 20
196.7278330555555
 30
0.0
 10
188.6245980555555
 20
196.7278330555555
 30
0.0
 10
188.3483730555555
 20
196.7278330555555
 30
0.0
 10
188.1247119444444
 20
196.9514941666666
 30
0.0
 10
188.1247119444444
 20
197.2277191666666
 30
0.0
 10
188.1247119444444
 20
197.5039441666667
 30
0.0
 10
188.3483730555555
 20
197.7276052777778
 30
0.0
 10
188.6245980555555
 20
197.7276052777778
 30
0.0
 10
188.9008230555555
 20
197.7276052777778
 30
0.0
 10
189.1244841666667
 20
197.5039441666667
 30
0.0
 10
189.1244841666667
 20
197.2277191666666
 30
0.0
  0
SPLINE
  5
2F8
330
1F
100
AcDbEntity
  8
DEFAULT
 62
     1
100
AcDbSpline
210
0.0
220
0.0
230
1.0
 70
     8
 71
     3
 72
    59
 73
    55
 74
     0
 42
0.000000001
 43
0.0000000001
 40
0.0
 40
0.0
 40
0.0
 40
0.0
 40
1.0
 40
1.0
 40
1.0
 40
2.0
 40
2.0
 40
2.0
 40
3.0
 40
3.0
 40
3.0
 40
4.0
 40
4.0
 40
4.0
 40
5.0
 40
5.0
 40
5.0
 40
6.0
 40
6.0
 40
6.0
 40
7.0
 40
7.0
 40
7.0
 40
8.014142135623718
 40
8.014142135623718
 40
8.014142135623718
 40
9.014142135623718
 40
9.014142135623718
 40
9.014142135623718
 40
10.02414213562371
 40
10.02414213562371
 40
10.02414213562371
 40
11.02414213562371
 40
11.02414213562371
 40
11.02414213562371
 40
12.0341421356237
 40
12.0341421356237
 40
12.0341421356237
 40
13.0341421356237
 40
13.0341421356237
 40
13.0341421356237
 40
14.04828427124742
 40
14.04828427124742
 40
14.04828427124742
 40
15.04828427124742
 40
15.04828427124742
 40
15.04828427124742
 40
16.04828427124742
 40
16.04828427124742
 40
16.04828427124742
 40
25.96828427124749
 40
25.96828427124749
 40
25.96828427124749
 40
29.71828427124749
 40
29.71828427124749
 40
29.71828427124749
 40
29.71828427124749
 10
188.8002813888889
 20
214.729695
 30
0.0
 10
193.7956147222222
 20
214.824945
 30
0.0
 10
195.6335869444444
 20
219.0406394444444
 30
0.0
 10
193.3687536111111
 20
202.4212783333333
 30
0.0
 10
192.5009202777778
 20
193.0479727777777
 30
0.0
 10
192.8854480555556
 20
178.8451394444444
 30
0.0
 10
193.5133925
 20
172.5410005555555
 30
0.0
 10
194.1272258333333
 20
166.4132505555555
 30
0.0
 10
192.9418925
 20
168.1418616666666
 30
0.0
 10
190.3560313888889
 20
168.1418616666666
 30
0.0
 10
190.2325591666666
 20
168.1418616666666
 30
0.0
 10
190.1231980555555
 20
168.7662783333333
 30
0.0
 10
190.1231980555555
 20
169.5353338888889
 30
0.0
 10
190.1196702777778
 20
170.406695
 30
0.0
 10
190.0738091666667
 20
170.3079172222222
 30
0.0
 10
190.0702813888889
 20
171.2815838888889
 30
0.0
 10
190.0702813888889
 20
172.1917505555555
 30
0.0
 10
190.1126147222222
 20
172.1635283333333
 30
0.0
 10
190.1161425
 20
172.8796672222222
 30
0.0
 10
190.1126147222222
 20
173.5922783333333
 30
0.0
 10
190.0702813888889
 20
173.5605283333333
 30
0.0
 10
190.0702813888889
 20
174.4742227777778
 30
0.0
 10
190.0702813888889
 20
175.4443616666667
 30
0.0
 10
190.1196702777778
 20
175.3491116666667
 30
0.0
 10
190.1231980555555
 20
176.2275283333333
 30
0.0
 10
190.1196702777778
 20
177.0988894444444
 30
0.0
 10
190.0738091666667
 20
177.0001116666666
 30
0.0
 10
190.0702813888889
 20
177.9737783333333
 30
0.0
 10
190.0702813888889
 20
178.9439172222222
 30
0.0
 10
190.1196702777778
 20
178.852195
 30
0.0
 10
190.1231980555555
 20
179.7270838888888
 30
0.0
 10
190.1196702777778
 20
180.6019727777777
 30
0.0
 10
190.0738091666667
 20
180.503195
 30
0.0
 10
190.0738091666667
 20
181.4768616666667
 30
0.0
 10
190.0738091666667
 20
182.4470005555555
 30
0.0
 10
190.1231980555555
 20
182.3517505555556
 30
0.0
 10
190.1267258333333
 20
183.2266394444444
 30
0.0
 10
190.1231980555555
 20
184.1015283333333
 30
0.0
 10
190.0738091666667
 20
184.0027505555555
 30
0.0
 10
190.0738091666667
 20
184.9764172222222
 30
0.0
 10
190.0738091666667
 20
185.9465561111111
 30
0.0
 10
190.1231980555555
 20
185.8513061111111
 30
0.0
 10
190.1267258333333
 20
186.7297227777777
 30
0.0
 10
190.1231980555555
 20
187.6010838888889
 30
0.0
 10
190.0773369444445
 20
187.5023061111111
 30
0.0
 10
190.0738091666667
 20
188.4759727777778
 30
0.0
 10
190.0738091666667
 20
189.4461116666667
 30
0.0
 10
190.1231980555555
 20
189.3543894444445
 30
0.0
 10
190.1231980555555
 20
190.2292783333333
 30
0.0
 10
190.1231980555555
 20
191.3957968518519
 30
0.0
 10
190.1231980555555
 20
192.5623153703704
 30
0.0
 10
190.1231980555555
 20
193.7288338888889
 30
0.0
 10
189.6822258333333
 20
193.7288338888889
 30
0.0
 10
189.2412536111111
 20
193.7288338888889
 30
0.0
 10
188.8002813888889
 20
193.7288338888889
 30
0.0
  0
SPLINE
  5
2F9
330
1F
100
AcDbEntity
  8
DEFAULT
 62
     1
100
AcDbSpline
210
0.0
220
0.0
230
1.0
 70
     8
 71
     3
 72
    62
 73
    58
 74
     0
 42
0.000000001
 43
0.0000000001
 40
0.0
 40
0.0
 40
0.0
 40
0.0
 40
1.0
 40
1.0
 40
1.0
 40
2.0
 40
2.0
 40
2.0
 40
3.0
 40
3.0
 40
3.0
 40
4.0
 40
4.0
 40
4.0
 40
5.0
 40
5.0
 40
5.0
 40
6.0
 40
6.0
 40
6.0
 40
6.25
 40
6.25
 40
6.25
 40
7.25
 40
7.25
 40
7.25
 40
8.25
 40
8.25
 40
8.25
 40
9.25
 40
9.25
 40
9.25
 40
10.25
 40
10.25
 40
10.25
 40
11.25
 40
11.25
 40
11.25
 40
12.25
 40
12.25
 40
12.25
 40
13.25
 40
13.25
 40
13.25
 40
14.25
 40
14.25
 40
14.25
 40
15.25
 40
15.25
 40
15.25
 40
16.25
 40
16.25
 40
16.25
 40
26.17000504032137
 40
26.17000504032137
 40
26.17000504032137
 40
29.93000504032136
 40
29.93000504032136
 40
29.93000504032136
 40
29.93000504032136
 10
188.4511372222222
 20
214.729695
 30
0.0
 10
183.4558038888889
 20
214.8284727777777
 30
0.0
 10
181.6178316666666
 20
219.0371116666666
 30
0.0
 10
183.8826649999999
 20
202.4212783333333
 30
0.0
 10
185.152665
 20
193.0938338888888
 30
0.0
 10
184.3694983333333
 20
178.8451394444444
 30
0.0
 10
183.7380261111111
 20
172.5410005555555
 30
0.0
 10
183.1241927777778
 20
166.4132505555555
 30
0.0
 10
184.3095261111111
 20
168.1418616666666
 30
0.0
 10
186.8953872222222
 20
168.1418616666666
 30
0.0
 10
187.0188594444444
 20
168.1418616666666
 30
0.0
 10
187.121165
 20
168.7627505555555
 30
0.0
 10
187.121165
 20
169.5318061111111
 30
0.0
 10
187.121165
 20
170.406695
 30
0.0
 10
187.1740816666666
 20
170.3079172222222
 30
0.0
 10
187.1705538888889
 20
171.2815838888889
 30
0.0
 10
187.1705538888889
 20
172.2199727777777
 30
0.0
 10
187.1246927777777
 20
172.1635283333333
 30
0.0
 10
187.1246927777777
 20
172.9431672222222
 30
0.0
 10
187.1246927777778
 20
172.9725653703703
 30
0.0
 10
187.1246927777778
 20
173.0019635185185
 30
0.0
 10
187.1246927777777
 20
173.0313616666666
 30
0.0
 10
187.1352761111111
 20
173.5922783333333
 30
0.0
 10
187.1705538888889
 20
173.6310838888889
 30
0.0
 10
187.1705538888889
 20
174.4742227777778
 30
0.0
 10
187.1705538888889
 20
175.4443616666667
 30
0.0
 10
187.121165
 20
175.3491116666667
 30
0.0
 10
187.121165
 20
176.2240005555555
 30
0.0
 10
187.121165
 20
177.0988894444444
 30
0.0
 10
187.1740816666666
 20
177.0036394444444
 30
0.0
 10
187.1705538888889
 20
177.9737783333333
 30
0.0
 10
187.1705538888889
 20
178.947445
 30
0.0
 10
187.121165
 20
178.8486672222222
 30
0.0
 10
187.1246927777777
 20
179.7235561111111
 30
0.0
 10
187.1246927777777
 20
180.598445
 30
0.0
 10
187.1740816666666
 20
180.503195
 30
0.0
 10
187.1740816666666
 20
181.4768616666667
 30
0.0
 10
187.1740816666666
 20
182.4470005555555
 30
0.0
 10
187.1246927777777
 20
182.3517505555556
 30
0.0
 10
187.1246927777777
 20
183.2266394444444
 30
0.0
 10
187.1246927777777
 20
184.1015283333333
 30
0.0
 10
187.1740816666666
 20
184.0027505555555
 30
0.0
 10
187.1740816666666
 20
184.9764172222222
 30
0.0
 10
187.1740816666666
 20
185.9465561111111
 30
0.0
 10
187.1246927777777
 20
185.8513061111111
 30
0.0
 10
187.1246927777777
 20
186.726195
 30
0.0
 10
187.1246927777777
 20
187.6010838888889
 30
0.0
 10
187.1776094444444
 20
187.5058338888889
 30
0.0
 10
187.1740816666666
 20
188.4795005555555
 30
0.0
 10
187.1740816666666
 20
189.4496394444444
 30
0.0
 10
187.1282205555555
 20
189.3508616666667
 30
0.0
 10
187.1282205555555
 20
190.2257505555555
 30
0.0
 10
187.1270446296296
 20
191.3922690740741
 30
0.0
 10
187.1258687037036
 20
192.5587875925926
 30
0.0
 10
187.1246927777777
 20
193.7253061111111
 30
0.0
 10
187.5668409259259
 20
193.7253061111111
 30
0.0
 10
188.0089890740741
 20
193.7253061111111
 30
0.0
 10
188.4511372222222
 20
193.7253061111111
 30
0.0
  0
SPLINE
  5
2FA
330
1F
100
AcDbEntity
  8
DEFAULT
 62
     7
100
AcDbSpline
210
0.0
220
0.0
230
1.0
 70
    11
 71
     3
 72
    17
 73
    13
 74
     0
 42
0.000000001
 43
0.0000000001
 40
0.0
 40
0.0
 40
0.0
 40
0.0
 40
1.0
 40
1.0
 40
1.0
 40
2.0
 40
2.0
 40
2.0
 40
3.0
 40
3.0
 40
3.0
 40
4.0
 40
4.0
 40
4.0
 40
4.0
 10
175.3065313888889
 20
145.9648747222222
 30
0.0
 10
175.3065313888889
 20
145.6886497222222
 30
0.0
 10
175.0825175
 20
145.4649886111111
 30
0.0
 10
174.8066452777778
 20
145.4649886111111
 30
0.0
 10
174.5304202777778
 20
145.4649886111111
 30
0.0
 10
174.3064063888889
 20
145.6886497222222
 30
0.0
 10
174.3064063888889
 20
145.9648747222222
 30
0.0
 10
174.3064063888889
 20
146.2410997222222
 30
0.0
 10
174.5304202777778
 20
146.4647608333333
 30
0.0
 10
174.8066452777778
 20
146.4647608333333
 30
0.0
 10
175.0825175
 20
146.4647608333333
 30
0.0
 10
175.3065313888889
 20
146.2410997222222
 30
0.0
 10
175.3065313888889
 20
145.9648747222222
 30
0.0
  0
SPLINE
  5
2FB
330
1F
100
AcDbEntity
  8
DEFAULT
 62
     7
100
AcDbSpline
210
0.0
220
0.0
230
1.0
 70
    11
 71
     3
 72
    17
 73
    13
 74
     0
 42
0.000000001
 43
0.0000000001
 40
0.0
 40
0.0
 40
0.0
 40
0.0
 40
1.0
 40
1.0
 40
1.0
 40
2.0
 40
2.0
 40
2.0
 40
3.0
 40
3.0
 40
3.0
 40
4.0
 40
4.0
 40
4.0
 40
4.0
 10
175.3065313888889
 20
147.4648858333333
 30
0.0
 10
175.3065313888889
 20
147.1886608333333
 30
0.0
 10
175.0825175
 20
146.9649997222222
 30
0.0
 10
174.8066452777778
 20
146.9649997222222
 30
0.0
 10
174.5304202777778
 20
146.9649997222222
 30
0.0
 10
174.3064063888889
 20
147.1886608333333
 30
0.0
 10
174.3064063888889
 20
147.4648858333333
 30
0.0
 10
174.3064063888889
 20
147.7411108333333
 30
0.0
 10
174.5304202777778
 20
147.9647719444444
 30
0.0
 10
174.8066452777778
 20
147.9647719444444
 30
0.0
 10
175.0825175
 20
147.9647719444444
 30
0.0
 10
175.3065313888889
 20
147.7411108333333
 30
0.0
 10
175.3065313888889
 20
147.4648858333333
 30
0.0
  0
SPLINE
  5
2FC
330
1F
100
AcDbEntity
  8
DEFAULT
 62
     1
100
AcDbSpline
210
0.0
220
0.0
230
1.0
 70
     8
 71
     3
 72
    59
 73
    55
 74
     0
 42
0.000000001
 43
0.0000000001
 40
0.0
 40
0.0
 40
0.0
 40
0.0
 40
1.0
 40
1.0
 40
1.0
 40
2.0
 40
2.0
 40
2.0
 40
3.0
 40
3.0
 40
3.0
 40
4.0
 40
4.0
 40
4.0
 40
5.0
 40
5.0
 40
5.0
 40
6.0
 40
6.0
 40
6.0
 40
7.0
 40
7.0
 40
7.0
 40
8.014142135623759
 40
8.014142135623759
 40
8.014142135623759
 40
9.014142135623759
 40
9.014142135623759
 40
9.014142135623759
 40
10.02414213562375
 40
10.02414213562375
 40
10.02414213562375
 40
11.02414213562375
 40
11.02414213562375
 40
11.02414213562375
 40
12.03414213562374
 40
12.03414213562374
 40
12.03414213562374
 40
13.03414213562374
 40
13.03414213562374
 40
13.03414213562374
 40
14.04828427124746
 40
14.04828427124746
 40
14.04828427124746
 40
15.04828427124746
 40
15.04828427124746
 40
15.04828427124746
 40
16.04828427124746
 40
16.04828427124746
 40
16.04828427124746
 40
25.96828427124742
 40
25.96828427124742
 40
25.96828427124742
 40
29.71828427124742
 40
29.71828427124742
 40
29.71828427124742
 40
29.71828427124742
 10
174.9820111111111
 20
164.9670027777778
 30
0.0
 10
179.9773444444444
 20
165.0622527777778
 30
0.0
 10
181.8153166666666
 20
169.2779472222222
 30
0.0
 10
179.5504833333333
 20
152.6585861111111
 30
0.0
 10
178.68265
 20
143.2852805555555
 30
0.0
 10
179.0671777777777
 20
129.0824472222222
 30
0.0
 10
179.6951222222222
 20
122.7783083333333
 30
0.0
 10
180.3089555555555
 20
116.6505583333333
 30
0.0
 10
179.1236222222222
 20
118.3791694444444
 30
0.0
 10
176.5377611111111
 20
118.3791694444444
 30
0.0
 10
176.4142888888889
 20
118.3791694444444
 30
0.0
 10
176.3049277777777
 20
119.0035861111111
 30
0.0
 10
176.3049277777777
 20
119.7726416666666
 30
0.0
 10
176.3014
 20
120.6440027777778
 30
0.0
 10
176.2555388888889
 20
120.545225
 30
0.0
 10
176.2520111111111
 20
121.5188916666666
 30
0.0
 10
176.2520111111111
 20
122.4290583333333
 30
0.0
 10
176.2943444444444
 20
122.4008361111111
 30
0.0
 10
176.2978722222222
 20
123.116975
 30
0.0
 10
176.2943444444444
 20
123.8295861111111
 30
0.0
 10
176.2520111111111
 20
123.7978361111111
 30
0.0
 10
176.2520111111111
 20
124.7115305555555
 30
0.0
 10
176.2520111111111
 20
125.6816694444444
 30
0.0
 10
176.3014
 20
125.5864194444444
 30
0.0
 10
176.3049277777777
 20
126.4648361111111
 30
0.0
 10
176.3014
 20
127.3361972222222
 30
0.0
 10
176.2555388888889
 20
127.2374194444444
 30
0.0
 10
176.2520111111111
 20
128.2110861111111
 30
0.0
 10
176.2520111111111
 20
129.181225
 30
0.0
 10
176.3014
 20
129.0895027777778
 30
0.0
 10
176.3049277777777
 20
129.9643916666667
 30
0.0
 10
176.3014
 20
130.8392805555555
 30
0.0
 10
176.2555388888889
 20
130.7405027777778
 30
0.0
 10
176.2555388888889
 20
131.7141694444444
 30
0.0
 10
176.2555388888889
 20
132.6843083333333
 30
0.0
 10
176.3049277777777
 20
132.5890583333333
 30
0.0
 10
176.3084555555555
 20
133.4639472222222
 30
0.0
 10
176.3049277777777
 20
134.3388361111111
 30
0.0
 10
176.2555388888889
 20
134.2400583333333
 30
0.0
 10
176.2555388888889
 20
135.213725
 30
0.0
 10
176.2555388888889
 20
136.1838638888889
 30
0.0
 10
176.3049277777777
 20
136.0886138888889
 30
0.0
 10
176.3084555555555
 20
136.9670305555555
 30
0.0
 10
176.3049277777777
 20
137.8383916666666
 30
0.0
 10
176.2590666666667
 20
137.7396138888889
 30
0.0
 10
176.2555388888889
 20
138.7132805555555
 30
0.0
 10
176.2555388888889
 20
139.6834194444444
 30
0.0
 10
176.3049277777777
 20
139.5916972222222
 30
0.0
 10
176.3049277777777
 20
140.4665861111111
 30
0.0
 10
176.3049277777777
 20
141.6331046296296
 30
0.0
 10
176.3049277777777
 20
142.7996231481481
 30
0.0
 10
176.3049277777777
 20
143.9661416666666
 30
0.0
 10
175.8639555555555
 20
143.9661416666666
 30
0.0
 10
175.4229833333333
 20
143.9661416666666
 30
0.0
 10
174.9820111111111
 20
143.9661416666666
 30
0.0
  0
SPLINE
  5
2FD
330
1F
100
AcDbEntity
  8
DEFAULT
 62
     1
100
AcDbSpline
210
0.0
220
0.0
230
1.0
 70
     8
 71
     3
 72
    62
 73
    58
 74
     0
 42
0.000000001
 43
0.0000000001
 40
0.0
 40
0.0
 40
0.0
 40
0.0
 40
1.0
 40
1.0
 40
1.0
 40
2.0
 40
2.0
 40
2.0
 40
3.0
 40
3.0
 40
3.0
 40
4.0
 40
4.0
 40
4.0
 40
5.0
 40
5.0
 40
5.0
 40
6.0
 40
6.0
 40
6.0
 40
6.25
 40
6.25
 40
6.25
 40
7.25
 40
7.25
 40
7.25
 40
8.25
 40
8.25
 40
8.25
 40
9.25
 40
9.25
 40
9.25
 40
10.25
 40
10.25
 40
10.25
 40
11.25
 40
11.25
 40
11.25
 40
12.25
 40
12.25
 40
12.25
 40
13.25
 40
13.25
 40
13.25
 40
14.25
 40
14.25
 40
14.25
 40
15.25
 40
15.25
 40
15.25
 40
16.25
 40
16.25
 40
16.25
 40
26.17000504032126
 40
26.17000504032126
 40
26.17000504032126
 40
29.93000504032125
 40
29.93000504032125
 40
29.93000504032125
 40
29.93000504032125
 10
174.6328669444444
 20
164.9670027777778
 30
0.0
 10
169.6375336111111
 20
165.0657805555555
 30
0.0
 10
167.7995613888889
 20
169.2744194444444
 30
0.0
 10
170.0643947222222
 20
152.6585861111111
 30
0.0
 10
171.3343947222222
 20
143.3311416666667
 30
0.0
 10
170.5512280555555
 20
129.0824472222222
 30
0.0
 10
169.9197558333333
 20
122.7783083333333
 30
0.0
 10
169.3059225
 20
116.6505583333333
 30
0.0
 10
170.4912558333333
 20
118.3791694444444
 30
0.0
 10
173.0771169444444
 20
118.3791694444444
 30
0.0
 10
173.2005891666666
 20
118.3791694444444
 30
0.0
 10
173.3028947222222
 20
119.0000583333333
 30
0.0
 10
173.3028947222222
 20
119.7691138888889
 30
0.0
 10
173.3028947222222
 20
120.6440027777778
 30
0.0
 10
173.3558113888889
 20
120.545225
 30
0.0
 10
173.3522836111111
 20
121.5188916666666
 30
0.0
 10
173.3522836111111
 20
122.4572805555555
 30
0.0
 10
173.3064225
 20
122.4008361111111
 30
0.0
 10
173.3064225
 20
123.180475
 30
0.0
 10
173.3064225
 20
123.2098731481481
 30
0.0
 10
173.3064225
 20
123.2392712962963
 30
0.0
 10
173.3064225
 20
123.2686694444444
 30
0.0
 10
173.3170058333333
 20
123.8295861111111
 30
0.0
 10
173.3522836111111
 20
123.8683916666667
 30
0.0
 10
173.3522836111111
 20
124.7115305555555
 30
0.0
 10
173.3522836111111
 20
125.6816694444444
 30
0.0
 10
173.3028947222222
 20
125.5864194444444
 30
0.0
 10
173.3028947222222
 20
126.4613083333333
 30
0.0
 10
173.3028947222222
 20
127.3361972222222
 30
0.0
 10
173.3558113888889
 20
127.2409472222222
 30
0.0
 10
173.3522836111111
 20
128.2110861111111
 30
0.0
 10
173.3522836111111
 20
129.1847527777778
 30
0.0
 10
173.3028947222222
 20
129.085975
 30
0.0
 10
173.3064225
 20
129.9608638888889
 30
0.0
 10
173.3064225
 20
130.8357527777778
 30
0.0
 10
173.3558113888889
 20
130.7405027777778
 30
0.0
 10
173.3558113888889
 20
131.7141694444444
 30
0.0
 10
173.3558113888889
 20
132.6843083333333
 30
0.0
 10
173.3064225
 20
132.5890583333333
 30
0.0
 10
173.3064225
 20
133.4639472222222
 30
0.0
 10
173.3064225
 20
134.3388361111111
 30
0.0
 10
173.3558113888889
 20
134.2400583333333
 30
0.0
 10
173.3558113888889
 20
135.213725
 30
0.0
 10
173.3558113888889
 20
136.1838638888889
 30
0.0
 10
173.3064225
 20
136.0886138888889
 30
0.0
 10
173.3064225
 20
136.9635027777778
 30
0.0
 10
173.3064225
 20
137.8383916666666
 30
0.0
 10
173.3593391666666
 20
137.7431416666666
 30
0.0
 10
173.3558113888889
 20
138.7168083333333
 30
0.0
 10
173.3558113888889
 20
139.6869472222222
 30
0.0
 10
173.3099502777777
 20
139.5881694444444
 30
0.0
 10
173.3099502777777
 20
140.4630583333333
 30
0.0
 10
173.3087743518518
 20
141.6295768518518
 30
0.0
 10
173.3075984259259
 20
142.7960953703704
 30
0.0
 10
173.3064225
 20
143.9626138888889
 30
0.0
 10
173.7485706481481
 20
143.9626138888889
 30
0.0
 10
174.1907187962962
 20
143.9626138888889
 30
0.0
 10
174.6328669444444
 20
143.9626138888889
 30
0.0
  0
SPLINE
  5
2FE
330
1F
100
AcDbEntity
  8
DEFAULT
 62
     7
100
AcDbSpline
210
0.0
220
0.0
230
1.0
 70
    11
 71
     3
 72
    17
 73
    13
 74
     0
 42
0.000000001
 43
0.0000000001
 40
0.0
 40
0.0
 40
0.0
 40
0.0
 40
1.0
 40
1.0
 40
1.0
 40
2.0
 40
2.0
 40
2.0
 40
3.0
 40
3.0
 40
3.0
 40
4.0
 40
4.0
 40
4.0
 40
4.0
 10
189.1244841666667
 20
145.9648747222222
 30
0.0
 10
189.1244841666667
 20
145.6886497222222
 30
0.0
 10
188.9008230555555
 20
145.4649886111111
 30
0.0
 10
188.6245980555555
 20
145.4649886111111
 30
0.0
 10
188.3483730555555
 20
145.4649886111111
 30
0.0
 10
188.1247119444444
 20
145.6886497222222
 30
0.0
 10
188.1247119444444
 20
145.9648747222222
 30
0.0
 10
188.1247119444444
 20
146.2410997222222
 30
0.0
 10
188.3483730555555
 20
146.4647608333333
 30
0.0
 10
188.6245980555555
 20
146.4647608333333
 30
0.0
 10
188.9008230555555
 20
146.4647608333333
 30
0.0
 10
189.1244841666667
 20
146.2410997222222
 30
0.0
 10
189.1244841666667
 20
145.9648747222222
 30
0.0
  0
SPLINE
  5
2FF
330
1F
100
AcDbEntity
  8
DEFAULT
 62
     7
100
AcDbSpline
210
0.0
220
0.0
230
1.0
 70
    11
 71
     3
 72
    17
 73
    13
 74
     0
 42
0.000000001
 43
0.0000000001
 40
0.0
 40
0.0
 40
0.0
 40
0.0
 40
1.0
 40
1.0
 40
1.0
 40
2.0
 40
2.0
 40
2.0
 40
3.0
 40
3.0
 40
3.0
 40
4.0
 40
4.0
 40
4.0
 40
4.0
 10
189.1244841666667
 20
147.4648858333333
 30
0.0
 10
189.1244841666667
 20
147.1886608333333
 30
0.0
 10
188.9008230555555
 20
146.9649997222222
 30
0.0
 10
188.6245980555555
 20
146.9649997222222
 30
0.0
 10
188.3483730555555
 20
146.9649997222222
 30
0.0
 10
188.1247119444444
 20
147.1886608333333
 30
0.0
 10
188.1247119444444
 20
147.4648858333333
 30
0.0
 10
188.1247119444444
 20
147.7411108333333
 30
0.0
 10
188.3483730555555
 20
147.9647719444444
 30
0.0
 10
188.6245980555555
 20
147.9647719444444
 30
0.0
 10
188.9008230555555
 20
147.9647719444444
 30
0.0
 10
189.1244841666667
 20
147.7411108333333
 30
0.0
 10
189.1244841666667
 20
147.4648858333333
 30
0.0
  0
SPLINE
  5
300
330
1F
100
AcDbEntity
  8
DEFAULT
 62
     1
100
AcDbSpline
210
0.0
220
0.0
230
1.0
 70
     8
 71
     3
 72
    59
 73
    55
 74
     0
 42
0.000000001
 43
0.0000000001
 40
0.0
 40
0.0
 40
0.0
 40
0.0
 40
1.0
 40
1.0
 40
1.0
 40
2.0
 40
2.0
 40
2.0
 40
3.0
 40
3.0
 40
3.0
 40
4.0
 40
4.0
 40
4.0
 40
5.0
 40
5.0
 40
5.0
 40
6.0
 40
6.0
 40
6.0
 40
7.0
 40
7.0
 40
7.0
 40
8.014142135623759
 40
8.014142135623759
 40
8.014142135623759
 40
9.014142135623759
 40
9.014142135623759
 40
9.014142135623759
 40
10.02414213562375
 40
10.02414213562375
 40
10.02414213562375
 40
11.02414213562375
 40
11.02414213562375
 40
11.02414213562375
 40
12.03414213562374
 40
12.03414213562374
 40
12.03414213562374
 40
13.03414213562374
 40
13.03414213562374
 40
13.03414213562374
 40
14.04828427124746
 40
14.04828427124746
 40
14.04828427124746
 40
15.04828427124746
 40
15.04828427124746
 40
15.04828427124746
 40
16.04828427124746
 40
16.04828427124746
 40
16.04828427124746
 40
25.96828427124742
 40
25.96828427124742
 40
25.96828427124742
 40
29.71828427124742
 40
29.71828427124742
 40
29.71828427124742
 40
29.71828427124742
 10
188.8002813888889
 20
164.9670027777778
 30
0.0
 10
193.7956147222222
 20
165.0622527777778
 30
0.0
 10
195.6335869444444
 20
169.2779472222222
 30
0.0
 10
193.3687536111111
 20
152.6585861111111
 30
0.0
 10
192.5009202777778
 20
143.2852805555555
 30
0.0
 10
192.8854480555556
 20
129.0824472222222
 30
0.0
 10
193.5133925
 20
122.7783083333333
 30
0.0
 10
194.1272258333333
 20
116.6505583333333
 30
0.0
 10
192.9418925
 20
118.3791694444444
 30
0.0
 10
190.3560313888889
 20
118.3791694444444
 30
0.0
 10
190.2325591666666
 20
118.3791694444444
 30
0.0
 10
190.1231980555555
 20
119.0035861111111
 30
0.0
 10
190.1231980555555
 20
119.7726416666666
 30
0.0
 10
190.1196702777778
 20
120.6440027777778
 30
0.0
 10
190.0738091666667
 20
120.545225
 30
0.0
 10
190.0702813888889
 20
121.5188916666666
 30
0.0
 10
190.0702813888889
 20
122.4290583333333
 30
0.0
 10
190.1126147222222
 20
122.4008361111111
 30
0.0
 10
190.1161425
 20
123.116975
 30
0.0
 10
190.1126147222222
 20
123.8295861111111
 30
0.0
 10
190.0702813888889
 20
123.7978361111111
 30
0.0
 10
190.0702813888889
 20
124.7115305555555
 30
0.0
 10
190.0702813888889
 20
125.6816694444444
 30
0.0
 10
190.1196702777778
 20
125.5864194444444
 30
0.0
 10
190.1231980555555
 20
126.4648361111111
 30
0.0
 10
190.1196702777778
 20
127.3361972222222
 30
0.0
 10
190.0738091666667
 20
127.2374194444444
 30
0.0
 10
190.0702813888889
 20
128.2110861111111
 30
0.0
 10
190.0702813888889
 20
129.181225
 30
0.0
 10
190.1196702777778
 20
129.0895027777778
 30
0.0
 10
190.1231980555555
 20
129.9643916666667
 30
0.0
 10
190.1196702777778
 20
130.8392805555555
 30
0.0
 10
190.0738091666667
 20
130.7405027777778
 30
0.0
 10
190.0738091666667
 20
131.7141694444444
 30
0.0
 10
190.0738091666667
 20
132.6843083333333
 30
0.0
 10
190.1231980555555
 20
132.5890583333333
 30
0.0
 10
190.1267258333333
 20
133.4639472222222
 30
0.0
 10
190.1231980555555
 20
134.3388361111111
 30
0.0
 10
190.0738091666667
 20
134.2400583333333
 30
0.0
 10
190.0738091666667
 20
135.213725
 30
0.0
 10
190.0738091666667
 20
136.1838638888889
 30
0.0
 10
190.1231980555555
 20
136.0886138888889
 30
0.0
 10
190.1267258333333
 20
136.9670305555555
 30
0.0
 10
190.1231980555555
 20
137.8383916666666
 30
0.0
 10
190.0773369444445
 20
137.7396138888889
 30
0.0
 10
190.0738091666667
 20
138.7132805555555
 30
0.0
 10
190.0738091666667
 20
139.6834194444444
 30
0.0
 10
190.1231980555555
 20
139.5916972222222
 30
0.0
 10
190.1231980555555
 20
140.4665861111111
 30
0.0
 10
190.1231980555555
 20
141.6331046296296
 30
0.0
 10
190.1231980555555
 20
142.7996231481481
 30
0.0
 10
190.1231980555555
 20
143.9661416666666
 30
0.0
 10
189.6822258333333
 20
143.9661416666666
 30
0.0
 10
189.2412536111111
 20
143.9661416666666
 30
0.0
 10
188.8002813888889
 20
143.9661416666666
 30
0.0
  0
SPLINE
  5
301
330
1F
100
AcDbEntity
  8
DEFAULT
 62
     1
100
AcDbSpline
210
0.0
220
0.0
230
1.0
 70
     8
 71
     3
 72
    62
 73
    58
 74
     0
 42
0.000000001
 43
0.0000000001
 40
0.0
 40
0.0
 40
0.0
 40
0.0
 40
1.0
 40
1.0
 40
1.0
 40
2.0
 40
2.0
 40
2.0
 40
3.0
 40
3.0
 40
3.0
 40
4.0
 40
4.0
 40
4.0
 40
5.0
 40
5.0
 40
5.0
 40
6.0
 40
6.0
 40
6.0
 40
6.25
 40
6.25
 40
6.25
 40
7.25
 40
7.25
 40
7.25
 40
8.25
 40
8.25
 40
8.25
 40
9.25
 40
9.25
 40
9.25
 40
10.25
 40
10.25
 40
10.25
 40
11.25
 40
11.25
 40
11.25
 40
12.25
 40
12.25
 40
12.25
 40
13.25
 40
13.25
 40
13.25
 40
14.25
 40
14.25
 40
14.25
 40
15.25
 40
15.25
 40
15.25
 40
16.25
 40
16.25
 40
16.25
 40
26.17000504032126
 40
26.17000504032126
 40
26.17000504032126
 40
29.93000504032125
 40
29.93000504032125
 40
29.93000504032125
 40
29.93000504032125
 10
188.4511372222222
 20
164.9670027777778
 30
0.0
 10
183.4558038888889
 20
165.0657805555555
 30
0.0
 10
181.6178316666666
 20
169.2744194444444
 30
0.0
 10
183.8826649999999
 20
152.6585861111111
 30
0.0
 10
185.152665
 20
143.3311416666667
 30
0.0
 10
184.3694983333333
 20
129.0824472222222
 30
0.0
 10
183.7380261111111
 20
122.7783083333333
 30
0.0
 10
183.1241927777778
 20
116.6505583333333
 30
0.0
 10
184.3095261111111
 20
118.3791694444444
 30
0.0
 10
186.8953872222222
 20
118.3791694444444
 30
0.0
 10
187.0188594444444
 20
118.3791694444444
 30
0.0
 10
187.121165
 20
119.0000583333333
 30
0.0
 10
187.121165
 20
119.7691138888889
 30
0.0
 10
187.121165
 20
120.6440027777778
 30
0.0
 10
187.1740816666666
 20
120.545225
 30
0.0
 10
187.1705538888889
 20
121.5188916666666
 30
0.0
 10
187.1705538888889
 20
122.4572805555555
 30
0.0
 10
187.1246927777777
 20
122.4008361111111
 30
0.0
 10
187.1246927777777
 20
123.180475
 30
0.0
 10
187.1246927777778
 20
123.2098731481481
 30
0.0
 10
187.1246927777778
 20
123.2392712962963
 30
0.0
 10
187.1246927777777
 20
123.2686694444444
 30
0.0
 10
187.1352761111111
 20
123.8295861111111
 30
0.0
 10
187.1705538888889
 20
123.8683916666667
 30
0.0
 10
187.1705538888889
 20
124.7115305555555
 30
0.0
 10
187.1705538888889
 20
125.6816694444444
 30
0.0
 10
187.121165
 20
125.5864194444444
 30
0.0
 10
187.121165
 20
126.4613083333333
 30
0.0
 10
187.121165
 20
127.3361972222222
 30
0.0
 10
187.1740816666666
 20
127.2409472222222
 30
0.0
 10
187.1705538888889
 20
128.2110861111111
 30
0.0
 10
187.1705538888889
 20
129.1847527777778
 30
0.0
 10
187.121165
 20
129.085975
 30
0.0
 10
187.1246927777777
 20
129.9608638888889
 30
0.0
 10
187.1246927777777
 20
130.8357527777778
 30
0.0
 10
187.1740816666666
 20
130.7405027777778
 30
0.0
 10
187.1740816666666
 20
131.7141694444444
 30
0.0
 10
187.1740816666666
 20
132.6843083333333
 30
0.0
 10
187.1246927777777
 20
132.5890583333333
 30
0.0
 10
187.1246927777777
 20
133.4639472222222
 30
0.0
 10
187.1246927777777
 20
134.3388361111111
 30
0.0
 10
187.1740816666666
 20
134.2400583333333
 30
0.0
 10
187.1740816666666
 20
135.213725
 30
0.0
 10
187.1740816666666
 20
136.1838638888889
 30
0.0
 10
187.1246927777777
 20
136.0886138888889
 30
0.0
 10
187.1246927777777
 20
136.9635027777778
 30
0.0
 10
187.1246927777777
 20
137.8383916666666
 30
0.0
 10
187.1776094444444
 20
137.7431416666666
 30
0.0
 10
187.1740816666666
 20
138.7168083333333
 30
0.0
 10
187.1740816666666
 20
139.6869472222222
 30
0.0
 10
187.1282205555555
 20
139.5881694444444
 30
0.0
 10
187.1282205555555
 20
140.4630583333333
 30
0.0
 10
187.1270446296296
 20
141.6295768518518
 30
0.0
 10
187.1258687037036
 20
142.7960953703704
 30
0.0
 10
187.1246927777777
 20
143.9626138888889
 30
0.0
 10
187.5668409259259
 20
143.9626138888889
 30
0.0
 10
188.0089890740741
 20
143.9626138888889
 30
0.0
 10
188.4511372222222
 20
143.9626138888889
 30
0.0
  0
SPLINE
  5
302
330
1F
100
AcDbEntity
  8
DEFAULT
 62
     7
100
AcDbSpline
210
0.0
220
0.0
230
1.0
 70
    11
 71
     3
 72
    17
 73
    13
 74
     0
 42
0.000000001
 43
0.0000000001
 40
0.0
 40
0.0
 40
0.0
 40
0.0
 40
1.0
 40
1.0
 40
1.0
 40
2.0
 40
2.0
 40
2.0
 40
3.0
 40
3.0
 40
3.0
 40
4.0
 40
4.0
 40
4.0
 40
4.0
 10
175.3065313888889
 20
96.20204138888887
 30
0.0
 10
175.3065313888889
 20
95.92581638888886
 30
0.0
 10
175.0825175
 20
95.70215527777776
 30
0.0
 10
174.8066452777778
 20
95.70215527777776
 30
0.0
 10
174.5304202777778
 20
95.70215527777776
 30
0.0
 10
174.3064063888889
 20
95.92581638888886
 30
0.0
 10
174.3064063888889
 20
96.20204138888887
 30
0.0
 10
174.3064063888889
 20
96.47826638888888
 30
0.0
 10
174.5304202777778
 20
96.70192749999997
 30
0.0
 10
174.8066452777778
 20
96.70192749999997
 30
0.0
 10
175.0825175
 20
96.70192749999997
 30
0.0
 10
175.3065313888889
 20
96.47826638888888
 30
0.0
 10
175.3065313888889
 20
96.20204138888887
 30
0.0
  0
SPLINE
  5
303
330
1F
100
AcDbEntity
  8
DEFAULT
 62
     7
100
AcDbSpline
210
0.0
220
0.0
230
1.0
 70
    11
 71
     3
 72
    17
 73
    13
 74
     0
 42
0.000000001
 43
0.0000000001
 40
0.0
 40
0.0
 40
0.0
 40
0.0
 40
1.0
 40
1.0
 40
1.0
 40
2.0
 40
2.0
 40
2.0
 40
3.0
 40
3.0
 40
3.0
 40
4.0
 40
4.0
 40
4.0
 40
4.0
 10
175.3065313888889
 20
97.70201722222221
 30
0.0
 10
175.3065313888889
 20
97.42579222222221
 30
0.0
 10
175.0825175
 20
97.20213111111111
 30
0.0
 10
174.8066452777778
 20
97.20213111111111
 30
0.0
 10
174.5304202777778
 20
97.20213111111111
 30
0.0
 10
174.3064063888889
 20
97.42579222222221
 30
0.0
 10
174.3064063888889
 20
97.70201722222221
 30
0.0
 10
174.3064063888889
 20
97.97824222222222
 30
0.0
 10
174.5304202777778
 20
98.20190333333332
 30
0.0
 10
174.8066452777778
 20
98.20190333333332
 30
0.0
 10
175.0825175
 20
98.20190333333332
 30
0.0
 10
175.3065313888889
 20
97.97824222222222
 30
0.0
 10
175.3065313888889
 20
97.70201722222221
 30
0.0
  0
SPLINE
  5
304
330
1F
100
AcDbEntity
  8
DEFAULT
 62
     1
100
AcDbSpline
210
0.0
220
0.0
230
1.0
 70
     8
 71
     3
 72
    59
 73
    55
 74
     0
 42
0.000000001
 43
0.0000000001
 40
0.0
 40
0.0
 40
0.0
 40
0.0
 40
1.0
 40
1.0
 40
1.0
 40
2.0
 40
2.0
 40
2.0
 40
3.0
 40
3.0
 40
3.0
 40
4.0
 40
4.0
 40
4.0
 40
5.0
 40
5.0
 40
5.0
 40
6.0
 40
6.0
 40
6.0
 40
7.0
 40
7.0
 40
7.0
 40
8.014142135623738
 40
8.014142135623738
 40
8.014142135623738
 40
9.014142135623738
 40
9.014142135623738
 40
9.014142135623738
 40
10.02414213562373
 40
10.02414213562373
 40
10.02414213562373
 40
11.02414213562373
 40
11.02414213562373
 40
11.02414213562373
 40
12.03414213562372
 40
12.03414213562372
 40
12.03414213562372
 40
13.03414213562372
 40
13.03414213562372
 40
13.03414213562372
 40
14.04828427124744
 40
14.04828427124744
 40
14.04828427124744
 40
15.04828427124744
 40
15.04828427124744
 40
15.04828427124744
 40
16.04828427124744
 40
16.04828427124744
 40
16.04828427124744
 40
25.96828427124746
 40
25.96828427124746
 40
25.96828427124746
 40
29.71828427124746
 40
29.71828427124746
 40
29.71828427124746
 40
29.71828427124746
 10
174.9820111111111
 20
115.2041341666667
 30
0.0
 10
179.9773444444444
 20
115.2993841666667
 30
0.0
 10
181.8153166666666
 20
119.5150786111111
 30
0.0
 10
179.5504833333333
 20
102.8957175
 30
0.0
 10
178.68265
 20
93.52241194444444
 30
0.0
 10
179.0671777777777
 20
79.31957861111111
 30
0.0
 10
179.6951222222222
 20
73.01543972222223
 30
0.0
 10
180.3089555555555
 20
66.88768972222222
 30
0.0
 10
179.1236222222222
 20
68.61594805555555
 30
0.0
 10
176.5377611111111
 20
68.61594805555555
 30
0.0
 10
176.4142888888889
 20
68.61594805555555
 30
0.0
 10
176.3049277777777
 20
69.2407175
 30
0.0
 10
176.3049277777777
 20
70.00977305555556
 30
0.0
 10
176.3014
 20
70.88113416666667
 30
0.0
 10
176.2555388888889
 20
70.78235638888889
 30
0.0
 10
176.2520111111111
 20
71.75602305555556
 30
0.0
 10
176.2520111111111
 20
72.66618972222223
 30
0.0
 10
176.2943444444444
 20
72.6379675
 30
0.0
 10
176.2978722222222
 20
73.3541063888889
 30
0.0
 10
176.2943444444444
 20
74.0667175
 30
0.0
 10
176.2520111111111
 20
74.03496750000001
 30
0.0
 10
176.2520111111111
 20
74.94866194444444
 30
0.0
 10
176.2520111111111
 20
75.91880083333332
 30
0.0
 10
176.3014
 20
75.82355083333333
 30
0.0
 10
176.3049277777777
 20
76.70196750000001
 30
0.0
 10
176.3014
 20
77.57332861111111
 30
0.0
 10
176.2555388888889
 20
77.47455083333334
 30
0.0
 10
176.2520111111111
 20
78.4482175
 30
0.0
 10
176.2520111111111
 20
79.41835638888888
 30
0.0
 10
176.3014
 20
79.32663416666666
 30
0.0
 10
176.3049277777777
 20
80.20152305555555
 30
0.0
 10
176.3014
 20
81.07641194444444
 30
0.0
 10
176.2555388888889
 20
80.97763416666668
 30
0.0
 10
176.2555388888889
 20
81.95130083333333
 30
0.0
 10
176.2555388888889
 20
82.92143972222222
 30
0.0
 10
176.3049277777777
 20
82.82618972222222
 30
0.0
 10
176.3084555555555
 20
83.7010786111111
 30
0.0
 10
176.3049277777777
 20
84.5759675
 30
0.0
 10
176.2555388888889
 20
84.47718972222222
 30
0.0
 10
176.2555388888889
 20
85.45085638888888
 30
0.0
 10
176.2555388888889
 20
86.42099527777778
 30
0.0
 10
176.3049277777777
 20
86.32574527777777
 30
0.0
 10
176.3084555555555
 20
87.20416194444444
 30
0.0
 10
176.3049277777777
 20
88.07552305555555
 30
0.0
 10
176.2590666666667
 20
87.97674527777777
 30
0.0
 10
176.2555388888889
 20
88.95041194444444
 30
0.0
 10
176.2555388888889
 20
89.92055083333332
 30
0.0
 10
176.3049277777777
 20
89.8288286111111
 30
0.0
 10
176.3049277777777
 20
90.7037175
 30
0.0
 10
176.3049277777777
 20
91.87023601851853
 30
0.0
 10
176.3049277777777
 20
93.03675453703704
 30
0.0
 10
176.3049277777777
 20
94.20327305555556
 30
0.0
 10
175.8639555555555
 20
94.20327305555556
 30
0.0
 10
175.4229833333333
 20
94.20327305555556
 30
0.0
 10
174.9820111111111
 20
94.20327305555556
 30
0.0
  0
SPLINE
  5
305
330
1F
100
AcDbEntity
  8
DEFAULT
 62
     1
100
AcDbSpline
210
0.0
220
0.0
230
1.0
 70
     8
 71
     3
 72
    62
 73
    58
 74
     0
 42
0.000000001
 43
0.0000000001
 40
0.0
 40
0.0
 40
0.0
 40
0.0
 40
1.0
 40
1.0
 40
1.0
 40
2.0
 40
2.0
 40
2.0
 40
3.0
 40
3.0
 40
3.0
 40
4.0
 40
4.0
 40
4.0
 40
5.0
 40
5.0
 40
5.0
 40
6.0
 40
6.0
 40
6.0
 40
6.25
 40
6.25
 40
6.25
 40
7.25
 40
7.25
 40
7.25
 40
8.25
 40
8.25
 40
8.25
 40
9.25
 40
9.25
 40
9.25
 40
10.25
 40
10.25
 40
10.25
 40
11.25
 40
11.25
 40
11.25
 40
12.25
 40
12.25
 40
12.25
 40
13.25
 40
13.25
 40
13.25
 40
14.25
 40
14.25
 40
14.25
 40
15.25
 40
15.25
 40
15.25
 40
16.25
 40
16.25
 40
16.25
 40
26.17000504032126
 40
26.17000504032126
 40
26.17000504032126
 40
29.93000504032125
 40
29.93000504032125
 40
29.93000504032125
 40
29.93000504032125
 10
174.6328669444444
 20
115.2041341666667
 30
0.0
 10
169.6375336111111
 20
115.3029119444444
 30
0.0
 10
167.7995613888889
 20
119.5115508333333
 30
0.0
 10
170.0643947222222
 20
102.8957175
 30
0.0
 10
171.3343947222222
 20
93.56827305555555
 30
0.0
 10
170.5512280555555
 20
79.31957861111111
 30
0.0
 10
169.9197558333333
 20
73.01543972222223
 30
0.0
 10
169.3059225
 20
66.88768972222222
 30
0.0
 10
170.4912558333333
 20
68.61594805555555
 30
0.0
 10
173.0771169444444
 20
68.61594805555555
 30
0.0
 10
173.2005891666666
 20
68.61594805555555
 30
0.0
 10
173.3028947222222
 20
69.23718972222221
 30
0.0
 10
173.3028947222222
 20
70.00624527777778
 30
0.0
 10
173.3028947222222
 20
70.88113416666667
 30
0.0
 10
173.3558113888889
 20
70.78235638888889
 30
0.0
 10
173.3522836111111
 20
71.75602305555556
 30
0.0
 10
173.3522836111111
 20
72.69441194444444
 30
0.0
 10
173.3064225
 20
72.6379675
 30
0.0
 10
173.3064225
 20
73.41760638888888
 30
0.0
 10
173.3064225
 20
73.44700453703705
 30
0.0
 10
173.3064225
 20
73.47640268518519
 30
0.0
 10
173.3064225
 20
73.50580083333334
 30
0.0
 10
173.3170058333333
 20
74.0667175
 30
0.0
 10
173.3522836111111
 20
74.10552305555555
 30
0.0
 10
173.3522836111111
 20
74.94866194444444
 30
0.0
 10
173.3522836111111
 20
75.91880083333332
 30
0.0
 10
173.3028947222222
 20
75.82355083333333
 30
0.0
 10
173.3028947222222
 20
76.69843972222222
 30
0.0
 10
173.3028947222222
 20
77.57332861111111
 30
0.0
 10
173.3558113888889
 20
77.47807861111112
 30
0.0
 10
173.3522836111111
 20
78.4482175
 30
0.0
 10
173.3522836111111
 20
79.42188416666666
 30
0.0
 10
173.3028947222222
 20
79.32310638888889
 30
0.0
 10
173.3064225
 20
80.19799527777776
 30
0.0
 10
173.3064225
 20
81.07288416666667
 30
0.0
 10
173.3558113888889
 20
80.97763416666668
 30
0.0
 10
173.3558113888889
 20
81.95130083333333
 30
0.0
 10
173.3558113888889
 20
82.92143972222222
 30
0.0
 10
173.3064225
 20
82.82618972222222
 30
0.0
 10
173.3064225
 20
83.7010786111111
 30
0.0
 10
173.3064225
 20
84.5759675
 30
0.0
 10
173.3558113888889
 20
84.47718972222222
 30
0.0
 10
173.3558113888889
 20
85.45085638888888
 30
0.0
 10
173.3558113888889
 20
86.42099527777778
 30
0.0
 10
173.3064225
 20
86.32574527777777
 30
0.0
 10
173.3064225
 20
87.20063416666666
 30
0.0
 10
173.3064225
 20
88.07552305555555
 30
0.0
 10
173.3593391666666
 20
87.98027305555554
 30
0.0
 10
173.3558113888889
 20
88.95393972222222
 30
0.0
 10
173.3558113888889
 20
89.92407861111111
 30
0.0
 10
173.3099502777777
 20
89.82530083333333
 30
0.0
 10
173.3099502777777
 20
90.70018972222222
 30
0.0
 10
173.3087743518518
 20
91.86670824074072
 30
0.0
 10
173.3075984259259
 20
93.03322675925925
 30
0.0
 10
173.3064225
 20
94.19974527777777
 30
0.0
 10
173.7485706481481
 20
94.19974527777777
 30
0.0
 10
174.1907187962962
 20
94.19974527777777
 30
0.0
 10
174.6328669444444
 20
94.19974527777777
 30
0.0
  0
SPLINE
  5
306
330
1F
100
AcDbEntity
  8
DEFAULT
 62
     7
100
AcDbSpline
210
0.0
220
0.0
230
1.0
 70
    11
 71
     3
 72
    17
 73
    13
 74
     0
 42
0.000000001
 43
0.0000000001
 40
0.0
 40
0.0
 40
0.0
 40
0.0
 40
1.0
 40
1.0
 40
1.0
 40
2.0
 40
2.0
 40
2.0
 40
3.0
 40
3.0
 40
3.0
 40
4.0
 40
4.0
 40
4.0
 40
4.0
 10
189.1244841666667
 20
96.20204138888887
 30
0.0
 10
189.1244841666667
 20
95.92581638888886
 30
0.0
 10
188.9008230555555
 20
95.70215527777776
 30
0.0
 10
188.6245980555555
 20
95.70215527777776
 30
0.0
 10
188.3483730555555
 20
95.70215527777776
 30
0.0
 10
188.1247119444444
 20
95.92581638888886
 30
0.0
 10
188.1247119444444
 20
96.20204138888887
 30
0.0
 10
188.1247119444444
 20
96.47826638888888
 30
0.0
 10
188.3483730555555
 20
96.70192749999997
 30
0.0
 10
188.6245980555555
 20
96.70192749999997
 30
0.0
 10
188.9008230555555
 20
96.70192749999997
 30
0.0
 10
189.1244841666667
 20
96.47826638888888
 30
0.0
 10
189.1244841666667
 20
96.20204138888887
 30
0.0
  0
SPLINE
  5
307
330
1F
100
AcDbEntity
  8
DEFAULT
 62
     7
100
AcDbSpline
210
0.0
220
0.0
230
1.0
 70
    11
 71
     3
 72
    17
 73
    13
 74
     0
 42
0.000000001
 43
0.0000000001
 40
0.0
 40
0.0
 40
0.0
 40
0.0
 40
1.0
 40
1.0
 40
1.0
 40
2.0
 40
2.0
 40
2.0
 40
3.0
 40
3.0
 40
3.0
 40
4.0
 40
4.0
 40
4.0
 40
4.0
 10
189.1244841666667
 20
97.70201722222221
 30
0.0
 10
189.1244841666667
 20
97.42579222222221
 30
0.0
 10
188.9008230555555
 20
97.20213111111111
 30
0.0
 10
188.6245980555555
 20
97.20213111111111
 30
0.0
 10
188.3483730555555
 20
97.20213111111111
 30
0.0
 10
188.1247119444444
 20
97.42579222222221
 30
0.0
 10
188.1247119444444
 20
97.70201722222221
 30
0.0
 10
188.1247119444444
 20
97.97824222222222
 30
0.0
 10
188.3483730555555
 20
98.20190333333332
 30
0.0
 10
188.6245980555555
 20
98.20190333333332
 30
0.0
 10
188.9008230555555
 20
98.20190333333332
 30
0.0
 10
189.1244841666667
 20
97.97824222222222
 30
0.0
 10
189.1244841666667
 20
97.70201722222221
 30
0.0
  0
SPLINE
  5
308
330
1F
100
AcDbEntity
  8
DEFAULT
 62
     1
100
AcDbSpline
210
0.0
220
0.0
230
1.0
 70
     8
 71
     3
 72
    59
 73
    55
 74
     0
 42
0.000000001
 43
0.0000000001
 40
0.0
 40
0.0
 40
0.0
 40
0.0
 40
1.0
 40
1.0
 40
1.0
 40
2.0
 40
2.0
 40
2.0
 40
3.0
 40
3.0
 40
3.0
 40
4.0
 40
4.0
 40
4.0
 40
5.0
 40
5.0
 40
5.0
 40
6.0
 40
6.0
 40
6.0
 40
7.0
 40
7.0
 40
7.0
 40
8.014142135623738
 40
8.014142135623738
 40
8.014142135623738
 40
9.014142135623738
 40
9.014142135623738
 40
9.014142135623738
 40
10.02414213562373
 40
10.02414213562373
 40
10.02414213562373
 40
11.02414213562373
 40
11.02414213562373
 40
11.02414213562373
 40
12.03414213562372
 40
12.03414213562372
 40
12.03414213562372
 40
13.03414213562372
 40
13.03414213562372
 40
13.03414213562372
 40
14.04828427124744
 40
14.04828427124744
 40
14.04828427124744
 40
15.04828427124744
 40
15.04828427124744
 40
15.04828427124744
 40
16.04828427124744
 40
16.04828427124744
 40
16.04828427124744
 40
25.96828427124746
 40
25.96828427124746
 40
25.96828427124746
 40
29.71828427124746
 40
29.71828427124746
 40
29.71828427124746
 40
29.71828427124746
 10
188.8002813888889
 20
115.2041341666667
 30
0.0
 10
193.7956147222222
 20
115.2993841666667
 30
0.0
 10
195.6335869444444
 20
119.5150786111111
 30
0.0
 10
193.3687536111111
 20
102.8957175
 30
0.0
 10
192.5009202777778
 20
93.52241194444444
 30
0.0
 10
192.8854480555556
 20
79.31957861111111
 30
0.0
 10
193.5133925
 20
73.01543972222223
 30
0.0
 10
194.1272258333333
 20
66.88768972222222
 30
0.0
 10
192.9418925
 20
68.61594805555555
 30
0.0
 10
190.3560313888889
 20
68.61594805555555
 30
0.0
 10
190.2325591666666
 20
68.61594805555555
 30
0.0
 10
190.1231980555555
 20
69.2407175
 30
0.0
 10
190.1231980555555
 20
70.00977305555556
 30
0.0
 10
190.1196702777778
 20
70.88113416666667
 30
0.0
 10
190.0738091666667
 20
70.78235638888889
 30
0.0
 10
190.0702813888889
 20
71.75602305555556
 30
0.0
 10
190.0702813888889
 20
72.66618972222223
 30
0.0
 10
190.1126147222222
 20
72.6379675
 30
0.0
 10
190.1161425
 20
73.3541063888889
 30
0.0
 10
190.1126147222222
 20
74.0667175
 30
0.0
 10
190.0702813888889
 20
74.03496750000001
 30
0.0
 10
190.0702813888889
 20
74.94866194444444
 30
0.0
 10
190.0702813888889
 20
75.91880083333332
 30
0.0
 10
190.1196702777778
 20
75.82355083333333
 30
0.0
 10
190.1231980555555
 20
76.70196750000001
 30
0.0
 10
190.1196702777778
 20
77.57332861111111
 30
0.0
 10
190.0738091666667
 20
77.47455083333334
 30
0.0
 10
190.0702813888889
 20
78.4482175
 30
0.0
 10
190.0702813888889
 20
79.41835638888888
 30
0.0
 10
190.1196702777778
 20
79.32663416666666
 30
0.0
 10
190.1231980555555
 20
80.20152305555555
 30
0.0
 10
190.1196702777778
 20
81.07641194444444
 30
0.0
 10
190.0738091666667
 20
80.97763416666668
 30
0.0
 10
190.0738091666667
 20
81.95130083333333
 30
0.0
 10
190.0738091666667
 20
82.92143972222222
 30
0.0
 10
190.1231980555555
 20
82.82618972222222
 30
0.0
 10
190.1267258333333
 20
83.7010786111111
 30
0.0
 10
190.1231980555555
 20
84.5759675
 30
0.0
 10
190.0738091666667
 20
84.47718972222222
 30
0.0
 10
190.0738091666667
 20
85.45085638888888
 30
0.0
 10
190.0738091666667
 20
86.42099527777778
 30
0.0
 10
190.1231980555555
 20
86.32574527777777
 30
0.0
 10
190.1267258333333
 20
87.20416194444444
 30
0.0
 10
190.1231980555555
 20
88.07552305555555
 30
0.0
 10
190.0773369444445
 20
87.97674527777777
 30
0.0
 10
190.0738091666667
 20
88.95041194444444
 30
0.0
 10
190.0738091666667
 20
89.92055083333332
 30
0.0
 10
190.1231980555555
 20
89.8288286111111
 30
0.0
 10
190.1231980555555
 20
90.7037175
 30
0.0
 10
190.1231980555555
 20
91.87023601851853
 30
0.0
 10
190.1231980555555
 20
93.03675453703704
 30
0.0
 10
190.1231980555555
 20
94.20327305555556
 30
0.0
 10
189.6822258333333
 20
94.20327305555556
 30
0.0
 10
189.2412536111111
 20
94.20327305555556
 30
0.0
 10
188.8002813888889
 20
94.20327305555556
 30
0.0
  0
SPLINE
  5
309
330
1F
100
AcDbEntity
  8
DEFAULT
 62
     1
100
AcDbSpline
210
0.0
220
0.0
230
1.0
 70
     8
 71
     3
 72
    62
 73
    58
 74
     0
 42
0.000000001
 43
0.0000000001
 40
0.0
 40
0.0
 40
0.0
 40
0.0
 40
1.0
 40
1.0
 40
1.0
 40
2.0
 40
2.0
 40
2.0
 40
3.0
 40
3.0
 40
3.0
 40
4.0
 40
4.0
 40
4.0
 40
5.0
 40
5.0
 40
5.0
 40
6.0
 40
6.0
 40
6.0
 40
6.25
 40
6.25
 40
6.25
 40
7.25
 40
7.25
 40
7.25
 40
8.25
 40
8.25
 40
8.25
 40
9.25
 40
9.25
 40
9.25
 40
10.25
 40
10.25
 40
10.25
 40
11.25
 40
11.25
 40
11.25
 40
12.25
 40
12.25
 40
12.25
 40
13.25
 40
13.25
 40
13.25
 40
14.25
 40
14.25
 40
14.25
 40
15.25
 40
15.25
 40
15.25
 40
16.25
 40
16.25
 40
16.25
 40
26.17000504032126
 40
26.17000504032126
 40
26.17000504032126
 40
29.93000504032125
 40
29.93000504032125
 40
29.93000504032125
 40
29.93000504032125
 10
188.4511372222222
 20
115.2041341666667
 30
0.0
 10
183.4558038888889
 20
115.3029119444444
 30
0.0
 10
181.6178316666666
 20
119.5115508333333
 30
0.0
 10
183.8826649999999
 20
102.8957175
 30
0.0
 10
185.152665
 20
93.56827305555555
 30
0.0
 10
184.3694983333333
 20
79.31957861111111
 30
0.0
 10
183.7380261111111
 20
73.01543972222223
 30
0.0
 10
183.1241927777778
 20
66.88768972222222
 30
0.0
 10
184.3095261111111
 20
68.61594805555555
 30
0.0
 10
186.8953872222222
 20
68.61594805555555
 30
0.0
 10
187.0188594444444
 20
68.61594805555555
 30
0.0
 10
187.121165
 20
69.23718972222221
 30
0.0
 10
187.121165
 20
70.00624527777778
 30
0.0
 10
187.121165
 20
70.88113416666667
 30
0.0
 10
187.1740816666666
 20
70.78235638888889
 30
0.0
 10
187.1705538888889
 20
71.75602305555556
 30
0.0
 10
187.1705538888889
 20
72.69441194444444
 30
0.0
 10
187.1246927777777
 20
72.6379675
 30
0.0
 10
187.1246927777777
 20
73.41760638888888
 30
0.0
 10
187.1246927777778
 20
73.44700453703705
 30
0.0
 10
187.1246927777778
 20
73.47640268518519
 30
0.0
 10
187.1246927777777
 20
73.50580083333334
 30
0.0
 10
187.1352761111111
 20
74.0667175
 30
0.0
 10
187.1705538888889
 20
74.10552305555555
 30
0.0
 10
187.1705538888889
 20
74.94866194444444
 30
0.0
 10
187.1705538888889
 20
75.91880083333332
 30
0.0
 10
187.121165
 20
75.82355083333333
 30
0.0
 10
187.121165
 20
76.69843972222222
 30
0.0
 10
187.121165
 20
77.57332861111111
 30
0.0
 10
187.1740816666666
 20
77.47807861111112
 30
0.0
 10
187.1705538888889
 20
78.4482175
 30
0.0
 10
187.1705538888889
 20
79.42188416666666
 30
0.0
 10
187.121165
 20
79.32310638888889
 30
0.0
 10
187.1246927777777
 20
80.19799527777776
 30
0.0
 10
187.1246927777777
 20
81.07288416666667
 30
0.0
 10
187.1740816666666
 20
80.97763416666668
 30
0.0
 10
187.1740816666666
 20
81.95130083333333
 30
0.0
 10
187.1740816666666
 20
82.92143972222222
 30
0.0
 10
187.1246927777777
 20
82.82618972222222
 30
0.0
 10
187.1246927777777
 20
83.7010786111111
 30
0.0
 10
187.1246927777777
 20
84.5759675
 30
0.0
 10
187.1740816666666
 20
84.47718972222222
 30
0.0
 10
187.1740816666666
 20
85.45085638888888
 30
0.0
 10
187.1740816666666
 20
86.42099527777778
 30
0.0
 10
187.1246927777777
 20
86.32574527777777
 30
0.0
 10
187.1246927777777
 20
87.20063416666666
 30
0.0
 10
187.1246927777777
 20
88.07552305555555
 30
0.0
 10
187.1776094444444
 20
87.98027305555554
 30
0.0
 10
187.1740816666666
 20
88.95393972222222
 30
0.0
 10
187.1740816666666
 20
89.92407861111111
 30
0.0
 10
187.1282205555555
 20
89.82530083333333
 30
0.0
 10
187.1282205555555
 20
90.70018972222222
 30
0.0
 10
187.1270446296296
 20
91.86670824074072
 30
0.0
 10
187.1258687037036
 20
93.03322675925925
 30
0.0
 10
187.1246927777777
 20
94.19974527777777
 30
0.0
 10
187.5668409259259
 20
94.19974527777777
 30
0.0
 10
188.0089890740741
 20
94.19974527777777
 30
0.0
 10
188.4511372222222
 20
94.19974527777777
 30
0.0
  0
SPLINE
  5
30A
330
1F
100
AcDbEntity
  8
DEFAULT
 62
     7
100
AcDbSpline
210
0.0
220
0.0
230
1.0
 70
    11
 71
     3
 72
    17
 73
    13
 74
     0
 42
0.000000001
 43
0.0000000001
 40
0.0
 40
0.0
 40
0.0
 40
0.0
 40
1.0
 40
1.0
 40
1.0
 40
2.0
 40
2.0
 40
2.0
 40
3.0
 40
3.0
 40
3.0
 40
4.0
 40
4.0
 40
4.0
 40
4.0
 10
181.9795347222222
 20
222.1547147222222
 30
0.0
 10
181.8415986111111
 20
221.9155313888889
 30
0.0
 10
181.5357402777777
 20
221.8336869444445
 30
0.0
 10
181.2965569444444
 20
221.9716230555555
 30
0.0
 10
181.0573736111111
 20
222.1099119444445
 30
0.0
 10
180.9755291666666
 20
222.4157702777778
 30
0.0
 10
181.1134652777777
 20
222.6546008333333
 30
0.0
 10
181.2517541666666
 20
222.8937841666667
 30
0.0
 10
181.5576125
 20
222.9759813888889
 30
0.0
 10
181.7964430555555
 20
222.8376925
 30
0.0
 10
182.0356263888889
 20
222.6997563888889
 30
0.0
 10
182.1178236111111
 20
222.3938980555556
 30
0.0
 10
181.9795347222222
 20
222.1547147222222
 30
0.0
  0
SPLINE
  5
30B
330
1F
100
AcDbEntity
  8
DEFAULT
 62
     7
100
AcDbSpline
210
0.0
220
0.0
230
1.0
 70
    11
 71
     3
 72
    17
 73
    13
 74
     0
 42
0.000000001
 43
0.0000000001
 40
0.0
 40
0.0
 40
0.0
 40
0.0
 40
1.0
 40
1.0
 40
1.0
 40
2.0
 40
2.0
 40
2.0
 40
3.0
 40
3.0
 40
3.0
 40
4.0
 40
4.0
 40
4.0
 40
4.0
 10
180.7966355555556
 20
223.20377
 30
0.0
 10
180.5204105555555
 20
223.20377
 30
0.0
 10
180.2967494444445
 20
223.4277838888889
 30
0.0
 10
180.2967494444445
 20
223.7036561111111
 30
0.0
 10
180.2967494444445
 20
223.9798811111111
 30
0.0
 10
180.5204105555555
 20
224.203895
 30
0.0
 10
180.7966355555556
 20
224.203895
 30
0.0
 10
181.0728605555556
 20
224.203895
 30
0.0
 10
181.2965216666667
 20
223.9798811111111
 30
0.0
 10
181.2965216666667
 20
223.7036561111111
 30
0.0
 10
181.2965216666667
 20
223.4277838888889
 30
0.0
 10
181.0728605555556
 20
223.20377
 30
0.0
 10
180.7966355555556
 20
223.20377
 30
0.0
  0
SPLINE
  5
30C
330
1F
100
AcDbEntity
  8
DEFAULT
 62
     7
100
AcDbSpline
210
0.0
220
0.0
230
1.0
 70
    11
 71
     3
 72
    17
 73
    13
 74
     0
 42
0.000000001
 43
0.0000000001
 40
0.0
 40
0.0
 40
0.0
 40
0.0
 40
1.0
 40
1.0
 40
1.0
 40
2.0
 40
2.0
 40
2.0
 40
3.0
 40
3.0
 40
3.0
 40
4.0
 40
4.0
 40
4.0
 40
4.0
 10
182.2966466666666
 20
223.20377
 30
0.0
 10
182.0204216666666
 20
223.20377
 30
0.0
 10
181.7967605555555
 20
223.4277838888889
 30
0.0
 10
181.7967605555555
 20
223.7036561111111
 30
0.0
 10
181.7967605555555
 20
223.9798811111111
 30
0.0
 10
182.0204216666666
 20
224.203895
 30
0.0
 10
182.2966466666666
 20
224.203895
 30
0.0
 10
182.5728716666667
 20
224.203895
 30
0.0
 10
182.7965327777778
 20
223.9798811111111
 30
0.0
 10
182.7965327777778
 20
223.7036561111111
 30
0.0
 10
182.7965327777778
 20
223.4277838888889
 30
0.0
 10
182.5728716666667
 20
223.20377
 30
0.0
 10
182.2966466666666
 20
223.20377
 30
0.0
  0
SPLINE
  5
30D
330
1F
100
AcDbEntity
  8
DEFAULT
 62
     1
100
AcDbSpline
210
0.0
220
0.0
230
1.0
 70
     8
 71
     3
 72
    59
 73
    55
 74
     0
 42
0.000000001
 43
0.0000000001
 40
0.0
 40
0.0
 40
0.0
 40
0.0
 40
1.0
 40
1.0
 40
1.0
 40
2.0
 40
2.0
 40
2.0
 40
3.0
 40
3.0
 40
3.0
 40
4.0
 40
4.0
 40
4.0
 40
5.0
 40
5.0
 40
5.0
 40
6.009999999999991
 40
6.009999999999991
 40
6.009999999999991
 40
7.009999999999991
 40
7.009999999999991
 40
7.009999999999991
 40
8.009999999999991
 40
8.009999999999991
 40
8.009999999999991
 40
9.009999999999991
 40
9.009999999999991
 40
9.009999999999991
 40
10.00999999999999
 40
10.00999999999999
 40
10.00999999999999
 40
11.00999999999999
 40
11.00999999999999
 40
11.00999999999999
 40
12.00999999999999
 40
12.00999999999999
 40
12.00999999999999
 40
13.00999999999999
 40
13.00999999999999
 40
13.00999999999999
 40
14.00999999999999
 40
14.00999999999999
 40
14.00999999999999
 40
15.00999999999999
 40
15.00999999999999
 40
15.00999999999999
 40
16.00999999999999
 40
16.00999999999999
 40
16.00999999999999
 40
25.93000000000001
 40
25.93000000000001
 40
25.93000000000001
 40
29.68000000000001
 40
29.68000000000001
 40
29.68000000000001
 40
29.68000000000001
 10
192.7972888888889
 20
222.8788969444444
 30
0.0
 10
192.9031222222222
 20
219.1747302777777
 30
0.0
 10
196.2404
 20
216.4830358333333
 30
0.0
 10
178.93665
 20
218.6914247222222
 30
0.0
 10
170.1807055555555
 20
219.8062025
 30
0.0
 10
159.6220666666666
 20
218.5608969444444
 30
0.0
 10
155.3322888888889
 20
218.1904802777778
 30
0.0
 10
150.17115
 20
217.7459802777778
 30
0.0
 10
151.5081777777777
 20
219.1923691666666
 30
0.0
 10
151.7692333333333
 20
221.1538136111111
 30
0.0
 10
151.7692333333333
 20
221.3760636111111
 30
0.0
 10
152.0091222222222
 20
221.5559802777778
 30
0.0
 10
152.3019277777777
 20
221.5559802777778
 30
0.0
 10
153.1768166666666
 20
221.5559802777778
 30
0.0
 10
153.0780388888888
 20
221.6053691666666
 30
0.0
 10
154.0517055555555
 20
221.6053691666666
 30
0.0
 10
155.0218444444444
 20
221.6053691666666
 30
0.0
 10
154.9265944444444
 20
221.5559802777778
 30
0.0
 10
155.8014833333333
 20
221.5559802777778
 30
0.0
 10
156.6728444444444
 20
221.5559802777778
 30
0.0
 10
158.5743166666666
 20
221.6053691666666
 30
0.0
 10
159.5479833333333
 20
221.6053691666666
 30
0.0
 10
160.5181222222222
 20
221.6053691666666
 30
0.0
 10
160.4228722222222
 20
221.5559802777778
 30
0.0
 10
161.2977611111111
 20
221.5559802777778
 30
0.0
 10
162.17265
 20
221.5559802777778
 30
0.0
 10
162.0738722222222
 20
221.6053691666666
 30
0.0
 10
163.0475388888889
 20
221.6053691666666
 30
0.0
 10
164.0176777777777
 20
221.6053691666666
 30
0.0
 10
163.9224277777777
 20
221.5559802777778
 30
0.0
 10
164.7973166666666
 20
221.5559802777778
 30
0.0
 10
165.6722055555555
 20
221.5559802777778
 30
0.0
 10
165.5734277777777
 20
221.6053691666666
 30
0.0
 10
166.5470944444444
 20
221.6053691666666
 30
0.0
 10
167.5172333333333
 20
221.6053691666666
 30
0.0
 10
167.4219833333333
 20
221.5559802777778
 30
0.0
 10
168.2968722222222
 20
221.5559802777778
 30
0.0
 10
169.1717611111111
 20
221.5559802777778
 30
0.0
 10
169.0729833333333
 20
221.6053691666666
 30
0.0
 10
170.04665
 20
221.6053691666666
 30
0.0
 10
171.0167888888888
 20
221.6053691666666
 30
0.0
 10
170.9215388888888
 20
221.5559802777778
 30
0.0
 10
171.7964277777778
 20
221.5559802777778
 30
0.0
 10
172.6713166666666
 20
221.5559802777778
 30
0.0
 10
172.5725388888889
 20
221.6053691666666
 30
0.0
 10
173.5462055555555
 20
221.6053691666666
 30
0.0
 10
174.5163444444444
 20
221.6053691666666
 30
0.0
 10
174.4210944444444
 20
221.5559802777778
 30
0.0
 10
175.2959833333333
 20
221.5559802777778
 30
0.0
 10
176.4625018518518
 20
221.5559802777778
 30
0.0
 10
177.6290203703703
 20
221.5559802777778
 30
0.0
 10
178.7955388888888
 20
221.5559802777778
 30
0.0
 10
178.7955388888888
 20
221.9969525
 30
0.0
 10
178.7955388888888
 20
222.4379247222222
 30
0.0
 10
178.7955388888888
 20
222.8788969444444
 30
0.0
  0
SPLINE
  5
30E
330
1F
100
AcDbEntity
  8
DEFAULT
 62
     1
100
AcDbSpline
210
0.0
220
0.0
230
1.0
 70
     8
 71
     3
 72
    59
 73
    55
 74
     0
 42
0.000000001
 43
0.0000000001
 40
0.0
 40
0.0
 40
0.0
 40
0.0
 40
3.759999999999991
 40
3.759999999999991
 40
3.759999999999991
 40
13.69
 40
13.69
 40
13.69
 40
14.69
 40
14.69
 40
14.69
 40
15.69
 40
15.69
 40
15.69
 40
16.69
 40
16.69
 40
16.69
 40
17.69
 40
17.69
 40
17.69
 40
18.69
 40
18.69
 40
18.69
 40
19.69
 40
19.69
 40
19.69
 40
20.69
 40
20.69
 40
20.69
 40
21.69
 40
21.69
 40
21.69
 40
22.69
 40
22.69
 40
22.69
 40
23.69
 40
23.69
 40
23.69
 40
24.69
 40
24.69
 40
24.69
 40
25.69
 40
25.69
 40
25.69
 40
26.69
 40
26.69
 40
26.69
 40
27.69
 40
27.69
 40
27.69
 40
28.69
 40
28.69
 40
28.69
 40
29.69
 40
29.69
 40
29.69
 40
29.69
 10
178.7955741666667
 20
223.2282175
 30
0.0
 10
178.7955741666666
 20
223.6703656481482
 30
0.0
 10
178.7955741666666
 20
224.1125137962963
 30
0.0
 10
178.7955741666666
 20
224.5546619444444
 30
0.0
 10
177.6278797222222
 20
224.5546619444444
 30
0.0
 10
176.4601852777778
 20
224.5546619444444
 30
0.0
 10
175.2924908333333
 20
224.5546619444444
 30
0.0
 10
174.4211297222222
 20
224.5546619444444
 30
0.0
 10
174.5163797222222
 20
224.5052730555556
 30
0.0
 10
173.5462408333333
 20
224.5052730555556
 30
0.0
 10
172.5725741666666
 20
224.5052730555556
 30
0.0
 10
172.6713519444444
 20
224.5546619444444
 30
0.0
 10
171.7964630555555
 20
224.5546619444444
 30
0.0
 10
170.9215741666667
 20
224.5546619444444
 30
0.0
 10
171.0168241666667
 20
224.5052730555556
 30
0.0
 10
170.0466852777778
 20
224.5052730555556
 30
0.0
 10
169.0730186111111
 20
224.5052730555556
 30
0.0
 10
169.1717963888889
 20
224.5546619444444
 30
0.0
 10
168.2969075
 20
224.5546619444444
 30
0.0
 10
167.4220186111111
 20
224.5546619444444
 30
0.0
 10
167.5172686111111
 20
224.5052730555556
 30
0.0
 10
166.5471297222222
 20
224.5052730555556
 30
0.0
 10
165.5734630555555
 20
224.5052730555556
 30
0.0
 10
165.6722408333333
 20
224.5546619444444
 30
0.0
 10
164.7973519444444
 20
224.5546619444444
 30
0.0
 10
163.9224630555555
 20
224.5546619444444
 30
0.0
 10
164.0177130555555
 20
224.5052730555556
 30
0.0
 10
163.0475741666666
 20
224.5052730555556
 30
0.0
 10
162.0739075
 20
224.5052730555556
 30
0.0
 10
162.1726852777778
 20
224.5546619444444
 30
0.0
 10
161.2977963888889
 20
224.5546619444444
 30
0.0
 10
160.4229075
 20
224.5546619444444
 30
0.0
 10
160.5181575
 20
224.5052730555556
 30
0.0
 10
159.5480186111111
 20
224.5052730555556
 30
0.0
 10
158.5743519444444
 20
224.5052730555556
 30
0.0
 10
156.6728797222222
 20
224.5546619444444
 30
0.0
 10
155.7979908333333
 20
224.5546619444444
 30
0.0
 10
154.9266297222222
 20
224.5546619444444
 30
0.0
 10
155.0218797222222
 20
224.5052730555556
 30
0.0
 10
154.0517408333333
 20
224.5052730555556
 30
0.0
 10
153.0780741666667
 20
224.5052730555556
 30
0.0
 10
153.1768519444444
 20
224.5546619444444
 30
0.0
 10
152.3019630555555
 20
224.5546619444444
 30
0.0
 10
152.0091575
 20
224.5546619444444
 30
0.0
 10
151.7692686111111
 20
224.7310508333333
 30
0.0
 10
151.7692686111111
 20
224.9533008333333
 30
0.0
 10
151.5082130555555
 20
226.9147452777778
 30
0.0
 10
150.1711852777778
 20
228.3611341666667
 30
0.0
 10
155.3323241666666
 20
227.9166341666667
 30
0.0
 10
159.5974075
 20
227.5462175
 30
0.0
 10
170.2266019444444
 20
226.3079675
 30
0.0
 10
178.9366852777777
 20
227.4192175
 30
0.0
 10
196.2439630555556
 20
229.6240786111111
 30
0.0
 10
192.9031575
 20
226.9359119444444
 30
0.0
 10
192.7973241666666
 20
223.2282175
 30
0.0
  0
SPLINE
  5
30F
330
1F
100
AcDbEntity
  8
DEFAULT
 62
     7
100
AcDbSpline
210
0.0
220
0.0
230
1.0
 70
    11
 71
     3
 72
    17
 73
    13
 74
     0
 42
0.000000001
 43
0.0000000001
 40
0.0
 40
0.0
 40
0.0
 40
0.0
 40
1.0
 40
1.0
 40
1.0
 40
2.0
 40
2.0
 40
2.0
 40
3.0
 40
3.0
 40
3.0
 40
4.0
 40
4.0
 40
4.0
 40
4.0
 10
181.9795347222222
 20
235.1360197222222
 30
0.0
 10
181.8415986111111
 20
234.8968363888889
 30
0.0
 10
181.5357402777777
 20
234.8149919444444
 30
0.0
 10
181.2965569444444
 20
234.9529280555555
 30
0.0
 10
181.0573736111111
 20
235.0912169444444
 30
0.0
 10
180.9755291666666
 20
235.3967225
 30
0.0
 10
181.1134652777777
 20
235.6359058333333
 30
0.0
 10
181.2517541666666
 20
235.8750891666666
 30
0.0
 10
181.5576125
 20
235.9572863888889
 30
0.0
 10
181.7964430555555
 20
235.8189975
 30
0.0
 10
182.0356263888889
 20
235.6810613888888
 30
0.0
 10
182.1178236111111
 20
235.3752030555555
 30
0.0
 10
181.9795347222222
 20
235.1360197222222
 30
0.0
  0
SPLINE
  5
310
330
1F
100
AcDbEntity
  8
DEFAULT
 62
     7
100
AcDbSpline
210
0.0
220
0.0
230
1.0
 70
    11
 71
     3
 72
    17
 73
    13
 74
     0
 42
0.000000001
 43
0.0000000001
 40
0.0
 40
0.0
 40
0.0
 40
0.0
 40
1.0
 40
1.0
 40
1.0
 40
2.0
 40
2.0
 40
2.0
 40
3.0
 40
3.0
 40
3.0
 40
4.0
 40
4.0
 40
4.0
 40
4.0
 10
180.7966355555556
 20
236.1850397222222
 30
0.0
 10
180.5204105555555
 20
236.1850397222222
 30
0.0
 10
180.2967494444445
 20
236.4090536111111
 30
0.0
 10
180.2967494444445
 20
236.6849258333333
 30
0.0
 10
180.2967494444445
 20
236.9611508333333
 30
0.0
 10
180.5204105555555
 20
237.1848119444444
 30
0.0
 10
180.7966355555556
 20
237.1848119444444
 30
0.0
 10
181.0728605555556
 20
237.1848119444444
 30
0.0
 10
181.2965216666667
 20
236.9611508333333
 30
0.0
 10
181.2965216666667
 20
236.6849258333333
 30
0.0
 10
181.2965216666667
 20
236.4090536111111
 30
0.0
 10
181.0728605555556
 20
236.1850397222222
 30
0.0
 10
180.7966355555556
 20
236.1850397222222
 30
0.0
  0
SPLINE
  5
311
330
1F
100
AcDbEntity
  8
DEFAULT
 62
     7
100
AcDbSpline
210
0.0
220
0.0
230
1.0
 70
    11
 71
     3
 72
    17
 73
    13
 74
     0
 42
0.000000001
 43
0.0000000001
 40
0.0
 40
0.0
 40
0.0
 40
0.0
 40
1.0
 40
1.0
 40
1.0
 40
2.0
 40
2.0
 40
2.0
 40
3.0
 40
3.0
 40
3.0
 40
4.0
 40
4.0
 40
4.0
 40
4.0
 10
182.2966466666666
 20
236.1850397222222
 30
0.0
 10
182.0204216666666
 20
236.1850397222222
 30
0.0
 10
181.7967605555555
 20
236.4090536111111
 30
0.0
 10
181.7967605555555
 20
236.6849258333333
 30
0.0
 10
181.7967605555555
 20
236.9611508333333
 30
0.0
 10
182.0204216666666
 20
237.1848119444444
 30
0.0
 10
182.2966466666666
 20
237.1848119444444
 30
0.0
 10
182.5728716666667
 20
237.1848119444444
 30
0.0
 10
182.7965327777778
 20
236.9611508333333
 30
0.0
 10
182.7965327777778
 20
236.6849258333333
 30
0.0
 10
182.7965327777778
 20
236.4090536111111
 30
0.0
 10
182.5728716666667
 20
236.1850397222222
 30
0.0
 10
182.2966466666666
 20
236.1850397222222
 30
0.0
  0
SPLINE
  5
312
330
1F
100
AcDbEntity
  8
DEFAULT
 62
     1
100
AcDbSpline
210
0.0
220
0.0
230
1.0
 70
     8
 71
     3
 72
    59
 73
    55
 74
     0
 42
0.000000001
 43
0.0000000001
 40
0.0
 40
0.0
 40
0.0
 40
0.0
 40
1.0
 40
1.0
 40
1.0
 40
2.0
 40
2.0
 40
2.0
 40
3.0
 40
3.0
 40
3.0
 40
4.0
 40
4.0
 40
4.0
 40
5.0
 40
5.0
 40
5.0
 40
6.009999999999991
 40
6.009999999999991
 40
6.009999999999991
 40
7.009999999999991
 40
7.009999999999991
 40
7.009999999999991
 40
8.009999999999991
 40
8.009999999999991
 40
8.009999999999991
 40
9.009999999999991
 40
9.009999999999991
 40
9.009999999999991
 40
10.00999999999999
 40
10.00999999999999
 40
10.00999999999999
 40
11.00999999999999
 40
11.00999999999999
 40
11.00999999999999
 40
12.00999999999999
 40
12.00999999999999
 40
12.00999999999999
 40
13.00999999999999
 40
13.00999999999999
 40
13.00999999999999
 40
14.00999999999999
 40
14.00999999999999
 40
14.00999999999999
 40
15.00999999999999
 40
15.00999999999999
 40
15.00999999999999
 40
16.00999999999999
 40
16.00999999999999
 40
16.00999999999999
 40
25.93000000000001
 40
25.93000000000001
 40
25.93000000000001
 40
29.68000000000001
 40
29.68000000000001
 40
29.68000000000001
 40
29.68000000000001
 10
192.7972888888889
 20
235.8611897222222
 30
0.0
 10
192.9031222222222
 20
232.1570230555555
 30
0.0
 10
196.2404
 20
229.4653286111111
 30
0.0
 10
178.93665
 20
231.6737175
 30
0.0
 10
170.1807055555555
 20
232.7884952777777
 30
0.0
 10
159.6220666666666
 20
231.5431897222222
 30
0.0
 10
155.3322888888889
 20
231.1727730555556
 30
0.0
 10
150.17115
 20
230.7282730555555
 30
0.0
 10
151.5081777777777
 20
232.1746619444444
 30
0.0
 10
151.7692333333333
 20
234.1361063888889
 30
0.0
 10
151.7692333333333
 20
234.3583563888889
 30
0.0
 10
152.0091222222222
 20
234.5382730555555
 30
0.0
 10
152.3019277777777
 20
234.5382730555555
 30
0.0
 10
153.1768166666666
 20
234.5382730555555
 30
0.0
 10
153.0780388888888
 20
234.5876619444444
 30
0.0
 10
154.0517055555555
 20
234.5876619444444
 30
0.0
 10
155.0218444444444
 20
234.5876619444444
 30
0.0
 10
154.9265944444444
 20
234.5382730555555
 30
0.0
 10
155.8014833333333
 20
234.5382730555555
 30
0.0
 10
156.6728444444444
 20
234.5382730555555
 30
0.0
 10
158.5743166666666
 20
234.5876619444444
 30
0.0
 10
159.5479833333333
 20
234.5876619444444
 30
0.0
 10
160.5181222222222
 20
234.5876619444444
 30
0.0
 10
160.4228722222222
 20
234.5382730555555
 30
0.0
 10
161.2977611111111
 20
234.5382730555555
 30
0.0
 10
162.17265
 20
234.5382730555555
 30
0.0
 10
162.0738722222222
 20
234.5876619444444
 30
0.0
 10
163.0475388888889
 20
234.5876619444444
 30
0.0
 10
164.0176777777777
 20
234.5876619444444
 30
0.0
 10
163.9224277777777
 20
234.5382730555555
 30
0.0
 10
164.7973166666666
 20
234.5382730555555
 30
0.0
 10
165.6722055555555
 20
234.5382730555555
 30
0.0
 10
165.5734277777777
 20
234.5876619444444
 30
0.0
 10
166.5470944444444
 20
234.5876619444444
 30
0.0
 10
167.5172333333333
 20
234.5876619444444
 30
0.0
 10
167.4219833333333
 20
234.5382730555555
 30
0.0
 10
168.2968722222222
 20
234.5382730555555
 30
0.0
 10
169.1717611111111
 20
234.5382730555555
 30
0.0
 10
169.0729833333333
 20
234.5876619444444
 30
0.0
 10
170.04665
 20
234.5876619444444
 30
0.0
 10
171.0167888888888
 20
234.5876619444444
 30
0.0
 10
170.9215388888888
 20
234.5382730555555
 30
0.0
 10
171.7964277777778
 20
234.5382730555555
 30
0.0
 10
172.6713166666666
 20
234.5382730555555
 30
0.0
 10
172.5725388888889
 20
234.5876619444444
 30
0.0
 10
173.5462055555555
 20
234.5876619444444
 30
0.0
 10
174.5163444444444
 20
234.5876619444444
 30
0.0
 10
174.4210944444444
 20
234.5382730555555
 30
0.0
 10
175.2959833333333
 20
234.5382730555555
 30
0.0
 10
176.4625018518518
 20
234.5382730555555
 30
0.0
 10
177.6290203703703
 20
234.5382730555555
 30
0.0
 10
178.7955388888888
 20
234.5382730555555
 30
0.0
 10
178.7955388888888
 20
234.9792452777777
 30
0.0
 10
178.7955388888888
 20
235.4202174999999
 30
0.0
 10
178.7955388888888
 20
235.8611897222222
 30
0.0
  0
SPLINE
  5
313
330
1F
100
AcDbEntity
  8
DEFAULT
 62
     1
100
AcDbSpline
210
0.0
220
0.0
230
1.0
 70
     8
 71
     3
 72
    59
 73
    55
 74
     0
 42
0.000000001
 43
0.0000000001
 40
0.0
 40
0.0
 40
0.0
 40
0.0
 40
3.759999999999991
 40
3.759999999999991
 40
3.759999999999991
 40
13.69
 40
13.69
 40
13.69
 40
14.69
 40
14.69
 40
14.69
 40
15.69
 40
15.69
 40
15.69
 40
16.69
 40
16.69
 40
16.69
 40
17.69
 40
17.69
 40
17.69
 40
18.69
 40
18.69
 40
18.69
 40
19.69
 40
19.69
 40
19.69
 40
20.69
 40
20.69
 40
20.69
 40
21.69
 40
21.69
 40
21.69
 40
22.69
 40
22.69
 40
22.69
 40
23.69
 40
23.69
 40
23.69
 40
24.69
 40
24.69
 40
24.69
 40
25.69
 40
25.69
 40
25.69
 40
26.69
 40
26.69
 40
26.69
 40
27.69
 40
27.69
 40
27.69
 40
28.69
 40
28.69
 40
28.69
 40
29.69
 40
29.69
 40
29.69
 40
29.69
 10
178.7955741666667
 20
236.2103691666667
 30
0.0
 10
178.7955741666666
 20
236.6525173148148
 30
0.0
 10
178.7955741666666
 20
237.094665462963
 30
0.0
 10
178.7955741666666
 20
237.5368136111111
 30
0.0
 10
177.6278797222222
 20
237.5368136111111
 30
0.0
 10
176.4601852777778
 20
237.5368136111111
 30
0.0
 10
175.2924908333333
 20
237.5368136111111
 30
0.0
 10
174.4211297222222
 20
237.5368136111111
 30
0.0
 10
174.5163797222222
 20
237.4874247222222
 30
0.0
 10
173.5462408333333
 20
237.4874247222222
 30
0.0
 10
172.5725741666666
 20
237.4874247222222
 30
0.0
 10
172.6713519444444
 20
237.5368136111111
 30
0.0
 10
171.7964630555555
 20
237.5368136111111
 30
0.0
 10
170.9215741666667
 20
237.5368136111111
 30
0.0
 10
171.0168241666667
 20
237.4874247222222
 30
0.0
 10
170.0466852777778
 20
237.4874247222222
 30
0.0
 10
169.0730186111111
 20
237.4874247222222
 30
0.0
 10
169.1717963888889
 20
237.5368136111111
 30
0.0
 10
168.2969075
 20
237.5368136111111
 30
0.0
 10
167.4220186111111
 20
237.5368136111111
 30
0.0
 10
167.5172686111111
 20
237.4874247222222
 30
0.0
 10
166.5471297222222
 20
237.4874247222222
 30
0.0
 10
165.5734630555555
 20
237.4874247222222
 30
0.0
 10
165.6722408333333
 20
237.5368136111111
 30
0.0
 10
164.7973519444444
 20
237.5368136111111
 30
0.0
 10
163.9224630555555
 20
237.5368136111111
 30
0.0
 10
164.0177130555555
 20
237.4874247222222
 30
0.0
 10
163.0475741666666
 20
237.4874247222222
 30
0.0
 10
162.0739075
 20
237.4874247222222
 30
0.0
 10
162.1726852777778
 20
237.5368136111111
 30
0.0
 10
161.2977963888889
 20
237.5368136111111
 30
0.0
 10
160.4229075
 20
237.5368136111111
 30
0.0
 10
160.5181575
 20
237.4874247222222
 30
0.0
 10
159.5480186111111
 20
237.4874247222222
 30
0.0
 10
158.5743519444444
 20
237.4874247222222
 30
0.0
 10
156.6728797222222
 20
237.5368136111111
 30
0.0
 10
155.7979908333333
 20
237.5368136111111
 30
0.0
 10
154.9266297222222
 20
237.5368136111111
 30
0.0
 10
155.0218797222222
 20
237.4874247222222
 30
0.0
 10
154.0517408333333
 20
237.4874247222222
 30
0.0
 10
153.0780741666667
 20
237.4874247222222
 30
0.0
 10
153.1768519444444
 20
237.5368136111111
 30
0.0
 10
152.3019630555555
 20
237.5368136111111
 30
0.0
 10
152.0091575
 20
237.5368136111111
 30
0.0
 10
151.7692686111111
 20
237.7132025
 30
0.0
 10
151.7692686111111
 20
237.9354525
 30
0.0
 10
151.5082130555555
 20
239.8968969444444
 30
0.0
 10
150.1711852777778
 20
241.3432858333333
 30
0.0
 10
155.3323241666666
 20
240.8987858333333
 30
0.0
 10
159.5974075
 20
240.5283691666667
 30
0.0
 10
170.2266019444444
 20
239.2865913888889
 30
0.0
 10
178.9366852777777
 20
240.4013691666667
 30
0.0
 10
196.2439630555556
 20
242.6062302777778
 30
0.0
 10
192.9031575
 20
239.9180636111111
 30
0.0
 10
192.7973241666666
 20
236.2103691666667
 30
0.0
  0
SPLINE
  5
314
330
1F
100
AcDbEntity
  8
DEFAULT
 62
     7
100
AcDbSpline
210
0.0
220
0.0
230
1.0
 70
    11
 71
     3
 72
    17
 73
    13
 74
     0
 42
0.000000001
 43
0.0000000001
 40
0.0
 40
0.0
 40
0.0
 40
0.0
 40
1.0
 40
1.0
 40
1.0
 40
2.0
 40
2.0
 40
2.0
 40
3.0
 40
3.0
 40
3.0
 40
4.0
 40
4.0
 40
4.0
 40
4.0
 10
181.9795347222222
 20
248.1172894444444
 30
0.0
 10
181.8415986111111
 20
247.8781061111111
 30
0.0
 10
181.5357402777777
 20
247.7962616666667
 30
0.0
 10
181.2965569444444
 20
247.9341977777778
 30
0.0
 10
181.0573736111111
 20
248.0724866666667
 30
0.0
 10
180.9755291666666
 20
248.3779922222222
 30
0.0
 10
181.1134652777777
 20
248.6171755555555
 30
0.0
 10
181.2517541666666
 20
248.8563588888889
 30
0.0
 10
181.5576125
 20
248.9382033333333
 30
0.0
 10
181.7964430555555
 20
248.8002672222222
 30
0.0
 10
182.0356263888889
 20
248.6619783333333
 30
0.0
 10
182.1178236111111
 20
248.3564727777778
 30
0.0
 10
181.9795347222222
 20
248.1172894444444
 30
0.0
  0
SPLINE
  5
315
330
1F
100
AcDbEntity
  8
DEFAULT
 62
     7
100
AcDbSpline
210
0.0
220
0.0
230
1.0
 70
    11
 71
     3
 72
    17
 73
    13
 74
     0
 42
0.000000001
 43
0.0000000001
 40
0.0
 40
0.0
 40
0.0
 40
0.0
 40
1.0
 40
1.0
 40
1.0
 40
2.0
 40
2.0
 40
2.0
 40
3.0
 40
3.0
 40
3.0
 40
4.0
 40
4.0
 40
4.0
 40
4.0
 10
180.7966355555556
 20
249.1663447222222
 30
0.0
 10
180.5204105555555
 20
249.1663447222222
 30
0.0
 10
180.2967494444445
 20
249.3900058333333
 30
0.0
 10
180.2967494444445
 20
249.6662308333333
 30
0.0
 10
180.2967494444445
 20
249.9424558333334
 30
0.0
 10
180.5204105555555
 20
250.1661169444444
 30
0.0
 10
180.7966355555556
 20
250.1661169444444
 30
0.0
 10
181.0728605555556
 20
250.1661169444444
 30
0.0
 10
181.2965216666667
 20
249.9424558333334
 30
0.0
 10
181.2965216666667
 20
249.6662308333333
 30
0.0
 10
181.2965216666667
 20
249.3900058333333
 30
0.0
 10
181.0728605555556
 20
249.1663447222222
 30
0.0
 10
180.7966355555556
 20
249.1663447222222
 30
0.0
  0
SPLINE
  5
316
330
1F
100
AcDbEntity
  8
DEFAULT
 62
     7
100
AcDbSpline
210
0.0
220
0.0
230
1.0
 70
    11
 71
     3
 72
    17
 73
    13
 74
     0
 42
0.000000001
 43
0.0000000001
 40
0.0
 40
0.0
 40
0.0
 40
0.0
 40
1.0
 40
1.0
 40
1.0
 40
2.0
 40
2.0
 40
2.0
 40
3.0
 40
3.0
 40
3.0
 40
4.0
 40
4.0
 40
4.0
 40
4.0
 10
182.2966466666666
 20
249.1663447222222
 30
0.0
 10
182.0204216666666
 20
249.1663447222222
 30
0.0
 10
181.7967605555555
 20
249.3900058333333
 30
0.0
 10
181.7967605555555
 20
249.6662308333333
 30
0.0
 10
181.7967605555555
 20
249.9424558333334
 30
0.0
 10
182.0204216666666
 20
250.1661169444444
 30
0.0
 10
182.2966466666666
 20
250.1661169444444
 30
0.0
 10
182.5728716666667
 20
250.1661169444444
 30
0.0
 10
182.7965327777778
 20
249.9424558333334
 30
0.0
 10
182.7965327777778
 20
249.6662308333333
 30
0.0
 10
182.7965327777778
 20
249.3900058333333
 30
0.0
 10
182.5728716666667
 20
249.1663447222222
 30
0.0
 10
182.2966466666666
 20
249.1663447222222
 30
0.0
  0
SPLINE
  5
317
330
1F
100
AcDbEntity
  8
DEFAULT
 62
     1
100
AcDbSpline
210
0.0
220
0.0
230
1.0
 70
     8
 71
     3
 72
    59
 73
    55
 74
     0
 42
0.000000001
 43
0.0000000001
 40
0.0
 40
0.0
 40
0.0
 40
0.0
 40
1.0
 40
1.0
 40
1.0
 40
2.0
 40
2.0
 40
2.0
 40
3.0
 40
3.0
 40
3.0
 40
4.0
 40
4.0
 40
4.0
 40
5.0
 40
5.0
 40
5.0
 40
6.009999999999991
 40
6.009999999999991
 40
6.009999999999991
 40
7.009999999999991
 40
7.009999999999991
 40
7.009999999999991
 40
8.009999999999991
 40
8.009999999999991
 40
8.009999999999991
 40
9.009999999999991
 40
9.009999999999991
 40
9.009999999999991
 40
10.00999999999999
 40
10.00999999999999
 40
10.00999999999999
 40
11.00999999999999
 40
11.00999999999999
 40
11.00999999999999
 40
12.00999999999999
 40
12.00999999999999
 40
12.00999999999999
 40
13.00999999999999
 40
13.00999999999999
 40
13.00999999999999
 40
14.00999999999999
 40
14.00999999999999
 40
14.00999999999999
 40
15.00999999999999
 40
15.00999999999999
 40
15.00999999999999
 40
16.00999999999999
 40
16.00999999999999
 40
16.00999999999999
 40
25.93000000000001
 40
25.93000000000001
 40
25.93000000000001
 40
29.69
 40
29.69
 40
29.69
 40
29.69
 10
192.7972888888889
 20
248.8433766666666
 30
0.0
 10
192.9031222222222
 20
245.1356822222222
 30
0.0
 10
196.2439277777777
 20
242.4439877777777
 30
0.0
 10
178.93665
 20
244.6523766666666
 30
0.0
 10
170.1807055555555
 20
245.7671544444444
 30
0.0
 10
159.6220666666666
 20
244.5218488888889
 30
0.0
 10
155.3322888888889
 20
244.1514322222222
 30
0.0
 10
150.17115
 20
243.7069322222222
 30
0.0
 10
151.5081777777777
 20
245.1533211111111
 30
0.0
 10
151.7692333333333
 20
247.1147655555555
 30
0.0
 10
151.7692333333333
 20
247.3370155555555
 30
0.0
 10
152.0091222222222
 20
247.5169322222222
 30
0.0
 10
152.3019277777777
 20
247.5169322222222
 30
0.0
 10
153.1768166666666
 20
247.5169322222222
 30
0.0
 10
153.0780388888888
 20
247.5663211111111
 30
0.0
 10
154.0517055555555
 20
247.5663211111111
 30
0.0
 10
155.0218444444444
 20
247.5663211111111
 30
0.0
 10
154.9265944444444
 20
247.5169322222222
 30
0.0
 10
155.8014833333333
 20
247.5169322222222
 30
0.0
 10
156.6728444444444
 20
247.5169322222222
 30
0.0
 10
158.5743166666666
 20
247.5663211111111
 30
0.0
 10
159.5479833333333
 20
247.5663211111111
 30
0.0
 10
160.5181222222222
 20
247.5663211111111
 30
0.0
 10
160.4228722222222
 20
247.5169322222222
 30
0.0
 10
161.2977611111111
 20
247.5169322222222
 30
0.0
 10
162.17265
 20
247.5169322222222
 30
0.0
 10
162.0738722222222
 20
247.5663211111111
 30
0.0
 10
163.0475388888889
 20
247.5663211111111
 30
0.0
 10
164.0176777777777
 20
247.5663211111111
 30
0.0
 10
163.9224277777777
 20
247.5169322222222
 30
0.0
 10
164.7973166666666
 20
247.5169322222222
 30
0.0
 10
165.6722055555555
 20
247.5169322222222
 30
0.0
 10
165.5734277777777
 20
247.5663211111111
 30
0.0
 10
166.5470944444444
 20
247.5663211111111
 30
0.0
 10
167.5172333333333
 20
247.5663211111111
 30
0.0
 10
167.4219833333333
 20
247.5169322222222
 30
0.0
 10
168.2968722222222
 20
247.5169322222222
 30
0.0
 10
169.1717611111111
 20
247.5169322222222
 30
0.0
 10
169.0729833333333
 20
247.5663211111111
 30
0.0
 10
170.04665
 20
247.5663211111111
 30
0.0
 10
171.0167888888888
 20
247.5663211111111
 30
0.0
 10
170.9215388888888
 20
247.5169322222222
 30
0.0
 10
171.7964277777778
 20
247.5169322222222
 30
0.0
 10
172.6713166666666
 20
247.5169322222222
 30
0.0
 10
172.5725388888889
 20
247.5663211111111
 30
0.0
 10
173.5462055555555
 20
247.5663211111111
 30
0.0
 10
174.5163444444444
 20
247.5663211111111
 30
0.0
 10
174.4210944444444
 20
247.5169322222222
 30
0.0
 10
175.2959833333333
 20
247.5169322222222
 30
0.0
 10
176.4625018518518
 20
247.5169322222222
 30
0.0
 10
177.6290203703703
 20
247.5169322222222
 30
0.0
 10
178.7955388888888
 20
247.5169322222222
 30
0.0
 10
178.7955388888888
 20
247.9590803703703
 30
0.0
 10
178.7955388888888
 20
248.4012285185185
 30
0.0
 10
178.7955388888888
 20
248.8433766666666
 30
0.0
  0
SPLINE
  5
318
330
1F
100
AcDbEntity
  8
DEFAULT
 62
     1
100
AcDbSpline
210
0.0
220
0.0
230
1.0
 70
     8
 71
     3
 72
    59
 73
    55
 74
     0
 42
0.000000001
 43
0.0000000001
 40
0.0
 40
0.0
 40
0.0
 40
0.0
 40
3.75
 40
3.75
 40
3.75
 40
13.68000000000001
 40
13.68000000000001
 40
13.68000000000001
 40
14.68000000000001
 40
14.68000000000001
 40
14.68000000000001
 40
15.68000000000001
 40
15.68000000000001
 40
15.68000000000001
 40
16.68000000000001
 40
16.68000000000001
 40
16.68000000000001
 40
17.68000000000001
 40
17.68000000000001
 40
17.68000000000001
 40
18.68000000000001
 40
18.68000000000001
 40
18.68000000000001
 40
19.68000000000001
 40
19.68000000000001
 40
19.68000000000001
 40
20.68000000000001
 40
20.68000000000001
 40
20.68000000000001
 40
21.68000000000001
 40
21.68000000000001
 40
21.68000000000001
 40
22.68000000000001
 40
22.68000000000001
 40
22.68000000000001
 40
23.68000000000001
 40
23.68000000000001
 40
23.68000000000001
 40
24.68000000000001
 40
24.68000000000001
 40
24.68000000000001
 40
25.68000000000001
 40
25.68000000000001
 40
25.68000000000001
 40
26.68000000000001
 40
26.68000000000001
 40
26.68000000000001
 40
27.68000000000001
 40
27.68000000000001
 40
27.68000000000001
 40
28.68000000000001
 40
28.68000000000001
 40
28.68000000000001
 40
29.68000000000001
 40
29.68000000000001
 40
29.68000000000001
 40
29.68000000000001
 10
178.7955741666667
 20
249.1926972222222
 30
0.0
 10
178.7955741666666
 20
249.6336694444445
 30
0.0
 10
178.7955741666666
 20
250.0746416666667
 30
0.0
 10
178.7955741666666
 20
250.5156138888889
 30
0.0
 10
177.6278797222222
 20
250.5156138888889
 30
0.0
 10
176.4601852777778
 20
250.5156138888889
 30
0.0
 10
175.2924908333333
 20
250.5156138888889
 30
0.0
 10
174.4211297222222
 20
250.5156138888889
 30
0.0
 10
174.5163797222222
 20
250.466225
 30
0.0
 10
173.5462408333333
 20
250.466225
 30
0.0
 10
172.5725741666666
 20
250.466225
 30
0.0
 10
172.6713519444444
 20
250.5156138888889
 30
0.0
 10
171.7964630555555
 20
250.5156138888889
 30
0.0
 10
170.9215741666667
 20
250.5156138888889
 30
0.0
 10
171.0168241666667
 20
250.466225
 30
0.0
 10
170.0466852777778
 20
250.466225
 30
0.0
 10
169.0730186111111
 20
250.466225
 30
0.0
 10
169.1717963888889
 20
250.5156138888889
 30
0.0
 10
168.2969075
 20
250.5156138888889
 30
0.0
 10
167.4220186111111
 20
250.5156138888889
 30
0.0
 10
167.5172686111111
 20
250.466225
 30
0.0
 10
166.5471297222222
 20
250.466225
 30
0.0
 10
165.5734630555555
 20
250.466225
 30
0.0
 10
165.6722408333333
 20
250.5156138888889
 30
0.0
 10
164.7973519444444
 20
250.5156138888889
 30
0.0
 10
163.9224630555555
 20
250.5156138888889
 30
0.0
 10
164.0177130555555
 20
250.466225
 30
0.0
 10
163.0475741666666
 20
250.466225
 30
0.0
 10
162.0739075
 20
250.466225
 30
0.0
 10
162.1726852777778
 20
250.5156138888889
 30
0.0
 10
161.2977963888889
 20
250.5156138888889
 30
0.0
 10
160.4229075
 20
250.5156138888889
 30
0.0
 10
160.5181575
 20
250.466225
 30
0.0
 10
159.5480186111111
 20
250.466225
 30
0.0
 10
158.5743519444444
 20
250.466225
 30
0.0
 10
156.6728797222222
 20
250.5156138888889
 30
0.0
 10
155.7979908333333
 20
250.5156138888889
 30
0.0
 10
154.9266297222222
 20
250.5156138888889
 30
0.0
 10
155.0218797222222
 20
250.466225
 30
0.0
 10
154.0517408333333
 20
250.466225
 30
0.0
 10
153.0780741666667
 20
250.466225
 30
0.0
 10
153.1768519444444
 20
250.5156138888889
 30
0.0
 10
152.3019630555555
 20
250.5156138888889
 30
0.0
 10
152.0091575
 20
250.5156138888889
 30
0.0
 10
151.7692686111111
 20
250.6920027777778
 30
0.0
 10
151.7692686111111
 20
250.9142527777778
 30
0.0
 10
151.5082130555555
 20
252.8756972222222
 30
0.0
 10
150.1711852777778
 20
254.3220861111111
 30
0.0
 10
155.3323241666666
 20
253.8775861111111
 30
0.0
 10
159.5974075
 20
253.5106972222222
 30
0.0
 10
170.2266019444444
 20
252.2689194444444
 30
0.0
 10
178.9366852777777
 20
253.3801694444444
 30
0.0
 10
196.2404352777778
 20
255.5850305555556
 30
0.0
 10
192.9031575
 20
252.8968638888889
 30
0.0
 10
192.7973241666666
 20
249.1926972222222
 30
0.0
  0
SPLINE
  5
319
330
1F
100
AcDbEntity
  8
DEFAULT
 62
     7
100
AcDbSpline
210
0.0
220
0.0
230
1.0
 70
    11
 71
     3
 72
    17
 73
    13
 74
     0
 42
0.000000001
 43
0.0000000001
 40
0.0
 40
0.0
 40
0.0
 40
0.0
 40
1.0
 40
1.0
 40
1.0
 40
2.0
 40
2.0
 40
2.0
 40
3.0
 40
3.0
 40
3.0
 40
4.0
 40
4.0
 40
4.0
 40
4.0
 10
181.9795347222222
 20
261.0984180555555
 30
0.0
 10
181.8415986111111
 20
260.8592347222222
 30
0.0
 10
181.5357402777777
 20
260.7773902777777
 30
0.0
 10
181.2965569444444
 20
260.9153263888888
 30
0.0
 10
181.0573736111111
 20
261.0536152777777
 30
0.0
 10
180.9755291666666
 20
261.3594736111111
 30
0.0
 10
181.1134652777777
 20
261.5983041666667
 30
0.0
 10
181.2517541666666
 20
261.8374875
 30
0.0
 10
181.5576125
 20
261.9196847222222
 30
0.0
 10
181.7964430555555
 20
261.7813958333333
 30
0.0
 10
182.0356263888889
 20
261.6434597222222
 30
0.0
 10
182.1178236111111
 20
261.3376013888889
 30
0.0
 10
181.9795347222222
 20
261.0984180555555
 30
0.0
  0
SPLINE
  5
31A
330
1F
100
AcDbEntity
  8
DEFAULT
 62
     7
100
AcDbSpline
210
0.0
220
0.0
230
1.0
 70
    11
 71
     3
 72
    17
 73
    13
 74
     0
 42
0.000000001
 43
0.0000000001
 40
0.0
 40
0.0
 40
0.0
 40
0.0
 40
1.0
 40
1.0
 40
1.0
 40
2.0
 40
2.0
 40
2.0
 40
3.0
 40
3.0
 40
3.0
 40
4.0
 40
4.0
 40
4.0
 40
4.0
 10
180.7966355555556
 20
262.1474733333333
 30
0.0
 10
180.5204105555555
 20
262.1474733333333
 30
0.0
 10
180.2967494444445
 20
262.3714872222222
 30
0.0
 10
180.2967494444445
 20
262.6473594444444
 30
0.0
 10
180.2967494444445
 20
262.9235844444444
 30
0.0
 10
180.5204105555555
 20
263.1475983333333
 30
0.0
 10
180.7966355555556
 20
263.1475983333333
 30
0.0
 10
181.0728605555556
 20
263.1475983333333
 30
0.0
 10
181.2965216666667
 20
262.9235844444444
 30
0.0
 10
181.2965216666667
 20
262.6473594444444
 30
0.0
 10
181.2965216666667
 20
262.3714872222222
 30
0.0
 10
181.0728605555556
 20
262.1474733333333
 30
0.0
 10
180.7966355555556
 20
262.1474733333333
 30
0.0
  0
SPLINE
  5
31B
330
1F
100
AcDbEntity
  8
DEFAULT
 62
     7
100
AcDbSpline
210
0.0
220
0.0
230
1.0
 70
    11
 71
     3
 72
    17
 73
    13
 74
     0
 42
0.000000001
 43
0.0000000001
 40
0.0
 40
0.0
 40
0.0
 40
0.0
 40
1.0
 40
1.0
 40
1.0
 40
2.0
 40
2.0
 40
2.0
 40
3.0
 40
3.0
 40
3.0
 40
4.0
 40
4.0
 40
4.0
 40
4.0
 10
182.2966466666666
 20
262.1474733333333
 30
0.0
 10
182.0204216666666
 20
262.1474733333333
 30
0.0
 10
181.7967605555555
 20
262.3714872222222
 30
0.0
 10
181.7967605555555
 20
262.6473594444444
 30
0.0
 10
181.7967605555555
 20
262.9235844444444
 30
0.0
 10
182.0204216666666
 20
263.1475983333333
 30
0.0
 10
182.2966466666666
 20
263.1475983333333
 30
0.0
 10
182.5728716666667
 20
263.1475983333333
 30
0.0
 10
182.7965327777778
 20
262.9235844444444
 30
0.0
 10
182.7965327777778
 20
262.6473594444444
 30
0.0
 10
182.7965327777778
 20
262.3714872222222
 30
0.0
 10
182.5728716666667
 20
262.1474733333333
 30
0.0
 10
182.2966466666666
 20
262.1474733333333
 30
0.0
  0
SPLINE
  5
31C
330
1F
100
AcDbEntity
  8
DEFAULT
 62
     1
100
AcDbSpline
210
0.0
220
0.0
230
1.0
 70
     8
 71
     3
 72
    59
 73
    55
 74
     0
 42
0.000000001
 43
0.0000000001
 40
0.0
 40
0.0
 40
0.0
 40
0.0
 40
1.0
 40
1.0
 40
1.0
 40
2.0
 40
2.0
 40
2.0
 40
3.0
 40
3.0
 40
3.0
 40
4.0
 40
4.0
 40
4.0
 40
5.0
 40
5.0
 40
5.0
 40
6.009999999999991
 40
6.009999999999991
 40
6.009999999999991
 40
7.009999999999991
 40
7.009999999999991
 40
7.009999999999991
 40
8.009999999999991
 40
8.009999999999991
 40
8.009999999999991
 40
9.009999999999991
 40
9.009999999999991
 40
9.009999999999991
 40
10.00999999999999
 40
10.00999999999999
 40
10.00999999999999
 40
11.00999999999999
 40
11.00999999999999
 40
11.00999999999999
 40
12.00999999999999
 40
12.00999999999999
 40
12.00999999999999
 40
13.00999999999999
 40
13.00999999999999
 40
13.00999999999999
 40
14.00999999999999
 40
14.00999999999999
 40
14.00999999999999
 40
15.00999999999999
 40
15.00999999999999
 40
15.00999999999999
 40
16.00999999999999
 40
16.00999999999999
 40
16.00999999999999
 40
25.93000000000001
 40
25.93000000000001
 40
25.93000000000001
 40
29.68000000000001
 40
29.68000000000001
 40
29.68000000000001
 40
29.68000000000001
 10
192.7972888888889
 20
261.8220711111111
 30
0.0
 10
192.9031222222222
 20
258.1179044444444
 30
0.0
 10
196.2404
 20
255.42621
 30
0.0
 10
178.93665
 20
257.6345988888889
 30
0.0
 10
170.1807055555555
 20
258.7493766666666
 30
0.0
 10
159.6220666666666
 20
257.5040711111111
 30
0.0
 10
155.3322888888889
 20
257.1336544444445
 30
0.0
 10
150.17115
 20
256.6891544444445
 30
0.0
 10
151.5081777777777
 20
258.1355433333333
 30
0.0
 10
151.7692333333333
 20
260.0969877777778
 30
0.0
 10
151.7692333333333
 20
260.3192377777778
 30
0.0
 10
152.0091222222222
 20
260.4991544444445
 30
0.0
 10
152.3019277777777
 20
260.4991544444445
 30
0.0
 10
153.1768166666666
 20
260.4991544444445
 30
0.0
 10
153.0780388888888
 20
260.5485433333333
 30
0.0
 10
154.0517055555555
 20
260.5485433333333
 30
0.0
 10
155.0218444444444
 20
260.5485433333333
 30
0.0
 10
154.9265944444444
 20
260.4991544444445
 30
0.0
 10
155.8014833333333
 20
260.4991544444445
 30
0.0
 10
156.6728444444444
 20
260.4991544444445
 30
0.0
 10
158.5743166666666
 20
260.5485433333333
 30
0.0
 10
159.5479833333333
 20
260.5485433333333
 30
0.0
 10
160.5181222222222
 20
260.5485433333333
 30
0.0
 10
160.4228722222222
 20
260.4991544444445
 30
0.0
 10
161.2977611111111
 20
260.4991544444445
 30
0.0
 10
162.17265
 20
260.4991544444445
 30
0.0
 10
162.0738722222222
 20
260.5485433333333
 30
0.0
 10
163.0475388888889
 20
260.5485433333333
 30
0.0
 10
164.0176777777777
 20
260.5485433333333
 30
0.0
 10
163.9224277777777
 20
260.4991544444445
 30
0.0
 10
164.7973166666666
 20
260.4991544444445
 30
0.0
 10
165.6722055555555
 20
260.4991544444445
 30
0.0
 10
165.5734277777777
 20
260.5485433333333
 30
0.0
 10
166.5470944444444
 20
260.5485433333333
 30
0.0
 10
167.5172333333333
 20
260.5485433333333
 30
0.0
 10
167.4219833333333
 20
260.4991544444445
 30
0.0
 10
168.2968722222222
 20
260.4991544444445
 30
0.0
 10
169.1717611111111
 20
260.4991544444445
 30
0.0
 10
169.0729833333333
 20
260.5485433333333
 30
0.0
 10
170.04665
 20
260.5485433333333
 30
0.0
 10
171.0167888888888
 20
260.5485433333333
 30
0.0
 10
170.9215388888888
 20
260.4991544444445
 30
0.0
 10
171.7964277777778
 20
260.4991544444445
 30
0.0
 10
172.6713166666666
 20
260.4991544444445
 30
0.0
 10
172.5725388888889
 20
260.5485433333333
 30
0.0
 10
173.5462055555555
 20
260.5485433333333
 30
0.0
 10
174.5163444444444
 20
260.5485433333333
 30
0.0
 10
174.4210944444444
 20
260.4991544444445
 30
0.0
 10
175.2959833333333
 20
260.4991544444445
 30
0.0
 10
176.4625018518518
 20
260.4991544444445
 30
0.0
 10
177.6290203703703
 20
260.4991544444445
 30
0.0
 10
178.7955388888888
 20
260.4991544444445
 30
0.0
 10
178.7955388888888
 20
260.9401266666667
 30
0.0
 10
178.7955388888888
 20
261.3810988888889
 30
0.0
 10
178.7955388888888
 20
261.8220711111111
 30
0.0
  0
SPLINE
  5
31D
330
1F
100
AcDbEntity
  8
DEFAULT
 62
     1
100
AcDbSpline
210
0.0
220
0.0
230
1.0
 70
     8
 71
     3
 72
    59
 73
    55
 74
     0
 42
0.000000001
 43
0.0000000001
 40
0.0
 40
0.0
 40
0.0
 40
0.0
 40
3.759999999999991
 40
3.759999999999991
 40
3.759999999999991
 40
13.69
 40
13.69
 40
13.69
 40
14.69
 40
14.69
 40
14.69
 40
15.69
 40
15.69
 40
15.69
 40
16.69
 40
16.69
 40
16.69
 40
17.69
 40
17.69
 40
17.69
 40
18.69
 40
18.69
 40
18.69
 40
19.69
 40
19.69
 40
19.69
 40
20.69
 40
20.69
 40
20.69
 40
21.69
 40
21.69
 40
21.69
 40
22.69
 40
22.69
 40
22.69
 40
23.69
 40
23.69
 40
23.69
 40
24.69
 40
24.69
 40
24.69
 40
25.69
 40
25.69
 40
25.69
 40
26.69
 40
26.69
 40
26.69
 40
27.69
 40
27.69
 40
27.69
 40
28.69
 40
28.69
 40
28.69
 40
29.69
 40
29.69
 40
29.69
 40
29.69
 10
178.7955741666667
 20
262.1713916666666
 30
0.0
 10
178.7955741666666
 20
262.6135398148148
 30
0.0
 10
178.7955741666666
 20
263.0556879629629
 30
0.0
 10
178.7955741666666
 20
263.4978361111111
 30
0.0
 10
177.6278797222222
 20
263.4978361111111
 30
0.0
 10
176.4601852777778
 20
263.4978361111111
 30
0.0
 10
175.2924908333333
 20
263.4978361111111
 30
0.0
 10
174.4211297222222
 20
263.4978361111111
 30
0.0
 10
174.5163797222222
 20
263.4484472222222
 30
0.0
 10
173.5462408333333
 20
263.4484472222222
 30
0.0
 10
172.5725741666666
 20
263.4484472222222
 30
0.0
 10
172.6713519444444
 20
263.4978361111111
 30
0.0
 10
171.7964630555555
 20
263.4978361111111
 30
0.0
 10
170.9215741666667
 20
263.4978361111111
 30
0.0
 10
171.0168241666667
 20
263.4484472222222
 30
0.0
 10
170.0466852777778
 20
263.4484472222222
 30
0.0
 10
169.0730186111111
 20
263.4484472222222
 30
0.0
 10
169.1717963888889
 20
263.4978361111111
 30
0.0
 10
168.2969075
 20
263.4978361111111
 30
0.0
 10
167.4220186111111
 20
263.4978361111111
 30
0.0
 10
167.5172686111111
 20
263.4484472222222
 30
0.0
 10
166.5471297222222
 20
263.4484472222222
 30
0.0
 10
165.5734630555555
 20
263.4484472222222
 30
0.0
 10
165.6722408333333
 20
263.4978361111111
 30
0.0
 10
164.7973519444444
 20
263.4978361111111
 30
0.0
 10
163.9224630555555
 20
263.4978361111111
 30
0.0
 10
164.0177130555555
 20
263.4484472222222
 30
0.0
 10
163.0475741666666
 20
263.4484472222222
 30
0.0
 10
162.0739075
 20
263.4484472222222
 30
0.0
 10
162.1726852777778
 20
263.4978361111111
 30
0.0
 10
161.2977963888889
 20
263.4978361111111
 30
0.0
 10
160.4229075
 20
263.4978361111111
 30
0.0
 10
160.5181575
 20
263.4484472222222
 30
0.0
 10
159.5480186111111
 20
263.4484472222222
 30
0.0
 10
158.5743519444444
 20
263.4484472222222
 30
0.0
 10
156.6728797222222
 20
263.4978361111111
 30
0.0
 10
155.7979908333333
 20
263.4978361111111
 30
0.0
 10
154.9266297222222
 20
263.4978361111111
 30
0.0
 10
155.0218797222222
 20
263.4484472222222
 30
0.0
 10
154.0517408333333
 20
263.4484472222222
 30
0.0
 10
153.0780741666667
 20
263.4484472222222
 30
0.0
 10
153.1768519444444
 20
263.4978361111111
 30
0.0
 10
152.3019630555555
 20
263.4978361111111
 30
0.0
 10
152.0091575
 20
263.4978361111111
 30
0.0
 10
151.7692686111111
 20
263.674225
 30
0.0
 10
151.7692686111111
 20
263.896475
 30
0.0
 10
151.5082130555555
 20
265.8579194444445
 30
0.0
 10
150.1711852777778
 20
267.3043083333333
 30
0.0
 10
155.3323241666666
 20
266.8598083333333
 30
0.0
 10
159.5974075
 20
266.4929194444444
 30
0.0
 10
170.2266019444444
 20
265.2511416666666
 30
0.0
 10
178.9366852777777
 20
266.3623916666667
 30
0.0
 10
196.2439630555556
 20
268.5672527777778
 30
0.0
 10
192.9031575
 20
265.8790861111111
 30
0.0
 10
192.7973241666666
 20
262.1713916666666
 30
0.0
  0
SPLINE
  5
31E
330
1F
100
AcDbEntity
  8
DEFAULT
 62
     7
100
AcDbSpline
210
0.0
220
0.0
230
1.0
 70
    11
 71
     3
 72
    17
 73
    13
 74
     0
 42
0.000000001
 43
0.0000000001
 40
0.0
 40
0.0
 40
0.0
 40
0.0
 40
1.0
 40
1.0
 40
1.0
 40
2.0
 40
2.0
 40
2.0
 40
3.0
 40
3.0
 40
3.0
 40
4.0
 40
4.0
 40
4.0
 40
4.0
 10
181.9795347222222
 20
274.0797230555555
 30
0.0
 10
181.8415986111111
 20
273.8405397222222
 30
0.0
 10
181.5357402777777
 20
273.7586952777777
 30
0.0
 10
181.2965569444444
 20
273.8966313888889
 30
0.0
 10
181.0573736111111
 20
274.0349202777778
 30
0.0
 10
180.9755291666666
 20
274.3404258333333
 30
0.0
 10
181.1134652777777
 20
274.5796091666667
 30
0.0
 10
181.2517541666666
 20
274.8187925
 30
0.0
 10
181.5576125
 20
274.9009897222222
 30
0.0
 10
181.7964430555555
 20
274.7627008333333
 30
0.0
 10
182.0356263888889
 20
274.6247647222222
 30
0.0
 10
182.1178236111111
 20
274.3189063888889
 30
0.0
 10
181.9795347222222
 20
274.0797230555555
 30
0.0
  0
SPLINE
  5
31F
330
1F
100
AcDbEntity
  8
DEFAULT
 62
     7
100
AcDbSpline
210
0.0
220
0.0
230
1.0
 70
    11
 71
     3
 72
    17
 73
    13
 74
     0
 42
0.000000001
 43
0.0000000001
 40
0.0
 40
0.0
 40
0.0
 40
0.0
 40
1.0
 40
1.0
 40
1.0
 40
2.0
 40
2.0
 40
2.0
 40
3.0
 40
3.0
 40
3.0
 40
4.0
 40
4.0
 40
4.0
 40
4.0
 10
180.7966355555556
 20
275.1287430555556
 30
0.0
 10
180.5204105555555
 20
275.1287430555556
 30
0.0
 10
180.2967494444445
 20
275.3527569444444
 30
0.0
 10
180.2967494444445
 20
275.6286291666667
 30
0.0
 10
180.2967494444445
 20
275.9048541666667
 30
0.0
 10
180.5204105555555
 20
276.1285152777778
 30
0.0
 10
180.7966355555556
 20
276.1285152777778
 30
0.0
 10
181.0728605555556
 20
276.1285152777778
 30
0.0
 10
181.2965216666667
 20
275.9048541666667
 30
0.0
 10
181.2965216666667
 20
275.6286291666667
 30
0.0
 10
181.2965216666667
 20
275.3527569444444
 30
0.0
 10
181.0728605555556
 20
275.1287430555556
 30
0.0
 10
180.7966355555556
 20
275.1287430555556
 30
0.0
  0
SPLINE
  5
320
330
1F
100
AcDbEntity
  8
DEFAULT
 62
     7
100
AcDbSpline
210
0.0
220
0.0
230
1.0
 70
    11
 71
     3
 72
    17
 73
    13
 74
     0
 42
0.000000001
 43
0.0000000001
 40
0.0
 40
0.0
 40
0.0
 40
0.0
 40
1.0
 40
1.0
 40
1.0
 40
2.0
 40
2.0
 40
2.0
 40
3.0
 40
3.0
 40
3.0
 40
4.0
 40
4.0
 40
4.0
 40
4.0
 10
182.2966466666666
 20
275.1287430555556
 30
0.0
 10
182.0204216666666
 20
275.1287430555556
 30
0.0
 10
181.7967605555555
 20
275.3527569444444
 30
0.0
 10
181.7967605555555
 20
275.6286291666667
 30
0.0
 10
181.7967605555555
 20
275.9048541666667
 30
0.0
 10
182.0204216666666
 20
276.1285152777778
 30
0.0
 10
182.2966466666666
 20
276.1285152777778
 30
0.0
 10
182.5728716666667
 20
276.1285152777778
 30
0.0
 10
182.7965327777778
 20
275.9048541666667
 30
0.0
 10
182.7965327777778
 20
275.6286291666667
 30
0.0
 10
182.7965327777778
 20
275.3527569444444
 30
0.0
 10
182.5728716666667
 20
275.1287430555556
 30
0.0
 10
182.2966466666666
 20
275.1287430555556
 30
0.0
  0
SPLINE
  5
321
330
1F
100
AcDbEntity
  8
DEFAULT
 62
     1
100
AcDbSpline
210
0.0
220
0.0
230
1.0
 70
     8
 71
     3
 72
    59
 73
    55
 74
     0
 42
0.000000001
 43
0.0000000001
 40
0.0
 40
0.0
 40
0.0
 40
0.0
 40
1.0
 40
1.0
 40
1.0
 40
2.0
 40
2.0
 40
2.0
 40
3.0
 40
3.0
 40
3.0
 40
4.0
 40
4.0
 40
4.0
 40
5.0
 40
5.0
 40
5.0
 40
6.009999999999991
 40
6.009999999999991
 40
6.009999999999991
 40
7.009999999999991
 40
7.009999999999991
 40
7.009999999999991
 40
8.009999999999991
 40
8.009999999999991
 40
8.009999999999991
 40
9.009999999999991
 40
9.009999999999991
 40
9.009999999999991
 40
10.00999999999999
 40
10.00999999999999
 40
10.00999999999999
 40
11.00999999999999
 40
11.00999999999999
 40
11.00999999999999
 40
12.00999999999999
 40
12.00999999999999
 40
12.00999999999999
 40
13.00999999999999
 40
13.00999999999999
 40
13.00999999999999
 40
14.00999999999999
 40
14.00999999999999
 40
14.00999999999999
 40
15.00999999999999
 40
15.00999999999999
 40
15.00999999999999
 40
16.00999999999999
 40
16.00999999999999
 40
16.00999999999999
 40
25.93000000000001
 40
25.93000000000001
 40
25.93000000000001
 40
29.68000000000001
 40
29.68000000000001
 40
29.68000000000001
 40
29.68000000000001
 10
192.7972888888889
 20
274.8042227777778
 30
0.0
 10
192.9031222222222
 20
271.1000561111111
 30
0.0
 10
196.2404
 20
268.4083616666667
 30
0.0
 10
178.93665
 20
270.6167505555555
 30
0.0
 10
170.1807055555555
 20
271.7315283333333
 30
0.0
 10
159.6220666666666
 20
270.4862227777778
 30
0.0
 10
155.3322888888889
 20
270.1158061111111
 30
0.0
 10
150.17115
 20
269.6713061111111
 30
0.0
 10
151.5081777777777
 20
271.117695
 30
0.0
 10
151.7692333333333
 20
273.0791394444444
 30
0.0
 10
151.7692333333333
 20
273.3013894444445
 30
0.0
 10
152.0091222222222
 20
273.4813061111111
 30
0.0
 10
152.3019277777777
 20
273.4813061111111
 30
0.0
 10
153.1768166666666
 20
273.4813061111111
 30
0.0
 10
153.0780388888888
 20
273.530695
 30
0.0
 10
154.0517055555555
 20
273.530695
 30
0.0
 10
155.0218444444444
 20
273.530695
 30
0.0
 10
154.9265944444444
 20
273.4813061111111
 30
0.0
 10
155.8014833333333
 20
273.4813061111111
 30
0.0
 10
156.6728444444444
 20
273.4813061111111
 30
0.0
 10
158.5743166666666
 20
273.530695
 30
0.0
 10
159.5479833333333
 20
273.530695
 30
0.0
 10
160.5181222222222
 20
273.530695
 30
0.0
 10
160.4228722222222
 20
273.4813061111111
 30
0.0
 10
161.2977611111111
 20
273.4813061111111
 30
0.0
 10
162.17265
 20
273.4813061111111
 30
0.0
 10
162.0738722222222
 20
273.530695
 30
0.0
 10
163.0475388888889
 20
273.530695
 30
0.0
 10
164.0176777777777
 20
273.530695
 30
0.0
 10
163.9224277777777
 20
273.4813061111111
 30
0.0
 10
164.7973166666666
 20
273.4813061111111
 30
0.0
 10
165.6722055555555
 20
273.4813061111111
 30
0.0
 10
165.5734277777777
 20
273.530695
 30
0.0
 10
166.5470944444444
 20
273.530695
 30
0.0
 10
167.5172333333333
 20
273.530695
 30
0.0
 10
167.4219833333333
 20
273.4813061111111
 30
0.0
 10
168.2968722222222
 20
273.4813061111111
 30
0.0
 10
169.1717611111111
 20
273.4813061111111
 30
0.0
 10
169.0729833333333
 20
273.530695
 30
0.0
 10
170.04665
 20
273.530695
 30
0.0
 10
171.0167888888888
 20
273.530695
 30
0.0
 10
170.9215388888888
 20
273.4813061111111
 30
0.0
 10
171.7964277777778
 20
273.4813061111111
 30
0.0
 10
172.6713166666666
 20
273.4813061111111
 30
0.0
 10
172.5725388888889
 20
273.530695
 30
0.0
 10
173.5462055555555
 20
273.530695
 30
0.0
 10
174.5163444444444
 20
273.530695
 30
0.0
 10
174.4210944444444
 20
273.4813061111111
 30
0.0
 10
175.2959833333333
 20
273.4813061111111
 30
0.0
 10
176.4625018518518
 20
273.4813061111111
 30
0.0
 10
177.6290203703703
 20
273.4813061111111
 30
0.0
 10
178.7955388888888
 20
273.4813061111111
 30
0.0
 10
178.7955388888888
 20
273.9222783333333
 30
0.0
 10
178.7955388888888
 20
274.3632505555556
 30
0.0
 10
178.7955388888888
 20
274.8042227777778
 30
0.0
  0
SPLINE
  5
322
330
1F
100
AcDbEntity
  8
DEFAULT
 62
     1
100
AcDbSpline
210
0.0
220
0.0
230
1.0
 70
     8
 71
     3
 72
    59
 73
    55
 74
     0
 42
0.000000001
 43
0.0000000001
 40
0.0
 40
0.0
 40
0.0
 40
0.0
 40
3.759999999999991
 40
3.759999999999991
 40
3.759999999999991
 40
13.69
 40
13.69
 40
13.69
 40
14.69
 40
14.69
 40
14.69
 40
15.69
 40
15.69
 40
15.69
 40
16.69
 40
16.69
 40
16.69
 40
17.69
 40
17.69
 40
17.69
 40
18.69
 40
18.69
 40
18.69
 40
19.69
 40
19.69
 40
19.69
 40
20.69
 40
20.69
 40
20.69
 40
21.69
 40
21.69
 40
21.69
 40
22.69
 40
22.69
 40
22.69
 40
23.69
 40
23.69
 40
23.69
 40
24.69
 40
24.69
 40
24.69
 40
25.69
 40
25.69
 40
25.69
 40
26.69
 40
26.69
 40
26.69
 40
27.69
 40
27.69
 40
27.69
 40
28.69
 40
28.69
 40
28.69
 40
29.69
 40
29.69
 40
29.69
 40
29.69
 10
178.7955741666667
 20
275.1535433333333
 30
0.0
 10
178.7955741666666
 20
275.5956914814815
 30
0.0
 10
178.7955741666666
 20
276.0378396296296
 30
0.0
 10
178.7955741666666
 20
276.4799877777778
 30
0.0
 10
177.6278797222222
 20
276.4799877777778
 30
0.0
 10
176.4601852777778
 20
276.4799877777778
 30
0.0
 10
175.2924908333333
 20
276.4799877777778
 30
0.0
 10
174.4211297222222
 20
276.4799877777778
 30
0.0
 10
174.5163797222222
 20
276.4305988888889
 30
0.0
 10
173.5462408333333
 20
276.4305988888889
 30
0.0
 10
172.5725741666666
 20
276.4305988888889
 30
0.0
 10
172.6713519444444
 20
276.4799877777778
 30
0.0
 10
171.7964630555555
 20
276.4799877777778
 30
0.0
 10
170.9215741666667
 20
276.4799877777778
 30
0.0
 10
171.0168241666667
 20
276.4305988888889
 30
0.0
 10
170.0466852777778
 20
276.4305988888889
 30
0.0
 10
169.0730186111111
 20
276.4305988888889
 30
0.0
 10
169.1717963888889
 20
276.4799877777778
 30
0.0
 10
168.2969075
 20
276.4799877777778
 30
0.0
 10
167.4220186111111
 20
276.4799877777778
 30
0.0
 10
167.5172686111111
 20
276.4305988888889
 30
0.0
 10
166.5471297222222
 20
276.4305988888889
 30
0.0
 10
165.5734630555555
 20
276.4305988888889
 30
0.0
 10
165.6722408333333
 20
276.4799877777778
 30
0.0
 10
164.7973519444444
 20
276.4799877777778
 30
0.0
 10
163.9224630555555
 20
276.4799877777778
 30
0.0
 10
164.0177130555555
 20
276.4305988888889
 30
0.0
 10
163.0475741666666
 20
276.4305988888889
 30
0.0
 10
162.0739075
 20
276.4305988888889
 30
0.0
 10
162.1726852777778
 20
276.4799877777778
 30
0.0
 10
161.2977963888889
 20
276.4799877777778
 30
0.0
 10
160.4229075
 20
276.4799877777778
 30
0.0
 10
160.5181575
 20
276.4305988888889
 30
0.0
 10
159.5480186111111
 20
276.4305988888889
 30
0.0
 10
158.5743519444444
 20
276.4305988888889
 30
0.0
 10
156.6728797222222
 20
276.4799877777778
 30
0.0
 10
155.7979908333333
 20
276.4799877777778
 30
0.0
 10
154.9266297222222
 20
276.4799877777778
 30
0.0
 10
155.0218797222222
 20
276.4305988888889
 30
0.0
 10
154.0517408333333
 20
276.4305988888889
 30
0.0
 10
153.0780741666667
 20
276.4305988888889
 30
0.0
 10
153.1768519444444
 20
276.4799877777778
 30
0.0
 10
152.3019630555555
 20
276.4799877777778
 30
0.0
 10
152.0091575
 20
276.4799877777778
 30
0.0
 10
151.7692686111111
 20
276.6563766666666
 30
0.0
 10
151.7692686111111
 20
276.8786266666667
 30
0.0
 10
151.5082130555555
 20
278.8400711111111
 30
0.0
 10
150.1711852777778
 20
280.28646
 30
0.0
 10
155.3323241666666
 20
279.84196
 30
0.0
 10
159.5974075
 20
279.4715433333333
 30
0.0
 10
170.2266019444444
 20
278.2297655555556
 30
0.0
 10
178.9366852777777
 20
279.3445433333333
 30
0.0
 10
196.2439630555556
 20
281.5494044444444
 30
0.0
 10
192.9031575
 20
278.8612377777778
 30
0.0
 10
192.7973241666666
 20
275.1535433333333
 30
0.0
  0
SPLINE
  5
323
330
1F
100
AcDbEntity
  8
DEFAULT
 62
     7
100
AcDbSpline
210
0.0
220
0.0
230
1.0
 70
    11
 71
     3
 72
    17
 73
    13
 74
     0
 42
0.000000001
 43
0.0000000001
 40
0.0
 40
0.0
 40
0.0
 40
0.0
 40
1.0
 40
1.0
 40
1.0
 40
2.0
 40
2.0
 40
2.0
 40
3.0
 40
3.0
 40
3.0
 40
4.0
 40
4.0
 40
4.0
 40
4.0
 10
181.9795347222222
 20
287.0609927777778
 30
0.0
 10
181.8415986111111
 20
286.8218094444444
 30
0.0
 10
181.5357402777777
 20
286.739965
 30
0.0
 10
181.2965569444444
 20
286.877901111111
 30
0.0
 10
181.0573736111111
 20
287.01619
 30
0.0
 10
180.9755291666666
 20
287.3216955555556
 30
0.0
 10
181.1134652777777
 20
287.5608788888889
 30
0.0
 10
181.2517541666666
 20
287.8000622222222
 30
0.0
 10
181.5576125
 20
287.8819066666666
 30
0.0
 10
181.7964430555555
 20
287.7439705555555
 30
0.0
 10
182.0356263888889
 20
287.6056816666666
 30
0.0
 10
182.1178236111111
 20
287.3001761111111
 30
0.0
 10
181.9795347222222
 20
287.0609927777778
 30
0.0
  0
SPLINE
  5
324
330
1F
100
AcDbEntity
  8
DEFAULT
 62
     7
100
AcDbSpline
210
0.0
220
0.0
230
1.0
 70
    11
 71
     3
 72
    17
 73
    13
 74
     0
 42
0.000000001
 43
0.0000000001
 40
0.0
 40
0.0
 40
0.0
 40
0.0
 40
1.0
 40
1.0
 40
1.0
 40
2.0
 40
2.0
 40
2.0
 40
3.0
 40
3.0
 40
3.0
 40
4.0
 40
4.0
 40
4.0
 40
4.0
 10
180.7966355555556
 20
288.1100480555555
 30
0.0
 10
180.5204105555555
 20
288.1100480555555
 30
0.0
 10
180.2967494444445
 20
288.3337091666666
 30
0.0
 10
180.2967494444445
 20
288.6099341666666
 30
0.0
 10
180.2967494444445
 20
288.8861591666666
 30
0.0
 10
180.5204105555555
 20
289.1098202777777
 30
0.0
 10
180.7966355555556
 20
289.1098202777777
 30
0.0
 10
181.0728605555556
 20
289.1098202777777
 30
0.0
 10
181.2965216666667
 20
288.8861591666666
 30
0.0
 10
181.2965216666667
 20
288.6099341666666
 30
0.0
 10
181.2965216666667
 20
288.3337091666666
 30
0.0
 10
181.0728605555556
 20
288.1100480555555
 30
0.0
 10
180.7966355555556
 20
288.1100480555555
 30
0.0
  0
SPLINE
  5
325
330
1F
100
AcDbEntity
  8
DEFAULT
 62
     7
100
AcDbSpline
210
0.0
220
0.0
230
1.0
 70
    11
 71
     3
 72
    17
 73
    13
 74
     0
 42
0.000000001
 43
0.0000000001
 40
0.0
 40
0.0
 40
0.0
 40
0.0
 40
1.0
 40
1.0
 40
1.0
 40
2.0
 40
2.0
 40
2.0
 40
3.0
 40
3.0
 40
3.0
 40
4.0
 40
4.0
 40
4.0
 40
4.0
 10
182.2966466666666
 20
288.1100480555555
 30
0.0
 10
182.0204216666666
 20
288.1100480555555
 30
0.0
 10
181.7967605555555
 20
288.3337091666666
 30
0.0
 10
181.7967605555555
 20
288.6099341666666
 30
0.0
 10
181.7967605555555
 20
288.8861591666666
 30
0.0
 10
182.0204216666666
 20
289.1098202777777
 30
0.0
 10
182.2966466666666
 20
289.1098202777777
 30
0.0
 10
182.5728716666667
 20
289.1098202777777
 30
0.0
 10
182.7965327777778
 20
288.8861591666666
 30
0.0
 10
182.7965327777778
 20
288.6099341666666
 30
0.0
 10
182.7965327777778
 20
288.3337091666666
 30
0.0
 10
182.5728716666667
 20
288.1100480555555
 30
0.0
 10
182.2966466666666
 20
288.1100480555555
 30
0.0
  0
SPLINE
  5
326
330
1F
100
AcDbEntity
  8
DEFAULT
 62
     1
100
AcDbSpline
210
0.0
220
0.0
230
1.0
 70
     8
 71
     3
 72
    59
 73
    55
 74
     0
 42
0.000000001
 43
0.0000000001
 40
0.0
 40
0.0
 40
0.0
 40
0.0
 40
1.0
 40
1.0
 40
1.0
 40
2.0
 40
2.0
 40
2.0
 40
3.0
 40
3.0
 40
3.0
 40
4.0
 40
4.0
 40
4.0
 40
5.0
 40
5.0
 40
5.0
 40
6.009999999999991
 40
6.009999999999991
 40
6.009999999999991
 40
7.009999999999991
 40
7.009999999999991
 40
7.009999999999991
 40
8.009999999999991
 40
8.009999999999991
 40
8.009999999999991
 40
9.009999999999991
 40
9.009999999999991
 40
9.009999999999991
 40
10.00999999999999
 40
10.00999999999999
 40
10.00999999999999
 40
11.00999999999999
 40
11.00999999999999
 40
11.00999999999999
 40
12.00999999999999
 40
12.00999999999999
 40
12.00999999999999
 40
13.00999999999999
 40
13.00999999999999
 40
13.00999999999999
 40
14.00999999999999
 40
14.00999999999999
 40
14.00999999999999
 40
15.00999999999999
 40
15.00999999999999
 40
15.00999999999999
 40
16.00999999999999
 40
16.00999999999999
 40
16.00999999999999
 40
25.93000000000001
 40
25.93000000000001
 40
25.93000000000001
 40
29.69
 40
29.69
 40
29.69
 40
29.69
 10
192.7972888888889
 20
287.7865508333333
 30
0.0
 10
192.9031222222222
 20
284.0788563888889
 30
0.0
 10
196.2439277777777
 20
281.3906897222222
 30
0.0
 10
178.93665
 20
283.5990786111111
 30
0.0
 10
170.1807055555555
 20
284.7138563888889
 30
0.0
 10
159.6220666666666
 20
283.4685508333333
 30
0.0
 10
155.3322888888889
 20
283.0946063888889
 30
0.0
 10
150.17115
 20
282.6536341666667
 30
0.0
 10
151.5081777777777
 20
284.1000230555555
 30
0.0
 10
151.7692333333333
 20
286.0614675
 30
0.0
 10
151.7692333333333
 20
286.2801897222222
 30
0.0
 10
152.0091222222222
 20
286.4601063888889
 30
0.0
 10
152.3019277777777
 20
286.4601063888889
 30
0.0
 10
153.1768166666666
 20
286.4601063888889
 30
0.0
 10
153.0780388888888
 20
286.5130230555555
 30
0.0
 10
154.0517055555555
 20
286.5130230555555
 30
0.0
 10
155.0218444444444
 20
286.5130230555555
 30
0.0
 10
154.9265944444444
 20
286.4601063888889
 30
0.0
 10
155.8014833333333
 20
286.4601063888889
 30
0.0
 10
156.6728444444444
 20
286.4601063888889
 30
0.0
 10
158.5743166666666
 20
286.5130230555555
 30
0.0
 10
159.5479833333333
 20
286.5130230555555
 30
0.0
 10
160.5181222222222
 20
286.5130230555555
 30
0.0
 10
160.4228722222222
 20
286.4601063888889
 30
0.0
 10
161.2977611111111
 20
286.4601063888889
 30
0.0
 10
162.17265
 20
286.4601063888889
 30
0.0
 10
162.0738722222222
 20
286.5130230555555
 30
0.0
 10
163.0475388888889
 20
286.5130230555555
 30
0.0
 10
164.0176777777777
 20
286.5130230555555
 30
0.0
 10
163.9224277777777
 20
286.4601063888889
 30
0.0
 10
164.7973166666666
 20
286.4601063888889
 30
0.0
 10
165.6722055555555
 20
286.4601063888889
 30
0.0
 10
165.5734277777777
 20
286.5130230555555
 30
0.0
 10
166.5470944444444
 20
286.5130230555555
 30
0.0
 10
167.5172333333333
 20
286.5130230555555
 30
0.0
 10
167.4219833333333
 20
286.4601063888889
 30
0.0
 10
168.2968722222222
 20
286.4601063888889
 30
0.0
 10
169.1717611111111
 20
286.4601063888889
 30
0.0
 10
169.0729833333333
 20
286.5130230555555
 30
0.0
 10
170.04665
 20
286.5130230555555
 30
0.0
 10
171.0167888888888
 20
286.5130230555555
 30
0.0
 10
170.9215388888888
 20
286.4601063888889
 30
0.0
 10
171.7964277777778
 20
286.4601063888889
 30
0.0
 10
172.6713166666666
 20
286.4601063888889
 30
0.0
 10
172.5725388888889
 20
286.5130230555555
 30
0.0
 10
173.5462055555555
 20
286.5130230555555
 30
0.0
 10
174.5163444444444
 20
286.5130230555555
 30
0.0
 10
174.4210944444444
 20
286.4601063888889
 30
0.0
 10
175.2959833333333
 20
286.4601063888889
 30
0.0
 10
176.4625018518518
 20
286.4601063888889
 30
0.0
 10
177.6290203703703
 20
286.4601063888889
 30
0.0
 10
178.7955388888888
 20
286.4601063888889
 30
0.0
 10
178.7955388888888
 20
286.902254537037
 30
0.0
 10
178.7955388888888
 20
287.3444026851852
 30
0.0
 10
178.7955388888888
 20
287.7865508333333
 30
0.0
  0
SPLINE
  5
327
330
1F
100
AcDbEntity
  8
DEFAULT
 62
     1
100
AcDbSpline
210
0.0
220
0.0
230
1.0
 70
     8
 71
     3
 72
    59
 73
    55
 74
     0
 42
0.000000001
 43
0.0000000001
 40
0.0
 40
0.0
 40
0.0
 40
0.0
 40
3.75
 40
3.75
 40
3.75
 40
13.68000000000001
 40
13.68000000000001
 40
13.68000000000001
 40
14.68000000000001
 40
14.68000000000001
 40
14.68000000000001
 40
15.68000000000001
 40
15.68000000000001
 40
15.68000000000001
 40
16.68000000000001
 40
16.68000000000001
 40
16.68000000000001
 40
17.68000000000001
 40
17.68000000000001
 40
17.68000000000001
 40
18.68000000000001
 40
18.68000000000001
 40
18.68000000000001
 40
19.68000000000001
 40
19.68000000000001
 40
19.68000000000001
 40
20.68000000000001
 40
20.68000000000001
 40
20.68000000000001
 40
21.68000000000001
 40
21.68000000000001
 40
21.68000000000001
 40
22.68000000000001
 40
22.68000000000001
 40
22.68000000000001
 40
23.68000000000001
 40
23.68000000000001
 40
23.68000000000001
 40
24.68000000000001
 40
24.68000000000001
 40
24.68000000000001
 40
25.68000000000001
 40
25.68000000000001
 40
25.68000000000001
 40
26.68000000000001
 40
26.68000000000001
 40
26.68000000000001
 40
27.68000000000001
 40
27.68000000000001
 40
27.68000000000001
 40
28.68000000000001
 40
28.68000000000001
 40
28.68000000000001
 40
29.68000000000001
 40
29.68000000000001
 40
29.68000000000001
 40
29.68000000000001
 10
178.7955741666667
 20
288.135695
 30
0.0
 10
178.7955741666666
 20
288.5766672222222
 30
0.0
 10
178.7955741666666
 20
289.0176394444444
 30
0.0
 10
178.7955741666666
 20
289.4586116666666
 30
0.0
 10
177.6278797222222
 20
289.4586116666666
 30
0.0
 10
176.4601852777778
 20
289.4586116666666
 30
0.0
 10
175.2924908333333
 20
289.4586116666666
 30
0.0
 10
174.4211297222222
 20
289.4586116666666
 30
0.0
 10
174.5163797222222
 20
289.4127505555555
 30
0.0
 10
173.5462408333333
 20
289.4127505555555
 30
0.0
 10
172.5725741666666
 20
289.4127505555555
 30
0.0
 10
172.6713519444444
 20
289.4586116666666
 30
0.0
 10
171.7964630555555
 20
289.4586116666666
 30
0.0
 10
170.9215741666667
 20
289.4586116666666
 30
0.0
 10
171.0168241666667
 20
289.4127505555555
 30
0.0
 10
170.0466852777778
 20
289.4127505555555
 30
0.0
 10
169.0730186111111
 20
289.4127505555555
 30
0.0
 10
169.1717963888889
 20
289.4586116666666
 30
0.0
 10
168.2969075
 20
289.4586116666666
 30
0.0
 10
167.4220186111111
 20
289.4586116666666
 30
0.0
 10
167.5172686111111
 20
289.4127505555555
 30
0.0
 10
166.5471297222222
 20
289.4127505555555
 30
0.0
 10
165.5734630555555
 20
289.4127505555555
 30
0.0
 10
165.6722408333333
 20
289.4586116666666
 30
0.0
 10
164.7973519444444
 20
289.4586116666666
 30
0.0
 10
163.9224630555555
 20
289.4586116666666
 30
0.0
 10
164.0177130555555
 20
289.4127505555555
 30
0.0
 10
163.0475741666666
 20
289.4127505555555
 30
0.0
 10
162.0739075
 20
289.4127505555555
 30
0.0
 10
162.1726852777778
 20
289.4586116666666
 30
0.0
 10
161.2977963888889
 20
289.4586116666666
 30
0.0
 10
160.4229075
 20
289.4586116666666
 30
0.0
 10
160.5181575
 20
289.4127505555555
 30
0.0
 10
159.5480186111111
 20
289.4127505555555
 30
0.0
 10
158.5743519444444
 20
289.4127505555555
 30
0.0
 10
156.6728797222222
 20
289.4586116666666
 30
0.0
 10
155.7979908333333
 20
289.4586116666666
 30
0.0
 10
154.9266297222222
 20
289.4586116666666
 30
0.0
 10
155.0218797222222
 20
289.4127505555555
 30
0.0
 10
154.0517408333333
 20
289.4127505555555
 30
0.0
 10
153.0780741666667
 20
289.4127505555555
 30
0.0
 10
153.1768519444444
 20
289.4586116666666
 30
0.0
 10
152.3019630555555
 20
289.4586116666666
 30
0.0
 10
152.0091575
 20
289.4586116666666
 30
0.0
 10
151.7692686111111
 20
289.6350005555556
 30
0.0
 10
151.7692686111111
 20
289.8607783333333
 30
0.0
 10
151.5082130555555
 20
291.818695
 30
0.0
 10
150.1711852777778
 20
293.2686116666666
 30
0.0
 10
155.3323241666666
 20
292.8241116666666
 30
0.0
 10
159.5974075
 20
292.453695
 30
0.0
 10
170.2266019444444
 20
291.2119172222222
 30
0.0
 10
178.9366852777777
 20
292.326695
 30
0.0
 10
196.2404352777778
 20
294.5280283333333
 30
0.0
 10
192.9031575
 20
291.8433894444444
 30
0.0
 10
192.7973241666666
 20
288.135695
 30
0.0
  0
POLYLINE
  5
328
330
1F
100
AcDbEntity
  8
DEFAULT
 62
     7
100
AcDb2dPolyline
 66
     1
 10
0.0
 20
0.0
 30
0.0
  0
VERTEX
  5
329
330
328
100
AcDbEntity
  8
DEFAULT
 62
     7
100
AcDbVertex
100
AcDb2dVertex
 10
135.7272283333333
 20
137.5262891666666
 30
0.0
  0
VERTEX
  5
32A
330
328
100
AcDbEntity
  8
DEFAULT
 62
     7
100
AcDbVertex
100
AcDb2dVertex
 10
134.5789366666667
 20
135.3055530555555
 30
0.0
  0
SEQEND
  5
32B
330
328
100
AcDbEntity
  8
DEFAULT
 62
     7
  0
POLYLINE
  5
32C
330
1F
100
AcDbEntity
  8
DEFAULT
 62
     7
100
AcDb2dPolyline
 66
     1
 10
0.0
 20
0.0
 30
0.0
  0
VERTEX
  5
32D
330
32C
100
AcDbEntity
  8
DEFAULT
 62
     7
100
AcDbVertex
100
AcDb2dVertex
 10
132.6219725
 20
138.8790155555556
 30
0.0
  0
VERTEX
  5
32E
330
32C
100
AcDbEntity
  8
DEFAULT
 62
     7
100
AcDbVertex
100
AcDb2dVertex
 10
134.4818169444444
 20
137.4604961111111
 30
0.0
  0
VERTEX
  5
32F
330
32C
100
AcDbEntity
  8
DEFAULT
 62
     7
100
AcDbVertex
100
AcDb2dVertex
 10
133.1733641666667
 20
137.4382711111111
 30
0.0
  0
VERTEX
  5
330
330
32C
100
AcDbEntity
  8
DEFAULT
 62
     7
100
AcDbVertex
100
AcDb2dVertex
 10
133.9131391666667
 20
136.360535
 30
0.0
  0
VERTEX
  5
331
330
32C
100
AcDbEntity
  8
DEFAULT
 62
     7
100
AcDbVertex
100
AcDb2dVertex
 10
131.6789975
 20
137.0551544444444
 30
0.0
  0
SEQEND
  5
332
330
32C
100
AcDbEntity
  8
DEFAULT
 62
     7
  0
SPLINE
  5
333
330
1F
100
AcDbEntity
  8
DEFAULT
 62
     1
100
AcDbSpline
210
0.0
220
0.0
230
1.0
 70
     8
 71
     3
 72
    41
 73
    37
 74
     0
 42
0.000000001
 43
0.0000000001
 40
0.0
 40
0.0
 40
0.0
 40
0.0
 40
3.756860391337467
 40
3.756860391337467
 40
3.756860391337467
 40
16.63785414182119
 40
16.63785414182119
 40
16.63785414182119
 40
17.63785414182119
 40
17.63785414182119
 40
17.63785414182119
 40
18.63785414182119
 40
18.63785414182119
 40
18.63785414182119
 40
19.63785414182119
 40
19.63785414182119
 40
19.63785414182119
 40
20.63785414182119
 40
20.63785414182119
 40
20.63785414182119
 40
21.63785414182119
 40
21.63785414182119
 40
21.63785414182119
 40
22.63785414182119
 40
22.63785414182119
 40
22.63785414182119
 40
23.63785414182119
 40
23.63785414182119
 40
23.63785414182119
 40
24.63785414182119
 40
24.63785414182119
 40
24.63785414182119
 40
37.53663315380526
 40
37.53663315380526
 40
37.53663315380526
 40
41.29391940853753
 40
41.29391940853753
 40
41.29391940853753
 40
41.29391940853753
 10
137.6404480555556
 20
134.9137227777778
 30
0.0
 10
137.4381887962963
 20
134.5209635185185
 30
0.0
 10
137.235929537037
 20
134.1282042592593
 30
0.0
 10
137.0336702777778
 20
133.735445
 30
0.0
 10
138.378929537037
 20
133.0392968518518
 30
0.0
 10
139.7241887962963
 20
132.3431487037037
 30
0.0
 10
141.0694480555555
 20
131.6470005555555
 30
0.0
 10
142.0819202777778
 20
131.1213616666666
 30
0.0
 10
141.9972536111111
 20
131.2377783333333
 30
0.0
 10
143.1226147222222
 20
130.6592227777778
 30
0.0
 10
144.2409202777777
 20
130.0771394444444
 30
0.0
 10
144.0998091666667
 20
130.0806672222222
 30
0.0
 10
145.1122813888889
 20
129.5550283333333
 30
0.0
 10
144.5690036111111
 20
128.5002227777778
 30
0.0
 10
149.6348925
 20
126.7081116666667
 30
0.0
 10
153.7271147222222
 20
124.5879172222222
 30
0.0
 10
157.5159480555555
 20
122.6264727777778
 30
0.0
 10
161.6893091666666
 20
121.257695
 30
0.0
 10
161.8480591666666
 20
116.3752505555555
 30
0.0
 10
161.9821147222222
 20
112.2583338888889
 30
0.0
 10
159.7172813888889
 20
104.6736116666666
 30
0.0
 10
146.5375036111111
 20
107.0478061111111
 30
0.0
 10
143.2249202777778
 20
107.6440005555555
 30
0.0
 10
142.6463647222222
 20
109.8665005555555
 30
0.0
 10
142.4417536111111
 20
112.0149172222222
 30
0.0
 10
143.5776980555555
 20
112.1242783333333
 30
0.0
 10
143.4436425
 20
112.1736672222222
 30
0.0
 10
144.6995313888889
 20
112.2936116666666
 30
0.0
 10
145.9589480555555
 20
112.4100283333333
 30
0.0
 10
145.8390036111111
 20
112.335945
 30
0.0
 10
146.9714202777778
 20
112.4417783333333
 30
0.0
 10
148.4813091666666
 20
112.5864172222222
 30
0.0
 10
149.9911980555555
 20
112.7310561111111
 30
0.0
 10
151.5010869444444
 20
112.875695
 30
0.0
 10
151.4587536111111
 20
113.3154912962963
 30
0.0
 10
151.4164202777778
 20
113.7552875925926
 30
0.0
 10
151.3740869444444
 20
114.1950838888889
 30
0.0
  0
SPLINE
  5
334
330
1F
100
AcDbEntity
  8
DEFAULT
 62
     1
100
AcDbSpline
210
0.0
220
0.0
230
1.0
 70
     8
 71
     3
 72
    47
 73
    43
 74
     0
 42
0.000000001
 43
0.0000000001
 40
0.0
 40
0.0
 40
0.0
 40
0.0
 40
3.747972785386787
 40
3.747972785386787
 40
3.747972785386787
 40
16.63784865755864
 40
16.63784865755864
 40
16.63784865755864
 40
17.63784865755864
 40
17.63784865755864
 40
17.63784865755864
 40
18.63784865755864
 40
18.63784865755864
 40
18.63784865755864
 40
19.63784865755864
 40
19.63784865755864
 40
19.63784865755864
 40
20.63784865755864
 40
20.63784865755864
 40
20.63784865755864
 40
21.63784865755864
 40
21.63784865755864
 40
21.63784865755864
 40
32.68513339182704
 40
32.68513339182704
 40
32.68513339182704
 40
33.68513339182704
 40
33.68513339182704
 40
33.68513339182704
 40
34.68513339182704
 40
34.68513339182704
 40
34.68513339182704
 40
35.68513339182704
 40
35.68513339182704
 40
35.68513339182704
 40
36.68513339182704
 40
36.68513339182704
 40
36.68513339182704
 40
49.56210896841334
 40
49.56210896841334
 40
49.56210896841334
 40
53.31939522314561
 40
53.31939522314561
 40
53.31939522314561
 40
53.31939522314561
 10
137.8027258333333
 20
135.2242730555556
 30
0.0
 10
138.0049850925926
 20
135.6158563888889
 30
0.0
 10
138.2072443518519
 20
136.0074397222222
 30
0.0
 10
138.4095036111111
 20
136.3990230555555
 30
0.0
 10
139.7559387962963
 20
135.7028749074074
 30
0.0
 10
141.1023739814815
 20
135.0067267592593
 30
0.0
 10
142.4488091666666
 20
134.3105786111111
 30
0.0
 10
143.4612813888889
 20
133.7849397222222
 30
0.0
 10
143.3236980555555
 20
133.7884675
 30
0.0
 10
144.4384758333333
 20
133.2063841666667
 30
0.0
 10
145.5638369444444
 20
132.6243008333333
 30
0.0
 10
145.4756425
 20
132.7407175
 30
0.0
 10
146.4881147222222
 20
132.2186063888889
 30
0.0
 10
148.4425036111111
 20
136.1556063888889
 30
0.0
 10
147.3347813888889
 20
138.8296619444444
 30
0.0
 10
144.8547536111111
 20
140.2972175
 30
0.0
 10
141.4539758333333
 20
142.3151063888889
 30
0.0
 10
139.5736702777778
 20
142.8548563888889
 30
0.0
 10
137.7145313888889
 20
143.9519952777778
 30
0.0
 10
134.9346425
 20
145.5994675
 30
0.0
 10
131.5232813888889
 20
142.8936619444444
 30
0.0
 10
130.5355036111111
 20
140.9816063888889
 30
0.0
 10
129.9381332407407
 20
139.8280230555555
 30
0.0
 10
129.3407628703704
 20
138.6744397222222
 30
0.0
 10
128.7433925
 20
137.5208563888889
 30
0.0
 10
126.9195313888889
 20
133.4109952777778
 30
0.0
 10
130.3167813888889
 20
120.2312175
 30
0.0
 10
136.1340869444444
 20
118.1498286111111
 30
0.0
 10
140.2192536111111
 20
116.6928563888889
 30
0.0
 10
141.7150313888889
 20
116.7493008333333
 30
0.0
 10
142.1595313888889
 20
114.9995230555556
 30
0.0
 10
143.2954758333333
 20
115.1124119444444
 30
0.0
 10
143.1720036111111
 20
115.0348008333333
 30
0.0
 10
144.4278925
 20
115.1512175
 30
0.0
 10
145.6873091666667
 20
115.2746897222222
 30
0.0
 10
145.5567813888889
 20
115.3240786111111
 30
0.0
 10
146.6927258333333
 20
115.4334397222222
 30
0.0
 10
148.2002628703704
 20
115.5757267592592
 30
0.0
 10
149.7077999074074
 20
115.7180137962963
 30
0.0
 10
151.2153369444444
 20
115.8603008333333
 30
0.0
 10
151.2576702777777
 20
115.420504537037
 30
0.0
 10
151.3000036111111
 20
114.9807082407407
 30
0.0
 10
151.3423369444444
 20
114.5409119444444
 30
0.0
  0
POLYLINE
  5
335
330
1F
100
AcDbEntity
  8
DEFAULT
 62
     7
100
AcDb2dPolyline
 66
     1
 10
0.0
 20
0.0
 30
0.0
  0
VERTEX
  5
336
330
335
100
AcDbEntity
  8
DEFAULT
 62
     7
100
AcDbVertex
100
AcDb2dVertex
 10
158.0576383333333
 20
114.0512563888889
 30
0.0
  0
VERTEX
  5
337
330
335
100
AcDbEntity
  8
DEFAULT
 62
     7
100
AcDbVertex
100
AcDb2dVertex
 10
155.3560661111111
 20
114.7070702777777
 30
0.0
  0
VERTEX
  5
338
330
335
100
AcDbEntity
  8
DEFAULT
 62
     7
100
AcDbVertex
100
AcDb2dVertex
 10
157.8847772222222
 20
115.8620647222222
 30
0.0
  0
SEQEND
  5
339
330
335
100
AcDbEntity
  8
DEFAULT
 62
     7
  0
POLYLINE
  5
33A
330
1F
100
AcDbEntity
  8
DEFAULT
 62
     7
100
AcDb2dPolyline
 66
     1
 10
0.0
 20
0.0
 30
0.0
  0
VERTEX
  5
33B
330
33A
100
AcDbEntity
  8
DEFAULT
 62
     7
100
AcDbVertex
100
AcDb2dVertex
 10
154.4744038888889
 20
113.3890925
 30
0.0
  0
VERTEX
  5
33C
330
33A
100
AcDbEntity
  8
DEFAULT
 62
     7
100
AcDbVertex
100
AcDb2dVertex
 10
154.2369844444445
 20
115.8779397222222
 30
0.0
  0
SEQEND
  5
33D
330
33A
100
AcDbEntity
  8
DEFAULT
 62
     7
  0
POLYLINE
  5
33E
330
1F
100
AcDbEntity
  8
DEFAULT
 62
     7
100
AcDb2dPolyline
 66
     1
 10
0.0
 20
0.0
 30
0.0
  0
VERTEX
  5
33F
330
33E
100
AcDbEntity
  8
DEFAULT
 62
     7
100
AcDbVertex
100
AcDb2dVertex
 10
136.0965513888889
 20
156.4651994444444
 30
0.0
  0
VERTEX
  5
340
330
33E
100
AcDbEntity
  8
DEFAULT
 62
     7
100
AcDbVertex
100
AcDb2dVertex
 10
134.8759402777778
 20
158.64713
 30
0.0
  0
SEQEND
  5
341
330
33E
100
AcDbEntity
  8
DEFAULT
 62
     7
  0
POLYLINE
  5
342
330
1F
100
AcDbEntity
  8
DEFAULT
 62
     7
100
AcDb2dPolyline
 66
     1
 10
0.0
 20
0.0
 30
0.0
  0
VERTEX
  5
343
330
342
100
AcDbEntity
  8
DEFAULT
 62
     7
100
AcDbVertex
100
AcDb2dVertex
 10
133.0374741666667
 20
155.0110141666667
 30
0.0
  0
VERTEX
  5
344
330
342
100
AcDbEntity
  8
DEFAULT
 62
     7
100
AcDbVertex
100
AcDb2dVertex
 10
134.8500463888889
 20
156.4898586111111
 30
0.0
  0
VERTEX
  5
345
330
342
100
AcDbEntity
  8
DEFAULT
 62
     7
100
AcDbVertex
100
AcDb2dVertex
 10
133.5415936111111
 20
156.4693975
 30
0.0
  0
VERTEX
  5
346
330
342
100
AcDbEntity
  8
DEFAULT
 62
     7
100
AcDbVertex
100
AcDb2dVertex
 10
134.2453852777778
 20
157.5704169444444
 30
0.0
  0
VERTEX
  5
347
330
342
100
AcDbEntity
  8
DEFAULT
 62
     7
100
AcDbVertex
100
AcDb2dVertex
 10
132.0352325
 20
156.8027725
 30
0.0
  0
SEQEND
  5
348
330
342
100
AcDbEntity
  8
DEFAULT
 62
     7
  0
SPLINE
  5
349
330
1F
100
AcDbEntity
  8
DEFAULT
 62
     1
100
AcDbSpline
210
0.0
220
0.0
230
1.0
 70
     8
 71
     3
 72
    47
 73
    43
 74
     0
 42
0.000000001
 43
0.0000000001
 40
0.0
 40
0.0
 40
0.0
 40
0.0
 40
3.760640902824983
 40
3.760640902824983
 40
3.760640902824983
 40
16.64270479026172
 40
16.64270479026172
 40
16.64270479026172
 40
17.64270479026172
 40
17.64270479026172
 40
17.64270479026172
 40
18.64270479026172
 40
18.64270479026172
 40
18.64270479026172
 40
19.64270479026172
 40
19.64270479026172
 40
19.64270479026172
 40
20.64270479026172
 40
20.64270479026172
 40
20.64270479026172
 40
21.64270479026172
 40
21.64270479026172
 40
21.64270479026172
 40
32.68775911335129
 40
32.68775911335129
 40
32.68775911335129
 40
33.68775911335129
 40
33.68775911335129
 40
33.68775911335129
 40
34.68775911335129
 40
34.68775911335129
 40
34.68775911335129
 40
35.68775911335129
 40
35.68775911335129
 40
35.68775911335129
 40
36.68775911335129
 40
36.68775911335129
 40
36.68775911335129
 40
49.57118761666513
 40
49.57118761666513
 40
49.57118761666513
 40
53.32848132357706
 40
53.32848132357706
 40
53.32848132357706
 40
53.32848132357706
 10
138.0941908333333
 20
158.8347372222222
 30
0.0
 10
138.3100908333333
 20
158.4487983333333
 30
0.0
 10
138.5259908333333
 20
158.0628594444444
 30
0.0
 10
138.7418908333333
 20
157.6769205555555
 30
0.0
 10
140.0632787962963
 20
158.4176362962963
 30
0.0
 10
141.3846667592592
 20
159.158352037037
 30
0.0
 10
142.7060547222222
 20
159.8990677777778
 30
0.0
 10
143.7015936111111
 20
160.4589261111111
 30
0.0
 10
143.5636575
 20
160.4483427777778
 30
0.0
 10
144.6615019444444
 20
161.0681733333333
 30
0.0
 10
145.7664019444444
 20
161.6880038888889
 30
0.0
 10
145.6852630555555
 20
161.5680594444444
 30
0.0
 10
146.6772741666666
 20
162.12439
 30
0.0
 10
148.7614852777778
 20
158.2523011111111
 30
0.0
 10
147.7426630555556
 20
155.5440261111111
 30
0.0
 10
145.3106130555556
 20
153.9942733333333
 30
0.0
 10
141.9782741666667
 20
151.8670233333333
 30
0.0
 10
140.1149019444444
 20
151.2655372222222
 30
0.0
 10
138.2966852777778
 20
150.1105427777778
 30
0.0
 10
135.5714769444444
 20
148.37029
 30
0.0
 10
132.0712158333333
 20
150.9635594444444
 30
0.0
 10
131.0217019444444
 20
152.8413955555556
 30
0.0
 10
130.3867019444444
 20
153.9744001851852
 30
0.0
 10
129.7517019444444
 20
155.1074048148148
 30
0.0
 10
129.1167019444445
 20
156.2404094444445
 30
0.0
 10
127.1594908333333
 20
160.2888872222222
 30
0.0
 10
130.1189436111111
 20
173.5713233333333
 30
0.0
 10
135.8642825
 20
175.8446233333333
 30
0.0
 10
139.9018241666667
 20
177.4349455555555
 30
0.0
 10
141.3976019444444
 20
177.4264788888889
 30
0.0
 10
141.7838936111111
 20
179.190015
 30
0.0
 10
142.9233658333333
 20
179.1180483333333
 30
0.0
 10
142.7963658333333
 20
179.1924844444444
 30
0.0
 10
144.0593102777778
 20
179.1134622222222
 30
0.0
 10
145.3187269444444
 20
179.0309122222222
 30
0.0
 10
145.1917269444444
 20
178.9815233333333
 30
0.0
 10
146.3273186111111
 20
178.9063816666667
 30
0.0
 10
147.8394417592592
 20
178.8131307407408
 30
0.0
 10
149.3515649074074
 20
178.7198798148148
 30
0.0
 10
150.8636880555555
 20
178.6266288888889
 30
0.0
 10
150.8912047222222
 20
179.0676011111111
 30
0.0
 10
150.9187213888889
 20
179.5085733333333
 30
0.0
 10
150.9462380555555
 20
179.9495455555555
 30
0.0
  0
SPLINE
  5
34A
330
1F
100
AcDbEntity
  8
DEFAULT
 62
     1
100
AcDbSpline
210
0.0
220
0.0
230
1.0
 70
     8
 71
     3
 72
    41
 73
    37
 74
     0
 42
0.000000001
 43
0.0000000001
 40
0.0
 40
0.0
 40
0.0
 40
0.0
 40
3.751916843428196
 40
3.751916843428196
 40
3.751916843428196
 40
16.63261946401528
 40
16.63261946401528
 40
16.63261946401528
 40
17.63261946401528
 40
17.63261946401528
 40
17.63261946401528
 40
18.63261946401528
 40
18.63261946401528
 40
18.63261946401528
 40
19.63261946401528
 40
19.63261946401528
 40
19.63261946401528
 40
20.63261946401528
 40
20.63261946401528
 40
20.63261946401528
 40
21.63261946401528
 40
21.63261946401528
 40
21.63261946401528
 40
22.63261946401528
 40
22.63261946401528
 40
22.63261946401528
 40
23.63261946401528
 40
23.63261946401528
 40
23.63261946401528
 40
24.63261946401528
 40
24.63261946401528
 40
24.63261946401528
 40
37.52764598589573
 40
37.52764598589573
 40
37.52764598589573
 40
41.28493969280772
 40
41.28493969280772
 40
41.28493969280772
 40
41.28493969280772
 10
137.9250338888889
 20
159.1418655555556
 30
0.0
 10
137.7091338888889
 20
159.5266285185185
 30
0.0
 10
137.4932338888889
 20
159.9113914814815
 30
0.0
 10
137.2773338888889
 20
160.2961544444445
 30
0.0
 10
138.5986042592592
 20
161.0367525925926
 30
0.0
 10
139.9198746296296
 20
161.7773507407407
 30
0.0
 10
141.241145
 20
162.5179488888889
 30
0.0
 10
142.2366838888888
 20
163.07816
 30
0.0
 10
142.1551922222222
 20
162.9582155555555
 30
0.0
 10
143.2600922222222
 20
163.5709905555555
 30
0.0
 10
144.3614644444444
 20
164.1908211111111
 30
0.0
 10
144.2203533333333
 20
164.1837655555555
 30
0.0
 10
145.2158922222222
 20
164.7400961111111
 30
0.0
 10
144.6348672222222
 20
165.7779683333333
 30
0.0
 10
149.63902
 20
167.7341211111111
 30
0.0
 10
153.6631561111111
 20
169.9876655555555
 30
0.0
 10
157.3835505555555
 20
172.07611
 30
0.0
 10
161.5089338888889
 20
173.577885
 30
0.0
 10
161.50717
 20
178.4638572222222
 30
0.0
 10
161.5078755555555
 20
182.5807738888889
 30
0.0
 10
158.9929227777777
 20
190.0907072222222
 30
0.0
 10
145.8985172222222
 20
187.2818905555555
 30
0.0
 10
142.606395
 20
186.57951
 30
0.0
 10
142.1033338888889
 20
184.3365488888889
 30
0.0
 10
141.9703366666666
 20
182.1846044444444
 30
0.0
 10
143.1062811111111
 20
182.1129905555555
 30
0.0
 10
142.9757533333333
 20
182.0568988888888
 30
0.0
 10
144.23517
 20
181.9778766666666
 30
0.0
 10
145.4977616666667
 20
181.90591
 30
0.0
 10
145.3711144444444
 20
181.9732905555555
 30
0.0
 10
146.5102338888889
 20
181.9048516666666
 30
0.0
 10
148.0236505555555
 20
181.8104248148148
 30
0.0
 10
149.5370672222222
 20
181.7159979629629
 30
0.0
 10
151.0504838888889
 20
181.6215711111111
 30
0.0
 10
151.0229672222222
 20
181.1805988888889
 30
0.0
 10
150.9954505555555
 20
180.7396266666667
 30
0.0
 10
150.9679338888889
 20
180.2986544444444
 30
0.0
  0
POLYLINE
  5
34B
330
1F
100
AcDbEntity
  8
DEFAULT
 62
     7
100
AcDb2dPolyline
 66
     1
 10
0.0
 20
0.0
 30
0.0
  0
VERTEX
  5
34C
330
34B
100
AcDbEntity
  8
DEFAULT
 62
     7
100
AcDbVertex
100
AcDb2dVertex
 10
157.6414663888889
 20
180.6656138888889
 30
0.0
  0
VERTEX
  5
34D
330
34B
100
AcDbEntity
  8
DEFAULT
 62
     7
100
AcDbVertex
100
AcDb2dVertex
 10
154.9631775
 20
179.9205472222222
 30
0.0
  0
VERTEX
  5
34E
330
34B
100
AcDbEntity
  8
DEFAULT
 62
     7
100
AcDbVertex
100
AcDb2dVertex
 10
157.5289302777778
 20
178.8502194444444
 30
0.0
  0
SEQEND
  5
34F
330
34B
100
AcDbEntity
  8
DEFAULT
 62
     7
  0
POLYLINE
  5
350
330
1F
100
AcDbEntity
  8
DEFAULT
 62
     7
100
AcDb2dPolyline
 66
     1
 10
0.0
 20
0.0
 30
0.0
  0
VERTEX
  5
351
330
350
100
AcDbEntity
  8
DEFAULT
 62
     7
100
AcDbVertex
100
AcDb2dVertex
 10
154.0382647222222
 20
181.2083977777778
 30
0.0
  0
VERTEX
  5
352
330
350
100
AcDbEntity
  8
DEFAULT
 62
     7
100
AcDbVertex
100
AcDb2dVertex
 10
153.8837480555555
 20
178.7132005555555
 30
0.0
  0
SEQEND
  5
353
330
350
100
AcDbEntity
  8
DEFAULT
 62
     7
  0
POLYLINE
  5
354
330
1F
100
AcDbEntity
  8
DEFAULT
 62
     7
100
AcDb2dPolyline
 66
     1
 10
0.0
 20
0.0
 30
0.0
  0
VERTEX
  5
355
330
354
100
AcDbEntity
  8
DEFAULT
 62
     7
100
AcDbVertex
100
AcDb2dVertex
 10
25.07110527777776
 20
142.0560616666666
 30
0.0
  0
VERTEX
  5
356
330
354
100
AcDbEntity
  8
DEFAULT
 62
     7
100
AcDbVertex
100
AcDb2dVertex
 10
23.20526361111109
 20
141.6517783333333
 30
0.0
  0
SEQEND
  5
357
330
354
100
AcDbEntity
  8
DEFAULT
 62
     7
  0
POLYLINE
  5
358
330
1F
100
AcDbEntity
  8
DEFAULT
 62
     7
100
AcDb2dPolyline
 66
     1
 10
0.0
 20
0.0
 30
0.0
  0
VERTEX
  5
359
330
358
100
AcDbEntity
  8
DEFAULT
 62
     7
100
AcDbVertex
100
AcDb2dVertex
 10
24.79463333333333
 20
143.3319530555555
 30
0.0
  0
VERTEX
  5
35A
330
358
100
AcDbEntity
  8
DEFAULT
 62
     7
100
AcDbVertex
100
AcDb2dVertex
 10
22.92879166666665
 20
142.9276697222222
 30
0.0
  0
SEQEND
  5
35B
330
358
100
AcDbEntity
  8
DEFAULT
 62
     7
  0
POLYLINE
  5
35C
330
1F
100
AcDbEntity
  8
DEFAULT
 62
     7
100
AcDb2dPolyline
 66
     1
 10
0.0
 20
0.0
 30
0.0
  0
VERTEX
  5
35D
330
35C
100
AcDbEntity
  8
DEFAULT
 62
     7
100
AcDbVertex
100
AcDb2dVertex
 10
26.18059138888888
 20
154.6734058333333
 30
0.0
  0
VERTEX
  5
35E
330
35C
100
AcDbEntity
  8
DEFAULT
 62
     7
100
AcDbVertex
100
AcDb2dVertex
 10
24.66294138888887
 20
155.8315752777778
 30
0.0
  0
SEQEND
  5
35F
330
35C
100
AcDbEntity
  8
DEFAULT
 62
     7
  0
POLYLINE
  5
360
330
1F
100
AcDbEntity
  8
DEFAULT
 62
     7
100
AcDb2dPolyline
 66
     1
 10
0.0
 20
0.0
 30
0.0
  0
VERTEX
  5
361
330
360
100
AcDbEntity
  8
DEFAULT
 62
     7
100
AcDbVertex
100
AcDb2dVertex
 10
39.3133086111111
 20
142.0548622222222
 30
0.0
  0
VERTEX
  5
362
330
360
100
AcDbEntity
  8
DEFAULT
 62
     7
100
AcDbVertex
100
AcDb2dVertex
 10
41.17915027777777
 20
141.6505788888888
 30
0.0
  0
SEQEND
  5
363
330
360
100
AcDbEntity
  8
DEFAULT
 62
     7
  0
POLYLINE
  5
364
330
1F
100
AcDbEntity
  8
DEFAULT
 62
     7
100
AcDb2dPolyline
 66
     1
 10
0.0
 20
0.0
 30
0.0
  0
VERTEX
  5
365
330
364
100
AcDbEntity
  8
DEFAULT
 62
     7
100
AcDbVertex
100
AcDb2dVertex
 10
39.58960416666665
 20
143.3307536111111
 30
0.0
  0
VERTEX
  5
366
330
364
100
AcDbEntity
  8
DEFAULT
 62
     7
100
AcDbVertex
100
AcDb2dVertex
 10
41.45544583333332
 20
142.9264702777778
 30
0.0
  0
SEQEND
  5
367
330
364
100
AcDbEntity
  8
DEFAULT
 62
     7
  0
POLYLINE
  5
368
330
1F
100
AcDbEntity
  8
DEFAULT
 62
     7
100
AcDb2dPolyline
 66
     1
 10
0.0
 20
0.0
 30
0.0
  0
VERTEX
  5
369
330
368
100
AcDbEntity
  8
DEFAULT
 62
     7
100
AcDbVertex
100
AcDb2dVertex
 10
23.91836861111111
 20
131.695825
 30
0.0
  0
VERTEX
  5
36A
330
368
100
AcDbEntity
  8
DEFAULT
 62
     7
100
AcDbVertex
100
AcDb2dVertex
 10
22.8198186111111
 20
130.1344305555556
 30
0.0
  0
SEQEND
  5
36B
330
368
100
AcDbEntity
  8
DEFAULT
 62
     7
  0
POLYLINE
  5
36C
330
1F
100
AcDbEntity
  8
DEFAULT
 62
     7
100
AcDb2dPolyline
 66
     1
 10
0.0
 20
0.0
 30
0.0
  0
VERTEX
  5
36D
330
36C
100
AcDbEntity
  8
DEFAULT
 62
     7
100
AcDbVertex
100
AcDb2dVertex
 10
24.65888444444445
 20
131.1747369444444
 30
0.0
  0
VERTEX
  5
36E
330
36C
100
AcDbEntity
  8
DEFAULT
 62
     7
100
AcDbVertex
100
AcDb2dVertex
 10
23.56033444444444
 20
129.6133425
 30
0.0
  0
SEQEND
  5
36F
330
36C
100
AcDbEntity
  8
DEFAULT
 62
     7
  0
POLYLINE
  5
370
330
1F
100
AcDbEntity
  8
DEFAULT
 62
     7
100
AcDb2dPolyline
 66
     1
 10
0.0
 20
0.0
 30
0.0
  0
VERTEX
  5
371
330
370
100
AcDbEntity
  8
DEFAULT
 62
     7
100
AcDbVertex
100
AcDb2dVertex
 10
25.39957666666665
 20
130.6536841666667
 30
0.0
  0
VERTEX
  5
372
330
370
100
AcDbEntity
  8
DEFAULT
 62
     7
100
AcDbVertex
100
AcDb2dVertex
 10
24.30102666666667
 20
129.0922897222222
 30
0.0
  0
SEQEND
  5
373
330
370
100
AcDbEntity
  8
DEFAULT
 62
     7
  0
POLYLINE
  5
374
330
1F
100
AcDbEntity
  8
DEFAULT
 62
     7
100
AcDb2dPolyline
 66
     1
 10
0.0
 20
0.0
 30
0.0
  0
VERTEX
  5
375
330
374
100
AcDbEntity
  8
DEFAULT
 62
     7
100
AcDbVertex
100
AcDb2dVertex
 10
38.98480194444445
 20
130.6524847222222
 30
0.0
  0
VERTEX
  5
376
330
374
100
AcDbEntity
  8
DEFAULT
 62
     7
100
AcDbVertex
100
AcDb2dVertex
 10
40.08335194444446
 20
129.0910902777778
 30
0.0
  0
SEQEND
  5
377
330
374
100
AcDbEntity
  8
DEFAULT
 62
     7
  0
POLYLINE
  5
378
330
1F
100
AcDbEntity
  8
DEFAULT
 62
     7
100
AcDb2dPolyline
 66
     1
 10
0.0
 20
0.0
 30
0.0
  0
VERTEX
  5
379
330
378
100
AcDbEntity
  8
DEFAULT
 62
     7
100
AcDbVertex
100
AcDb2dVertex
 10
39.72531777777779
 20
131.1735375
 30
0.0
  0
VERTEX
  5
37A
330
378
100
AcDbEntity
  8
DEFAULT
 62
     7
100
AcDbVertex
100
AcDb2dVertex
 10
40.82386777777779
 20
129.6121430555555
 30
0.0
  0
SEQEND
  5
37B
330
378
100
AcDbEntity
  8
DEFAULT
 62
     7
  0
POLYLINE
  5
37C
330
1F
100
AcDbEntity
  8
DEFAULT
 62
     7
100
AcDb2dPolyline
 66
     1
 10
0.0
 20
0.0
 30
0.0
  0
VERTEX
  5
37D
330
37C
100
AcDbEntity
  8
DEFAULT
 62
     7
100
AcDbVertex
100
AcDb2dVertex
 10
40.46601
 20
131.6946255555555
 30
0.0
  0
VERTEX
  5
37E
330
37C
100
AcDbEntity
  8
DEFAULT
 62
     7
100
AcDbVertex
100
AcDb2dVertex
 10
41.56456000000001
 20
130.1332311111111
 30
0.0
  0
SEQEND
  5
37F
330
37C
100
AcDbEntity
  8
DEFAULT
 62
     7
  0
POLYLINE
  5
380
330
1F
100
AcDbEntity
  8
DEFAULT
 62
     7
100
AcDb2dPolyline
 66
     1
 10
0.0
 20
0.0
 30
0.0
  0
VERTEX
  5
381
330
380
100
AcDbEntity
  8
DEFAULT
 62
     7
100
AcDbVertex
100
AcDb2dVertex
 10
38.20364611111112
 20
154.67203
 30
0.0
  0
VERTEX
  5
382
330
380
100
AcDbEntity
  8
DEFAULT
 62
     7
100
AcDbVertex
100
AcDb2dVertex
 10
39.72129611111113
 20
155.8305522222222
 30
0.0
  0
SEQEND
  5
383
330
380
100
AcDbEntity
  8
DEFAULT
 62
     7
  0
POLYLINE
  5
384
330
1F
100
AcDbEntity
  8
DEFAULT
 62
     7
100
AcDb2dPolyline
 66
     1
 10
0.0
 20
0.0
 30
0.0
  0
VERTEX
  5
385
330
384
100
AcDbEntity
  8
DEFAULT
 62
     7
100
AcDbVertex
100
AcDb2dVertex
 10
33.079055
 20
128.4183077777778
 30
0.0
  0
VERTEX
  5
386
330
384
100
AcDbEntity
  8
DEFAULT
 62
     7
100
AcDbVertex
100
AcDb2dVertex
 10
31.25978
 20
131.0454438888889
 30
0.0
  0
SEQEND
  5
387
330
384
100
AcDbEntity
  8
DEFAULT
 62
     7
  0
POLYLINE
  5
388
330
1F
100
AcDbEntity
  8
DEFAULT
 62
     7
100
AcDb2dPolyline
 66
     1
 10
0.0
 20
0.0
 30
0.0
  0
VERTEX
  5
389
330
388
100
AcDbEntity
  8
DEFAULT
 62
     7
100
AcDbVertex
100
AcDb2dVertex
 10
31.25988583333333
 20
128.4183077777778
 30
0.0
  0
VERTEX
  5
38A
330
388
100
AcDbEntity
  8
DEFAULT
 62
     7
100
AcDbVertex
100
AcDb2dVertex
 10
33.07916083333333
 20
131.0454438888889
 30
0.0
  0
SEQEND
  5
38B
330
388
100
AcDbEntity
  8
DEFAULT
 62
     7
  0
POLYLINE
  5
38C
330
1F
100
AcDbEntity
  8
DEFAULT
 62
     7
100
AcDb2dPolyline
 66
     1
 10
0.0
 20
0.0
 30
0.0
  0
VERTEX
  5
38D
330
38C
100
AcDbEntity
  8
DEFAULT
 62
     7
100
AcDbVertex
100
AcDb2dVertex
 10
30.94136277777778
 20
127.4154663888889
 30
0.0
  0
VERTEX
  5
38E
330
38C
100
AcDbEntity
  8
DEFAULT
 62
     7
100
AcDbVertex
100
AcDb2dVertex
 10
33.44114611111111
 20
127.4154663888889
 30
0.0
  0
SEQEND
  5
38F
330
38C
100
AcDbEntity
  8
DEFAULT
 62
     7
  0
SPLINE
  5
390
330
1F
100
AcDbEntity
  8
DEFAULT
 62
     1
100
AcDbSpline
210
0.0
220
0.0
230
1.0
 70
     8
 71
     3
 72
   104
 73
   100
 74
     0
 42
0.000000001
 43
0.0000000001
 40
0.0
 40
0.0
 40
0.0
 40
0.0
 40
3.810000000000002
 40
3.810000000000002
 40
3.810000000000002
 40
4.810000000000002
 40
4.810000000000002
 40
4.810000000000002
 40
5.810000000000002
 40
5.810000000000002
 40
5.810000000000002
 40
6.810000000000002
 40
6.810000000000002
 40
6.810000000000002
 40
7.810000000000002
 40
7.810000000000002
 40
7.810000000000002
 40
17.73433876890549
 40
17.73433876890549
 40
17.73433876890549
 40
26.23864356118568
 40
26.23864356118568
 40
26.23864356118568
 40
36.15503403352993
 40
36.15503403352993
 40
36.15503403352993
 40
37.15503403352993
 40
37.15503403352993
 40
37.15503403352993
 40
38.15503403352993
 40
38.15503403352993
 40
38.15503403352993
 40
39.15503403352993
 40
39.15503403352993
 40
39.15503403352993
 40
40.15503403352993
 40
40.15503403352993
 40
40.15503403352993
 40
41.15503403352993
 40
41.15503403352993
 40
41.15503403352993
 40
42.15503403352993
 40
42.15503403352993
 40
42.15503403352993
 40
52.06997730114372
 40
52.06997730114372
 40
52.06997730114372
 40
60.57268863341886
 40
60.57268863341886
 40
60.57268863341886
 40
70.48763190103264
 40
70.48763190103264
 40
70.48763190103264
 40
71.48763190103264
 40
71.48763190103264
 40
71.48763190103264
 40
72.48763190103264
 40
72.48763190103264
 40
72.48763190103264
 40
73.48763190103264
 40
73.48763190103264
 40
73.48763190103264
 40
74.48763190103264
 40
74.48763190103264
 40
74.48763190103264
 40
75.48763190103264
 40
75.48763190103264
 40
75.48763190103264
 40
76.48763190103264
 40
76.48763190103264
 40
76.48763190103264
 40
86.40610960680985
 40
86.40610960680985
 40
86.40610960680985
 40
94.90402699873594
 40
94.90402699873594
 40
94.90402699873594
 40
104.8167511450037
 40
104.8167511450037
 40
104.8167511450037
 40
105.8167511450037
 40
105.8167511450037
 40
105.8167511450037
 40
106.8167511450037
 40
106.8167511450037
 40
106.8167511450037
 40
107.8167511450037
 40
107.8167511450037
 40
107.8167511450037
 40
108.8167511450037
 40
108.8167511450037
 40
108.8167511450037
 40
109.8167511450037
 40
109.8167511450037
 40
109.8167511450037
 40
122.7067511450038
 40
122.7067511450038
 40
122.7067511450038
 40
126.4567511450038
 40
126.4567511450038
 40
126.4567511450038
 40
126.4567511450038
 10
32.3681725
 20
168.4206972222222
 30
0.0
 10
32.81620027777777
 20
168.4206972222222
 30
0.0
 10
33.26422805555555
 20
168.4206972222222
 30
0.0
 10
33.71225583333333
 20
168.4206972222222
 30
0.0
 10
35.84303361111111
 20
168.4206972222222
 30
0.0
 10
35.64195027777777
 20
169.4190583333333
 30
0.0
 10
39.88233916666666
 20
169.4190583333333
 30
0.0
 10
45.81958916666667
 20
169.4190583333333
 30
0.0
 10
43.20903361111111
 20
165.2739194444444
 30
0.0
 10
45.56911694444445
 20
162.1765305555556
 30
0.0
 10
44.87414472222222
 20
161.6473638888889
 30
0.0
 10
44.98350583333333
 20
161.6685305555555
 30
0.0
 10
44.20739472222222
 20
161.0758638888889
 30
0.0
 10
43.43833916666667
 20
160.4902527777778
 30
0.0
 10
43.48420027777778
 20
160.5855027777778
 30
0.0
 10
42.78570027777778
 20
160.0563361111111
 30
0.0
 10
41.85789472222222
 20
159.3484287037037
 30
0.0
 10
40.93008916666667
 20
158.6405212962963
 30
0.0
 10
40.00228361111111
 20
157.9326138888889
 30
0.0
 10
40.60906138888889
 20
157.137687962963
 30
0.0
 10
41.21583916666667
 20
156.342762037037
 30
0.0
 10
41.82261694444444
 20
155.5478361111111
 30
0.0
 10
42.74924657407407
 20
156.2557435185185
 30
0.0
 10
43.67587620370369
 20
156.9636509259259
 30
0.0
 10
44.60250583333333
 20
157.6715583333333
 30
0.0
 10
45.30100583333333
 20
158.200725
 30
0.0
 10
45.1951725
 20
158.1830861111111
 30
0.0
 10
45.96775583333333
 20
158.7686972222222
 30
0.0
 10
46.74033916666666
 20
159.3613638888889
 30
0.0
 10
46.69800583333333
 20
159.2590583333333
 30
0.0
 10
47.39297805555556
 20
159.788225
 30
0.0
 10
51.53458916666666
 20
154.9057805555555
 30
0.0
 10
44.62014472222222
 20
154.2355027777778
 30
0.0
 10
45.69611694444445
 20
150.0021694444444
 30
0.0
 10
47.10370027777778
 20
144.484725
 30
0.0
 10
51.05833916666666
 20
147.9172527777778
 30
0.0
 10
49.93650583333333
 20
141.9553083333333
 30
0.0
 10
49.08278361111111
 20
142.1422805555555
 30
0.0
 10
49.17097805555556
 20
142.071725
 30
0.0
 10
48.21847805555555
 20
142.2798638888889
 30
0.0
 10
47.26950583333333
 20
142.484475
 30
0.0
 10
47.37181138888889
 20
142.5126972222222
 30
0.0
 10
46.51808916666666
 20
142.6961416666666
 30
0.0
 10
45.37861694444445
 20
142.9430861111111
 30
0.0
 10
44.23914472222222
 20
143.1900305555555
 30
0.0
 10
43.0996725
 20
143.436975
 30
0.0
 10
42.88800583333333
 20
142.4597805555555
 30
0.0
 10
42.67633916666667
 20
141.4825861111111
 30
0.0
 10
42.4646725
 20
140.5053916666667
 30
0.0
 10
43.60414472222222
 20
140.2584472222222
 30
0.0
 10
44.74361694444443
 20
140.0115027777778
 30
0.0
 10
45.88308916666666
 20
139.7645583333333
 30
0.0
 10
46.74033916666666
 20
139.5811138888889
 30
0.0
 10
46.65567249999999
 20
139.6481416666666
 30
0.0
 10
47.60464472222221
 20
139.4435305555556
 30
0.0
 10
48.55361694444444
 20
139.2353916666667
 30
0.0
 10
48.44778361111111
 20
139.2106972222222
 30
0.0
 10
49.29445027777778
 20
139.0272527777778
 30
0.0
 10
47.90450583333333
 20
134.1412805555555
 30
0.0
 10
46.00303361111111
 20
137.6620027777778
 30
0.0
 10
45.56558916666667
 20
134.6034194444444
 30
0.0
 10
45.14931138888889
 20
131.7071138888889
 30
0.0
 10
52.26836694444444
 20
126.8352527777778
 30
0.0
 10
46.93789472222222
 20
123.5261972222222
 30
0.0
 10
46.43695027777778
 20
124.2388083333333
 30
0.0
 10
46.45106138888889
 20
124.132975
 30
0.0
 10
45.8936725
 20
124.926725
 30
0.0
 10
45.33275583333332
 20
125.720475
 30
0.0
 10
45.42800583333333
 20
125.6710861111111
 30
0.0
 10
44.92706138888889
 20
126.387225
 30
0.0
 10
44.25560768518519
 20
127.3409009259259
 30
0.0
 10
43.58415398148148
 20
128.2945768518518
 30
0.0
 10
42.91270027777777
 20
129.2482527777778
 30
0.0
 10
42.09543175925926
 20
128.673225
 30
0.0
 10
41.27816324074074
 20
128.0981972222222
 30
0.0
 10
40.46089472222222
 20
127.5231694444444
 30
0.0
 10
41.1311725
 20
126.5694935185185
 30
0.0
 10
41.80145027777777
 20
125.6158175925926
 30
0.0
 10
42.47172805555555
 20
124.6621416666667
 30
0.0
 10
42.97620027777778
 20
123.9460027777778
 30
0.0
 10
42.96208916666667
 20
124.0518361111111
 30
0.0
 10
43.51947805555555
 20
123.2580861111111
 30
0.0
 10
44.08039472222222
 20
122.4608083333333
 30
0.0
 10
43.98161694444444
 20
122.513725
 30
0.0
 10
44.48608916666667
 20
121.8011138888889
 30
0.0
 10
41.29345027777777
 20
119.560975
 30
0.0
 10
41.71678361111111
 20
115.4158361111111
 30
0.0
 10
33.69108916666666
 20
115.4158361111111
 30
0.0
 10
33.69108916666666
 20
116.5517805555556
 30
0.0
 10
33.62406138888889
 20
116.4247805555556
 30
0.0
 10
33.62406138888889
 20
117.6912527777778
 30
0.0
 10
33.62406138888889
 20
118.9506694444444
 30
0.0
 10
33.69108916666666
 20
118.8271972222222
 30
0.0
 10
33.69108916666666
 20
119.9666694444444
 30
0.0
 10
33.69108916666666
 20
121.4824379629629
 30
0.0
 10
33.69108916666666
 20
122.9982064814815
 30
0.0
 10
33.69108916666666
 20
124.513975
 30
0.0
 10
33.25011694444444
 20
124.513975
 30
0.0
 10
32.80914472222222
 20
124.513975
 30
0.0
 10
32.3681725
 20
124.513975
 30
0.0
  0
SPLINE
  5
391
330
1F
100
AcDbEntity
  8
DEFAULT
 62
     1
100
AcDbSpline
210
0.0
220
0.0
230
1.0
 70
     8
 71
     3
 72
   104
 73
   100
 74
     0
 42
0.000000001
 43
0.0000000001
 40
0.0
 40
0.0
 40
0.0
 40
0.0
 40
3.760000000000005
 40
3.760000000000005
 40
3.760000000000005
 40
16.64999999999999
 40
16.64999999999999
 40
16.64999999999999
 40
17.64999999999999
 40
17.64999999999999
 40
17.64999999999999
 40
18.64999999999999
 40
18.64999999999999
 40
18.64999999999999
 40
19.64999999999999
 40
19.64999999999999
 40
19.64999999999999
 40
20.64999999999999
 40
20.64999999999999
 40
20.64999999999999
 40
21.64999999999999
 40
21.64999999999999
 40
21.64999999999999
 40
31.56847770577718
 40
31.56847770577718
 40
31.56847770577718
 40
40.07457551852307
 40
40.07457551852307
 40
40.07457551852307
 40
49.98729966479085
 40
49.98729966479085
 40
49.98729966479085
 40
50.98729966479085
 40
50.98729966479085
 40
50.98729966479085
 40
51.98729966479085
 40
51.98729966479085
 40
51.98729966479085
 40
52.98729966479085
 40
52.98729966479085
 40
52.98729966479085
 40
53.98729966479085
 40
53.98729966479085
 40
53.98729966479085
 40
54.98729966479085
 40
54.98729966479085
 40
54.98729966479085
 40
55.98729966479085
 40
55.98729966479085
 40
55.98729966479085
 40
65.91201628543044
 40
65.91201628543044
 40
65.91201628543044
 40
74.41472761770558
 40
74.41472761770558
 40
74.41472761770558
 40
84.33944423834518
 40
84.33944423834518
 40
84.33944423834518
 40
85.33944423834518
 40
85.33944423834518
 40
85.33944423834518
 40
86.33944423834518
 40
86.33944423834518
 40
86.33944423834518
 40
87.33944423834518
 40
87.33944423834518
 40
87.33944423834518
 40
88.33944423834518
 40
88.33944423834518
 40
88.33944423834518
 40
89.33944423834518
 40
89.33944423834518
 40
89.33944423834518
 40
90.33944423834518
 40
90.33944423834518
 40
90.33944423834518
 40
100.2637830072507
 40
100.2637830072507
 40
100.2637830072507
 40
108.7620240017154
 40
108.7620240017154
 40
108.7620240017154
 40
118.6863627706208
 40
118.6863627706208
 40
118.6863627706208
 40
119.6863627706208
 40
119.6863627706208
 40
119.6863627706208
 40
120.6863627706208
 40
120.6863627706208
 40
120.6863627706208
 40
121.6863627706208
 40
121.6863627706208
 40
121.6863627706208
 40
122.6863627706208
 40
122.6863627706208
 40
122.6863627706208
 40
126.3963627706208
 40
126.3963627706208
 40
126.3963627706208
 40
126.3963627706208
 10
32.01881666666667
 20
124.5138338888889
 30
0.0
 10
31.57666851851852
 20
124.5138338888889
 30
0.0
 10
31.13452037037037
 20
124.5138338888889
 30
0.0
 10
30.69237222222222
 20
124.5138338888889
 30
0.0
 10
30.69237222222222
 20
122.9980653703704
 30
0.0
 10
30.69237222222222
 20
121.4822968518518
 30
0.0
 10
30.69237222222222
 20
119.9665283333333
 30
0.0
 10
30.69237222222222
 20
118.8270561111111
 30
0.0
 10
30.74528888888889
 20
118.9505283333333
 30
0.0
 10
30.74528888888889
 20
117.6911116666667
 30
0.0
 10
30.74528888888889
 20
116.4246394444444
 30
0.0
 10
30.69237222222222
 20
116.5516394444444
 30
0.0
 10
30.69237222222222
 20
115.415695
 30
0.0
 10
22.66667777777777
 20
115.415695
 30
0.0
 10
23.08648333333333
 20
119.5608338888889
 30
0.0
 10
19.89384444444444
 20
121.8009727777778
 30
0.0
 10
20.39831666666667
 20
122.5135838888889
 30
0.0
 10
20.29953888888889
 20
122.4606672222222
 30
0.0
 10
20.86045555555556
 20
123.257945
 30
0.0
 10
21.41784444444444
 20
124.051695
 30
0.0
 10
21.40373333333333
 20
123.9458616666667
 30
0.0
 10
21.90820555555555
 20
124.6620005555556
 30
0.0
 10
22.57965925925926
 20
125.6156764814815
 30
0.0
 10
23.25111296296296
 20
126.5693524074074
 30
0.0
 10
23.92256666666666
 20
127.5230283333333
 30
0.0
 10
23.10412222222222
 20
128.0980561111111
 30
0.0
 10
22.28567777777778
 20
128.6730838888889
 30
0.0
 10
21.46723333333333
 20
129.2481116666667
 30
0.0
 10
20.79695555555555
 20
128.2944357407407
 30
0.0
 10
20.12667777777778
 20
127.3407598148148
 30
0.0
 10
19.4564
 20
126.3870838888889
 30
0.0
 10
18.95192777777778
 20
125.670945
 30
0.0
 10
19.04717777777778
 20
125.7203338888889
 30
0.0
 10
18.48978888888889
 20
124.9265838888889
 30
0.0
 10
17.92887222222222
 20
124.1328338888889
 30
0.0
 10
17.94651111111111
 20
124.2386672222222
 30
0.0
 10
17.44203888888889
 20
123.5260561111111
 30
0.0
 10
12.10803888888889
 20
126.8351116666667
 30
0.0
 10
19.23062222222222
 20
131.7069727777778
 30
0.0
 10
18.81787222222222
 20
134.6032783333333
 30
0.0
 10
18.3769
 20
137.6618616666667
 30
0.0
 10
16.46837222222222
 20
134.1376116666667
 30
0.0
 10
15.07842777777778
 20
139.0235838888889
 30
0.0
 10
15.93215
 20
139.2105561111111
 30
0.0
 10
15.82631666666667
 20
139.2352505555556
 30
0.0
 10
16.77528888888889
 20
139.4433894444444
 30
0.0
 10
17.72426111111111
 20
139.6480005555555
 30
0.0
 10
17.64312222222222
 20
139.5809727777778
 30
0.0
 10
18.49684444444445
 20
139.7644172222222
 30
0.0
 10
19.63749259259259
 20
140.0113616666667
 30
0.0
 10
20.77814074074074
 20
140.2583061111111
 30
0.0
 10
21.91878888888889
 20
140.5052505555555
 30
0.0
 10
21.70712222222222
 20
141.482445
 30
0.0
 10
21.49545555555556
 20
142.4596394444444
 30
0.0
 10
21.28378888888889
 20
143.4368338888889
 30
0.0
 10
20.14314074074074
 20
143.1898894444444
 30
0.0
 10
19.00249259259259
 20
142.942945
 30
0.0
 10
17.86184444444444
 20
142.6960005555555
 30
0.0
 10
17.00812222222222
 20
142.5125561111111
 30
0.0
 10
17.11042777777778
 20
142.4843338888889
 30
0.0
 10
16.16145555555555
 20
142.2797227777778
 30
0.0
 10
15.21248333333333
 20
142.0715838888889
 30
0.0
 10
15.29715
 20
142.1421394444444
 30
0.0
 10
14.44342777777778
 20
141.9551672222222
 30
0.0
 10
13.32159444444444
 20
147.9171116666666
 30
0.0
 10
17.27623333333333
 20
144.4845838888889
 30
0.0
 10
18.68381666666667
 20
150.0020283333333
 30
0.0
 10
19.76331666666666
 20
154.2353616666666
 30
0.0
 10
12.84887222222222
 20
154.9091672222222
 30
0.0
 10
16.99401111111111
 20
159.7916116666667
 30
0.0
 10
17.68898333333333
 20
159.262445
 30
0.0
 10
17.63959444444444
 20
159.3612227777778
 30
0.0
 10
18.41217777777777
 20
158.7685561111111
 30
0.0
 10
19.18476111111111
 20
158.182945
 30
0.0
 10
19.07892777777777
 20
158.2005838888889
 30
0.0
 10
19.77742777777777
 20
157.6714172222222
 30
0.0
 10
20.70523333333333
 20
156.9635098148148
 30
0.0
 10
21.63303888888889
 20
156.2556024074074
 30
0.0
 10
22.56084444444444
 20
155.547695
 30
0.0
 10
23.1664462962963
 20
156.3426209259259
 30
0.0
 10
23.77204814814815
 20
157.1375468518519
 30
0.0
 10
24.37765
 20
157.9324727777778
 30
0.0
 10
23.44984444444444
 20
158.6403801851852
 30
0.0
 10
22.52203888888889
 20
159.3482875925926
 30
0.0
 10
21.59423333333333
 20
160.056195
 30
0.0
 10
20.89926111111111
 20
160.5853616666667
 30
0.0
 10
20.94512222222222
 20
160.4901116666667
 30
0.0
 10
20.17253888888889
 20
161.0757227777778
 30
0.0
 10
19.39642777777778
 20
161.6683894444444
 30
0.0
 10
19.50578888888889
 20
161.6472227777778
 30
0.0
 10
18.81081666666667
 20
162.1763894444444
 30
0.0
 10
21.1709
 20
165.2737783333333
 30
0.0
 10
18.56387222222222
 20
169.4189172222222
 30
0.0
 10
24.50112222222222
 20
169.4189172222222
 30
0.0
 10
28.73798333333333
 20
169.4189172222222
 30
0.0
 10
28.58276111111111
 20
168.4205561111111
 30
0.0
 10
30.71001111111111
 20
168.4205561111111
 30
0.0
 10
31.14627962962963
 20
168.4205561111111
 30
0.0
 10
31.58254814814815
 20
168.4205561111111
 30
0.0
 10
32.01881666666667
 20
168.4205561111111
 30
0.0
  0
POLYLINE
  5
392
330
1F
100
AcDbEntity
  8
DEFAULT
 62
     7
100
AcDb2dPolyline
 66
     1
 10
0.0
 20
0.0
 30
0.0
  0
VERTEX
  5
393
330
392
100
AcDbEntity
  8
DEFAULT
 62
     7
100
AcDbVertex
100
AcDb2dVertex
 10
74.10961527777778
 20
129.6370138888889
 30
0.0
  0
VERTEX
  5
394
330
392
100
AcDbEntity
  8
DEFAULT
 62
     7
100
AcDbVertex
100
AcDb2dVertex
 10
72.90205694444445
 20
130.5722277777778
 30
0.0
  0
SEQEND
  5
395
330
392
100
AcDbEntity
  8
DEFAULT
 62
     7
  0
SPLINE
  5
396
330
1F
100
AcDbEntity
  8
DEFAULT
 62
     7
100
AcDbSpline
210
0.0
220
0.0
230
1.0
 70
     8
 71
     3
 72
    29
 73
    25
 74
     0
 42
0.000000001
 43
0.0000000001
 40
0.0
 40
0.0
 40
0.0
 40
0.0
 40
1.801217643706588
 40
1.801217643706588
 40
1.801217643706588
 40
2.812731855173679
 40
2.812731855173679
 40
2.812731855173679
 40
4.007892932183792
 40
4.007892932183792
 40
4.007892932183792
 40
4.645777718018981
 40
4.645777718018981
 40
4.645777718018981
 40
7.434124898697892
 40
7.434124898697892
 40
7.434124898697892
 40
8.434124898697892
 40
8.434124898697892
 40
8.434124898697892
 40
9.434124898697892
 40
9.434124898697892
 40
9.434124898697892
 40
10.43412489869789
 40
10.43412489869789
 40
10.43412489869789
 40
10.43412489869789
 10
71.65170666666666
 20
128.4136863888888
 30
0.0
 10
71.8191585185185
 20
128.2839817592592
 30
0.0
 10
71.98661037037036
 20
128.1542771296295
 30
0.0
 10
72.15406222222221
 20
128.0245724999999
 30
0.0
 10
72.08127240740738
 20
127.9304984259259
 30
0.0
 10
72.00848259259259
 20
127.8364243518518
 30
0.0
 10
71.93569277777777
 20
127.7423502777778
 30
0.0
 10
72.06774925925926
 20
127.7904456481481
 30
0.0
 10
72.19980574074073
 20
127.8385410185185
 30
0.0
 10
72.33186222222221
 20
127.8866363888889
 30
0.0
 10
72.27259555555555
 20
127.9326150925926
 30
0.0
 10
72.21332888888888
 20
127.9785937962963
 30
0.0
 10
72.15406222222222
 20
128.0245725
 30
0.0
 10
72.35491037037038
 20
128.2837465740741
 30
0.0
 10
72.55575851851852
 20
128.5429206481481
 30
0.0
 10
72.75660666666667
 20
128.8020947222222
 30
0.0
 10
72.86102888888888
 20
128.9372086111111
 30
0.0
 10
72.91888444444444
 20
129.0553891666667
 30
0.0
 10
72.90724277777777
 20
129.1633391666666
 30
0.0
 10
72.90159833333333
 20
129.2585891666666
 30
0.0
 10
72.84727055555555
 20
129.3499586111111
 30
0.0
 10
72.74990388888888
 20
129.4251002777778
 30
0.0
 10
72.66947055555555
 20
129.4875419444444
 30
0.0
 10
72.59609277777777
 20
129.5252891666667
 30
0.0
 10
72.54317611111111
 20
129.5397530555555
 30
0.0
  0
POLYLINE
  5
397
330
1F
100
AcDbEntity
  8
DEFAULT
 62
     7
100
AcDb2dPolyline
 66
     1
 10
0.0
 20
0.0
 30
0.0
  0
VERTEX
  5
398
330
397
100
AcDbEntity
  8
DEFAULT
 62
     7
100
AcDbVertex
100
AcDb2dVertex
 10
76.21647472222222
 20
156.3303325
 30
0.0
  0
VERTEX
  5
399
330
397
100
AcDbEntity
  8
DEFAULT
 62
     7
100
AcDbVertex
100
AcDb2dVertex
 10
76.21083027777777
 20
158.8304686111111
 30
0.0
  0
SEQEND
  5
39A
330
397
100
AcDbEntity
  8
DEFAULT
 62
     7
  0
POLYLINE
  5
39B
330
1F
100
AcDbEntity
  8
DEFAULT
 62
     7
100
AcDb2dPolyline
 66
     1
 10
0.0
 20
0.0
 30
0.0
  0
VERTEX
  5
39C
330
39B
100
AcDbEntity
  8
DEFAULT
 62
     7
100
AcDbVertex
100
AcDb2dVertex
 10
79.59559194444444
 20
156.5625308333333
 30
0.0
  0
VERTEX
  5
39D
330
39B
100
AcDbEntity
  8
DEFAULT
 62
     7
100
AcDbVertex
100
AcDb2dVertex
 10
77.29124749999997
 20
156.9629336111111
 30
0.0
  0
VERTEX
  5
39E
330
39B
100
AcDbEntity
  8
DEFAULT
 62
     7
100
AcDbVertex
100
AcDb2dVertex
 10
78.44165583333333
 20
157.5866447222222
 30
0.0
  0
VERTEX
  5
39F
330
39B
100
AcDbEntity
  8
DEFAULT
 62
     7
100
AcDbVertex
100
AcDb2dVertex
 10
77.2880725
 20
158.2011836111111
 30
0.0
  0
VERTEX
  5
3A0
330
39B
100
AcDbEntity
  8
DEFAULT
 62
     7
100
AcDbVertex
100
AcDb2dVertex
 10
79.59100583333333
 20
158.6156975
 30
0.0
  0
SEQEND
  5
3A1
330
39B
100
AcDbEntity
  8
DEFAULT
 62
     7
  0
SPLINE
  5
3A2
330
1F
100
AcDbEntity
  8
DEFAULT
 62
     1
100
AcDbSpline
210
0.0
220
0.0
230
1.0
 70
     8
 71
     3
 72
    47
 73
    43
 74
     0
 42
0.000000001
 43
0.0000000001
 40
0.0
 40
0.0
 40
0.0
 40
0.0
 40
3.756447790133659
 40
3.756447790133659
 40
3.756447790133659
 40
16.65009351196118
 40
16.65009351196118
 40
16.65009351196118
 40
17.65009351196118
 40
17.65009351196118
 40
17.65009351196118
 40
18.65009351196118
 40
18.65009351196118
 40
18.65009351196118
 40
19.65009351196118
 40
19.65009351196118
 40
19.65009351196118
 40
45.43916484072366
 40
45.43916484072366
 40
45.43916484072366
 40
46.43916484072366
 40
46.43916484072366
 40
46.43916484072366
 40
57.49450291786995
 40
57.49450291786995
 40
57.49450291786995
 40
58.49450291786995
 40
58.49450291786995
 40
58.49450291786995
 40
59.49450291786995
 40
59.49450291786995
 40
59.49450291786995
 40
60.49450291786995
 40
60.49450291786995
 40
60.49450291786995
 40
61.49450291786995
 40
61.49450291786995
 40
61.49450291786995
 40
74.39451842173658
 40
74.39451842173658
 40
74.39451842173658
 40
78.15453171958539
 40
78.15453171958539
 40
78.15453171958539
 40
78.15453171958539
 10
74.31683694444443
 20
130.8674322222222
 30
0.0
 10
74.66608694444443
 20
130.5969692592592
 30
0.0
 10
75.01533694444443
 20
130.3265062962963
 30
0.0
 10
75.36458694444444
 20
130.0560433333333
 30
0.0
 10
76.29356842592593
 20
131.2543118518518
 30
0.0
 10
77.22254990740741
 20
132.4525803703704
 30
0.0
 10
78.15153138888888
 20
133.6508488888889
 30
0.0
 10
78.85003138888888
 20
134.55396
 30
0.0
 10
78.71950361111111
 20
134.4939877777778
 30
0.0
 10
79.49208694444444
 20
135.4923488888889
 30
0.0
 10
80.26467027777778
 20
136.49071
 30
0.0
 10
80.23997583333332
 20
136.3495988888889
 30
0.0
 10
80.93494805555555
 20
137.25271
 30
0.0
 10
82.63886472222222
 20
135.9333211111111
 30
0.0
 10
83.79244805555555
 20
132.6242655555556
 30
0.0
 10
82.47305916666666
 20
130.9203488888889
 30
0.0
 10
80.61627212962962
 20
128.5226359259259
 30
0.0
 10
78.75948509259258
 20
126.124922962963
 30
0.0
 10
76.90269805555556
 20
123.72721
 30
0.0
 10
74.5143925
 20
120.6439322222222
 30
0.0
 10
73.23380916666666
 20
120.1994322222222
 30
0.0
 10
70.1470036111111
 20
122.5877377777778
 30
0.0
 10
69.11924435185185
 20
123.3838396296296
 30
0.0
 10
68.09148509259259
 20
124.1799414814815
 30
0.0
 10
67.06372583333332
 20
124.9760433333333
 30
0.0
 10
63.98044805555555
 20
127.3643488888889
 30
0.0
 10
64.0051425
 20
138.5826822222222
 30
0.0
 10
64.4002536111111
 20
142.71371
 30
0.0
 10
65.59617027777777
 20
155.19146
 30
0.0
 10
63.9733925
 20
145.5606266666666
 30
0.0
 10
64.22033694444444
 20
156.0663488888889
 30
0.0
 10
65.35628138888889
 20
156.0698766666667
 30
0.0
 10
65.2292813888889
 20
156.1369044444444
 30
0.0
 10
66.4957536111111
 20
156.1369044444444
 30
0.0
 10
67.75517027777778
 20
156.1404322222222
 30
0.0
 10
67.63169805555556
 20
156.0769322222222
 30
0.0
 10
68.7676425
 20
156.0839877777778
 30
0.0
 10
70.28458694444444
 20
156.0863396296296
 30
0.0
 10
71.80153138888889
 20
156.0886914814814
 30
0.0
 10
73.31847583333332
 20
156.0910433333333
 30
0.0
 10
73.3172999074074
 20
156.5331914814815
 30
0.0
 10
73.31612398148148
 20
156.9753396296296
 30
0.0
 10
73.31494805555555
 20
157.4174877777778
 30
0.0
  0
SPLINE
  5
3A3
330
1F
100
AcDbEntity
  8
DEFAULT
 62
     1
100
AcDbSpline
210
0.0
220
0.0
230
1.0
 70
     8
 71
     3
 72
    47
 73
    43
 74
     0
 42
0.000000001
 43
0.0000000001
 40
0.0
 40
0.0
 40
0.0
 40
0.0
 40
3.76001329784876
 40
3.76001329784876
 40
3.76001329784876
 40
16.66004818152255
 40
16.66004818152255
 40
16.66004818152255
 40
17.66004818152255
 40
17.66004818152255
 40
17.66004818152255
 40
18.66004818152255
 40
18.66004818152255
 40
18.66004818152255
 40
19.66004818152255
 40
19.66004818152255
 40
19.66004818152255
 40
20.66004818152255
 40
20.66004818152255
 40
20.66004818152255
 40
21.66004818152255
 40
21.66004818152255
 40
21.66004818152255
 40
22.66004818152255
 40
22.66004818152255
 40
22.66004818152255
 40
23.66004818152255
 40
23.66004818152255
 40
23.66004818152255
 40
24.66004818152255
 40
24.66004818152255
 40
24.66004818152255
 40
25.66004818152255
 40
25.66004818152255
 40
25.66004818152255
 40
26.66004818152255
 40
26.66004818152255
 40
26.66004818152255
 40
39.55369390335008
 40
39.55369390335008
 40
39.55369390335008
 40
43.3101416934837
 40
43.3101416934837
 40
43.3101416934837
 40
43.3101416934837
 10
73.31501861111111
 20
157.7667377777778
 30
0.0
 10
73.3138426851852
 20
158.2088859259259
 30
0.0
 10
73.31266675925927
 20
158.6510340740741
 30
0.0
 10
73.31149083333334
 20
159.0931822222222
 30
0.0
 10
71.79454638888889
 20
159.0896544444444
 30
0.0
 10
70.27760194444444
 20
159.0861266666667
 30
0.0
 10
68.7606575
 20
159.0825988888889
 30
0.0
 10
67.62471305555556
 20
159.0790711111111
 30
0.0
 10
67.74818527777778
 20
159.0155711111111
 30
0.0
 10
66.48524083333334
 20
159.0120433333333
 30
0.0
 10
65.21876861111112
 20
159.0085155555555
 30
0.0
 10
65.34929638888887
 20
159.0720155555555
 30
0.0
 10
64.21335194444444
 20
159.0684877777778
 30
0.0
 10
64.20982416666666
 20
159.82696
 30
0.0
 10
63.29965749999999
 20
159.6964322222222
 30
0.0
 10
62.69993527777778
 20
161.7037377777778
 30
0.0
 10
61.22179638888888
 20
166.6567377777778
 30
0.0
 10
63.01743527777778
 20
166.3568766666667
 30
0.0
 10
65.16232416666666
 20
166.0005711111111
 30
0.0
 10
66.07954638888889
 20
165.8488766666667
 30
0.0
 10
76.38418527777777
 20
164.3319322222222
 30
0.0
 10
78.71604638888888
 20
163.9826822222222
 30
0.0
 10
81.04437972222222
 20
163.63696
 30
0.0
 10
82.40610194444444
 20
161.7143211111111
 30
0.0
 10
82.40962972222222
 20
159.5623766666666
 30
0.0
 10
82.40962972222222
 20
159.5623766666666
 30
0.0
 10
82.49429638888888
 20
156.4755711111111
 30
0.0
 10
82.42021305555555
 20
155.6641822222222
 30
0.0
 10
82.05332416666667
 20
151.7201266666667
 30
0.0
 10
74.02410194444444
 20
142.3115433333333
 30
0.0
 10
78.56787972222222
 20
139.0871544444445
 30
0.0
 10
77.86937972222222
 20
138.1840433333333
 30
0.0
 10
77.99637972222222
 20
138.2475433333333
 30
0.0
 10
77.22379638888889
 20
137.2491822222222
 30
0.0
 10
76.45121305555556
 20
136.2508211111111
 30
0.0
 10
76.47590749999999
 20
136.3884044444444
 30
0.0
 10
75.78093527777777
 20
135.4888211111111
 30
0.0
 10
74.85195379629629
 20
134.2905525925926
 30
0.0
 10
73.9229723148148
 20
133.0922840740741
 30
0.0
 10
72.99399083333333
 20
131.8940155555555
 30
0.0
 10
73.34324083333333
 20
131.6235525925926
 30
0.0
 10
73.69249083333334
 20
131.3530896296296
 30
0.0
 10
74.04174083333334
 20
131.0826266666667
 30
0.0
  0
POLYLINE
  5
3A4
330
1F
100
AcDbEntity
  8
DEFAULT
 62
     7
100
AcDb2dPolyline
 66
     1
 10
0.0
 20
0.0
 30
0.0
  0
VERTEX
  5
3A5
330
3A4
100
AcDbEntity
  8
DEFAULT
 62
     7
100
AcDbVertex
100
AcDb2dVertex
 10
101.4366286111111
 20
130.5623852777778
 30
0.0
  0
VERTEX
  5
3A6
330
3A4
100
AcDbEntity
  8
DEFAULT
 62
     7
100
AcDbVertex
100
AcDb2dVertex
 10
100.2311869444445
 20
129.6243491666667
 30
0.0
  0
SEQEND
  5
3A7
330
3A4
100
AcDbEntity
  8
DEFAULT
 62
     7
  0
SPLINE
  5
3A8
330
1F
100
AcDbEntity
  8
DEFAULT
 62
     7
100
AcDbSpline
210
0.0
220
0.0
230
1.0
 70
     8
 71
     3
 72
    29
 73
    25
 74
     0
 42
0.000000001
 43
0.0000000001
 40
0.0
 40
0.0
 40
0.0
 40
0.0
 40
1.801477171656655
 40
1.801477171656655
 40
1.801477171656655
 40
2.439186353023822
 40
2.439186353023822
 40
2.439186353023822
 40
3.635022462195975
 40
3.635022462195975
 40
3.635022462195975
 40
4.646182686888372
 40
4.646182686888372
 40
4.646182686888372
 40
7.435227326186958
 40
7.435227326186958
 40
7.435227326186958
 40
8.435227326186958
 40
8.435227326186958
 40
8.435227326186958
 40
9.435227326186958
 40
9.435227326186958
 40
9.435227326186958
 40
10.43522732618696
 40
10.43522732618696
 40
10.43522732618696
 40
10.43522732618696
 10
102.0128205555555
 20
127.8781344444444
 30
0.0
 10
102.1800372222222
 20
128.0081918518518
 30
0.0
 10
102.3472538888889
 20
128.1382492592593
 30
0.0
 10
102.5144705555555
 20
128.2683066666667
 30
0.0
 10
102.5736196296296
 20
128.3144029629629
 30
0.0
 10
102.6327687037037
 20
128.3604992592592
 30
0.0
 10
102.6919177777778
 20
128.4065955555555
 30
0.0
 10
102.7057937037037
 20
128.2666603703703
 30
0.0
 10
102.7196696296296
 20
128.1267251851852
 30
0.0
 10
102.7335455555556
 20
127.98679
 30
0.0
 10
102.6605205555556
 20
128.0806288888889
 30
0.0
 10
102.5874955555555
 20
128.1744677777778
 30
0.0
 10
102.5144705555555
 20
128.2683066666667
 30
0.0
 10
102.3130344444445
 20
128.527127962963
 30
0.0
 10
102.1115983333333
 20
128.7859492592592
 30
0.0
 10
101.9101622222222
 20
129.0447705555555
 30
0.0
 10
101.8053872222222
 20
129.1791788888889
 30
0.0
 10
101.7048455555556
 20
129.2645511111111
 30
0.0
 10
101.5979538888889
 20
129.2800733333333
 30
0.0
 10
101.504115
 20
129.298065
 30
0.0
 10
101.4021622222222
 20
129.2680788888889
 30
0.0
 10
101.3051483333333
 20
129.1929372222222
 30
0.0
 10
101.224715
 20
129.1301427777778
 30
0.0
 10
101.1696816666667
 20
129.0687594444444
 30
0.0
 10
101.1425177777778
 20
129.0207816666666
 30
0.0
  0
POLYLINE
  5
3A9
330
1F
100
AcDbEntity
  8
DEFAULT
 62
     7
100
AcDb2dPolyline
 66
     1
 10
0.0
 20
0.0
 30
0.0
  0
VERTEX
  5
3AA
330
3A9
100
AcDbEntity
  8
DEFAULT
 62
     7
100
AcDbVertex
100
AcDb2dVertex
 10
98.06372027777778
 20
156.3127288888889
 30
0.0
  0
VERTEX
  5
3AB
330
3A9
100
AcDbEntity
  8
DEFAULT
 62
     7
100
AcDbVertex
100
AcDb2dVertex
 10
98.06372027777778
 20
158.812865
 30
0.0
  0
SEQEND
  5
3AC
330
3A9
100
AcDbEntity
  8
DEFAULT
 62
     7
  0
POLYLINE
  5
3AD
330
1F
100
AcDbEntity
  8
DEFAULT
 62
     7
100
AcDb2dPolyline
 66
     1
 10
0.0
 20
0.0
 30
0.0
  0
VERTEX
  5
3AE
330
3AD
100
AcDbEntity
  8
DEFAULT
 62
     7
100
AcDbVertex
100
AcDb2dVertex
 10
94.68407388888889
 20
156.5372013888889
 30
0.0
  0
VERTEX
  5
3AF
330
3AD
100
AcDbEntity
  8
DEFAULT
 62
     7
100
AcDbVertex
100
AcDb2dVertex
 10
96.98771277777776
 20
156.9428958333333
 30
0.0
  0
VERTEX
  5
3B0
330
3AD
100
AcDbEntity
  8
DEFAULT
 62
     7
100
AcDbVertex
100
AcDb2dVertex
 10
95.83589333333332
 20
157.5637847222222
 30
0.0
  0
VERTEX
  5
3B1
330
3AD
100
AcDbEntity
  8
DEFAULT
 62
     7
100
AcDbVertex
100
AcDb2dVertex
 10
96.98771277777776
 20
158.1811458333333
 30
0.0
  0
VERTEX
  5
3B2
330
3AD
100
AcDbEntity
  8
DEFAULT
 62
     7
100
AcDbVertex
100
AcDb2dVertex
 10
94.68407388888889
 20
158.5903680555556
 30
0.0
  0
SEQEND
  5
3B3
330
3AD
100
AcDbEntity
  8
DEFAULT
 62
     7
  0
SPLINE
  5
3B4
330
1F
100
AcDbEntity
  8
DEFAULT
 62
     1
100
AcDbSpline
210
0.0
220
0.0
230
1.0
 70
     8
 71
     3
 72
    47
 73
    43
 74
     0
 42
0.000000001
 43
0.0000000001
 40
0.0
 40
0.0
 40
0.0
 40
0.0
 40
3.759999999999991
 40
3.759999999999991
 40
3.759999999999991
 40
16.65999999999997
 40
16.65999999999997
 40
16.65999999999997
 40
17.65999999999997
 40
17.65999999999997
 40
17.65999999999997
 40
18.65999999999997
 40
18.65999999999997
 40
18.65999999999997
 40
19.65999999999997
 40
19.65999999999997
 40
19.65999999999997
 40
20.65999999999997
 40
20.65999999999997
 40
20.65999999999997
 40
31.7197016234616
 40
31.7197016234616
 40
31.7197016234616
 40
32.7197016234616
 40
32.7197016234616
 40
32.7197016234616
 40
58.50784036979224
 40
58.50784036979224
 40
58.50784036979224
 40
59.50784036979224
 40
59.50784036979224
 40
59.50784036979224
 40
60.50784036979224
 40
60.50784036979224
 40
60.50784036979224
 40
61.50784036979224
 40
61.50784036979224
 40
61.50784036979224
 40
74.41199861432719
 40
74.41199861432719
 40
74.41199861432719
 40
78.16668901434686
 40
78.16668901434686
 40
78.16668901434686
 40
78.16668901434686
 10
100.9622483333333
 20
157.4069044444444
 30
0.0
 10
100.9622483333333
 20
156.9647562962963
 30
0.0
 10
100.9622483333333
 20
156.5226081481482
 30
0.0
 10
100.9622483333333
 20
156.08046
 30
0.0
 10
102.4791927777778
 20
156.08046
 30
0.0
 10
103.9961372222222
 20
156.08046
 30
0.0
 10
105.5130816666667
 20
156.08046
 30
0.0
 10
106.6490261111111
 20
156.08046
 30
0.0
 10
106.5255538888889
 20
156.1404322222222
 30
0.0
 10
107.7849705555555
 20
156.1404322222222
 30
0.0
 10
109.0514427777778
 20
156.14396
 30
0.0
 10
108.9244427777778
 20
156.0769322222222
 30
0.0
 10
110.0603872222222
 20
156.0769322222222
 30
0.0
 10
110.3320261111111
 20
145.57121
 30
0.0
 10
108.6845538888889
 20
155.1949877777778
 30
0.0
 10
109.9122205555555
 20
142.7242933333333
 30
0.0
 10
110.3143872222222
 20
138.5932655555555
 30
0.0
 10
110.3673038888889
 20
127.3749322222222
 30
0.0
 10
107.2875538888889
 20
124.9795711111111
 30
0.0
 10
106.2609705555556
 20
124.1811174074074
 30
0.0
 10
105.2343872222222
 20
123.3826637037037
 30
0.0
 10
104.2078038888889
 20
122.58421
 30
0.0
 10
101.1315816666667
 20
120.1888488888889
 30
0.0
 10
99.84747055555555
 20
120.6298211111111
 30
0.0
 10
97.45210944444445
 20
123.7095711111111
 30
0.0
 10
95.58944277777778
 20
126.1025803703703
 30
0.0
 10
93.72677611111112
 20
128.4955896296296
 30
0.0
 10
91.86410944444444
 20
130.8885988888889
 30
0.0
 10
90.54119277777777
 20
132.5925155555555
 30
0.0
 10
91.68772055555554
 20
135.9015711111111
 30
0.0
 10
93.38810944444445
 20
137.2244877777778
 30
0.0
 10
94.08660944444443
 20
136.3249044444444
 30
0.0
 10
94.05838722222222
 20
136.4660155555555
 30
0.0
 10
94.83449833333333
 20
135.4676544444444
 30
0.0
 10
95.61060944444444
 20
134.4692933333333
 30
0.0
 10
95.48008166666665
 20
134.5292655555556
 30
0.0
 10
96.17858166666666
 20
133.6296822222222
 30
0.0
 10
97.11109092592592
 20
132.4325896296296
 30
0.0
 10
98.04360018518518
 20
131.235497037037
 30
0.0
 10
98.97610944444445
 20
130.0384044444444
 30
0.0
 10
99.32418351851851
 20
130.3100433333333
 30
0.0
 10
99.67225759259259
 20
130.5816822222222
 30
0.0
 10
100.0203316666667
 20
130.8533211111111
 30
0.0
  0
SPLINE
  5
3B5
330
1F
100
AcDbEntity
  8
DEFAULT
 62
     1
100
AcDbSpline
210
0.0
220
0.0
230
1.0
 70
     8
 71
     3
 72
    47
 73
    43
 74
     0
 42
0.000000001
 43
0.0000000001
 40
0.0
 40
0.0
 40
0.0
 40
0.0
 40
3.759999999999991
 40
3.759999999999991
 40
3.759999999999991
 40
16.65999999999997
 40
16.65999999999997
 40
16.65999999999997
 40
17.65999999999997
 40
17.65999999999997
 40
17.65999999999997
 40
18.65999999999997
 40
18.65999999999997
 40
18.65999999999997
 40
19.65999999999997
 40
19.65999999999997
 40
19.65999999999997
 40
20.65999999999997
 40
20.65999999999997
 40
20.65999999999997
 40
21.65999999999997
 40
21.65999999999997
 40
21.65999999999997
 40
22.65999999999997
 40
22.65999999999997
 40
22.65999999999997
 40
23.65999999999997
 40
23.65999999999997
 40
23.65999999999997
 40
24.65999999999997
 40
24.65999999999997
 40
24.65999999999997
 40
25.65999999999997
 40
25.65999999999997
 40
25.65999999999997
 40
26.65999999999997
 40
26.65999999999997
 40
26.65999999999997
 40
39.55012412663272
 40
39.55012412663272
 40
39.55012412663272
 40
43.31270302945982
 40
43.31270302945982
 40
43.31270302945982
 40
43.31270302945982
 10
100.9622483333333
 20
157.7560838888889
 30
0.0
 10
100.9622483333333
 20
158.198232037037
 30
0.0
 10
100.9622483333333
 20
158.6403801851852
 30
0.0
 10
100.9622483333333
 20
159.0825283333333
 30
0.0
 10
102.4791927777778
 20
159.0825283333333
 30
0.0
 10
103.9961372222222
 20
159.0825283333333
 30
0.0
 10
105.5130816666667
 20
159.0825283333333
 30
0.0
 10
106.6490261111111
 20
159.0790005555555
 30
0.0
 10
106.5255538888889
 20
159.0190283333333
 30
0.0
 10
107.7884983333333
 20
159.0190283333333
 30
0.0
 10
109.0549705555556
 20
159.0190283333333
 30
0.0
 10
108.9244427777778
 20
159.0790005555555
 30
0.0
 10
110.0603872222222
 20
159.0754727777777
 30
0.0
 10
110.063915
 20
159.8374727777777
 30
0.0
 10
110.9740816666667
 20
159.706945
 30
0.0
 10
111.5667483333333
 20
161.7177783333333
 30
0.0
 10
113.0378316666667
 20
166.6743061111111
 30
0.0
 10
111.238665
 20
166.3709172222222
 30
0.0
 10
109.0973038888889
 20
166.0075561111111
 30
0.0
 10
108.1800816666667
 20
165.8523338888889
 30
0.0
 10
97.87544277777778
 20
164.310695
 30
0.0
 10
95.54710944444443
 20
163.961445
 30
0.0
 10
93.21877611111111
 20
163.6086672222222
 30
0.0
 10
91.86410944444444
 20
161.6825005555555
 30
0.0
 10
91.86410944444444
 20
159.5305561111111
 30
0.0
 10
91.86410944444444
 20
159.5305561111111
 30
0.0
 10
91.78649833333333
 20
156.4437505555555
 30
0.0
 10
91.86410944444444
 20
155.6323616666666
 30
0.0
 10
92.23805388888889
 20
151.6883061111111
 30
0.0
 10
100.2884427777778
 20
142.3008894444444
 30
0.0
 10
95.75172055555556
 20
139.0623894444444
 30
0.0
 10
96.45022055555555
 20
138.1628061111111
 30
0.0
 10
96.32322055555557
 20
138.2263061111111
 30
0.0
 10
97.09933166666667
 20
137.227945
 30
0.0
 10
97.871915
 20
136.2331116666666
 30
0.0
 10
97.84722055555555
 20
136.370695
 30
0.0
 10
98.54924833333334
 20
135.4711116666666
 30
0.0
 10
99.48058166666665
 20
134.275195
 30
0.0
 10
100.411915
 20
133.0792783333333
 30
0.0
 10
101.3432483333333
 20
131.8833616666666
 30
0.0
 10
100.9939983333333
 20
131.6117227777778
 30
0.0
 10
100.6447483333333
 20
131.3400838888889
 30
0.0
 10
100.2954983333333
 20
131.068445
 30
0.0
  0
ENDSEC
  0
SECTION
  2
OBJECTS
  0
DICTIONARY
  5
C
330
0
100
AcDbDictionary
  3
ACAD_GROUP
350
D
  3
ACAD_LAYOUT
350
1A
  3
ACAD_MATERIAL
350
43
  3
ACAD_MLEADERSTYLE
350
3D8
  3
ACAD_MLINESTYLE
350
17
  3
ACAD_PLOTSETTINGS
350
19
  3
ACAD_SCALELIST
350
47
  3
ACAD_VISUALSTYLE
350
2A
  3
ACDBHEADERROUNDTRIPXREC
350
3B6
  3
ACDBVARIABLEDICTIONARY
350
3D6
  0
DICTIONARY
  5
D
102
{ACAD_REACTORS
330
C
102
}
330
C
100
AcDbDictionary
  0
DICTIONARY
  5
1A
102
{ACAD_REACTORS
330
C
102
}
330
C
100
AcDbDictionary
  0
DICTIONARY
  5
43
102
{ACAD_REACTORS
330
C
102
}
330
C
100
AcDbDictionary
  3
BYBLOCK
350
45
  3
BYLAYER
350
44
  3
GLOBAL
350
46
  0
DICTIONARY
  5
3D8
102
{ACAD_REACTORS
330
C
102
}
330
C
100
AcDbDictionary
  0
DICTIONARY
  5
17
102
{ACAD_REACTORS
330
C
102
}
330
C
100
AcDbDictionary
  3
STANDARD
350
18
  0
DICTIONARY
  5
19
102
{ACAD_REACTORS
330
C
102
}
330
C
100
AcDbDictionary
  0
DICTIONARY
  5
47
102
{ACAD_REACTORS
330
C
102
}
330
C
100
AcDbDictionary
  3
A0
350
48
  3
A1
350
49
  3
A2
350
4A
  3
A3
350
4B
  3
A4
350
4C
  3
A5
350
4D
  3
A6
350
4E
  3
A7
350
4F
  3
A8
350
50
  3
A9
350
51
  3
B0
350
52
  3
B1
350
53
  3
B2
350
54
  3
B3
350
55
  3
B4
350
56
  3
B5
350
57
  3
B6
350
58
  3
B7
350
59
  3
B8
350
5A
  3
B9
350
5B
  3
C0
350
5C
  3
C1
350
5D
  3
C2
350
5E
  3
C3
350
5F
  3
C4
350
60
  3
C5
350
61
  3
C6
350
62
  3
C7
350
63
  3
C8
350
64
  3
C9
350
65
  3
D0
350
66
  3
D1
350
67
  3
D2
350
68
  0
DICTIONARY
  5
2A
102
{ACAD_REACTORS
330
C
102
}
330
C
100
AcDbDictionary
  3
2DWIREFRAME
350
2F
  3
BASIC
350
32
  3
BRIGHTEN
350
36
  3
COLORCHANGE
350
3A
  3
CONCEPTUAL
350
34
  3
DIM
350
35
  3
EDGECOLOROFF
350
3D
  3
FACEPATTERN
350
39
  3
FLAT
350
2B
  3
FLATWITHEDGES
350
2C
  3
GOURAUD
350
2D
  3
GOURAUDWITHEDGES
350
2E
  3
HIDDEN
350
31
  3
JITTEROFF
350
3B
  3
LINEPATTERN
350
38
  3
OVERHANGOFF
350
3C
  3
REALISTIC
350
33
  3
SHADED
350
42
  3
SHADED_WITH_EDGES
350
41
  3
SHADES_OF_GRAY
350
3E
  3
SKETCHY
350
3F
  3
THICKEN
350
37
  3
WIREFRAME
350
30
  3
X-RAY
350
40
  0
DICTIONARY
  5
3B6
102
{ACAD_REACTORS
330
C
102
}
330
C
100
AcDbDictionary
  3
CEPSNTYPE
350
3BF
  3
DIMSTYLEDATA
350
3D5
  3
FINGERPRINTGUID
350
3C0
  3
HYPERLINKBASE
350
3B9
  3
INSUNITS
350
3BE
  3
LAYOUTDICT
350
3BB
  3
LWETCUNION
350
3BD
  3
PLOTSETDICT
350
3BC
  3
PSVPSCALE
350
3C2
  3
PUCSBASE
350
3C5
  3
PUCSORGBACK
350
3CB
  3
PUCSORGBOTTOM
350
3C7
  3
PUCSORGFRONT
350
3CA
  3
PUCSORGLEFT
350
3C8
  3
PUCSORGRIGHT
350
3C9
  3
PUCSORGTOP
350
3C6
  3
PUCSORTHOREF
350
3C3
  3
PUCSORTHOVIEW
350
3C4
  3
STYLESHEET
350
3BA
  3
TSTACKALIGN
350
3B7
  3
TSTACKSIZE
350
3B8
  3
UCSBASE
350
3CE
  3
UCSORGBACK
350
3D4
  3
UCSORGBOTTOM
350
3D0
  3
UCSORGFRONT
350
3D3
  3
UCSORGLEFT
350
3D1
  3
UCSORGRIGHT
350
3D2
  3
UCSORGTOP
350
3CF
  3
UCSORTHOREF
350
3CC
  3
UCSORTHOVIEW
350
3CD
  3
VERSIONGUID
350
3C1
  0
DICTIONARY
  5
3D6
102
{ACAD_REACTORS
330
C
102
}
330
C
100
AcDbDictionary
  3
CANNOSCALE
350
3DD
  3
DIMASSOC
350
3DB
  3
HIDETEXT
350
3DC
  3
MSLTSCALE
350
3DE
  0
MATERIAL
  5
45
102
{ACAD_REACTORS
330
43
102
}
102
{ACAD_XDICTIONARY
360
3E1
102
}
330
43
100
AcDbMaterial
  1
BYBLOCK
  0
MATERIAL
  5
44
102
{ACAD_REACTORS
330
43
102
}
102
{ACAD_XDICTIONARY
360
3DF
102
}
330
43
100
AcDbMaterial
  1
BYLAYER
  0
MATERIAL
  5
46
102
{ACAD_REACTORS
330
43
102
}
102
{ACAD_XDICTIONARY
360
3E3
102
}
330
43
100
AcDbMaterial
  1
GLOBAL
  0
MLINESTYLE
  5
18
102
{ACAD_REACTORS
330
17
102
}
330
17
100
AcDbMlineStyle
  2
Standard
 70
     0
  3

 62
   256
 51
90.0
 52
90.0
 71
     2
 49
0.5
 62
   256
  6
BYLAYER
 49
-0.5
 62
   256
  6
BYLAYER
  0
ACAD_PROXY_OBJECT
  5
48
102
{ACAD_REACTORS
330
47
102
}
330
47
100
AcDbProxyObject
 90
      499
 91
      503
 93
       41
310
903313A31580
  0
ACAD_PROXY_OBJECT
  5
49
102
{ACAD_REACTORS
330
47
102
}
330
47
100
AcDbProxyObject
 90
      499
 91
      503
 93
      105
310
903313A324000000000000004000
  0
ACAD_PROXY_OBJECT
  5
4A
102
{ACAD_REACTORS
330
47
102
}
330
47
100
AcDbProxyObject
 90
      499
 91
      503
 93
      105
310
903313A344000000000000104000
  0
ACAD_PROXY_OBJECT
  5
4B
102
{ACAD_REACTORS
330
47
102
}
330
47
100
AcDbProxyObject
 90
      499
 91
      503
 93
      105
310
903313A354000000000000144000
  0
ACAD_PROXY_OBJECT
  5
4C
102
{ACAD_REACTORS
330
47
102
}
330
47
100
AcDbProxyObject
 90
      499
 91
      503
 93
      105
310
903313A384000000000000204000
  0
ACAD_PROXY_OBJECT
  5
4D
102
{ACAD_REACTORS
330
47
102
}
330
47
100
AcDbProxyObject
 90
      499
 91
      503
 93
      113
310
904313A31304000000000000244000
  0
ACAD_PROXY_OBJECT
  5
4E
102
{ACAD_REACTORS
330
47
102
}
330
47
100
AcDbProxyObject
 90
      499
 91
      503
 93
      113
310
904313A31364000000000000304000
  0
ACAD_PROXY_OBJECT
  5
4F
102
{ACAD_REACTORS
330
47
102
}
330
47
100
AcDbProxyObject
 90
      499
 91
      503
 93
      113
310
904313A32304000000000000344000
  0
ACAD_PROXY_OBJECT
  5
50
102
{ACAD_REACTORS
330
47
102
}
330
47
100
AcDbProxyObject
 90
      499
 91
      503
 93
      113
310
904313A333040000000000003E4000
  0
ACAD_PROXY_OBJECT
  5
51
102
{ACAD_REACTORS
330
47
102
}
330
47
100
AcDbProxyObject
 90
      499
 91
      503
 93
      113
310
904313A34304000000000000444000
  0
ACAD_PROXY_OBJECT
  5
52
102
{ACAD_REACTORS
330
47
102
}
330
47
100
AcDbProxyObject
 90
      499
 91
      503
 93
      113
310
904313A35304000000000000494000
  0
ACAD_PROXY_OBJECT
  5
53
102
{ACAD_REACTORS
330
47
102
}
330
47
100
AcDbProxyObject
 90
      499
 91
      503
 93
      121
310
905313A3130304000000000000594000
  0
ACAD_PROXY_OBJECT
  5
54
102
{ACAD_REACTORS
330
47
102
}
330
47
100
AcDbProxyObject
 90
      499
 91
      503
 93
      105
310
903323A310000000000000010100
  0
ACAD_PROXY_OBJECT
  5
55
102
{ACAD_REACTORS
330
47
102
}
330
47
100
AcDbProxyObject
 90
      499
 91
      503
 93
      105
310
903343A310000000000000410100
  0
ACAD_PROXY_OBJECT
  5
56
102
{ACAD_REACTORS
330
47
102
}
330
47
100
AcDbProxyObject
 90
      499
 91
      503
 93
      105
310
903383A310000000000000810100
  0
ACAD_PROXY_OBJECT
  5
57
102
{ACAD_REACTORS
330
47
102
}
330
47
100
AcDbProxyObject
 90
      499
 91
      503
 93
      113
310
90431303A310000000000000910100
  0
ACAD_PROXY_OBJECT
  5
58
102
{ACAD_REACTORS
330
47
102
}
330
47
100
AcDbProxyObject
 90
      499
 91
      503
 93
      121
310
9053130303A310000000000001650100
  0
ACAD_PROXY_OBJECT
  5
59
102
{ACAD_REACTORS
330
47
102
}
330
47
100
AcDbProxyObject
 90
      499
 91
      503
 93
      257
310
90E312F31323822203D2031272D3022000000000000200FC000000000000284000
  0
ACAD_PROXY_OBJECT
  5
5A
102
{ACAD_REACTORS
330
47
102
}
330
47
100
AcDbProxyObject
 90
      499
 91
      503
 93
      249
310
90D312F363422203D2031272D3022000000000000240FC000000000000284000
  0
ACAD_PROXY_OBJECT
  5
5B
102
{ACAD_REACTORS
330
47
102
}
330
47
100
AcDbProxyObject
 90
      499
 91
      503
 93
      249
310
90D312F333222203D2031272D3022000000000000280FC000000000000284000
  0
ACAD_PROXY_OBJECT
  5
5C
102
{ACAD_REACTORS
330
47
102
}
330
47
100
AcDbProxyObject
 90
      499
 91
      503
 93
      249
310
90D312F313622203D2031272D30220000000000002C0FC000000000000284000
  0
ACAD_PROXY_OBJECT
  5
5D
102
{ACAD_REACTORS
330
47
102
}
330
47
100
AcDbProxyObject
 90
      499
 91
      503
 93
      249
310
90D332F333222203D2031272D30220000000000002E0FC000000000000284000
  0
ACAD_PROXY_OBJECT
  5
5E
102
{ACAD_REACTORS
330
47
102
}
330
47
100
AcDbProxyObject
 90
      499
 91
      503
 93
      241
310
90C312F3822203D2031272D3022000000000000300FC000000000000284000
  0
ACAD_PROXY_OBJECT
  5
5F
102
{ACAD_REACTORS
330
47
102
}
330
47
100
AcDbProxyObject
 90
      499
 91
      503
 93
      249
310
90D332F313622203D2031272D3022000000000000320FC000000000000284000
  0
ACAD_PROXY_OBJECT
  5
60
102
{ACAD_REACTORS
330
47
102
}
330
47
100
AcDbProxyObject
 90
      499
 91
      503
 93
      241
310
90C312F3422203D2031272D3022000000000000340FC000000000000284000
  0
ACAD_PROXY_OBJECT
  5
61
102
{ACAD_REACTORS
330
47
102
}
330
47
100
AcDbProxyObject
 90
      499
 91
      503
 93
      241
310
90C332F3822203D2031272D3022000000000000360FC000000000000284000
  0
ACAD_PROXY_OBJECT
  5
62
102
{ACAD_REACTORS
330
47
102
}
330
47
100
AcDbProxyObject
 90
      499
 91
      503
 93
      241
310
90C312F3222203D2031272D3022000000000000380FC000000000000284000
  0
ACAD_PROXY_OBJECT
  5
63
102
{ACAD_REACTORS
330
47
102
}
330
47
100
AcDbProxyObject
 90
      499
 91
      503
 93
      241
310
90C332F3422203D2031272D30220000000000003A0FC000000000000284000
  0
ACAD_PROXY_OBJECT
  5
64
102
{ACAD_REACTORS
330
47
102
}
330
47
100
AcDbProxyObject
 90
      499
 91
      503
 93
      161
310
90A3122203D2031272D30224000000000000284000
  0
ACAD_PROXY_OBJECT
  5
65
102
{ACAD_REACTORS
330
47
102
}
330
47
100
AcDbProxyObject
 90
      499
 91
      503
 93
      257
310
90E312D312F3222203D2031272D30220000000000003E0FC000000000000284000
  0
ACAD_PROXY_OBJECT
  5
66
102
{ACAD_REACTORS
330
47
102
}
330
47
100
AcDbProxyObject
 90
      499
 91
      503
 93
      225
310
90A3322203D2031272D302200000000000002100000000000000284000
  0
ACAD_PROXY_OBJECT
  5
67
102
{ACAD_REACTORS
330
47
102
}
330
47
100
AcDbProxyObject
 90
      499
 91
      503
 93
      225
310
90A3622203D2031272D302200000000000006100000000000000284000
  0
ACAD_PROXY_OBJECT
  5
68
102
{ACAD_REACTORS
330
47
102
}
330
47
100
AcDbProxyObject
 90
      499
 91
      503
 93
      249
310
90D31272D3022203D2031272D30220000000000000A100000000000000284000
  0
ACAD_PROXY_OBJECT
  5
2F
102
{ACAD_REACTORS
330
2A
102
}
330
2A
100
AcDbProxyObject
 90
      499
 91
      501
 93
      436
310
42CC9915DA5C99599C985B595049028333333333333E33F0000000000000F90107901411070040501600405405064090741402480A0340
1001
ACAD
1000
AcDbSavedByObjectVersion
1070
     0
  0
ACAD_PROXY_OBJECT
  5
32
102
{ACAD_REACTORS
330
2A
102
}
330
2A
100
AcDbProxyObject
 90
      499
 91
      501
 93
      388
310
4150985CDA58D07406404333333333333E33F0000000000000F90107A41107004050150841D405064090741402480A0350
1001
ACAD
1000
AcDbSavedByObjectVersion
1070
     0
  0
ACAD_PROXY_OBJECT
  5
36
102
{ACAD_REACTORS
330
2A
102
}
330
2A
100
AcDbProxyObject
 90
      499
 91
      501
 93
      428
310
42109C9A59DA1D195B90C409028333333333333E33F0000000000000F9010790141107004050150841D405064090741402480A029950
1001
ACAD
1000
AcDbSavedByObjectVersion
1070
     0
  0
ACAD_PROXY_OBJECT
  5
3A
102
{ACAD_REACTORS
330
2A
102
}
330
2A
100
AcDbProxyObject
 90
      499
 91
      501
 93
      452
310
42D0DBDB1BDC90DA185B99D95104090240C333333333333E33F0000000000000F90108901411070040501508421405064090741402480A0350
1001
ACAD
1000
AcDbSavedByObjectVersion
1070
     0
  0
ACAD_PROXY_OBJECT
  5
34
102
{ACAD_REACTORS
330
2A
102
}
330
2A
100
AcDbProxyObject
 90
      499
 91
      501
 93
      500
310
4290DBDB98D95C1D1D585B10940D028333333333333E33F0000000000000F90107902409070040501000000000018199010841D405064090740C02480A0340
1001
ACAD
1000
AcDbSavedByObjectVersion
1070
     0
  0
ACAD_PROXY_OBJECT
  5
35
102
{ACAD_REACTORS
330
2A
102
}
330
2A
100
AcDbProxyObject
 90
      499
 91
      501
 93
      412
310
40D11A5B50B409028333333333333E33F0000000000000F9010790141107004050150841D405064090741402480A02677FFFFFD0
1001
ACAD
1000
AcDbSavedByObjectVersion
1070
     0
  0
ACAD_PROXY_OBJECT
  5
3D
102
{ACAD_REACTORS
330
2A
102
}
330
2A
100
AcDbProxyObject
 90
      499
 91
      501
 93
      452
310
43115919D950DBDB1BDC93D999916409028333333333333E33F0000000000000F9010790141107004050150841D405064090741402480A0350
1001
ACAD
1000
AcDbSavedByObjectVersion
1070
     0
  0
ACAD_PROXY_OBJECT
  5
39
102
{ACAD_REACTORS
330
2A
102
}
330
2A
100
AcDbProxyObject
 90
      499
 91
      501
 93
      444
310
42D19858D95C185D1D195C9B90F409028333333333333E33F0000000000000F9010790141107004050150841D405064090741402480A0350
1001
ACAD
1000
AcDbSavedByObjectVersion
1070
     0
  0
ACAD_PROXY_OBJECT
  5
2B
102
{ACAD_REACTORS
330
2A
102
}
330
2A
100
AcDbProxyObject
 90
      499
 91
      501
 93
      380
310
41119B185D240901404333333333333E33F0000000000000F9010740A907004050150841D405064090741402480A1B50
1001
ACAD
1000
AcDbSavedByObjectVersion
1070
     0
  0
ACAD_PROXY_OBJECT
  5
2C
102
{ACAD_REACTORS
330
2A
102
}
330
2A
100
AcDbProxyObject
 90
      499
 91
      501
 93
      468
310
43519B185D15DA5D1A115919D95CD0140901404333333333333E33F0000000000000F90107409019070040501600405405064090741402480A1B50
1001
ACAD
1000
AcDbSavedByObjectVersion
1070
     0
  0
ACAD_PROXY_OBJECT
  5
2D
102
{ACAD_REACTORS
330
2A
102
}
330
2A
100
AcDbProxyObject
 90
      499
 91
      501
 93
      404
310
41D1DBDD5C985D5910240902404333333333333E33F0000000000000F9010740A9070040501641D405064090741402480A1B50
1001
ACAD
1000
AcDbSavedByObjectVersion
1070
     0
  0
ACAD_PROXY_OBJECT
  5
2E
102
{ACAD_REACTORS
330
2A
102
}
330
2A
100
AcDbProxyObject
 90
      499
 91
      501
 93
      492
310
4411DBDD5C985D5915DA5D1A115919D95CD0340902404333333333333E33F0000000000000F90107409019070040501600405405064090741402480A1B50
1001
ACAD
1000
AcDbSavedByObjectVersion
1070
     0
  0
ACAD_PROXY_OBJECT
  5
31
102
{ACAD_REACTORS
330
2A
102
}
330
2A
100
AcDbProxyObject
 90
      499
 91
      501
 93
      476
310
41921A5919195B90640502408333333333333E33F0000000000000F901079024090700405020000000000001110200405405064090740C02480A0340
1001
ACAD
1000
AcDbSavedByObjectVersion
1070
     0
  0
ACAD_PROXY_OBJECT
  5
3B
102
{ACAD_REACTORS
330
2A
102
}
330
2A
100
AcDbProxyObject
 90
      499
 91
      501
 93
      428
310
42529A5D1D195C93D999914409028333333333333E33F0000000000000F9010790141107004050150A41D405064090741402480A0350
1001
ACAD
1000
AcDbSavedByObjectVersion
1070
     0
  0
ACAD_PROXY_OBJECT
  5
38
102
{ACAD_REACTORS
330
2A
102
}
330
2A
100
AcDbProxyObject
 90
      499
 91
      501
 93
      444
310
42D31A5B995C185D1D195C9B90E409028333333333333E33F0000000000000F9010790141107004050750841D405064090741402483A0350
1001
ACAD
1000
AcDbSavedByObjectVersion
1070
     0
  0
ACAD_PROXY_OBJECT
  5
3C
102
{ACAD_REACTORS
330
2A
102
}
330
2A
100
AcDbProxyObject
 90
      499
 91
      501
 93
      444
310
42D3DD995C9A185B99D3D999915409028333333333333E33F0000000000000F9010790141107004050150941D405064090741402480A0350
1001
ACAD
1000
AcDbSavedByObjectVersion
1070
     0
  0
ACAD_PROXY_OBJECT
  5
33
102
{ACAD_REACTORS
330
2A
102
}
330
2A
100
AcDbProxyObject
 90
      499
 91
      501
 93
      428
310
425499585B1A5CDD1A58D08409038333333333333E33F0000000000000F9010740A907004050150800405405064090740C02480A1B40
1001
ACAD
1000
AcDbSavedByObjectVersion
1070
     0
  0
ACAD_PROXY_OBJECT
  5
42
102
{ACAD_REACTORS
330
2A
102
}
330
2A
100
AcDbProxyObject
 90
      499
 91
      501
 93
      420
310
4194DA1859195911B40902404333333333333E33F0000000000000F9010740A41107004050150800405405064090840C02480A0B40
1001
ACAD
1000
AcDbSavedByObjectVersion
1070
     0
  0
ACAD_PROXY_OBJECT
  5
41
102
{ACAD_REACTORS
330
2A
102
}
330
2A
100
AcDbProxyObject
 90
      499
 91
      501
 93
      516
310
4454DA18591959081DDA5D1A08195919D95CD1A40902404333333333333E33F0000000000000F901074090142907004050250800405405064090740C02480A0B40
1001
ACAD
1000
AcDbSavedByObjectVersion
1070
     0
  0
ACAD_PROXY_OBJECT
  5
3E
102
{ACAD_REACTORS
330
2A
102
}
330
2A
100
AcDbProxyObject
 90
      499
 91
      501
 93
      532
310
4394DA1859195CC81BD98811DC985E5174090240C333333333333E33F0000000000000F901079024090741D01000000000000111010841D405064090740C02480A0340
1001
ACAD
1000
AcDbSavedByObjectVersion
1070
     0
  0
ACAD_PROXY_OBJECT
  5
3F
102
{ACAD_REACTORS
330
2A
102
}
330
2A
100
AcDbProxyObject
 90
      499
 91
      501
 93
      476
310
41D4DAD95D18DA1E51840502408333333333333E33F0000000000000F901079024090741D01000000000000111010B41D405064090741802480A0340
1001
ACAD
1000
AcDbSavedByObjectVersion
1070
     0
  0
ACAD_PROXY_OBJECT
  5
37
102
{ACAD_REACTORS
330
2A
102
}
330
2A
100
AcDbProxyObject
 90
      499
 91
      501
 93
      412
310
41D51A1A58DAD95B90D409028333333333333E33F0000000000000F9010790141107004050150C41D405064090741402480A0350
1001
ACAD
1000
AcDbSavedByObjectVersion
1070
     0
  0
ACAD_PROXY_OBJECT
  5
30
102
{ACAD_REACTORS
330
2A
102
}
330
2A
100
AcDbProxyObject
 90
      499
 91
      501
 93
      420
310
4255DA5C99599C985B595059028333333333333E33F0000000000000F90107901411070040501600405405064090740C02480A0340
1001
ACAD
1000
AcDbSavedByObjectVersion
1070
     0
  0
ACAD_PROXY_OBJECT
  5
40
102
{ACAD_REACTORS
330
2A
102
}
330
2A
100
AcDbProxyObject
 90
      499
 91
      501
 93
      404
310
41560B54985E51940902404000000000000E03F0000000000000F9010740501907004050150841D405064090740C02480A1B40
1001
ACAD
1000
AcDbSavedByObjectVersion
1070
     0
  0
XRECORD
  5
3BF
102
{ACAD_REACTORS
330
3B6
102
}
330
3B6
100
AcDbXrecord
 90
        0
  0
XRECORD
  5
3D5
102
{ACAD_REACTORS
330
3B6
102
}
330
3B6
100
AcDbXrecord
1000
DSTYLE
1002
{
1070
   279
 70
     2
1070
   340
340
11
1002
}
  0
XRECORD
  5
3C0
102
{ACAD_REACTORS
330
3B6
102
}
330
3B6
100
AcDbXrecord
  1
{D0EACEA0-5FC2-44C4-A8FB-41E681D6F57C}
  0
XRECORD
  5
3B9
102
{ACAD_REACTORS
330
3B6
102
}
330
3B6
100
AcDbXrecord
  1

  0
XRECORD
  5
3BE
102
{ACAD_REACTORS
330
3B6
102
}
330
3B6
100
AcDbXrecord
 90
        4
  0
XRECORD
  5
3BB
102
{ACAD_REACTORS
330
3B6
102
}
330
3B6
100
AcDbXrecord
340
1A
  0
XRECORD
  5
3BD
102
{ACAD_REACTORS
330
3B6
102
}
330
3B6
100
AcDbXrecord
 90
    10781
  0
XRECORD
  5
3BC
102
{ACAD_REACTORS
330
3B6
102
}
330
3B6
100
AcDbXrecord
340
19
  0
XRECORD
  5
3C2
102
{ACAD_REACTORS
330
3B6
102
}
330
3B6
100
AcDbXrecord
 40
0.0
  0
XRECORD
  5
3C5
102
{ACAD_REACTORS
330
3B6
102
}
330
3B6
100
AcDbXrecord
340
0
  0
XRECORD
  5
3CB
102
{ACAD_REACTORS
330
3B6
102
}
330
3B6
100
AcDbXrecord
 10
0.0
 20
0.0
 30
0.0
  0
XRECORD
  5
3C7
102
{ACAD_REACTORS
330
3B6
102
}
330
3B6
100
AcDbXrecord
 10
0.0
 20
0.0
 30
0.0
  0
XRECORD
  5
3CA
102
{ACAD_REACTORS
330
3B6
102
}
330
3B6
100
AcDbXrecord
 10
0.0
 20
0.0
 30
0.0
  0
XRECORD
  5
3C8
102
{ACAD_REACTORS
330
3B6
102
}
330
3B6
100
AcDbXrecord
 10
0.0
 20
0.0
 30
0.0
  0
XRECORD
  5
3C9
102
{ACAD_REACTORS
330
3B6
102
}
330
3B6
100
AcDbXrecord
 10
0.0
 20
0.0
 30
0.0
  0
XRECORD
  5
3C6
102
{ACAD_REACTORS
330
3B6
102
}
330
3B6
100
AcDbXrecord
 10
0.0
 20
0.0
 30
0.0
  0
XRECORD
  5
3C3
102
{ACAD_REACTORS
330
3B6
102
}
330
3B6
100
AcDbXrecord
340
0
  0
XRECORD
  5
3C4
102
{ACAD_REACTORS
330
3B6
102
}
330
3B6
100
AcDbXrecord
 70
     0
  0
XRECORD
  5
3BA
102
{ACAD_REACTORS
330
3B6
102
}
330
3B6
100
AcDbXrecord
  1

  0
XRECORD
  5
3B7
102
{ACAD_REACTORS
330
3B6
102
}
330
3B6
100
AcDbXrecord
 90
        1
  0
XRECORD
  5
3B8
102
{ACAD_REACTORS
330
3B6
102
}
330
3B6
100
AcDbXrecord
 90
       70
  0
XRECORD
  5
3CE
102
{ACAD_REACTORS
330
3B6
102
}
330
3B6
100
AcDbXrecord
340
0
  0
XRECORD
  5
3D4
102
{ACAD_REACTORS
330
3B6
102
}
330
3B6
100
AcDbXrecord
 10
0.0
 20
0.0
 30
0.0
  0
XRECORD
  5
3D0
102
{ACAD_REACTORS
330
3B6
102
}
330
3B6
100
AcDbXrecord
 10
0.0
 20
0.0
 30
0.0
  0
XRECORD
  5
3D3
102
{ACAD_REACTORS
330
3B6
102
}
330
3B6
100
AcDbXrecord
 10
0.0
 20
0.0
 30
0.0
  0
XRECORD
  5
3D1
102
{ACAD_REACTORS
330
3B6
102
}
330
3B6
100
AcDbXrecord
 10
0.0
 20
0.0
 30
0.0
  0
XRECORD
  5
3D2
102
{ACAD_REACTORS
330
3B6
102
}
330
3B6
100
AcDbXrecord
 10
0.0
 20
0.0
 30
0.0
  0
XRECORD
  5
3CF
102
{ACAD_REACTORS
330
3B6
102
}
330
3B6
100
AcDbXrecord
 10
0.0
 20
0.0
 30
0.0
  0
XRECORD
  5
3CC
102
{ACAD_REACTORS
330
3B6
102
}
330
3B6
100
AcDbXrecord
340
0
  0
XRECORD
  5
3CD
102
{ACAD_REACTORS
330
3B6
102
}
330
3B6
100
AcDbXrecord
 70
     0
  0
XRECORD
  5
3C1
102
{ACAD_REACTORS
330
3B6
102
}
330
3B6
100
AcDbXrecord
  1
{FAEB1C32-E019-11D5-929B-00C0DF256EC4}
  0
DICTIONARYVAR
  5
3DD
102
{ACAD_REACTORS
330
3D6
102
}
330
3D6
100
DictionaryVariables
280
     0
  1
1:1
  0
DICTIONARYVAR
  5
3DB
102
{ACAD_REACTORS
330
3D6
102
}
330
3D6
100
DictionaryVariables
280
     0
  1
2
  0
DICTIONARYVAR
  5
3DC
102
{ACAD_REACTORS
330
3D6
102
}
330
3D6
100
DictionaryVariables
280
     0
  1
1
  0
DICTIONARYVAR
  5
3DE
102
{ACAD_REACTORS
330
3D6
102
}
330
3D6
100
DictionaryVariables
280
     0
  1
1
  0
DICTIONARY
  5
3E1
330
45
100
AcDbDictionary
280
     1
  3
ACAD_XREC_ROUNDTRIP
360
3E2
  0
DICTIONARY
  5
3DF
330
44
100
AcDbDictionary
280
     1
  3
ACAD_XREC_ROUNDTRIP
360
3E0
  0
DICTIONARY
  5
3E3
330
46
100
AcDbDictionary
280
     1
  3
ACAD_XREC_ROUNDTRIP
360
3E4
  0
XRECORD
  5
3E2
102
{ACAD_REACTORS
330
3E1
102
}
330
3E1
100
AcDbXrecord
102
MATERIAL
148
0.0
149
0.0
149
0.0
 93
        0
 94
      127
282
     0
 72
     1
 77
     1
171
     1
175
     1
179
     1
273
     0
  0
XRECORD
  5
3E0
102
{ACAD_REACTORS
330
3DF
102
}
330
3DF
100
AcDbXrecord
102
MATERIAL
148
0.0
149
0.0
149
0.0
 93
        0
 94
      127
282
     0
 72
     1
 77
     1
171
     1
175
     1
179
     1
273
     0
  0
XRECORD
  5
3E4
102
{ACAD_REACTORS
330
3E3
102
}
330
3E3
100
AcDbXrecord
102
MATERIAL
148
0.0
149
0.0
149
0.0
 93
        0
 94
      127
282
     0
 72
     1
 77
     1
171
     1
175
     1
179
     1
273
     0
  0
ENDSEC
  0
EOF
